I&r???bZ?r???bZ?r?????bZ?r???bZ?r???bj?r???bZ?r???bZ?r???bj?r???b?bZ?r???bZ?r???bj?r?????bZ?r???bj?r???bZ?r???bZ?r???bZ?r???bZ?r???b?bZ?r???bZ?r???bZ?r?????bZ?r???bZ?r???bj?r???bZ?r???bZ?r???bj?r???b?bZ?r???bj?r???bZ?r?????bj?r???bZ?r???bZ?r???bZ?r???bZ?r???bZ?r???b?bZ?r???bZ?r???bj?r???bj?r???DRV,21234,+0.0000,+0.0000,+0.0000,+0.0000,+0.0000,+0.0000,+0.000,+0.000,-0.00064,+0.0010,+0.0000,-0.041,2,1,+0.000,+0.008,-0.00027,+0.008,-0.007,-0.015,+0.000,-0.003,-0.025,2,+0.000,-0.013,+0.00011,-0.013,+0.003,+0.027,+0.000,-0.003,+0.026,2,+0.000,+0.000,+0.00011,+0.000,+0.003,+0.000,+0.000,-0.003,-0.000,2,+0.000,+0.000,+0.00011,+0.000,+0.003,-0.001,+0.000,-0.003,-0.001,2,+0.008,-0.013,-0.027,+0.026
DRV,21238,+0.0000,+0.0000,+0.0000,+0.0000,+0.0000,+0.0000,+0.000,+0.000,-0.00063,+0.0005,+0.0000,-0.019,2,1,+0.000,+0.000,-0.00035,+0.000,-0.009,+0.000,+0.000,-0.002,-0.010,2,+0.000,-0.005,+0.00042,-0.005,+0.010,+0.010,+0.000,-0.002,+0.019,2,+0.000,-0.015,+0.00003,-0.015,+0.001,+0.030,+0.000,-0.002,+0.029,2,+0.000,+0.002,+0.00003,+0.002,+0.001,-0.004,+0.000,-0.002,-0.005,2,+0.002,-0.020,-0.015,+0.048
DRV,21242,+0.0000,+0.0000,+0.0000,+0.0000,+0.0000,+0.0000,+0.000,+0.000,-0.00063,-0.0000,+0.0000,+0.002,2,1,+0.000,-0.014,-0.00016,-0.014,-0.004,+0.028,+0.000,+0.000,+0.024,2,+0.000,+0.000,+0.00022,+0.000,+0.006,+0.000,+0.000,+0.000,+0.006,2,+0.000,+0.000,+0.00022,+0.000,+0.006,+0.000,+0.000,+0.000,+0.006,2,+0.000,+0.000,-0.00016,+0.000,-0.004,+0.000,+0.000,+0.000,-0.004,2,-0.014,+0.000,+0.020,+0.012
DRV,21246,+0.0000,+0.0000,+0.0000,+0.0000,+0.0000,+0.0000,+0.000,+0.000,-0.00063,-0.0003,+0.0000,+0.013,2,1,+0.000,+0.000,-0.00008,+0.000,-0.002,+0.000,+0.000,+0.001,-0.001,2,+0.000,+0.010,-0.00008,+0.010,-0.002,-0.021,+0.000,+0.001,-0.022,2,+0.000,+0.008,+0.00030,+0.008,+0.008,-0.015,+0.000,+0.001,-0.007,2,+0.000,-0.007,-0.00008,-0.007,-0.002,+0.014,+0.000,+0.001,+0.013,2,-0.007,+0.018,+0.012,-0.029
DRV,21250,+0.0000,+0.0000,+0.0000,+0.0000,+0.0000,+0.0000,+0.000,+0.000,-0.00064,-0.0006,+0.0000,+0.023,2,1,+0.000,+0.010,-0.00038,+0.010,-0.010,-0.021,+0.000,+0.002,-0.029,2,+0.000,+0.002,-0.00000,+0.002,-0.000,-0.005,+0.000,+0.002,-0.003,2,+0.000,+0.012,+0.00000,+0.012,+0.000,-0.024,+0.000,+0.002,-0.022,2,+0.000,+0.000,+0.00038,+0.000,+0.010,+0.000,+0.000,+0.002,+0.011,0,+0.010,+0.014,-0.017,-0.025
DRV,21254,+0.0000,+0.0000,+0.0000,+0.0000,+0.0000,+0.0000,+0.000,+0.000,-0.00064,-0.0003,+0.0000,+0.013,2,1,+0.000,+0.000,-0.00027,+0.000,-0.007,+0.000,+0.000,+0.001,-0.006,2,+0.000,-0.010,+0.00011,-0.010,+0.003,+0.020,+0.000,+0.001,+0.024,2,+0.000,+0.000,+0.00011,+0.000,+0.003,+0.000,+0.000,+0.001,+0.004,0,+0.000,+0.015,+0.00011,+0.015,+0.003,-0.030,+0.000,+0.001,-0.026,0,+0.015,-0.010,-0.032,+0.028
DRV,21258,+0.0000,+0.0000,+0.0000,+0.0000,+0.0000,+0.0000,+0.000,+0.000,-0.00064,-0.0000,+0.0000,+0.002,2,1,+0.000,-0.007,+0.00000,-0.007,+0.000,+0.014,+0.000,+0.000,+0.014,2,+0.000,-0.010,+0.00000,-0.010,+0.000,+0.020,+0.000,+0.000,+0.020,2,+0.000,-0.003,+0.00000,-0.003,+0.000,+0.007,+0.000,+0.000,+0.007,0,+0.000,+0.011,+0.00000,+0.011,+0.000,-0.022,+0.000,+0.000,-0.022,2,+0.004,-0.013,-0.007,+0.027
DRV,21262,+0.0000,+0.0000,+0.0000,+0.0000,+0.0000,+0.0000,+0.000,+0.000,-0.00064,+0.0002,+0.0000,-0.009,2,1,+0.000,+0.000,+0.00011,+0.000,+0.003,+0.000,+0.000,-0.001,+0.002,0,+0.000,+0.000,+0.00011,+0.000,+0.003,+0.000,+0.000,-0.001,+0.002,0,+0.000,-0.004,+0.00011,-0.004,+0.003,+0.009,+0.000,-0.001,+0.011,2,+0.000,+0.000,-0.00027,+0.000,-0.007,+0.000,+0.000,-0.001,-0.007,2,+0.000,-0.004,-0.005,+0.013
DRV,21266,+0.0000,+0.0000,+0.0000,+0.0000,+0.0000,+0.0000,+0.000,+0.000,-0.00064,+0.0005,+0.0000,-0.019,2,1,+0.000,+0.013,-0.00027,+0.013,-0.007,-0.027,+0.000,-0.002,-0.035,0,+0.000,+0.007,+0.00011,+0.007,+0.003,-0.013,+0.000,-0.002,-0.012,0,+0.000,+0.000,+0.00011,+0.000,+0.003,+0.000,+0.000,-0.002,+0.001,2,+0.000,-0.019,+0.00011,-0.019,+0.003,+0.038,+0.000,-0.002,+0.039,2,-0.006,+0.007,+0.004,-0.011
DRV,21270,+0.0000,+0.0000,+0.0000,+0.0000,+0.0000,+0.0000,+0.000,+0.000,-0.00063,+0.0005,+0.0000,-0.019,2,1,+0.000,+0.003,-0.00038,+0.003,-0.010,-0.007,+0.000,-0.002,-0.018,0,+0.000,+0.000,+0.00000,+0.000,+0.000,+0.000,+0.000,-0.002,-0.002,2,+0.000,+0.005,+0.00000,+0.005,+0.000,-0.010,+0.000,-0.002,-0.012,2,+0.000,-0.008,+0.00038,-0.008,+0.010,+0.016,+0.000,-0.002,+0.024,2,-0.005,+0.005,+0.006,-0.014
DRV,21274,+0.0000,+0.0000,+0.0000,+0.0000,+0.0000,+0.0000,+0.000,+0.000,-0.00063,+0.0005,+0.0000,-0.019,2,1,+0.000,+0.000,-0.00030,+0.000,-0.008,+0.000,+0.000,-0.002,-0.009,2,+0.000,-0.008,+0.00008,-0.008,+0.002,+0.016,+0.000,-0.002,+0.017,2,+0.000,+0.002,-0.00030,+0.002,-0.008,-0.004,+0.000,-0.002,-0.013,2,+0.000,+0.000,+0.00046,+0.000,+0.012,+0.000,+0.000,-0.002,+0.010,2,+0.000,-0.006,+0.001,+0.004
DRV,21278,+0.0000,+0.0000,+0.0000,+0.0000,+0.0000,+0.0000,+0.000,+0.000,-0.00063,+0.0002,+0.0000,-0.009,2,1,+0.000,-0.010,+0.00000,-0.010,+0.000,+0.020,+0.000,-0.001,+0.019,2,+0.000,-0.005,+0.00000,-0.005,+0.000,+0.010,+0.000,-0.001,+0.009,2,+0.000,-0.012,+0.00000,-0.012,+0.000,+0.025,+0.000,-0.001,+0.024,2,+0.000,+0.018,+0.00000,+0.018,+0.000,-0.035,+0.000,-0.001,-0.036,2,+0.008,-0.017,-0.017,+0.033
DRV,21282,+0.0000,+0.0000,+0.0000,+0.0000,+0.0000,+0.0000,+0.000,+0.000,-0.00063,-0.0001,+0.0000,+0.002,2,1,+0.000,+0.000,-0.00016,+0.000,-0.004,+0.000,+0.000,+0.000,-0.004,2,+0.000,+0.000,+0.00022,+0.000,+0.006,+0.000,+0.000,+0.000,+0.006,2,+0.000,-0.011,+0.00022,-0.011,+0.006,+0.022,+0.000,+0.000,+0.028,2,+0.000,+0.005,-0.00016,+0.005,-0.004,-0.010,+0.000,+0.000,-0.013,2,+0.005,-0.011,-0.017,+0.033
DRV,21286,+0.0000,+0.0000,+0.0000,+0.0000,+0.0000,+0.0000,+0.000,+0.000,-0.00063,-0.0001,+0.0000,+0.002,2,1,+0.000,+0.005,-0.00008,+0.005,-0.002,-0.010,+0.000,+0.000,-0.011,2,+0.000,+0.011,-0.00008,+0.011,-0.002,-0.022,+0.000,+0.000,-0.024,2,+0.000,+0.000,+0.00030,+0.000,+0.008,+0.000,+0.000,+0.000,+0.008,2,+0.000,+0.000,-0.00008,+0.000,-0.002,+0.000,+0.000,+0.000,-0.002,2,+0.005,+0.011,-0.013,-0.016
DRV,21290,+0.0000,+0.0000,+0.0000,+0.0000,+0.0000,+0.0000,+0.000,+0.000,-0.00063,-0.0001,+0.0000,+0.002,2,1,+0.000,+0.000,-0.00027,+0.000,-0.007,+0.000,+0.000,+0.000,-0.007,2,+0.000,+0.000,+0.00011,+0.000,+0.003,+0.000,+0.000,+0.000,+0.003,2,+0.000,+0.012,+0.00011,+0.012,+0.003,-0.024,+0.000,+0.000,-0.021,2,+0.000,-0.013,+0.00011,-0.013,+0.003,+0.027,+0.000,+0.000,+0.030,0,-0.013,+0.012,+0.023,-0.018
DRV,21294,+0.0000,+0.0000,+0.0000,+0.0000,+0.0000,+0.0000,+0.000,+0.000,-0.00063,-0.0001,+0.0000,+0.002,2,1,+0.000,-0.007,-0.00003,-0.007,-0.001,+0.014,+0.000,+0.000,+0.014,2,+0.000,-0.009,-0.00003,-0.009,-0.001,+0.017,+0.000,+0.000,+0.017,2,+0.000,+0.014,-0.00042,+0.014,-0.010,-0.028,+0.000,+0.000,-0.038,0,+0.000,-0.002,+0.00035,-0.002,+0.009,+0.005,+0.000,+0.000,+0.014,0,-0.010,+0.005,+0.027,-0.021
DRV,21298,+0.0000,+0.0000,+0.0000,+0.0000,+0.0000,+0.0000,+0.000,+0.000,-0.00063,-0.0001,+0.0000,+0.002,2,1,+0.000,+0.000,-0.00003,+0.000,-0.001,+0.000,+0.000,+0.000,-0.001,2,+0.000,+0.000,-0.00003,+0.000,-0.001,+0.000,+0.000,+0.000,-0.001,0,+0.000,+0.000,-0.00042,+0.000,-0.010,+0.000,+0.000,+0.000,-0.010,2,+0.000,+0.000,+0.00035,+0.000,+0.009,+0.000,+0.000,+0.000,+0.009,2,+0.000,+0.000,+0.008,-0.011
DRV,21302,+0.0000,+0.0000,+0.0000,+0.0000,+0.0000,+0.0000,+0.000,+0.000,-0.00063,-0.0001,+0.0000,+0.002,2,1,+0.000,+0.009,+0.00000,+0.009,+0.000,-0.017,+0.000,+0.000,-0.017,0,+0.000,+0.000,+0.00000,+0.000,+0.000,+0.000,+0.000,+0.000,+0.000,0,+0.000,-0.016,+0.00000,-0.016,+0.000,+0.032,+0.000,+0.000,+0.033,2,+0.000,+0.013,+0.00000,+0.013,+0.000,-0.026,+0.000,+0.000,-0.026,2,+0.021,-0.016,-0.043,+0.033
DRV,21306,+0.0000,+0.0000,+0.0000,+0.0000,+0.0000,+0.0000,+0.000,+0.000,-0.00063,-0.0001,+0.0000,+0.002,2,1,+0.000,+0.000,-0.00024,+0.000,-0.006,+0.000,+0.000,+0.000,-0.006,0,+0.000,+0.000,+0.00015,+0.000,+0.004,+0.000,+0.000,+0.000,+0.004,2,+0.000,-0.015,+0.00053,-0.015,+0.013,+0.030,+0.000,+0.000,+0.043,2,+0.000,+0.003,-0.00024,+0.003,-0.006,-0.007,+0.000,+0.000,-0.012,2,+0.003,-0.015,-0.018,+0.047
DRV,21310,+0.0000,+0.0000,+0.0000,+0.0000,+0.0000,+0.0000,+0.000,+0.000,-0.00063,-0.0001,+0.0000,+0.002,2,1,+0.000,-0.003,-0.00024,-0.003,-0.006,+0.007,+0.000,+0.000,+0.001,2,+0.000,+0.005,+0.00015,+0.005,+0.004,-0.010,+0.000,+0.000,-0.007,2,+0.000,+0.000,+0.00053,+0.000,+0.013,+0.000,+0.000,+0.000,+0.013,2,+0.000,-0.003,-0.00024,-0.003,-0.006,+0.007,+0.000,+0.000,+0.001,2,-0.007,+0.005,+0.002,+0.007
DRV,21314,+0.0000,+0.0000,+0.0000,+0.0000,+0.0000,+0.0000,+0.000,+0.000,-0.00063,-0.0001,+0.0000,+0.002,2,1,+0.000,-0.000,-0.00008,-0.000,-0.002,+0.001,+0.000,+0.000,-0.001,2,+0.000,+0.000,-0.00008,+0.000,-0.002,+0.000,+0.000,+0.000,-0.002,2,+0.000,+0.012,+0.00030,+0.012,+0.008,-0.024,+0.000,+0.000,-0.016,2,+0.000,-0.007,-0.00008,-0.007,-0.002,+0.014,+0.000,+0.000,+0.012,2,-0.008,+0.012,+0.012,-0.018
DRV,21318,+0.0000,+0.0000,+0.0000,+0.0000,+0.0000,+0.0000,+0.000,+0.000,-0.00063,-0.0001,+0.0000,+0.002,2,1,+0.000,+0.000,-0.00011,+0.000,-0.003,-0.001,+0.000,+0.000,-0.004,2,+0.000,-0.013,-0.00011,-0.013,-0.003,+0.026,+0.000,+0.000,+0.023,2,+0.000,+0.017,-0.00011,+0.017,-0.003,-0.034,+0.000,+0.000,-0.037,2,+0.000,-0.000,+0.00027,-0.000,+0.007,+0.001,+0.000,+0.000,+0.008,2,+0.000,+0.004,+0.004,-0.014
DRV,21322,+0.0000,+0.0000,+0.0000,+0.0000,+0.0000,+0.0000,+0.000,+0.000,-0.00063,-0.0001,+0.0000,+0.002,2,1,+0.000,+0.006,-0.00027,+0.006,-0.007,-0.012,+0.000,+0.000,-0.019,2,+0.000,-0.002,+0.00050,-0.002,+0.012,+0.004,+0.000,+0.000,+0.016,2,+0.000,+0.000,-0.00027,+0.000,-0.007,+0.000,+0.000,+0.000,-0.007,2,+0.000,+0.013,+0.00011,+0.013,+0.003,-0.026,+0.000,+0.000,-0.023,2,+0.019,-0.002,-0.042,+0.010
DRV,21326,+0.0000,+0.0000,+0.0000,+0.0000,+0.0000,+0.0000,+0.000,+0.000,-0.00063,+0.0010,+0.0000,-0.041,2,1,+0.000,+0.000,-0.00035,+0.000,-0.009,+0.000,+0.000,-0.003,-0.012,2,+0.000,+0.006,+0.00042,+0.006,+0.010,-0.012,+0.000,-0.003,-0.005,2,+0.000,-0.019,+0.00003,-0.019,+0.001,+0.038,+0.000,-0.003,+0.036,2,+0.000,+0.007,+0.00003,+0.007,+0.001,-0.013,+0.000,-0.003,-0.016,0,+0.007,-0.013,-0.028,+0.030
DRV,21330,+0.0000,+0.0000,+0.0000,+0.0000,+0.0000,+0.0000,+0.000,+0.000,-0.00063,+0.0010,+0.0000,-0.040,2,1,+0.000,-0.003,+0.00003,-0.003,+0.001,+0.007,+0.000,-0.003,+0.004,2,+0.000,+0.002,+0.00003,+0.002,+0.001,-0.004,+0.000,-0.003,-0.006,2,+0.000,-0.008,+0.00042,-0.008,+0.010,+0.015,+0.000,-0.003,+0.022,0,+0.000,+0.000,-0.00035,+0.000,-0.009,+0.000,+0.000,-0.003,-0.012,0,-0.003,-0.006,-0.008,+0.016
DRV,21334,+0.0000,+0.0000,+0.0000,+0.0000,+0.0000,+0.0000,+0.000,+0.000,-0.00062,+0.0015,+0.0000,-0.062,2,1,+0.000,+0.000,-0.00008,+0.000,-0.002,+0.000,+0.000,-0.005,-0.007,2,+0.000,+0.000,-0.00008,+0.000,-0.002,+0.000,+0.000,-0.005,-0.007,0,+0.000,+0.000,+0.00030,+0.000,+0.008,+0.000,+0.000,-0.005,+0.003,0,+0.000,-0.011,-0.00008,-0.011,-0.002,+0.022,+0.000,-0.005,+0.015,2,-0.011,+0.000,+0.008,-0.004
DRV,21338,+0.0000,+0.0000,+0.0000,+0.0000,+0.0000,+0.0000,+0.000,+0.000,-0.00062,+0.0015,+0.0000,-0.062,2,1,+0.000,+0.001,-0.00019,+0.001,-0.005,-0.002,+0.000,-0.005,-0.012,0,+0.000,-0.010,-0.00019,-0.010,-0.005,+0.021,+0.000,-0.005,+0.011,0,+0.000,+0.010,+0.00019,+0.010,+0.005,-0.020,+0.000,-0.005,-0.020,2,+0.000,-0.010,+0.00019,-0.010,+0.005,+0.020,+0.000,-0.005,+0.020,2,-0.009,-0.000,+0.008,-0.009
DRV,21342,+0.0000,+0.0000,+0.0000,+0.0000,+0.0000,+0.0000,+0.000,+0.000,-0.00061,-0.0001,+0.0000,+0.002,2,1,+0.000,+0.000,-0.00019,+0.000,-0.005,+0.000,+0.000,+0.000,-0.005,0,+0.000,-0.005,+0.00019,-0.005,+0.005,+0.010,+0.000,+0.000,+0.015,2,+0.000,+0.014,-0.00019,+0.014,-0.005,-0.029,+0.000,+0.000,-0.033,2,+0.000,+0.000,+0.00019,+0.000,+0.005,+0.000,+0.000,+0.000,+0.005,2,+0.000,+0.010,+0.000,-0.019
DRV,21346,+0.0000,+0.0000,+0.0000,+0.0000,+0.0000,+0.0000,+0.000,+0.000,-0.00061,-0.0001,+0.0000,+0.002,2,1,+0.000,-0.003,+0.00000,-0.003,+0.000,+0.006,+0.000,+0.000,+0.006,2,+0.000,+0.000,+0.00038,+0.000,+0.010,-0.001,+0.000,+0.000,+0.009,2,+0.000,+0.000,-0.00038,+0.000,-0.010,+0.000,+0.000,+0.000,-0.009,2,+0.000,+0.021,+0.00000,+0.021,+0.000,-0.041,+0.000,+0.000,-0.041,2,+0.018,+0.000,-0.035,-0.001
DRV,21350,+0.0000,+0.0000,+0.0000,+0.0000,+0.0000,+0.0000,+0.000,+0.000,-0.00061,-0.0001,+0.0000,+0.002,2,1,+0.000,+0.000,+0.00011,+0.000,+0.003,+0.000,+0.000,+0.000,+0.003,2,+0.000,+0.012,+0.00011,+0.012,+0.003,-0.024,+0.000,+0.000,-0.021,2,+0.000,-0.019,+0.00011,-0.019,+0.003,+0.037,+0.000,+0.000,+0.040,2,+0.000,+0.012,-0.00027,+0.012,-0.007,-0.025,+0.000,+0.000,-0.031,2,+0.012,-0.007,-0.028,+0.019
DRV,21354,+0.0000,+0.0000,+0.0000,+0.0000,+0.0000,+0.0000,+0.000,+0.000,-0.00061,-0.0001,+0.0000,+0.002,2,1,+0.000,+0.009,-0.00024,+0.009,-0.006,-0.018,+0.000,+0.000,-0.024,2,+0.000,+0.000,+0.00015,+0.000,+0.004,+0.000,+0.000,+0.000,+0.004,2,+0.000,-0.004,+0.00053,-0.004,+0.013,+0.009,+0.000,+0.000,+0.022,2,+0.000,+0.000,-0.00024,+0.000,-0.006,+0.000,+0.000,+0.000,-0.006,2,+0.009,-0.004,-0.030,+0.026
DRV,21358,+0.0000,+0.0000,+0.0000,+0.0000,+0.0000,+0.0000,+0.000,+0.000,-0.00062,-0.0006,+0.0000,+0.024,2,1,+0.000,+0.004,-0.00035,+0.004,-0.009,-0.009,+0.000,+0.002,-0.015,2,+0.000,-0.010,+0.00003,-0.010,+0.001,+0.020,+0.000,+0.002,+0.023,2,+0.000,+0.000,+0.00042,+0.000,+0.010,+0.000,+0.000,+0.002,+0.012,2,+0.000,-0.015,+0.00003,-0.015,+0.001,+0.031,+0.000,+0.002,+0.033,2,-0.011,-0.010,+0.018,+0.035
DRV,21362,+0.0000,+0.0000,+0.0000,+0.0000,+0.0000,+0.0000,+0.000,+0.000,-0.00062,-0.0006,+0.0000,+0.024,2,1,+0.000,-0.005,-0.00046,-0.005,-0.012,+0.010,+0.000,+0.002,-0.000,2,+0.000,-0.006,-0.00008,-0.006,-0.002,+0.012,+0.000,+0.002,+0.012,2,+0.000,+0.012,+0.00030,+0.012,+0.008,-0.025,+0.000,+0.002,-0.015,2,+0.000,-0.000,+0.00030,-0.000,+0.008,+0.001,+0.000,+0.002,+0.010,0,-0.005,+0.006,+0.010,-0.003
DRV,21366,+0.0000,+0.0000,+0.0000,+0.0000,+0.0000,+0.0000,+0.000,+0.000,-0.00062,+0.0010,+0.0000,-0.040,2,1,+0.000,-0.011,-0.00011,-0.011,-0.003,+0.023,+0.000,-0.003,+0.017,2,+0.000,+0.000,-0.00011,+0.000,-0.003,+0.000,+0.000,-0.003,-0.006,2,+0.000,+0.011,-0.00011,+0.011,-0.003,-0.022,+0.000,-0.003,-0.028,0,+0.000,+0.002,+0.00027,+0.002,+0.007,-0.005,+0.000,-0.003,-0.001,0,-0.009,+0.011,+0.016,-0.034
DRV,21370,+0.0000,+0.0000,+0.0000,+0.0000,+0.0000,+0.0000,+0.000,+0.000,-0.00061,+0.0010,+0.0000,-0.040,2,1,+0.000,+0.000,+0.00008,+0.000,+0.002,+0.000,+0.000,-0.003,-0.001,2,+0.000,+0.000,+0.00008,+0.000,+0.002,+0.000,+0.000,-0.003,-0.001,0,+0.000,+0.000,-0.00030,+0.000,-0.008,+0.000,+0.000,-0.003,-0.011,0,+0.000,+0.012,+0.00008,+0.012,+0.002,-0.025,+0.000,-0.003,-0.026,2,+0.012,+0.000,-0.027,-0.012
DRV,21374,+0.0000,+0.0000,+0.0000,+0.0000,+0.0000,+0.0000,+0.000,+0.000,-0.00061,-0.0001,+0.0000,+0.002,2,1,+0.000,+0.000,-0.00027,+0.000,-0.007,-0.001,+0.000,+0.000,-0.008,0,+0.000,+0.000,+0.00011,+0.000,+0.003,+0.000,+0.000,+0.000,+0.003,0,+0.000,-0.012,+0.00011,-0.012,+0.003,+0.025,+0.000,+0.000,+0.028,2,+0.000,+0.000,+0.00011,+0.000,+0.003,+0.000,+0.000,+0.000,+0.003,2,+0.000,-0.012,-0.005,+0.031
DRV,21378,+0.0000,+0.0000,+0.0000,+0.0000,+0.0000,+0.0000,+0.000,+0.000,-0.00061,-0.0001,+0.0000,+0.002,2,1,+0.000,+0.000,-0.00035,+0.000,-0.009,+0.000,+0.000,+0.000,-0.009,0,+0.000,+0.000,+0.00003,+0.000,+0.001,+0.000,+0.000,+0.000,+0.001,2,+0.000,-0.010,+0.00042,-0.010,+0.010,+0.021,+0.000,+0.000,+0.032,2,+0.000,-0.001,+0.00003,-0.001,+0.001,+0.003,+0.000,+0.000,+0.004,2,-0.001,-0.010,-0.005,+0.033
DRV,21382,+0.0000,+0.0000,+0.0000,+0.0000,+0.0000,+0.0000,+0.000,+0.000,-0.00061,+0.0005,+0.0000,-0.019,2,1,+0.000,-0.009,-0.00008,-0.009,-0.002,+0.018,+0.000,-0.002,+0.015,0,+0.000,+0.007,-0.00008,+0.007,-0.002,-0.014,+0.000,-0.002,-0.018,2,+0.000,-0.001,+0.00030,-0.001,+0.008,+0.002,+0.000,-0.002,+0.008,2,+0.000,-0.000,-0.00008,-0.000,-0.002,+0.001,+0.000,-0.002,-0.003,2,-0.010,+0.006,+0.012,-0.010
DRV,21386,+0.0000,+0.0000,+0.0000,+0.0000,+0.0000,+0.0000,+0.000,+0.000,-0.00061,+0.0005,+0.0000,-0.019,2,1,+0.000,-0.002,-0.00008,-0.002,-0.002,+0.004,+0.000,-0.002,+0.000,2,+0.000,+0.005,-0.00008,+0.005,-0.002,-0.010,+0.000,-0.002,-0.014,2,+0.000,+0.015,+0.00030,+0.015,+0.008,-0.030,+0.000,-0.002,-0.023,2,+0.000,+0.000,-0.00008,+0.000,-0.002,+0.000,+0.000,-0.002,-0.003,2,-0.002,+0.020,-0.003,-0.037
DRV,21390,+0.0000,+0.0000,+0.0000,+0.0000,+0.0000,+0.0000,+0.000,+0.000,-0.00061,-0.0001,+0.0000,+0.003,2,1,+0.000,+0.012,+0.00000,+0.012,+0.000,-0.025,+0.000,+0.000,-0.025,2,+0.000,+0.000,+0.00000,+0.000,+0.000,+0.000,+0.000,+0.000,+0.000,2,+0.000,+0.013,+0.00000,+0.013,+0.000,-0.027,+0.000,+0.000,-0.026,2,+0.000,+0.000,+0.00000,+0.000,+0.000,+0.000,+0.000,+0.000,+0.000,2,+0.012,+0.013,-0.024,-0.026
DRV,21394,+0.0000,+0.0000,+0.0000,+0.0000,+0.0000,+0.0000,+0.000,+0.000,-0.00061,-0.0001,+0.0000,+0.003,2,1,+0.000,+0.003,-0.00027,+0.003,-0.007,-0.006,+0.000,+0.000,-0.012,2,+0.000,-0.008,+0.00011,-0.008,+0.003,+0.016,+0.000,+0.000,+0.019,2,+0.000,+0.001,+0.00011,+0.001,+0.003,-0.003,+0.000,+0.000,+0.000,2,+0.000,-0.005,+0.00011,-0.005,+0.003,+0.010,+0.000,+0.000,+0.013,2,-0.002,-0.007,+0.000,+0.019
DRV,21398,+0.0000,+0.0000,+0.0000,+0.0000,+0.0000,+0.0000,+0.000,+0.000,-0.00061,+0.0005,+0.0000,-0.019,2,1,+0.000,-0.007,-0.00035,-0.007,-0.009,+0.013,+0.000,-0.002,+0.003,2,+0.000,+0.000,+0.00042,+0.000,+0.010,+0.000,+0.000,-0.002,+0.009,2,+0.000,+0.000,+0.00003,+0.000,+0.001,+0.000,+0.000,-0.002,-0.001,2,+0.000,+0.000,+0.00003,+0.000,+0.001,+0.000,+0.000,-0.002,-0.001,0,-0.007,+0.000,+0.002,+0.008
DRV,21402,+0.0000,+0.0000,+0.0000,+0.0000,+0.0000,+0.0000,+0.000,+0.000,-0.00061,+0.0005,+0.0000,-0.019,2,1,+0.000,-0.001,+0.00000,-0.001,+0.000,+0.002,+0.000,-0.001,+0.000,2,+0.000,+0.016,+0.00000,+0.016,+0.000,-0.032,+0.000,-0.001,-0.034,2,+0.000,-0.007,+0.00000,-0.007,+0.000,+0.014,+0.000,-0.001,+0.013,2,+0.000,+0.003,+0.00000,+0.003,+0.000,-0.006,+0.000,-0.001,-0.007,0,+0.002,+0.009,-0.007,-0.021
DRV,21406,+0.0000,+0.0000,+0.0000,+0.0000,+0.0000,+0.0000,+0.000,+0.000,-0.00061,-0.0011,+0.0000,+0.045,2,1,+0.000,+0.000,+0.00000,+0.000,+0.000,+0.000,+0.000,+0.004,+0.004,2,+0.000,+0.007,+0.00000,+0.007,+0.000,-0.014,+0.000,+0.004,-0.011,0,+0.000,+0.000,+0.00000,+0.000,+0.000,+0.000,+0.000,+0.004,+0.004,0,+0.000,+0.000,+0.00000,+0.000,+0.000,+0.000,+0.000,+0.004,+0.004,0,+0.000,+0.007,+0.007,-0.007
DRV,21410,+0.0000,+0.0000,+0.0000,+0.0000,+0.0000,+0.0000,+0.000,+0.000,-0.00061,-0.0011,+0.0000,+0.045,2,1,+0.000,+0.011,-0.00027,+0.011,-0.007,-0.023,+0.000,+0.004,-0.026,2,+0.000,+0.000,+0.00011,+0.000,+0.003,+0.000,+0.000,+0.004,+0.006,0,+0.000,+0.000,+0.00011,+0.000,+0.003,+0.000,+0.000,+0.004,+0.006,0,+0.000,-0.006,+0.00011,-0.006,+0.003,+0.011,+0.000,+0.004,+0.018,2,+0.006,+0.000,-0.008,+0.013
DRV,21414,+0.0000,+0.0000,+0.0000,+0.0000,+0.0000,+0.0000,+0.000,+0.000,-0.00061,+0.0010,+0.0000,-0.040,2,1,+0.000,+0.000,-0.00027,+0.000,-0.007,+0.000,+0.000,-0.003,-0.010,0,+0.000,-0.007,+0.00011,-0.007,+0.003,+0.013,+0.000,-0.003,+0.013,0,+0.000,+0.006,+0.00011,+0.006,+0.003,-0.012,+0.000,-0.003,-0.013,2,+0.000,+0.000,+0.00011,+0.000,+0.003,+0.000,+0.000,-0.003,-0.000,2,+0.000,-0.000,-0.010,+0.000
DRV,21418,+0.0000,+0.0000,+0.0000,+0.0000,+0.0000,+0.0000,+0.000,+0.000,-0.00061,+0.0010,+0.0000,-0.040,2,1,+0.000,-0.010,-0.00019,-0.010,-0.005,+0.021,+0.000,-0.003,+0.013,0,+0.000,-0.005,+0.00019,-0.005,+0.005,+0.010,+0.000,-0.003,+0.012,2,+0.000,+0.000,-0.00019,+0.000,-0.005,+0.000,+0.000,-0.003,-0.008,2,+0.000,+0.003,+0.00019,+0.003,+0.005,-0.007,+0.000,-0.003,-0.005,2,-0.007,-0.005,+0.008,+0.004
DRV,21422,+0.0000,+0.0000,+0.0000,+0.0000,+0.0000,+0.0000,+0.000,+0.000,-0.00061,-0.0001,+0.0000,+0.003,2,1,+0.000,+0.000,+0.00008,+0.000,+0.002,+0.000,+0.000,+0.000,+0.002,2,+0.000,+0.000,+0.00008,+0.000,+0.002,+0.000,+0.000,+0.000,+0.002,2,+0.000,-0.010,-0.00030,-0.010,-0.008,+0.020,+0.000,+0.000,+0.013,2,+0.000,+0.000,+0.00008,+0.000,+0.002,+0.000,+0.000,+0.000,+0.002,2,+0.000,-0.010,+0.004,+0.015
DRV,21426,+0.0000,+0.0000,+0.0000,+0.0000,+0.0000,+0.0000,+0.000,+0.000,-0.00061,-0.0001,+0.0000,+0.003,2,1,+0.000,+0.008,-0.00027,+0.008,-0.007,-0.015,+0.000,+0.000,-0.022,2,+0.000,+0.011,+0.00011,+0.011,+0.003,-0.023,+0.000,+0.000,-0.020,2,+0.000,-0.014,+0.00011,-0.014,+0.003,+0.028,+0.000,+0.000,+0.031,2,+0.000,-0.001,+0.00011,-0.001,+0.003,+0.003,+0.000,+0.000,+0.006,2,+0.006,-0.002,-0.016,+0.011
DRV,21430,+0.0000,+0.0000,+0.0000,+0.0000,+0.0000,+0.0000,+0.000,+0.000,-0.00060,+0.0005,+0.0000,-0.019,2,1,+0.000,+0.006,-0.00035,+0.006,-0.009,-0.011,+0.000,-0.001,-0.022,2,+0.000,+0.000,+0.00003,+0.000,+0.001,+0.000,+0.000,-0.001,-0.001,2,+0.000,+0.000,+0.00042,+0.000,+0.010,+0.000,+0.000,-0.001,+0.009,2,+0.000,+0.000,+0.00003,+0.000,+0.001,+0.000,+0.000,-0.001,-0.001,2,+0.006,+0.000,-0.022,+0.008
DRV,21434,+0.0000,+0.0000,+0.0000,+0.0000,+0.0000,+0.0000,+0.000,+0.000,-0.00060,+0.0005,+0.0000,-0.019,2,1,+0.000,-0.004,-0.00035,-0.004,-0.009,+0.009,+0.000,-0.001,-0.002,2,+0.000,-0.014,+0.00003,-0.014,+0.001,+0.028,+0.000,-0.001,+0.027,2,+0.000,+0.006,+0.00042,+0.006,+0.010,-0.011,+0.000,-0.001,-0.003,2,+0.000,+0.002,+0.00003,+0.002,+0.001,-0.004,+0.000,-0.001,-0.004,2,-0.002,-0.008,-0.006,+0.024
DRV,21438,+0.0000,+0.0000,+0.0000,+0.0000,+0.0000,+0.0000,+0.000,+0.000,-0.00060,-0.0001,+0.0000,+0.003,2,1,+0.000,-0.010,-0.00008,-0.010,-0.002,+0.021,+0.000,+0.000,+0.019,2,+0.000,-0.002,+0.00030,-0.002,+0.008,+0.004,+0.000,+0.000,+0.012,2,+0.000,+0.008,-0.00008,+0.008,-0.002,-0.015,+0.000,+0.000,-0.017,2,+0.000,+0.000,-0.00008,+0.000,-0.002,+0.000,+0.000,+0.000,-0.002,0,-0.010,+0.006,+0.017,-0.005
DRV,21442,+0.0000,+0.0000,+0.0000,+0.0000,+0.0000,+0.0000,+0.000,+0.000,-0.00060,-0.0001,+0.0000,+0.003,2,1,+0.000,+0.000,-0.00008,+0.000,-0.002,+0.000,+0.000,+0.000,-0.002,2,+0.000,+0.001,+0.00030,+0.001,+0.008,-0.002,+0.000,+0.000,+0.006,2,+0.000,+0.000,-0.00008,+0.000,-0.002,+0.000,+0.000,+0.000,-0.002,0,+0.000,-0.010,-0.00008,-0.010,-0.002,+0.019,+0.000,+0.000,+0.017,0,-0.010,+0.001,+0.016,+0.004
DRV,21446,+0.0000,+0.0000,+0.0000,+0.0000,+0.0000,+0.0000,+0.000,+0.000,-0.00060,+0.0005,+0.0000,-0.019,2,1,+0.000,+0.000,-0.00011,+0.000,-0.003,-0.001,+0.000,-0.001,-0.005,2,+0.000,+0.008,-0.00011,+0.008,-0.003,-0.015,+0.000,-0.001,-0.020,0,+0.000,-0.010,-0.00011,-0.010,-0.003,+0.020,+0.000,-0.001,+0.016,0,+0.000,-0.002,+0.00027,-0.002,+0.007,+0.004,+0.000,-0.001,+0.009,2,-0.001,-0.002,+0.004,-0.004
DRV,21450,+0.0000,+0.0000,+0.0000,+0.0000,+0.0000,+0.0000,+0.000,+0.000,-0.00060,+0.0005,+0.0000,-0.019,2,1,+0.000,+0.000,+0.00000,+0.000,+0.000,+0.000,+0.000,-0.001,-0.001,0,+0.000,+0.000,+0.00000,+0.000,+0.000,+0.000,+0.000,-0.001,-0.001,0,+0.000,-0.010,+0.00000,-0.010,+0.000,+0.020,+0.000,-0.001,+0.019,2,+0.000,+0.003,+0.00000,+0.003,+0.000,-0.007,+0.000,-0.001,-0.008,2,+0.003,-0.010,-0.010,+0.017
DRV,21454,+0.0000,+0.0000,+0.0000,+0.0000,+0.0000,+0.0000,+0.000,+0.000,-0.00060,-0.0011,+0.0000,+0.045,2,1,+0.000,-0.003,+0.00000,-0.003,+0.000,+0.006,+0.000,+0.004,+0.009,0,+0.000,-0.011,+0.00000,-0.011,+0.000,+0.022,+0.000,+0.004,+0.026,2,+0.000,+0.000,+0.00000,+0.000,+0.000,+0.000,+0.000,+0.004,+0.004,2,+0.000,+0.010,+0.00000,+0.010,+0.000,-0.021,+0.000,+0.004,-0.017,2,+0.008,-0.011,-0.008,+0.029
DRV,21458,+0.0000,+0.0000,+0.0000,+0.0000,+0.0000,+0.0000,+0.000,+0.000,-0.00061,-0.0011,+0.0000,+0.045,2,1,+0.000,+0.000,+0.00003,+0.000,+0.001,+0.000,+0.000,+0.004,+0.004,2,+0.000,-0.006,+0.00042,-0.006,+0.010,+0.011,+0.000,+0.004,+0.025,2,+0.000,+0.008,+0.00003,+0.008,+0.001,-0.015,+0.000,+0.004,-0.011,2,+0.000,+0.000,-0.00035,+0.000,-0.009,+0.000,+0.000,+0.004,-0.005,2,+0.000,+0.002,-0.001,+0.015
DRV,21462,+0.0000,+0.0000,+0.0000,+0.0000,+0.0000,+0.0000,+0.000,+0.000,-0.00061,-0.0001,+0.0000,+0.003,2,1,+0.000,+0.008,-0.00027,+0.008,-0.007,-0.015,+0.000,+0.000,-0.022,2,+0.000,+0.000,+0.00050,+0.000,+0.012,+0.000,+0.000,+0.000,+0.013,2,+0.000,+0.007,-0.00027,+0.007,-0.007,-0.014,+0.000,+0.000,-0.021,2,+0.000,-0.014,+0.00011,-0.014,+0.003,+0.029,+0.000,+0.000,+0.032,2,-0.007,+0.007,+0.010,-0.008
DRV,21466,+0.0000,+0.0000,+0.0000,+0.0000,+0.0000,+0.0000,+0.000,+0.000,-0.00061,-0.0001,+0.0000,+0.003,2,1,+0.000,+0.000,-0.00038,+0.000,-0.010,+0.000,+0.000,+0.000,-0.009,2,+0.000,+0.012,+0.00000,+0.012,+0.000,-0.024,+0.000,+0.000,-0.024,2,+0.000,-0.010,+0.00000,-0.010,+0.000,+0.020,+0.000,+0.000,+0.020,2,+0.000,-0.016,+0.00038,-0.016,+0.010,+0.032,+0.000,+0.000,+0.042,2,-0.016,+0.002,+0.033,-0.003
DRV,21470,+0.0000,+0.0000,+0.0000,+0.0000,+0.0000,+0.0000,+0.000,+0.000,-0.00061,-0.0006,+0.0000,+0.024,2,1,+0.000,-0.006,-0.00030,-0.006,-0.008,+0.011,+0.000,+0.002,+0.006,2,+0.000,+0.003,-0.00030,+0.003,-0.008,-0.006,+0.000,+0.002,-0.011,2,+0.000,-0.014,+0.00008,-0.014,+0.002,+0.028,+0.000,+0.002,+0.032,2,+0.000,+0.000,+0.00046,+0.000,+0.012,+0.000,+0.000,+0.002,+0.013,2,-0.006,-0.011,+0.019,+0.020
DRV,21474,+0.0000,+0.0000,+0.0000,+0.0000,+0.0000,+0.0000,+0.000,+0.000,-0.00061,-0.0006,+0.0000,+0.024,2,1,+0.000,+0.000,+0.00000,+0.000,+0.000,+0.000,+0.000,+0.002,+0.002,2,+0.000,-0.001,-0.00038,-0.001,-0.010,+0.003,+0.000,+0.002,-0.005,2,+0.000,+0.000,+0.00038,+0.000,+0.010,+0.000,+0.000,+0.002,+0.011,2,+0.000,+0.011,+0.00000,+0.011,+0.000,-0.023,+0.000,+0.002,-0.021,0,+0.011,-0.001,-0.019,+0.007
DRV,21478,+0.0000,+0.0000,+0.0000,+0.0000,+0.0000,+0.0000,+0.000,+0.000,-0.00061,+0.0010,+0.0000,-0.040,2,1,+0.000,+0.010,+0.00000,+0.010,+0.000,-0.019,+0.000,-0.003,-0.022,2,+0.000,-0.014,+0.00000,-0.014,+0.000,+0.029,+0.000,-0.003,+0.025,2,+0.000,+0.007,+0.00000,+0.007,+0.000,-0.013,+0.000,-0.003,-0.017,0,+0.000,+0.007,+0.00000,+0.007,+0.000,-0.013,+0.000,-0.003,-0.017,0,+0.016,-0.008,-0.039,+0.009
DRV,21482,+0.0000,+0.0000,+0.0000,+0.0000,+0.0000,+0.0000,+0.000,+0.000,-0.00061,+0.0010,+0.0000,-0.040,2,1,+0.000,+0.000,-0.00035,+0.000,-0.009,+0.000,+0.000,-0.003,-0.012,2,+0.000,-0.002,+0.00042,-0.002,+0.010,+0.005,+0.000,-0.003,+0.012,0,+0.000,+0.010,+0.00003,+0.010,+0.001,-0.019,+0.000,-0.003,-0.021,0,+0.000,+0.000,+0.00003,+0.000,+0.001,+0.000,+0.000,-0.003,-0.002,0,+0.000,+0.007,-0.014,-0.009
DRV,21486,+0.0000,+0.0000,+0.0000,+0.0000,+0.0000,+0.0000,+0.000,+0.000,-0.00061,-0.0006,+0.0000,+0.024,2,1,+0.000,-0.006,-0.00027,-0.006,-0.007,+0.012,+0.000,+0.002,+0.008,0,+0.000,+0.015,+0.00050,+0.015,+0.012,-0.030,+0.000,+0.002,-0.015,0,+0.000,+0.000,-0.00027,+0.000,-0.007,+0.000,+0.000,+0.002,-0.005,2,+0.000,-0.015,+0.00011,-0.015,+0.003,+0.030,+0.000,+0.002,+0.034,2,-0.021,+0.015,+0.042,-0.020
DRV,21490,+0.0000,+0.0000,+0.0000,+0.0000,+0.0000,+0.0000,+0.000,+0.000,-0.00061,-0.0006,+0.0000,+0.024,2,1,+0.000,+0.000,-0.00011,+0.000,-0.003,+0.000,+0.000,+0.002,-0.001,0,+0.000,+0.015,-0.00011,+0.015,-0.003,-0.030,+0.000,+0.002,-0.030,2,+0.000,-0.006,-0.00011,-0.006,-0.003,+0.011,+0.000,+0.002,+0.011,2,+0.000,-0.004,+0.00027,-0.004,+0.007,+0.008,+0.000,+0.002,+0.016,2,-0.004,+0.009,+0.015,-0.020
DRV,21494,+0.0000,+0.0000,+0.0000,+0.0000,+0.0000,+0.0000,+0.000,+0.000,-0.00061,-0.0001,+0.0000,+0.002,2,1,+0.000,+0.000,-0.00019,+0.000,-0.005,+0.000,+0.000,+0.000,-0.005,2,+0.000,+0.001,-0.00019,+0.001,-0.005,-0.003,+0.000,+0.000,-0.007,2,+0.000,-0.018,+0.00019,-0.018,+0.005,+0.036,+0.000,+0.000,+0.041,2,+0.000,+0.000,+0.00019,+0.000,+0.005,+0.000,+0.000,+0.000,+0.005,2,+0.000,-0.017,+0.000,+0.034
DRV,21498,+0.0000,+0.0000,+0.0000,+0.0000,+0.0000,+0.0000,+0.000,+0.000,-0.00061,-0.0001,+0.0000,+0.002,2,1,+0.000,+0.000,-0.00008,+0.000,-0.002,+0.000,+0.000,+0.000,-0.002,2,+0.000,-0.015,-0.00008,-0.015,-0.002,+0.031,+0.000,+0.000,+0.029,2,+0.000,+0.000,+0.00030,+0.000,+0.008,+0.000,+0.000,+0.000,+0.008,2,+0.000,+0.017,-0.00008,+0.017,-0.002,-0.033,+0.000,+0.000,-0.035,2,+0.017,-0.015,-0.037,+0.037
DRV,21502,+0.0000,+0.0000,+0.0000,+0.0000,+0.0000,+0.0000,+0.000,+0.000,-0.00061,-0.0006,+0.0000,+0.024,2,1,+0.000,+0.000,-0.00005,+0.000,-0.001,+0.000,+0.000,+0.002,+0.001,2,+0.000,-0.011,+0.00034,-0.011,+0.008,+0.022,+0.000,+0.002,+0.032,2,+0.000,+0.012,+0.00034,+0.012,+0.008,-0.024,+0.000,+0.002,-0.014,2,+0.000,+0.003,-0.00043,+0.003,-0.011,-0.007,+0.000,+0.002,-0.016,2,+0.003,+0.001,-0.015,+0.019
DRV,21506,+0.0000,+0.0000,+0.0000,+0.0000,+0.0000,+0.0000,+0.000,+0.000,-0.00061,+0.0005,+0.0000,-0.019,2,1,+0.000,+0.000,+0.00003,+0.000,+0.001,+0.000,+0.000,-0.002,-0.001,2,+0.000,+0.000,+0.00042,+0.000,+0.010,+0.000,+0.000,-0.002,+0.009,2,+0.000,+0.011,+0.00003,+0.011,+0.001,-0.022,+0.000,-0.002,-0.023,2,+0.000,-0.007,-0.00035,-0.007,-0.009,+0.014,+0.000,-0.002,+0.004,2,-0.007,+0.011,+0.003,-0.014
DRV,21510,+0.0000,+0.0000,+0.0000,+0.0000,+0.0000,+0.0000,+0.000,+0.000,-0.00061,+0.0015,+0.0000,-0.061,2,1,+0.000,+0.004,-0.00019,+0.004,-0.005,-0.008,+0.000,-0.005,-0.017,2,+0.000,+0.018,+0.00019,+0.018,+0.005,-0.036,+0.000,-0.005,-0.036,2,+0.000,+0.000,-0.00019,+0.000,-0.005,+0.000,+0.000,-0.005,-0.010,2,+0.000,-0.007,+0.00019,-0.007,+0.005,+0.013,+0.000,-0.005,+0.013,0,-0.003,+0.018,-0.004,-0.046
DRV,21514,+0.0000,+0.0000,+0.0000,+0.0000,+0.0000,+0.0000,+0.000,+0.000,-0.00060,+0.0002,+0.0000,-0.008,2,1,+0.000,+0.000,-0.00038,+0.000,-0.010,+0.000,+0.000,-0.001,-0.010,2,+0.000,+0.002,+0.00000,+0.002,+0.000,-0.004,+0.000,-0.001,-0.004,2,+0.000,-0.019,-0.00000,-0.019,-0.000,+0.037,+0.000,-0.001,+0.037,2,+0.000,+0.000,+0.00038,+0.000,+0.010,+0.000,+0.000,-0.001,+0.009,0,+0.000,-0.017,-0.001,+0.032
DRV,21518,+0.0000,+0.0000,+0.0000,+0.0000,+0.0000,+0.0000,+0.000,+0.000,-0.00061,-0.0011,+0.0000,+0.045,2,1,+0.000,-0.004,-0.00008,-0.004,-0.002,+0.008,+0.000,+0.004,+0.009,2,+0.000,-0.001,-0.00008,-0.001,-0.002,+0.002,+0.000,+0.004,+0.004,0,+0.000,-0.006,+0.00030,-0.006,+0.008,+0.011,+0.000,+0.004,+0.023,0,+0.000,+0.010,-0.00008,+0.010,-0.002,-0.020,+0.000,+0.004,-0.018,2,+0.006,-0.007,-0.009,+0.026
DRV,21522,+0.0000,+0.0000,+0.0000,+0.0000,+0.0000,+0.0000,+0.000,+0.000,-0.00061,-0.0003,+0.0000,+0.013,2,1,+0.000,+0.000,-0.00008,+0.000,-0.002,+0.000,+0.000,+0.001,-0.001,2,+0.000,-0.006,-0.00008,-0.006,-0.002,+0.011,+0.000,+0.001,+0.011,0,+0.000,+0.000,+0.00030,+0.000,+0.008,+0.000,+0.000,+0.001,+0.009,2,+0.000,+0.008,-0.00008,+0.008,-0.002,-0.015,+0.000,+0.001,-0.016,2,+0.008,-0.006,-0.017,+0.019
DRV,21526,+0.0000,+0.0000,+0.0000,+0.0000,+0.0000,+0.0000,+0.000,+0.000,-0.00061,+0.0005,+0.0000,-0.019,2,1,+0.000,+0.000,-0.00016,+0.000,-0.004,-0.001,+0.000,-0.002,-0.006,0,+0.000,-0.001,+0.00023,-0.001,+0.006,+0.002,+0.000,-0.002,+0.006,0,+0.000,+0.009,+0.00022,+0.009,+0.006,-0.018,+0.000,-0.002,-0.014,2,+0.000,+0.000,-0.00016,+0.000,-0.004,+0.000,+0.000,-0.002,-0.005,2,+0.000,+0.008,-0.012,-0.008
DRV,21530,+0.0000,+0.0000,+0.0000,+0.0000,+0.0000,+0.0000,+0.000,+0.000,-0.00061,+0.0002,+0.0000,-0.008,2,1,+0.000,+0.000,-0.00019,+0.000,-0.005,+0.000,+0.000,-0.001,-0.005,0,+0.000,+0.008,+0.00019,+0.008,+0.005,-0.015,+0.000,-0.001,-0.011,2,+0.000,+0.015,-0.00019,+0.015,-0.005,-0.030,+0.000,-0.001,-0.035,2,+0.000,-0.014,+0.00019,-0.014,+0.005,+0.029,+0.000,-0.001,+0.033,2,-0.014,+0.022,+0.027,-0.046
DRV,21534,+0.0000,+0.0000,+0.0000,+0.0000,+0.0000,+0.0000,+0.000,+0.000,-0.00061,-0.0001,+0.0000,+0.003,2,1,+0.000,-0.011,-0.00003,-0.011,-0.001,+0.023,+0.000,+0.000,+0.022,2,+0.000,+0.005,-0.00003,+0.005,-0.001,-0.010,+0.000,+0.000,-0.010,2,+0.000,+0.000,-0.00042,+0.000,-0.010,+0.000,+0.000,+0.000,-0.010,2,+0.000,-0.003,+0.00035,-0.003,+0.009,+0.007,+0.000,+0.000,+0.016,2,-0.015,+0.005,+0.038,-0.020
DRV,21538,+0.0000,+0.0000,+0.0000,+0.0000,+0.0000,+0.0000,+0.000,+0.000,-0.00061,+0.0007,+0.0000,-0.029,2,1,+0.000,+0.000,-0.00011,+0.000,-0.003,+0.000,+0.000,-0.002,-0.005,2,+0.000,+0.000,-0.00011,+0.000,-0.003,+0.000,+0.000,-0.002,-0.005,2,+0.000,-0.015,-0.00011,-0.015,-0.003,+0.031,+0.000,-0.002,+0.025,2,+0.000,+0.000,+0.00027,+0.000,+0.007,+0.000,+0.000,-0.002,+0.004,2,+0.000,-0.015,-0.001,+0.020
DRV,21542,+0.0000,+0.0000,+0.0000,+0.0000,+0.0000,+0.0000,+0.000,+0.000,-0.00060,+0.0015,+0.0000,-0.061,2,1,+0.000,+0.008,-0.00035,+0.008,-0.009,-0.016,+0.000,-0.005,-0.030,2,+0.000,-0.014,+0.00042,-0.014,+0.010,+0.028,+0.000,-0.005,+0.033,2,+0.000,-0.004,+0.00003,-0.004,+0.001,+0.008,+0.000,-0.005,+0.004,2,+0.000,+0.020,+0.00003,+0.020,+0.001,-0.039,+0.000,-0.005,-0.043,2,+0.028,-0.018,-0.073,+0.037
DRV,21546,+0.0000,+0.0000,+0.0000,+0.0000,+0.0000,+0.0000,+0.000,+0.000,-0.00060,+0.0007,+0.0000,-0.029,2,1,+0.000,+0.000,-0.00032,+0.000,-0.008,+0.000,+0.000,-0.002,-0.010,2,+0.000,-0.003,+0.00045,-0.003,+0.011,+0.006,+0.000,-0.002,+0.015,2,+0.000,+0.000,+0.00045,+0.000,+0.011,+0.000,+0.000,-0.002,+0.009,2,+0.000,+0.005,-0.00032,+0.005,-0.008,-0.010,+0.000,-0.002,-0.020,2,+0.005,-0.003,-0.030,+0.024
DRV,21550,+0.0000,+0.0000,+0.0000,+0.0000,+0.0000,+0.0000,+0.000,+0.000,-0.00060,-0.0001,+0.0000,+0.003,2,1,+0.000,-0.011,+0.00003,-0.011,+0.001,+0.023,+0.000,+0.000,+0.024,2,+0.000,+0.017,+0.00042,+0.017,+0.010,-0.034,+0.000,+0.000,-0.024,2,+0.000,+0.016,+0.00003,+0.016,+0.001,-0.031,+0.000,+0.000,-0.030,0,+0.000,-0.005,-0.00035,-0.005,-0.009,+0.010,+0.000,+0.000,+0.002,0,-0.017,+0.033,+0.026,-0.054
DRV,21554,+0.0000,+0.0000,+0.0000,+0.0000,+0.0000,+0.0000,+0.000,+0.000,-0.00060,-0.0001,+0.0000,+0.003,2,1,+0.000,+0.000,-0.00000,+0.000,-0.000,+0.000,+0.000,+0.000,+0.000,2,+0.000,+0.012,+0.00000,+0.012,+0.000,-0.024,+0.000,+0.000,-0.024,2,+0.000,+0.000,-0.00000,+0.000,-0.000,+0.000,+0.000,+0.000,+0.000,0,+0.000,-0.014,-0.00000,-0.014,-0.000,+0.028,+0.000,+0.000,+0.028,0,-0.014,+0.012,+0.028,-0.023
DRV,21558,+0.0000,+0.0000,+0.0000,+0.0000,+0.0000,+0.0000,+0.000,+0.000,-0.00060,-0.0001,+0.0000,+0.003,2,1,+0.000,+0.007,-0.00027,+0.007,-0.007,-0.014,+0.000,+0.000,-0.021,2,+0.000,+0.000,+0.00011,+0.000,+0.003,+0.000,+0.000,+0.000,+0.003,0,+0.000,-0.002,+0.00011,-0.002,+0.003,+0.004,+0.000,+0.000,+0.007,0,+0.000,-0.002,+0.00011,-0.002,+0.003,+0.005,+0.000,+0.000,+0.008,2,+0.005,-0.002,-0.013,+0.010
DRV,21562,+0.0000,+0.0000,+0.0000,+0.0000,+0.0000,+0.0000,+0.000,+0.000,-0.00060,-0.0001,+0.0000,+0.003,2,1,+0.000,+0.000,-0.00027,+0.000,-0.007,+0.000,+0.000,+0.000,-0.007,0,+0.000,-0.010,+0.00011,-0.010,+0.003,+0.020,+0.000,+0.000,+0.023,0,+0.000,-0.004,+0.00011,-0.004,+0.003,+0.009,+0.000,+0.000,+0.012,2,+0.000,+0.009,+0.00011,+0.009,+0.003,-0.017,+0.000,+0.000,-0.014,2,+0.009,-0.014,-0.021,+0.035
DRV,21566,+0.0000,+0.0000,+0.0000,+0.0000,+0.0000,+0.0000,+0.000,+0.000,-0.00060,-0.0001,+0.0000,+0.003,2,1,+0.000,-0.007,-0.00027,-0.007,-0.007,+0.014,+0.000,+0.000,+0.008,0,+0.000,-0.002,+0.00011,-0.002,+0.003,+0.005,+0.000,+0.000,+0.008,2,+0.000,+0.000,+0.00011,+0.000,+0.003,+0.000,+0.000,+0.000,+0.003,2,+0.000,+0.009,+0.00011,+0.009,+0.003,-0.017,+0.000,+0.000,-0.014,2,+0.001,-0.002,-0.006,+0.011
DRV,21570,+0.0000,+0.0000,+0.0000,+0.0000,+0.0000,+0.0000,+0.000,+0.000,-0.00060,+0.0005,+0.0000,-0.019,2,1,+0.000,-0.001,+0.00011,-0.001,+0.003,+0.003,+0.000,-0.001,+0.004,0,+0.000,+0.000,+0.00011,+0.000,+0.003,+0.000,+0.000,-0.001,+0.001,2,+0.000,+0.001,+0.00011,+0.001,+0.003,-0.003,+0.000,-0.001,-0.002,2,+0.000,+0.000,-0.00027,+0.000,-0.007,+0.000,+0.000,-0.001,-0.008,2,-0.001,+0.001,-0.004,-0.000
DRV,21574,+0.0000,+0.0000,+0.0000,+0.0000,+0.0000,+0.0000,+0.000,+0.000,-0.00059,+0.0010,+0.0000,-0.040,2,1,+0.000,+0.002,+0.00008,+0.002,+0.002,-0.004,+0.000,-0.003,-0.005,2,+0.000,+0.011,+0.00008,+0.011,+0.002,-0.023,+0.000,-0.003,-0.024,2,+0.000,+0.006,-0.00030,+0.006,-0.008,-0.011,+0.000,-0.003,-0.022,2,+0.000,-0.016,+0.00008,-0.016,+0.002,+0.032,+0.000,-0.003,+0.031,2,-0.014,+0.017,+0.026,-0.046
DRV,21578,+0.0000,+0.0000,+0.0000,+0.0000,+0.0000,+0.0000,+0.000,+0.000,-0.00059,+0.0005,+0.0000,-0.018,2,1,+0.000,+0.000,-0.00038,+0.000,-0.010,-0.001,+0.000,-0.001,-0.012,2,+0.000,+0.001,+0.00000,+0.001,+0.000,-0.002,+0.000,-0.001,-0.003,2,+0.000,-0.007,-0.00000,-0.007,-0.000,+0.013,+0.000,-0.001,+0.012,2,+0.000,-0.008,+0.00038,-0.008,+0.010,+0.016,+0.000,-0.001,+0.024,2,-0.008,-0.006,+0.012,+0.009
DRV,21582,+0.0000,+0.0000,+0.0000,+0.0000,+0.0000,+0.0000,+0.000,+0.000,-0.00059,-0.0001,+0.0000,+0.003,2,1,+0.000,-0.000,-0.00038,-0.000,-0.010,+0.001,+0.000,+0.000,-0.008,2,+0.000,-0.016,+0.00000,-0.016,+0.000,+0.031,+0.000,+0.000,+0.032,2,+0.000,-0.007,-0.00000,-0.007,-0.000,+0.014,+0.000,+0.000,+0.015,2,+0.000,+0.000,+0.00038,+0.000,+0.010,+0.000,+0.000,+0.000,+0.010,2,-0.000,-0.023,+0.001,+0.046
DRV,21586,+0.0000,+0.0000,+0.0000,+0.0000,+0.0000,+0.0000,+0.000,+0.000,-0.00059,+0.0002,+0.0000,-0.008,2,1,+0.000,-0.003,-0.00008,-0.003,-0.002,+0.006,+0.000,-0.001,+0.003,2,+0.000,-0.003,-0.00008,-0.003,-0.002,+0.006,+0.000,-0.001,+0.003,2,+0.000,-0.001,+0.00030,-0.001,+0.008,+0.002,+0.000,-0.001,+0.009,2,+0.000,+0.015,-0.00008,+0.015,-0.002,-0.031,+0.000,-0.001,-0.033,0,+0.012,-0.004,-0.030,+0.012
DRV,21590,+0.0000,+0.0000,+0.0000,+0.0000,+0.0000,+0.0000,+0.000,+0.000,-0.00059,+0.0005,+0.0000,-0.018,2,1,+0.000,+0.000,+0.00003,+0.000,+0.001,+0.000,+0.000,-0.001,-0.001,2,+0.000,+0.000,+0.00042,+0.000,+0.010,+0.000,+0.000,-0.001,+0.009,2,+0.000,+0.010,+0.00003,+0.010,+0.001,-0.019,+0.000,-0.001,-0.020,0,+0.000,+0.003,-0.00035,+0.003,-0.009,-0.007,+0.000,-0.001,-0.017,0,+0.003,+0.010,-0.018,-0.011
DRV,21594,+0.0000,+0.0000,+0.0000,+0.0000,+0.0000,+0.0000,+0.000,+0.000,-0.00058,+0.0010,+0.0000,-0.040,2,1,+0.000,+0.002,+0.00011,+0.002,+0.003,-0.005,+0.000,-0.003,-0.005,2,+0.000,+0.011,+0.00011,+0.011,+0.003,-0.023,+0.000,-0.003,-0.023,0,+0.000,+0.007,+0.00011,+0.007,+0.003,-0.013,+0.000,-0.003,-0.014,0,+0.000,+0.000,-0.00027,+0.000,-0.007,+0.000,+0.000,-0.003,-0.010,2,+0.002,+0.018,-0.015,-0.037
DRV,21598,+0.0000,+0.0000,+0.0000,+0.0000,+0.0000,+0.0000,+0.000,+0.000,-0.00058,+0.0015,+0.0000,-0.061,2,1,+0.000,+0.000,-0.00000,+0.000,-0.000,+0.000,+0.000,-0.005,-0.005,0,+0.000,+0.000,+0.00000,+0.000,+0.000,+0.000,+0.000,-0.005,-0.005,0,+0.000,+0.000,-0.00000,+0.000,-0.000,+0.000,+0.000,-0.005,-0.005,2,+0.000,-0.016,-0.00000,-0.016,-0.000,+0.032,+0.000,-0.005,+0.028,2,-0.016,+0.000,+0.023,-0.010
DRV,21602,+0.0000,+0.0000,+0.0000,+0.0000,+0.0000,+0.0000,+0.000,+0.000,-0.00057,+0.0013,+0.0000,-0.050,2,1,+0.000,-0.006,-0.00011,-0.006,-0.003,+0.011,+0.000,-0.004,+0.005,0,+0.000,-0.012,-0.00011,-0.012,-0.003,+0.024,+0.000,-0.004,+0.017,2,+0.000,-0.014,-0.00011,-0.014,-0.003,+0.029,+0.000,-0.004,+0.022,2,+0.000,-0.006,+0.00027,-0.006,+0.007,+0.012,+0.000,-0.004,+0.015,2,-0.012,-0.026,+0.020,+0.039
DRV,21606,+0.0000,+0.0000,+0.0000,+0.0000,+0.0000,+0.0000,+0.000,+0.000,-0.00057,+0.0010,+0.0000,-0.039,2,1,+0.000,+0.000,-0.00027,+0.000,-0.007,+0.000,+0.000,-0.003,-0.010,2,+0.000,-0.010,+0.00011,-0.010,+0.003,+0.021,+0.000,-0.003,+0.021,2,+0.000,-0.013,+0.00011,-0.013,+0.003,+0.026,+0.000,-0.003,+0.025,2,+0.000,+0.004,+0.00011,+0.004,+0.003,-0.008,+0.000,-0.003,-0.008,2,+0.004,-0.023,-0.018,+0.046
DRV,21610,+0.0000,+0.0000,+0.0000,+0.0000,+0.0000,+0.0000,+0.000,+0.000,-0.00057,-0.0003,+0.0000,+0.014,2,1,+0.000,+0.005,-0.00043,+0.005,-0.011,-0.010,+0.000,+0.001,-0.020,2,+0.000,+0.000,+0.00034,+0.000,+0.008,+0.000,+0.000,+0.001,+0.010,2,+0.000,+0.000,+0.00034,+0.000,+0.008,+0.000,+0.000,+0.001,+0.010,2,+0.000,+0.020,-0.00005,+0.020,-0.001,-0.039,+0.000,+0.001,-0.039,2,+0.025,+0.000,-0.059,+0.019
DRV,21614,+0.0000,+0.0000,+0.0000,+0.0000,+0.0000,+0.0000,+0.000,+0.000,-0.00057,-0.0017,+0.0000,+0.067,2,1,+0.000,+0.000,-0.00024,+0.000,-0.006,+0.000,+0.000,+0.005,-0.001,2,+0.000,+0.013,+0.00015,+0.013,+0.004,-0.026,+0.000,+0.005,-0.017,2,+0.000,+0.010,+0.00053,+0.010,+0.013,-0.019,+0.000,+0.005,-0.000,2,+0.000,+0.000,-0.00024,+0.000,-0.006,-0.001,+0.000,+0.005,-0.002,2,+0.000,+0.022,-0.002,-0.017
DRV,21618,+0.0000,+0.0000,+0.0000,+0.0000,+0.0000,+0.0000,+0.000,+0.000,-0.00058,-0.0009,+0.0000,+0.035,2,1,+0.000,-0.004,-0.00000,-0.004,-0.000,+0.009,+0.000,+0.003,+0.011,2,+0.000,+0.005,+0.00000,+0.005,+0.000,-0.010,+0.000,+0.003,-0.007,2,+0.000,+0.014,-0.00000,+0.014,-0.000,-0.029,+0.000,+0.003,-0.026,2,+0.000,-0.012,-0.00000,-0.012,-0.000,+0.025,+0.000,+0.003,+0.028,2,-0.017,+0.019,+0.039,-0.033
DRV,21622,+0.0000,+0.0000,+0.0000,+0.0000,+0.0000,+0.0000,+0.000,+0.000,-0.00058,-0.0001,+0.0000,+0.003,2,1,+0.000,+0.000,+0.00008,+0.000,+0.002,+0.000,+0.000,+0.000,+0.002,2,+0.000,+0.000,+0.00008,+0.000,+0.002,+0.000,+0.000,+0.000,+0.002,2,+0.000,+0.000,-0.00030,+0.000,-0.008,+0.000,+0.000,+0.000,-0.007,2,+0.000,-0.006,+0.00008,-0.006,+0.002,+0.012,+0.000,+0.000,+0.015,0,-0.006,+0.000,+0.017,-0.005
DRV,21626,+0.0000,+0.0000,+0.0000,+0.0000,+0.0000,+0.0000,+0.000,+0.000,-0.00058,-0.0003,+0.0000,+0.014,2,1,+0.000,+0.008,-0.00038,+0.008,-0.010,-0.016,+0.000,+0.001,-0.025,2,+0.000,-0.007,+0.00000,-0.007,+0.000,+0.014,+0.000,+0.001,+0.015,2,+0.000,-0.013,-0.00000,-0.013,-0.000,+0.027,+0.000,+0.001,+0.028,0,+0.000,+0.000,+0.00038,+0.000,+0.010,+0.000,+0.000,+0.001,+0.011,0,+0.008,-0.021,-0.014,+0.043
DRV,21630,+0.0000,+0.0000,+0.0000,+0.0000,+0.0000,+0.0000,+0.000,+0.000,-0.00058,-0.0006,+0.0000,+0.024,2,1,+0.000,+0.000,-0.00027,+0.000,-0.007,+0.000,+0.000,+0.002,-0.005,2,+0.000,-0.001,+0.00011,-0.001,+0.003,+0.002,+0.000,+0.002,+0.007,0,+0.000,-0.000,+0.00011,-0.000,+0.003,+0.001,+0.000,+0.002,+0.006,0,+0.000,+0.011,+0.00011,+0.011,+0.003,-0.023,+0.000,+0.002,-0.018,2,+0.011,-0.001,-0.023,+0.012
DRV,21634,+0.0000,+0.0000,+0.0000,+0.0000,+0.0000,+0.0000,+0.000,+0.000,-0.00058,-0.0001,+0.0000,+0.003,2,1,+0.000,-0.011,-0.00027,-0.011,-0.007,+0.022,+0.000,+0.000,+0.015,0,+0.000,+0.004,+0.00011,+0.004,+0.003,-0.009,+0.000,+0.000,-0.006,0,+0.000,+0.000,+0.00011,+0.000,+0.003,+0.000,+0.000,+0.000,+0.003,2,+0.000,+0.011,+0.00011,+0.011,+0.003,-0.022,+0.000,+0.000,-0.019,2,+0.000,+0.004,-0.003,-0.002
DRV,21638,+0.0000,+0.0000,+0.0000,+0.0000,+0.0000,+0.0000,+0.000,+0.000,-0.00058,+0.0005,+0.0000,-0.018,2,1,+0.000,-0.003,+0.00011,-0.003,+0.003,+0.006,+0.000,-0.001,+0.007,0,+0.000,+0.003,+0.00011,+0.003,+0.003,-0.006,+0.000,-0.001,-0.004,0,+0.000,+0.009,+0.00011,+0.009,+0.003,-0.018,+0.000,-0.001,-0.017,2,+0.000,+0.000,-0.00027,+0.000,-0.007,+0.000,+0.000,-0.001,-0.008,2,-0.003,+0.012,-0.001,-0.021
DRV,21642,+0.0000,+0.0000,+0.0000,+0.0000,+0.0000,+0.0000,+0.000,+0.000,-0.00058,+0.0005,+0.0000,-0.018,2,1,+0.000,+0.006,-0.00019,+0.006,-0.005,-0.012,+0.000,-0.001,-0.019,0,+0.000,+0.000,+0.00019,+0.000,+0.005,+0.000,+0.000,-0.001,+0.003,2,+0.000,+0.012,-0.00019,+0.012,-0.005,-0.025,+0.000,-0.001,-0.031,2,+0.000,-0.009,+0.00019,-0.009,+0.005,+0.018,+0.000,-0.001,+0.021,2,-0.003,+0.012,+0.003,-0.028
DRV,21646,+0.0000,+0.0000,+0.0000,+0.0000,+0.0000,+0.0000,+0.000,+0.000,-0.00058,+0.0005,+0.0000,-0.018,2,1,+0.000,+0.000,-0.00030,+0.000,-0.008,-0.001,+0.000,-0.001,-0.010,2,+0.000,-0.005,+0.00008,-0.005,+0.002,+0.010,+0.000,-0.001,+0.011,2,+0.000,+0.000,-0.00030,+0.000,-0.008,+0.000,+0.000,-0.001,-0.009,2,+0.000,-0.014,+0.00046,-0.014,+0.012,+0.028,+0.000,-0.001,+0.038,2,-0.013,-0.005,+0.028,+0.002
DRV,21650,+0.0000,+0.0000,+0.0000,+0.0000,+0.0000,+0.0000,+0.000,+0.000,-0.00058,-0.0006,+0.0000,+0.024,2,1,+0.000,-0.012,-0.00046,-0.012,-0.012,+0.024,+0.000,+0.002,+0.014,2,+0.000,-0.000,+0.00030,-0.000,+0.008,+0.001,+0.000,+0.002,+0.011,2,+0.000,-0.011,-0.00008,-0.011,-0.002,+0.023,+0.000,+0.002,+0.023,2,+0.000,+0.000,+0.00030,+0.000,+0.008,+0.000,+0.000,+0.002,+0.010,2,-0.012,-0.012,+0.024,+0.033
DRV,21654,+0.0000,+0.0000,+0.0000,+0.0000,+0.0000,+0.0000,+0.000,+0.000,-0.00059,-0.0017,+0.0000,+0.067,2,1,+0.000,-0.001,-0.00008,-0.001,-0.002,+0.002,+0.000,+0.005,+0.005,2,+0.000,+0.009,-0.00008,+0.009,-0.002,-0.018,+0.000,+0.005,-0.015,2,+0.000,-0.002,+0.00030,-0.002,+0.008,+0.004,+0.000,+0.005,+0.017,2,+0.000,+0.021,-0.00008,+0.021,-0.002,-0.042,+0.000,+0.005,-0.039,2,+0.020,+0.007,-0.033,+0.002
DRV,21658,+0.0000,+0.0000,+0.0000,+0.0000,+0.0000,+0.0000,+0.000,+0.000,-0.00059,-0.0009,+0.0000,+0.035,2,1,+0.000,+0.001,-0.00008,+0.001,-0.002,-0.002,+0.000,+0.003,-0.001,2,+0.000,+0.007,-0.00008,+0.007,-0.002,-0.013,+0.000,+0.003,-0.013,2,+0.000,+0.000,+0.00030,+0.000,+0.008,+0.000,+0.000,+0.003,+0.010,2,+0.000,+0.008,-0.00008,+0.008,-0.002,-0.016,+0.000,+0.003,-0.015,2,+0.009,+0.007,-0.017,-0.002
DRV,21662,+0.0000,+0.0000,+0.0000,+0.0000,+0.0000,+0.0000,+0.000,+0.000,-0.00059,-0.0001,+0.0000,+0.003,2,1,+0.000,+0.004,-0.00008,+0.004,-0.002,-0.008,+0.000,+0.000,-0.009,2,+0.000,+0.000,-0.00008,+0.000,-0.002,+0.000,+0.000,+0.000,-0.002,2,+0.000,+0.017,+0.00030,+0.017,+0.008,-0.033,+0.000,+0.000,-0.026,2,+0.000,+0.000,-0.00008,+0.000,-0.002,+0.000,+0.000,+0.000,-0.002,0,+0.004,+0.017,-0.011,-0.027
DRV,21666,+0.0000,+0.0000,+0.0000,+0.0000,+0.0000,+0.0000,+0.000,+0.000,-0.00059,-0.0006,+0.0000,+0.024,2,1,+0.000,-0.003,-0.00027,-0.003,-0.007,+0.007,+0.000,+0.002,+0.002,2,+0.000,-0.015,+0.00011,-0.015,+0.003,+0.031,+0.000,+0.002,+0.035,2,+0.000,+0.000,+0.00011,+0.000,+0.003,+0.000,+0.000,+0.002,+0.005,0,+0.000,-0.017,+0.00011,-0.017,+0.003,+0.033,+0.000,+0.002,+0.038,0,-0.020,-0.015,+0.040,+0.040
DRV,21670,+0.0000,+0.0000,+0.0000,+0.0000,+0.0000,+0.0000,+0.000,+0.000,-0.00060,-0.0011,+0.0000,+0.045,2,1,+0.000,-0.004,-0.00008,-0.004,-0.002,+0.008,+0.000,+0.004,+0.009,2,+0.000,-0.003,+0.00030,-0.003,+0.008,+0.007,+0.000,+0.004,+0.018,0,+0.000,+0.000,-0.00008,+0.000,-0.002,+0.000,+0.000,+0.004,+0.002,0,+0.000,-0.003,-0.00008,-0.003,-0.002,+0.006,+0.000,+0.004,+0.007,2,-0.007,-0.003,+0.017,+0.020
DRV,21674,+0.0000,+0.0000,+0.0000,+0.0000,+0.0000,+0.0000,+0.000,+0.000,-0.00060,+0.0002,+0.0000,-0.008,2,1,+0.000,+0.000,-0.00019,+0.000,-0.005,+0.000,+0.000,-0.001,-0.005,0,+0.000,+0.012,+0.00019,+0.012,+0.005,-0.025,+0.000,-0.001,-0.021,0,+0.000,-0.000,-0.00019,-0.000,-0.005,+0.001,+0.000,-0.001,-0.004,2,+0.000,+0.000,+0.00019,+0.000,+0.005,+0.000,+0.000,-0.001,+0.004,2,+0.000,+0.012,-0.001,-0.025
DRV,21678,+0.0000,+0.0000,+0.0000,+0.0000,+0.0000,+0.0000,+0.000,+0.000,-0.00059,+0.0015,+0.0000,-0.061,2,1,+0.000,+0.000,-0.00027,+0.000,-0.007,+0.000,+0.000,-0.005,-0.012,0,+0.000,+0.012,+0.00011,+0.012,+0.003,-0.025,+0.000,-0.005,-0.027,2,+0.000,+0.000,+0.00011,+0.000,+0.003,+0.000,+0.000,-0.005,-0.002,2,+0.000,+0.016,+0.00011,+0.016,+0.003,-0.032,+0.000,-0.005,-0.035,2,+0.016,+0.012,-0.046,-0.029
DRV,21682,+0.0000,+0.0000,+0.0000,+0.0000,+0.0000,+0.0000,+0.000,+0.000,-0.00059,+0.0007,+0.0000,-0.029,2,1,+0.000,+0.000,-0.00016,+0.000,-0.004,+0.000,+0.000,-0.002,-0.006,2,+0.000,+0.000,+0.00023,+0.000,+0.006,+0.000,+0.000,-0.002,+0.003,2,+0.000,-0.010,+0.00022,-0.010,+0.006,+0.020,+0.000,-0.002,+0.023,2,+0.000,+0.003,-0.00016,+0.003,-0.004,-0.007,+0.000,-0.002,-0.013,2,+0.003,-0.010,-0.019,+0.027
DRV,21686,+0.0000,+0.0000,+0.0000,+0.0000,+0.0000,+0.0000,+0.000,+0.000,-0.00059,-0.0001,+0.0000,+0.003,2,1,+0.000,-0.004,+0.00011,-0.004,+0.003,+0.009,+0.000,+0.000,+0.012,2,+0.000,-0.009,+0.00011,-0.009,+0.003,+0.017,+0.000,+0.000,+0.020,2,+0.000,+0.000,+0.00011,+0.000,+0.003,+0.000,+0.000,+0.000,+0.003,2,+0.000,-0.002,-0.00027,-0.002,-0.007,+0.004,+0.000,+0.000,-0.003,2,-0.006,-0.009,+0.009,+0.023
DRV,21690,+0.0000,+0.0000,+0.0000,+0.0000,+0.0000,+0.0000,+0.000,+0.000,-0.00059,+0.0005,+0.0000,-0.018,2,1,+0.000,+0.000,-0.00000,+0.000,-0.000,+0.000,+0.000,-0.001,-0.001,2,+0.000,-0.003,+0.00000,-0.003,+0.000,+0.007,+0.000,-0.001,+0.005,2,+0.000,+0.000,-0.00000,+0.000,-0.000,+0.000,+0.000,-0.001,-0.001,2,+0.000,-0.015,-0.00000,-0.015,-0.000,+0.031,+0.000,-0.001,+0.029,2,-0.015,-0.003,+0.028,+0.004
DRV,21694,+0.0000,+0.0000,+0.0000,+0.0000,+0.0000,+0.0000,+0.000,+0.000,-0.00058,+0.0010,+0.0000,-0.040,2,1,+0.000,+0.005,-0.00038,+0.005,-0.010,-0.010,+0.000,-0.003,-0.023,2,+0.000,+0.000,+0.00000,+0.000,+0.000,+0.000,+0.000,-0.003,-0.003,2,+0.000,+0.007,-0.00000,+0.007,-0.000,-0.013,+0.000,-0.003,-0.017,2,+0.000,+0.000,+0.00038,+0.000,+0.010,+0.000,+0.000,-0.003,+0.006,2,+0.005,+0.007,-0.017,-0.020
DRV,21698,+0.0000,+0.0000,+0.0000,+0.0000,+0.0000,+0.0000,+0.000,+0.000,-0.00058,+0.0005,+0.0000,-0.018,2,1,+0.000,+0.000,-0.00038,+0.000,-0.010,+0.000,+0.000,-0.001,-0.011,2,+0.000,+0.001,+0.00000,+0.001,+0.000,-0.003,+0.000,-0.001,-0.004,2,+0.000,-0.005,-0.00000,-0.005,-0.000,+0.010,+0.000,-0.001,+0.008,2,+0.000,+0.008,+0.00038,+0.008,+0.010,-0.016,+0.000,-0.001,-0.008,0,+0.008,-0.003,-0.019,+0.004
DRV,21702,+0.0000,+0.0000,+0.0000,+0.0000,+0.0000,+0.0000,+0.000,+0.000,-0.00058,-0.0001,+0.0000,+0.003,2,1,+0.000,-0.007,-0.00000,-0.007,-0.000,+0.014,+0.000,+0.000,+0.015,2,+0.000,+0.000,+0.00000,+0.000,+0.000,+0.000,+0.000,+0.000,+0.000,2,+0.000,-0.013,-0.00000,-0.013,-0.000,+0.027,+0.000,+0.000,+0.027,0,+0.000,+0.014,-0.00000,+0.014,-0.000,-0.028,+0.000,+0.000,-0.027,0,+0.007,-0.013,-0.013,+0.027
DRV,21706,+0.0000,+0.0000,+0.0000,+0.0000,+0.0000,+0.0000,+0.000,+0.000,-0.00058,+0.0002,+0.0000,-0.008,2,1,+0.000,+0.000,+0.00003,+0.000,+0.001,+0.000,+0.000,-0.001,+0.000,2,+0.000,+0.000,+0.00003,+0.000,+0.001,+0.000,+0.000,-0.001,+0.000,0,+0.000,-0.003,+0.00042,-0.003,+0.010,+0.007,+0.000,-0.001,+0.016,0,+0.000,+0.003,-0.00035,+0.003,-0.009,-0.007,+0.000,-0.001,-0.016,2,+0.003,-0.003,-0.016,+0.017
DRV,21710,+0.0000,+0.0000,+0.0000,+0.0000,+0.0000,+0.0000,+0.000,+0.000,-0.00058,+0.0005,+0.0000,-0.018,2,1,+0.000,+0.007,-0.00016,+0.007,-0.004,-0.014,+0.000,-0.001,-0.020,0,+0.000,+0.011,+0.00023,+0.011,+0.006,-0.022,+0.000,-0.001,-0.018,0,+0.000,+0.014,+0.00022,+0.014,+0.006,-0.028,+0.000,-0.001,-0.024,2,+0.000,-0.004,-0.00016,-0.004,-0.004,+0.008,+0.000,-0.001,+0.002,2,+0.003,+0.025,-0.018,-0.041
DRV,21714,+0.0000,+0.0000,+0.0000,+0.0000,+0.0000,+0.0000,+0.000,+0.000,-0.00058,-0.0001,+0.0000,+0.003,2,1,+0.000,+0.000,-0.00019,+0.000,-0.005,-0.001,+0.000,+0.000,-0.006,2,+0.000,+0.002,+0.00019,+0.002,+0.005,-0.005,+0.000,+0.000,+0.000,2,+0.000,+0.015,-0.00019,+0.015,-0.005,-0.031,+0.000,+0.000,-0.035,2,+0.000,-0.014,+0.00019,-0.014,+0.005,+0.029,+0.000,+0.000,+0.034,2,-0.014,+0.018,+0.028,-0.035
DRV,21718,+0.0000,+0.0000,+0.0000,+0.0000,+0.0000,+0.0000,+0.000,+0.000,-0.00058,-0.0006,+0.0000,+0.024,2,1,+0.000,-0.010,-0.00030,-0.010,-0.008,+0.020,+0.000,+0.002,+0.014,2,+0.000,-0.003,+0.00008,-0.003,+0.002,+0.007,+0.000,+0.002,+0.011,2,+0.000,+0.000,-0.00030,+0.000,-0.008,+0.000,+0.000,+0.002,-0.006,2,+0.000,+0.000,+0.00046,+0.000,+0.012,+0.000,+0.000,+0.002,+0.014,2,-0.010,-0.003,+0.028,+0.005
DRV,21722,+0.0000,+0.0000,+0.0000,+0.0000,+0.0000,+0.0000,+0.000,+0.000,-0.00058,-0.0006,+0.0000,+0.024,2,1,+0.000,-0.001,-0.00000,-0.001,-0.000,+0.003,+0.000,+0.002,+0.005,2,+0.000,+0.000,+0.00000,+0.000,+0.000,+0.000,+0.000,+0.002,+0.002,2,+0.000,-0.014,-0.00000,-0.014,-0.000,+0.029,+0.000,+0.002,+0.031,2,+0.000,+0.015,-0.00000,+0.015,-0.000,-0.031,+0.000,+0.002,-0.029,2,+0.014,-0.014,-0.024,+0.033
DRV,21726,+0.0000,+0.0000,+0.0000,+0.0000,+0.0000,+0.0000,+0.000,+0.000,-0.00059,-0.0006,+0.0000,+0.024,2,1,+0.000,+0.002,+0.00003,+0.002,+0.001,-0.005,+0.000,+0.002,-0.002,2,+0.000,+0.000,+0.00003,+0.000,+0.001,+0.000,+0.000,+0.002,+0.003,2,+0.000,-0.016,+0.00042,-0.016,+0.010,+0.032,+0.000,+0.002,+0.045,2,+0.000,+0.012,-0.00035,+0.012,-0.009,-0.024,+0.000,+0.002,-0.031,2,+0.014,-0.016,-0.033,+0.048
DRV,21730,+0.0000,+0.0000,+0.0000,+0.0000,+0.0000,+0.0000,+0.000,+0.000,-0.00059,-0.0006,+0.0000,+0.024,2,1,+0.000,+0.009,-0.00024,+0.009,-0.006,-0.017,+0.000,+0.002,-0.021,2,+0.000,+0.009,+0.00015,+0.009,+0.004,-0.017,+0.000,+0.002,-0.012,2,+0.000,+0.000,+0.00053,+0.000,+0.013,+0.000,+0.000,+0.002,+0.015,2,+0.000,+0.000,-0.00024,+0.000,-0.006,+0.000,+0.000,+0.002,-0.004,2,+0.009,+0.009,-0.025,+0.004
DRV,21734,+0.0000,+0.0000,+0.0000,+0.0000,+0.0000,+0.0000,+0.000,+0.000,-0.00059,-0.0006,+0.0000,+0.024,2,1,+0.000,+0.000,-0.00027,+0.000,-0.007,+0.000,+0.000,+0.002,-0.005,2,+0.000,+0.000,+0.00011,+0.000,+0.003,+0.000,+0.000,+0.002,+0.005,2,+0.000,+0.012,+0.00011,+0.012,+0.003,-0.024,+0.000,+0.002,-0.019,2,+0.000,-0.016,+0.00011,-0.016,+0.003,+0.031,+0.000,+0.002,+0.036,0,-0.016,+0.012,+0.031,-0.014
DRV,21738,+0.0000,+0.0000,+0.0000,+0.0000,+0.0000,+0.0000,+0.000,+0.000,-0.00059,-0.0001,+0.0000,+0.003,2,1,+0.000,-0.013,-0.00011,-0.013,-0.003,+0.026,+0.000,+0.000,+0.023,2,+0.000,-0.006,-0.00011,-0.006,-0.003,+0.012,+0.000,+0.000,+0.010,2,+0.000,+0.009,-0.00011,+0.009,-0.003,-0.018,+0.000,+0.000,-0.021,0,+0.000,-0.004,+0.00027,-0.004,+0.007,+0.008,+0.000,+0.000,+0.015,0,-0.017,+0.003,+0.038,-0.011
DRV,21742,+0.0000,+0.0000,+0.0000,+0.0000,+0.0000,+0.0000,+0.000,+0.000,-0.00059,-0.0001,+0.0000,+0.003,2,1,+0.000,+0.000,-0.00011,+0.000,-0.003,+0.000,+0.000,+0.000,-0.003,2,+0.000,+0.000,-0.00011,+0.000,-0.003,+0.000,+0.000,+0.000,-0.003,0,+0.000,+0.000,-0.00011,+0.000,-0.003,+0.000,+0.000,+0.000,-0.003,0,+0.000,+0.000,+0.00027,+0.000,+0.007,+0.000,+0.000,+0.000,+0.007,2,+0.000,+0.000,+0.004,-0.005
DRV,21746,+0.0000,+0.0000,+0.0000,+0.0000,+0.0000,+0.0000,+0.000,+0.000,-0.00059,-0.0006,+0.0000,+0.024,2,1,+0.000,+0.000,-0.00000,+0.000,-0.000,+0.000,+0.000,+0.002,+0.002,0,+0.000,+0.000,+0.00000,+0.000,+0.000,+0.000,+0.000,+0.002,+0.002,0,+0.000,-0.016,-0.00000,-0.016,-0.000,+0.031,+0.000,+0.002,+0.033,2,+0.000,+0.017,-0.00000,+0.017,-0.000,-0.034,+0.000,+0.002,-0.032,2,+0.017,-0.016,-0.030,+0.035
DRV,21750,+0.0000,+0.0000,+0.0000,+0.0000,+0.0000,+0.0000,+0.000,+0.000,-0.00060,-0.0006,+0.0000,+0.024,2,1,+0.000,+0.000,-0.00024,+0.000,-0.006,-0.001,+0.000,+0.002,-0.005,0,+0.000,+0.009,+0.00015,+0.009,+0.004,-0.018,+0.000,+0.002,-0.013,0,+0.000,-0.006,+0.00053,-0.006,+0.013,+0.012,+0.000,+0.002,+0.028,2,+0.000,+0.001,-0.00024,+0.001,-0.006,-0.003,+0.000,+0.002,-0.007,2,+0.002,+0.003,-0.012,+0.015
DRV,21754,+0.0000,+0.0000,+0.0000,+0.0000,+0.0000,+0.0000,+0.000,+0.000,-0.00060,-0.0011,+0.0000,+0.045,2,1,+0.000,+0.000,-0.00024,+0.000,-0.006,+0.000,+0.000,+0.004,-0.002,0,+0.000,+0.005,+0.00015,+0.005,+0.004,-0.010,+0.000,+0.004,-0.002,2,+0.000,+0.000,+0.00053,+0.000,+0.013,+0.000,+0.000,+0.004,+0.017,2,+0.000,-0.001,-0.00024,-0.001,-0.006,+0.002,+0.000,+0.004,-0.000,2,-0.001,+0.005,-0.003,+0.015
DRV,21758,+0.0000,+0.0000,+0.0000,+0.0000,+0.0000,+0.0000,+0.000,+0.000,-0.00060,-0.0011,+0.0000,+0.045,2,1,+0.000,-0.009,-0.00000,-0.009,-0.000,+0.018,+0.000,+0.004,+0.022,2,+0.000,+0.000,+0.00000,+0.000,+0.000,+0.000,+0.000,+0.004,+0.004,2,+0.000,+0.016,-0.00000,+0.016,-0.000,-0.032,+0.000,+0.004,-0.029,2,+0.000,-0.020,-0.00000,-0.020,-0.000,+0.039,+0.000,+0.004,+0.043,2,-0.029,+0.016,+0.064,-0.025
DRV,21762,+0.0000,+0.0000,+0.0000,+0.0000,+0.0000,+0.0000,+0.000,+0.000,-0.00061,-0.0006,+0.0000,+0.024,2,1,+0.000,+0.000,-0.00003,+0.000,-0.001,+0.000,+0.000,+0.002,+0.001,2,+0.000,-0.004,-0.00003,-0.004,-0.001,+0.009,+0.000,+0.002,+0.010,2,+0.000,+0.005,-0.00042,+0.005,-0.010,-0.010,+0.000,+0.002,-0.019,2,+0.000,-0.003,+0.00035,-0.003,+0.009,+0.006,+0.000,+0.002,+0.016,2,-0.003,+0.001,+0.017,-0.009
DRV,21766,+0.0000,+0.0000,+0.0000,+0.0000,+0.0000,+0.0000,+0.000,+0.000,-0.00061,-0.0006,+0.0000,+0.024,2,1,+0.000,+0.009,-0.00003,+0.009,-0.001,-0.017,+0.000,+0.002,-0.016,2,+0.000,+0.000,-0.00003,+0.000,-0.001,+0.000,+0.000,+0.002,+0.001,2,+0.000,-0.001,-0.00042,-0.001,-0.010,+0.003,+0.000,+0.002,-0.006,2,+0.000,+0.012,+0.00035,+0.012,+0.009,-0.024,+0.000,+0.002,-0.013,2,+0.021,-0.001,-0.029,-0.005
DRV,21770,+0.0000,+0.0000,+0.0000,+0.0000,+0.0000,+0.0000,+0.000,+0.000,-0.00061,-0.0001,+0.0000,+0.002,2,1,+0.000,+0.001,-0.00027,+0.001,-0.007,-0.002,+0.000,+0.000,-0.008,2,+0.000,+0.008,+0.00011,+0.008,+0.003,-0.016,+0.000,+0.000,-0.013,2,+0.000,-0.014,+0.00011,-0.014,+0.003,+0.028,+0.000,+0.000,+0.031,2,+0.000,+0.017,+0.00011,+0.017,+0.003,-0.033,+0.000,+0.000,-0.030,0,+0.018,-0.006,-0.039,+0.017
DRV,21774,+0.0000,+0.0000,+0.0000,+0.0000,+0.0000,+0.0000,+0.000,+0.000,-0.00061,-0.0001,+0.0000,+0.002,2,1,+0.000,-0.003,-0.00024,-0.003,-0.006,+0.007,+0.000,+0.000,+0.001,2,+0.000,+0.000,+0.00015,+0.000,+0.004,+0.000,+0.000,+0.000,+0.004,2,+0.000,-0.005,+0.00053,-0.005,+0.013,+0.010,+0.000,+0.000,+0.024,2,+0.000,+0.000,-0.00024,+0.000,-0.006,+0.000,+0.000,+0.000,-0.006,0,-0.003,-0.005,-0.005,+0.028
DRV,21778,+0.0000,+0.0000,+0.0000,+0.0000,+0.0000,+0.0000,+0.000,+0.000,-0.00062,-0.0022,+0.0000,+0.088,2,1,+0.000,-0.003,-0.00024,-0.003,-0.006,+0.006,+0.000,+0.007,+0.007,2,+0.000,-0.005,+0.00015,-0.005,+0.004,+0.010,+0.000,+0.007,+0.020,2,+0.000,+0.002,+0.00053,+0.002,+0.013,-0.004,+0.000,+0.007,+0.016,0,+0.000,+0.000,-0.00024,+0.000,-0.006,+0.000,+0.000,+0.007,+0.001,0,-0.003,-0.003,+0.008,+0.037
DRV,21782,+0.0000,+0.0000,+0.0000,+0.0000,+0.0000,+0.0000,+0.000,+0.000,-0.00063,-0.0022,+0.0000,+0.087,2,1,+0.000,+0.000,-0.00000,+0.000,-0.000,+0.000,+0.000,+0.007,+0.007,2,+0.000,-0.002,+0.00000,-0.002,+0.000,+0.004,+0.000,+0.007,+0.011,0,+0.000,+0.018,-0.00000,+0.018,-0.000,-0.035,+0.000,+0.007,-0.028,0,+0.000,-0.014,-0.00000,-0.014,-0.000,+0.028,+0.000,+0.007,+0.035,2,-0.014,+0.016,+0.042,-0.017
DRV,21786,+0.0000,+0.0000,+0.0000,+0.0000,+0.0000,+0.0000,+0.000,+0.000,-0.00062,+0.0015,+0.0000,-0.062,2,1,+0.000,+0.010,-0.00030,+0.010,-0.008,-0.019,+0.000,-0.005,-0.032,0,+0.000,+0.000,+0.00008,+0.000,+0.002,+0.000,+0.000,-0.005,-0.003,0,+0.000,+0.008,-0.00030,+0.008,-0.008,-0.015,+0.000,-0.005,-0.028,2,+0.000,+0.000,+0.00046,+0.000,+0.012,+0.000,+0.000,-0.005,+0.007,2,+0.010,+0.008,-0.025,-0.031
DRV,21790,+0.0000,+0.0000,+0.0000,+0.0000,+0.0000,+0.0000,+0.000,+0.000,-0.00062,+0.0015,+0.0000,-0.062,2,1,+0.000,+0.000,-0.00019,+0.000,-0.005,+0.000,+0.000,-0.005,-0.010,0,+0.000,+0.005,+0.00019,+0.005,+0.005,-0.010,+0.000,-0.005,-0.011,2,+0.000,+0.000,-0.00019,+0.000,-0.005,+0.000,+0.000,-0.005,-0.010,2,+0.000,+0.015,+0.00019,+0.015,+0.005,-0.030,+0.000,-0.005,-0.030,2,+0.015,+0.005,-0.039,-0.020
DRV,21794,+0.0000,+0.0000,+0.0000,+0.0000,+0.0000,+0.0000,+0.000,+0.000,-0.00062,-0.0001,+0.0000,+0.002,2,1,+0.000,-0.010,-0.00016,-0.010,-0.004,+0.020,+0.000,+0.000,+0.016,2,+0.000,+0.000,+0.00023,+0.000,+0.006,+0.000,+0.000,+0.000,+0.006,2,+0.000,-0.018,+0.00022,-0.018,+0.006,+0.035,+0.000,+0.000,+0.041,2,+0.000,+0.011,-0.00016,+0.011,-0.004,-0.023,+0.000,+0.000,-0.027,2,+0.001,-0.018,-0.010,+0.047
DRV,21798,+0.0000,+0.0000,+0.0000,+0.0000,+0.0000,+0.0000,+0.000,+0.000,-0.00062,-0.0001,+0.0000,+0.002,2,1,+0.000,-0.003,+0.00003,-0.003,+0.001,+0.007,+0.000,+0.000,+0.008,2,+0.000,-0.005,+0.00003,-0.005,+0.001,+0.010,+0.000,+0.000,+0.011,2,+0.000,-0.003,+0.00042,-0.003,+0.010,+0.007,+0.000,+0.000,+0.017,2,+0.000,+0.000,-0.00035,+0.000,-0.009,+0.000,+0.000,+0.000,-0.009,2,-0.003,-0.008,-0.001,+0.028
DRV,21802,+0.0000,+0.0000,+0.0000,+0.0000,+0.0000,+0.0000,+0.000,+0.000,-0.00062,-0.0001,+0.0000,+0.002,2,1,+0.000,+0.004,-0.00008,+0.004,-0.002,-0.009,+0.000,+0.000,-0.010,2,+0.000,+0.000,-0.00008,+0.000,-0.002,+0.000,+0.000,+0.000,-0.002,2,+0.000,+0.000,+0.00030,+0.000,+0.008,+0.000,+0.000,+0.000,+0.008,2,+0.000,-0.017,-0.00008,-0.017,-0.002,+0.034,+0.000,+0.000,+0.033,2,-0.013,+0.000,+0.022,+0.006
DRV,21806,+0.0000,+0.0000,+0.0000,+0.0000,+0.0000,+0.0000,+0.000,+0.000,-0.00062,-0.0001,+0.0000,+0.002,2,1,+0.000,+0.005,-0.00027,+0.005,-0.007,-0.010,+0.000,+0.000,-0.017,2,+0.000,+0.011,+0.00011,+0.011,+0.003,-0.022,+0.000,+0.000,-0.019,2,+0.000,+0.017,+0.00011,+0.017,+0.003,-0.033,+0.000,+0.000,-0.030,2,+0.000,-0.009,+0.00011,-0.009,+0.003,+0.017,+0.000,+0.000,+0.020,2,-0.003,+0.028,+0.003,-0.049
DRV,21810,+0.0000,+0.0000,+0.0000,+0.0000,+0.0000,+0.0000,+0.000,+0.000,-0.00062,-0.0017,+0.0000,+0.066,2,1,+0.000,+0.000,-0.00038,+0.000,-0.010,+0.000,+0.000,+0.005,-0.004,2,+0.000,+0.000,+0.00000,+0.000,+0.000,+0.000,+0.000,+0.005,+0.005,2,+0.000,+0.001,-0.00000,+0.001,-0.000,-0.003,+0.000,+0.005,+0.002,0,+0.000,+0.000,+0.00038,+0.000,+0.010,+0.000,+0.000,+0.005,+0.015,0,+0.000,+0.001,+0.011,+0.008
DRV,21814,+0.0000,+0.0000,+0.0000,+0.0000,+0.0000,+0.0000,+0.000,+0.000,-0.00063,-0.0017,+0.0000,+0.066,2,1,+0.000,-0.012,+0.00008,-0.012,+0.002,+0.025,+0.000,+0.005,+0.032,2,+0.000,-0.003,+0.00008,-0.003,+0.002,+0.007,+0.000,+0.005,+0.014,2,+0.000,+0.000,-0.00030,+0.000,-0.008,+0.000,+0.000,+0.005,-0.002,0,+0.000,+0.013,+0.00008,+0.013,+0.002,-0.026,+0.000,+0.005,-0.018,0,+0.000,-0.003,+0.014,+0.012
DRV,21818,+0.0000,+0.0000,+0.0000,+0.0000,+0.0000,+0.0000,+0.000,+0.000,-0.00063,-0.0001,+0.0000,+0.002,2,1,+0.000,+0.000,+0.00019,+0.000,+0.005,+0.000,+0.000,+0.000,+0.005,2,+0.000,+0.000,+0.00019,+0.000,+0.005,+0.000,+0.000,+0.000,+0.005,0,+0.000,-0.004,+0.00019,-0.004,+0.005,+0.008,+0.000,+0.000,+0.013,0,+0.000,+0.005,-0.00019,+0.005,-0.005,-0.010,+0.000,+0.000,-0.015,2,+0.005,-0.004,-0.010,+0.018
DRV,21822,+0.0000,+0.0000,+0.0000,+0.0000,+0.0000,+0.0000,+0.000,+0.000,-0.00063,-0.0001,+0.0000,+0.002,2,1,+0.000,+0.007,-0.00016,+0.007,-0.004,-0.013,+0.000,+0.000,-0.017,0,+0.000,+0.005,+0.00023,+0.005,+0.006,-0.010,+0.000,+0.000,-0.005,0,+0.000,-0.005,+0.00022,-0.005,+0.006,+0.010,+0.000,+0.000,+0.016,2,+0.000,+0.000,-0.00016,+0.000,-0.004,+0.000,+0.000,+0.000,-0.004,2,+0.007,+0.000,-0.021,+0.012
DRV,21826,+0.0000,+0.0000,+0.0000,+0.0000,+0.0000,+0.0000,+0.000,+0.000,-0.00063,-0.0011,+0.0000,+0.045,2,1,+0.000,+0.000,-0.00027,+0.000,-0.007,+0.000,+0.000,+0.004,-0.003,0,+0.000,+0.000,+0.00011,+0.000,+0.003,+0.000,+0.000,+0.004,+0.006,2,+0.000,-0.000,+0.00011,-0.000,+0.003,+0.001,+0.000,+0.004,+0.007,2,+0.000,-0.014,+0.00011,-0.014,+0.003,+0.028,+0.000,+0.004,+0.034,2,-0.014,-0.000,+0.031,+0.014
DRV,21830,+0.0000,+0.0000,+0.0000,+0.0000,+0.0000,+0.0000,+0.000,+0.000,-0.00064,-0.0011,+0.0000,+0.045,2,1,+0.000,-0.008,-0.00038,-0.008,-0.010,+0.016,+0.000,+0.004,+0.010,2,+0.000,-0.002,+0.00000,-0.002,+0.000,+0.004,+0.000,+0.004,+0.007,2,+0.000,+0.000,-0.00000,+0.000,-0.000,-0.001,+0.000,+0.004,+0.003,2,+0.000,-0.005,+0.00038,-0.005,+0.010,+0.010,+0.000,+0.004,+0.023,2,-0.013,-0.001,+0.033,+0.010
DRV,21834,+0.0000,+0.0000,+0.0000,+0.0000,+0.0000,+0.0000,+0.000,+0.000,-0.00064,-0.0011,+0.0000,+0.044,2,1,+0.000,-0.007,-0.00011,-0.007,-0.003,+0.014,+0.000,+0.004,+0.015,2,+0.000,-0.004,-0.00011,-0.004,-0.003,+0.009,+0.000,+0.004,+0.009,2,+0.000,+0.009,-0.00011,+0.009,-0.003,-0.017,+0.000,+0.004,-0.016,2,+0.000,+0.005,+0.00027,+0.005,+0.007,-0.010,+0.000,+0.004,-0.000,2,-0.002,+0.004,+0.015,-0.007
DRV,21838,+0.0000,+0.0000,+0.0000,+0.0000,+0.0000,+0.0000,+0.000,+0.000,-0.00065,-0.0011,+0.0000,+0.044,2,1,+0.000,+0.005,+0.00008,+0.005,+0.002,-0.010,+0.000,+0.004,-0.005,2,+0.000,+0.000,+0.00008,+0.000,+0.002,+0.000,+0.000,+0.004,+0.006,2,+0.000,+0.003,-0.00030,+0.003,-0.008,-0.006,+0.000,+0.004,-0.010,2,+0.000,+0.008,+0.00008,+0.008,+0.002,-0.015,+0.000,+0.004,-0.010,2,+0.013,+0.003,-0.015,-0.004
DRV,21842,+0.0000,+0.0000,+0.0000,+0.0000,+0.0000,+0.0000,+0.000,+0.000,-0.00065,-0.0011,+0.0000,+0.044,2,1,+0.000,+0.006,-0.00027,+0.006,-0.007,-0.011,+0.000,+0.004,-0.015,2,+0.000,+0.008,+0.00011,+0.008,+0.003,-0.016,+0.000,+0.004,-0.010,2,+0.000,-0.014,+0.00011,-0.014,+0.003,+0.028,+0.000,+0.004,+0.034,2,+0.000,+0.001,+0.00011,+0.001,+0.003,-0.002,+0.000,+0.004,+0.004,2,+0.007,-0.006,-0.010,+0.024
DRV,21846,+0.0000,+0.0000,+0.0000,+0.0000,+0.0000,+0.0000,+0.000,+0.000,-0.00066,-0.0011,+0.0000,+0.044,2,1,+0.000,+0.000,-0.00027,+0.000,-0.007,+0.000,+0.000,+0.004,-0.003,2,+0.000,+0.002,+0.00011,+0.002,+0.003,-0.004,+0.000,+0.004,+0.003,2,+0.000,-0.007,+0.00011,-0.007,+0.003,+0.013,+0.000,+0.004,+0.020,2,+0.000,-0.003,+0.00011,-0.003,+0.003,+0.006,+0.000,+0.004,+0.012,0,-0.003,-0.005,+0.009,+0.022
DRV,21850,+0.0000,+0.0000,+0.0000,+0.0000,+0.0000,+0.0000,+0.000,+0.000,-0.00065,+0.0010,+0.0000,-0.041,2,1,+0.000,-0.010,-0.00000,-0.010,-0.000,+0.020,+0.000,-0.003,+0.017,2,+0.000,+0.000,+0.00000,+0.000,+0.000,+0.000,+0.000,-0.003,-0.003,2,+0.000,+0.000,-0.00000,+0.000,-0.000,+0.000,+0.000,-0.003,-0.003,0,+0.000,-0.003,-0.00000,-0.003,-0.000,+0.006,+0.000,-0.003,+0.002,0,-0.013,+0.000,+0.019,-0.007
DRV,21854,+0.0000,+0.0000,+0.0000,+0.0000,+0.0000,+0.0000,+0.000,+0.000,-0.00065,+0.0010,+0.0000,-0.041,2,1,+0.000,+0.000,-0.00000,+0.000,-0.000,+0.000,+0.000,-0.003,-0.003,2,+0.000,-0.007,+0.00000,-0.007,+0.000,+0.013,+0.000,-0.003,+0.010,0,+0.000,+0.008,-0.00000,+0.008,-0.000,-0.015,+0.000,-0.003,-0.019,0,+0.000,+0.000,-0.00000,+0.000,-0.000,+0.000,+0.000,-0.003,-0.003,2,+0.000,+0.001,-0.007,-0.008
DRV,21858,+0.0000,+0.0000,+0.0000,+0.0000,+0.0000,+0.0000,+0.000,+0.000,-0.00065,-0.0006,+0.0000,+0.023,2,1,+0.000,+0.001,-0.00000,+0.001,-0.000,-0.002,+0.000,+0.002,-0.000,0,+0.000,+0.000,+0.00000,+0.000,+0.000,+0.000,+0.000,+0.002,+0.002,0,+0.000,+0.000,-0.00000,+0.000,-0.000,+0.000,+0.000,+0.002,+0.002,2,+0.000,+0.000,-0.00000,+0.000,-0.000,+0.000,+0.000,+0.002,+0.002,2,+0.001,+0.000,+0.002,+0.004
DRV,21862,+0.0000,+0.0000,+0.0000,+0.0000,+0.0000,+0.0000,+0.000,+0.000,-0.00065,-0.0006,+0.0000,+0.023,2,1,+0.000,+0.000,-0.00000,+0.000,-0.000,+0.000,+0.000,+0.002,+0.002,0,+0.000,+0.000,+0.00000,+0.000,+0.000,+0.000,+0.000,+0.002,+0.002,2,+0.000,-0.006,-0.00000,-0.006,-0.000,+0.011,+0.000,+0.002,+0.013,2,+0.000,-0.006,-0.00000,-0.006,-0.000,+0.011,+0.000,+0.002,+0.013,2,-0.006,-0.006,+0.015,+0.015
DRV,21866,+0.0000,+0.0000,+0.0000,+0.0000,+0.0000,+0.0000,+0.000,+0.000,-0.00065,+0.0010,+0.0000,-0.041,2,1,+0.000,+0.000,-0.00000,+0.000,-0.000,+0.000,+0.000,-0.003,-0.003,2,+0.000,+0.006,+0.00000,+0.006,+0.000,-0.011,+0.000,-0.003,-0.015,2,+0.000,+0.000,-0.00000,+0.000,-0.000,+0.000,+0.000,-0.003,-0.003,2,+0.000,+0.000,-0.00000,+0.000,-0.000,+0.000,+0.000,-0.003,-0.003,2,+0.000,+0.006,-0.007,-0.018
DRV,21870,+0.0000,+0.0000,+0.0000,+0.0000,+0.0000,+0.0000,+0.000,+0.000,-0.00065,+0.0010,+0.0000,-0.041,2,1,+0.000,+0.000,-0.00000,+0.000,-0.000,-0.001,+0.000,-0.003,-0.004,2,+0.000,+0.000,+0.00000,+0.000,+0.000,+0.000,+0.000,-0.003,-0.003,2,+0.000,+0.000,-0.00000,+0.000,-0.000,+0.000,+0.000,-0.003,-0.003,2,+0.000,+0.004,-0.00000,+0.004,-0.000,-0.009,+0.000,-0.003,-0.012,2,+0.005,+0.000,-0.016,-0.007
DRV,21874,+0.0000,+0.0000,+0.0000,+0.0000,+0.0000,+0.0000,+0.000,+0.000,-0.00064,+0.0005,+0.0000,-0.020,2,1,+0.000,+0.000,-0.00000,+0.000,-0.000,+0.000,+0.000,-0.002,-0.002,2,+0.000,-0.015,+0.00000,-0.015,+0.000,+0.031,+0.000,-0.002,+0.029,2,+0.000,-0.002,-0.00000,-0.002,-0.000,+0.005,+0.000,-0.002,+0.003,2,+0.000,+0.000,-0.00000,+0.000,-0.000,+0.000,+0.000,-0.002,-0.002,2,+0.000,-0.018,-0.003,+0.032
DRV,21878,+0.0000,+0.0000,+0.0000,+0.0000,+0.0000,+0.0000,+0.000,+0.000,-0.00064,+0.0005,+0.0000,-0.019,2,1,+0.000,-0.001,-0.00016,-0.001,-0.004,+0.002,+0.000,-0.002,-0.004,2,+0.000,-0.011,+0.00023,-0.011,+0.006,+0.023,+0.000,-0.002,+0.027,2,+0.000,-0.002,+0.00022,-0.002,+0.006,+0.005,+0.000,-0.002,+0.009,2,+0.000,-0.006,-0.00016,-0.006,-0.004,+0.012,+0.000,-0.002,+0.007,2,-0.007,-0.014,+0.003,+0.036
DRV,21882,+0.0000,+0.0000,+0.0000,+0.0000,+0.0000,+0.0000,+0.000,+0.000,-0.00064,+0.0005,+0.0000,-0.019,2,1,+0.000,+0.000,-0.00027,+0.000,-0.007,+0.000,+0.000,-0.002,-0.008,2,+0.000,+0.000,+0.00011,+0.000,+0.003,+0.000,+0.000,-0.002,+0.001,2,+0.000,+0.002,+0.00011,+0.002,+0.003,-0.004,+0.000,-0.002,-0.003,2,+0.000,-0.004,+0.00011,-0.004,+0.003,+0.008,+0.000,-0.002,+0.009,0,-0.004,+0.002,+0.001,-0.001
DRV,21886,+0.0000,+0.0000,+0.0000,+0.0000,+0.0000,+0.0000,+0.000,+0.000,-0.00064,+0.0005,+0.0000,-0.019,2,1,+0.000,+0.001,-0.00011,+0.001,-0.003,-0.002,+0.000,-0.002,-0.006,2,+0.000,+0.013,-0.00011,+0.013,-0.003,-0.027,+0.000,-0.002,-0.031,2,+0.000,+0.011,-0.00011,+0.011,-0.003,-0.023,+0.000,-0.002,-0.027,0,+0.000,+0.000,+0.00027,+0.000,+0.007,+0.000,+0.000,-0.002,+0.005,0,+0.001,+0.025,-0.001,-0.058
DRV,21890,+0.0000,+0.0000,+0.0000,+0.0000,+0.0000,+0.0000,+0.000,+0.000,-0.00063,+0.0010,+0.0000,-0.041,2,1,+0.000,+0.000,-0.00000,+0.000,-0.000,+0.000,+0.000,-0.003,-0.003,2,+0.000,+0.003,+0.00000,+0.003,+0.000,-0.006,+0.000,-0.003,-0.009,0,+0.000,+0.000,-0.00000,+0.000,-0.000,+0.000,+0.000,-0.003,-0.003,0,+0.000,+0.015,-0.00000,+0.015,-0.000,-0.030,+0.000,-0.003,-0.033,2,+0.015,+0.003,-0.036,-0.012
DRV,21894,+0.0000,+0.0000,+0.0000,+0.0000,+0.0000,+0.0000,+0.000,+0.000,-0.00063,+0.0010,+0.0000,-0.041,2,1,+0.000,+0.000,+0.00011,+0.000,+0.003,+0.000,+0.000,-0.003,-0.000,2,+0.000,-0.013,+0.00011,-0.013,+0.003,+0.026,+0.000,-0.003,+0.025,0,+0.000,-0.011,+0.00011,-0.011,+0.003,+0.022,+0.000,-0.003,+0.021,2,+0.000,+0.003,-0.00027,+0.003,-0.007,-0.007,+0.000,-0.003,-0.017,2,+0.003,-0.024,-0.017,+0.047
DRV,21898,+0.0000,+0.0000,+0.0000,+0.0000,+0.0000,+0.0000,+0.000,+0.000,-0.00063,+0.0010,+0.0000,-0.040,2,1,+0.000,+0.000,+0.00003,+0.000,+0.001,+0.000,+0.000,-0.003,-0.002,0,+0.000,-0.011,+0.00003,-0.011,+0.001,+0.023,+0.000,-0.003,+0.020,0,+0.000,-0.009,+0.00042,-0.009,+0.010,+0.018,+0.000,-0.003,+0.025,2,+0.000,-0.002,-0.00035,-0.002,-0.009,+0.004,+0.000,-0.003,-0.008,2,-0.002,-0.021,-0.011,+0.046
DRV,21902,+0.0000,+0.0000,+0.0000,+0.0000,+0.0000,+0.0000,+0.000,+0.000,-0.00062,+0.0010,+0.0000,-0.040,2,1,+0.000,+0.000,-0.00016,+0.000,-0.004,+0.000,+0.000,-0.003,-0.007,0,+0.000,-0.002,+0.00023,-0.002,+0.006,+0.004,+0.000,-0.003,+0.006,2,+0.000,-0.003,+0.00022,-0.003,+0.006,+0.006,+0.000,-0.003,+0.008,2,+0.000,-0.011,-0.00016,-0.011,-0.004,+0.023,+0.000,-0.003,+0.016,2,-0.011,-0.005,+0.008,+0.014
DRV,21906,+0.0000,+0.0000,+0.0000,+0.0000,+0.0000,+0.0000,+0.000,+0.000,-0.00062,-0.0001,+0.0000,+0.002,2,1,+0.000,+0.000,-0.00011,+0.000,-0.003,+0.000,+0.000,+0.000,-0.003,2,+0.000,+0.009,-0.00011,+0.009,-0.003,-0.017,+0.000,+0.000,-0.020,2,+0.000,+0.014,-0.00011,+0.014,-0.003,-0.029,+0.000,+0.000,-0.031,2,+0.000,-0.003,+0.00027,-0.003,+0.007,+0.006,+0.000,+0.000,+0.013,2,-0.003,+0.023,+0.010,-0.051
DRV,21910,+0.0000,+0.0000,+0.0000,+0.0000,+0.0000,+0.0000,+0.000,+0.000,-0.00062,-0.0001,+0.0000,+0.002,2,1,+0.000,+0.000,-0.00011,+0.000,-0.003,+0.000,+0.000,+0.000,-0.003,2,+0.000,+0.008,-0.00011,+0.008,-0.003,-0.016,+0.000,+0.000,-0.019,2,+0.000,+0.010,-0.00011,+0.010,-0.003,-0.021,+0.000,+0.000,-0.024,2,+0.000,+0.007,+0.00027,+0.007,+0.007,-0.014,+0.000,+0.000,-0.007,2,+0.007,+0.019,-0.010,-0.042
DRV,21914,+0.0000,+0.0000,+0.0000,+0.0000,+0.0000,+0.0000,+0.000,+0.000,-0.00062,+0.0010,+0.0000,-0.040,2,1,+0.000,+0.000,-0.00000,+0.000,-0.000,+0.000,+0.000,-0.003,-0.003,2,+0.000,+0.000,+0.00000,+0.000,+0.000,+0.000,+0.000,-0.003,-0.003,2,+0.000,+0.000,-0.00000,+0.000,-0.000,+0.000,+0.000,-0.003,-0.003,2,+0.000,+0.008,-0.00000,+0.008,-0.000,-0.016,+0.000,-0.003,-0.019,2,+0.008,+0.000,-0.023,-0.006
DRV,21918,+0.0000,+0.0000,+0.0000,+0.0000,+0.0000,+0.0000,+0.000,+0.000,-0.00062,+0.0010,+0.0000,-0.040,2,1,+0.000,+0.000,+0.00011,+0.000,+0.003,+0.000,+0.000,-0.003,-0.000,2,+0.000,-0.016,+0.00011,-0.016,+0.003,+0.032,+0.000,-0.003,+0.032,2,+0.000,-0.017,+0.00011,-0.017,+0.003,+0.034,+0.000,-0.003,+0.034,2,+0.000,+0.002,-0.00027,+0.002,-0.007,-0.005,+0.000,-0.003,-0.015,2,+0.002,-0.033,-0.015,+0.066
DRV,21922,+0.0000,+0.0000,+0.0000,+0.0000,+0.0000,+0.0000,+0.000,+0.000,-0.00062,-0.0006,+0.0000,+0.024,2,1,+0.000,+0.000,-0.00016,+0.000,-0.004,+0.000,+0.000,+0.002,-0.002,2,+0.000,-0.003,+0.00023,-0.003,+0.006,+0.007,+0.000,+0.002,+0.014,2,+0.000,-0.004,+0.00022,-0.004,+0.006,+0.008,+0.000,+0.002,+0.015,2,+0.000,-0.010,-0.00016,-0.010,-0.004,+0.019,+0.000,+0.002,+0.017,0,-0.010,-0.007,+0.015,+0.029
DRV,21926,+0.0000,+0.0000,+0.0000,+0.0000,+0.0000,+0.0000,+0.000,+0.000,-0.00062,-0.0006,+0.0000,+0.024,2,1,+0.000,+0.002,-0.00016,+0.002,-0.004,-0.004,+0.000,+0.002,-0.006,2,+0.000,+0.003,+0.00023,+0.003,+0.006,-0.007,+0.000,+0.002,+0.001,2,+0.000,+0.001,+0.00022,+0.001,+0.006,-0.002,+0.000,+0.002,+0.006,0,+0.000,-0.007,-0.00016,-0.007,-0.004,+0.014,+0.000,+0.002,+0.012,0,-0.005,+0.004,+0.006,+0.006
DRV,21930,+0.0000,+0.0000,+0.0000,+0.0000,+0.0000,+0.0000,+0.000,+0.000,-0.00062,+0.0010,+0.0000,-0.040,2,1,+0.000,+0.000,-0.00011,+0.000,-0.003,+0.000,+0.000,-0.003,-0.006,2,+0.000,+0.015,-0.00011,+0.015,-0.003,-0.031,+0.000,-0.003,-0.037,0,+0.000,+0.018,-0.00011,+0.018,-0.003,-0.036,+0.000,-0.003,-0.042,0,+0.000,-0.001,+0.00027,-0.001,+0.007,+0.002,+0.000,-0.003,+0.005,2,-0.001,+0.033,-0.001,-0.079
DRV,21934,+0.0000,+0.0000,+0.0000,+0.0000,+0.0000,+0.0000,+0.000,+0.000,-0.00061,+0.0010,+0.0000,-0.040,2,1,+0.000,+0.000,+0.00008,+0.000,+0.002,+0.000,+0.000,-0.003,-0.001,0,+0.000,+0.000,+0.00008,+0.000,+0.002,-0.001,+0.000,-0.003,-0.002,0,+0.000,+0.014,-0.00030,+0.014,-0.008,-0.029,+0.000,-0.003,-0.039,2,+0.000,+0.009,+0.00008,+0.009,+0.002,-0.017,+0.000,-0.003,-0.018,2,+0.009,+0.015,-0.020,-0.042
DRV,21938,+0.0000,+0.0000,+0.0000,+0.0000,+0.0000,+0.0000,+0.000,+0.000,-0.00061,-0.0006,+0.0000,+0.024,2,1,+0.000,+0.000,+0.00019,+0.000,+0.005,+0.000,+0.000,+0.002,+0.007,0,+0.000,-0.010,+0.00019,-0.010,+0.005,+0.020,+0.000,+0.002,+0.027,2,+0.000,-0.005,-0.00019,-0.005,-0.005,+0.010,+0.000,+0.002,+0.007,2,+0.000,+0.009,-0.00019,+0.009,-0.005,-0.017,+0.000,+0.002,-0.020,2,+0.009,-0.015,-0.013,+0.033
DRV,21942,+0.0000,+0.0000,+0.0000,+0.0000,+0.0000,+0.0000,+0.000,+0.000,-0.00061,-0.0003,+0.0000,+0.013,2,1,+0.000,+0.000,+0.00011,+0.000,+0.003,+0.000,+0.000,+0.001,+0.004,2,+0.000,-0.005,+0.00011,-0.005,+0.003,+0.010,+0.000,+0.001,+0.013,2,+0.000,-0.009,+0.00011,-0.009,+0.003,+0.017,+0.000,+0.001,+0.021,2,+0.000,+0.000,-0.00027,+0.000,-0.007,+0.000,+0.000,+0.001,-0.006,2,+0.000,-0.013,-0.002,+0.034
DRV,21946,+0.0000,+0.0000,+0.0000,+0.0000,+0.0000,+0.0000,+0.000,+0.000,-0.00061,-0.0001,+0.0000,+0.002,2,1,+0.000,+0.004,-0.00043,+0.004,-0.011,-0.009,+0.000,+0.000,-0.019,2,+0.000,-0.001,+0.00034,-0.001,+0.008,+0.002,+0.000,+0.000,+0.011,2,+0.000,-0.005,+0.00034,-0.005,+0.008,+0.010,+0.000,+0.000,+0.018,2,+0.000,-0.017,-0.00005,-0.017,-0.001,+0.034,+0.000,+0.000,+0.033,2,-0.013,-0.006,+0.014,+0.029
DRV,21950,+0.0000,+0.0000,+0.0000,+0.0000,+0.0000,+0.0000,+0.000,+0.000,-0.00062,-0.0009,+0.0000,+0.034,2,1,+0.000,+0.000,-0.00035,+0.000,-0.009,+0.000,+0.000,+0.003,-0.006,2,+0.000,+0.011,+0.00003,+0.011,+0.001,-0.022,+0.000,+0.003,-0.018,2,+0.000,+0.006,+0.00042,+0.006,+0.010,-0.011,+0.000,+0.003,+0.002,2,+0.000,-0.005,+0.00003,-0.005,+0.001,+0.010,+0.000,+0.003,+0.013,2,-0.005,+0.017,+0.007,-0.017
DRV,21954,+0.0000,+0.0000,+0.0000,+0.0000,+0.0000,+0.0000,+0.000,+0.000,-0.00062,-0.0017,+0.0000,+0.066,2,1,+0.000,-0.010,-0.00030,-0.010,-0.008,+0.021,+0.000,+0.005,+0.019,2,+0.000,+0.008,-0.00030,+0.008,-0.008,-0.015,+0.000,+0.005,-0.018,2,+0.000,+0.012,+0.00008,+0.012,+0.002,-0.025,+0.000,+0.005,-0.018,2,+0.000,+0.000,+0.00046,+0.000,+0.012,+0.000,+0.000,+0.005,+0.017,2,-0.010,+0.020,+0.036,-0.035
DRV,21958,+0.0000,+0.0000,+0.0000,+0.0000,+0.0000,+0.0000,+0.000,+0.000,-0.00063,-0.0006,+0.0000,+0.023,2,1,+0.000,+0.000,-0.00011,+0.000,-0.003,+0.000,+0.000,+0.002,-0.001,2,+0.000,+0.000,-0.00011,+0.000,-0.003,+0.000,+0.000,+0.002,-0.001,2,+0.000,+0.000,-0.00011,+0.000,-0.003,+0.000,+0.000,+0.002,-0.001,2,+0.000,+0.016,+0.00027,+0.016,+0.007,-0.031,+0.000,+0.002,-0.023,0,+0.016,+0.000,-0.024,-0.002
DRV,21962,+0.0000,+0.0000,+0.0000,+0.0000,+0.0000,+0.0000,+0.000,+0.000,-0.00063,+0.0005,+0.0000,-0.019,2,1,+0.000,+0.003,-0.00016,+0.003,-0.004,-0.006,+0.000,-0.002,-0.011,2,+0.000,-0.013,+0.00023,-0.013,+0.006,+0.027,+0.000,-0.002,+0.031,2,+0.000,-0.008,+0.00022,-0.008,+0.006,+0.015,+0.000,-0.002,+0.019,0,+0.000,+0.000,-0.00016,+0.000,-0.004,+0.000,+0.000,-0.002,-0.006,0,+0.003,-0.021,-0.017,+0.050
DRV,21966,+0.0000,+0.0000,+0.0000,+0.0000,+0.0000,+0.0000,+0.000,+0.000,-0.00063,-0.0003,+0.0000,+0.013,2,1,+0.000,+0.000,-0.00024,+0.000,-0.006,+0.000,+0.000,+0.001,-0.005,2,+0.000,-0.003,+0.00053,-0.003,+0.013,+0.006,+0.000,+0.001,+0.020,0,+0.000,-0.013,+0.00015,-0.013,+0.004,+0.027,+0.000,+0.001,+0.031,0,+0.000,+0.000,-0.00024,+0.000,-0.006,+0.000,+0.000,+0.001,-0.005,2,+0.000,-0.016,-0.010,+0.051
DRV,21970,+0.0000,+0.0000,+0.0000,+0.0000,+0.0000,+0.0000,+0.000,+0.000,-0.00063,-0.0011,+0.0000,+0.045,2,1,+0.000,-0.006,-0.00016,-0.006,-0.004,+0.012,+0.000,+0.004,+0.012,0,+0.000,+0.000,+0.00023,+0.000,+0.006,+0.000,+0.000,+0.004,+0.009,2,+0.000,-0.005,+0.00022,-0.005,+0.006,+0.010,+0.000,+0.004,+0.020,2,+0.000,-0.014,-0.00016,-0.014,-0.004,+0.028,+0.000,+0.004,+0.027,2,-0.020,-0.005,+0.039,+0.029
DRV,21974,+0.0000,+0.0000,+0.0000,+0.0000,+0.0000,+0.0000,+0.000,+0.000,-0.00063,-0.0008,+0.0000,+0.034,2,1,+0.000,+0.000,-0.00019,+0.000,-0.005,+0.000,+0.000,+0.003,-0.002,0,+0.000,+0.015,-0.00019,+0.015,-0.005,-0.031,+0.000,+0.003,-0.033,2,+0.000,+0.007,+0.00019,+0.007,+0.005,-0.013,+0.000,+0.003,-0.006,2,+0.000,-0.001,+0.00019,-0.001,+0.005,+0.003,+0.000,+0.003,+0.010,2,-0.001,+0.022,+0.008,-0.038
DRV,21978,+0.0000,+0.0000,+0.0000,+0.0000,+0.0000,+0.0000,+0.000,+0.000,-0.00064,-0.0006,+0.0000,+0.023,2,1,+0.000,+0.008,-0.00038,+0.008,-0.010,-0.015,+0.000,+0.002,-0.023,2,+0.000,+0.003,+0.00000,+0.003,+0.000,-0.007,+0.000,+0.002,-0.005,2,+0.000,+0.013,-0.00000,+0.013,-0.000,-0.026,+0.000,+0.002,-0.024,2,+0.000,+0.006,+0.00038,+0.006,+0.010,-0.012,+0.000,+0.002,-0.001,2,+0.014,+0.016,-0.024,-0.029
DRV,21982,+0.0000,+0.0000,+0.0000,+0.0000,+0.0000,+0.0000,+0.000,+0.000,-0.00064,-0.0008,+0.0000,+0.034,2,1,+0.000,+0.000,-0.00019,+0.000,-0.005,+0.000,+0.000,+0.003,-0.002,2,+0.000,-0.008,+0.00019,-0.008,+0.005,+0.016,+0.000,+0.003,+0.024,2,+0.000,+0.000,-0.00019,+0.000,-0.005,+0.000,+0.000,+0.003,-0.002,2,+0.000,+0.014,+0.00019,+0.014,+0.005,-0.029,+0.000,+0.003,-0.021,2,+0.014,-0.008,-0.023,+0.022
DRV,21986,+0.0000,+0.0000,+0.0000,+0.0000,+0.0000,+0.0000,+0.000,+0.000,-0.00064,-0.0011,+0.0000,+0.044,2,1,+0.000,-0.006,-0.00024,-0.006,-0.006,+0.012,+0.000,+0.004,+0.010,2,+0.000,-0.007,+0.00053,-0.007,+0.013,+0.014,+0.000,+0.004,+0.031,2,+0.000,-0.009,+0.00015,-0.009,+0.004,+0.017,+0.000,+0.004,+0.024,2,+0.000,+0.000,-0.00024,+0.000,-0.006,+0.000,+0.000,+0.004,-0.002,2,-0.006,-0.016,+0.008,+0.055
DRV,21990,+0.0000,+0.0000,+0.0000,+0.0000,+0.0000,+0.0000,+0.000,+0.000,-0.00065,-0.0011,+0.0000,+0.044,2,1,+0.000,+0.000,+0.00003,+0.000,+0.001,+0.000,+0.000,+0.004,+0.004,2,+0.000,+0.000,+0.00042,+0.000,+0.010,+0.000,+0.000,+0.004,+0.014,2,+0.000,-0.007,+0.00003,-0.007,+0.001,+0.013,+0.000,+0.004,+0.018,2,+0.000,-0.009,-0.00035,-0.009,-0.009,+0.017,+0.000,+0.004,+0.012,2,-0.009,-0.007,+0.016,+0.032
DRV,21994,+0.0000,+0.0000,+0.0000,+0.0000,+0.0000,+0.0000,+0.000,+0.000,-0.00065,-0.0011,+0.0000,+0.044,2,1,+0.000,+0.013,-0.00027,+0.013,-0.007,-0.027,+0.000,+0.004,-0.030,2,+0.000,+0.007,+0.00011,+0.007,+0.003,-0.013,+0.000,+0.004,-0.007,2,+0.000,+0.000,+0.00011,+0.000,+0.003,+0.000,+0.000,+0.004,+0.006,2,+0.000,-0.014,+0.00011,-0.014,+0.003,+0.028,+0.000,+0.004,+0.034,0,-0.000,+0.007,+0.004,-0.001
DRV,21998,+0.0000,+0.0000,+0.0000,+0.0000,+0.0000,+0.0000,+0.000,+0.000,-0.00065,-0.0000,+0.0000,+0.002,2,1,+0.000,+0.000,-0.00038,+0.000,-0.010,+0.000,+0.000,+0.000,-0.009,2,+0.000,+0.001,+0.00000,+0.001,+0.000,-0.003,+0.000,+0.000,-0.003,2,+0.000,+0.008,-0.00000,+0.008,-0.000,-0.016,+0.000,+0.000,-0.016,0,+0.000,+0.000,+0.00038,+0.000,+0.010,+0.000,+0.000,+0.000,+0.010,0,+0.000,+0.010,+0.000,-0.019
DRV,22002,+0.0000,+0.0000,+0.0000,+0.0000,+0.0000,+0.0000,+0.000,+0.000,-0.00065,+0.0010,+0.0000,-0.041,2,1,+0.000,-0.009,-0.00027,-0.009,-0.007,+0.017,+0.000,-0.003,+0.007,2,+0.000,-0.013,+0.00011,-0.013,+0.003,+0.027,+0.000,-0.003,+0.026,0,+0.000,+0.001,+0.00011,+0.001,+0.003,-0.003,+0.000,-0.003,-0.003,0,+0.000,+0.010,+0.00011,+0.010,+0.003,-0.019,+0.000,-0.003,-0.020,2,+0.001,-0.012,-0.012,+0.023
DRV,22006,+0.0000,+0.0000,+0.0000,+0.0000,+0.0000,+0.0000,+0.000,+0.000,-0.00065,+0.0005,+0.0000,-0.020,2,1,+0.000,-0.001,-0.00008,-0.001,-0.002,+0.002,+0.000,-0.002,-0.002,2,+0.000,-0.003,+0.00030,-0.003,+0.008,+0.006,+0.000,-0.002,+0.012,0,+0.000,-0.003,-0.00008,-0.003,-0.002,+0.007,+0.000,-0.002,+0.003,2,+0.000,+0.013,-0.00008,+0.013,-0.002,-0.027,+0.000,-0.002,-0.030,2,+0.012,-0.006,-0.032,+0.015
DRV,22010,+0.0000,+0.0000,+0.0000,+0.0000,+0.0000,+0.0000,+0.000,+0.000,-0.00065,-0.0000,+0.0000,+0.002,2,1,+0.000,+0.001,+0.00003,+0.001,+0.001,-0.003,+0.000,+0.000,-0.002,0,+0.000,+0.000,+0.00042,+0.000,+0.010,+0.000,+0.000,+0.000,+0.011,0,+0.000,-0.005,+0.00003,-0.005,+0.001,+0.010,+0.000,+0.000,+0.011,2,+0.000,+0.000,-0.00035,+0.000,-0.009,+0.000,+0.000,+0.000,-0.009,2,+0.001,-0.005,-0.011,+0.022
DRV,22014,+0.0000,+0.0000,+0.0000,+0.0000,+0.0000,+0.0000,+0.000,+0.000,-0.00065,-0.0003,+0.0000,+0.012,2,1,+0.000,+0.005,-0.00035,+0.005,-0.009,-0.010,+0.000,+0.001,-0.018,0,+0.000,+0.015,+0.00003,+0.015,+0.001,-0.030,+0.000,+0.001,-0.028,2,+0.000,-0.002,+0.00042,-0.002,+0.010,+0.005,+0.000,+0.001,+0.016,2,+0.000,-0.018,+0.00003,-0.018,+0.001,+0.035,+0.000,+0.001,+0.037,2,-0.012,+0.012,+0.019,-0.012
DRV,22018,+0.0000,+0.0000,+0.0000,+0.0000,+0.0000,+0.0000,+0.000,+0.000,-0.00065,-0.0006,+0.0000,+0.023,2,1,+0.000,+0.000,-0.00030,+0.000,-0.008,+0.000,+0.000,+0.002,-0.006,2,+0.000,+0.010,-0.00030,+0.010,-0.008,-0.020,+0.000,+0.002,-0.026,2,+0.000,+0.011,+0.00008,+0.011,+0.002,-0.022,+0.000,+0.002,-0.018,2,+0.000,-0.008,+0.00046,-0.008,+0.012,+0.016,+0.000,+0.002,+0.030,2,-0.008,+0.021,+0.024,-0.044
DRV,22022,+0.0000,+0.0000,+0.0000,+0.0000,+0.0000,+0.0000,+0.000,+0.000,-0.00065,-0.0006,+0.0000,+0.023,2,1,+0.000,-0.002,-0.00003,-0.002,-0.001,+0.005,+0.000,+0.002,+0.006,2,+0.000,+0.000,-0.00042,+0.000,-0.010,+0.000,+0.000,+0.002,-0.009,2,+0.000,+0.009,-0.00003,+0.009,-0.001,-0.017,+0.000,+0.002,-0.016,2,+0.000,+0.000,+0.00035,+0.000,+0.009,+0.000,+0.000,+0.002,+0.011,2,-0.002,+0.009,+0.016,-0.025
DRV,22026,+0.0000,+0.0000,+0.0000,+0.0000,+0.0000,+0.0000,+0.000,+0.000,-0.00066,-0.0006,+0.0000,+0.023,2,1,+0.000,+0.000,+0.00008,+0.000,+0.002,+0.000,+0.000,+0.002,+0.004,2,+0.000,-0.016,+0.00008,-0.016,+0.002,+0.032,+0.000,+0.002,+0.036,2,+0.000,+0.000,-0.00030,+0.000,-0.008,+0.000,+0.000,+0.002,-0.006,2,+0.000,+0.014,+0.00008,+0.014,+0.002,-0.028,+0.000,+0.002,-0.024,2,+0.014,-0.016,-0.020,+0.030
DRV,22030,+0.0000,+0.0000,+0.0000,+0.0000,+0.0000,+0.0000,+0.000,+0.000,-0.00066,-0.0006,+0.0000,+0.023,2,1,+0.000,+0.012,-0.00035,+0.012,-0.009,-0.025,+0.000,+0.002,-0.032,2,+0.000,-0.005,+0.00042,-0.005,+0.010,+0.010,+0.000,+0.002,+0.023,2,+0.000,-0.011,+0.00003,-0.011,+0.001,+0.023,+0.000,+0.002,+0.026,2,+0.000,+0.005,+0.00003,+0.005,+0.001,-0.010,+0.000,+0.002,-0.007,2,+0.017,-0.017,-0.039,+0.048
DRV,22034,+0.0000,+0.0000,+0.0000,+0.0000,+0.0000,+0.0000,+0.000,+0.000,-0.00066,-0.0006,+0.0000,+0.023,2,1,+0.000,+0.000,-0.00032,+0.000,-0.008,+0.000,+0.000,+0.002,-0.006,2,+0.000,+0.009,+0.00045,+0.009,+0.011,-0.017,+0.000,+0.002,-0.004,2,+0.000,-0.007,+0.00045,-0.007,+0.011,+0.014,+0.000,+0.002,+0.027,2,+0.000,+0.000,-0.00032,+0.000,-0.008,+0.000,+0.000,+0.002,-0.006,0,+0.000,+0.001,-0.012,+0.023
DRV,22038,+0.0000,+0.0000,+0.0000,+0.0000,+0.0000,+0.0000,+0.000,+0.000,-0.00066,+0.0002,+0.0000,-0.009,2,1,+0.000,-0.009,-0.00035,-0.009,-0.009,+0.017,+0.000,-0.001,+0.008,2,+0.000,+0.008,+0.00003,+0.008,+0.001,-0.016,+0.000,-0.001,-0.016,2,+0.000,+0.000,+0.00042,+0.000,+0.010,+0.000,+0.000,-0.001,+0.010,0,+0.000,-0.016,+0.00003,-0.016,+0.001,+0.031,+0.000,-0.001,+0.032,0,-0.024,+0.008,+0.039,-0.006
DRV,22042,+0.0000,+0.0000,+0.0000,+0.0000,+0.0000,+0.0000,+0.000,+0.000,-0.00066,+0.0010,+0.0000,-0.041,2,1,+0.000,+0.000,-0.00000,+0.000,-0.000,+0.000,+0.000,-0.003,-0.003,2,+0.000,+0.000,+0.00000,+0.000,+0.000,+0.000,+0.000,-0.003,-0.003,0,+0.000,+0.016,-0.00000,+0.016,-0.000,-0.031,+0.000,-0.003,-0.035,0,+0.000,-0.003,-0.00000,-0.003,-0.000,+0.007,+0.000,-0.003,+0.003,2,-0.003,+0.016,+0.000,-0.038
DRV,22046,+0.0000,+0.0000,+0.0000,+0.0000,+0.0000,+0.0000,+0.000,+0.000,-0.00065,+0.0005,+0.0000,-0.020,2,1,+0.000,+0.000,-0.00003,+0.000,-0.001,+0.000,+0.000,-0.002,-0.002,0,+0.000,-0.012,-0.00003,-0.012,-0.001,+0.024,+0.000,-0.002,+0.021,0,+0.000,+0.003,-0.00042,+0.003,-0.010,-0.007,+0.000,-0.002,-0.019,2,+0.000,+0.000,+0.00035,+0.000,+0.009,+0.000,+0.000,-0.002,+0.007,2,+0.000,-0.009,+0.005,+0.003
DRV,22050,+0.0000,+0.0000,+0.0000,+0.0000,+0.0000,+0.0000,+0.000,+0.000,-0.00065,-0.0000,+0.0000,+0.002,2,1,+0.000,+0.000,-0.00008,+0.000,-0.002,+0.000,+0.000,+0.000,-0.002,0,+0.000,-0.014,+0.00030,-0.014,+0.008,+0.029,+0.000,+0.000,+0.036,2,+0.000,-0.006,-0.00008,-0.006,-0.002,+0.011,+0.000,+0.000,+0.010,2,+0.000,+0.012,-0.00008,+0.012,-0.002,-0.024,+0.000,+0.000,-0.026,2,+0.012,-0.020,-0.028,+0.046
DRV,22054,+0.0000,+0.0000,+0.0000,+0.0000,+0.0000,+0.0000,+0.000,+0.000,-0.00065,-0.0006,+0.0000,+0.023,2,1,+0.000,+0.000,+0.00003,+0.000,+0.001,+0.000,+0.000,+0.002,+0.003,2,+0.000,+0.000,+0.00042,+0.000,+0.010,+0.000,+0.000,+0.002,+0.012,2,+0.000,-0.008,+0.00003,-0.008,+0.001,+0.016,+0.000,+0.002,+0.019,2,+0.000,+0.004,-0.00035,+0.004,-0.009,-0.009,+0.000,+0.002,-0.016,2,+0.004,-0.008,-0.013,+0.031
DRV,22058,+0.0000,+0.0000,+0.0000,+0.0000,+0.0000,+0.0000,+0.000,+0.000,-0.00066,-0.0011,+0.0000,+0.044,2,1,+0.000,+0.002,-0.00024,+0.002,-0.006,-0.005,+0.000,+0.004,-0.007,2,+0.000,+0.014,+0.00015,+0.014,+0.004,-0.028,+0.000,+0.004,-0.020,2,+0.000,-0.005,+0.00053,-0.005,+0.013,+0.010,+0.000,+0.004,+0.026,2,+0.000,-0.007,-0.00024,-0.007,-0.006,+0.013,+0.000,+0.004,+0.011,2,-0.004,+0.009,+0.004,+0.006
DRV,22062,+0.0000,+0.0000,+0.0000,+0.0000,+0.0000,+0.0000,+0.000,+0.000,-0.00066,-0.0006,+0.0000,+0.023,2,1,+0.000,+0.002,-0.00027,+0.002,-0.007,-0.005,+0.000,+0.002,-0.010,2,+0.000,+0.014,-0.00027,+0.014,-0.007,-0.028,+0.000,+0.002,-0.033,2,+0.000,+0.010,+0.00050,+0.010,+0.012,-0.021,+0.000,+0.002,-0.007,2,+0.000,-0.011,+0.00011,-0.011,+0.003,+0.023,+0.000,+0.002,+0.028,2,-0.009,+0.024,+0.018,-0.039
DRV,22066,+0.0000,+0.0000,+0.0000,+0.0000,+0.0000,+0.0000,+0.000,+0.000,-0.00066,-0.0000,+0.0000,+0.001,2,1,+0.000,+0.000,-0.00019,+0.000,-0.005,+0.000,+0.000,+0.000,-0.005,2,+0.000,+0.000,-0.00019,+0.000,-0.005,+0.000,+0.000,+0.000,-0.005,2,+0.000,+0.002,+0.00019,+0.002,+0.005,-0.004,+0.000,+0.000,+0.001,2,+0.000,-0.001,+0.00019,-0.001,+0.005,+0.002,+0.000,+0.000,+0.007,2,-0.001,+0.002,+0.002,-0.004
DRV,22070,+0.0000,+0.0000,+0.0000,+0.0000,+0.0000,+0.0000,+0.000,+0.000,-0.00066,-0.0000,+0.0000,+0.001,2,1,+0.000,-0.007,-0.00000,-0.007,-0.000,+0.014,+0.000,+0.000,+0.014,2,+0.000,-0.019,+0.00000,-0.019,+0.000,+0.037,+0.000,+0.000,+0.037,2,+0.000,+0.004,-0.00000,+0.004,-0.000,-0.009,+0.000,+0.000,-0.008,2,+0.000,+0.013,-0.00000,+0.013,-0.000,-0.027,+0.000,+0.000,-0.027,0,+0.006,-0.014,-0.012,+0.029
DRV,22074,+0.0000,+0.0000,+0.0000,+0.0000,+0.0000,+0.0000,+0.000,+0.000,-0.00066,-0.0000,+0.0000,+0.001,2,1,+0.000,+0.000,-0.00000,+0.000,-0.000,+0.000,+0.000,+0.000,+0.000,2,+0.000,-0.003,+0.00038,-0.003,+0.010,+0.006,+0.000,+0.000,+0.015,2,+0.000,+0.000,-0.00038,+0.000,-0.010,+0.000,+0.000,+0.000,-0.009,0,+0.000,+0.008,-0.00000,+0.008,-0.000,-0.016,+0.000,+0.000,-0.016,2,+0.008,-0.003,-0.016,+0.006
DRV,22078,+0.0000,+0.0000,+0.0000,+0.0000,+0.0000,+0.0000,+0.000,+0.000,-0.00066,-0.0000,+0.0000,+0.001,2,1,+0.000,+0.010,-0.00024,+0.010,-0.006,-0.019,+0.000,+0.000,-0.025,2,+0.000,+0.008,+0.00053,+0.008,+0.013,-0.016,+0.000,+0.000,-0.003,0,+0.000,-0.020,+0.00015,-0.020,+0.004,+0.040,+0.000,+0.000,+0.044,0,+0.000,+0.000,-0.00024,+0.000,-0.006,+0.000,+0.000,+0.000,-0.006,2,+0.010,-0.012,-0.031,+0.041
DRV,22082,+0.0000,+0.0000,+0.0000,+0.0000,+0.0000,+0.0000,+0.000,+0.000,-0.00066,-0.0000,+0.0000,+0.001,2,1,+0.000,+0.000,-0.00027,+0.000,-0.007,+0.000,+0.000,+0.000,-0.007,0,+0.000,+0.006,+0.00011,+0.006,+0.003,-0.012,+0.000,+0.000,-0.009,0,+0.000,-0.006,+0.00011,-0.006,+0.003,+0.011,+0.000,+0.000,+0.014,2,+0.000,-0.010,+0.00011,-0.010,+0.003,+0.020,+0.000,+0.000,+0.023,2,-0.010,+0.000,+0.016,+0.005
DRV,22086,+0.0000,+0.0000,+0.0000,+0.0000,+0.0000,+0.0000,+0.000,+0.000,-0.00066,+0.0002,+0.0000,-0.009,2,1,+0.000,-0.011,-0.00046,-0.011,-0.012,+0.022,+0.000,-0.001,+0.010,2,+0.000,+0.003,-0.00008,+0.003,-0.002,-0.006,+0.000,-0.001,-0.008,2,+0.000,+0.000,+0.00030,+0.000,+0.008,+0.000,+0.000,-0.001,+0.007,2,+0.000,-0.013,+0.00030,-0.013,+0.008,+0.027,+0.000,-0.001,+0.034,2,-0.024,+0.003,+0.043,-0.002
DRV,22090,+0.0000,+0.0000,+0.0000,+0.0000,+0.0000,+0.0000,+0.000,+0.000,-0.00066,+0.0005,+0.0000,-0.020,2,1,+0.000,+0.000,-0.00011,+0.000,-0.003,+0.000,+0.000,-0.002,-0.004,2,+0.000,-0.009,-0.00011,-0.009,-0.003,+0.017,+0.000,-0.002,+0.013,2,+0.000,+0.009,-0.00011,+0.009,-0.003,-0.017,+0.000,-0.002,-0.022,2,+0.000,+0.000,+0.00027,+0.000,+0.007,+0.000,+0.000,-0.002,+0.005,2,+0.000,+0.000,+0.001,-0.009
DRV,22094,+0.0000,+0.0000,+0.0000,+0.0000,+0.0000,+0.0000,+0.000,+0.000,-0.00066,-0.0003,+0.0000,+0.012,2,1,+0.000,+0.004,-0.00027,+0.004,-0.007,-0.008,+0.000,+0.001,-0.013,2,+0.000,-0.010,+0.00050,-0.010,+0.012,+0.020,+0.000,+0.001,+0.033,2,+0.000,+0.000,-0.00027,+0.000,-0.007,-0.001,+0.000,+0.001,-0.007,2,+0.000,+0.017,+0.00011,+0.017,+0.003,-0.033,+0.000,+0.001,-0.030,2,+0.021,-0.010,-0.043,+0.027
DRV,22098,+0.0000,+0.0000,+0.0000,+0.0000,+0.0000,+0.0000,+0.000,+0.000,-0.00066,-0.0011,+0.0000,+0.044,2,1,+0.000,+0.000,-0.00035,+0.000,-0.009,+0.000,+0.000,+0.004,-0.005,2,+0.000,+0.000,+0.00042,+0.000,+0.010,+0.000,+0.000,+0.004,+0.014,2,+0.000,-0.004,+0.00003,-0.004,+0.001,+0.008,+0.000,+0.004,+0.012,2,+0.000,+0.009,+0.00003,+0.009,+0.001,-0.017,+0.000,+0.004,-0.013,2,+0.009,-0.004,-0.018,+0.026
DRV,22102,+0.0000,+0.0000,+0.0000,+0.0000,+0.0000,+0.0000,+0.000,+0.000,-0.00067,-0.0003,+0.0000,+0.012,2,1,+0.000,-0.006,-0.00027,-0.006,-0.007,+0.012,+0.000,+0.001,+0.007,2,+0.000,+0.011,+0.00011,+0.011,+0.003,-0.023,+0.000,+0.001,-0.019,2,+0.000,-0.007,+0.00011,-0.007,+0.003,+0.013,+0.000,+0.001,+0.017,2,+0.000,+0.000,+0.00011,+0.000,+0.003,+0.000,+0.000,+0.001,+0.004,2,-0.006,+0.005,+0.010,-0.002
DRV,22106,+0.0000,+0.0000,+0.0000,+0.0000,+0.0000,+0.0000,+0.000,+0.000,-0.00067,+0.0005,+0.0000,-0.020,2,1,+0.000,+0.000,-0.00008,+0.000,-0.002,+0.000,+0.000,-0.002,-0.004,2,+0.000,+0.010,-0.00008,+0.010,-0.002,-0.019,+0.000,-0.002,-0.023,2,+0.000,+0.000,+0.00030,+0.000,+0.008,+0.000,+0.000,-0.002,+0.006,2,+0.000,-0.003,-0.00008,-0.003,-0.002,+0.006,+0.000,-0.002,+0.002,0,-0.003,+0.010,-0.001,-0.017
DRV,22110,+0.0000,+0.0000,+0.0000,+0.0000,+0.0000,+0.0000,+0.000,+0.000,-0.00066,-0.0000,+0.0000,+0.001,2,1,+0.000,+0.001,-0.00000,+0.001,-0.000,-0.002,+0.000,+0.000,-0.002,2,+0.000,-0.005,+0.00000,-0.005,+0.000,+0.010,+0.000,+0.000,+0.011,2,+0.000,+0.005,-0.00000,+0.005,-0.000,-0.010,+0.000,+0.000,-0.009,0,+0.000,-0.006,-0.00000,-0.006,-0.000,+0.012,+0.000,+0.000,+0.013,0,-0.005,-0.000,+0.011,+0.001
DRV,22114,+0.0000,+0.0000,+0.0000,+0.0000,+0.0000,+0.0000,+0.000,+0.000,-0.00067,-0.0006,+0.0000,+0.023,2,1,+0.000,+0.000,-0.00008,+0.000,-0.002,+0.000,+0.000,+0.002,-0.000,2,+0.000,-0.014,+0.00030,-0.014,+0.008,+0.028,+0.000,+0.002,+0.037,0,+0.000,+0.010,-0.00008,+0.010,-0.002,-0.020,+0.000,+0.002,-0.020,0,+0.000,+0.000,-0.00008,+0.000,-0.002,+0.000,+0.000,+0.002,-0.000,2,+0.000,-0.004,-0.000,+0.017
DRV,22118,+0.0000,+0.0000,+0.0000,+0.0000,+0.0000,+0.0000,+0.000,+0.000,-0.00067,+0.0002,+0.0000,-0.009,2,1,+0.000,+0.000,-0.00008,+0.000,-0.002,+0.000,+0.000,-0.001,-0.003,0,+0.000,-0.000,+0.00030,-0.000,+0.008,+0.001,+0.000,-0.001,+0.008,0,+0.000,+0.000,-0.00008,+0.000,-0.002,+0.000,+0.000,-0.001,-0.003,0,+0.000,+0.009,-0.00008,+0.009,-0.002,-0.018,+0.000,-0.001,-0.021,2,+0.009,-0.000,-0.024,+0.005
DRV,22122,+0.0000,+0.0000,+0.0000,+0.0000,+0.0000,+0.0000,+0.000,+0.000,-0.00066,+0.0010,+0.0000,-0.041,2,1,+0.000,-0.000,-0.00008,-0.000,-0.002,+0.001,+0.000,-0.003,-0.004,0,+0.000,+0.009,+0.00030,+0.009,+0.008,-0.018,+0.000,-0.003,-0.014,2,+0.000,-0.010,-0.00008,-0.010,-0.002,+0.020,+0.000,-0.003,+0.015,2,+0.000,+0.001,-0.00008,+0.001,-0.002,-0.002,+0.000,-0.003,-0.007,2,+0.000,-0.001,-0.012,+0.001
DRV,22126,+0.0000,+0.0000,+0.0000,+0.0000,+0.0000,+0.0000,+0.000,+0.000,-0.00066,+0.0008,+0.0000,-0.030,2,1,+0.000,+0.000,-0.00008,+0.000,-0.002,+0.000,+0.000,-0.002,-0.004,2,+0.000,+0.008,-0.00008,+0.008,-0.002,-0.015,+0.000,-0.002,-0.020,2,+0.000,-0.010,+0.00030,-0.010,+0.008,+0.021,+0.000,-0.002,+0.026,2,+0.000,-0.009,-0.00008,-0.009,-0.002,+0.017,+0.000,-0.002,+0.013,2,-0.009,-0.003,+0.008,+0.006
DRV,22130,+0.0000,+0.0000,+0.0000,+0.0000,+0.0000,+0.0000,+0.000,+0.000,-0.00066,+0.0005,+0.0000,-0.020,2,1,+0.000,+0.004,-0.00019,+0.004,-0.005,-0.009,+0.000,-0.002,-0.015,2,+0.000,+0.000,-0.00019,+0.000,-0.005,+0.000,+0.000,-0.002,-0.006,2,+0.000,+0.000,+0.00019,+0.000,+0.005,+0.000,+0.000,-0.002,+0.003,2,+0.000,-0.007,+0.00019,-0.007,+0.005,+0.014,+0.000,-0.002,+0.018,2,-0.003,+0.000,+0.003,-0.003
DRV,22134,+0.0000,+0.0000,+0.0000,+0.0000,+0.0000,+0.0000,+0.000,+0.000,-0.00066,-0.0000,+0.0000,+0.002,2,1,+0.000,+0.000,-0.00011,+0.000,-0.003,+0.000,+0.000,+0.000,-0.003,2,+0.000,-0.017,-0.00011,-0.017,-0.003,+0.034,+0.000,+0.000,+0.032,2,+0.000,+0.012,-0.00011,+0.012,-0.003,-0.025,+0.000,+0.000,-0.027,2,+0.000,+0.000,+0.00027,+0.000,+0.007,+0.000,+0.000,+0.000,+0.007,2,+0.000,-0.005,+0.004,+0.004
DRV,22138,+0.0000,+0.0000,+0.0000,+0.0000,+0.0000,+0.0000,+0.000,+0.000,-0.00066,-0.0006,+0.0000,+0.023,2,1,+0.000,-0.001,-0.00008,-0.001,-0.002,+0.003,+0.000,+0.002,+0.003,2,+0.000,-0.005,+0.00030,-0.005,+0.008,+0.010,+0.000,+0.002,+0.019,2,+0.000,+0.006,-0.00008,+0.006,-0.002,-0.012,+0.000,+0.002,-0.013,2,+0.000,+0.017,-0.00008,+0.017,-0.002,-0.034,+0.000,+0.002,-0.034,2,+0.016,+0.001,-0.032,+0.006
DRV,22142,+0.0000,+0.0000,+0.0000,+0.0000,+0.0000,+0.0000,+0.000,+0.000,-0.00066,+0.0002,+0.0000,-0.009,2,1,+0.000,+0.000,+0.00003,+0.000,+0.001,+0.000,+0.000,-0.001,+0.000,2,+0.000,+0.006,+0.00042,+0.006,+0.010,-0.011,+0.000,-0.001,-0.002,2,+0.000,+0.000,+0.00003,+0.000,+0.001,+0.000,+0.000,-0.001,+0.000,2,+0.000,+0.002,-0.00035,+0.002,-0.009,-0.005,+0.000,-0.001,-0.014,0,+0.002,+0.006,-0.014,-0.002
DRV,22146,+0.0000,+0.0000,+0.0000,+0.0000,+0.0000,+0.0000,+0.000,+0.000,-0.00066,+0.0010,+0.0000,-0.041,2,1,+0.000,+0.006,-0.00016,+0.006,-0.004,-0.011,+0.000,-0.003,-0.019,2,+0.000,+0.011,+0.00023,+0.011,+0.006,-0.023,+0.000,-0.003,-0.021,2,+0.000,-0.008,+0.00022,-0.008,+0.006,+0.015,+0.000,-0.003,+0.018,2,+0.000,-0.005,-0.00016,-0.005,-0.004,+0.010,+0.000,-0.003,+0.002,0,+0.001,+0.004,-0.016,-0.003
DRV,22150,+0.0000,+0.0000,+0.0000,+0.0000,+0.0000,+0.0000,+0.000,+0.000,-0.00065,+0.0005,+0.0000,-0.020,2,1,+0.000,+0.000,-0.00027,+0.000,-0.007,+0.000,+0.000,-0.002,-0.008,2,+0.000,+0.000,+0.00011,+0.000,+0.003,+0.000,+0.000,-0.002,+0.001,2,+0.000,+0.000,+0.00011,+0.000,+0.003,+0.000,+0.000,-0.002,+0.001,0,+0.000,-0.009,+0.00011,-0.009,+0.003,+0.018,+0.000,-0.002,+0.019,2,-0.009,+0.000,+0.011,+0.002
DRV,22154,+0.0000,+0.0000,+0.0000,+0.0000,+0.0000,+0.0000,+0.000,+0.000,-0.00065,-0.0000,+0.0000,+0.002,2,1,+0.000,-0.006,-0.00000,-0.006,-0.000,+0.011,+0.000,+0.000,+0.012,2,+0.000,-0.004,+0.00000,-0.004,+0.000,+0.009,+0.000,+0.000,+0.009,0,+0.000,+0.000,-0.00000,+0.000,-0.000,+0.000,+0.000,+0.000,+0.000,2,+0.000,+0.000,-0.00000,+0.000,-0.000,+0.000,+0.000,+0.000,+0.000,2,-0.006,-0.004,+0.012,+0.009
DRV,22158,+0.0000,+0.0000,+0.0000,+0.0000,+0.0000,+0.0000,+0.000,+0.000,-0.00065,-0.0000,+0.0000,+0.002,2,1,+0.000,+0.000,-0.00000,+0.000,-0.000,+0.000,+0.000,+0.000,+0.000,0,+0.000,-0.002,+0.00000,-0.002,+0.000,+0.004,+0.000,+0.000,+0.004,0,+0.000,+0.010,-0.00000,+0.010,-0.000,-0.020,+0.000,+0.000,-0.020,2,+0.000,+0.000,-0.00000,+0.000,-0.000,+0.000,+0.000,+0.000,+0.000,2,+0.000,+0.008,+0.000,-0.016
DRV,22162,+0.0000,+0.0000,+0.0000,+0.0000,+0.0000,+0.0000,+0.000,+0.000,-0.00065,-0.0000,+0.0000,+0.002,2,1,+0.000,+0.011,-0.00027,+0.011,-0.007,-0.022,+0.000,+0.000,-0.029,0,+0.000,+0.000,+0.00011,+0.000,+0.003,+0.000,+0.000,+0.000,+0.003,2,+0.000,+0.001,+0.00011,+0.001,+0.003,-0.002,+0.000,+0.000,+0.001,2,+0.000,+0.012,+0.00011,+0.012,+0.003,-0.024,+0.000,+0.000,-0.021,2,+0.023,+0.001,-0.049,+0.004
DRV,22166,+0.0000,+0.0000,+0.0000,+0.0000,+0.0000,+0.0000,+0.000,+0.000,-0.00065,-0.0000,+0.0000,+0.002,2,1,+0.000,+0.000,-0.00008,+0.000,-0.002,+0.000,+0.000,+0.000,-0.002,2,+0.000,+0.009,+0.00030,+0.009,+0.008,-0.017,+0.000,+0.000,-0.009,2,+0.000,+0.000,-0.00008,+0.000,-0.002,+0.000,+0.000,+0.000,-0.002,2,+0.000,+0.001,-0.00008,+0.001,-0.002,-0.003,+0.000,+0.000,-0.005,2,+0.001,+0.009,-0.007,-0.011
DRV,22170,+0.0000,+0.0000,+0.0000,+0.0000,+0.0000,+0.0000,+0.000,+0.000,-0.00065,-0.0000,+0.0000,+0.002,2,1,+0.000,-0.013,-0.00016,-0.013,-0.004,+0.026,+0.000,+0.000,+0.022,2,+0.000,+0.000,+0.00023,+0.000,+0.006,+0.000,+0.000,+0.000,+0.006,2,+0.000,-0.009,+0.00022,-0.009,+0.006,+0.017,+0.000,+0.000,+0.023,2,+0.000,-0.015,-0.00016,-0.015,-0.004,+0.030,+0.000,+0.000,+0.026,2,-0.028,-0.009,+0.048,+0.029
DRV,22174,+0.0000,+0.0000,+0.0000,+0.0000,+0.0000,+0.0000,+0.000,+0.000,-0.00065,+0.0005,+0.0000,-0.020,2,1,+0.000,-0.007,-0.00000,-0.007,-0.000,+0.013,+0.000,-0.002,+0.012,2,+0.000,-0.015,+0.00000,-0.015,+0.000,+0.030,+0.000,-0.002,+0.028,2,+0.000,-0.004,-0.00000,-0.004,-0.000,+0.009,+0.000,-0.002,+0.007,2,+0.000,-0.013,-0.00000,-0.013,-0.000,+0.026,+0.000,-0.002,+0.024,2,-0.020,-0.019,+0.036,+0.035
DRV,22178,+0.0000,+0.0000,+0.0000,+0.0000,+0.0000,+0.0000,+0.000,+0.000,-0.00065,+0.0005,+0.0000,-0.020,2,1,+0.000,+0.008,-0.00019,+0.008,-0.005,-0.016,+0.000,-0.002,-0.023,2,+0.000,-0.011,-0.00019,-0.011,-0.005,+0.022,+0.000,-0.002,+0.016,2,+0.000,+0.000,+0.00019,+0.000,+0.005,+0.000,+0.000,-0.002,+0.003,2,+0.000,+0.000,+0.00019,+0.000,+0.005,+0.000,+0.000,-0.002,+0.003,2,+0.008,-0.011,-0.019,+0.019
DRV,22182,+0.0000,+0.0000,+0.0000,+0.0000,+0.0000,+0.0000,+0.000,+0.000,-0.00065,+0.0005,+0.0000,-0.020,2,1,+0.000,+0.001,-0.00035,+0.001,-0.009,-0.003,+0.000,-0.002,-0.013,2,+0.000,+0.000,+0.00042,+0.000,+0.010,+0.000,+0.000,-0.002,+0.009,2,+0.000,+0.012,+0.00003,+0.012,+0.001,-0.025,+0.000,-0.002,-0.026,2,+0.000,+0.018,+0.00003,+0.018,+0.001,-0.036,+0.000,-0.002,-0.037,0,+0.020,+0.012,-0.050,-0.017
DRV,22186,+0.0000,+0.0000,+0.0000,+0.0000,+0.0000,+0.0000,+0.000,+0.000,-0.00065,+0.0005,+0.0000,-0.020,2,1,+0.000,+0.000,-0.00027,+0.000,-0.007,+0.000,+0.000,-0.002,-0.008,2,+0.000,+0.015,+0.00011,+0.015,+0.003,-0.030,+0.000,-0.002,-0.028,2,+0.000,+0.000,+0.00011,+0.000,+0.003,+0.000,+0.000,-0.002,+0.001,0,+0.000,+0.006,+0.00011,+0.006,+0.003,-0.012,+0.000,-0.002,-0.011,0,+0.006,+0.015,-0.020,-0.027
DRV,22190,+0.0000,+0.0000,+0.0000,+0.0000,+0.0000,+0.0000,+0.000,+0.000,-0.00064,+0.0010,+0.0000,-0.041,2,1,+0.000,-0.002,-0.00000,-0.002,-0.000,+0.005,+0.000,-0.003,+0.001,2,+0.000,+0.000,+0.00000,+0.000,+0.000,-0.001,+0.000,-0.003,-0.004,0,+0.000,+0.000,-0.00000,+0.000,-0.000,+0.000,+0.000,-0.003,-0.003,0,+0.000,+0.000,-0.00000,+0.000,-0.000,+0.000,+0.000,-0.003,-0.003,2,-0.002,+0.000,-0.002,-0.007
DRV,22194,+0.0000,+0.0000,+0.0000,+0.0000,+0.0000,+0.0000,+0.000,+0.000,-0.00064,+0.0010,+0.0000,-0.041,2,1,+0.000,+0.000,-0.00000,+0.000,-0.000,+0.000,+0.000,-0.003,-0.003,0,+0.000,+0.000,+0.00000,+0.000,+0.000,+0.000,+0.000,-0.003,-0.003,0,+0.000,-0.009,-0.00000,-0.009,-0.000,+0.018,+0.000,-0.003,+0.015,2,+0.000,-0.014,-0.00000,-0.014,-0.000,+0.028,+0.000,-0.003,+0.024,2,-0.014,-0.009,+0.021,+0.012
DRV,22198,+0.0000,+0.0000,+0.0000,+0.0000,+0.0000,+0.0000,+0.000,+0.000,-0.00064,-0.0000,+0.0000,+0.002,2,1,+0.000,+0.001,-0.00046,+0.001,-0.012,-0.003,+0.000,+0.000,-0.014,2,+0.000,-0.013,-0.00008,-0.013,-0.002,+0.027,+0.000,+0.000,+0.025,2,+0.000,-0.004,+0.00030,-0.004,+0.008,+0.009,+0.000,+0.000,+0.016,2,+0.000,-0.010,+0.00030,-0.010,+0.008,+0.020,+0.000,+0.000,+0.028,2,-0.009,-0.018,+0.014,+0.041
DRV,22202,+0.0000,+0.0000,+0.0000,+0.0000,+0.0000,+0.0000,+0.000,+0.000,-0.00064,-0.0000,+0.0000,+0.002,2,1,+0.000,+0.000,-0.00054,+0.000,-0.014,+0.000,+0.000,+0.000,-0.013,2,+0.000,-0.000,+0.00023,-0.000,+0.006,+0.001,+0.000,+0.000,+0.007,2,+0.000,+0.000,+0.00022,+0.000,+0.006,+0.000,+0.000,+0.000,+0.006,2,+0.000,+0.000,+0.00022,+0.000,+0.006,+0.000,+0.000,+0.000,+0.006,2,+0.000,-0.000,-0.008,+0.013
DRV,22206,+0.0000,+0.0000,+0.0000,+0.0000,+0.0000,+0.0000,+0.000,+0.000,-0.00064,-0.0000,+0.0000,+0.002,2,1,+0.000,-0.003,-0.00008,-0.003,-0.002,+0.006,+0.000,+0.000,+0.004,2,+0.000,+0.005,+0.00030,+0.005,+0.008,-0.010,+0.000,+0.000,-0.002,2,+0.000,+0.013,-0.00008,+0.013,-0.002,-0.027,+0.000,+0.000,-0.029,2,+0.000,+0.018,-0.00008,+0.018,-0.002,-0.036,+0.000,+0.000,-0.038,2,+0.015,+0.018,-0.034,-0.030
DRV,22210,+0.0000,+0.0000,+0.0000,+0.0000,+0.0000,+0.0000,+0.000,+0.000,-0.00064,-0.0000,+0.0000,+0.002,2,1,+0.000,+0.000,+0.00011,+0.000,+0.003,+0.000,+0.000,+0.000,+0.003,2,+0.000,+0.012,+0.00011,+0.012,+0.003,-0.024,+0.000,+0.000,-0.021,2,+0.000,+0.000,+0.00011,+0.000,+0.003,+0.000,+0.000,+0.000,+0.003,2,+0.000,+0.002,-0.00027,+0.002,-0.007,-0.004,+0.000,+0.000,-0.010,2,+0.002,+0.012,-0.007,-0.018
DRV,22214,+0.0000,+0.0000,+0.0000,+0.0000,+0.0000,+0.0000,+0.000,+0.000,-0.00064,-0.0006,+0.0000,+0.023,2,1,+0.000,+0.011,-0.00016,+0.011,-0.004,-0.023,+0.000,+0.002,-0.025,2,+0.000,+0.000,+0.00023,+0.000,+0.006,+0.000,+0.000,+0.002,+0.007,2,+0.000,+0.000,+0.00022,+0.000,+0.006,+0.000,+0.000,+0.002,+0.007,2,+0.000,+0.000,-0.00016,+0.000,-0.004,+0.000,+0.000,+0.002,-0.002,2,+0.011,+0.000,-0.027,+0.015
DRV,22218,+0.0000,+0.0000,+0.0000,+0.0000,+0.0000,+0.0000,+0.000,+0.000,-0.00064,-0.0006,+0.0000,+0.023,2,1,+0.000,+0.000,-0.00027,+0.000,-0.007,+0.000,+0.000,+0.002,-0.005,2,+0.000,-0.003,+0.00011,-0.003,+0.003,+0.007,+0.000,+0.002,+0.011,2,+0.000,+0.000,+0.00011,+0.000,+0.003,+0.000,+0.000,+0.002,+0.005,2,+0.000,-0.009,+0.00011,-0.009,+0.003,+0.018,+0.000,+0.002,+0.023,0,-0.009,-0.003,+0.018,+0.016
DRV,22222,+0.0000,+0.0000,+0.0000,+0.0000,+0.0000,+0.0000,+0.000,+0.000,-0.00064,+0.0005,+0.0000,-0.019,2,1,+0.000,-0.012,-0.00038,-0.012,-0.010,+0.024,+0.000,-0.002,+0.013,2,+0.000,-0.002,+0.00000,-0.002,+0.000,+0.005,+0.000,-0.002,+0.003,2,+0.000,+0.001,-0.00000,+0.001,-0.000,-0.003,+0.000,-0.002,-0.004,0,+0.000,+0.000,+0.00038,+0.000,+0.010,+0.000,+0.000,-0.002,+0.008,0,-0.012,-0.001,+0.021,-0.001
DRV,22226,+0.0000,+0.0000,+0.0000,+0.0000,+0.0000,+0.0000,+0.000,+0.000,-0.00064,+0.0005,+0.0000,-0.019,2,1,+0.000,-0.004,-0.00011,-0.004,-0.003,+0.008,+0.000,-0.002,+0.003,2,+0.000,+0.000,-0.00011,+0.000,-0.003,+0.000,+0.000,-0.002,-0.004,0,+0.000,+0.001,-0.00011,+0.001,-0.003,-0.003,+0.000,-0.002,-0.007,0,+0.000,+0.000,+0.00027,+0.000,+0.007,+0.000,+0.000,-0.002,+0.005,2,-0.004,+0.001,+0.008,-0.012
DRV,22230,+0.0000,+0.0000,+0.0000,+0.0000,+0.0000,+0.0000,+0.000,+0.000,-0.00064,-0.0000,+0.0000,+0.002,2,1,+0.000,+0.007,-0.00000,+0.007,-0.000,-0.013,+0.000,+0.000,-0.013,0,+0.000,+0.000,+0.00000,+0.000,+0.000,+0.000,+0.000,+0.000,+0.000,0,+0.000,-0.010,-0.00000,-0.010,-0.000,+0.020,+0.000,+0.000,+0.020,2,+0.000,+0.016,-0.00000,+0.016,-0.000,-0.031,+0.000,+0.000,-0.031,2,+0.022,-0.010,-0.045,+0.020
DRV,22234,+0.0000,+0.0000,+0.0000,+0.0000,+0.0000,+0.0000,+0.000,+0.000,-0.00064,-0.0000,+0.0000,+0.002,2,1,+0.000,+0.000,-0.00024,+0.000,-0.006,+0.000,+0.000,+0.000,-0.006,0,+0.000,+0.000,+0.00015,+0.000,+0.004,+0.000,+0.000,+0.000,+0.004,2,+0.000,-0.011,+0.00053,-0.011,+0.013,+0.022,+0.000,+0.000,+0.035,2,+0.000,+0.006,-0.00024,+0.006,-0.006,-0.011,+0.000,+0.000,-0.017,2,+0.006,-0.011,-0.023,+0.039
DRV,22238,+0.0000,+0.0000,+0.0000,+0.0000,+0.0000,+0.0000,+0.000,+0.000,-0.00064,-0.0006,+0.0000,+0.023,2,1,+0.000,+0.000,-0.00024,+0.000,-0.006,+0.000,+0.000,+0.002,-0.004,0,+0.000,+0.004,+0.00015,+0.004,+0.004,-0.008,+0.000,+0.002,-0.002,2,+0.000,+0.000,+0.00053,+0.000,+0.013,+0.000,+0.000,+0.002,+0.015,2,+0.000,-0.003,-0.00024,-0.003,-0.006,+0.006,+0.000,+0.002,+0.002,2,-0.003,+0.004,-0.002,+0.013
DRV,22242,+0.0000,+0.0000,+0.0000,+0.0000,+0.0000,+0.0000,+0.000,+0.000,-0.00064,-0.0006,+0.0000,+0.023,2,1,+0.000,-0.007,-0.00000,-0.007,-0.000,+0.013,+0.000,+0.002,+0.015,2,+0.000,+0.004,+0.00000,+0.004,+0.000,-0.008,+0.000,+0.002,-0.006,2,+0.000,+0.014,-0.00000,+0.014,-0.000,-0.029,+0.000,+0.002,-0.027,2,+0.000,-0.015,-0.00000,-0.015,-0.000,+0.031,+0.000,+0.002,+0.032,2,-0.022,+0.018,+0.048,-0.033
DRV,22246,+0.0000,+0.0000,+0.0000,+0.0000,+0.0000,+0.0000,+0.000,+0.000,-0.00065,-0.0011,+0.0000,+0.044,2,1,+0.000,+0.000,-0.00011,+0.000,-0.003,+0.000,+0.000,+0.004,+0.001,2,+0.000,+0.000,-0.00011,+0.000,-0.003,+0.000,+0.000,+0.004,+0.001,2,+0.000,+0.007,-0.00011,+0.007,-0.003,-0.013,+0.000,+0.004,-0.013,2,+0.000,-0.003,+0.00027,-0.003,+0.007,+0.006,+0.000,+0.004,+0.016,2,-0.003,+0.007,+0.017,-0.012
DRV,22250,+0.0000,+0.0000,+0.0000,+0.0000,+0.0000,+0.0000,+0.000,+0.000,-0.00065,-0.0011,+0.0000,+0.044,2,1,+0.000,+0.010,-0.00038,+0.010,-0.010,-0.019,+0.000,+0.004,-0.025,2,+0.000,-0.007,+0.00038,-0.007,+0.010,+0.014,+0.000,+0.004,+0.027,2,+0.000,+0.000,-0.00038,+0.000,-0.010,+0.000,+0.000,+0.004,-0.006,2,+0.000,+0.011,+0.00038,+0.011,+0.010,-0.023,+0.000,+0.004,-0.010,2,+0.021,-0.007,-0.035,+0.021
DRV,22254,+0.0000,+0.0000,+0.0000,+0.0000,+0.0000,+0.0000,+0.000,+0.000,-0.00065,-0.0006,+0.0000,+0.023,2,1,+0.000,+0.000,-0.00035,+0.000,-0.009,+0.000,+0.000,+0.002,-0.007,2,+0.000,+0.000,+0.00042,+0.000,+0.010,+0.000,+0.000,+0.002,+0.012,2,+0.000,-0.018,+0.00003,-0.018,+0.001,+0.035,+0.000,+0.002,+0.038,2,+0.000,+0.010,+0.00003,+0.010,+0.001,-0.020,+0.000,+0.002,-0.017,0,+0.010,-0.018,-0.024,+0.050
DRV,22258,+0.0000,+0.0000,+0.0000,+0.0000,+0.0000,+0.0000,+0.000,+0.000,-0.00066,-0.0006,+0.0000,+0.023,2,1,+0.000,-0.012,-0.00016,-0.012,-0.004,+0.024,+0.000,+0.002,+0.022,2,+0.000,+0.008,+0.00023,+0.008,+0.006,-0.016,+0.000,+0.002,-0.009,2,+0.000,-0.001,+0.00022,-0.001,+0.006,+0.003,+0.000,+0.002,+0.010,0,+0.000,+0.000,-0.00016,+0.000,-0.004,+0.000,+0.000,+0.002,-0.002,0,-0.012,+0.007,+0.020,+0.002
DRV,22262,+0.0000,+0.0000,+0.0000,+0.0000,+0.0000,+0.0000,+0.000,+0.000,-0.00066,-0.0006,+0.0000,+0.023,2,1,+0.000,-0.003,-0.00000,-0.003,-0.000,+0.006,+0.000,+0.002,+0.008,2,+0.000,+0.002,+0.00000,+0.002,+0.000,-0.004,+0.000,+0.002,-0.002,2,+0.000,+0.000,-0.00000,+0.000,-0.000,+0.000,+0.000,+0.002,+0.002,0,+0.000,-0.012,-0.00000,-0.012,-0.000,+0.025,+0.000,+0.002,+0.027,2,-0.015,+0.002,+0.034,-0.000
DRV,22266,+0.0000,+0.0000,+0.0000,+0.0000,+0.0000,+0.0000,+0.000,+0.000,-0.00066,-0.0006,+0.0000,+0.023,2,1,+0.000,+0.006,-0.00011,+0.006,-0.003,-0.011,+0.000,+0.002,-0.012,2,+0.000,-0.010,-0.00011,-0.010,-0.003,+0.020,+0.000,+0.002,+0.019,0,+0.000,+0.016,-0.00011,+0.016,-0.003,-0.032,+0.000,+0.002,-0.033,2,+0.000,-0.016,+0.00027,-0.016,+0.007,+0.031,+0.000,+0.002,+0.040,2,-0.010,+0.006,+0.028,-0.014
DRV,22270,+0.0000,+0.0000,+0.0000,+0.0000,+0.0000,+0.0000,+0.000,+0.000,-0.00066,+0.0005,+0.0000,-0.020,2,1,+0.000,+0.002,-0.00038,+0.002,-0.010,-0.005,+0.000,-0.002,-0.016,0,+0.000,-0.007,+0.00000,-0.007,+0.000,+0.013,+0.000,-0.002,+0.012,0,+0.000,+0.000,-0.00000,+0.000,-0.000,-0.001,+0.000,-0.002,-0.003,0,+0.000,+0.000,+0.00038,+0.000,+0.010,+0.000,+0.000,-0.002,+0.008,2,+0.002,-0.006,-0.008,+0.009
DRV,22274,+0.0000,+0.0000,+0.0000,+0.0000,+0.0000,+0.0000,+0.000,+0.000,-0.00066,+0.0005,+0.0000,-0.020,2,1,+0.000,+0.000,-0.00019,+0.000,-0.005,+0.000,+0.000,-0.002,-0.006,0,+0.000,+0.000,+0.00019,+0.000,+0.005,+0.000,+0.000,-0.002,+0.003,2,+0.000,+0.000,-0.00019,+0.000,-0.005,+0.000,+0.000,-0.002,-0.006,2,+0.000,+0.013,+0.00019,+0.013,+0.005,-0.026,+0.000,-0.002,-0.023,2,+0.013,+0.000,-0.029,-0.003
DRV,22278,+0.0000,+0.0000,+0.0000,+0.0000,+0.0000,+0.0000,+0.000,+0.000,-0.00066,-0.0000,+0.0000,+0.002,2,1,+0.000,-0.004,-0.00016,-0.004,-0.004,+0.008,+0.000,+0.000,+0.004,2,+0.000,+0.010,+0.00023,+0.010,+0.006,-0.020,+0.000,+0.000,-0.014,2,+0.000,-0.018,+0.00022,-0.018,+0.006,+0.035,+0.000,+0.000,+0.041,2,+0.000,+0.008,-0.00016,+0.008,-0.004,-0.015,+0.000,+0.000,-0.019,2,+0.004,-0.008,-0.015,+0.027
DRV,22282,+0.0000,+0.0000,+0.0000,+0.0000,+0.0000,+0.0000,+0.000,+0.000,-0.00066,-0.0000,+0.0000,+0.002,2,1,+0.000,+0.000,+0.00003,+0.000,+0.001,+0.000,+0.000,+0.000,+0.001,2,+0.000,+0.000,+0.00003,+0.000,+0.001,-0.001,+0.000,+0.000,+0.000,2,+0.000,-0.005,+0.00042,-0.005,+0.010,+0.010,+0.000,+0.000,+0.021,2,+0.000,+0.000,-0.00035,+0.000,-0.009,+0.000,+0.000,+0.000,-0.009,2,+0.000,-0.005,-0.008,+0.021
DRV,22286,+0.0000,+0.0000,+0.0000,+0.0000,+0.0000,+0.0000,+0.000,+0.000,-0.00066,+0.0010,+0.0000,-0.041,2,1,+0.000,+0.008,-0.00035,+0.008,-0.009,-0.016,+0.000,-0.003,-0.028,2,+0.000,-0.011,+0.00003,-0.011,+0.001,+0.023,+0.000,-0.003,+0.020,2,+0.000,+0.006,+0.00042,+0.006,+0.010,-0.011,+0.000,-0.003,-0.004,2,+0.000,-0.019,+0.00003,-0.019,+0.001,+0.038,+0.000,-0.003,+0.036,2,-0.011,-0.006,+0.007,+0.016
DRV,22290,+0.0000,+0.0000,+0.0000,+0.0000,+0.0000,+0.0000,+0.000,+0.000,-0.00065,+0.0010,+0.0000,-0.041,2,1,+0.000,+0.000,-0.00035,+0.000,-0.009,-0.001,+0.000,-0.003,-0.013,2,+0.000,-0.013,+0.00042,-0.013,+0.010,+0.026,+0.000,-0.003,+0.033,2,+0.000,+0.009,+0.00003,+0.009,+0.001,-0.018,+0.000,-0.003,-0.021,2,+0.000,-0.005,+0.00003,-0.005,+0.001,+0.010,+0.000,-0.003,+0.007,2,-0.004,-0.004,-0.006,+0.012
DRV,22294,+0.0000,+0.0000,+0.0000,+0.0000,+0.0000,+0.0000,+0.000,+0.000,-0.00065,-0.0000,+0.0000,+0.002,2,1,+0.000,-0.011,-0.00046,-0.011,-0.012,+0.023,+0.000,+0.000,+0.011,2,+0.000,+0.000,+0.00030,+0.000,+0.008,+0.000,+0.000,+0.000,+0.008,2,+0.000,+0.006,-0.00008,+0.006,-0.002,-0.011,+0.000,+0.000,-0.013,2,+0.000,+0.000,+0.00030,+0.000,+0.008,+0.000,+0.000,+0.000,+0.008,0,-0.011,+0.006,+0.019,-0.006
DRV,22298,+0.0000,+0.0000,+0.0000,+0.0000,+0.0000,+0.0000,+0.000,+0.000,-0.00065,-0.0000,+0.0000,+0.002,2,1,+0.000,-0.002,-0.00000,-0.002,-0.000,+0.004,+0.000,+0.000,+0.004,2,+0.000,+0.014,+0.00000,+0.014,+0.000,-0.029,+0.000,+0.000,-0.028,2,+0.000,-0.012,-0.00000,-0.012,-0.000,+0.024,+0.000,+0.000,+0.024,0,+0.000,+0.018,-0.00000,+0.018,-0.000,-0.035,+0.000,+0.000,-0.035,0,+0.016,+0.002,-0.031,-0.004
DRV,22302,+0.0000,+0.0000,+0.0000,+0.0000,+0.0000,+0.0000,+0.000,+0.000,-0.00065,+0.0005,+0.0000,-0.020,2,1,+0.000,+0.008,-0.00000,+0.008,-0.000,-0.016,+0.000,-0.002,-0.018,2,+0.000,+0.002,+0.00000,+0.002,+0.000,-0.004,+0.000,-0.002,-0.005,0,+0.000,-0.006,-0.00000,-0.006,-0.000,+0.011,+0.000,-0.002,+0.010,0,+0.000,+0.007,-0.00000,+0.007,-0.000,-0.014,+0.000,-0.002,-0.016,2,+0.015,-0.004,-0.034,+0.005
DRV,22306,+0.0000,+0.0000,+0.0000,+0.0000,+0.0000,+0.0000,+0.000,+0.000,-0.00065,+0.0005,+0.0000,-0.020,2,1,+0.000,+0.002,-0.00024,+0.002,-0.006,-0.004,+0.000,-0.002,-0.011,0,+0.000,-0.005,+0.00015,-0.005,+0.004,+0.010,+0.000,-0.002,+0.013,0,+0.000,+0.000,+0.00053,+0.000,+0.013,+0.000,+0.000,-0.002,+0.012,2,+0.000,+0.000,-0.00024,+0.000,-0.006,+0.000,+0.000,-0.002,-0.008,2,+0.002,-0.005,-0.019,+0.024
DRV,22310,+0.0000,0.0000,+0.0000,+0.0000,+0.0000,+0.0000,+0.000,+0.000,-0.00065,-0.0000,+0.0000,+0.002,2,1,+0.000,-0.003,-0.00027,-0.003,-0.007,+0.007,+0.000,+0.000,+0.000,0,+0.000,-0.005,+0.00011,-0.005,+0.003,+0.010,+0.000,+0.000,+0.013,2,+0.000,+0.015,+0.00011,+0.015,+0.003,-0.031,+0.000,+0.000,-0.028,2,+0.000,-0.013,+0.00011,-0.013,+0.003,+0.026,+0.000,+0.000,+0.029,2,-0.016,+0.010,+0.029,-0.014
DRV,22314,+0.0000,+0.0000,+0.0000,+0.0000,+0.0000,+0.0000,+0.000,+0.000,-0.00065,-0.0000,+0.0000,+0.002,2,1,+0.000,-0.000,-0.00011,-0.000,-0.003,+0.001,+0.000,+0.000,-0.002,2,+0.000,-0.001,-0.00011,-0.001,-0.003,+0.002,+0.000,+0.000,-0.001,2,+0.000,+0.009,-0.00011,+0.009,-0.003,-0.017,+0.000,+0.000,-0.020,2,+0.000,-0.010,+0.00027,-0.010,+0.007,+0.019,+0.000,+0.000,+0.026,2,-0.010,+0.008,+0.024,-0.021
DRV,22318,+0.0000,+0.0000,+0.0000,+0.0000,+0.0000,+0.0000,+0.000,+0.000,-0.00065,+0.0005,+0.0000,-0.020,2,1,+0.000,+0.000,-0.00003,+0.000,-0.001,+0.000,+0.000,-0.002,-0.002,2,+0.000,+0.000,-0.00003,+0.000,-0.001,+0.000,+0.000,-0.002,-0.002,2,+0.000,+0.000,-0.00042,+0.000,-0.010,+0.000,+0.000,-0.002,-0.012,2,+0.000,+0.012,+0.00035,+0.012,+0.009,-0.024,+0.000,-0.002,-0.017,2,+0.012,+0.000,-0.019,-0.014
DRV,22322,+0.0000,+0.0000,+0.0000,+0.0000,+0.0000,+0.0000,+0.000,+0.000,-0.00064,+0.0005,+0.0000,-0.019,2,1,+0.000,+0.000,-0.00000,+0.000,-0.000,+0.000,+0.000,-0.002,-0.002,2,+0.000,+0.000,+0.00000,+0.000,+0.000,+0.000,+0.000,-0.002,-0.002,2,+0.000,-0.017,-0.00000,-0.017,-0.000,+0.033,+0.000,-0.002,+0.032,2,+0.000,+0.010,-0.00000,+0.010,-0.000,-0.019,+0.000,-0.002,-0.021,2,+0.010,-0.017,-0.022,+0.030
DRV,22326,+0.0000,+0.0000,+0.0000,+0.0000,+0.0000,+0.0000,+0.000,+0.000,-0.00065,-0.0016,+0.0000,+0.066,2,1,+0.000,+0.000,-0.00000,+0.000,-0.000,+0.000,+0.000,+0.005,+0.005,2,+0.000,-0.008,+0.00000,-0.008,+0.000,+0.015,+0.000,+0.005,+0.021,2,+0.000,-0.005,-0.00000,-0.005,-0.000,+0.010,+0.000,+0.005,+0.015,2,+0.000,+0.000,-0.00000,+0.000,-0.000,+0.000,+0.000,+0.005,+0.005,2,+0.000,-0.012,+0.010,+0.035
DRV,22330,+0.0000,+0.0000,+0.0000,+0.0000,+0.0000,+0.0000,+0.000,+0.000,-0.00065,-0.0016,+0.0000,+0.066,2,1,+0.000,+0.000,-0.00016,+0.000,-0.004,+0.000,+0.000,+0.005,+0.001,2,+0.000,-0.004,+0.00023,-0.004,+0.006,+0.009,+0.000,+0.005,+0.019,2,+0.000,+0.000,+0.00022,+0.000,+0.006,+0.000,+0.000,+0.005,+0.011,2,+0.000,-0.009,-0.00016,-0.009,-0.004,+0.018,+0.000,+0.005,+0.019,0,-0.009,-0.004,+0.021,+0.030
DRV,22334,+0.0000,+0.0000,+0.0000,+0.0000,+0.0000,+0.0000,+0.000,+0.000,-0.00065,+0.0005,+0.0000,-0.020,2,1,+0.000,+0.013,-0.00027,+0.013,-0.007,-0.027,+0.000,-0.002,-0.035,2,+0.000,+0.012,+0.00011,+0.012,+0.003,-0.025,+0.000,-0.002,-0.024,2,+0.000,+0.015,+0.00011,+0.015,+0.003,-0.030,+0.000,-0.002,-0.028,0,+0.000,-0.000,+0.00011,-0.000,+0.003,+0.001,+0.000,-0.002,+0.002,0,+0.013,+0.027,-0.033,-0.052
DRV,22338,+0.0000,+0.0000,+0.0000,+0.0000,+0.0000,+0.0000,+0.000,+0.000,-0.00065,+0.0005,+0.0000,-0.020,2,1,+0.000,+0.000,-0.00027,+0.000,-0.007,+0.000,+0.000,-0.002,-0.008,2,+0.000,+0.008,+0.00011,+0.008,+0.003,-0.016,+0.000,-0.002,-0.015,0,+0.000,+0.003,+0.00011,+0.003,+0.003,-0.007,+0.000,-0.002,-0.005,0,+0.000,+0.000,+0.00011,+0.000,+0.003,+0.000,+0.000,-0.002,+0.001,2,+0.000,+0.011,-0.007,-0.020
DRV,22342,+0.0000,+0.0000,+0.0000,+0.0000,+0.0000,+0.0000,+0.000,+0.000,-0.00065,-0.0000,+0.0000,+0.002,2,1,+0.000,-0.006,-0.00027,-0.006,-0.007,+0.012,+0.000,+0.000,+0.006,0,+0.000,+0.000,+0.00011,+0.000,+0.003,+0.000,+0.000,+0.000,+0.003,2,+0.000,+0.000,+0.00011,+0.000,+0.003,+0.000,+0.000,+0.000,+0.003,2,+0.000,+0.007,+0.00011,+0.007,+0.003,-0.013,+0.000,+0.000,-0.010,2,+0.000,+0.000,-0.005,+0.006
DRV,22346,+0.0000,+0.0000,+0.0000,+0.0000,+0.0000,+0.0000,+0.000,+0.000,-0.00065,-0.0000,+0.0000,+0.002,2,1,+0.000,+0.000,+0.00011,+0.000,+0.003,+0.000,+0.000,+0.000,+0.003,0,+0.000,-0.005,+0.00011,-0.005,+0.003,+0.010,+0.000,+0.000,+0.012,2,+0.000,-0.009,+0.00011,-0.009,+0.003,+0.018,+0.000,+0.000,+0.021,2,+0.000,+0.004,-0.00027,+0.004,-0.007,-0.008,+0.000,+0.000,-0.014,2,+0.004,-0.014,-0.011,+0.034
DRV,22350,+0.0000,+0.0000,+0.0000,+0.0000,+0.0000,+0.0000,+0.000,+0.000,-0.00065,-0.0000,+0.0000,+0.002,2,1,+0.000,+0.005,-0.00027,+0.005,-0.007,-0.010,+0.000,+0.000,-0.017,2,+0.000,+0.000,+0.00011,+0.000,+0.003,+0.000,+0.000,+0.000,+0.003,2,+0.000,+0.000,+0.00011,+0.000,+0.003,+0.000,+0.000,+0.000,+0.003,2,+0.000,-0.011,+0.00011,-0.011,+0.003,+0.022,+0.000,+0.000,+0.025,2,-0.006,+0.000,+0.008,+0.006
DRV,22354,+0.0000,+0.0000,+0.0000,+0.0000,+0.0000,+0.0000,+0.000,+0.000,-0.00065,-0.0000,+0.0000,+0.002,2,1,+0.000,+0.005,-0.00027,+0.005,-0.007,-0.010,+0.000,+0.000,-0.017,2,+0.000,+0.002,+0.00011,+0.002,+0.003,-0.005,+0.000,+0.000,-0.002,2,+0.000,+0.010,+0.00011,+0.010,+0.003,-0.019,+0.000,+0.000,-0.016,2,+0.000,-0.017,+0.00011,-0.017,+0.003,+0.034,+0.000,+0.000,+0.037,2,-0.012,+0.012,+0.020,-0.018
DRV,22358,+0.0000,+0.0000,+0.0000,+0.0000,+0.0000,+0.0000,+0.000,+0.000,-0.00066,-0.0016,+0.0000,+0.065,2,1,+0.000,-0.006,-0.00030,-0.006,-0.008,+0.011,+0.000,+0.005,+0.009,2,+0.000,+0.002,+0.00008,+0.002,+0.002,-0.004,+0.000,+0.005,+0.003,2,+0.000,+0.005,-0.00030,+0.005,-0.008,-0.010,+0.000,+0.005,-0.013,2,+0.000,+0.000,+0.00046,+0.000,+0.012,+0.000,+0.000,+0.005,+0.017,2,-0.006,+0.007,+0.026,-0.009
DRV,22362,+0.0000,+0.0000,+0.0000,+0.0000,+0.0000,+0.0000,+0.000,+0.000,-0.00066,-0.0016,+0.0000,+0.065,2,1,+0.000,-0.008,+0.00008,-0.008,+0.002,+0.015,+0.000,+0.005,+0.022,2,+0.000,-0.001,+0.00008,-0.001,+0.002,+0.003,+0.000,+0.005,+0.010,2,+0.000,+0.000,-0.00030,+0.000,-0.008,+0.000,+0.000,+0.005,-0.002,2,+0.000,+0.008,+0.00008,+0.008,+0.002,-0.015,+0.000,+0.005,-0.008,2,+0.000,-0.001,+0.014,+0.008
DRV,22366,+0.0000,+0.0000,+0.0000,+0.0000,+0.0000,+0.0000,+0.000,+0.000,-0.00066,+0.0005,+0.0000,-0.020,2,1,+0.000,+0.000,-0.00000,+0.000,-0.000,+0.000,+0.000,-0.002,-0.002,2,+0.000,-0.006,+0.00000,-0.006,+0.000,+0.012,+0.000,-0.002,+0.011,2,+0.000,-0.023,-0.00000,-0.023,-0.000,+0.046,+0.000,-0.002,+0.044,2,+0.000,+0.005,-0.00000,+0.005,-0.000,-0.010,+0.000,-0.002,-0.012,0,+0.005,-0.029,-0.014,+0.055
DRV,22370,+0.0000,+0.0000,+0.0000,+0.0000,+0.0000,+0.0000,+0.000,+0.000,-0.00066,+0.0005,+0.0000,-0.020,2,1,+0.000,+0.004,-0.00024,+0.004,-0.006,-0.009,+0.000,-0.002,-0.016,2,+0.000,+0.000,+0.00015,+0.000,+0.004,+0.000,+0.000,-0.002,+0.002,2,+0.000,+0.000,+0.00053,+0.000,+0.013,+0.000,+0.000,-0.002,+0.012,0,+0.000,+0.000,-0.00024,+0.000,-0.006,+0.000,+0.000,-0.002,-0.008,0,+0.004,+0.000,-0.024,+0.014
DRV,22374,+0.0000,+0.0000,+0.0000,+0.0000,+0.0000,+0.0000,+0.000,+0.000,-0.00066,-0.0006,+0.0000,+0.023,2,1,+0.000,+0.000,-0.00035,+0.000,-0.009,+0.000,+0.000,+0.002,-0.007,2,+0.000,+0.003,+0.00003,+0.003,+0.001,-0.007,+0.000,+0.002,-0.004,0,+0.000,+0.005,+0.00042,+0.005,+0.010,-0.010,+0.000,+0.002,+0.002,0,+0.000,-0.017,+0.00003,-0.017,+0.001,+0.033,+0.000,+0.002,+0.036,2,-0.017,+0.009,+0.029,-0.002
DRV,22378,+0.0000,+0.0000,+0.0000,+0.0000,+0.0000,+0.0000,+0.000,+0.000,-0.00067,-0.0006,+0.0000,+0.023,2,1,+0.000,-0.008,-0.00000,-0.008,-0.000,+0.015,+0.000,+0.002,+0.017,2,+0.000,+0.001,+0.00000,+0.001,+0.000,-0.003,+0.000,+0.002,-0.001,0,+0.000,+0.019,-0.00000,+0.019,-0.000,-0.037,+0.000,+0.002,-0.035,2,+0.000,-0.008,-0.00000,-0.008,-0.000,+0.015,+0.000,+0.002,+0.017,2,-0.015,+0.020,+0.034,-0.036
DRV,22382,+0.0000,+0.0000,+0.0000,+0.0000,+0.0000,+0.0000,+0.000,+0.000,-0.00067,-0.0006,+0.0000,+0.023,2,1,+0.000,+0.000,+0.00008,+0.000,+0.002,+0.000,+0.000,+0.002,+0.004,0,+0.000,+0.000,+0.00008,+0.000,+0.002,+0.000,+0.000,+0.002,+0.004,0,+0.000,+0.003,-0.00030,+0.003,-0.008,-0.007,+0.000,+0.002,-0.012,2,+0.000,+0.000,+0.00008,+0.000,+0.002,+0.000,+0.000,+0.002,+0.004,2,+0.000,+0.003,+0.008,-0.009
DRV,22386,+0.0000,+0.0000,+0.0000,+0.0000,+0.0000,+0.0000,+0.000,+0.000,-0.00067,-0.0008,+0.0000,+0.033,2,1,+0.000,+0.009,-0.00019,+0.009,-0.005,-0.018,+0.000,+0.003,-0.020,0,+0.000,-0.002,+0.00019,-0.002,+0.005,+0.005,+0.000,+0.003,+0.012,2,+0.000,+0.000,-0.00019,+0.000,-0.005,+0.000,+0.000,+0.003,-0.002,2,+0.000,+0.013,+0.00019,+0.013,+0.005,-0.027,+0.000,+0.003,-0.019,2,+0.022,-0.002,-0.040,+0.010
DRV,22390,+0.0000,+0.0000,+0.0000,+0.0000,+0.0000,+0.0000,+0.000,+0.000,-0.00068,-0.0011,+0.0000,+0.044,2,1,+0.000,+0.000,-0.00016,+0.000,-0.004,+0.000,+0.000,+0.004,-0.000,2,+0.000,+0.000,+0.00023,+0.000,+0.006,+0.000,+0.000,+0.004,+0.009,2,+0.000,-0.015,+0.00022,-0.015,+0.006,+0.030,+0.000,+0.004,+0.039,2,+0.000,+0.004,-0.00016,+0.004,-0.004,-0.008,+0.000,+0.004,-0.008,2,+0.004,-0.015,-0.009,+0.048
DRV,22394,+0.0000,+0.0000,+0.0000,+0.0000,+0.0000,+0.0000,+0.000,+0.000,-0.00068,-0.0008,+0.0000,+0.033,2,1,+0.000,-0.011,-0.00024,-0.011,-0.006,+0.023,+0.000,+0.003,+0.020,2,+0.000,+0.004,+0.00015,+0.004,+0.004,-0.008,+0.000,+0.003,-0.001,2,+0.000,-0.006,+0.00053,-0.006,+0.013,+0.011,+0.000,+0.003,+0.027,2,+0.000,-0.002,-0.00024,-0.002,-0.006,+0.005,+0.000,+0.003,+0.001,2,-0.014,-0.002,+0.021,+0.026
DRV,22398,+0.0000,+0.0000,+0.0000,+0.0000,+0.0000,+0.0000,+0.000,+0.000,-0.00068,-0.0006,+0.0000,+0.022,2,1,+0.000,-0.001,-0.00008,-0.001,-0.002,+0.003,+0.000,+0.002,+0.003,2,+0.000,+0.001,-0.00008,+0.001,-0.002,-0.003,+0.000,+0.002,-0.003,2,+0.000,+0.000,+0.00030,+0.000,+0.008,-0.001,+0.000,+0.002,+0.008,2,+0.000,-0.013,-0.00008,-0.013,-0.002,+0.026,+0.000,+0.002,+0.026,2,-0.014,+0.002,+0.028,+0.005
DRV,22402,+0.0000,+0.0000,+0.0000,+0.0000,+0.0000,+0.0000,+0.000,+0.000,-0.00068,+0.0002,+0.0000,-0.010,2,1,+0.000,+0.001,-0.00000,+0.001,-0.000,-0.002,+0.000,-0.001,-0.003,2,+0.000,-0.007,+0.00000,-0.007,+0.000,+0.013,+0.000,-0.001,+0.013,2,+0.000,+0.015,-0.00000,+0.015,-0.000,-0.030,+0.000,-0.001,-0.030,2,+0.000,-0.001,-0.00000,-0.001,-0.000,+0.003,+0.000,-0.001,+0.002,2,-0.000,+0.008,-0.001,-0.018
DRV,22406,+0.0000,+0.0000,+0.0000,+0.0000,+0.0000,+0.0000,+0.000,+0.000,-0.00068,+0.0010,+0.0000,-0.041,2,1,+0.000,+0.000,-0.00035,+0.000,-0.009,-0.001,+0.000,-0.003,-0.013,2,+0.000,-0.010,+0.00042,-0.010,+0.010,+0.021,+0.000,-0.003,+0.028,2,+0.000,+0.006,+0.00003,+0.006,+0.001,-0.012,+0.000,-0.003,-0.015,2,+0.000,+0.011,+0.00003,+0.011,+0.001,-0.023,+0.000,-0.003,-0.025,0,+0.012,-0.004,-0.038,+0.013
DRV,22410,+0.0000,+0.0000,+0.0000,+0.0000,+0.0000,+0.0000,+0.000,+0.000,-0.00067,+0.0008,+0.0000,-0.031,2,1,+0.000,+0.000,-0.00027,+0.000,-0.007,+0.000,+0.000,-0.002,-0.009,2,+0.000,+0.000,+0.00050,+0.000,+0.012,+0.000,+0.000,-0.002,+0.010,2,+0.000,+0.000,-0.00027,+0.000,-0.007,+0.000,+0.000,-0.002,-0.009,0,+0.000,+0.007,+0.00011,+0.007,+0.003,-0.013,+0.000,-0.002,-0.013,0,+0.007,+0.000,-0.022,+0.001
DRV,22414,+0.0000,+0.0000,+0.0000,+0.0000,+0.0000,+0.0000,+0.000,+0.000,-0.00067,+0.0005,+0.0000,-0.020,2,1,+0.000,-0.002,-0.00000,-0.002,-0.000,+0.004,+0.000,-0.002,+0.002,2,+0.000,+0.012,+0.00000,+0.012,+0.000,-0.024,+0.000,-0.002,-0.025,0,+0.000,-0.016,-0.00000,-0.016,-0.000,+0.032,+0.000,-0.002,+0.031,0,+0.000,+0.000,-0.00000,+0.000,-0.000,+0.000,+0.000,-0.002,-0.002,2,-0.002,-0.004,+0.001,+0.005
DRV,22418,+0.0000,+0.0000,+0.0000,+0.0000,+0.0000,+0.0000,+0.000,+0.000,-0.00067,+0.0005,+0.0000,-0.020,2,1,+0.000,+0.000,-0.00008,+0.000,-0.002,-0.001,+0.000,-0.002,-0.005,0,+0.000,+0.004,-0.00008,+0.004,-0.002,-0.008,+0.000,-0.002,-0.011,0,+0.000,-0.005,+0.00030,-0.005,+0.008,+0.010,+0.000,-0.002,+0.016,2,+0.000,-0.013,-0.00008,-0.013,-0.002,+0.026,+0.000,-0.002,+0.022,2,-0.012,-0.001,+0.018,+0.004
DRV,22422,+0.0000,+0.0000,+0.0000,+0.0000,+0.0000,+0.0000,+0.000,+0.000,-0.00067,+0.0005,+0.0000,-0.020,2,1,+0.000,+0.003,-0.00046,+0.003,-0.012,-0.006,+0.000,-0.002,-0.019,0,+0.000,-0.002,-0.00008,-0.002,-0.002,+0.005,+0.000,-0.002,+0.001,2,+0.000,+0.000,+0.00030,+0.000,+0.008,+0.000,+0.000,-0.002,+0.006,2,+0.000,-0.001,+0.00030,-0.001,+0.008,+0.003,+0.000,-0.002,+0.009,2,+0.001,-0.002,-0.010,+0.007
DRV,22426,+0.0000,+0.0000,+0.0000,+0.0000,+0.0000,+0.0000,+0.000,+0.000,-0.00067,+0.0010,+0.0000,-0.041,2,1,+0.000,+0.000,-0.00035,+0.000,-0.009,+0.000,+0.000,-0.003,-0.012,2,+0.000,-0.011,+0.00042,-0.011,+0.010,+0.022,+0.000,-0.003,+0.029,2,+0.000,+0.011,+0.00003,+0.011,+0.001,-0.022,+0.000,-0.003,-0.024,2,+0.000,+0.009,+0.00003,+0.009,+0.001,-0.017,+0.000,-0.003,-0.020,2,+0.009,+0.000,-0.032,+0.005
DRV,22430,+0.0000,+0.0000,+0.0000,+0.0000,+0.0000,+0.0000,+0.000,+0.000,-0.00066,+0.0016,+0.0000,-0.062,2,1,+0.000,-0.002,-0.00000,-0.002,-0.000,+0.004,+0.000,-0.005,-0.001,2,+0.000,+0.000,+0.00038,+0.000,+0.010,+0.000,+0.000,-0.005,+0.005,2,+0.000,+0.007,-0.00038,+0.007,-0.010,-0.013,+0.000,-0.005,-0.028,2,+0.000,+0.010,-0.00000,+0.010,-0.000,-0.019,+0.000,-0.005,-0.024,2,+0.008,+0.007,-0.025,-0.023
DRV,22434,+0.0000,+0.0000,+0.0000,+0.0000,+0.0000,+0.0000,+0.000,+0.000,-0.00066,+0.0002,+0.0000,-0.009,2,1,+0.000,+0.000,+0.00019,+0.000,+0.005,+0.000,+0.000,-0.001,+0.004,2,+0.000,+0.010,+0.00019,+0.010,+0.005,-0.021,+0.000,-0.001,-0.017,2,+0.000,+0.000,-0.00019,+0.000,-0.005,+0.000,+0.000,-0.001,-0.006,2,+0.000,+0.000,-0.00019,+0.000,-0.005,+0.000,+0.000,-0.001,-0.006,2,+0.000,+0.010,-0.001,-0.022
DRV,22438,+0.0000,+0.0000,+0.0000,+0.0000,+0.0000,+0.0000,+0.000,+0.000,-0.00066,-0.0011,+0.0000,+0.044,2,1,+0.000,+0.004,-0.00027,+0.004,-0.007,-0.008,+0.000,+0.004,-0.011,2,+0.000,+0.009,+0.00011,+0.009,+0.003,-0.017,+0.000,+0.004,-0.011,2,+0.000,-0.011,+0.00011,-0.011,+0.003,+0.023,+0.000,+0.004,+0.029,2,+0.000,-0.013,+0.00011,-0.013,+0.003,+0.026,+0.000,+0.004,+0.032,2,-0.009,-0.003,+0.021,+0.018
DRV,22442,+0.0000,+0.0000,+0.0000,+0.0000,+0.0000,+0.0000,+0.000,+0.000,-0.00066,-0.0000,+0.0000,+0.001,2,1,+0.000,+0.000,-0.00027,+0.000,-0.007,+0.000,+0.000,+0.000,-0.007,2,+0.000,+0.000,-0.00027,+0.000,-0.007,+0.000,+0.000,+0.000,-0.007,2,+0.000,-0.008,+0.00050,-0.008,+0.012,+0.016,+0.000,+0.000,+0.029,2,+0.000,-0.003,+0.00011,-0.003,+0.003,+0.007,+0.000,+0.000,+0.010,0,-0.003,-0.008,+0.003,+0.022
DRV,22446,+0.0000,+0.0000,+0.0000,+0.0000,+0.0000,+0.0000,+0.000,+0.000,-0.00066,+0.0010,+0.0000,-0.041,2,1,+0.000,-0.010,-0.00008,-0.010,-0.002,+0.019,+0.000,-0.003,+0.014,2,+0.000,-0.018,-0.00008,-0.018,-0.002,+0.035,+0.000,-0.003,+0.030,2,+0.000,+0.007,+0.00030,+0.007,+0.008,-0.013,+0.000,-0.003,-0.009,0,+0.000,+0.001,-0.00008,+0.001,-0.002,-0.002,+0.000,-0.003,-0.007,0,-0.009,-0.011,+0.007,+0.021
DRV,22450,+0.0000,+0.0000,+0.0000,+0.0000,+0.0000,+0.0000,+0.000,+0.000,-0.00066,+0.0002,+0.0000,-0.009,2,1,+0.000,+0.000,-0.00008,+0.000,-0.002,+0.000,+0.000,-0.001,-0.003,2,+0.000,-0.001,+0.00030,-0.001,+0.008,+0.003,+0.000,-0.001,+0.010,0,+0.000,+0.013,-0.00008,+0.013,-0.002,-0.026,+0.000,-0.001,-0.028,0,+0.000,+0.003,-0.00008,+0.003,-0.002,-0.006,+0.000,-0.001,-0.008,2,+0.003,+0.011,-0.011,-0.019
DRV,22454,+0.0000,+0.0000,+0.0000,+0.0000,+0.0000,+0.0000,+0.000,+0.000,-0.00066,-0.0006,+0.0000,+0.023,2,1,+0.000,+0.005,-0.00008,+0.005,-0.002,-0.010,+0.000,+0.002,-0.010,0,+0.000,+0.009,+0.00030,+0.009,+0.008,-0.017,+0.000,+0.002,-0.008,0,+0.000,+0.008,-0.00008,+0.008,-0.002,-0.015,+0.000,+0.002,-0.015,2,+0.000,+0.000,-0.00008,+0.000,-0.002,+0.000,+0.000,+0.002,-0.000,2,+0.005,+0.016,-0.010,-0.023
DRV,22458,+0.0000,+0.0000,+0.0000,+0.0000,+0.0000,+0.0000,+0.000,+0.000,-0.00066,-0.0003,+0.0000,+0.012,2,1,+0.000,+0.000,-0.00027,+0.000,-0.007,+0.000,+0.000,+0.001,-0.006,0,+0.000,+0.019,+0.00011,+0.019,+0.003,-0.037,+0.000,+0.001,-0.033,2,+0.000,-0.004,+0.00011,-0.004,+0.003,+0.009,+0.000,+0.001,+0.012,2,+0.000,-0.010,+0.00011,-0.010,+0.003,+0.019,+0.000,+0.001,+0.023,2,-0.010,+0.014,+0.017,-0.021
DRV,22462,+0.0000,+0.0000,+0.0000,+0.0000,+0.0000,+0.0000,+0.000,+0.000,-0.00066,-0.0000,+0.0000,+0.001,2,1,+0.000,-0.002,-0.00000,-0.002,-0.000,+0.005,+0.000,+0.000,+0.005,2,+0.000,+0.000,+0.00000,+0.000,+0.000,-0.001,+0.000,+0.000,-0.001,2,+0.000,-0.002,-0.00000,-0.002,-0.000,+0.004,+0.000,+0.000,+0.004,2,+0.000,+0.000,-0.00000,+0.000,-0.000,+0.000,+0.000,+0.000,+0.000,2,-0.002,-0.001,+0.005,+0.003
DRV,22466,+0.0000,+0.0000,+0.0000,+0.0000,+0.0000,+0.0000,+0.000,+0.000,-0.00066,+0.0002,+0.0000,-0.009,2,1,+0.000,+0.000,-0.00000,+0.000,-0.000,+0.000,+0.000,-0.001,-0.001,2,+0.000,-0.008,+0.00000,-0.008,+0.000,+0.016,+0.000,-0.001,+0.016,2,+0.000,+0.000,-0.00000,+0.000,-0.000,+0.000,+0.000,-0.001,-0.001,2,+0.000,+0.011,-0.00000,+0.011,-0.000,-0.023,+0.000,-0.001,-0.024,2,+0.011,-0.008,-0.024,+0.015
DRV,22470,+0.0000,+0.0000,+0.0000,+0.0000,+0.0000,+0.0000,+0.000,+0.000,-0.00066,+0.0005,+0.0000,-0.020,2,1,+0.000,+0.007,-0.00008,+0.007,-0.002,-0.013,+0.000,-0.002,-0.017,2,+0.000,-0.009,+0.00030,-0.009,+0.008,+0.017,+0.000,-0.002,+0.023,2,+0.000,+0.002,-0.00008,+0.002,-0.002,-0.005,+0.000,-0.002,-0.008,2,+0.000,+0.007,-0.00008,+0.007,-0.002,-0.013,+0.000,-0.002,-0.017,2,+0.013,-0.006,-0.034,+0.015
DRV,22474,+0.0000,+0.0000,+0.0000,+0.0000,+0.0000,+0.0000,+0.000,+0.000,-0.00065,+0.0008,+0.0000,-0.030,2,1,+0.000,+0.000,-0.00024,+0.000,-0.006,+0.000,+0.000,-0.002,-0.008,2,+0.000,+0.000,+0.00053,+0.000,+0.013,+0.000,+0.000,-0.002,+0.011,2,+0.000,+0.000,+0.00015,+0.000,+0.004,+0.000,+0.000,-0.002,+0.001,2,+0.000,+0.000,-0.00024,+0.000,-0.006,+0.000,+0.000,-0.002,-0.008,2,+0.000,+0.000,-0.017,+0.012
DRV,22478,+0.0000,+0.0000,+0.0000,+0.0000,+0.0000,+0.0000,+0.000,+0.000,-0.00065,+0.0010,+0.0000,-0.041,2,1,+0.000,-0.007,-0.00000,-0.007,-0.000,+0.013,+0.000,-0.003,+0.010,2,+0.000,+0.009,+0.00000,+0.009,+0.000,-0.018,+0.000,-0.003,-0.021,2,+0.000,-0.002,-0.00000,-0.002,-0.000,+0.004,+0.000,-0.003,+0.001,2,+0.000,-0.015,-0.00000,-0.015,-0.000,+0.031,+0.000,-0.003,+0.027,0,-0.022,+0.007,+0.037,-0.021
DRV,22482,+0.0000,+0.0000,+0.0000,+0.0000,+0.0000,+0.0000,+0.000,+0.000,-0.00065,-0.0000,+0.0000,+0.002,2,1,+0.000,+0.000,-0.00000,+0.000,-0.000,+0.000,+0.000,+0.000,+0.000,2,+0.000,+0.001,+0.00000,+0.001,+0.000,-0.003,+0.000,+0.000,-0.003,2,+0.000,+0.000,-0.00000,+0.000,-0.000,+0.000,+0.000,+0.000,+0.000,0,+0.000,-0.003,+0.00038,-0.003,+0.010,+0.007,+0.000,+0.000,+0.016,0,-0.003,+0.001,+0.017,-0.003
DRV,22486,+0.0000,+0.0000,+0.0000,+0.0000,+0.0000,+0.0000,+0.000,+0.000,-0.00065,-0.0011,+0.0000,+0.044,2,1,+0.000,+0.011,-0.00038,+0.011,-0.010,-0.023,+0.000,+0.004,-0.029,2,+0.000,-0.013,+0.00000,-0.013,+0.000,+0.027,+0.000,+0.004,+0.030,0,+0.000,+0.002,-0.00000,+0.002,-0.000,-0.004,+0.000,+0.004,-0.000,0,+0.000,+0.000,+0.00038,+0.000,+0.010,+0.000,+0.000,+0.004,+0.013,2,+0.011,-0.011,-0.016,+0.030
DRV,22490,+0.0000,+0.0000,+0.0000,+0.0000,+0.0000,+0.0000,+0.000,+0.000,-0.00066,-0.0003,+0.0000,+0.012,2,1,+0.000,+0.000,-0.00027,+0.000,-0.007,+0.000,+0.000,+0.001,-0.006,2,+0.000,-0.002,+0.00011,-0.002,+0.003,+0.004,+0.000,+0.001,+0.008,0,+0.000,+0.004,+0.00011,+0.004,+0.003,-0.008,+0.000,+0.001,-0.004,2,+0.000,+0.013,+0.00011,+0.013,+0.003,-0.027,+0.000,+0.001,-0.023,2,+0.013,+0.002,-0.029,+0.004
DRV,22494,+0.0000,+0.0000,+0.0000,+0.0000,+0.0000,+0.0000,+0.000,+0.000,-0.00065,+0.0005,+0.0000,-0.020,2,1,+0.000,-0.008,-0.00024,-0.008,-0.006,+0.016,+0.000,-0.002,+0.009,0,+0.000,+0.000,+0.00053,+0.000,+0.013,+0.000,+0.000,-0.002,+0.012,2,+0.000,+0.000,+0.00015,+0.000,+0.004,+0.000,+0.000,-0.002,+0.002,2,+0.000,+0.003,-0.00024,+0.003,-0.006,-0.006,+0.000,-0.002,-0.013,2,-0.005,+0.000,-0.005,+0.014
DRV,22498,+0.0000,+0.0000,+0.0000,+0.0000,+0.0000,+0.0000,+0.000,+0.000,-0.00065,-0.0000,+0.0000,+0.002,2,1,+0.000,-0.007,+0.00011,-0.007,+0.003,+0.014,+0.000,+0.000,+0.017,0,+0.000,+0.010,+0.00011,+0.010,+0.003,-0.019,+0.000,+0.000,-0.016,2,+0.000,-0.003,+0.00011,-0.003,+0.003,+0.006,+0.000,+0.000,+0.009,2,+0.000,-0.005,-0.00027,-0.005,-0.007,+0.010,+0.000,+0.000,+0.003,2,-0.012,+0.007,+0.020,-0.007
DRV,22502,+0.0000,+0.0000,+0.0000,+0.0000,+0.0000,+0.0000,+0.000,+0.000,-0.00066,-0.0006,+0.0000,+0.023,2,1,+0.000,+0.000,-0.00000,+0.000,-0.000,+0.000,+0.000,+0.002,+0.002,2,+0.000,+0.001,+0.00000,+0.001,+0.000,-0.003,+0.000,+0.002,-0.001,2,+0.000,+0.000,-0.00000,+0.000,-0.000,+0.000,+0.000,+0.002,+0.002,2,+0.000,-0.012,-0.00000,-0.012,-0.000,+0.024,+0.000,+0.002,+0.026,2,-0.012,+0.001,+0.027,+0.001
DRV,22506,+0.0000,+0.0000,+0.0000,+0.0000,+0.0000,+0.0000,+0.000,+0.000,-0.00066,+0.0002,+0.0000,-0.009,2,1,+0.000,+0.014,-0.00038,+0.014,-0.010,-0.028,+0.000,-0.001,-0.038,2,+0.000,-0.009,+0.00000,-0.009,+0.000,+0.018,+0.000,-0.001,+0.017,2,+0.000,+0.009,-0.00000,+0.009,-0.000,-0.017,+0.000,-0.001,-0.018,2,+0.000,-0.000,+0.00038,-0.000,+0.010,+0.001,+0.000,-0.001,+0.010,2,+0.013,-0.000,-0.028,-0.000
DRV,22510,+0.0000,+0.0000,+0.0000,+0.0000,+0.0000,+0.0000,+0.000,+0.000,-0.00065,+0.0010,+0.0000,-0.041,2,1,+0.000,+0.000,-0.00035,+0.000,-0.009,+0.000,+0.000,-0.003,-0.012,2,+0.000,-0.002,+0.00042,-0.002,+0.010,+0.004,+0.000,-0.003,+0.011,2,+0.000,+0.000,+0.00003,+0.000,+0.001,+0.000,+0.000,-0.003,-0.002,2,+0.000,+0.014,+0.00003,+0.014,+0.001,-0.028,+0.000,-0.003,-0.030,2,+0.014,-0.002,-0.042,+0.009
DRV,22514,+0.0000,+0.0000,+0.0000,+0.0000,+0.0000,+0.0000,+0.000,+0.000,-0.00065,-0.0000,+0.0000,+0.002,2,1,+0.000,-0.014,-0.00035,-0.014,-0.009,+0.028,+0.000,+0.000,+0.019,2,+0.000,+0.000,+0.00042,+0.000,+0.010,+0.000,+0.000,+0.000,+0.011,2,+0.000,-0.015,+0.00003,-0.015,+0.001,+0.030,+0.000,+0.000,+0.031,2,+0.000,+0.012,+0.00003,+0.012,+0.001,-0.025,+0.000,+0.000,-0.024,0,-0.001,-0.015,-0.005,+0.041
DRV,22518,+0.0000,+0.0000,+0.0000,+0.0000,+0.0000,+0.0000,+0.000,+0.000,-0.00065,-0.0011,+0.0000,+0.044,2,1,+0.000,+0.000,+0.00003,+0.000,+0.001,+0.000,+0.000,+0.004,+0.004,2,+0.000,+0.013,+0.00003,+0.013,+0.001,-0.027,+0.000,+0.004,-0.022,2,+0.000,-0.006,+0.00042,-0.006,+0.010,+0.011,+0.000,+0.004,+0.025,0,+0.000,+0.000,-0.00035,+0.000,-0.009,+0.000,+0.000,+0.004,-0.005,0,+0.000,+0.008,-0.001,+0.003
DRV,22522,+0.0000,+0.0000,+0.0000,+0.0000,+0.0000,+0.0000,+0.000,+0.000,-0.00066,-0.0003,+0.0000,+0.012,2,1,+0.000,+0.011,-0.00008,+0.011,-0.002,-0.022,+0.000,+0.001,-0.023,2,+0.000,+0.000,-0.00008,+0.000,-0.002,+0.000,+0.000,+0.001,-0.001,2,+0.000,+0.000,+0.00030,+0.000,+0.008,+0.000,+0.000,+0.001,+0.009,0,+0.000,-0.014,-0.00008,-0.014,-0.002,+0.029,+0.000,+0.001,+0.028,2,-0.003,+0.000,+0.005,+0.008
DRV,22526,+0.0000,+0.0000,+0.0000,+0.0000,+0.0000,+0.0000,+0.000,+0.000,-0.00066,+0.0005,+0.0000,-0.020,2,1,+0.000,+0.002,-0.00027,+0.002,-0.007,-0.005,+0.000,-0.002,-0.013,2,+0.000,-0.011,+0.00011,-0.011,+0.003,+0.022,+0.000,-0.002,+0.023,0,+0.000,+0.010,+0.00011,+0.010,+0.003,-0.019,+0.000,-0.002,-0.018,2,+0.000,-0.003,+0.00011,-0.003,+0.003,+0.006,+0.000,-0.002,+0.007,2,-0.000,-0.001,-0.006,+0.005
DRV,22530,+0.0000,+0.0000,+0.0000,+0.0000,+0.0000,+0.0000,+0.000,+0.000,-0.00065,-0.0000,+0.0000,+0.002,2,1,+0.000,-0.003,-0.00019,-0.003,-0.005,+0.006,+0.000,+0.000,+0.001,0,+0.000,-0.007,+0.00019,-0.007,+0.005,+0.014,+0.000,+0.000,+0.019,0,+0.000,+0.004,-0.00019,+0.004,-0.005,-0.008,+0.000,+0.000,-0.012,2,+0.000,+0.000,+0.00019,+0.000,+0.005,+0.000,+0.000,+0.000,+0.005,2,-0.003,-0.003,+0.006,+0.007
DRV,22534,+0.0000,+0.0000,+0.0000,+0.0000,+0.0000,+0.0000,+0.000,+0.000,-0.00066,-0.0006,+0.0000,+0.023,2,1,+0.000,-0.007,-0.00019,-0.007,-0.005,+0.013,+0.000,+0.002,+0.010,0,+0.000,+0.000,+0.00019,+0.000,+0.005,+0.000,+0.000,+0.002,+0.007,2,+0.000,-0.003,-0.00019,-0.003,-0.005,+0.006,+0.000,+0.002,+0.003,2,+0.000,+0.011,+0.00019,+0.011,+0.005,-0.023,+0.000,+0.002,-0.016,2,+0.005,-0.003,-0.006,+0.009
DRV,22538,+0.0000,+0.0000,+0.0000,+0.0000,+0.0000,+0.0000,+0.000,+0.000,-0.00066,-0.0011,+0.0000,+0.044,2,1,+0.000,+0.000,+0.00011,+0.000,+0.003,+0.000,+0.000,+0.004,+0.006,2,+0.000,+0.010,+0.00011,+0.010,+0.003,-0.021,+0.000,+0.004,-0.015,2,+0.000,-0.012,+0.00011,-0.012,+0.003,+0.025,+0.000,+0.004,+0.031,2,+0.000,+0.003,-0.00027,+0.003,-0.007,-0.006,+0.000,+0.004,-0.009,2,+0.003,-0.002,-0.003,+0.017
DRV,22542,+0.0000,+0.0000,+0.0000,+0.0000,+0.0000,+0.0000,+0.000,+0.000,-0.00067,-0.0016,+0.0000,+0.065,2,1,+0.000,+0.008,-0.00024,+0.008,-0.006,-0.015,+0.000,+0.005,-0.016,2,+0.000,+0.000,+0.00015,+0.000,+0.004,+0.000,+0.000,+0.005,+0.009,2,+0.000,-0.001,+0.00053,-0.001,+0.013,+0.002,+0.000,+0.005,+0.020,2,+0.000,-0.005,-0.00024,-0.005,-0.006,+0.010,+0.000,+0.005,+0.010,2,+0.002,-0.001,-0.006,+0.029
DRV,22546,+0.0000,+0.0000,+0.0000,+0.0000,+0.0000,+0.0000,+0.000,+0.000,-0.00067,-0.0008,+0.0000,+0.033,2,1,+0.000,+0.000,-0.00035,+0.000,-0.009,+0.000,+0.000,+0.003,-0.006,2,+0.000,-0.010,+0.00003,-0.010,+0.001,+0.020,+0.000,+0.003,+0.024,2,+0.000,+0.008,+0.00042,+0.008,+0.010,-0.015,+0.000,+0.003,-0.002,2,+0.000,-0.011,+0.00003,-0.011,+0.001,+0.023,+0.000,+0.003,+0.026,2,-0.011,-0.002,+0.020,+0.021
DRV,22550,+0.0000,+0.0000,+0.0000,+0.0000,+0.0000,+0.0000,+0.000,+0.000,-0.00067,-0.0000,+0.0000,+0.001,2,1,+0.000,-0.009,-0.00027,-0.009,-0.007,+0.017,+0.000,+0.000,+0.010,2,+0.000,-0.003,+0.00011,-0.003,+0.003,+0.006,+0.000,+0.000,+0.009,2,+0.000,+0.013,+0.00011,+0.013,+0.003,-0.027,+0.000,+0.000,-0.024,2,+0.000,+0.000,+0.00011,+0.000,+0.003,+0.000,+0.000,+0.000,+0.003,2,-0.009,+0.010,+0.013,-0.015
DRV,22554,+0.0000,+0.0000,+0.0000,+0.0000,+0.0000,+0.0000,+0.000,+0.000,-0.00067,-0.0000,+0.0000,+0.001,2,1,+0.000,+0.000,-0.00000,+0.000,-0.000,+0.000,+0.000,+0.000,+0.000,2,+0.000,+0.000,+0.00000,+0.000,+0.000,+0.000,+0.000,+0.000,+0.000,2,+0.000,+0.000,-0.00000,+0.000,-0.000,+0.000,+0.000,+0.000,+0.000,2,+0.000,+0.011,-0.00000,+0.011,-0.000,-0.023,+0.000,+0.000,-0.023,0,+0.011,+0.000,-0.023,+0.000
DRV,22558,+0.0000,+0.0000,+0.0000,+0.0000,+0.0000,+0.0000,+0.000,+0.000,-0.00067,-0.0000,+0.0000,+0.001,2,1,+0.000,+0.005,-0.00016,+0.005,-0.004,-0.010,+0.000,+0.000,-0.013,2,+0.000,+0.012,+0.00023,+0.012,+0.006,-0.024,+0.000,+0.000,-0.018,2,+0.000,-0.005,+0.00022,-0.005,+0.006,+0.010,+0.000,+0.000,+0.016,0,+0.000,+0.010,-0.00016,+0.010,-0.004,-0.021,+0.000,+0.000,-0.025,0,+0.015,+0.007,-0.038,-0.002
DRV,22562,+0.0000,+0.0000,+0.0000,+0.0000,+0.0000,+0.0000,+0.000,+0.000,-0.00067,+0.0002,+0.0000,-0.009,2,1,+0.000,+0.000,-0.00016,+0.000,-0.004,-0.001,+0.000,-0.001,-0.006,2,+0.000,+0.000,+0.00023,+0.000,+0.006,+0.000,+0.000,-0.001,+0.005,0,+0.000,-0.001,+0.00022,-0.001,+0.006,+0.002,+0.000,-0.001,+0.007,0,+0.000,+0.000,-0.00016,+0.000,-0.004,+0.000,+0.000,-0.001,-0.005,2,+0.000,-0.001,-0.010,+0.012
DRV,22566,+0.0000,+0.0000,+0.0000,+0.0000,+0.0000,+0.0000,+0.000,+0.000,-0.00067,+0.0005,+0.0000,-0.020,2,1,+0.000,-0.005,-0.00027,-0.005,-0.007,+0.010,+0.000,-0.002,+0.001,0,+0.000,-0.007,+0.00011,-0.007,+0.003,+0.013,+0.000,-0.002,+0.015,0,+0.000,+0.000,+0.00011,+0.000,+0.003,+0.000,+0.000,-0.002,+0.001,2,+0.000,-0.012,+0.00011,-0.012,+0.003,+0.024,+0.000,-0.002,+0.025,2,-0.017,-0.007,+0.026,+0.016
DRV,22570,+0.0000,+0.0000,+0.0000,+0.0000,+0.0000,+0.0000,+0.000,+0.000,-0.00067,-0.0000,+0.0000,+0.001,2,1,+0.000,-0.001,-0.00038,-0.001,-0.010,+0.002,+0.000,+0.000,-0.008,2,+0.000,-0.002,+0.00000,-0.002,+0.000,+0.005,+0.000,+0.000,+0.005,2,+0.000,+0.002,-0.00000,+0.002,-0.000,-0.005,+0.000,+0.000,-0.005,2,+0.000,-0.004,+0.00038,-0.004,+0.010,+0.009,+0.000,+0.000,+0.018,2,-0.005,+0.000,+0.011,+0.000
DRV,22574,+0.0000,+0.0000,+0.0000,+0.0000,+0.0000,+0.0000,+0.000,+0.000,-0.00067,-0.0006,+0.0000,+0.023,2,1,+0.000,+0.000,-0.00003,+0.000,-0.001,+0.000,+0.000,+0.002,+0.001,2,+0.000,+0.000,-0.00003,+0.000,-0.001,+0.000,+0.000,+0.002,+0.001,2,+0.000,+0.000,-0.00042,+0.000,-0.010,+0.000,+0.000,+0.002,-0.009,2,+0.000,+0.000,+0.00035,+0.000,+0.009,+0.000,+0.000,+0.002,+0.011,2,+0.000,+0.000,+0.012,-0.008
DRV,22578,+0.0000,+0.0000,+0.0000,+0.0000,+0.0000,+0.0000,+0.000,+0.000,-0.00067,-0.0003,+0.0000,+0.012,2,1,+0.000,+0.006,-0.00027,+0.006,-0.007,-0.011,+0.000,+0.001,-0.017,2,+0.000,+0.005,+0.00011,+0.005,+0.003,-0.010,+0.000,+0.001,-0.007,2,+0.000,-0.014,+0.00011,-0.014,+0.003,+0.028,+0.000,+0.001,+0.031,2,+0.000,+0.015,+0.00011,+0.015,+0.003,-0.030,+0.000,+0.001,-0.026,2,+0.021,-0.009,-0.043,+0.025
DRV,22582,+0.0000,+0.0000,+0.0000,+0.0000,+0.0000,+0.0000,+0.000,+0.000,-0.00067,-0.0000,+0.0000,+0.001,2,1,+0.000,+0.000,-0.00024,+0.000,-0.006,+0.000,+0.000,+0.000,-0.006,2,+0.000,+0.000,+0.00015,+0.000,+0.004,+0.000,+0.000,+0.000,+0.004,2,+0.000,-0.008,+0.00053,-0.008,+0.013,+0.016,+0.000,+0.000,+0.030,2,+0.000,+0.005,-0.00024,+0.005,-0.006,-0.010,+0.000,+0.000,-0.016,2,+0.005,-0.008,-0.022,+0.033
DRV,22586,+0.0000,+0.0000,+0.0000,+0.0000,+0.0000,+0.0000,+0.000,+0.000,-0.00067,+0.0002,+0.0000,-0.009,2,1,+0.000,-0.010,-0.00035,-0.010,-0.009,+0.019,+0.000,-0.001,+0.010,2,+0.000,-0.013,+0.00003,-0.013,+0.001,+0.027,+0.000,-0.001,+0.027,2,+0.000,-0.000,+0.00042,-0.000,+0.010,+0.001,+0.000,-0.001,+0.011,2,+0.000,-0.009,+0.00003,-0.009,+0.001,+0.017,+0.000,-0.001,+0.017,2,-0.018,-0.014,+0.027,+0.037
DRV,22590,+0.0000,+0.0000,+0.0000,+0.0000,+0.0000,+0.0000,+0.000,+0.000,-0.00067,+0.0005,+0.0000,-0.020,2,1,+0.000,+0.000,-0.00000,+0.000,-0.000,+0.000,+0.000,-0.002,-0.002,2,+0.000,-0.003,+0.00000,-0.003,+0.000,+0.007,+0.000,-0.002,+0.005,2,+0.000,+0.012,-0.00000,+0.012,-0.000,-0.024,+0.000,-0.002,-0.025,2,+0.000,-0.008,-0.00000,-0.008,-0.000,+0.015,+0.000,-0.002,+0.014,0,-0.008,+0.009,+0.012,-0.020
DRV,22594,+0.0000,+0.0000,+0.0000,+0.0000,+0.0000,+0.0000,+0.000,+0.000,-0.00067,-0.0006,+0.0000,+0.023,2,1,+0.000,+0.007,-0.00000,+0.007,-0.000,-0.014,+0.000,+0.002,-0.013,2,+0.000,+0.000,+0.00000,+0.000,+0.000,+0.000,+0.000,+0.002,+0.002,2,+0.000,+0.006,-0.00000,+0.006,-0.000,-0.011,+0.000,+0.002,-0.010,0,+0.000,+0.000,-0.00000,+0.000,-0.000,+0.000,+0.000,+0.002,+0.002,0,+0.007,+0.006,-0.011,-0.008
DRV,22598,+0.0000,+0.0000,+0.0000,+0.0000,+0.0000,+0.0000,+0.000,+0.000,-0.00067,-0.0006,+0.0000,+0.023,2,1,+0.000,+0.001,-0.00027,+0.001,-0.007,-0.002,+0.000,+0.002,-0.007,2,+0.000,+0.010,+0.00011,+0.010,+0.003,-0.020,+0.000,+0.002,-0.015,0,+0.000,+0.000,+0.00011,+0.000,+0.003,+0.000,+0.000,+0.002,+0.005,0,+0.000,+0.016,+0.00011,+0.016,+0.003,-0.032,+0.000,+0.002,-0.028,0,+0.017,+0.010,-0.035,-0.011
DRV,22602,+0.0000,+0.0000,+0.0000,+0.0000,+0.0000,+0.0000,+0.000,+0.000,-0.00067,+0.0010,+0.0000,-0.041,2,1,+0.000,-0.002,-0.00027,-0.002,-0.007,+0.005,+0.000,-0.003,-0.005,0,+0.000,+0.000,+0.00011,+0.000,+0.003,+0.000,+0.000,-0.003,-0.000,0,+0.000,-0.007,+0.00011,-0.007,+0.003,+0.013,+0.000,-0.003,+0.013,2,+0.000,+0.007,+0.00011,+0.007,+0.003,-0.014,+0.000,-0.003,-0.015,2,+0.005,-0.007,-0.020,+0.012
DRV,22606,+0.0000,+0.0000,+0.0000,+0.0000,+0.0000,+0.0000,+0.000,+0.000,-0.00067,+0.0010,+0.0000,-0.041,2,1,+0.000,-0.005,+0.00011,-0.005,+0.003,+0.010,+0.000,-0.003,+0.010,0,+0.000,-0.013,+0.00011,-0.013,+0.003,+0.027,+0.000,-0.003,+0.026,2,+0.000,+0.000,+0.00011,+0.000,+0.003,+0.000,+0.000,-0.003,-0.000,2,+0.000,+0.000,-0.00027,+0.000,-0.007,+0.000,+0.000,-0.003,-0.010,2,-0.005,-0.013,-0.000,+0.026
DRV,22610,+0.0000,+0.0000,+0.0000,+0.0000,+0.0000,+0.0000,+0.000,+0.000,-0.00067,-0.0006,+0.0000,+0.023,2,1,+0.000,+0.000,-0.00008,+0.000,-0.002,+0.000,+0.000,+0.002,-0.000,2,+0.000,-0.003,+0.00030,-0.003,+0.008,+0.007,+0.000,+0.002,+0.016,2,+0.000,+0.003,-0.00008,+0.003,-0.002,-0.006,+0.000,+0.002,-0.006,2,+0.000,-0.018,-0.00008,-0.018,-0.002,+0.036,+0.000,+0.002,+0.036,2,-0.018,-0.000,+0.036,+0.010
DRV,22614,+0.0000,+0.0000,+0.0000,+0.0000,+0.0000,+0.0000,+0.000,+0.000,-0.00067,-0.0006,+0.0000,+0.023,2,1,+0.000,+0.009,-0.00046,+0.009,-0.012,-0.018,+0.000,+0.002,-0.028,2,+0.000,+0.000,+0.00030,+0.000,+0.008,+0.000,+0.000,+0.002,+0.009,2,+0.000,+0.002,-0.00008,+0.002,-0.002,-0.005,+0.000,+0.002,-0.005,2,+0.000,-0.013,+0.00030,-0.013,+0.008,+0.027,+0.000,+0.002,+0.036,2,-0.004,+0.002,+0.008,+0.004
DRV,22618,+0.0000,+0.0000,+0.0000,+0.0000,+0.0000,+0.0000,+0.000,+0.000,-0.00067,-0.0000,+0.0000,+0.001,2,1,+0.000,+0.000,-0.00038,+0.000,-0.010,+0.000,+0.000,+0.000,-0.009,2,+0.000,+0.014,+0.00000,+0.014,+0.000,-0.028,+0.000,+0.000,-0.028,2,+0.000,-0.004,-0.00000,-0.004,-0.000,+0.009,+0.000,+0.000,+0.009,2,+0.000,+0.000,+0.00038,+0.000,+0.010,+0.000,+0.000,+0.000,+0.010,2,+0.000,+0.010,+0.000,-0.019
DRV,22622,+0.0000,+0.0000,+0.0000,+0.0000,+0.0000,+0.0000,+0.000,+0.000,-0.00067,-0.0000,+0.0000,+0.001,2,1,+0.000,-0.012,-0.00000,-0.012,-0.000,+0.024,+0.000,+0.000,+0.024,2,+0.000,+0.000,+0.00000,+0.000,+0.000,+0.000,+0.000,+0.000,+0.000,2,+0.000,+0.000,-0.00000,+0.000,-0.000,+0.000,+0.000,+0.000,+0.000,2,+0.000,+0.016,-0.00000,+0.016,-0.000,-0.031,+0.000,+0.000,-0.031,2,+0.004,+0.000,-0.007,+0.000
DRV,22626,+0.0000,+0.0000,+0.0000,+0.0000,+0.0000,+0.0000,+0.000,+0.000,-0.00067,-0.0006,+0.0000,+0.023,2,1,+0.000,+0.000,+0.00011,+0.000,+0.003,+0.000,+0.000,+0.002,+0.005,2,+0.000,-0.004,+0.00011,-0.004,+0.003,+0.009,+0.000,+0.002,+0.013,2,+0.000,+0.000,+0.00011,+0.000,+0.003,+0.000,+0.000,+0.002,+0.005,2,+0.000,+0.011,-0.00027,+0.011,-0.007,-0.023,+0.000,+0.002,-0.028,0,+0.011,-0.004,-0.023,+0.018
DRV,22630,+0.0000,+0.0000,+0.0000,+0.0000,+0.0000,+0.0000,+0.000,+0.000,-0.00067,-0.0006,+0.0000,+0.022,2,1,+0.000,+0.010,-0.00016,+0.010,-0.004,-0.019,+0.000,+0.002,-0.021,2,+0.000,-0.009,+0.00023,-0.009,+0.006,+0.018,+0.000,+0.002,+0.026,2,+0.000,+0.002,+0.00022,+0.002,+0.006,-0.005,+0.000,+0.002,+0.003,0,+0.000,+0.000,-0.00016,+0.000,-0.004,+0.000,+0.000,+0.002,-0.002,0,+0.010,-0.007,-0.023,+0.028
DRV,22634,+0.0000,+0.0000,+0.0000,+0.0000,+0.0000,+0.0000,+0.000,+0.000,-0.00067,+0.0016,+0.0000,-0.063,2,1,+0.000,+0.004,-0.00019,+0.004,-0.005,-0.008,+0.000,-0.005,-0.017,2,+0.000,+0.000,+0.00019,+0.000,+0.005,+0.000,+0.000,-0.005,-0.000,2,+0.000,+0.003,-0.00019,+0.003,-0.005,-0.006,+0.000,-0.005,-0.016,0,+0.000,-0.016,+0.00019,-0.016,+0.005,+0.031,+0.000,-0.005,+0.031,2,-0.012,+0.003,+0.014,-0.016
DRV,22638,+0.0000,+0.0000,+0.0000,+0.0000,+0.0000,+0.0000,+0.000,+0.000,-0.00066,+0.0016,+0.0000,-0.063,2,1,+0.000,-0.009,-0.00030,-0.009,-0.008,+0.017,+0.000,-0.005,+0.005,2,+0.000,+0.000,+0.00008,+0.000,+0.002,+0.000,+0.000,-0.005,-0.003,0,+0.000,+0.000,-0.00030,+0.000,-0.008,+0.000,+0.000,-0.005,-0.013,2,+0.000,-0.007,+0.00046,-0.007,+0.012,+0.013,+0.000,-0.005,+0.020,2,-0.015,+0.000,+0.024,-0.016
DRV,22642,+0.0000,+0.0000,+0.0000,+0.0000,+0.0000,+0.0000,+0.000,+0.000,-0.00066,+0.0016,+0.0000,-0.062,2,1,+0.000,-0.002,-0.00038,-0.002,-0.010,+0.004,+0.000,-0.005,-0.011,0,+0.000,+0.000,+0.00000,+0.000,+0.000,+0.000,+0.000,-0.005,-0.005,0,+0.000,-0.020,-0.00000,-0.020,-0.000,+0.040,+0.000,-0.005,+0.035,2,+0.000,+0.000,+0.00038,+0.000,+0.010,+0.000,+0.000,-0.005,+0.005,2,-0.002,-0.020,-0.006,+0.030
DRV,22646,+0.0000,+0.0000,+0.0000,+0.0000,+0.0000,+0.0000,+0.000,+0.000,-0.00065,+0.0016,+0.0000,-0.062,2,1,+0.000,+0.000,-0.00008,+0.000,-0.002,+0.000,+0.000,-0.005,-0.007,0,+0.000,-0.007,-0.00008,-0.007,-0.002,+0.013,+0.000,-0.005,+0.006,2,+0.000,-0.007,+0.00030,-0.007,+0.008,+0.013,+0.000,-0.005,+0.016,2,+0.000,+0.012,-0.00008,+0.012,-0.002,-0.025,+0.000,-0.005,-0.032,2,+0.012,-0.013,-0.039,+0.022
DRV,22650,+0.0000,+0.0000,+0.0000,+0.0000,+0.0000,+0.0000,+0.000,+0.000,-0.00065,+0.0010,+0.0000,-0.041,2,1,+0.000,+0.000,-0.00005,+0.000,-0.001,+0.000,+0.000,-0.003,-0.004,2,+0.000,-0.000,+0.00034,-0.000,+0.008,+0.001,+0.000,-0.003,+0.006,2,+0.000,+0.000,+0.00034,+0.000,+0.008,+0.000,+0.000,-0.003,+0.005,2,+0.000,+0.002,-0.00043,+0.002,-0.011,-0.005,+0.000,-0.003,-0.019,2,+0.002,-0.000,-0.023,+0.011
DRV,22654,+0.0000,+0.0000,+0.0000,+0.0000,+0.0000,+0.0000,+0.000,+0.000,-0.00064,+0.0010,+0.0000,-0.041,2,1,+0.000,+0.000,+0.00011,+0.000,+0.003,+0.000,+0.000,-0.003,-0.000,2,+0.000,+0.010,+0.00011,+0.010,+0.003,-0.020,+0.000,-0.003,-0.020,2,+0.000,+0.013,+0.00011,+0.013,+0.003,-0.027,+0.000,-0.003,-0.027,2,+0.000,-0.003,-0.00027,-0.003,-0.007,+0.007,+0.000,-0.003,-0.003,2,-0.003,+0.023,-0.004,-0.048
DRV,22658,+0.0000,+0.0000,+0.0000,+0.0000,+0.0000,+0.0000,+0.000,+0.000,-0.00064,-0.0006,+0.0000,+0.023,2,1,+0.000,+0.000,+0.00008,+0.000,+0.002,+0.000,+0.000,+0.002,+0.004,2,+0.000,+0.007,+0.00008,+0.007,+0.002,-0.014,+0.000,+0.002,-0.010,2,+0.000,+0.008,-0.00030,+0.008,-0.008,-0.016,+0.000,+0.002,-0.022,2,+0.000,-0.014,+0.00008,-0.014,+0.002,+0.029,+0.000,+0.002,+0.032,2,-0.014,+0.015,+0.036,-0.032
DRV,22662,+0.0000,+0.0000,+0.0000,+0.0000,+0.0000,+0.0000,+0.000,+0.000,-0.00065,-0.0006,+0.0000,+0.023,2,1,+0.000,+0.000,-0.00003,+0.000,-0.001,+0.000,+0.000,+0.002,+0.001,2,+0.000,+0.000,-0.00003,+0.000,-0.001,+0.000,+0.000,+0.002,+0.001,2,+0.000,-0.002,-0.00042,-0.002,-0.010,+0.005,+0.000,+0.002,-0.004,2,+0.000,-0.001,+0.00035,-0.001,+0.009,+0.002,+0.000,+0.002,+0.013,2,-0.001,-0.002,+0.014,-0.003
DRV,22666,+0.0000,+0.0000,+0.0000,+0.0000,+0.0000,+0.0000,+0.000,+0.000,-0.00065,-0.0000,+0.0000,+0.002,2,1,+0.000,+0.006,-0.00038,+0.006,-0.010,-0.011,+0.000,+0.000,-0.021,2,+0.000,-0.004,+0.00000,-0.004,+0.000,+0.009,+0.000,+0.000,+0.009,2,+0.000,-0.016,-0.00000,-0.016,-0.000,+0.031,+0.000,+0.000,+0.032,2,+0.000,+0.013,+0.00038,+0.013,+0.010,-0.026,+0.000,+0.000,-0.016,0,+0.019,-0.020,-0.037,+0.040
DRV,22670,+0.0000,+0.0000,+0.0000,+0.0000,+0.0000,+0.0000,+0.000,+0.000,-0.00065,-0.0000,+0.0000,+0.002,2,1,+0.000,+0.001,-0.00035,+0.001,-0.009,-0.002,+0.000,+0.000,-0.011,2,+0.000,+0.000,+0.00003,+0.000,+0.001,+0.000,+0.000,+0.000,+0.001,2,+0.000,-0.004,+0.00042,-0.004,+0.010,+0.009,+0.000,+0.000,+0.019,0,+0.000,+0.015,+0.00003,+0.015,+0.001,-0.031,+0.000,+0.000,-0.030,0,+0.016,-0.004,-0.040,+0.020
DRV,22674,+0.0000,+0.0000,+0.0000,+0.0000,+0.0000,+0.0000,+0.000,+0.000,-0.00065,-0.0000,+0.0000,+0.002,2,1,+0.000,-0.009,-0.00024,-0.009,-0.006,+0.017,+0.000,+0.000,+0.011,2,+0.000,+0.000,+0.00015,+0.000,+0.004,+0.000,+0.000,+0.000,+0.004,0,+0.000,+0.000,+0.00053,+0.000,+0.013,+0.000,+0.000,+0.000,+0.013,0,+0.000,+0.006,-0.00024,+0.006,-0.006,-0.012,+0.000,+0.000,-0.018,2,-0.002,+0.000,-0.007,+0.017
DRV,22678,+0.0000,+0.0000,+0.0000,+0.0000,+0.0000,+0.0000,+0.000,+0.000,-0.00065,-0.0000,+0.0000,+0.002,2,1,+0.000,+0.000,+0.00011,+0.000,+0.003,+0.000,+0.000,+0.000,+0.003,0,+0.000,+0.002,+0.00011,+0.002,+0.003,-0.004,+0.000,+0.000,-0.001,0,+0.000,+0.021,+0.00011,+0.021,+0.003,-0.042,+0.000,+0.000,-0.039,0,+0.000,-0.004,-0.00027,-0.004,-0.007,+0.009,+0.000,+0.000,+0.002,2,-0.004,+0.023,+0.005,-0.040
DRV,22682,+0.0000,+0.0000,+0.0000,+0.0000,+0.0000,+0.0000,+0.000,+0.000,-0.00064,+0.0010,+0.0000,-0.041,2,1,+0.000,+0.010,-0.00030,+0.010,-0.008,-0.020,+0.000,-0.003,-0.031,0,+0.000,+0.000,+0.00008,+0.000,+0.002,+0.000,+0.000,-0.003,-0.001,2,+0.000,+0.002,-0.00030,+0.002,-0.008,-0.004,+0.000,-0.003,-0.015,2,+0.000,-0.017,+0.00008,-0.017,+0.002,+0.033,+0.000,-0.003,+0.032,2,-0.007,+0.002,+0.001,-0.016
DRV,22686,+0.0000,+0.0000,+0.0000,+0.0000,+0.0000,+0.0000,+0.000,+0.000,-0.00064,+0.0010,+0.0000,-0.041,2,1,+0.000,+0.000,-0.00030,+0.000,-0.008,+0.000,+0.000,-0.003,-0.011,2,+0.000,-0.017,+0.00008,-0.017,+0.002,+0.034,+0.000,-0.003,+0.033,2,+0.000,+0.000,-0.00030,+0.000,-0.008,+0.000,+0.000,-0.003,-0.011,2,+0.000,+0.000,+0.00046,+0.000,+0.012,+0.000,+0.000,-0.003,+0.008,2,+0.000,-0.017,-0.003,+0.022
DRV,22690,+0.0000,+0.0000,+0.0000,+0.0000,+0.0000,+0.0000,+0.000,+0.000,-0.00064,-0.0000,+0.0000,+0.002,2,1,+0.000,-0.003,-0.00035,-0.003,-0.009,+0.006,+0.000,+0.000,-0.003,2,+0.000,-0.010,+0.00042,-0.010,+0.010,+0.019,+0.000,+0.000,+0.030,2,+0.000,-0.021,+0.00003,-0.021,+0.001,+0.042,+0.000,+0.000,+0.043,2,+0.000,+0.011,+0.00003,+0.011,+0.001,-0.023,+0.000,+0.000,-0.022,2,+0.009,-0.031,-0.025,+0.073
DRV,22694,+0.0000,+0.0000,+0.0000,+0.0000,+0.0000,+0.0000,+0.000,+0.000,-0.00064,-0.0000,+0.0000,+0.002,2,1,+0.000,-0.006,-0.00005,-0.006,-0.001,+0.011,+0.000,+0.000,+0.010,2,+0.000,+0.000,+0.00034,+0.000,+0.008,+0.000,+0.000,+0.000,+0.009,2,+0.000,-0.003,+0.00034,-0.003,+0.008,+0.007,+0.000,+0.000,+0.015,2,+0.000,+0.010,-0.00043,+0.010,-0.011,-0.020,+0.000,+0.000,-0.031,2,+0.004,-0.003,-0.020,+0.024
DRV,22698,+0.0000,+0.0000,+0.0000,+0.0000,+0.0000,+0.0000,+0.000,+0.000,-0.00064,-0.0006,+0.0000,+0.023,2,1,+0.000,+0.000,+0.00003,+0.000,+0.001,+0.000,+0.000,+0.002,+0.003,2,+0.000,+0.013,+0.00003,+0.013,+0.001,-0.026,+0.000,+0.002,-0.023,2,+0.000,+0.000,+0.00042,+0.000,+0.010,+0.000,+0.000,+0.002,+0.012,2,+0.000,+0.000,-0.00035,+0.000,-0.009,+0.000,+0.000,+0.002,-0.007,2,+0.000,+0.013,-0.004,-0.011
DRV,22702,+0.0000,+0.0000,+0.0000,+0.0000,+0.0000,+0.0000,+0.000,+0.000,-0.00064,-0.0006,+0.0000,+0.023,2,1,+0.000,+0.019,-0.00019,+0.019,-0.005,-0.037,+0.000,+0.002,-0.040,2,+0.000,+0.002,-0.00019,+0.002,-0.005,-0.004,+0.000,+0.002,-0.007,2,+0.000,+0.020,+0.00019,+0.020,+0.005,-0.040,+0.000,+0.002,-0.033,2,+0.000,-0.018,+0.00019,-0.018,+0.005,+0.036,+0.000,+0.002,+0.043,0,+0.000,+0.022,+0.003,-0.040
DRV,22706,+0.0000,+0.0000,+0.0000,+0.0000,+0.0000,+0.0000,+0.000,+0.000,-0.00065,-0.0006,+0.0000,+0.023,2,1,+0.000,+0.000,-0.00019,+0.000,-0.005,+0.000,+0.000,+0.002,-0.003,2,+0.000,-0.010,+0.00019,-0.010,+0.005,+0.019,+0.000,+0.002,+0.026,2,+0.000,+0.002,-0.00019,+0.002,-0.005,-0.004,+0.000,+0.002,-0.007,0,+0.000,-0.003,+0.00057,-0.003,+0.014,+0.007,+0.000,+0.002,+0.023,0,-0.003,-0.008,+0.020,+0.019
DRV,22710,+0.0000,+0.0000,+0.0000,+0.0000,+0.0000,+0.0000,+0.000,+0.000,-0.00065,-0.0006,+0.0000,+0.023,2,1,+0.000,-0.008,-0.00030,-0.008,-0.008,+0.015,+0.000,+0.002,+0.009,2,+0.000,-0.014,+0.00008,-0.014,+0.002,+0.029,+0.000,+0.002,+0.032,0,+0.000,-0.003,-0.00030,-0.003,-0.008,+0.006,+0.000,+0.002,-0.000,0,+0.000,+0.000,+0.00046,+0.000,+0.012,+0.000,+0.000,+0.002,+0.013,2,-0.008,-0.017,+0.023,+0.032
DRV,22714,+0.0000,+0.0000,+0.0000,+0.0000,+0.0000,+0.0000,+0.000,+0.000,-0.00065,-0.0000,+0.0000,+0.002,2,1,+0.000,-0.003,-0.00008,-0.003,-0.002,+0.007,+0.000,+0.000,+0.005,0,+0.000,-0.005,+0.00030,-0.005,+0.008,+0.010,+0.000,+0.000,+0.017,0,+0.000,-0.018,-0.00008,-0.018,-0.002,+0.035,+0.000,+0.000,+0.033,2,+0.000,+0.010,-0.00008,+0.010,-0.002,-0.020,+0.000,+0.000,-0.022,2,+0.007,-0.022,-0.017,+0.051
DRV,22718,+0.0000,+0.0000,+0.0000,+0.0000,+0.0000,+0.0000,+0.000,+0.000,-0.00065,-0.0000,+0.0000,+0.002,2,1,+0.000,+0.001,-0.00005,+0.001,-0.001,-0.002,+0.000,+0.000,-0.003,0,+0.000,+0.009,+0.00034,+0.009,+0.008,-0.018,+0.000,+0.000,-0.010,2,+0.000,-0.009,+0.00034,-0.009,+0.008,+0.017,+0.000,+0.000,+0.026,2,+0.000,+0.005,-0.00043,+0.005,-0.011,-0.010,+0.000,+0.000,-0.020,2,+0.006,+0.000,-0.023,+0.016
DRV,22722,+0.0000,+0.0000,+0.0000,+0.0000,+0.0000,+0.0000,+0.000,+0.000,-0.00065,-0.0006,+0.0000,+0.023,2,1,+0.000,+0.003,-0.00024,+0.003,-0.006,-0.006,+0.000,+0.002,-0.010,2,+0.000,+0.011,+0.00015,+0.011,+0.004,-0.022,+0.000,+0.002,-0.016,2,+0.000,+0.000,+0.00053,+0.000,+0.013,+0.000,+0.000,+0.002,+0.015,2,+0.000,+0.000,-0.00024,+0.000,-0.006,+0.000,+0.000,+0.002,-0.004,2,+0.003,+0.011,-0.014,-0.001
DRV,22726,+0.0000,+0.0000,+0.0000,+0.0000,+0.0000,+0.0000,+0.000,+0.000,-0.00065,-0.0006,+0.0000,+0.023,2,1,+0.000,+0.000,-0.00027,+0.000,-0.007,+0.000,+0.000,+0.002,-0.005,2,+0.000,+0.000,+0.00011,+0.000,+0.003,+0.000,+0.000,+0.002,+0.005,2,+0.000,+0.013,+0.00011,+0.013,+0.003,-0.027,+0.000,+0.002,-0.022,2,+0.000,-0.019,+0.00011,-0.019,+0.003,+0.037,+0.000,+0.002,+0.042,2,-0.019,+0.013,+0.037,-0.017
DRV,22730,+0.0000,+0.0000,+0.0000,+0.0000,+0.0000,+0.0000,+0.000,+0.000,-0.00065,-0.0000,+0.0000,+0.002,2,1,+0.000,-0.010,-0.00003,-0.010,-0.001,+0.021,+0.000,+0.000,+0.020,2,+0.000,-0.007,-0.00003,-0.007,-0.001,+0.013,+0.000,+0.000,+0.013,2,+0.000,+0.003,-0.00042,+0.003,-0.010,-0.006,+0.000,+0.000,-0.016,2,+0.000,-0.004,+0.00035,-0.004,+0.009,+0.009,+0.000,+0.000,+0.017,2,-0.015,-0.004,+0.038,-0.003
DRV,22734,+0.0000,+0.0000,+0.0000,+0.0000,+0.0000,+0.0000,+0.000,+0.000,-0.00065,-0.0000,+0.0000,+0.002,2,1,+0.000,+0.000,-0.00011,+0.000,-0.003,+0.000,+0.000,+0.000,-0.003,2,+0.000,-0.003,+0.00027,-0.003,+0.007,+0.007,+0.000,+0.000,+0.014,2,+0.000,-0.001,-0.00050,-0.001,-0.012,+0.003,+0.000,+0.000,-0.009,2,+0.000,+0.014,+0.00027,+0.014,+0.007,-0.029,+0.000,+0.000,-0.022,2,+0.014,-0.005,-0.024,+0.004
DRV,22738,+0.0000,+0.0000,+0.0000,+0.0000,+0.0000,+0.0000,+0.000,+0.000,-0.00065,-0.0000,+0.0000,+0.002,2,1,+0.000,+0.007,-0.00008,+0.007,-0.002,-0.013,+0.000,+0.000,-0.015,2,+0.000,+0.000,+0.00030,+0.000,+0.008,-0.001,+0.000,+0.000,+0.007,2,+0.000,-0.013,-0.00008,-0.013,-0.002,+0.027,+0.000,+0.000,+0.025,2,+0.000,+0.011,-0.00008,+0.011,-0.002,-0.022,+0.000,+0.000,-0.024,0,+0.018,-0.013,-0.039,+0.032
DRV,22742,+0.0000,+0.0000,+0.0000,+0.0000,+0.0000,+0.0000,+0.000,+0.000,-0.00065,-0.0000,+0.0000,+0.002,2,1,+0.000,+0.000,-0.00024,+0.000,-0.006,+0.000,+0.000,+0.000,-0.006,2,+0.000,+0.014,+0.00015,+0.014,+0.004,-0.029,+0.000,+0.000,-0.025,2,+0.000,-0.006,+0.00053,-0.006,+0.013,+0.011,+0.000,+0.000,+0.025,0,+0.000,+0.000,-0.00024,+0.000,-0.006,+0.000,+0.000,+0.000,-0.006,0,+0.000,+0.009,-0.012,-0.000
DRV,22746,+0.0000,+0.0000,+0.0000,+0.0000,+0.0000,+0.0000,+0.000,+0.000,-0.00065,+0.0005,+0.0000,-0.020,2,1,+0.000,-0.005,-0.00008,-0.005,-0.002,+0.010,+0.000,-0.002,+0.007,2,+0.000,+0.000,-0.00008,+0.000,-0.002,+0.000,+0.000,-0.002,-0.004,2,+0.000,+0.006,+0.00030,+0.006,+0.008,-0.012,+0.000,-0.002,-0.006,0,+0.000,-0.010,-0.00008,-0.010,-0.002,+0.020,+0.000,-0.002,+0.016,2,-0.015,+0.006,+0.023,-0.010
DRV,22750,+0.0000,+0.0000,+0.0000,+0.0000,+0.0000,+0.0000,+0.000,+0.000,-0.00065,+0.0005,+0.0000,-0.020,2,1,+0.000,+0.000,-0.00000,+0.000,-0.000,+0.000,+0.000,-0.002,-0.002,2,+0.000,-0.013,+0.00000,-0.013,+0.000,+0.026,+0.000,-0.002,+0.024,0,+0.000,+0.007,-0.00000,+0.007,-0.000,-0.013,+0.000,-0.002,-0.015,2,+0.000,-0.011,-0.00000,-0.011,-0.000,+0.022,+0.000,-0.002,+0.020,2,-0.011,-0.006,+0.019,+0.009
DRV,22754,+0.0000,+0.0000,+0.0000,+0.0000,+0.0000,+0.0000,+0.000,+0.000,-0.00065,-0.0000,+0.0000,+0.002,2,1,+0.000,+0.003,-0.00019,+0.003,-0.005,-0.006,+0.000,+0.000,-0.010,0,+0.000,-0.010,+0.00019,-0.010,+0.005,+0.021,+0.000,+0.000,+0.026,0,+0.000,+0.007,-0.00019,+0.007,-0.005,-0.013,+0.000,+0.000,-0.018,2,+0.000,+0.000,+0.00019,+0.000,+0.005,+0.000,+0.000,+0.000,+0.005,2,+0.003,-0.004,-0.005,+0.008
DRV,22758,+0.0000,+0.0000,+0.0000,+0.0000,+0.0000,+0.0000,+0.000,+0.000,-0.00065,-0.0000,+0.0000,+0.002,2,1,+0.000,+0.000,-0.00035,+0.000,-0.009,+0.000,+0.000,+0.000,-0.009,0,+0.000,+0.000,+0.00042,+0.000,+0.010,+0.000,+0.000,+0.000,+0.011,2,+0.000,-0.003,+0.00003,-0.003,+0.001,+0.006,+0.000,+0.000,+0.007,2,+0.000,+0.017,+0.00003,+0.017,+0.001,-0.034,+0.000,+0.000,-0.033,2,+0.017,-0.003,-0.042,+0.017
DRV,22762,+0.0000,+0.0000,+0.0000,+0.0000,+0.0000,+0.0000,+0.000,+0.000,-0.00065,-0.0000,+0.0000,+0.002,2,1,+0.000,-0.003,-0.00016,-0.003,-0.004,+0.007,+0.000,+0.000,+0.003,2,+0.000,+0.012,+0.00023,+0.012,+0.006,-0.024,+0.000,+0.000,-0.018,2,+0.000,-0.011,+0.00022,-0.011,+0.006,+0.022,+0.000,+0.000,+0.028,2,+0.000,+0.014,-0.00016,+0.014,-0.004,-0.028,+0.000,+0.000,-0.032,2,+0.010,+0.001,-0.029,+0.010
DRV,22766,+0.0000,+0.0000,+0.0000,+0.0000,+0.0000,+0.0000,+0.000,+0.000,-0.00065,-0.0000,+0.0000,+0.002,2,1,+0.000,-0.002,+0.00003,-0.002,+0.001,+0.004,+0.000,+0.000,+0.005,2,+0.000,+0.000,+0.00003,+0.000,+0.001,-0.001,+0.000,+0.000,+0.000,2,+0.000,-0.000,+0.00042,-0.000,+0.010,+0.001,+0.000,+0.000,+0.011,2,+0.000,+0.000,-0.00035,+0.000,-0.009,+0.000,+0.000,+0.000,-0.009,2,-0.002,+0.000,-0.004,+0.012
DRV,22770,+0.0000,+0.0000,+0.0000,+0.0000,+0.0000,+0.0000,+0.000,+0.000,-0.00066,-0.0016,+0.0000,+0.065,2,1,+0.000,+0.006,-0.00000,+0.006,-0.000,-0.012,+0.000,+0.005,-0.007,2,+0.000,-0.005,+0.00000,-0.005,+0.000,+0.010,+0.000,+0.005,+0.015,2,+0.000,+0.011,-0.00000,+0.011,-0.000,-0.023,+0.000,+0.005,-0.018,2,+0.000,-0.016,-0.00000,-0.016,-0.000,+0.031,+0.000,+0.005,+0.037,2,-0.010,+0.007,+0.030,-0.003
DRV,22774,+0.0000,+0.0000,+0.0000,+0.0000,+0.0000,+0.0000,+0.000,+0.000,-0.00066,-0.0016,+0.0000,+0.065,2,1,+0.000,+0.003,-0.00027,+0.003,-0.007,-0.007,+0.000,+0.005,-0.008,2,+0.000,-0.004,+0.00011,-0.004,+0.003,+0.009,+0.000,+0.005,+0.017,2,+0.000,+0.006,+0.00011,+0.006,+0.003,-0.012,+0.000,+0.005,-0.004,2,+0.000,-0.007,+0.00011,-0.007,+0.003,+0.013,+0.000,+0.005,+0.021,0,-0.003,+0.002,+0.013,+0.012
DRV,22778,+0.0000,+0.0000,+0.0000,+0.0000,+0.0000,+0.0000,+0.000,+0.000,-0.00066,-0.0000,+0.0000,+0.001,2,1,+0.000,-0.004,-0.00030,-0.004,-0.008,+0.009,+0.000,+0.000,+0.001,2,+0.000,+0.000,+0.00008,+0.000,+0.002,+0.000,+0.000,+0.000,+0.002,2,+0.000,+0.000,-0.00030,+0.000,-0.008,+0.000,+0.000,+0.000,-0.007,2,+0.000,+0.000,+0.00046,+0.000,+0.012,+0.000,+0.000,+0.000,+0.012,0,-0.004,+0.000,+0.013,-0.005
DRV,22782,+0.0000,+0.0000,+0.0000,+0.0000,+0.0000,+0.0000,+0.000,+0.000,-0.00066,-0.0000,+0.0000,+0.001,2,1,+0.000,-0.002,-0.00027,-0.002,-0.007,+0.004,+0.000,+0.000,-0.003,2,+0.000,+0.012,+0.00011,+0.012,+0.003,-0.025,+0.000,+0.000,-0.022,2,+0.000,-0.011,+0.00011,-0.011,+0.003,+0.023,+0.000,+0.000,+0.026,0,+0.000,+0.015,+0.00011,+0.015,+0.003,-0.031,+0.000,+0.000,-0.028,0,+0.013,+0.001,-0.030,+0.004
DRV,22786,+0.0000,+0.0000,+0.0000,+0.0000,+0.0000,+0.0000,+0.000,+0.000,-0.00067,-0.0006,+0.0000,+0.023,2,1,+0.000,+0.000,-0.00000,+0.000,-0.000,+0.000,+0.000,+0.002,+0.002,2,+0.000,+0.003,+0.00000,+0.003,+0.000,-0.007,+0.000,+0.002,-0.005,0,+0.000,-0.003,-0.00000,-0.003,-0.000,+0.007,+0.000,+0.002,+0.008,0,+0.000,+0.003,-0.00000,+0.003,-0.000,-0.006,+0.000,+0.002,-0.004,2,+0.003,+0.000,-0.002,+0.004
DRV,22790,+0.0000,+0.0000,+0.0000,+0.0000,+0.0000,+0.0000,+0.000,+0.000,-0.00067,-0.0006,+0.0000,+0.023,2,1,+0.000,+0.005,-0.00024,+0.005,-0.006,-0.010,+0.000,+0.002,-0.014,0,+0.000,-0.010,+0.00015,-0.010,+0.004,+0.020,+0.000,+0.002,+0.025,0,+0.000,+0.000,+0.00053,+0.000,+0.013,+0.000,+0.000,+0.002,+0.015,2,+0.000,+0.000,-0.00024,+0.000,-0.006,+0.000,+0.000,+0.002,-0.004,2,+0.005,-0.010,-0.018,+0.041
DRV,22794,+0.0000,+0.0000,+0.0000,+0.0000,+0.0000,+0.0000,+0.000,+0.000,-0.00067,+0.0005,+0.0000,-0.020,2,1,+0.000,+0.000,-0.00027,+0.000,-0.007,+0.000,+0.000,-0.002,-0.008,0,+0.000,-0.004,+0.00011,-0.004,+0.003,+0.008,+0.000,-0.002,+0.009,2,+0.000,+0.018,+0.00011,+0.018,+0.003,-0.035,+0.000,-0.002,-0.034,2,+0.000,-0.015,+0.00011,-0.015,+0.003,+0.031,+0.000,-0.002,+0.032,2,-0.015,+0.014,+0.023,-0.025
DRV,22798,+0.0000,+0.0000,+0.0000,+0.0000,+0.0000,+0.0000,+0.000,+0.000,-0.00067,+0.0005,+0.0000,-0.020,2,1,+0.000,-0.008,-0.00038,-0.008,-0.010,+0.015,+0.000,-0.002,+0.004,2,+0.000,+0.000,+0.00000,+0.000,+0.000,+0.000,+0.000,-0.002,-0.002,2,+0.000,+0.001,-0.00000,+0.001,-0.000,-0.003,+0.000,-0.002,-0.004,2,+0.000,-0.003,+0.00038,-0.003,+0.010,+0.007,+0.000,-0.002,+0.015,2,-0.011,+0.001,+0.019,-0.006
DRV,22802,+0.0000,+0.0000,+0.0000,+0.0000,+0.0000,+0.0000,+0.000,+0.000,-0.00067,-0.0000,+0.0000,+0.001,2,1,+0.000,-0.000,-0.00011,-0.000,-0.003,+0.001,+0.000,+0.000,-0.002,2,+0.000,+0.003,-0.00011,+0.003,-0.003,-0.006,+0.000,+0.000,-0.008,2,+0.000,-0.004,-0.00011,-0.004,-0.003,+0.009,+0.000,+0.000,+0.006,2,+0.000,+0.009,+0.00027,+0.009,+0.007,-0.018,+0.000,+0.000,-0.011,2,+0.009,-0.001,-0.013,-0.003
DRV,22806,+0.0000,+0.0000,+0.0000,+0.0000,+0.0000,+0.0000,+0.000,+0.000,-0.00067,-0.0000,+0.0000,+0.001,2,1,+0.000,+0.002,-0.00000,+0.002,-0.000,-0.004,+0.000,+0.000,-0.004,2,+0.000,+0.000,+0.00000,+0.000,+0.000,+0.000,+0.000,+0.000,+0.000,2,+0.000,-0.007,-0.00000,-0.007,-0.000,+0.013,+0.000,+0.000,+0.013,2,+0.000,+0.014,-0.00000,+0.014,-0.000,-0.028,+0.000,+0.000,-0.028,2,+0.016,-0.007,-0.031,+0.014
DRV,22810,+0.0000,+0.0000,+0.0000,+0.0000,+0.0000,+0.0000,+0.000,+0.000,-0.00066,+0.0010,+0.0000,-0.041,2,1,+0.000,+0.003,-0.00027,+0.003,-0.007,-0.007,+0.000,-0.003,-0.017,2,+0.000,+0.000,+0.00011,+0.000,+0.003,+0.000,+0.000,-0.003,-0.000,2,+0.000,+0.000,+0.00011,+0.000,+0.003,+0.000,+0.000,-0.003,-0.000,2,+0.000,+0.000,+0.00011,+0.000,+0.003,+0.000,+0.000,-0.003,-0.000,2,+0.003,+0.000,-0.017,-0.001
DRV,22814,+0.0000,+0.0000,+0.0000,+0.0000,+0.0000,+0.0000,+0.000,+0.000,-0.00066,+0.0010,+0.0000,-0.041,2,1,+0.000,+0.000,-0.00027,+0.000,-0.007,+0.000,+0.000,-0.003,-0.010,2,+0.000,+0.000,+0.00011,+0.000,+0.003,+0.000,+0.000,-0.003,-0.000,2,+0.000,+0.004,+0.00011,+0.004,+0.003,-0.008,+0.000,-0.003,-0.008,2,+0.000,-0.012,+0.00011,-0.012,+0.003,+0.025,+0.000,-0.003,+0.024,0,-0.012,+0.004,+0.014,-0.009
DRV,22818,+0.0000,+0.0000,+0.0000,+0.0000,+0.0000,+0.0000,+0.000,+0.000,-0.00065,+0.0010,+0.0000,-0.041,2,1,+0.000,-0.007,-0.00000,-0.007,-0.000,+0.013,+0.000,-0.003,+0.010,2,+0.000,+0.000,+0.00000,+0.000,+0.000,+0.000,+0.000,-0.003,-0.003,2,+0.000,+0.000,-0.00000,+0.000,-0.000,+0.000,+0.000,-0.003,-0.003,0,+0.000,-0.006,-0.00000,-0.006,-0.000,+0.012,+0.000,-0.003,+0.009,0,-0.013,+0.000,+0.019,-0.007
DRV,22822,+0.0000,+0.0000,+0.0000,+0.0000,+0.0000,+0.0000,+0.000,+0.000,-0.00065,+0.0010,+0.0000,-0.041,2,1,+0.000,+0.000,-0.00011,+0.000,-0.003,+0.000,+0.000,-0.003,-0.006,2,+0.000,-0.003,-0.00011,-0.003,-0.003,+0.006,+0.000,-0.003,-0.000,0,+0.000,-0.001,-0.00011,-0.001,-0.003,+0.002,+0.000,-0.003,-0.004,0,+0.000,-0.002,+0.00027,-0.002,+0.007,+0.005,+0.000,-0.003,+0.008,2,-0.002,-0.004,+0.002,-0.005
DRV,22826,+0.0000,+0.0000,+0.0000,+0.0000,+0.0000,+0.0000,+0.000,+0.000,-0.00065,+0.0010,+0.0000,-0.041,2,1,+0.000,+0.002,-0.00008,+0.002,-0.002,-0.005,+0.000,-0.003,-0.010,0,+0.000,+0.000,-0.00008,+0.000,-0.002,+0.000,+0.000,-0.003,-0.005,2,+0.000,-0.009,+0.00030,-0.009,+0.008,+0.018,+0.000,-0.003,+0.022,2,+0.000,+0.013,-0.00008,+0.013,-0.002,-0.027,+0.000,-0.003,-0.032,2,+0.016,-0.009,-0.042,+0.017
DRV,22830,+0.0000,+0.0000,+0.0000,+0.0000,+0.0000,+0.0000,+0.000,+0.000,-0.00064,+0.0008,+0.0000,-0.030,2,1,+0.000,+0.000,+0.00003,+0.000,+0.001,+0.000,+0.000,-0.002,-0.002,0,+0.000,-0.001,+0.00003,-0.001,+0.001,+0.003,+0.000,-0.002,+0.001,2,+0.000,+0.000,+0.00042,+0.000,+0.010,+0.000,+0.000,-0.002,+0.008,2,+0.000,+0.010,-0.00035,+0.010,-0.009,-0.019,+0.000,-0.002,-0.030,2,+0.010,-0.001,-0.032,+0.009
DRV,22834,+0.0000,+0.0000,+0.0000,+0.0000,+0.0000,+0.0000,+0.000,+0.000,-0.00064,+0.0005,+0.0000,-0.019,2,1,+0.000,-0.001,+0.00011,-0.001,+0.003,+0.003,+0.000,-0.002,+0.004,2,+0.000,-0.001,+0.00011,-0.001,+0.003,+0.002,+0.000,-0.002,+0.003,2,+0.000,+0.009,+0.00011,+0.009,+0.003,-0.018,+0.000,-0.002,-0.017,2,+0.000,+0.000,-0.00027,+0.000,-0.007,+0.000,+0.000,-0.002,-0.008,2,-0.001,+0.008,-0.004,-0.014
DRV,22838,+0.0000,+0.0000,+0.0000,+0.0000,+0.0000,+0.0000,+0.000,+0.000,-0.00064,+0.0008,+0.0000,-0.030,2,1,+0.000,+0.000,+0.00008,+0.000,+0.002,+0.000,+0.000,-0.002,-0.000,2,+0.000,+0.000,+0.00008,+0.000,+0.002,+0.000,+0.000,-0.002,-0.000,2,+0.000,+0.017,-0.00030,+0.017,-0.008,-0.033,+0.000,-0.002,-0.043,2,+0.000,-0.019,+0.00008,-0.019,+0.002,+0.037,+0.000,-0.002,+0.037,2,-0.019,+0.017,+0.036,-0.044
DRV,22842,+0.0000,+0.0000,+0.0000,+0.0000,+0.0000,+0.0000,+0.000,+0.000,-0.00063,+0.0010,+0.0000,-0.041,2,1,+0.000,+0.011,-0.00030,+0.011,-0.008,-0.023,+0.000,-0.003,-0.034,2,+0.000,+0.007,+0.00008,+0.007,+0.002,-0.014,+0.000,-0.003,-0.016,2,+0.000,+0.000,-0.00030,+0.000,-0.008,+0.000,+0.000,-0.003,-0.011,2,+0.000,-0.012,+0.00046,-0.012,+0.012,+0.024,+0.000,-0.003,+0.032,2,-0.000,+0.007,-0.002,-0.026
DRV,22846,+0.0000,+0.0000,+0.0000,+0.0000,+0.0000,+0.0000,+0.000,+0.000,-0.00063,+0.0010,+0.0000,-0.041,2,1,+0.000,+0.000,-0.00038,+0.000,-0.010,+0.000,+0.000,-0.003,-0.013,2,+0.000,+0.000,+0.00000,+0.000,+0.000,+0.000,+0.000,-0.003,-0.003,2,+0.000,-0.018,-0.00000,-0.018,-0.000,+0.035,+0.000,-0.003,+0.032,2,+0.000,+0.000,+0.00038,+0.000,+0.010,+0.000,+0.000,-0.003,+0.006,2,+0.000,-0.018,-0.006,+0.029
DRV,22850,+0.0000,+0.0000,+0.0000,+0.0000,+0.0000,+0.0000,+0.000,+0.000,-0.00063,+0.0010,+0.0000,-0.040,2,1,+0.000,-0.001,-0.00035,-0.001,-0.009,+0.002,+0.000,-0.003,-0.010,2,+0.000,-0.007,+0.00003,-0.007,+0.001,+0.014,+0.000,-0.003,+0.012,2,+0.000,-0.001,+0.00042,-0.001,+0.010,+0.003,+0.000,-0.003,+0.010,2,+0.000,+0.018,+0.00003,+0.018,+0.001,-0.035,+0.000,-0.003,-0.038,0,+0.017,-0.009,-0.048,+0.022
DRV,22854,+0.0000,+0.0000,+0.0000,+0.0000,+0.0000,+0.0000,+0.000,+0.000,-0.00062,+0.0005,+0.0000,-0.019,2,1,+0.000,-0.002,-0.00016,-0.002,-0.004,+0.005,+0.000,-0.002,-0.001,2,+0.000,+0.000,+0.00023,+0.000,+0.006,+0.000,+0.000,-0.002,+0.004,2,+0.000,+0.000,+0.00022,+0.000,+0.006,+0.000,+0.000,-0.002,+0.004,0,+0.000,+0.002,-0.00054,+0.002,-0.014,-0.004,+0.000,-0.002,-0.019,0,-0.000,+0.000,-0.020,+0.008
DRV,22858,+0.0000,+0.0000,+0.0000,+0.0000,+0.0000,+0.0000,+0.000,+0.000,-0.00062,-0.0001,+0.0000,+0.002,2,1,+0.000,+0.000,+0.00011,+0.000,+0.003,+0.000,+0.000,+0.000,+0.003,2,+0.000,+0.012,+0.00011,+0.012,+0.003,-0.024,+0.000,+0.000,-0.021,0,+0.000,+0.018,+0.00011,+0.018,+0.003,-0.036,+0.000,+0.000,-0.033,0,+0.000,+0.003,-0.00027,+0.003,-0.007,-0.006,+0.000,+0.000,-0.012,2,+0.003,+0.030,-0.009,-0.054
DRV,22862,+0.0000,+0.0000,+0.0000,+0.0000,+0.0000,+0.0000,+0.000,+0.000,-0.00062,-0.0003,+0.0000,+0.013,2,1,+0.000,+0.008,-0.00000,+0.008,-0.000,-0.015,+0.000,+0.001,-0.014,2,+0.000,+0.008,+0.00000,+0.008,+0.000,-0.015,+0.000,+0.001,-0.014,0,+0.000,+0.020,-0.00000,+0.020,-0.000,-0.039,+0.000,+0.001,-0.038,2,+0.000,-0.015,-0.00000,-0.015,-0.000,+0.031,+0.000,+0.001,+0.032,2,-0.008,+0.027,+0.017,-0.052
DRV,22866,+0.0000,+0.0000,+0.0000,+0.0000,+0.0000,+0.0000,+0.000,+0.000,-0.00063,-0.0006,+0.0000,+0.023,2,1,+0.000,+0.000,-0.00003,+0.000,-0.001,+0.000,+0.000,+0.002,+0.001,0,+0.000,+0.000,-0.00003,+0.000,-0.001,+0.000,+0.000,+0.002,+0.001,2,+0.000,+0.002,-0.00042,+0.002,-0.010,-0.005,+0.000,+0.002,-0.013,2,+0.000,-0.005,+0.00035,-0.005,+0.009,+0.010,+0.000,+0.002,+0.021,2,-0.005,+0.002,+0.022,-0.012
DRV,22870,+0.0000,+0.0000,+0.0000,+0.0000,+0.0000,+0.0000,+0.000,+0.000,-0.00063,+0.0002,+0.0000,-0.009,2,1,+0.000,+0.000,-0.00011,+0.000,-0.003,+0.000,+0.000,-0.001,-0.003,2,+0.000,-0.005,-0.00011,-0.005,-0.003,+0.010,+0.000,-0.001,+0.007,2,+0.000,-0.013,-0.00011,-0.013,-0.003,+0.026,+0.000,-0.001,+0.022,2,+0.000,+0.000,+0.00027,+0.000,+0.007,+0.000,+0.000,-0.001,+0.006,2,+0.000,-0.018,+0.003,+0.029
DRV,22874,+0.0000,+0.0000,+0.0000,+0.0000,+0.0000,+0.0000,+0.000,+0.000,-0.00062,+0.0010,+0.0000,-0.040,2,1,+0.000,+0.001,-0.00008,+0.001,-0.002,-0.003,+0.000,-0.003,-0.008,2,+0.000,+0.000,-0.00008,+0.000,-0.002,+0.000,+0.000,-0.003,-0.005,2,+0.000,-0.017,+0.00030,-0.017,+0.008,+0.033,+0.000,-0.003,+0.038,2,+0.000,+0.015,-0.00008,+0.015,-0.002,-0.031,+0.000,-0.003,-0.036,2,+0.017,-0.017,-0.044,+0.033
DRV,22878,+0.0000,+0.0000,+0.0000,+0.0000,+0.0000,+0.0000,+0.000,+0.000,-0.00062,+0.0007,+0.0000,-0.030,2,1,+0.000,+0.000,+0.00003,+0.000,+0.001,+0.000,+0.000,-0.002,-0.002,2,+0.000,+0.000,+0.00003,+0.000,+0.001,+0.000,+0.000,-0.002,-0.002,2,+0.000,-0.004,+0.00042,-0.004,+0.010,+0.009,+0.000,-0.002,+0.017,2,+0.000,+0.001,-0.00035,+0.001,-0.009,-0.002,+0.000,-0.002,-0.013,2,+0.001,-0.004,-0.015,+0.015
DRV,22882,+0.0000,+0.0000,+0.0000,+0.0000,+0.0000,+0.0000,+0.000,+0.000,-0.00062,+0.0005,+0.0000,-0.019,2,1,+0.000,+0.000,+0.00003,+0.000,+0.001,+0.000,+0.000,-0.002,-0.001,2,+0.000,+0.000,+0.00003,+0.000,+0.001,+0.000,+0.000,-0.002,-0.001,2,+0.000,+0.019,+0.00042,+0.019,+0.010,-0.038,+0.000,-0.002,-0.029,2,+0.000,-0.006,-0.00035,-0.006,-0.009,+0.012,+0.000,-0.002,+0.002,2,-0.006,+0.019,+0.001,-0.030
DRV,22886,+0.0000,+0.0000,+0.0000,+0.0000,+0.0000,+0.0000,+0.000,+0.000,-0.00062,+0.0002,+0.0000,-0.008,2,1,+0.000,+0.000,-0.00000,+0.000,-0.000,+0.000,+0.000,-0.001,-0.001,2,+0.000,-0.008,+0.00000,-0.008,+0.000,+0.015,+0.000,-0.001,+0.015,2,+0.000,+0.011,-0.00000,+0.011,-0.000,-0.022,+0.000,-0.001,-0.023,2,+0.000,-0.012,-0.00000,-0.012,-0.000,+0.024,+0.000,-0.001,+0.023,0,-0.012,+0.003,+0.022,-0.008
DRV,22890,+0.0000,+0.0000,+0.0000,+0.0000,+0.0000,+0.0000,+0.000,+0.000,-0.00062,-0.0001,+0.0000,+0.002,2,1,+0.000,+0.000,-0.00011,+0.000,-0.003,+0.000,+0.000,+0.000,-0.003,2,+0.000,-0.006,+0.00027,-0.006,+0.007,+0.012,+0.000,+0.000,+0.019,2,+0.000,+0.001,-0.00050,+0.001,-0.012,-0.002,+0.000,+0.000,-0.014,0,+0.000,+0.000,+0.00027,+0.000,+0.007,+0.000,+0.000,+0.000,+0.007,0,+0.000,-0.005,+0.004,+0.005
DRV,22894,+0.0000,+0.0000,+0.0000,+0.0000,+0.0000,+0.0000,+0.000,+0.000,-0.00062,-0.0003,+0.0000,+0.013,2,1,+0.000,+0.000,-0.00008,+0.000,-0.002,+0.000,+0.000,+0.001,-0.001,2,+0.000,+0.005,+0.00030,+0.005,+0.008,-0.010,+0.000,+0.001,-0.002,2,+0.000,-0.013,-0.00008,-0.013,-0.002,+0.027,+0.000,+0.001,+0.026,0,+0.000,+0.011,-0.00008,+0.011,-0.002,-0.023,+0.000,+0.001,-0.024,0,+0.011,-0.008,-0.025,+0.024
DRV,22898,+0.0000,+0.0000,+0.0000,+0.0000,+0.0000,+0.0000,+0.000,+0.000,-0.00062,-0.0006,+0.0000,+0.024,2,1,+0.000,+0.000,-0.00008,+0.000,-0.002,+0.000,+0.000,+0.002,-0.000,2,+0.000,+0.008,-0.00008,+0.008,-0.002,-0.016,+0.000,+0.002,-0.016,0,+0.000,-0.014,+0.00030,-0.014,+0.008,+0.029,+0.000,+0.002,+0.038,0,+0.000,+0.008,-0.00008,+0.008,-0.002,-0.015,+0.000,+0.002,-0.015,2,+0.008,-0.006,-0.015,+0.022
DRV,22902,+0.0000,+0.0000,+0.0000,+0.0000,+0.0000,+0.0000,+0.000,+0.000,-0.00062,-0.0001,+0.0000,+0.002,2,1,+0.000,+0.000,+0.00003,+0.000,+0.001,+0.000,+0.000,+0.000,+0.001,0,+0.000,+0.000,+0.00003,+0.000,+0.001,-0.001,+0.000,+0.000,+0.000,0,+0.000,-0.004,+0.00042,-0.004,+0.010,+0.009,+0.000,+0.000,+0.019,2,+0.000,+0.000,-0.00035,+0.000,-0.009,+0.000,+0.000,+0.000,-0.009,2,+0.000,-0.004,-0.008,+0.019
DRV,22906,+0.0000,+0.0000,+0.0000,+0.0000,+0.0000,+0.0000,+0.000,+0.000,-0.00062,+0.0005,+0.0000,-0.019,2,1,+0.000,+0.006,-0.00000,+0.006,-0.000,-0.011,+0.000,-0.002,-0.013,0,+0.000,-0.001,+0.00000,-0.001,+0.000,+0.002,+0.000,-0.002,+0.000,2,+0.000,+0.011,-0.00000,+0.011,-0.000,-0.022,+0.000,-0.002,-0.023,2,+0.000,-0.016,-0.00000,-0.016,-0.000,+0.031,+0.000,-0.002,+0.030,2,-0.010,+0.010,+0.017,-0.023
DRV,22910,+0.0000,+0.0000,+0.0000,+0.0000,+0.0000,+0.0000,+0.000,+0.000,-0.00062,+0.0005,+0.0000,-0.019,2,1,+0.000,+0.000,-0.00030,+0.000,-0.008,+0.000,+0.000,-0.002,-0.009,2,+0.000,-0.005,+0.00008,-0.005,+0.002,+0.010,+0.000,-0.002,+0.011,2,+0.000,+0.018,-0.00030,+0.018,-0.008,-0.035,+0.000,-0.002,-0.044,2,+0.000,-0.017,+0.00046,-0.017,+0.012,+0.033,+0.000,-0.002,+0.043,2,-0.017,+0.012,+0.034,-0.033
DRV,22914,+0.0000,+0.0000,+0.0000,+0.0000,+0.0000,+0.0000,+0.000,+0.000,-0.00062,+0.0005,+0.0000,-0.019,2,1,+0.000,-0.005,-0.00003,-0.005,-0.001,+0.010,+0.000,-0.002,+0.007,2,+0.000,+0.000,-0.00003,+0.000,-0.001,+0.000,+0.000,-0.002,-0.002,2,+0.000,+0.003,-0.00042,+0.003,-0.010,-0.006,+0.000,-0.002,-0.018,2,+0.000,+0.000,+0.00035,+0.000,+0.009,+0.000,+0.000,-0.002,+0.007,2,-0.005,+0.003,+0.014,-0.020
DRV,22918,+0.0000,+0.0000,+0.0000,+0.0000,+0.0000,+0.0000,+0.000,+0.000,-0.00061,-0.0001,+0.0000,+0.002,2,1,+0.000,-0.002,-0.00000,-0.002,-0.000,+0.005,+0.000,+0.000,+0.005,2,+0.000,+0.005,+0.00000,+0.005,+0.000,-0.010,+0.000,+0.000,-0.010,2,+0.000,-0.015,-0.00000,-0.015,-0.000,+0.031,+0.000,+0.000,+0.031,2,+0.000,+0.018,-0.00000,+0.018,-0.000,-0.036,+0.000,+0.000,-0.036,2,+0.016,-0.010,-0.031,+0.020
DRV,22922,+0.0000,+0.0000,+0.0000,+0.0000,+0.0000,+0.0000,+0.000,+0.000,-0.00062,-0.0006,+0.0000,+0.024,2,1,+0.000,+0.012,-0.00008,+0.012,-0.002,-0.025,+0.000,+0.002,-0.025,2,+0.000,+0.000,-0.00008,+0.000,-0.002,+0.000,+0.000,+0.002,-0.000,2,+0.000,-0.009,+0.00030,-0.009,+0.008,+0.017,+0.000,+0.002,+0.027,2,+0.000,+0.009,-0.00008,+0.009,-0.002,-0.018,+0.000,+0.002,-0.018,2,+0.021,-0.009,-0.043,+0.027
DRV,22926,+0.0000,+0.0000,+0.0000,+0.0000,+0.0000,+0.0000,+0.000,+0.000,-0.00062,-0.0011,+0.0000,+0.045,2,1,+0.000,+0.004,-0.00024,+0.004,-0.006,-0.008,+0.000,+0.004,-0.010,2,+0.000,-0.005,+0.00015,-0.005,+0.004,+0.010,+0.000,+0.004,+0.018,2,+0.000,+0.000,+0.00053,+0.000,+0.013,+0.000,+0.000,+0.004,+0.017,2,+0.000,+0.000,-0.00024,+0.000,-0.006,+0.000,+0.000,+0.004,-0.002,0,+0.004,-0.005,-0.012,+0.035
DRV,22930,+0.0000,+0.0000,+0.0000,+0.0000,+0.0000,+0.0000,+0.000,+0.000,-0.00063,-0.0017,+0.0000,+0.066,2,1,+0.000,-0.002,-0.00035,-0.002,-0.009,+0.005,+0.000,+0.005,+0.001,2,+0.000,+0.000,+0.00042,+0.000,+0.010,+0.000,+0.000,+0.005,+0.016,2,+0.000,+0.009,+0.00003,+0.009,+0.001,-0.017,+0.000,+0.005,-0.011,0,+0.000,-0.017,+0.00003,-0.017,+0.001,+0.033,+0.000,+0.005,+0.039,0,-0.019,+0.009,+0.041,+0.005
DRV,22934,+0.0000,+0.0000,+0.0000,+0.0000,+0.0000,+0.0000,+0.000,+0.000,-0.00063,-0.0009,+0.0000,+0.034,2,1,+0.000,-0.001,-0.00038,-0.001,-0.010,+0.002,+0.000,+0.003,-0.005,2,+0.000,+0.014,+0.00000,+0.014,+0.000,-0.028,+0.000,+0.003,-0.025,0,+0.000,+0.014,-0.00000,+0.014,-0.000,-0.029,+0.000,+0.003,-0.026,0,+0.000,-0.007,+0.00038,-0.007,+0.010,+0.014,+0.000,+0.003,+0.027,2,-0.008,+0.028,+0.022,-0.051
DRV,22938,+0.0000,+0.0000,+0.0000,+0.0000,+0.0000,+0.0000,+0.000,+0.000,-0.00063,-0.0001,+0.0000,+0.002,2,1,+0.000,+0.000,-0.00030,+0.000,-0.008,+0.000,+0.000,+0.000,-0.007,0,+0.000,+0.002,+0.00008,+0.002,+0.002,-0.004,+0.000,+0.000,-0.002,0,+0.000,+0.002,-0.00030,+0.002,-0.008,-0.004,+0.000,+0.000,-0.011,2,+0.000,+0.000,+0.00046,+0.000,+0.012,+0.000,+0.000,+0.000,+0.012,2,+0.000,+0.004,+0.004,-0.013
DRV,22942,+0.0000,+0.0000,+0.0000,+0.0000,+0.0000,+0.0000,+0.000,+0.000,-0.00063,-0.0001,+0.0000,+0.002,2,1,+0.000,+0.000,-0.00027,+0.000,-0.007,+0.000,+0.000,+0.000,-0.007,0,+0.000,+0.000,+0.00011,+0.000,+0.003,+0.000,+0.000,+0.000,+0.003,2,+0.000,-0.012,+0.00011,-0.012,+0.003,+0.025,+0.000,+0.000,+0.028,2,+0.000,+0.015,+0.00011,+0.015,+0.003,-0.030,+0.000,+0.000,-0.027,2,+0.015,-0.012,-0.033,+0.031
DRV,22946,+0.0000,+0.0000,+0.0000,+0.0000,+0.0000,+0.0000,+0.000,+0.000,-0.00063,-0.0001,+0.0000,+0.002,2,1,+0.000,+0.000,-0.00024,+0.000,-0.006,+0.000,+0.000,+0.000,-0.006,2,+0.000,-0.006,+0.00015,-0.006,+0.004,+0.011,+0.000,+0.000,+0.015,2,+0.000,-0.013,+0.00053,-0.013,+0.013,+0.026,+0.000,+0.000,+0.039,2,+0.000,+0.004,-0.00024,+0.004,-0.006,-0.008,+0.000,+0.000,-0.013,2,+0.004,-0.019,-0.019,+0.054
DRV,22950,+0.0000,+0.0000,+0.0000,+0.0000,+0.0000,+0.0000,+0.000,+0.000,-0.00063,-0.0001,+0.0000,+0.002,2,1,+0.000,-0.004,+0.00003,-0.004,+0.001,+0.008,+0.000,+0.000,+0.009,2,+0.000,+0.000,+0.00003,+0.000,+0.001,+0.000,+0.000,+0.000,+0.001,2,+0.000,+0.000,+0.00042,+0.000,+0.010,+0.000,+0.000,+0.000,+0.011,2,+0.000,-0.000,-0.00035,-0.000,-0.009,+0.001,+0.000,+0.000,-0.008,2,-0.004,+0.000,+0.001,+0.012
DRV,22954,+0.0000,+0.0000,+0.0000,+0.0000,+0.0000,+0.0000,+0.000,+0.000,-0.00063,-0.0001,+0.0000,+0.002,2,1,+0.000,+0.000,-0.00000,+0.000,-0.000,+0.000,+0.000,+0.000,+0.000,2,+0.000,+0.002,+0.00000,+0.002,+0.000,-0.005,+0.000,+0.000,-0.005,2,+0.000,+0.016,-0.00000,+0.016,-0.000,-0.032,+0.000,+0.000,-0.032,2,+0.000,-0.012,-0.00000,-0.012,-0.000,+0.025,+0.000,+0.000,+0.025,2,-0.012,+0.019,+0.025,-0.037
DRV,22958,+3.3000,+0.0000,+3.6300,+0.0027,+0.0222,+0.0000,+11.097,+0.006,-0.00063,+0.0005,+0.0000,-0.019,0,0,+0.109,+0.002,+0.00088,-0.107,+0.022,+0.214,+0.109,-0.002,+0.343,2,+0.089,+0.000,+0.00101,-0.089,+0.025,+0.178,+0.089,-0.002,+0.291,2,-0.089,+0.013,-0.00123,+0.103,-0.031,-0.205,-0.089,-0.002,-0.327,2,-0.109,+0.000,-0.00110,+0.109,-0.028,-0.218,-0.109,-0.002,-0.357,2,+0.002,+0.013,-0.013,-0.036
DRV,22962,+3.3000,+0.0000,+3.6300,+0.0027,+0.0469,+0.0000,+6.165,+0.003,-0.00063,+0.0010,+0.0000,-0.040,0,0,+0.231,+0.011,+0.00591,-0.220,+0.148,+0.439,+0.231,-0.003,+0.815,2,+0.188,+0.000,+0.00512,-0.188,+0.128,+0.376,+0.188,-0.003,+0.689,2,-0.188,+0.000,-0.00573,+0.188,-0.143,-0.377,-0.188,-0.003,-0.712,2,-0.231,+0.000,-0.00613,+0.231,-0.153,-0.461,-0.231,-0.003,-0.848,0,+0.011,+0.000,-0.034,-0.022
DRV,22966,+3.3000,+0.0000,+3.6300,+0.0027,+0.0715,+0.0000,+6.165,+0.003,-0.00062,+0.0005,+0.0000,-0.019,0,0,+0.352,+0.043,+0.01323,-0.309,+0.331,+0.618,+0.352,-0.002,+1.300,2,+0.287,+0.027,+0.01133,-0.260,+0.283,+0.520,+0.287,-0.002,+1.089,2,-0.288,-0.057,-0.01118,+0.231,-0.280,-0.462,-0.288,-0.002,-1.030,0,-0.352,-0.033,-0.01383,+0.319,-0.346,-0.637,-0.352,-0.002,-1.336,0,+0.010,-0.030,-0.037,+0.059
DRV,22970,+3.3000,+0.0000,+3.6300,+0.0027,+0.0962,+0.0000,+6.165,+0.003,-0.00062,-0.0001,+0.0000,+0.002,0,0,+0.474,+0.130,+0.02207,-0.344,+0.552,+0.688,+0.474,+0.000,+1.713,2,+0.386,+0.066,+0.01927,-0.320,+0.482,+0.640,+0.386,+0.000,+1.508,0,-0.387,-0.095,-0.01836,+0.291,-0.459,-0.583,-0.387,+0.000,-1.428,0,-0.473,-0.096,-0.02343,+0.377,-0.586,-0.754,-0.473,+0.000,-1.813,2,+0.033,-0.029,-0.100,+0.080
DRV,22974,+3.3000,+0.0000,+3.6300,+0.0027,+0.1208,+0.0001,+6.165,+0.003,-0.00062,+0.0002,+0.0000,-0.008,0,0,+0.595,+0.332,+0.02974,-0.263,+0.744,+0.526,+0.595,-0.001,+1.864,0,+0.485,+0.180,+0.02740,-0.305,+0.685,+0.610,+0.485,-0.001,+1.780,0,-0.486,-0.202,-0.02612,+0.284,-0.653,-0.567,-0.486,-0.001,-1.707,0,-0.595,-0.307,-0.03263,+0.288,-0.816,-0.575,-0.595,-0.001,-1.986,2,+0.025,-0.022,-0.122,+0.073
DRV,22978,+3.3000,+0.0000,+3.6300,+0.0027,+0.1455,+0.0001,+6.165,+0.003,-0.00062,+0.0005,+0.0000,-0.019,0,0,+0.716,+0.502,+0.03625,-0.214,+0.906,+0.429,+0.716,-0.002,+2.050,0,+0.584,+0.302,+0.03648,-0.282,+0.912,+0.564,+0.584,-0.002,+2.059,2,-0.585,-0.291,-0.03560,+0.294,-0.890,-0.588,-0.585,-0.002,-2.065,2,-0.716,-0.515,-0.03912,+0.201,-0.978,-0.402,-0.716,-0.002,-2.098,2,-0.013,+0.011,-0.048,-0.006
DRV,22982,+3.3000,+0.0000,+3.6300,+0.0027,+0.1702,+0.0001,+6.165,+0.003,-0.00062,-0.0001,+0.0000,+0.002,0,0,+0.838,+0.640,+0.04542,-0.198,+1.135,+0.396,+0.838,+0.000,+2.369,2,+0.684,+0.426,+0.04383,-0.257,+1.096,+0.515,+0.684,+0.000,+2.294,2,-0.684,-0.459,-0.04182,+0.225,-1.045,-0.450,-0.684,+0.000,-2.180,2,-0.837,-0.625,-0.04483,+0.213,-1.121,-0.425,-0.837,+0.000,-2.383,2,+0.015,-0.033,-0.014,+0.115
DRV,22986,+3.3000,+0.0000,+3.6300,+0.0027,+0.1948,+0.0001,+6.165,+0.003,-0.00062,-0.0006,+0.0000,+0.023,0,0,+0.959,+1.085,+0.04537,+0.126,+1.134,-0.251,+0.959,+0.002,+1.844,2,+0.783,+0.534,+0.05099,-0.249,+1.275,+0.498,+0.783,+0.002,+2.557,2,-0.783,-0.657,-0.04592,+0.127,-1.148,-0.254,-0.783,+0.002,-2.183,2,-0.959,-0.690,-0.05244,+0.269,-1.311,-0.538,-0.959,+0.002,-2.806,2,+0.395,-0.123,-0.962,+0.374
DRV,22990,+3.3000,+0.0000,+3.6300,+0.0027,+0.2195,+0.0001,+6.165,+0.003,-0.00063,-0.0001,+0.0000,+0.002,0,0,+1.081,+1.224,+0.03994,+0.143,+0.998,-0.287,+1.081,+0.000,+1.793,2,+0.882,+0.718,+0.05719,-0.164,+1.430,+0.327,+0.882,+0.000,+2.639,2,-0.883,-0.946,-0.04601,-0.063,-1.150,+0.127,-0.883,+0.000,-1.906,2,-1.080,-1.020,-0.05735,+0.060,-1.434,-0.119,-1.080,+0.000,-2.633,2,+0.204,-0.228,-0.840,+0.733
DRV,22994,+3.3000,+0.0000,+3.6300,+0.0027,+0.2441,+0.0001,+6.165,+0.003,-0.00062,+0.0005,+0.0000,-0.019,0,0,+1.202,+1.048,+0.04063,-0.155,+1.016,+0.309,+1.202,-0.002,+2.525,2,+0.981,+1.143,+0.05743,+0.163,+1.436,-0.325,+0.981,-0.002,+2.090,2,-0.982,-1.063,-0.04283,-0.082,-1.071,+0.163,-0.982,-0.002,-1.891,2,-1.201,-1.365,-0.05610,-0.164,-1.403,+0.328,-1.201,-0.002,-2.278,2,-0.318,+0.080,+0.247,+0.199
DRV,22998,+3.3000,+0.0000,+3.6300,+0.0027,+0.2688,+0.0001,+6.165,+0.003,-0.00062,-0.0001,+0.0000,+0.002,0,0,+1.324,+1.219,+0.04398,-0.105,+1.100,+0.209,+1.324,+0.000,+2.633,2,+1.080,+1.313,+0.05250,+0.233,+1.313,-0.467,+1.080,+0.000,+1.926,2,-1.081,-1.015,-0.04253,+0.066,-1.063,-0.132,-1.081,+0.000,-2.276,2,-1.323,-1.387,-0.05484,-0.064,-1.371,+0.128,-1.323,+0.000,-2.566,0,-0.168,+0.299,+0.067,-0.350
DRV,23002,+3.3000,+0.0000,+3.6300,+0.0027,+0.2935,+0.0001,+6.165,+0.003,-0.00063,-0.0006,+0.0000,+0.023,0,0,+1.445,+1.414,+0.04425,-0.031,+1.106,+0.061,+1.445,+0.002,+2.614,2,+1.179,+1.258,+0.05006,+0.079,+1.252,-0.159,+1.179,+0.002,+2.273,2,-1.180,-1.097,-0.04433,+0.083,-1.108,-0.166,-1.180,+0.002,-2.452,0,-1.444,-1.526,-0.05509,-0.082,-1.377,+0.163,-1.444,+0.002,-2.656,0,-0.112,+0.161,-0.041,-0.179
DRV,23006,+3.3000,+0.0000,+3.6300,+0.0027,+0.3181,+0.0002,+6.165,+0.003,-0.00062,+0.0010,+0.0000,-0.040,0,0,+1.566,+1.381,+0.04681,-0.185,+1.170,+0.371,+1.566,-0.003,+3.104,2,+1.278,+1.451,+0.04858,+0.173,+1.214,-0.345,+1.278,-0.003,+2.144,2,-1.279,-1.338,-0.04326,-0.059,-1.082,+0.118,-1.279,-0.003,-2.246,0,-1.565,-1.560,-0.06414,+0.005,-1.603,-0.011,-1.565,-0.003,-3.183,2,-0.179,+0.113,-0.078,-0.102
DRV,23010,+3.3000,+0.0000,+3.6300,+0.0026,+0.3428,+0.0002,+6.165,+0.003,-0.00061,+0.0026,+0.0000,-0.104,0,0,+1.688,+1.658,+0.04820,-0.030,+1.205,+0.060,+1.688,-0.008,+2.944,2,+1.377,+1.445,+0.04651,+0.068,+1.163,-0.136,+1.377,-0.008,+2.396,0,-1.378,-1.353,-0.05159,+0.026,-1.290,-0.051,-1.378,-0.008,-2.728,2,-1.687,-1.682,-0.06359,+0.005,-1.590,-0.010,-1.687,-0.008,-3.295,2,-0.024,+0.092,-0.351,-0.332
DRV,23014,+3.3000,+0.0000,+3.6300,+0.0026,+0.3674,+0.0002,+6.165,+0.003,-0.00061,+0.0010,+0.0000,-0.040,0,0,+1.809,+1.733,+0.04880,-0.076,+1.220,+0.153,+1.809,-0.003,+3.179,0,+1.476,+1.316,+0.05768,-0.160,+1.442,+0.320,+1.476,-0.003,+3.235,0,-1.478,-1.336,-0.05627,+0.141,-1.407,-0.283,-1.478,-0.003,-3.170,2,-1.808,-1.974,-0.05956,-0.165,-1.489,+0.331,-1.808,-0.003,-2.970,2,-0.241,-0.020,+0.209,+0.065
DRV,23018,+3.3000,+0.0000,+3.6300,+0.0026,+0.3921,+0.0002,+6.165,+0.003,-0.00061,-0.0006,+0.0000,+0.024,0,0,+1.931,+2.112,+0.05936,+0.182,+1.484,-0.363,+1.931,+0.002,+3.053,0,+1.575,+1.556,+0.05945,-0.019,+1.486,+0.038,+1.575,+0.002,+3.102,2,-1.577,-1.766,-0.05654,-0.190,-1.413,+0.379,-1.577,+0.002,-2.609,2,-1.930,-1.997,-0.05552,-0.068,-1.388,+0.136,-1.930,+0.002,-3.180,2,+0.115,-0.210,-0.127,+0.492
DRV,23022,+3.3000,+0.0000,+3.6300,+0.0026,+0.4168,+0.0002,+6.165,+0.003,-0.00061,-0.0014,+0.0000,+0.056,0,0,+2.052,+2.184,+0.05725,+0.132,+1.431,-0.265,+2.052,+0.004,+3.223,2,+1.674,+1.743,+0.05680,+0.069,+1.420,-0.137,+1.674,+0.004,+2.961,2,-1.676,-1.920,-0.05201,-0.244,-1.300,+0.488,-1.676,+0.004,-2.484,2,-2.051,-2.057,-0.05338,-0.006,-1.335,+0.011,-2.051,+0.004,-3.370,2,+0.128,-0.177,-0.147,+0.477
DRV,23026,+3.3000,+0.0000,+3.6300,+0.0027,+0.4414,+0.0002,+6.165,+0.003,-0.00062,-0.0022,+0.0000,+0.087,0,0,+2.174,+2.219,+0.05666,+0.046,+1.416,-0.091,+2.174,+0.007,+3.506,2,+1.773,+1.887,+0.05319,+0.114,+1.330,-0.228,+1.773,+0.007,+2.882,2,-1.775,-2.014,-0.04691,-0.239,-1.173,+0.478,-1.775,+0.007,-2.463,2,-2.172,-2.274,-0.05084,-0.101,-1.271,+0.203,-2.172,+0.007,-3.234,2,-0.054,-0.127,+0.272,+0.419
DRV,23030,+3.3000,+0.0000,+3.6300,+0.0027,+0.4661,+0.0002,+6.165,+0.003,-0.00062,+0.0005,+0.0000,-0.019,0,0,+2.295,+2.302,+0.05950,+0.007,+1.487,-0.013,+2.295,-0.002,+3.767,2,+1.872,+1.891,+0.05054,+0.018,+1.263,-0.037,+1.872,-0.002,+3.098,2,-1.874,-1.945,-0.04584,-0.070,-1.146,+0.141,-1.874,-0.002,-2.881,2,-2.294,-2.284,-0.04790,+0.010,-1.197,-0.019,-2.294,-0.002,-3.512,2,+0.018,-0.054,+0.256,+0.216
DRV,23034,+3.3000,+0.0000,+3.6300,+0.0027,+0.4907,+0.0002,+6.165,+0.003,-0.00062,+0.0005,+0.0000,-0.019,0,0,+2.416,+2.605,+0.05849,+0.189,+1.462,-0.378,+2.416,-0.002,+3.499,2,+1.971,+2.043,+0.04730,+0.072,+1.183,-0.144,+1.971,-0.002,+3.009,2,-1.973,-1.984,-0.04649,-0.011,-1.162,+0.021,-1.973,-0.002,-3.116,2,-2.415,-2.336,-0.04762,+0.079,-1.191,-0.158,-2.415,-0.002,-3.765,2,+0.269,+0.059,-0.266,-0.107
DRV,23038,+3.3000,+0.0000,+3.6300,+0.0026,+0.5154,+0.0003,+6.165,+0.003,-0.00061,+0.0021,+0.0000,-0.083,0,0,+2.538,+2.712,+0.05516,+0.174,+1.379,-0.349,+2.538,-0.007,+3.561,2,+2.070,+2.087,+0.04541,+0.016,+1.135,-0.032,+2.070,-0.007,+3.167,2,-2.073,-2.030,-0.05002,+0.042,-1.251,-0.084,-2.073,-0.007,-3.414,2,-2.536,-2.535,-0.04733,+0.001,-1.183,-0.003,-2.536,-0.007,-3.729,0,+0.177,+0.056,-0.168,-0.247
DRV,23042,+3.3000,+0.0000,+3.6300,+0.0026,+0.5401,+0.0003,+6.165,+0.003,-0.00061,+0.0021,+0.0000,-0.083,0,0,+2.659,+2.730,+0.05604,+0.071,+1.401,-0.142,+2.659,-0.007,+3.911,2,+2.170,+2.087,+0.04448,-0.082,+1.112,+0.165,+2.170,-0.007,+3.440,2,-2.172,-2.266,-0.05029,-0.094,-1.257,+0.189,-2.172,-0.007,-3.247,0,-2.658,-2.828,-0.06197,-0.170,-1.549,+0.340,-2.658,-0.007,-3.874,2,-0.097,-0.179,+0.038,+0.193
DRV,23046,+3.3000,+0.0000,+3.6300,+0.0026,+0.5647,+0.0003,+6.165,+0.003,-0.00062,-0.0043,+0.0000,+0.173,0,0,+2.781,+2.884,+0.05690,+0.104,+1.422,-0.207,+2.781,+0.014,+4.009,2,+2.269,+2.197,+0.04565,-0.071,+1.141,+0.143,+2.269,+0.014,+3.566,0,-2.271,-2.274,-0.06417,-0.003,-1.604,+0.006,-2.271,+0.014,-3.855,0,-2.779,-2.941,-0.05972,-0.162,-1.493,+0.324,-2.779,+0.014,-3.934,2,-0.057,-0.077,+0.075,-0.289
DRV,23050,+3.3000,+0.0000,+3.6300,+0.0027,+0.5894,+0.0003,+6.165,+0.003,-0.00063,-0.0043,+0.0000,+0.172,0,0,+2.902,+3.109,+0.05582,+0.207,+1.396,-0.415,+2.902,+0.014,+3.897,0,+2.368,+2.424,+0.04394,+0.056,+1.098,-0.112,+2.368,+0.014,+3.368,0,-2.370,-2.441,-0.06137,-0.071,-1.534,+0.143,-2.370,+0.014,-3.748,2,-2.900,-3.025,-0.05899,-0.124,-1.475,+0.248,-2.900,+0.014,-4.113,2,+0.085,-0.018,-0.216,-0.380
DRV,23054,+3.3000,+0.0000,+3.6300,+0.0027,+0.6140,+0.0003,+6.165,+0.003,-0.00064,+0.0010,+0.0000,-0.041,0,0,+3.024,+3.037,+0.07276,+0.013,+1.819,-0.027,+3.024,-0.003,+4.812,2,+2.467,+2.666,+0.05622,+0.199,+1.405,-0.398,+2.467,-0.003,+3.471,2,-2.469,-2.625,-0.05492,-0.156,-1.373,+0.312,-2.469,-0.003,-3.533,2,-3.022,-3.087,-0.06015,-0.065,-1.504,+0.130,-3.022,-0.003,-4.399,2,-0.050,+0.040,+0.413,-0.062
DRV,23058,+3.3000,+0.0000,+3.6300,+0.0027,+0.6387,+0.0003,+6.165,+0.003,-0.00063,+0.0010,+0.0000,-0.041,0,0,+3.145,+3.269,+0.06820,+0.124,+1.705,-0.248,+3.145,-0.003,+4.599,2,+2.566,+2.711,+0.05489,+0.146,+1.372,-0.291,+2.566,-0.003,+3.644,2,-2.568,-2.669,-0.05059,-0.100,-1.265,+0.201,-2.568,-0.003,-3.635,2,-3.143,-3.397,-0.05900,-0.254,-1.475,+0.509,-3.143,-0.003,-4.113,2,-0.129,+0.042,+0.487,+0.008
DRV,23062,+3.3000,+0.0000,+3.6300,+0.0027,+0.6634,+0.0003,+6.165,+0.003,-0.00063,+0.0005,+0.0000,-0.019,0,0,+3.266,+3.503,+0.06094,+0.237,+1.524,-0.474,+3.266,-0.002,+4.314,2,+2.665,+2.691,+0.05604,+0.026,+1.401,-0.053,+2.665,-0.002,+4.011,2,-2.668,-2.803,-0.04606,-0.135,-1.152,+0.271,-2.668,-0.002,-3.550,2,-3.264,-3.494,-0.05553,-0.229,-1.388,+0.459,-3.264,-0.002,-4.196,2,+0.010,-0.112,+0.119,+0.461
DRV,23066,+3.3000,+0.0000,+3.6300,+0.0027,+0.6880,+0.0004,+6.165,+0.003,-0.00063,+0.0005,+0.0000,-0.019,0,0,+3.388,+3.616,+0.05137,+0.229,+1.284,-0.457,+3.388,-0.002,+4.213,2,+2.764,+2.886,+0.05662,+0.122,+1.416,-0.245,+2.764,-0.002,+3.933,2,-2.767,-2.839,-0.04173,-0.072,-1.043,+0.145,-2.767,-0.002,-3.667,2,-3.386,-3.483,-0.05549,-0.097,-1.387,+0.194,-3.386,-0.002,-4.581,2,+0.134,+0.047,-0.367,+0.266
DRV,23070,+3.3000,+0.0000,+3.6300,+0.0027,+0.7127,+0.0004,+6.165,+0.003,-0.00062,+0.0021,+0.0000,-0.083,0,0,+3.509,+3.589,+0.04484,+0.079,+1.121,-0.159,+3.509,-0.007,+4.465,2,+2.863,+3.053,+0.05432,+0.190,+1.358,-0.379,+2.863,-0.007,+3.835,2,-2.866,-2.836,-0.03911,+0.030,-0.978,-0.059,-2.866,-0.007,-3.910,2,-3.507,-3.701,-0.05505,-0.194,-1.376,+0.388,-3.507,-0.007,-4.502,2,-0.113,+0.216,-0.037,-0.075
DRV,23074,+3.3000,+0.0000,+3.6300,+0.0026,+0.7373,+0.0004,+6.165,+0.003,-0.00061,+0.0021,+0.0000,-0.083,0,0,+3.631,+3.593,+0.04213,-0.038,+1.053,+0.075,+3.631,-0.007,+4.753,2,+2.962,+3.111,+0.05183,+0.149,+1.296,-0.299,+2.962,-0.007,+3.953,2,-2.965,-2.907,-0.03784,+0.058,-0.946,-0.116,-2.965,-0.007,-4.034,2,-3.629,-3.822,-0.05383,-0.194,-1.346,+0.388,-3.629,-0.007,-4.593,0,-0.229,+0.205,+0.159,-0.082
DRV,23078,+3.3000,+0.0000,+3.6300,+0.0026,+0.7620,+0.0004,+6.165,+0.003,-0.00061,-0.0017,+0.0000,+0.066,0,0,+3.752,+3.761,+0.03941,+0.009,+0.985,-0.018,+3.752,+0.005,+4.725,2,+3.061,+3.147,+0.05221,+0.086,+1.305,-0.171,+3.061,+0.005,+4.201,2,-3.064,-3.051,-0.03561,+0.013,-0.890,-0.027,-3.064,+0.005,-3.976,0,-3.750,-3.862,-0.05373,-0.112,-1.343,+0.225,-3.750,+0.005,-4.863,0,-0.102,+0.096,-0.138,+0.224
DRV,23082,+3.3000,+0.0000,+3.6300,+0.0027,+0.7867,+0.0004,+6.165,+0.003,-0.00062,-0.0017,+0.0000,+0.066,0,0,+3.874,+3.840,+0.03706,-0.034,+0.926,+0.067,+3.874,+0.005,+4.872,0,+3.160,+3.340,+0.05162,+0.180,+1.291,-0.360,+3.160,+0.005,+4.096,0,-3.163,-3.083,-0.03434,+0.080,-0.859,-0.160,-3.163,+0.005,-4.177,0,-3.871,-3.749,-0.07932,+0.122,-1.983,-0.245,-3.871,+0.005,-6.094,2,+0.091,+0.257,-1.221,-0.081
DRV,23086,+3.3000,+0.0000,+3.6300,+0.0027,+0.8113,+0.0004,+6.165,+0.003,-0.00062,-0.0006,+0.0000,+0.023,0,0,+3.995,+4.025,+0.03430,+0.031,+0.858,-0.061,+3.995,+0.002,+4.793,0,+3.259,+3.426,+0.05008,+0.166,+1.252,-0.333,+3.259,+0.002,+4.180,0,-3.263,-3.341,-0.05474,-0.079,-1.369,+0.157,-3.263,+0.002,-4.472,2,-3.993,-4.249,-0.07421,-0.256,-1.855,+0.512,-3.993,+0.002,-5.334,2,-0.223,+0.084,-0.540,-0.292
DRV,23090,+3.3000,+0.0000,+3.6300,+0.0027,+0.8360,+0.0004,+6.165,+0.003,-0.00063,-0.0006,+0.0000,+0.023,0,0,+4.116,+4.048,+0.03230,-0.068,+0.808,+0.136,+4.116,+0.002,+5.062,0,+3.358,+3.224,+0.07211,-0.134,+1.803,+0.269,+3.358,+0.002,+5.432,2,-3.362,-3.593,-0.05424,-0.231,-1.356,+0.462,-3.362,+0.002,-4.253,2,-4.114,-4.531,-0.06140,-0.417,-1.535,+0.835,-4.114,+0.002,-4.812,2,-0.483,-0.369,+0.250,+1.178
DRV,23094,+3.3000,+0.0000,+3.6300,+0.0027,+0.8606,+0.0004,+6.165,+0.003,-0.00063,-0.0001,+0.0000,+0.002,0,0,+4.238,+4.372,+0.05789,+0.134,+1.447,-0.269,+4.238,+0.000,+5.417,2,+3.457,+3.673,+0.06864,+0.216,+1.716,-0.431,+3.457,+0.000,+4.742,2,-3.461,-3.712,-0.05047,-0.251,-1.262,+0.503,-3.461,+0.000,-4.220,2,-4.235,-4.524,-0.04858,-0.288,-1.215,+0.577,-4.235,+0.000,-4.873,2,-0.152,-0.039,+0.544,+0.522
DRV,23098,+3.3000,+0.0000,+3.6300,+0.0027,+0.8853,+0.0005,+6.165,+0.003,-0.00063,-0.0001,+0.0000,+0.002,0,0,+4.359,+4.680,+0.05586,+0.320,+1.396,-0.641,+4.359,+0.000,+5.115,2,+3.556,+4.007,+0.05616,+0.451,+1.404,-0.902,+3.556,+0.000,+4.059,2,-3.560,-3.670,-0.05035,-0.110,-1.259,+0.219,-3.560,+0.000,-4.599,2,-4.357,-4.464,-0.04073,-0.107,-1.018,+0.214,-4.357,+0.000,-5.161,2,+0.216,+0.338,-0.046,-0.541
DRV,23102,+3.3000,+0.0000,+3.6300,+0.0027,+0.9100,+0.0005,+6.165,+0.003,-0.00062,+0.0021,+0.0000,-0.083,0,0,+4.481,+4.733,+0.05227,+0.252,+1.307,-0.505,+4.481,-0.007,+5.276,2,+3.655,+3.936,+0.04425,+0.280,+1.106,-0.561,+3.655,-0.007,+4.194,2,-3.659,-3.861,-0.05004,-0.202,-1.251,+0.404,-3.659,-0.007,-4.512,2,-4.478,-4.519,-0.03593,-0.041,-0.898,+0.083,-4.478,-0.007,-5.300,2,+0.214,+0.074,-0.024,-0.318
DRV,23106,+3.3000,+0.0000,+3.6300,+0.0026,+0.9346,+0.0005,+6.165,+0.003,-0.00061,+0.0021,+0.0000,-0.083,0,0,+4.602,+4.857,+0.05020,+0.255,+1.255,-0.509,+4.602,-0.007,+5.341,2,+3.755,+3.927,+0.03559,+0.173,+0.890,-0.345,+3.755,-0.007,+4.292,2,-3.758,-3.949,-0.04800,-0.190,-1.200,+0.381,-3.758,-0.007,-4.584,2,-4.599,-4.504,-0.03341,+0.096,-0.835,-0.191,-4.599,-0.007,-5.632,2,+0.353,-0.021,-0.291,-0.292
DRV,23110,+3.3000,+0.0000,+3.6300,+0.0027,+0.9593,+0.0005,+6.165,+0.003,-0.00062,-0.0033,+0.0000,+0.130,0,0,+4.723,+4.901,+0.04937,+0.178,+1.234,-0.356,+4.723,+0.010,+5.612,2,+3.854,+3.895,+0.02981,+0.042,+0.745,-0.083,+3.854,+0.010,+4.526,2,-3.858,-3.933,-0.04884,-0.076,-1.221,+0.152,-3.858,+0.010,-4.916,2,-4.721,-4.605,-0.03240,+0.116,-0.810,-0.232,-4.721,+0.010,-5.752,0,+0.297,-0.038,-0.140,-0.390
DRV,23114,+3.3000,+0.0000,+3.6300,+0.0027,+0.9839,+0.0005,+6.165,+0.003,-0.00063,-0.0032,+0.0000,+0.130,0,0,+4.845,+5.005,+0.04957,+0.160,+1.239,-0.321,+4.845,+0.010,+5.774,2,+3.953,+3.926,+0.02690,-0.026,+0.672,+0.053,+3.953,+0.010,+4.688,2,-3.957,-4.113,-0.04871,-0.156,-1.218,+0.313,-3.957,+0.010,-4.851,0,-4.842,-4.709,-0.03253,+0.133,-0.813,-0.266,-4.842,+0.010,-5.910,0,+0.296,-0.187,-0.137,-0.163
DRV,23118,+3.3000,+0.0000,+3.6300,+0.0028,+1.0086,+0.0005,+6.165,+0.003,-0.00064,-0.0016,+0.0000,+0.066,0,0,+4.966,+5.219,+0.04822,+0.252,+1.205,-0.504,+4.966,+0.005,+5.673,2,+4.052,+3.990,+0.02533,-0.061,+0.633,+0.123,+4.052,+0.005,+4.813,2,-4.056,-4.189,-0.04840,-0.133,-1.210,+0.265,-4.056,+0.005,-4.996,0,-4.963,-5.194,-0.06179,-0.230,-1.545,+0.461,-4.963,+0.005,-6.042,2,+0.025,-0.198,-0.369,-0.183
DRV,23122,+3.3000,+0.0000,+3.6300,+0.0028,+1.0333,+0.0006,+6.165,+0.004,-0.00065,-0.0016,+0.0000,+0.066,0,0,+5.088,+5.283,+0.04762,+0.195,+1.191,-0.390,+5.088,+0.005,+5.894,2,+4.151,+4.026,+0.02509,-0.125,+0.627,+0.249,+4.151,+0.005,+5.033,0,-4.155,-4.364,-0.04790,-0.209,-1.197,+0.419,-4.155,+0.005,-4.929,0,-5.085,-5.406,-0.05843,-0.322,-1.461,+0.643,-5.085,+0.005,-5.897,2,-0.124,-0.339,-0.003,+0.104
DRV,23126,+3.3000,+0.0000,+3.6300,+0.0028,+1.0579,+0.0006,+6.165,+0.004,-0.00065,+0.0005,+0.0000,-0.020,0,0,+5.209,+5.388,+0.04701,+0.178,+1.175,-0.357,+5.209,-0.002,+6.026,0,+4.250,+4.424,+0.05074,+0.174,+1.269,-0.349,+4.250,-0.002,+5.168,0,-4.254,-4.436,-0.06983,-0.182,-1.746,+0.364,-4.254,-0.002,-5.637,2,-5.206,-5.525,-0.05543,-0.319,-1.386,+0.637,-5.206,-0.002,-5.956,2,-0.137,-0.012,+0.070,-0.469
DRV,23130,+3.3000,+0.0000,+3.6300,+0.0028,+1.0826,+0.0006,+6.165,+0.004,-0.00065,+0.0005,+0.0000,-0.020,0,0,+5.331,+5.107,+0.08243,-0.223,+2.061,+0.447,+5.331,-0.002,+7.836,0,+4.349,+4.536,+0.04974,+0.187,+1.243,-0.375,+4.349,-0.002,+5.216,2,-4.354,-4.606,-0.06165,-0.252,-1.541,+0.505,-4.354,-0.002,-5.392,2,-5.327,-5.562,-0.05357,-0.234,-1.339,+0.469,-5.327,-0.002,-6.199,2,-0.454,-0.070,+1.637,-0.176
DRV,23134,+3.3000,+0.0000,+3.6300,+0.0027,+1.1072,+0.0006,+6.165,+0.003,-0.00064,+0.0037,+0.0000,-0.147,0,0,+5.452,+5.524,+0.08102,+0.072,+2.025,-0.143,+5.452,-0.012,+7.323,2,+4.448,+4.667,+0.04892,+0.219,+1.223,-0.439,+4.448,-0.012,+5.220,2,-4.453,-4.758,-0.05021,-0.306,-1.255,+0.611,-4.453,-0.012,-5.108,2,-5.449,-5.659,-0.05322,-0.210,-1.331,+0.421,-5.449,-0.012,-6.370,2,-0.135,-0.091,+0.952,+0.112
DRV,23138,+3.3000,+0.0000,+3.6300,+0.0027,+1.1319,+0.0006,+6.165,+0.003,-0.00062,+0.0037,+0.0000,-0.147,0,0,+5.573,+6.213,+0.06424,+0.639,+1.606,-1.278,+5.573,-0.012,+5.889,2,+4.547,+4.783,+0.04724,+0.236,+1.181,-0.472,+4.547,-0.012,+5.244,2,-4.552,-4.736,-0.04050,-0.185,-1.013,+0.369,-4.552,-0.012,-5.207,2,-5.570,-5.804,-0.05209,-0.233,-1.302,+0.467,-5.570,-0.012,-6.417,2,+0.409,+0.047,-0.528,+0.037
DRV,23142,+3.3000,+0.0000,+3.6300,+0.0027,+1.1566,+0.0006,+6.165,+0.003,-0.00062,-0.0011,+0.0000,+0.045,0,0,+5.695,+6.245,+0.04324,+0.550,+1.081,-1.099,+5.695,+0.004,+5.680,2,+4.646,+4.808,+0.04642,+0.162,+1.160,-0.325,+4.646,+0.004,+5.485,2,-4.651,-4.790,-0.03328,-0.139,-0.832,+0.278,-4.651,+0.004,-5.202,2,-5.692,-5.976,-0.05056,-0.284,-1.264,+0.568,-5.692,+0.004,-6.383,2,+0.269,+0.019,-0.703,+0.284
DRV,23146,+3.3000,+0.0000,+3.6300,+0.0027,+1.1812,+0.0006,+6.165,+0.003,-0.00063,-0.0011,+0.0000,+0.045,0,0,+5.816,+6.163,+0.02835,+0.347,+0.709,-0.694,+5.816,+0.004,+5.835,2,+4.745,+4.955,+0.04578,+0.210,+1.145,-0.419,+4.745,+0.004,+5.474,2,-4.750,-4.730,-0.02817,+0.020,-0.704,-0.041,-4.750,+0.004,-5.491,2,-5.813,-6.048,-0.04939,-0.235,-1.235,+0.471,-5.813,+0.004,-6.573,0,+0.115,+0.225,-0.738,-0.018
DRV,23150,+3.3000,+0.0000,+3.6300,+0.0027,+1.2059,+0.0006,+6.165,+0.003,-0.00063,-0.0006,+0.0000,+0.023,0,0,+5.938,+6.070,+0.01844,+0.132,+0.461,-0.264,+5.938,+0.002,+6.137,2,+4.844,+5.021,+0.04534,+0.176,+1.133,-0.353,+4.844,+0.002,+5.627,2,-4.849,-4.893,-0.02440,-0.044,-0.610,+0.088,-4.849,+0.002,-5.369,0,-5.934,-6.219,-0.04821,-0.285,-1.205,+0.569,-5.934,+0.002,-6.568,0,-0.149,+0.127,-0.431,+0.257
DRV,23154,+3.3000,+0.0000,+3.6300,+0.0027,+1.2305,+0.0007,+6.165,+0.004,-0.00063,-0.0006,+0.0000,+0.023,0,0,+6.059,+6.004,+0.01311,-0.055,+0.328,+0.110,+6.059,+0.002,+6.499,2,+4.943,+5.174,+0.04432,+0.231,+1.108,-0.462,+4.943,+0.002,+5.591,2,-4.948,-4.919,-0.02006,+0.030,-0.501,-0.060,-4.948,+0.002,-5.508,0,-6.056,-5.865,-0.08689,+0.190,-2.172,-0.381,-6.056,+0.002,-8.607,0,+0.139,+0.256,-2.108,+0.083
DRV,23158,+3.3000,+0.0000,+3.6300,+0.0027,+1.2552,+0.0007,+6.165,+0.003,-0.00063,+0.0015,+0.0000,-0.062,0,0,+6.181,+6.046,+0.01122,-0.134,+0.280,+0.269,+6.181,-0.005,+6.725,2,+5.042,+5.221,+0.04310,+0.179,+1.077,-0.357,+5.042,-0.005,+5.758,0,-5.048,-5.243,-0.04965,-0.195,-1.241,+0.390,-5.048,-0.005,-5.903,0,-6.177,-6.153,-0.08567,+0.024,-2.142,-0.049,-6.177,-0.005,-8.372,2,-0.106,-0.022,-1.647,-0.146
DRV,23162,+3.3000,+0.0000,+3.6300,+0.0027,+1.2799,+0.0007,+6.165,+0.003,-0.00062,+0.0015,+0.0000,-0.062,0,0,+6.302,+6.054,+0.01122,-0.248,+0.281,+0.496,+6.302,-0.005,+7.074,0,+5.141,+5.323,+0.04360,+0.182,+1.090,-0.363,+5.141,-0.005,+5.863,0,-5.147,-5.377,-0.04838,-0.230,-1.209,+0.460,-5.147,-0.005,-5.901,2,-6.298,-6.861,-0.07139,-0.563,-1.785,+1.126,-6.298,-0.005,-6.962,2,-0.807,-0.054,+0.112,-0.038
DRV,23166,+3.3000,+0.0000,+3.6300,+0.0027,+1.3045,+0.0007,+6.165,+0.004,-0.00063,-0.0022,+0.0000,+0.087,0,0,+6.424,+6.604,+0.05148,+0.180,+1.287,-0.360,+6.424,+0.007,+7.357,2,+5.240,+5.113,+0.07689,-0.128,+1.922,+0.256,+5.240,+0.007,+7.425,2,-5.246,-5.559,-0.04652,-0.313,-1.163,+0.626,-5.246,+0.007,-5.776,2,-6.420,-7.037,-0.04942,-0.617,-1.236,+1.234,-6.420,+0.007,-6.414,2,-0.433,-0.446,+0.943,+1.649
DRV,23170,+3.3000,+0.0000,+3.6300,+0.0027,+1.3292,+0.0007,+6.165,+0.004,-0.00063,-0.0022,+0.0000,+0.087,0,0,+6.545,+6.840,+0.05069,+0.295,+1.267,-0.590,+6.545,+0.007,+7.229,2,+5.339,+5.767,+0.06934,+0.427,+1.733,-0.855,+5.339,+0.007,+6.225,2,-5.345,-5.621,-0.04409,-0.276,-1.102,+0.553,-5.345,+0.007,-5.888,2,-6.541,-6.987,-0.03127,-0.446,-0.782,+0.891,-6.541,+0.007,-6.424,2,-0.146,+0.145,+0.804,+0.337
DRV,23174,+3.3000,+0.0000,+3.6300,+0.0027,+1.3538,+0.0007,+6.165,+0.004,-0.00063,+0.0010,+0.0000,-0.041,0,0,+6.666,+6.985,+0.04835,+0.318,+1.209,-0.637,+6.666,-0.003,+7.235,2,+5.438,+6.058,+0.04893,+0.620,+1.223,-1.239,+5.438,-0.003,+5.419,2,-5.444,-5.626,-0.04378,-0.182,-1.094,+0.364,-5.444,-0.003,-6.178,2,-6.662,-6.865,-0.01809,-0.202,-0.452,+0.405,-6.662,-0.003,-6.713,2,+0.120,+0.432,+0.522,-0.759
DRV,23178,+3.3000,+0.0000,+3.6300,+0.0027,+1.3785,+0.0007,+6.165,+0.004,-0.00063,+0.0010,+0.0000,-0.041,0,0,+6.788,+7.085,+0.04676,+0.297,+1.169,-0.594,+6.788,-0.003,+7.359,2,+5.538,+6.007,+0.03063,+0.470,+0.766,-0.939,+5.538,-0.003,+5.361,2,-5.543,-5.767,-0.04173,-0.224,-1.043,+0.448,-5.543,-0.003,-6.142,2,-6.784,-6.755,-0.01064,+0.029,-0.266,-0.058,-6.784,-0.003,-7.110,2,+0.330,+0.240,+0.249,-0.781
DRV,23182,+3.3000,+0.0000,+3.6300,+0.0027,+1.4032,+0.0008,+6.165,+0.004,-0.00063,-0.0022,+0.0000,+0.087,0,0,+6.909,+7.158,+0.04553,+0.249,+1.138,-0.497,+6.909,+0.007,+7.558,2,+5.637,+5.880,+0.01789,+0.243,+0.447,-0.487,+5.637,+0.007,+5.604,2,-5.643,-5.913,-0.04065,-0.270,-1.016,+0.540,-5.643,+0.007,-6.112,2,-6.905,-6.809,-0.00701,+0.096,-0.175,-0.191,-6.905,+0.007,-7.265,2,+0.349,-0.033,+0.293,-0.507
DRV,23186,+3.3000,+0.0000,+3.6300,+0.0028,+1.4278,+0.0008,+6.165,+0.004,-0.00064,-0.0022,+0.0000,+0.087,0,0,+7.031,+7.364,+0.04391,+0.333,+1.098,-0.666,+7.031,+0.007,+7.469,2,+5.736,+5.893,+0.00917,+0.157,+0.229,-0.314,+5.736,+0.007,+5.657,2,-5.742,-5.984,-0.03937,-0.242,-0.984,+0.484,-5.742,+0.007,-6.235,2,-7.026,-6.793,-0.00642,+0.233,-0.161,-0.467,-7.026,+0.007,-7.646,0,+0.571,-0.091,-0.177,-0.578
DRV,23190,+3.3000,+0.0000,+3.6300,+0.0028,+1.4525,+0.0008,+6.165,+0.004,-0.00065,-0.0011,+0.0000,+0.044,0,0,+7.152,+7.432,+0.04304,+0.280,+1.076,-0.561,+7.152,+0.004,+7.671,2,+5.835,+5.825,+0.00409,-0.010,+0.102,+0.020,+5.835,+0.004,+5.960,2,-5.841,-6.020,-0.03982,-0.179,-0.995,+0.358,-5.841,+0.004,-6.475,0,-7.148,-6.869,-0.00736,+0.279,-0.184,-0.558,-7.148,+0.004,-7.885,0,+0.564,-0.196,-0.214,-0.515
DRV,23194,+3.3000,+0.0000,+3.6300,+0.0028,+1.4771,+0.0008,+6.165,+0.004,-0.00065,-0.0011,+0.0000,+0.044,0,0,+7.274,+7.582,+0.04215,+0.308,+1.054,-0.616,+7.274,+0.004,+7.715,2,+5.934,+5.782,+0.00188,-0.152,+0.047,+0.303,+5.934,+0.004,+6.287,0,-5.940,-6.037,-0.07996,-0.096,-1.999,+0.193,-5.940,+0.004,-7.743,0,-7.269,-7.431,-0.05276,-0.162,-1.319,+0.323,-7.269,+0.004,-8.261,2,+0.151,-0.255,-0.546,-1.456
DRV,23198,+3.3000,+0.0000,+3.6300,+0.0028,+1.5018,+0.0008,+6.165,+0.004,-0.00066,-0.0006,+0.0000,+0.023,0,0,+7.395,+7.679,+0.04163,+0.283,+1.041,-0.567,+7.395,+0.002,+7.871,0,+6.033,+6.175,+0.03897,+0.142,+0.974,-0.285,+6.033,+0.002,+6.724,0,-6.040,-5.996,-0.08079,+0.044,-2.020,-0.088,-6.040,+0.002,-8.145,2,-7.390,-7.701,-0.05336,-0.311,-1.334,+0.622,-7.390,+0.002,-8.100,2,-0.023,+0.179,-0.229,-1.421
DRV,23202,+3.3000,+0.0000,+3.6300,+0.0028,+1.5265,+0.0009,+6.165,+0.004,-0.00066,-0.0006,+0.0000,+0.023,0,0,+7.517,+7.868,+0.04072,+0.351,+1.018,-0.703,+7.517,+0.002,+7.834,0,+6.132,+6.269,+0.04059,+0.137,+1.015,-0.274,+6.132,+0.002,+6.874,2,-6.139,-6.612,-0.06878,-0.473,-1.720,+0.946,-6.139,+0.002,-6.910,2,-7.512,-7.904,-0.05002,-0.392,-1.251,+0.784,-7.512,+0.002,-7.976,2,-0.036,-0.343,-0.143,-0.036
DRV,23206,+3.3000,+0.0000,+3.6300,+0.0028,+1.5511,+0.0009,+6.165,+0.004,-0.00066,-0.0016,+0.0000,+0.065,0,0,+7.638,+7.399,+0.08926,-0.239,+2.231,+0.478,+7.638,+0.005,+10.352,2,+6.231,+6.418,+0.04125,+0.187,+1.031,-0.374,+6.231,+0.005,+6.893,2,-6.238,-6.787,-0.04852,-0.549,-1.213,+1.099,-6.238,+0.005,-6.347,2,-7.633,-8.009,-0.04666,-0.376,-1.166,+0.752,-7.633,+0.005,-8.042,2,-0.610,-0.370,+2.310,+0.546
DRV,23210,+3.3000,+0.0000,+3.6300,+0.0029,+1.5758,+0.0009,+6.165,+0.004,-0.00067,-0.0016,+0.0000,+0.065,0,0,+7.759,+8.219,+0.08025,+0.459,+2.006,-0.919,+7.759,+0.005,+8.852,2,+6.330,+6.530,+0.04094,+0.200,+1.023,-0.400,+6.330,+0.005,+6.958,2,-6.337,-6.755,-0.03114,-0.418,-0.779,+0.836,-6.337,+0.005,-6.274,2,-7.754,-8.058,-0.04520,-0.304,-1.130,+0.608,-7.754,+0.005,-8.271,2,+0.161,-0.226,+0.581,+0.684
DRV,23214,+3.3000,+0.0000,+3.6300,+0.0028,+1.6004,+0.0009,+6.165,+0.004,-0.00066,+0.0037,+0.0000,-0.148,0,0,+7.881,+8.783,+0.05244,+0.902,+1.311,-1.805,+7.881,-0.012,+7.375,2,+6.429,+6.674,+0.04120,+0.245,+1.030,-0.490,+6.429,-0.012,+6.957,2,-6.436,-6.671,-0.01827,-0.235,-0.457,+0.469,-6.436,-0.012,-6.435,2,-7.876,-8.147,-0.04525,-0.272,-1.131,+0.543,-7.876,-0.012,-8.476,2,+0.636,+0.003,-1.100,+0.522
DRV,23218,+3.3000,+0.0000,+3.6300,+0.0028,+1.6251,+0.0009,+6.165,+0.004,-0.00065,+0.0037,+0.0000,-0.147,0,0,+8.002,+8.676,+0.02653,+0.674,+0.663,-1.348,+8.002,-0.012,+7.306,2,+6.528,+6.792,+0.04089,+0.264,+1.022,-0.527,+6.528,-0.012,+7.011,2,-6.535,-6.719,-0.00663,-0.184,-0.166,+0.368,-6.535,-0.012,-6.345,2,-7.997,-8.365,-0.04375,-0.368,-1.094,+0.735,-7.997,-0.012,-8.367,2,+0.311,+0.072,-1.061,+0.666
DRV,23222,+3.3000,+0.0000,+3.6300,+0.0028,+1.6497,+0.0009,+6.165,+0.004,-0.00065,-0.0022,+0.0000,+0.087,0,0,+8.124,+8.502,+0.00789,+0.378,+0.197,-0.757,+8.124,+0.007,+7.571,2,+6.627,+6.857,+0.04000,+0.230,+1.000,-0.460,+6.627,+0.007,+7.174,2,-6.635,-6.772,+0.00289,-0.138,+0.072,+0.275,-6.635,+0.007,-6.280,2,-8.118,-8.458,-0.04147,-0.340,-1.037,+0.680,-8.118,+0.007,-8.469,0,+0.044,+0.085,-0.898,+0.894
DRV,23226,+3.3000,+0.0000,+3.6300,+0.0028,+1.6744,+0.0010,+6.165,+0.004,-0.00066,-0.0022,+0.0000,+0.087,0,0,+8.245,+8.389,-0.00463,+0.144,-0.116,-0.289,+8.245,+0.007,+7.848,2,+6.726,+6.982,+0.04007,+0.256,+1.002,-0.513,+6.726,+0.007,+7.222,2,-6.734,-6.691,+0.00915,+0.042,+0.229,-0.085,-6.734,+0.007,-6.583,0,-8.240,-8.505,-0.04147,-0.266,-1.037,+0.531,-8.240,+0.007,-8.738,0,-0.116,+0.291,-0.891,+0.640
DRV,23230,+3.3000,+0.0000,+3.6300,+0.0028,+1.6991,+0.0010,+6.165,+0.004,-0.00065,+0.0026,+0.0000,-0.105,0,0,+8.367,+8.334,-0.01294,-0.032,-0.324,+0.065,+8.367,-0.008,+8.099,2,+6.825,+7.095,+0.03956,+0.270,+0.989,-0.540,+6.825,-0.008,+7.265,0,-6.833,-6.703,+0.01254,+0.130,+0.313,-0.259,-6.833,-0.008,-6.787,0,-8.361,-8.004,-0.09706,+0.357,-2.427,-0.714,-8.361,-0.008,-11.510,2,+0.330,+0.392,-3.410,+0.478
DRV,23234,+3.3000,+0.0000,+3.6300,+0.0028,+1.7237,+0.0010,+6.165,+0.004,-0.00064,+0.0026,+0.0000,-0.105,0,0,+8.488,+8.389,-0.01783,-0.098,-0.446,+0.197,+8.488,-0.008,+8.231,2,+6.924,+7.190,+0.03847,+0.265,+0.962,-0.531,+6.924,-0.008,+7.347,0,-6.932,-7.170,-0.02952,-0.238,-0.738,+0.476,-6.932,-0.008,-7.202,2,-8.482,-9.009,-0.08667,-0.527,-2.167,+1.054,-8.482,-0.008,-9.604,2,-0.620,+0.020,-1.373,+0.145
DRV,23238,+3.3000,+0.0000,+3.6300,+0.0028,+1.7484,+0.0010,+6.165,+0.004,-0.00064,-0.0016,+0.0000,+0.066,0,0,+8.609,+8.353,-0.01928,-0.257,-0.482,+0.513,+8.609,+0.005,+8.646,0,+7.023,+6.812,+0.08397,-0.212,+2.099,+0.423,+7.023,+0.005,+9.551,2,-7.031,-7.281,-0.02843,-0.250,-0.711,+0.500,-7.031,+0.005,-7.236,2,-8.604,-9.567,-0.05632,-0.963,-1.408,+1.926,-8.604,+0.005,-8.081,2,-1.214,-0.470,+0.565,+2.315
DRV,23242,+3.3000,+0.0000,+3.6300,+0.0028,+1.7730,+0.0010,+6.165,+0.004,-0.00065,-0.0016,+0.0000,+0.066,0,0,+8.731,+8.981,+0.03410,+0.250,+0.853,-0.501,+8.731,+0.005,+9.088,2,+7.122,+7.342,+0.07865,+0.220,+1.966,-0.440,+7.122,+0.005,+8.654,2,-7.130,-7.355,-0.02907,-0.224,-0.727,+0.449,-7.130,+0.005,-7.403,2,-8.725,-9.410,-0.02826,-0.685,-0.706,+1.370,-8.725,+0.005,-8.057,2,-0.429,-0.012,+1.031,+1.251
DRV,23246,+3.3000,+0.0000,+3.6300,+0.0028,+1.7977,+0.0010,+6.165,+0.004,-0.00065,-0.0006,+0.0000,+0.023,0,0,+8.852,+9.078,+0.03608,+0.225,+0.902,-0.451,+8.852,+0.002,+9.305,2,+7.221,+8.036,+0.05665,+0.815,+1.416,-1.630,+7.221,+0.002,+7.010,2,-7.230,-7.463,-0.03028,-0.234,-0.757,+0.468,-7.230,+0.002,-7.517,2,-8.846,-9.268,-0.00784,-0.421,-0.196,+0.843,-8.846,+0.002,-8.198,2,-0.190,+0.573,+1.108,-0.507
DRV,23250,+3.3000,+0.0000,+3.6300,+0.0028,+1.8224,+0.0010,+6.165,+0.004,-0.00065,+0.0002,+0.0000,-0.009,0,0,+8.974,+9.354,+0.03496,+0.380,+0.874,-0.760,+8.974,-0.001,+9.087,2,+7.320,+7.995,+0.03138,+0.675,+0.785,-1.350,+7.320,-0.001,+6.755,2,-7.329,-7.553,-0.03092,-0.224,-0.773,+0.449,-7.329,-0.001,-7.654,2,-8.968,-9.188,+0.00646,-0.220,+0.161,+0.441,-8.968,-0.001,-8.366,2,+0.165,+0.442,+0.721,-0.899
DRV,23254,+3.3000,+0.0000,+3.6300,+0.0028,+1.8470,+0.0011,+6.165,+0.004,-0.00065,+0.0010,+0.0000,-0.041,0,0,+9.095,+9.449,+0.03355,+0.353,+0.839,-0.707,+9.095,-0.003,+9.224,2,+7.419,+7.853,+0.01244,+0.434,+0.311,-0.867,+7.419,-0.003,+6.860,2,-7.428,-7.800,-0.02907,-0.372,-0.727,+0.743,-7.428,-0.003,-7.415,2,-9.089,-9.091,+0.01579,-0.002,+0.395,+0.004,-9.089,-0.003,-8.693,2,+0.357,+0.053,+0.531,-0.555
DRV,23258,+3.3000,+0.0000,+3.6300,+0.0028,+1.8717,+0.0011,+6.165,+0.004,-0.00065,+0.0008,+0.0000,-0.030,0,0,+9.217,+9.518,+0.03317,+0.301,+0.829,-0.602,+9.217,-0.002,+9.441,2,+7.519,+7.708,-0.00094,+0.190,-0.023,-0.379,+7.519,-0.002,+7.114,2,-7.527,-7.851,-0.02702,-0.324,-0.676,+0.648,-7.527,-0.002,-7.557,2,-9.211,-9.114,+0.02092,+0.097,+0.523,-0.193,-9.211,-0.002,-8.883,0,+0.404,-0.143,+0.558,-0.444
DRV,23262,+3.3000,+0.0000,+3.6300,+0.0028,+1.8963,+0.0011,+6.165,+0.004,-0.00064,+0.0005,+0.0000,-0.020,0,0,+9.338,+9.615,+0.03431,+0.277,+0.858,-0.555,+9.338,-0.002,+9.639,2,+7.618,+7.664,-0.00953,+0.047,-0.238,-0.093,+7.618,-0.002,+7.285,2,-7.626,-7.865,-0.02632,-0.239,-0.658,+0.478,-7.626,-0.002,-7.808,0,-9.332,-9.141,+0.02377,+0.190,+0.594,-0.381,-9.332,-0.002,-9.120,0,+0.474,-0.201,+0.519,-0.523
DRV,23266,+3.3000,+0.0000,+3.6300,+0.0028,+1.9210,+0.0011,+6.165,+0.004,-0.00064,-0.0000,+0.0000,+0.002,0,0,+9.459,+9.776,+0.03506,+0.316,+0.876,-0.632,+9.459,+0.000,+9.704,2,+7.717,+7.641,-0.01487,-0.076,-0.372,+0.152,+7.717,+0.000,+7.497,2,-7.725,-7.917,-0.02734,-0.191,-0.684,+0.383,-7.725,+0.000,-8.026,0,-9.453,-9.758,-0.03319,-0.305,-0.830,+0.610,-9.453,+0.000,-9.673,2,+0.018,-0.276,+0.030,-0.529
DRV,23270,+3.3000,+0.0000,+3.6300,+0.0028,+1.9457,+0.0011,+6.165,+0.004,-0.00065,-0.0006,+0.0000,+0.023,0,0,+9.581,+9.928,+0.03463,+0.347,+0.866,-0.695,+9.581,+0.002,+9.754,2,+7.816,+7.642,-0.01771,-0.173,-0.443,+0.347,+7.816,+0.002,+7.722,0,-7.825,-7.624,-0.07841,+0.201,-1.960,-0.402,-7.825,+0.002,-10.185,2,-9.575,-9.790,-0.03491,-0.215,-0.873,+0.431,-9.575,+0.002,-10.015,2,+0.138,+0.019,-0.261,-2.463
DRV,23274,+3.3000,+0.0000,+3.6300,+0.0028,+1.9703,+0.0011,+6.165,+0.004,-0.00065,-0.0014,+0.0000,+0.055,0,0,+9.702,+9.943,+0.03573,+0.241,+0.893,-0.482,+9.702,+0.004,+10.118,0,+7.915,+8.121,+0.03063,+0.206,+0.766,-0.413,+7.915,+0.004,+8.272,0,-7.924,-8.069,-0.07406,-0.145,-1.852,+0.290,-7.924,+0.004,-9.481,2,-9.696,-10.012,-0.03546,-0.316,-0.886,+0.632,-9.696,+0.004,-9.946,2,-0.068,+0.052,+0.171,-1.208
DRV,23278,+3.3000,+0.0000,+3.6300,+0.0028,+1.9950,+0.0012,+6.165,+0.004,-0.00066,-0.0022,+0.0000,+0.087,0,0,+9.824,+9.389,+0.10123,-0.434,+2.531,+0.869,+9.824,+0.007,+13.230,0,+8.014,+8.234,+0.03200,+0.220,+0.800,-0.441,+8.014,+0.007,+8.380,2,-8.023,-8.636,-0.05533,-0.612,-1.383,+1.225,-8.023,+0.007,-8.175,2,-9.817,-10.131,-0.03522,-0.314,-0.881,+0.627,-9.817,+0.007,-10.063,2,-0.741,-0.401,+3.167,+0.205
DRV,23282,+3.3000,+0.0000,+3.6300,+0.0029,+2.0196,+0.0012,+6.165,+0.004,-0.00066,-0.0008,+0.0000,+0.033,0,0,+9.945,+9.990,+0.10076,+0.044,+2.519,-0.089,+9.945,+0.003,+12.378,2,+8.113,+8.436,+0.03163,+0.323,+0.791,-0.646,+8.113,+0.003,+8.260,2,-8.122,-8.666,-0.03335,-0.543,-0.834,+1.086,-8.122,+0.003,-7.867,2,-9.938,-10.187,-0.03688,-0.248,-0.922,+0.496,-9.938,+0.003,-10.361,2,-0.197,-0.230,+2.017,+0.393
DRV,23286,+3.3000,+0.0000,+3.6300,+0.0028,+2.0443,+0.0012,+6.165,+0.004,-0.00066,+0.0005,+0.0000,-0.020,0,0,+10.067,+11.158,+0.07228,+1.091,+1.807,-2.182,+10.067,-0.002,+9.691,2,+8.212,+8.582,+0.02992,+0.370,+0.748,-0.741,+8.212,-0.002,+8.217,2,-8.221,-8.717,-0.01232,-0.496,-0.308,+0.991,-8.221,-0.002,-7.540,2,-10.060,-10.456,-0.03699,-0.396,-0.925,+0.792,-10.060,-0.002,-10.195,2,+0.702,-0.135,-0.504,+0.677
DRV,23290,+3.3000,+0.0000,+3.6300,+0.0028,+2.0690,+0.0012,+6.165,+0.004,-0.00066,+0.0008,+0.0000,-0.030,0,0,+10.188,+11.278,+0.03381,+1.090,+0.845,-2.180,+10.188,-0.002,+8.851,2,+8.311,+8.651,+0.02811,+0.340,+0.703,-0.681,+8.311,-0.002,+8.330,2,-8.321,-8.743,+0.00621,-0.422,+0.155,+0.844,-8.321,-0.002,-7.323,2,-10.181,-10.540,-0.03631,-0.358,-0.908,+0.717,-10.181,-0.002,-10.375,2,+0.739,-0.092,-1.524,+1.007
DRV,23294,+3.3000,+0.0000,+3.6300,+0.0028,+2.0936,+0.0012,+6.165,+0.004,-0.00066,+0.0010,+0.0000,-0.041,0,0,+10.310,+11.081,+0.00261,+0.772,+0.065,-1.543,+10.310,-0.003,+8.828,2,+8.410,+8.661,+0.02831,+0.251,+0.708,-0.502,+8.410,-0.003,+8.612,2,-8.420,-8.686,+0.02072,-0.266,+0.518,+0.533,-8.420,-0.003,-7.373,2,-10.303,-10.583,-0.03715,-0.281,-0.929,+0.562,-10.303,-0.003,-10.673,2,+0.498,-0.025,-1.845,+1.240
DRV,23298,+3.3000,+0.0000,+3.6300,+0.0028,+2.1183,+0.0012,+6.165,+0.004,-0.00065,-0.0000,+0.0000,+0.002,0,0,+10.431,+10.900,-0.02055,+0.469,-0.514,-0.937,+10.431,+0.000,+8.980,2,+8.509,+8.759,+0.02946,+0.251,+0.737,-0.501,+8.509,+0.000,+8.745,2,-8.519,-8.651,+0.03082,-0.132,+0.771,+0.265,-8.519,+0.000,-7.484,2,-10.424,-10.785,-0.03836,-0.361,-0.959,+0.721,-10.424,+0.000,-10.661,0,+0.115,+0.108,-1.681,+1.261
DRV,23302,+3.3000,+0.0000,+3.6300,+0.0028,+2.1429,+0.0013,+6.165,+0.004,-0.00066,-0.0011,+0.0000,+0.044,0,0,+10.552,+10.730,-0.03644,+0.177,-0.911,-0.355,+10.552,+0.004,+9.290,2,+8.608,+8.902,+0.02965,+0.294,+0.741,-0.587,+8.608,+0.004,+8.766,2,-8.618,-8.548,+0.03843,+0.070,+0.961,-0.140,-8.618,+0.004,-7.794,0,-10.545,-10.252,-0.10589,+0.293,-2.647,-0.586,-10.545,+0.004,-13.775,0,+0.478,+0.353,-4.485,+0.972
DRV,23306,+3.3000,+0.0000,+3.6300,+0.0028,+2.1676,+0.0013,+6.165,+0.004,-0.00066,-0.0008,+0.0000,+0.033,0,0,+10.674,+10.595,-0.04544,-0.079,-1.136,+0.157,+10.674,+0.003,+9.698,2,+8.707,+8.948,+0.03042,+0.241,+0.760,-0.483,+8.707,+0.003,+8.987,0,-8.717,-9.010,-0.01245,-0.293,-0.311,+0.586,-8.717,+0.003,-8.440,2,-10.667,-10.629,-0.10399,+0.038,-2.600,-0.076,-10.667,+0.003,-13.339,2,-0.033,-0.062,-3.642,+0.547
DRV,23310,+3.3000,+0.0000,+3.6300,+0.0029,+2.1923,+0.0013,+6.165,+0.004,-0.00066,-0.0006,+0.0000,+0.023,0,0,+10.795,+10.468,-0.04756,-0.327,-1.189,+0.654,+10.795,+0.002,+10.262,0,+8.806,+8.490,+0.08774,-0.316,+2.194,+0.633,+8.806,+0.002,+11.634,2,-8.817,-8.937,-0.01482,-0.120,-0.370,+0.241,-8.817,+0.002,-8.945,2,-10.788,-11.662,-0.08107,-0.874,-2.027,+1.747,-10.788,+0.002,-11.066,2,-1.193,-0.447,-0.804,+2.689
DRV,23314,+3.3000,+0.0000,+3.6300,+0.0029,+2.2169,+0.0013,+6.165,+0.004,-0.00067,-0.0019,+0.0000,+0.076,0,0,+10.917,+10.417,+0.02088,-0.500,+0.522,+1.000,+10.917,+0.006,+12.445,0,+8.905,+8.839,+0.08658,-0.066,+2.164,+0.133,+8.905,+0.006,+11.208,2,-8.916,-9.180,-0.01930,-0.264,-0.482,+0.527,-8.916,+0.006,-8.865,2,-10.909,-11.945,-0.04539,-1.036,-1.135,+2.071,-10.909,+0.006,-9.967,2,-1.528,-0.341,+2.478,+2.344
DRV,23318,+3.3000,+0.0000,+3.6300,+0.0029,+2.2416,+0.0014,+6.165,+0.005,-0.00068,-0.0032,+0.0000,+0.129,0,0,+11.038,+11.423,+0.02448,+0.385,+0.612,-0.769,+11.038,+0.010,+10.891,2,+9.004,+9.968,+0.06298,+0.964,+1.574,-1.929,+9.004,+0.010,+8.660,2,-9.015,-9.320,-0.02090,-0.305,-0.523,+0.610,-9.015,+0.010,-8.917,2,-11.030,-11.810,-0.01313,-0.780,-0.328,+1.560,-11.030,+0.010,-9.789,2,-0.387,+0.648,+1.103,-0.257
DRV,23322,+3.3000,+0.0000,+3.6300,+0.0030,+2.2662,+0.0014,+6.165,+0.005,-0.00069,-0.0000,+0.0000,+0.001,0,0,+11.160,+11.694,+0.02002,+0.535,+0.501,-1.069,+11.160,+0.000,+10.591,2,+9.103,+10.063,+0.02997,+0.960,+0.749,-1.920,+9.103,+0.000,+7.932,2,-9.114,-9.315,-0.02231,-0.201,-0.558,+0.402,-9.114,+0.000,-9.270,2,-11.152,-11.740,+0.01339,-0.588,+0.335,+1.177,-11.152,+0.000,-9.640,2,-0.046,+0.748,+0.951,-1.338
DRV,23326,+3.3000,+0.0000,+3.6300,+0.0029,+2.2909,+0.0014,+6.165,+0.004,-0.00068,+0.0032,+0.0000,-0.127,0,0,+11.281,+11.624,+0.01900,+0.343,+0.475,-0.685,+11.281,-0.010,+11.061,2,+9.202,+9.902,+0.00137,+0.700,+0.034,-1.400,+9.202,-0.010,+7.826,2,-9.213,-9.329,-0.02622,-0.115,-0.655,+0.231,-9.213,-0.010,-9.648,2,-11.273,-11.527,+0.03264,-0.254,+0.816,+0.508,-11.273,-0.010,-9.959,2,+0.097,+0.573,+1.101,-1.822
DRV,23330,+3.3000,+0.0000,+3.6300,+0.0029,+2.3156,+0.0014,+6.165,+0.004,-0.00067,+0.0013,+0.0000,-0.052,0,0,+11.403,+11.744,+0.02026,+0.341,+0.506,-0.683,+11.403,-0.004,+11.222,2,+9.301,+9.701,-0.01936,+0.400,-0.484,-0.799,+9.301,-0.004,+8.014,2,-9.313,-9.517,-0.02878,-0.204,-0.719,+0.408,-9.313,-0.004,-9.628,2,-11.395,-11.385,+0.04309,+0.009,+1.077,-0.018,-11.395,-0.004,-10.340,2,+0.359,+0.184,+0.882,-1.614
DRV,23334,+3.3000,+0.0000,+3.6300,+0.0029,+2.3402,+0.0014,+6.165,+0.005,-0.00067,-0.0006,+0.0000,+0.023,0,0,+11.524,+11.893,+0.02150,+0.369,+0.537,-0.738,+11.524,+0.002,+11.325,2,+9.400,+9.637,-0.03416,+0.237,-0.854,-0.473,+9.400,+0.002,+8.075,2,-9.412,-9.634,-0.03076,-0.223,-0.769,+0.445,-9.412,+0.002,-9.734,2,-11.516,-11.282,+0.04819,+0.233,+1.205,-0.467,-11.516,+0.002,-10.776,0,+0.611,+0.002,+0.549,-1.659
DRV,23338,+3.3000,+0.0000,+3.6300,+0.0029,+2.3649,+0.0015,+6.165,+0.005,-0.00067,-0.0006,+0.0000,+0.023,0,0,+11.646,+12.023,+0.02196,+0.377,+0.549,-0.755,+11.646,+0.002,+11.441,2,+9.499,+9.525,-0.04378,+0.026,-1.094,-0.051,+9.499,+0.002,+8.355,0,-9.511,-9.813,-0.03150,-0.302,-0.788,+0.604,-9.511,+0.002,-9.693,0,-11.637,-11.175,+0.04756,+0.462,+1.189,-0.924,-11.637,+0.002,-11.371,0,+0.848,-0.288,+0.071,-1.338
DRV,23342,+3.3000,+0.0000,+3.6300,+0.0029,+2.3895,+0.0015,+6.165,+0.005,-0.00067,-0.0006,+0.0000,+0.023,0,0,+11.767,+12.207,+0.02048,+0.440,+0.512,-0.879,+11.767,+0.002,+11.402,2,+9.598,+9.453,-0.04938,-0.145,-1.234,+0.290,+9.598,+0.002,+8.656,0,-9.610,-10.027,-0.03004,-0.417,-0.751,+0.834,-9.610,+0.002,-9.525,0,-11.759,-11.166,-0.02746,+0.593,-0.686,-1.186,-11.759,+0.002,-13.629,0,+1.041,-0.574,-2.227,-0.869
DRV,23346,+3.3000,+0.0000,+3.6300,+0.0029,+2.4142,+0.0015,+6.165,+0.005,-0.00068,-0.0011,+0.0000,+0.044,0,0,+11.888,+12.320,+0.01938,+0.431,+0.484,-0.862,+11.888,+0.003,+11.514,0,+9.697,+9.414,-0.05057,-0.284,-1.264,+0.567,+9.697,+0.003,+9.004,0,-9.709,-9.587,-0.08974,+0.123,-2.244,-0.245,-9.709,+0.003,-12.195,2,-11.880,-12.246,-0.03228,-0.366,-0.807,+0.732,-11.880,+0.003,-11.952,2,+0.074,-0.173,-0.437,-3.191
DRV,23350,+3.3000,+0.0000,+3.6300,+0.0029,+2.4389,+0.0015,+6.165,+0.005,-0.00068,-0.0016,+0.0000,+0.065,0,0,+12.010,+12.400,+0.01912,+0.390,+0.478,-0.780,+12.010,+0.005,+11.713,0,+9.796,+10.037,+0.00978,+0.241,+0.245,-0.482,+9.796,+0.005,+9.564,2,-9.809,-10.412,-0.07524,-0.603,-1.881,+1.206,-9.809,+0.005,-10.478,2,-12.001,-12.559,-0.02787,-0.558,-0.697,+1.117,-12.001,+0.005,-11.576,2,-0.159,-0.374,+0.137,-0.915
DRV,23354,+3.3000,+0.0000,+3.6300,+0.0030,+2.4635,+0.0016,+6.165,+0.005,-0.00069,-0.0011,+0.0000,+0.044,0,0,+12.131,+11.643,+0.09852,-0.488,+2.463,+0.976,+12.131,+0.003,+15.574,2,+9.895,+9.984,+0.01395,+0.089,+0.349,-0.179,+9.895,+0.003,+10.069,2,-9.908,-10.950,-0.04483,-1.042,-1.121,+2.084,-9.908,+0.003,-8.941,2,-12.122,-12.697,-0.02344,-0.574,-0.586,+1.149,-12.122,+0.003,-11.556,2,-1.053,-0.966,+4.018,+1.128
DRV,23358,+3.3000,+0.0000,+3.6300,+0.0030,+2.4882,+0.0016,+6.165,+0.005,-0.00069,-0.0006,+0.0000,+0.022,0,0,+12.253,+12.835,+0.08702,+0.582,+2.175,-1.163,+12.253,+0.002,+13.267,2,+9.994,+10.099,+0.01945,+0.105,+0.486,-0.210,+9.994,+0.002,+10.272,2,-10.007,-10.826,-0.01345,-0.818,-0.336,+1.637,-10.007,+0.002,-8.705,2,-12.244,-11.948,-0.02053,+0.296,-0.513,-0.591,-12.244,+0.002,-13.346,2,+0.886,-0.726,-0.080,+1.567
DRV,23362,+3.3000,+0.0000,+3.6300,+0.0030,+2.5129,+0.0016,+6.165,+0.005,-0.00069,+0.0018,+0.0000,-0.074,0,0,+12.374,+13.608,+0.04827,+1.234,+1.207,-2.467,+12.374,-0.006,+11.108,2,+10.093,+10.292,+0.02361,+0.199,+0.590,-0.397,+10.093,-0.006,+10.280,2,-10.106,-10.521,+0.00967,-0.415,+0.242,+0.830,-10.106,-0.006,-9.040,2,-12.365,-13.033,-0.01760,-0.668,-0.440,+1.337,-12.365,-0.006,-11.474,2,+0.575,-0.229,-0.367,+1.240
DRV,23366,+3.3000,+0.0000,+3.6300,+0.0029,+2.5375,+0.0016,+6.165,+0.005,-0.00067,+0.0042,+0.0000,-0.169,0,0,+12.496,+13.386,+0.01142,+0.890,+0.286,-1.780,+12.496,-0.014,+10.987,2,+10.193,+10.452,+0.02566,+0.259,+0.642,-0.519,+10.193,-0.014,+10.302,2,-10.205,-10.427,+0.02379,-0.222,+0.595,+0.443,-10.205,-0.014,-9.181,2,-12.487,-13.080,-0.01273,-0.594,-0.318,+1.187,-12.487,-0.014,-11.631,2,+0.306,+0.025,-0.644,+1.121
DRV,23370,+3.3000,+0.0000,+3.6300,+0.0028,+2.5622,+0.0016,+6.165,+0.005,-0.00066,+0.0010,+0.0000,-0.041,0,0,+12.617,+13.167,-0.01548,+0.550,-0.387,-1.101,+12.617,-0.003,+11.126,2,+10.292,+10.527,+0.02752,+0.235,+0.688,-0.470,+10.292,-0.003,+10.506,2,-10.304,-10.295,+0.03389,+0.010,+0.847,-0.019,-10.304,-0.003,-9.480,2,-12.608,-12.990,-0.01092,-0.382,-0.273,+0.764,-12.608,-0.003,-12.120,0,+0.177,+0.232,-0.994,+1.027
DRV,23374,+3.3000,+0.0000,+3.6300,+0.0029,+2.5868,+0.0016,+6.165,+0.005,-0.00067,-0.0022,+0.0000,+0.086,0,0,+12.739,+13.027,-0.03548,+0.289,-0.887,-0.577,+12.739,+0.007,+11.281,2,+10.391,+10.896,+0.02496,+0.506,+0.624,-1.011,+10.391,+0.007,+10.010,2,-10.404,-10.113,+0.03765,+0.290,+0.941,-0.581,-10.404,+0.007,-10.036,0,-12.729,-13.035,-0.01331,-0.306,-0.333,+0.611,-12.729,+0.007,-12.444,0,-0.008,+0.783,-1.163,-0.026
DRV,23378,+3.3000,+0.0000,+3.6300,+0.0029,+2.6115,+0.0017,+6.165,+0.005,-0.00068,-0.0006,+0.0000,+0.022,0,0,+12.860,+12.898,-0.04860,+0.038,-1.215,-0.077,+12.860,+0.002,+11.570,2,+10.490,+10.948,+0.02220,+0.459,+0.555,-0.917,+10.490,+0.002,+10.129,2,-10.503,-10.178,+0.03739,+0.325,+0.935,-0.650,-10.503,+0.002,-10.216,0,-12.851,-13.200,-0.01683,-0.350,-0.421,+0.699,-12.851,+0.002,-12.570,0,-0.302,+0.770,-1.000,-0.087
DRV,23382,+3.3000,+0.0000,+3.6300,+0.0029,+2.6362,+0.0017,+6.165,+0.005,-0.00067,+0.0010,+0.0000,-0.041,0,0,+12.981,+12.877,-0.05752,-0.104,-1.438,+0.209,+12.981,-0.003,+11.749,2,+10.589,+10.961,+0.02002,+0.372,+0.500,-0.744,+10.589,-0.003,+10.342,0,-10.602,-10.936,-0.02788,-0.334,-0.697,+0.668,-10.602,-0.003,-10.634,2,-12.972,-13.006,-0.09358,-0.034,-2.339,+0.069,-12.972,-0.003,-15.246,2,-0.129,+0.024,-3.497,-0.292
DRV,23386,+3.3000,+0.0000,+3.6300,+0.0029,+2.6608,+0.0017,+6.165,+0.005,-0.00067,-0.0011,+0.0000,+0.044,0,0,+13.103,+12.836,-0.06300,-0.267,-1.575,+0.534,+13.103,+0.004,+12.065,0,+10.688,+10.390,+0.08859,-0.298,+2.215,+0.596,+10.688,+0.004,+13.502,0,-10.701,-10.989,-0.02891,-0.288,-0.723,+0.576,-10.701,+0.004,-10.845,2,-13.093,-13.788,-0.07175,-0.695,-1.794,+1.389,-13.093,+0.004,-13.494,2,-0.952,-0.599,-1.429,+2.657
DRV,23390,+3.3000,+0.0000,+3.6300,+0.0029,+2.6855,+0.0017,+6.165,+0.005,-0.00068,-0.0032,+0.0000,+0.129,0,0,+13.224,+13.684,+0.01587,+0.459,+0.397,-0.919,+13.224,+0.010,+12.713,0,+10.787,+10.761,+0.08524,-0.025,+2.131,+0.051,+10.787,+0.010,+12.979,2,-10.801,-11.328,-0.02898,-0.528,-0.724,+1.055,-10.801,+0.010,-10.460,2,-13.214,-14.087,-0.03810,-0.873,-0.953,+1.745,-13.214,+0.010,-12.411,2,-0.403,-0.567,+0.301,+2.519
DRV,23394,+3.3000,+0.0000,+3.6300,+0.0030,+2.7101,+0.0018,+6.165,+0.005,-0.00069,-0.0003,+0.0000,+0.012,0,0,+13.346,+13.672,+0.01803,+0.326,+0.451,-0.653,+13.346,+0.001,+13.145,2,+10.886,+11.811,+0.06099,+0.926,+1.525,-1.851,+10.886,+0.001,+10.560,2,-10.900,-11.437,-0.02541,-0.537,-0.635,+1.074,-10.900,+0.001,-10.460,2,-13.336,-14.109,-0.00549,-0.773,-0.137,+1.547,-13.336,+0.001,-11.925,2,-0.437,+0.374,+1.219,+0.100
DRV,23398,+3.3000,+0.0000,+3.6300,+0.0029,+2.7348,+0.0018,+6.165,+0.005,-0.00068,+0.0026,+0.0000,-0.105,0,0,+13.467,+13.856,+0.02018,+0.389,+0.504,-0.777,+13.467,-0.008,+13.186,2,+10.985,+11.930,+0.02552,+0.945,+0.638,-1.891,+10.985,-0.008,+9.724,2,-10.999,-11.527,-0.02127,-0.528,-0.532,+1.055,-10.999,-0.008,-10.484,2,-13.457,-13.976,+0.02176,-0.518,+0.544,+1.037,-13.457,-0.008,-11.885,2,-0.120,+0.403,+1.301,-0.760
DRV,23402,+3.3000,+0.0000,+3.6300,+0.0029,+2.7595,+0.0018,+6.165,+0.005,-0.00067,+0.0032,+0.0000,-0.127,0,0,+13.589,+13.975,+0.02115,+0.386,+0.529,-0.772,+13.589,-0.010,+13.335,2,+11.084,+11.777,-0.00448,+0.693,-0.112,-1.386,+11.084,-0.010,+9.576,2,-11.098,-11.678,-0.01770,-0.580,-0.443,+1.160,-11.098,-0.010,-10.390,2,-13.579,-13.921,+0.04367,-0.342,+1.092,+0.684,-13.579,-0.010,-11.813,2,+0.054,+0.099,+1.523,-0.815
DRV,23406,+3.3000,+0.0000,+3.6300,+0.0028,+2.7841,+0.0017,+6.165,+0.005,-0.00065,+0.0037,+0.0000,-0.148,0,0,+13.710,+14.022,+0.02364,+0.312,+0.591,-0.625,+13.710,-0.012,+13.664,2,+11.183,+11.503,-0.02586,+0.320,-0.647,-0.640,+11.183,-0.012,+9.884,2,-11.197,-11.592,-0.01509,-0.395,-0.377,+0.791,-11.197,-0.012,-10.795,2,-13.700,-13.728,+0.05868,-0.028,+1.467,+0.055,-13.700,-0.012,-12.190,2,+0.295,-0.089,+1.475,-0.911
DRV,23410,+3.3000,+0.0000,+3.6300,+0.0028,+2.8088,+0.0017,+6.165,+0.005,-0.00064,+0.0026,+0.0000,-0.105,0,0,+13.831,+14.243,+0.02496,+0.411,+0.624,-0.823,+13.831,-0.008,+13.624,2,+11.282,+11.333,-0.03976,+0.051,-0.994,-0.101,+11.282,-0.008,+10.178,2,-11.296,-11.566,-0.01611,-0.270,-0.403,+0.540,-11.296,-0.008,-11.167,0,-13.821,-13.574,+0.06490,+0.248,+1.622,-0.496,-13.821,-0.008,-12.703,0,+0.669,-0.233,+0.921,-0.989
DRV,23414,+3.3000,+0.0000,+3.6300,+0.0027,+2.8334,+0.0017,+6.165,+0.005,-0.00064,+0.0015,+0.0000,-0.062,0,0,+13.953,+14.497,+0.02358,+0.544,+0.590,-1.088,+13.953,-0.005,+13.449,2,+11.381,+11.193,-0.04580,-0.188,-1.145,+0.376,+11.381,-0.005,+10.608,2,-11.395,-11.784,-0.01732,-0.389,-0.433,+0.778,-11.395,-0.005,-11.056,0,-13.943,-14.420,-0.01823,-0.477,-0.456,+0.953,-13.943,-0.005,-13.450,2,+0.077,-0.591,-0.001,-0.448
DRV,23418,+3.3000,+0.0000,+3.6300,+0.0027,+2.8581,+0.0017,+6.165,+0.005,-0.00063,-0.0006,+0.0000,+0.023,0,0,+14.074,+14.732,+0.01950,+0.658,+0.488,-1.316,+14.074,+0.002,+13.247,2,+11.480,+11.158,-0.04743,-0.323,-1.186,+0.646,+11.480,+0.002,+10.942,0,-11.494,-11.202,-0.09006,+0.293,-2.252,-0.585,-11.494,+0.002,-14.329,2,-14.064,-14.624,-0.01620,-0.560,-0.405,+1.120,-14.064,+0.002,-13.348,2,+0.108,-0.044,-0.100,-3.387
DRV,23422,+3.3000,+0.0000,+3.6300,+0.0028,+2.8828,+0.0018,+6.165,+0.005,-0.00064,-0.0027,+0.0000,+0.108,0,0,+14.196,+14.824,+0.01541,+0.628,+0.385,-1.256,+14.196,+0.009,+13.333,0,+11.579,+11.944,+0.02246,+0.365,+0.561,-0.729,+11.579,+0.009,+11.420,2,-11.594,-11.327,-0.09013,+0.267,-2.253,-0.533,-11.594,+0.009,-14.371,2,-14.185,-14.656,-0.01492,-0.470,-0.373,+0.940,-14.185,+0.009,-13.610,2,+0.168,+0.617,-0.276,-2.951
DRV,23426,+3.3000,+0.0000,+3.6300,+0.0028,+2.9074,+0.0019,+6.165,+0.005,-0.00065,-0.0019,+0.0000,+0.076,0,0,+14.317,+13.945,+0.10651,-0.373,+2.663,+0.745,+14.317,+0.006,+17.731,0,+11.678,+11.974,+0.02388,+0.296,+0.597,-0.592,+11.678,+0.006,+11.689,2,-11.693,-12.480,-0.06814,-0.787,-1.704,+1.574,-11.693,+0.006,-11.816,2,-14.307,-14.653,-0.01630,-0.347,-0.408,+0.693,-14.307,+0.006,-14.015,2,-0.709,-0.506,+3.716,-0.127
DRV,23430,+3.3000,+0.0000,+3.6300,+0.0028,+2.9321,+0.0019,+6.165,+0.006,-0.00066,-0.0011,+0.0000,+0.044,0,0,+14.439,+15.172,+0.08973,+0.734,+2.243,-1.468,+14.439,+0.004,+15.218,2,+11.777,+12.185,+0.02434,+0.407,+0.608,-0.815,+11.777,+0.004,+11.574,2,-11.792,-12.774,-0.03255,-0.982,-0.814,+1.963,-11.792,+0.004,-10.639,2,-14.428,-14.917,-0.01690,-0.489,-0.422,+0.978,-14.428,+0.004,-13.869,2,+0.256,-0.589,+1.349,+0.935
DRV,23434,+3.3000,+0.0000,+3.6300,+0.0028,+2.9567,+0.0019,+6.165,+0.005,-0.00066,+0.0021,+0.0000,-0.084,0,0,+14.560,+15.890,+0.04609,+1.330,+1.152,-2.660,+14.560,-0.007,+13.046,2,+11.876,+12.383,+0.02307,+0.507,+0.577,-1.013,+11.876,-0.007,+11.433,2,-11.892,-12.789,+0.00007,-0.897,+0.002,+1.794,-11.892,-0.007,-10.102,2,-14.549,-15.078,-0.01556,-0.528,-0.389,+1.056,-14.549,-0.007,-13.888,2,+0.813,-0.406,-0.843,+1.331
DRV,23438,+3.3000,+0.0000,+3.6300,+0.0027,+2.9814,+0.0019,+6.165,+0.005,-0.00064,+0.0053,+0.0000,-0.211,0,0,+14.681,+15.594,+0.00550,+0.912,+0.138,-1.824,+14.681,-0.017,+12.978,2,+11.976,+12.386,+0.02161,+0.411,+0.540,-0.822,+11.976,-0.017,+11.677,2,-11.990,-12.633,+0.02915,-0.643,+0.729,+1.286,-11.990,-0.017,-9.993,2,-14.671,-15.250,-0.01382,-0.579,-0.345,+1.159,-14.671,-0.017,-13.874,2,+0.343,-0.247,-0.897,+1.684
DRV,23442,+3.3000,+0.0000,+3.6300,+0.0027,+3.0061,+0.0018,+6.165,+0.005,-0.00062,+0.0015,+0.0000,-0.062,0,0,+14.803,+15.337,-0.02322,+0.534,-0.581,-1.068,+14.803,-0.005,+13.150,2,+12.075,+12.509,+0.02072,+0.434,+0.518,-0.868,+12.075,-0.005,+11.720,2,-12.090,-12.374,+0.04960,-0.284,+1.240,+0.569,-12.090,-0.005,-10.286,2,-14.792,-15.264,-0.01321,-0.471,-0.330,+0.943,-14.792,-0.005,-14.185,2,+0.073,+0.135,-1.035,+1.434
DRV,23446,+3.3000,+0.0000,+3.6300,+0.0027,+3.0307,+0.0019,+6.165,+0.006,-0.00063,-0.0022,+0.0000,+0.087,0,0,+14.924,+15.225,-0.04467,+0.301,-1.117,-0.602,+14.924,+0.007,+13.212,2,+12.174,+12.573,+0.02117,+0.400,+0.529,-0.799,+12.174,+0.007,+11.911,2,-12.189,-12.356,+0.06641,-0.167,+1.660,+0.335,-12.189,+0.007,-10.187,2,-14.914,-15.324,-0.01604,-0.410,-0.401,+0.820,-14.914,+0.007,-14.487,0,-0.098,+0.217,-1.275,+1.724
DRV,23450,+3.3000,+0.0000,+3.6300,+0.0027,+3.0554,+0.0019,+6.165,+0.006,-0.00064,-0.0003,+0.0000,+0.013,0,0,+15.046,+15.110,-0.05999,+0.064,-1.500,-0.127,+15.046,+0.001,+13.419,2,+12.273,+12.688,+0.02143,+0.415,+0.536,-0.830,+12.273,+0.001,+11.979,2,-12.288,-12.054,+0.07459,+0.234,+1.865,-0.468,-12.288,+0.001,-10.891,0,-15.035,-15.467,-0.11511,-0.432,-2.878,+0.865,-15.035,+0.001,-17.047,0,-0.358,+0.634,-3.627,+1.089
DRV,23454,+3.3000,+0.0000,+3.6300,+0.0027,+3.0800,+0.0019,+6.165,+0.006,-0.00063,+0.0015,+0.0000,-0.062,0,0,+15.167,+15.104,-0.07150,-0.063,-1.788,+0.127,+15.167,-0.005,+13.501,2,+12.372,+12.665,+0.02341,+0.293,+0.585,-0.586,+12.372,-0.005,+12.366,0,-12.387,-11.983,-0.00103,+0.404,-0.026,-0.809,-12.387,-0.005,-13.226,0,-15.156,-14.744,-0.11751,+0.412,-2.938,-0.825,-15.156,-0.005,-18.924,2,+0.360,+0.682,-5.422,-0.861
DRV,23458,+3.3000,+0.0000,+3.6300,+0.0027,+3.1047,+0.0020,+6.165,+0.006,-0.00063,-0.0019,+0.0000,+0.077,0,0,+15.289,+15.063,-0.07881,-0.226,-1.970,+0.452,+15.289,+0.006,+13.776,0,+12.471,+12.722,+0.02672,+0.251,+0.668,-0.503,+12.471,+0.006,+12.642,0,-12.486,-13.000,-0.00128,-0.514,-0.032,+1.027,-12.486,+0.006,-11.485,2,-15.278,-16.120,-0.09689,-0.843,-2.422,+1.686,-15.278,+0.006,-16.008,2,-1.058,-0.278,-2.232,+1.157
DRV,23462,+3.3000,+0.0000,+3.6300,+0.0028,+3.1294,+0.0020,+6.165,+0.006,-0.00065,-0.0054,+0.0000,+0.215,0,0,+15.410,+14.908,-0.08037,-0.502,-2.009,+1.005,+15.410,+0.017,+14.423,0,+12.569,+12.122,+0.10999,-0.448,+2.750,+0.896,+12.569,+0.017,+16.232,2,-12.586,-13.113,+0.00363,-0.527,+0.091,+1.053,-12.586,+0.017,-11.425,2,-15.399,-16.769,-0.05180,-1.370,-1.295,+2.741,-15.399,+0.017,-13.936,2,-1.861,-0.991,+0.487,+4.807
DRV,23466,+3.3000,+0.0000,+3.6300,+0.0028,+3.1540,+0.0021,+6.165,+0.006,-0.00066,-0.0016,+0.0000,+0.065,0,0,+15.532,+15.862,+0.01623,+0.330,+0.406,-0.659,+15.532,+0.005,+15.283,2,+12.668,+13.446,+0.09450,+0.777,+2.362,-1.555,+12.668,+0.005,+13.481,2,-12.685,-13.067,+0.00489,-0.381,+0.122,+0.763,-12.685,+0.005,-11.795,2,-15.520,-16.727,-0.00544,-1.208,-0.136,+2.415,-15.520,+0.005,-13.235,2,-0.866,+0.379,+2.048,+1.686
DRV,23470,+3.3000,+0.0000,+3.6300,+0.0029,+3.1787,+0.0022,+6.165,+0.007,-0.00067,-0.0016,+0.0000,+0.065,0,0,+15.653,+15.995,+0.02039,+0.342,+0.510,-0.683,+15.653,+0.005,+15.485,2,+12.767,+14.062,+0.05426,+1.295,+1.357,-2.590,+12.767,+0.005,+11.539,2,-12.785,-13.061,+0.00289,-0.276,+0.072,+0.552,-12.785,+0.005,-12.155,2,-15.641,-16.478,+0.03213,-0.836,+0.803,+1.673,-15.641,+0.005,-13.160,2,-0.483,+1.002,+2.325,-0.616
DRV,23474,+3.3000,+0.0000,+3.6300,+0.0028,+3.2033,+0.0021,+6.165,+0.006,-0.00065,+0.0063,+0.0000,-0.254,0,0,+15.775,+16.152,+0.02377,+0.377,+0.594,-0.754,+15.775,-0.020,+15.594,2,+12.867,+13.959,+0.01268,+1.092,+0.317,-2.185,+12.867,-0.020,+10.978,2,-12.884,-13.332,-0.00044,-0.449,-0.011,+0.898,-12.884,-0.020,-12.017,2,-15.763,-16.105,+0.05897,-0.342,+1.474,+0.684,-15.763,-0.020,-13.625,2,+0.047,+0.627,+1.970,-1.039
DRV,23478,+3.3000,+0.0000,+3.6300,+0.0027,+3.2280,+0.0021,+6.165,+0.006,-0.00063,+0.0063,+0.0000,-0.253,0,0,+15.896,+16.534,+0.02291,+0.638,+0.573,-1.276,+15.896,-0.020,+15.172,2,+12.966,+13.743,-0.02170,+0.778,-0.543,-1.555,+12.966,-0.020,+10.848,2,-12.982,-13.472,-0.00013,-0.490,-0.003,+0.979,-12.982,-0.020,-12.027,2,-15.884,-15.826,+0.07316,+0.058,+1.829,-0.117,-15.884,-0.020,-14.192,2,+0.708,+0.271,+0.980,-1.179
DRV,23482,+3.3000,+0.0000,+3.6300,+0.0026,+3.2527,+0.0020,+6.165,+0.006,-0.00061,+0.0031,+0.0000,-0.125,0,0,+16.017,+16.692,+0.01934,+0.674,+0.484,-1.349,+16.017,-0.010,+15.142,2,+13.065,+13.476,-0.04640,+0.411,-1.160,-0.822,+13.065,-0.010,+11.073,2,-13.081,-13.497,+0.00038,-0.415,+0.009,+0.831,-13.081,-0.010,-12.251,2,-16.006,-15.631,+0.07971,+0.375,+1.993,-0.750,-16.006,-0.010,-14.773,0,+1.061,-0.021,+0.369,-1.178
DRV,23486,+3.3000,+0.0000,+3.6300,+0.0026,+3.2773,+0.0020,+6.165,+0.006,-0.00060,+0.0031,+0.0000,-0.125,0,0,+16.139,+16.897,+0.01384,+0.758,+0.346,-1.516,+16.139,-0.010,+14.958,2,+13.164,+13.210,-0.06209,+0.046,-1.552,-0.092,+13.164,-0.010,+11.510,2,-13.181,-13.639,+0.00223,-0.458,+0.056,+0.917,-13.181,-0.010,-12.218,0,-16.127,-15.507,+0.07859,+0.620,+1.965,-1.240,-16.127,-0.010,-15.412,0,+1.390,-0.429,-0.454,-0.708
DRV,23490,+3.3000,+0.0000,+3.6300,+0.0026,+3.3020,+0.0021,+6.165,+0.007,-0.00060,-0.0022,+0.0000,+0.088,0,0,+16.260,+16.957,+0.00918,+0.697,+0.230,-1.393,+16.260,+0.007,+15.103,2,+13.263,+13.047,-0.06992,-0.217,-1.748,+0.433,+13.263,+0.007,+11.955,2,-13.280,-13.517,+0.00006,-0.238,+0.002,+0.475,-13.280,+0.007,-12.796,0,-16.248,-16.591,-0.02336,-0.343,-0.584,+0.685,-16.248,+0.007,-16.140,2,+0.366,-0.471,-1.037,-0.841
DRV,23494,+3.3000,+0.0000,+3.6300,+0.0026,+3.3266,+0.0021,+6.165,+0.007,-0.00061,-0.0022,+0.0000,+0.088,0,0,+16.382,+16.939,+0.00749,+0.557,+0.187,-1.114,+16.382,+0.007,+15.462,2,+13.362,+12.889,-0.07027,-0.473,-1.757,+0.946,+13.362,+0.007,+12.559,0,-13.379,-12.899,-0.09013,+0.480,-2.253,-0.959,-13.379,+0.007,-16.585,2,-16.370,-16.910,-0.02635,-0.540,-0.659,+1.080,-16.370,+0.007,-15.941,2,+0.029,-0.010,-0.480,-4.026
DRV,23498,+3.3000,+0.0000,+3.6300,+0.0026,+3.3513,+0.0022,+6.165,+0.007,-0.00061,-0.0006,+0.0000,+0.024,0,0,+16.503,+16.954,+0.00923,+0.451,+0.231,-0.902,+16.503,+0.002,+15.834,0,+13.461,+13.772,+0.01431,+0.311,+0.358,-0.623,+13.461,+0.002,+13.198,0,-13.478,-14.151,-0.07658,-0.673,-1.915,+1.345,-13.478,+0.002,-14.046,2,-16.491,-17.156,-0.02433,-0.665,-0.608,+1.330,-16.491,+0.002,-15.767,2,-0.202,-0.379,+0.067,-0.848
DRV,23502,+3.3000,+0.0000,+3.6300,+0.0026,+3.3760,+0.0022,+6.165,+0.007,-0.00062,-0.0006,+0.0000,+0.024,0,0,+16.625,+15.906,+0.12025,-0.719,+3.006,+1.438,+16.625,+0.002,+21.070,0,+13.560,+13.886,+0.01777,+0.326,+0.444,-0.653,+13.560,+0.002,+13.353,2,-13.578,-14.607,-0.04022,-1.029,-1.006,+2.059,-13.578,+0.002,-12.523,2,-16.612,-17.373,-0.02000,-0.760,-0.500,+1.521,-16.612,+0.002,-15.589,2,-1.467,-0.721,+5.481,+0.831
DRV,23506,+3.3000,+0.0000,+3.6300,+0.0026,+3.4006,+0.0022,+6.165,+0.007,-0.00061,+0.0010,+0.0000,-0.040,0,0,+16.746,+16.466,+0.12273,-0.280,+3.068,+0.560,+16.746,-0.003,+20.371,2,+13.659,+14.047,+0.02028,+0.388,+0.507,-0.775,+13.659,-0.003,+13.388,2,-13.677,-14.537,-0.00405,-0.860,-0.101,+1.721,-13.677,-0.003,-12.060,2,-16.733,-17.353,-0.01679,-0.619,-0.420,+1.238,-16.733,-0.003,-15.918,2,-0.886,-0.491,+4.453,+1.327
DRV,23510,+3.3000,+0.0000,+3.6300,+0.0026,+3.4253,+0.0022,+6.165,+0.007,-0.00061,+0.0010,+0.0000,-0.040,0,0,+16.868,+18.269,+0.08608,+1.401,+2.152,-2.802,+16.868,-0.003,+16.214,2,+13.758,+14.248,+0.02067,+0.490,+0.517,-0.980,+13.758,-0.003,+13.292,2,-13.776,-14.262,+0.02416,-0.486,+0.604,+0.972,-13.776,-0.003,-12.203,2,-16.855,-17.361,-0.01702,-0.506,-0.425,+1.013,-16.855,-0.003,-16.271,2,+0.907,-0.014,-0.057,+1.089
DRV,23514,+3.3000,+0.0000,+3.6300,+0.0026,+3.4499,+0.0022,+6.165,+0.008,-0.00061,+0.0010,+0.0000,-0.040,0,0,+16.989,+18.598,+0.03062,+1.609,+0.765,-3.217,+16.989,-0.003,+14.534,2,+13.857,+14.407,+0.01933,+0.550,+0.483,-1.100,+13.857,-0.003,+13.237,2,-13.875,-14.401,+0.05074,-0.526,+1.268,+1.051,-13.875,-0.003,-11.558,2,-16.976,-17.426,-0.01838,-0.450,-0.459,+0.901,-16.976,-0.003,-16.538,2,+1.171,+0.006,-2.004,+1.679
DRV,23518,+3.3000,+0.0000,+3.6300,+0.0026,+3.4746,+0.0023,+6.165,+0.008,-0.00060,+0.0010,+0.0000,-0.040,0,0,+17.110,+18.254,-0.01872,+1.143,-0.468,-2.287,+17.110,-0.003,+14.352,2,+13.956,+14.513,+0.01779,+0.557,+0.445,-1.115,+13.956,-0.003,+13.283,2,-13.974,-14.176,+0.07099,-0.201,+1.775,+0.403,-13.974,-0.003,-11.800,2,-17.098,-17.603,-0.01972,-0.506,-0.493,+1.012,-17.098,-0.003,-16.582,0,+0.650,+0.338,-2.230,+1.483
DRV,23522,+3.3000,+0.0000,+3.6300,+0.0027,+3.4993,+0.0024,+6.165,+0.010,-0.00062,-0.0059,+0.0000,+0.237,0,0,+17.232,+17.705,-0.05197,+0.473,-1.299,-0.946,+17.232,+0.019,+15.006,2,+14.055,+14.515,+0.01797,+0.460,+0.449,-0.921,+14.055,+0.019,+13.602,2,-14.074,-14.144,+0.08721,-0.070,+2.180,+0.140,-14.074,+0.019,-11.735,0,-17.219,-17.774,-0.02075,-0.555,-0.519,+1.111,-17.219,+0.019,-16.608,0,-0.069,+0.371,-1.602,+1.868
DRV,23526,+3.3000,+0.0000,+3.6300,+0.0028,+3.5239,+0.0025,+6.165,+0.011,-0.00064,-0.0059,+0.0000,+0.236,0,0,+17.354,+17.279,-0.06950,-0.075,-1.738,+0.149,+17.354,+0.019,+15.784,2,+14.154,+14.607,+0.01910,+0.454,+0.478,-0.908,+14.154,+0.019,+13.742,2,-14.174,-13.759,+0.09326,+0.415,+2.332,-0.830,-14.174,+0.019,-12.653,0,-17.340,-16.843,-0.13249,+0.496,-3.312,-0.993,-17.340,+0.019,-21.626,2,+0.436,+0.849,-5.841,+1.089
DRV,23530,+3.3000,+0.0000,+3.6300,+0.0027,+3.5486,+0.0025,+6.165,+0.009,-0.00064,+0.0037,+0.0000,-0.147,0,0,+17.475,+17.113,-0.07746,-0.363,-1.936,+0.725,+17.475,-0.012,+16.252,2,+14.253,+14.692,+0.02003,+0.440,+0.501,-0.879,+14.253,-0.012,+13.862,0,-14.273,-14.715,+0.00592,-0.442,+0.148,+0.885,-14.273,-0.012,-13.252,2,-17.461,-17.393,-0.12801,+0.068,-3.200,-0.136,-17.461,-0.012,-20.809,2,-0.280,-0.023,-4.557,+0.610
DRV,23534,+3.3000,+0.0000,+3.6300,+0.0027,+3.5732,+0.0025,+6.165,+0.010,-0.00062,+0.0037,+0.0000,-0.147,0,0,+17.597,+17.127,-0.07968,-0.470,-1.992,+0.939,+17.597,-0.012,+16.532,0,+14.352,+13.775,+0.11434,-0.577,+2.858,+1.154,+14.352,-0.012,+18.352,0,-14.372,-14.744,+0.00430,-0.372,+0.107,+0.745,-14.372,-0.012,-13.531,2,-17.582,-18.929,-0.08900,-1.347,-2.225,+2.693,-17.582,-0.012,-17.126,2,-1.802,-0.969,-0.594,+4.821
DRV,23538,+3.3000,+0.0000,+3.6300,+0.0027,+3.5979,+0.0026,+6.165,+0.015,-0.00062,-0.0022,+0.0000,+0.087,0,0,+17.718,+18.370,+0.02623,+0.652,+0.656,-1.303,+17.718,+0.007,+17.078,2,+14.451,+14.357,+0.11334,-0.094,+2.834,+0.187,+14.451,+0.007,+17.478,2,-14.471,-14.933,+0.00095,-0.462,+0.024,+0.924,-14.471,+0.007,-13.517,2,-17.704,-19.109,-0.03693,-1.406,-0.923,+2.811,-17.704,+0.007,-15.809,2,-0.740,-0.576,+1.269,+3.962
DRV,23542,+3.3000,+0.0000,+3.6300,+0.0027,+3.6225,+0.0027,+6.165,+0.022,-0.00063,-0.0022,+0.0000,+0.087,0,0,+17.840,+18.589,+0.02475,+0.749,+0.619,-1.498,+17.840,+0.007,+16.967,2,+14.549,+15.577,+0.08376,+1.028,+2.094,-2.056,+14.549,+0.007,+14.594,2,-14.571,-14.946,-0.00107,-0.375,-0.027,+0.750,-14.571,+0.007,-13.841,2,-17.825,-18.740,+0.00711,-0.915,+0.178,+1.830,-17.825,+0.007,-15.810,2,-0.151,+0.632,+1.157,+0.753
DRV,23546,+3.3000,+0.0000,+3.6300,+0.0027,+3.6300,+0.0027,+0.000,+0.000,-0.00063,+0.0031,+0.0000,-0.126,0,0,+17.877,+18.855,+0.01767,+0.978,+0.442,-1.956,+17.877,-0.010,+16.352,2,+14.579,+15.983,+0.03599,+1.403,+0.900,-2.807,+14.579,-0.010,+12.662,2,-14.601,-15.161,-0.00293,-0.560,-0.073,+1.120,-14.601,-0.010,-13.565,2,-17.861,-18.421,+0.03874,-0.560,+0.968,+1.120,-17.861,-0.010,-15.783,2,+0.433,+0.822,+0.569,-0.903
DRV,23550,+3.3000,+0.0000,+3.6300,+0.0026,+3.6300,+0.0026,+0.000,+0.000,-0.00061,+0.0031,+0.0000,-0.125,0,0,+17.876,+18.903,+0.00685,+1.027,+0.171,-2.054,+17.876,-0.010,+15.984,2,+14.579,+15.818,-0.01014,+1.239,-0.254,-2.478,+14.579,-0.010,+11.838,2,-14.601,-15.442,+0.00364,-0.841,+0.091,+1.683,-14.601,-0.010,-12.837,2,-17.861,-18.271,+0.06499,-0.409,+1.625,+0.819,-17.861,-0.010,-15.428,2,+0.632,+0.376,+0.556,-0.998
DRV,23554,+3.3000,+0.0000,+3.6300,+0.0026,+3.6300,+0.0026,+0.000,+0.000,-0.00060,+0.0042,+0.0000,-0.168,0,0,+17.876,+18.690,-0.00139,+0.814,-0.035,-1.628,+17.876,-0.013,+16.200,2,+14.580,+15.359,-0.04754,+0.779,-1.189,-1.559,+14.580,-0.013,+11.819,2,-14.600,-15.418,+0.01214,-0.817,+0.304,+1.635,-14.600,-0.013,-12.675,2,-17.862,-18.084,+0.08817,-0.222,+2.204,+0.445,-17.862,-0.013,-15.226,2,+0.606,-0.059,+0.974,-0.856
DRV,23558,+3.3000,+0.0000,+3.6300,+0.0025,+3.6300,+0.0025,+0.000,+0.000,-0.00058,+0.0042,+0.0000,-0.167,0,0,+17.876,+18.488,-0.00388,+0.612,-0.097,-1.225,+17.876,-0.013,+16.541,2,+14.580,+14.818,-0.07190,+0.238,-1.797,-0.476,+14.580,-0.013,+12.293,2,-14.600,-15.455,+0.02257,-0.855,+0.564,+1.711,-14.600,-0.013,-12.339,2,-17.862,-17.893,+0.10482,-0.031,+2.620,+0.063,-17.862,-0.013,-15.192,0,+0.595,-0.638,+1.349,-0.045
DRV,23562,+3.3000,+0.0000,+3.6300,+0.0025,+3.6300,+0.0025,+0.000,+0.000,-0.00057,+0.0015,+0.0000,-0.061,0,0,+17.876,+18.418,-0.00330,+0.542,-0.083,-1.085,+17.876,-0.005,+16.704,2,+14.580,+14.542,-0.08666,-0.038,-2.167,+0.076,+14.580,-0.005,+12.485,2,-14.600,-15.018,+0.02571,-0.419,+0.643,+0.837,-14.600,-0.005,-13.124,0,-17.862,-17.695,+0.11840,+0.167,+2.960,-0.333,-17.862,-0.005,-15.240,0,+0.723,-0.476,+1.464,-0.640
DRV,23566,+3.3000,+0.0000,+3.6300,+0.0024,+3.6300,+0.0024,+0.000,+0.000,-0.00057,+0.0015,+0.0000,-0.061,0,0,+17.876,+18.674,-0.00733,+0.799,-0.183,-1.597,+17.876,-0.005,+16.091,0,+14.580,+14.249,-0.09375,-0.331,-2.344,+0.663,+14.580,-0.005,+12.894,0,-14.600,-15.076,+0.02618,-0.476,+0.654,+0.952,-14.600,-0.005,-12.998,0,-17.862,-17.522,+0.12623,+0.340,+3.156,-0.680,-17.862,-0.005,-15.392,0,+1.153,-0.827,+0.699,-0.104
DRV,23570,+3.3000,+0.0000,+3.6300,+0.0025,+3.6300,+0.0025,+0.000,+0.000,-0.00059,-0.0070,+0.0000,+0.280,0,0,+17.876,+18.715,-0.01289,+0.839,-0.322,-1.678,+17.876,+0.022,+15.899,0,+14.580,+14.250,-0.09816,-0.330,-2.454,+0.660,+14.580,+0.022,+12.808,0,-14.600,-13.977,-0.07039,+0.623,-1.760,-1.246,-14.600,+0.022,-17.583,2,-17.862,-18.420,+0.01939,-0.558,+0.485,+1.116,-17.862,+0.022,-16.239,2,+0.295,+0.273,-0.340,-4.775
DRV,23574,+3.3000,+0.0000,+3.6300,+0.0026,+3.6300,+0.0026,+0.000,+0.000,-0.00061,-0.0070,+0.0000,+0.279,0,0,+17.876,+18.764,-0.01997,+0.887,-0.499,-1.774,+17.876,+0.022,+15.625,0,+14.579,+15.182,-0.01208,+0.602,-0.302,-1.204,+14.579,+0.022,+13.095,2,-14.601,-14.912,-0.06304,-0.312,-1.576,+0.623,-14.601,+0.022,-15.531,2,-17.861,-18.304,+0.01688,-0.443,+0.422,+0.886,-17.861,+0.022,-16.531,2,+0.459,+0.269,-0.906,-2.436
DRV,23578,+3.3000,+0.0000,+3.6300,+0.0027,+3.6300,+0.0027,+0.000,+0.000,-0.00064,-0.0064,+0.0000,+0.258,0,0,+17.877,+17.528,+0.09145,-0.349,+2.286,+0.698,+17.877,+0.021,+20.882,2,+14.579,+15.167,-0.01575,+0.588,-0.394,-1.176,+14.579,+0.021,+13.030,2,-14.601,-15.607,-0.02963,-1.006,-0.741,+2.013,-14.601,+0.021,-13.308,2,-17.861,-18.397,+0.01466,-0.536,+0.367,+1.071,-17.861,+0.021,-16.403,2,-0.869,-0.441,+4.479,-0.278
DRV,23582,+3.3000,+0.0000,+3.6300,+0.0029,+3.6300,+0.0029,+0.000,+0.000,-0.00067,-0.0064,+0.0000,+0.257,0,0,+17.877,+18.710,+0.06905,+0.833,+1.726,-1.666,+17.877,+0.021,+17.958,2,+14.578,+15.245,-0.02134,+0.667,-0.534,-1.333,+14.578,+0.021,+12.732,2,-14.601,-15.749,+0.01135,-1.148,+0.284,+2.296,-14.601,+0.021,-12.001,2,-17.861,-18.538,+0.01600,-0.677,+0.400,+1.354,-17.861,+0.021,-16.086,2,+0.172,-0.504,+1.872,+0.731
DRV,23586,+3.3000,+0.0000,+3.6300,+0.0028,+3.6300,+0.0028,+0.000,+0.000,-0.00066,+0.0053,+0.0000,-0.211,0,0,+17.877,+19.286,+0.02018,+1.409,+0.504,-2.817,+17.877,-0.017,+15.547,2,+14.579,+15.208,-0.02541,+0.629,-0.635,-1.258,+14.579,-0.017,+12.668,2,-14.601,-15.421,+0.04936,-0.820,+1.234,+1.639,-14.601,-0.017,-11.745,2,-17.861,-18.638,+0.01925,-0.777,+0.481,+1.553,-17.861,-0.017,-15.843,2,+0.648,-0.213,-0.296,+0.923
DRV,23590,+3.3000,+0.0000,+3.6300,+0.0027,+3.6300,+0.0027,+0.000,+0.000,-0.00064,+0.0053,+0.0000,-0.211,0,0,+17.877,+18.932,-0.02525,+1.056,-0.631,-2.111,+17.877,-0.017,+15.117,2,+14.579,+15.038,-0.02716,+0.459,-0.679,-0.919,+14.579,-0.017,+12.964,2,-14.601,-15.125,+0.07740,-0.524,+1.935,+1.049,-14.601,-0.017,-11.634,2,-17.861,-18.573,+0.02365,-0.712,+0.591,+1.423,-17.861,-0.017,-15.864,2,+0.360,-0.087,-0.746,+1.330
DRV,23594,+3.3000,+0.0000,+3.6300,+0.0027,+3.6300,+0.0027,+0.000,+0.000,-0.00062,+0.0026,+0.0000,-0.104,0,0,+17.877,+18.540,-0.06109,+0.663,-1.527,-1.327,+17.877,-0.008,+15.014,2,+14.579,+14.968,-0.02546,+0.389,-0.636,-0.778,+14.579,-0.008,+13.156,2,-14.601,-14.670,+0.09663,-0.069,+2.416,+0.138,-14.601,-0.008,-12.055,2,-17.861,-18.445,+0.02383,-0.583,+0.596,+1.166,-17.861,-0.008,-16.108,0,+0.095,+0.299,-1.094,+1.101
DRV,23598,+3.3000,+0.0000,+3.6300,+0.0026,+3.6300,+0.0026,+0.000,+0.000,-0.00061,+0.0026,+0.0000,-0.104,0,0,+17.876,+18.125,-0.08620,+0.249,-2.155,-0.497,+17.876,-0.008,+15.216,2,+14.579,+14.816,-0.02068,+0.236,-0.517,-0.473,+14.579,-0.008,+13.581,2,-14.600,-14.389,+0.10474,+0.212,+2.619,-0.424,-14.600,-0.008,-12.414,0,-17.861,-18.267,+0.02170,-0.405,+0.542,+0.810,-17.861,-0.008,-16.517,0,-0.142,+0.427,-1.301,+1.167
DRV,23602,+3.3000,+0.0000,+3.6300,+0.0025,+3.6300,+0.0025,+0.000,+0.000,-0.00059,+0.0053,+0.0000,-0.210,0,0,+17.876,+17.918,-0.10440,+0.041,-2.610,-0.083,+17.876,-0.017,+15.166,2,+14.580,+14.791,-0.01436,+0.211,-0.359,-0.422,+14.580,-0.017,+13.782,0,-14.600,-14.196,+0.10864,+0.404,+2.716,-0.809,-14.600,-0.017,-12.709,0,-17.862,-17.083,-0.09779,+0.779,-2.445,-1.557,-17.862,-0.017,-21.880,2,+0.834,+0.595,-6.714,+1.073
DRV,23606,+3.3000,+0.0000,+3.6300,+0.0025,+3.6300,+0.0025,+0.000,+0.000,-0.00057,+0.0052,+0.0000,-0.210,0,0,+17.876,+17.644,-0.11639,-0.232,-2.910,+0.463,+17.876,-0.017,+15.413,2,+14.580,+14.920,-0.01033,+0.340,-0.258,-0.679,+14.580,-0.017,+13.626,0,-14.600,-15.041,+0.01821,-0.442,+0.455,+0.883,-14.600,-0.017,-13.278,2,-17.862,-18.172,-0.08766,-0.310,-2.191,+0.621,-17.862,-0.017,-19.450,2,-0.528,-0.122,-4.037,+0.347
DRV,23610,+3.3000,+0.0000,+3.6300,+0.0025,+3.6300,+0.0025,+0.000,+0.000,-0.00058,-0.0059,+0.0000,+0.237,0,0,+17.876,+17.328,-0.12041,-0.548,-3.010,+1.097,+17.876,+0.019,+15.981,0,+14.580,+14.072,+0.08496,-0.507,+2.124,+1.015,+14.580,+0.019,+17.738,2,-14.600,-15.003,+0.01637,-0.403,+0.409,+0.806,-14.600,+0.019,-13.365,2,-17.862,-19.147,-0.04531,-1.285,-1.133,+2.570,-17.862,+0.019,-16.405,2,-1.819,-0.931,-0.424,+4.372
DRV,23614,+3.3000,+0.0000,+3.6300,+0.0026,+3.6300,+0.0026,+0.000,+0.000,-0.00061,-0.0059,+0.0000,+0.237,0,0,+17.876,+18.357,-0.01130,+0.481,-0.282,-0.962,+17.876,+0.019,+16.651,2,+14.579,+14.607,+0.08054,+0.028,+2.014,-0.055,+14.579,+0.019,+16.557,2,-14.600,-15.045,+0.01490,-0.445,+0.372,+0.889,-14.600,+0.019,-13.320,2,-17.862,-19.217,+0.00395,-1.355,+0.099,+2.711,-17.862,+0.019,-15.033,2,-0.860,-0.438,+1.618,+3.237
DRV,23618,+3.3000,+0.0000,+3.6300,+0.0026,+3.6300,+0.0026,+0.000,+0.000,-0.00061,-0.0001,+0.0000,+0.002,0,0,+17.876,+18.693,-0.01378,+0.817,-0.344,-1.634,+17.876,+0.000,+15.898,2,+14.579,+15.671,+0.04966,+1.092,+1.241,-2.184,+14.579,+0.000,+13.637,2,-14.601,-15.365,+0.02071,-0.764,+0.518,+1.528,-14.601,+0.000,-12.554,2,-17.861,-18.820,+0.04860,-0.958,+1.215,+1.917,-17.861,+0.000,-14.729,2,-0.126,+0.307,+1.169,+1.083
DRV,23622,+3.3000,+0.0000,+3.6300,+0.0026,+3.6300,+0.0026,+0.000,+0.000,-0.00061,-0.0001,+0.0000,+0.002,0,0,+17.876,+18.804,-0.02201,+0.928,-0.550,-1.855,+17.876,+0.000,+15.471,2,+14.579,+15.742,+0.00659,+1.162,+0.165,-2.325,+14.579,+0.000,+12.419,2,-14.601,-15.301,+0.02690,-0.701,+0.673,+1.401,-14.601,+0.000,-12.526,2,-17.861,-18.248,+0.07869,-0.386,+1.967,+0.772,-17.861,+0.000,-15.122,2,+0.556,+0.441,+0.349,-0.107
DRV,23626,+3.3000,+0.0000,+3.6300,+0.0027,+3.6300,+0.0027,+0.000,+0.000,-0.00062,-0.0011,+0.0000,+0.045,0,0,+17.876,+18.719,-0.02871,+0.843,-0.718,-1.685,+17.876,+0.004,+15.477,2,+14.579,+15.429,-0.03158,+0.850,-0.790,-1.700,+14.579,+0.004,+12.093,2,-14.601,-15.371,+0.03502,-0.771,+0.875,+1.541,-14.601,+0.004,-12.180,2,-17.861,-17.735,+0.09612,+0.126,+2.403,-0.253,-17.861,+0.004,-15.708,2,+0.984,+0.058,-0.231,-0.087
DRV,23630,+3.3000,+0.0000,+3.6300,+0.0027,+3.6300,+0.0027,+0.000,+0.000,-0.00062,-0.0011,+0.0000,+0.045,0,0,+17.877,+18.713,-0.03540,+0.836,-0.885,-1.672,+17.877,+0.004,+15.323,2,+14.579,+15.035,-0.05902,+0.456,-1.476,-0.912,+14.579,+0.004,+12.195,2,-14.601,-14.971,+0.03622,-0.370,+0.906,+0.740,-14.601,+0.004,-12.951,2,-17.861,-17.662,+0.10742,+0.199,+2.685,-0.399,-17.861,+0.004,-15.571,0,+1.050,+0.064,-0.248,-0.756
DRV,23634,+3.3000,+0.0000,+3.6300,+0.0027,+3.6300,+0.0027,+0.000,+0.000,-0.00062,+0.0005,+0.0000,-0.019,0,0,+17.877,+18.548,-0.03903,+0.671,-0.976,-1.342,+17.877,-0.002,+15.557,2,+14.579,+14.615,-0.07573,+0.035,-1.893,-0.071,+14.579,-0.002,+12.614,2,-14.601,-14.935,+0.03283,-0.334,+0.821,+0.668,-14.601,-0.002,-13.114,0,-17.861,-17.605,+0.11517,+0.256,+2.879,-0.512,-17.861,-0.002,-15.496,0,+0.942,-0.320,+0.061,-0.500
DRV,23638,+3.3000,+0.0000,+3.6300,+0.0027,+3.6300,+0.0027,+0.000,+0.000,-0.00062,+0.0005,+0.0000,-0.019,0,0,+17.877,+18.249,-0.03691,+0.372,-0.923,-0.744,+17.877,-0.002,+16.208,2,+14.579,+14.487,-0.08668,-0.092,-2.167,+0.185,+14.579,-0.002,+12.596,2,-14.601,-14.698,+0.02598,-0.097,+0.649,+0.194,-14.601,-0.002,-13.759,0,-17.861,-18.759,+0.01295,-0.898,+0.324,+1.796,-17.861,-0.002,-15.744,2,-0.511,-0.211,+0.465,-1.163
DRV,23642,+3.3000,+0.0000,+3.6300,+0.0027,+3.6300,+0.0027,+0.000,+0.000,-0.00063,-0.0043,+0.0000,+0.172,0,0,+17.877,+18.146,-0.03056,+0.269,-0.764,-0.538,+17.877,+0.014,+16.589,2,+14.579,+14.396,-0.09494,-0.183,-2.374,+0.366,+14.579,+0.014,+12.585,0,-14.601,-13.846,-0.07521,+0.755,-1.880,-1.510,-14.601,+0.014,-17.977,2,-17.861,-18.775,+0.01964,-0.914,+0.491,+1.828,-17.861,+0.014,-15.528,2,-0.630,+0.550,+1.061,-5.392
DRV,23646,+3.3000,+0.0000,+3.6300,+0.0028,+3.6300,+0.0028,+0.000,+0.000,-0.00065,-0.0043,+0.0000,+0.172,0,0,+17.877,+18.238,-0.02383,+0.361,-0.596,-0.721,+17.877,+0.014,+16.574,0,+14.579,+15.408,-0.01271,+0.829,-0.318,-1.659,+14.579,+0.014,+12.616,0,-14.601,-14.318,-0.07939,+0.283,-1.985,-0.566,-14.601,+0.014,-17.138,2,-17.861,-18.674,+0.02673,-0.813,+0.668,+1.626,-17.861,+0.014,-15.553,2,-0.436,+1.090,+1.020,-4.522
DRV,23650,+3.3000,+0.0000,+3.6300,+0.0028,+3.6300,+0.0028,+0.000,+0.000,-0.00066,-0.0006,+0.0000,+0.023,0,0,+17.877,+17.245,+0.09412,-0.632,+2.353,+1.264,+17.877,+0.002,+21.496,2,+14.579,+15.371,-0.01984,+0.793,-0.496,-1.585,+14.579,+0.002,+12.499,2,-14.601,-15.614,-0.05605,-1.012,-1.401,+2.025,-14.601,+0.002,-13.976,2,-17.861,-18.465,+0.02883,-0.604,+0.721,+1.207,-17.861,+0.002,-15.931,2,-1.220,-0.242,+5.565,-1.477
DRV,23654,+3.3000,+0.0000,+3.6300,+0.0028,+3.6300,+0.0028,+0.000,+0.000,-0.00066,-0.0006,+0.0000,+0.023,0,0,+17.877,+17.762,+0.09127,-0.115,+2.282,+0.230,+17.877,+0.002,+20.390,2,+14.579,+15.278,-0.02582,+0.699,-0.646,-1.399,+14.579,+0.002,+12.536,2,-14.601,-15.852,-0.01190,-1.251,-0.298,+2.502,-14.601,+0.002,-12.395,2,-17.861,-18.226,+0.02633,-0.365,+0.658,+0.729,-17.861,+0.002,-16.471,2,-0.463,-0.575,+3.919,+0.142
DRV,23658,+3.3000,+0.0000,+3.6300,+0.0028,+3.6300,+0.0028,+0.000,+0.000,-0.00065,+0.0016,+0.0000,-0.062,0,0,+17.877,+19.090,+0.05544,+1.213,+1.386,-2.426,+17.877,-0.005,+16.832,2,+14.579,+15.048,-0.02873,+0.469,-0.718,-0.939,+14.579,-0.005,+12.917,2,-14.601,-15.794,+0.03147,-1.193,+0.787,+2.386,-14.601,-0.005,-11.433,2,-17.861,-18.177,+0.01999,-0.316,+0.500,+0.632,-17.861,-0.005,-16.734,2,+0.913,-0.746,+0.098,+1.483
DRV,23662,+3.3000,+0.0000,+3.6300,+0.0028,+3.6300,+0.0028,+0.000,+0.000,-0.00065,+0.0016,+0.0000,-0.062,0,0,+17.877,+19.271,+0.00436,+1.394,+0.109,-2.788,+17.877,-0.005,+15.193,2,+14.579,+14.924,-0.02780,+0.345,-0.695,-0.690,+14.579,-0.005,+13.189,2,-14.601,-15.208,+0.06565,-0.607,+1.641,+1.214,-14.601,-0.005,-11.751,2,-17.861,-18.301,+0.01519,-0.440,+0.380,+0.880,-17.861,-0.005,-16.606,2,+0.970,-0.285,-1.413,+1.438
DRV,23666,+3.3000,+0.0000,+3.6300,+0.0027,+3.6300,+0.0027,+0.000,+0.000,-0.00063,+0.0058,+0.0000,-0.232,0,0,+17.877,+18.760,-0.03953,+0.883,-0.988,-1.766,+17.877,-0.019,+15.104,2,+14.579,+14.809,-0.02380,+0.230,-0.595,-0.459,+14.579,-0.019,+13.506,2,-14.601,-14.740,+0.08372,-0.140,+2.093,+0.279,-14.601,-0.019,-12.247,2,-17.861,-18.458,+0.01537,-0.597,+0.384,+1.194,-17.861,-0.019,-16.301,0,+0.301,+0.068,-1.198,+1.259
DRV,23670,+3.3000,+0.0000,+3.6300,+0.0026,+3.6300,+0.0026,+0.000,+0.000,-0.00061,+0.0058,+0.0000,-0.232,0,0,+17.876,+18.212,-0.06886,+0.335,-1.721,-0.671,+17.876,-0.019,+15.465,2,+14.579,+14.746,-0.01711,+0.167,-0.428,-0.333,+14.579,-0.019,+13.800,2,-14.600,-14.417,+0.09452,+0.183,+2.363,-0.366,-14.600,-0.019,-12.622,2,-17.862,-18.571,+0.01669,-0.709,+0.417,+1.419,-17.862,-0.019,-16.044,0,-0.359,+0.329,-0.579,+1.177
DRV,23674,+3.3000,+0.0000,+3.6300,+0.0025,+3.6300,+0.0025,+0.000,+0.000,-0.00059,+0.0031,+0.0000,-0.125,0,0,+17.876,+17.959,-0.08668,+0.083,-2.167,-0.166,+17.876,-0.010,+15.533,2,+14.580,+14.905,-0.01232,+0.325,-0.308,-0.650,+14.580,-0.010,+13.611,2,-14.600,-14.298,+0.09766,+0.302,+2.441,-0.603,-14.600,-0.010,-12.772,0,-17.862,-17.445,-0.09627,+0.417,-2.407,-0.834,-17.862,-0.010,-21.113,0,+0.515,+0.607,-5.580,+0.839
DRV,23678,+3.3000,+0.0000,+3.6300,+0.0025,+3.6300,+0.0025,+0.000,+0.000,-0.00059,-0.0014,+0.0000,+0.056,0,0,+17.876,+17.884,-0.10259,+0.008,-2.565,-0.015,+17.876,+0.004,+15.300,2,+14.580,+15.011,-0.01137,+0.431,-0.284,-0.862,+14.580,+0.004,+13.438,0,-14.600,-15.134,+0.00991,-0.534,+0.248,+1.068,-14.600,+0.004,-13.280,0,-17.862,-17.738,-0.09189,+0.123,-2.297,-0.247,-17.862,+0.004,-20.402,2,+0.145,-0.123,-5.101,+0.158
DRV,23682,+3.3000,+0.0000,+3.6300,+0.0026,+3.6300,+0.0026,+0.000,+0.000,-0.00061,-0.0059,+0.0000,+0.237,0,0,+17.876,+17.782,-0.11543,-0.095,-2.886,+0.189,+17.876,+0.019,+15.199,0,+14.579,+14.236,+0.08200,-0.343,+2.050,+0.687,+14.579,+0.019,+17.335,0,-14.600,-15.043,+0.01035,-0.443,+0.259,+0.886,-14.600,+0.019,-13.437,2,-17.862,-18.919,-0.05836,-1.057,-1.459,+2.114,-17.862,+0.019,-17.188,2,-1.137,-0.807,-1.989,+3.898
DRV,23686,+3.3000,+0.0000,+3.6300,+0.0027,+3.6300,+0.0027,+0.000,+0.000,-0.00064,-0.0070,+0.0000,+0.279,0,0,+17.877,+17.631,-0.12634,-0.246,-3.159,+0.492,+17.877,+0.022,+15.233,0,+14.579,+15.188,+0.06607,+0.609,+1.652,-1.218,+14.579,+0.022,+15.035,2,-14.601,-15.366,+0.01616,-0.765,+0.404,+1.529,-14.601,+0.022,-12.645,2,-17.861,-19.020,-0.01293,-1.158,-0.323,+2.317,-17.861,+0.022,-15.845,2,-1.389,-0.178,-0.613,+2.390
DRV,23690,+3.3000,+0.0000,+3.6300,+0.0029,+3.6300,+0.0029,+0.000,+0.000,-0.00067,-0.0080,+0.0000,+0.321,0,0,+17.877,+18.648,-0.02258,+0.771,-0.564,-1.541,+17.877,+0.026,+15.797,2,+14.578,+15.705,+0.02720,+1.126,+0.680,-2.252,+14.578,+0.026,+13.032,2,-14.601,-15.348,+0.02463,-0.747,+0.616,+1.494,-14.601,+0.026,-12.466,2,-17.861,-18.880,+0.02973,-1.020,+0.743,+2.039,-17.861,+0.026,-15.053,2,-0.233,+0.356,+0.744,+0.566
DRV,23694,+3.3000,+0.0000,+3.6300,+0.0030,+3.6300,+0.0030,+0.000,+0.000,-0.00069,-0.0016,+0.0000,+0.065,0,0,+17.877,+18.392,-0.02350,+0.514,-0.588,-1.029,+17.877,+0.005,+16.266,2,+14.578,+15.595,-0.01331,+1.017,-0.333,-2.035,+14.578,+0.005,+12.216,2,-14.602,-15.422,+0.03425,-0.820,+0.856,+1.640,-14.602,+0.005,-12.100,2,-17.861,-18.632,+0.06789,-0.772,+1.697,+1.544,-17.861,+0.005,-14.614,2,-0.241,+0.174,+1.652,+0.116
DRV,23698,+3.3000,+0.0000,+3.6300,+0.0029,+3.6300,+0.0029,+0.000,+0.000,-0.00067,+0.0048,+0.0000,-0.190,0,0,+17.877,+18.240,-0.01983,+0.363,-0.496,-0.726,+17.877,-0.015,+16.640,2,+14.578,+15.209,-0.04576,+0.631,-1.144,-1.262,+14.578,-0.015,+12.158,2,-14.601,-15.042,+0.03773,-0.441,+0.943,+0.882,-14.601,-0.015,-12.792,2,-17.861,-18.299,+0.09646,-0.438,+2.412,+0.876,-17.861,-0.015,-14.589,2,-0.059,+0.167,+2.052,-0.634
DRV,23702,+3.3000,+0.0000,+3.6300,+0.0028,+3.6300,+0.0028,+0.000,+0.000,-0.00065,+0.0061,+0.0000,-0.243,0,0,+17.877,+18.266,-0.01424,+0.389,-0.356,-0.779,+17.877,-0.019,+16.723,2,+14.579,+14.780,-0.06707,+0.201,-1.677,-0.402,+14.579,-0.019,+12.481,2,-14.601,-14.955,+0.03471,-0.354,+0.868,+0.708,-14.601,-0.019,-13.045,2,-17.861,-17.838,+0.11659,+0.024,+2.915,-0.047,-17.861,-0.019,-15.013,2,+0.429,-0.175,+1.710,-0.564
DRV,23706,+3.3000,+0.0000,+3.6300,+0.0027,+3.6300,+0.0027,+0.000,+0.000,-0.00062,+0.0074,+0.0000,-0.296,0,0,+17.876,+18.440,-0.01250,+0.564,-0.313,-1.128,+17.876,-0.024,+16.413,2,+14.579,+14.605,-0.08032,+0.025,-2.008,-0.051,+14.579,-0.024,+12.497,2,-14.601,-14.772,+0.02939,-0.172,+0.735,+0.344,-14.601,-0.024,-13.546,2,-17.861,-17.532,+0.12520,+0.329,+3.130,-0.658,-17.861,-0.024,-15.413,0,+0.908,-0.168,+1.000,-1.049
DRV,23710,+3.3000,+0.0000,+3.6300,+0.0026,+3.6300,+0.0026,+0.000,+0.000,-0.00060,+0.0023,+0.0000,-0.093,0,0,+17.876,+18.586,-0.01384,+0.709,-0.346,-1.419,+17.876,-0.007,+16.104,2,+14.580,+14.510,-0.09126,-0.070,-2.282,+0.140,+14.580,-0.007,+12.430,2,-14.600,-14.771,+0.02102,-0.171,+0.525,+0.341,-14.600,-0.007,-13.741,0,-17.862,-17.193,+0.12652,+0.668,+3.163,-1.337,-17.862,-0.007,-16.043,0,+1.392,-0.261,+0.061,-1.310
DRV,23714,+3.3000,+0.0000,+3.6300,+0.0026,+3.6300,+0.0026,+0.000,+0.000,-0.00061,-0.0027,+0.0000,+0.109,0,0,+17.876,+18.674,-0.01862,+0.798,-0.465,-1.595,+17.876,+0.009,+15.825,2,+14.579,+14.395,-0.09991,-0.184,-2.498,+0.368,+14.579,+0.009,+12.459,0,-14.600,-14.889,+0.01533,-0.288,+0.383,+0.577,-14.600,+0.009,-13.632,0,-17.862,-18.311,+0.01624,-0.449,+0.406,+0.898,-17.862,+0.009,-16.549,2,+0.363,-0.494,-0.724,-1.173
DRV,23718,+3.3000,+0.0000,+3.6300,+0.0027,+3.6300,+0.0027,+0.000,+0.000,-0.00062,-0.0033,+0.0000,+0.130,0,0,+17.877,+18.579,-0.02292,+0.702,-0.573,-1.404,+17.877,+0.010,+15.910,0,+14.579,+14.365,-0.10740,-0.215,-2.685,+0.429,+14.579,+0.010,+12.334,0,-14.601,-15.165,+0.01299,-0.564,+0.325,+1.128,-14.601,+0.010,-13.137,0,-17.861,-18.369,+0.01334,-0.507,+0.334,+1.015,-17.861,+0.010,-16.503,2,+0.210,-0.800,-0.593,-0.804
DRV,23722,+3.3000,+0.0000,+3.6300,+0.0027,+3.6300,+0.0027,+0.000,+0.000,-0.00064,-0.0038,+0.0000,+0.151,0,0,+17.877,+18.354,-0.02271,+0.478,-0.568,-0.955,+17.877,+0.012,+16.366,0,+14.579,+15.241,-0.02286,+0.662,-0.572,-1.324,+14.579,+0.012,+12.695,2,-14.601,-14.871,-0.06941,-0.270,-1.735,+0.540,-14.601,+0.012,-15.784,2,-17.861,-18.482,+0.01429,-0.621,+0.357,+1.241,-17.861,+0.012,-16.251,2,-0.127,+0.370,+0.115,-3.089
DRV,23726,+3.3000,+0.0000,+3.6300,+0.0028,+3.6300,+0.0028,+0.000,+0.000,-0.00065,-0.0006,+0.0000,+0.023,0,0,+17.877,+17.155,+0.09562,-0.722,+2.391,+1.444,+17.877,+0.002,+21.714,2,+14.579,+15.324,-0.02922,+0.745,-0.731,-1.491,+14.579,+0.002,+12.360,2,-14.601,-15.414,-0.04367,-0.813,-1.092,+1.626,-14.601,+0.002,-14.065,2,-17.861,-18.632,+0.01677,-0.771,+0.419,+1.543,-17.861,+0.002,-15.897,2,-1.478,-0.090,+5.816,-1.705
DRV,23730,+3.3000,+0.0000,+3.6300,+0.0027,+3.6300,+0.0027,+0.000,+0.000,-0.00063,+0.0026,+0.0000,-0.105,0,0,+17.877,+18.495,+0.08088,+0.618,+2.022,-1.237,+17.877,-0.008,+18.654,2,+14.579,+15.090,-0.03327,+0.511,-0.832,-1.022,+14.579,-0.008,+12.717,2,-14.601,-15.625,-0.00374,-1.025,-0.093,+2.049,-14.601,-0.008,-12.654,2,-17.861,-17.419,+0.02155,+0.442,+0.539,-0.885,-17.861,-0.008,-18.215,2,+1.076,-0.535,+0.438,+0.063
DRV,23734,+3.3000,+0.0000,+3.6300,+0.0027,+3.6300,+0.0027,+0.000,+0.000,-0.00062,+0.0031,+0.0000,-0.126,0,0,+17.877,+19.384,+0.03161,+1.508,+0.790,-3.016,+17.877,-0.010,+15.641,2,+14.579,+14.890,-0.03195,+0.311,-0.799,-0.622,+14.579,-0.010,+13.148,2,-14.601,-15.200,+0.02776,-0.599,+0.694,+1.198,-14.601,-0.010,-12.719,2,-17.861,-18.713,+0.02518,-0.851,+0.629,+1.702,-17.861,-0.010,-15.540,2,+0.672,-0.309,+0.102,+0.430
DRV,23738,+3.3000,+0.0000,+3.6300,+0.0026,+3.6300,+0.0026,+0.000,+0.000,-0.00061,+0.0037,+0.0000,-0.147,0,0,+17.876,+19.242,-0.02110,+1.365,-0.528,-2.731,+17.876,-0.012,+14.606,2,+14.579,+14.763,-0.02641,+0.183,-0.660,-0.367,+14.579,-0.012,+13.541,2,-14.600,-14.981,+0.05275,-0.380,+1.319,+0.761,-14.600,-0.012,-12.533,2,-17.862,-18.425,+0.02842,-0.563,+0.710,+1.126,-17.862,-0.012,-16.037,2,+0.817,-0.218,-1.431,+1.008
DRV,23742,+3.3000,+0.0000,+3.6300,+0.0026,+3.6300,+0.0026,+0.000,+0.000,-0.00060,+0.0002,+0.0000,-0.008,0,0,+17.876,+18.711,-0.06347,+0.834,-1.587,-1.669,+17.876,-0.001,+14.620,2,+14.580,+14.864,-0.02086,+0.284,-0.521,-0.569,+14.580,-0.001,+13.489,2,-14.600,-14.595,+0.06815,+0.006,+1.704,-0.012,-14.600,-0.001,-12.909,2,-17.862,-18.332,+0.02667,-0.470,+0.667,+0.941,-17.862,-0.001,-16.255,0,+0.379,+0.269,-1.635,+0.580
DRV,23746,+3.3000,+0.0000,+3.6300,+0.0026,+3.6300,+0.0026,+0.000,+0.000,-0.00061,-0.0033,+0.0000,+0.130,0,0,+17.876,+18.134,-0.09126,+0.257,-2.282,-0.514,+17.876,+0.010,+15.091,2,+14.579,+14.953,-0.01838,+0.374,-0.460,-0.748,+14.579,+0.010,+13.383,2,-14.601,-14.543,+0.08049,+0.058,+2.012,-0.116,-14.601,+0.010,-12.694,0,-17.861,-18.414,+0.02521,-0.552,+0.630,+1.104,-17.861,+0.010,-16.117,0,-0.280,+0.411,-1.026,+0.689
DRV,23750,+3.3000,+0.0000,+3.6300,+0.0027,+3.6300,+0.0027,+0.000,+0.000,-0.00062,-0.0019,+0.0000,+0.077,0,0,+17.877,+17.629,-0.10525,-0.247,-2.631,+0.495,+17.877,+0.006,+15.746,2,+14.579,+15.075,-0.01744,+0.496,-0.436,-0.991,+14.579,+0.006,+13.158,2,-14.601,-14.421,+0.08936,+0.180,+2.234,-0.359,-14.601,+0.006,-12.720,0,-17.861,-17.349,-0.09043,+0.512,-2.261,-1.024,-17.861,+0.006,-21.140,2,+0.280,+0.654,-5.394,+0.438
DRV,23754,+3.3000,+0.0000,+3.6300,+0.0027,+3.6300,+0.0027,+0.000,+0.000,-0.00063,-0.0006,+0.0000,+0.023,0,0,+17.877,+17.406,-0.11041,-0.471,-2.760,+0.942,+17.877,+0.002,+16.060,2,+14.579,+15.121,-0.01842,+0.542,-0.461,-1.085,+14.579,+0.002,+13.036,0,-14.601,-15.616,+0.01003,-1.015,+0.251,+2.030,-14.601,+0.002,-12.318,2,-17.861,-17.744,-0.08604,+0.117,-2.151,-0.235,-17.861,+0.002,-20.245,2,-0.339,-0.494,-4.184,+0.718
DRV,23758,+3.3000,+0.0000,+3.6300,+0.0027,+3.6300,+0.0027,+0.000,+0.000,-0.00063,-0.0001,+0.0000,+0.002,0,0,+17.877,+17.334,-0.11097,-0.542,-2.774,+1.084,+17.877,+0.000,+16.187,0,+14.579,+14.208,+0.07465,-0.371,+1.866,+0.742,+14.579,+0.000,+17.187,0,-14.601,-15.540,+0.02236,-0.939,+0.559,+1.879,-14.601,+0.000,-12.163,2,-17.861,-18.995,-0.05211,-1.134,-1.303,+2.267,-17.861,+0.000,-16.897,2,-1.660,-1.332,-0.710,+5.024
DRV,23762,+3.3000,+0.0000,+3.6300,+0.0027,+3.6300,+0.0027,+0.000,+0.000,-0.00063,+0.0005,+0.0000,-0.019,0,0,+17.877,+18.584,-0.00453,+0.707,-0.113,-1.414,+17.877,-0.002,+16.347,0,+14.579,+14.498,+0.07099,-0.081,+1.775,+0.162,+14.579,-0.002,+16.514,2,-14.601,-15.511,+0.03468,-0.910,+0.867,+1.821,-14.601,-0.002,-11.915,2,-17.861,-19.112,-0.00477,-1.251,-0.119,+2.502,-17.861,-0.002,-15.480,2,-0.528,-1.013,+0.867,+4.599
DRV,23766,+3.3000,+0.0000,+3.6300,+0.0027,+3.6300,+0.0027,+0.000,+0.000,-0.00062,+0.0015,+0.0000,-0.062,0,0,+17.877,+18.641,-0.00777,+0.764,-0.194,-1.528,+17.877,-0.005,+16.149,2,+14.579,+15.671,+0.04048,+1.092,+1.012,-2.184,+14.579,-0.005,+13.402,2,-14.601,-15.132,+0.04087,-0.532,+1.022,+1.064,-14.601,-0.005,-12.520,2,-17.861,-18.658,+0.03644,-0.796,+0.911,+1.593,-17.861,-0.005,-15.363,2,-0.017,+0.539,+0.787,+0.882
DRV,23770,+3.3000,+0.0000,+3.6300,+0.0026,+3.6300,+0.0026,+0.000,+0.000,-0.00061,+0.0026,+0.0000,-0.104,0,0,+17.876,+18.703,-0.01332,+0.826,-0.333,-1.652,+17.876,-0.008,+15.883,2,+14.579,+15.639,-0.00192,+1.059,-0.048,-2.119,+14.579,-0.008,+12.404,2,-14.600,-14.973,+0.03940,-0.373,+0.985,+0.745,-14.600,-0.008,-12.878,2,-17.862,-18.290,+0.06538,-0.428,+1.634,+0.856,-17.862,-0.008,-15.379,2,+0.413,+0.666,+0.504,-0.474
DRV,23774,+3.3000,+0.0000,+3.6300,+0.0026,+3.6300,+0.0026,+0.000,+0.000,-0.00060,+0.0026,+0.0000,-0.104,0,0,+17.876,+18.652,-0.01878,+0.776,-0.469,-1.552,+17.876,-0.008,+15.846,2,+14.580,+15.359,-0.03625,+0.779,-0.906,-1.559,+14.580,-0.008,+12.106,2,-14.600,-14.819,+0.03563,-0.219,+0.891,+0.438,-14.600,-0.008,-13.280,2,-17.862,-18.098,+0.08702,-0.236,+2.176,+0.472,-17.862,-0.008,-15.222,2,+0.555,+0.540,+0.624,-1.174
DRV,23778,+3.3000,+0.0000,+3.6300,+0.0025,+3.6300,+0.0025,+0.000,+0.000,-0.00059,+0.0026,+0.0000,-0.104,0,0,+17.876,+18.431,-0.02050,+0.555,-0.512,-1.109,+17.876,-0.008,+16.246,2,+14.580,+15.066,-0.06368,+0.486,-1.592,-0.973,+14.580,-0.008,+12.007,2,-14.600,-14.791,+0.02841,-0.191,+0.710,+0.382,-14.600,-0.008,-13.516,2,-17.862,-17.917,+0.10521,-0.055,+2.630,+0.111,-17.862,-0.008,-15.129,0,+0.514,+0.275,+1.117,-1.510
DRV,23782,+3.3000,+0.0000,+3.6300,+0.0025,+3.6300,+0.0025,+0.000,+0.000,-0.00058,+0.0013,+0.0000,-0.050,0,0,+17.876,+18.313,-0.01838,+0.437,-0.460,-0.875,+17.876,-0.004,+16.538,2,+14.580,+14.923,-0.08573,+0.343,-2.143,-0.686,+14.580,-0.004,+11.746,2,-14.600,-14.835,+0.02158,-0.235,+0.539,+0.471,-14.600,-0.004,-13.594,2,-17.862,-17.734,+0.11803,+0.128,+2.951,-0.257,-17.862,-0.004,-15.172,0,+0.580,+0.088,+1.366,-1.848
DRV,23786,+3.3000,+0.0000,+3.6300,+0.0025,+3.6300,+0.0025,+0.000,+0.000,-0.00058,-0.0001,+0.0000,+0.003,0,0,+17.876,+18.288,-0.01397,+0.412,-0.349,-0.824,+17.876,+0.000,+16.703,2,+14.580,+14.689,-0.10165,+0.110,-2.541,-0.219,+14.580,+0.000,+11.820,2,-14.600,-15.112,+0.01772,-0.512,+0.443,+1.024,-14.600,+0.000,-13.133,0,-17.862,-18.744,+0.01656,-0.883,+0.414,+1.765,-17.862,+0.000,-15.682,2,-0.456,-0.422,+1.021,-1.313
DRV,23790,+3.3000,+0.0000,+3.6300,+0.0025,+3.6300,+0.0025,+0.000,+0.000,-0.00059,-0.0041,+0.0000,+0.163,0,0,+17.876,+18.513,-0.01339,+0.637,-0.335,-1.274,+17.876,+0.013,+16.280,2,+14.580,+14.433,-0.11143,-0.147,-2.786,+0.294,+14.580,+0.013,+12.101,0,-14.600,-15.235,+0.02009,-0.635,+0.502,+1.270,-14.600,+0.013,-12.815,0,-17.862,-18.542,+0.02018,-0.680,+0.504,+1.360,-17.862,+0.013,-15.984,0,-0.029,-0.802,+0.296,-0.715
DRV,23794,+3.3000,+0.0000,+3.6300,+0.0027,+3.6300,+0.0027,+0.000,+0.000,-0.00062,-0.0080,+0.0000,+0.322,0,0,+17.877,+18.629,-0.01625,+0.752,-0.406,-1.504,+17.877,+0.026,+15.992,0,+14.579,+15.244,-0.02766,+0.664,-0.691,-1.329,+14.579,+0.026,+12.585,2,-14.601,-14.263,-0.07151,+0.338,-1.788,-0.675,-14.601,+0.026,-17.038,2,-17.861,-18.332,+0.02035,-0.471,+0.509,+0.942,-17.861,+0.026,-16.385,2,+0.296,+0.980,-0.393,-4.453
DRV,23798,+3.3000,+0.0000,+3.6300,+0.0028,+3.6300,+0.0028,+0.000,+0.000,-0.00065,-0.0064,+0.0000,+0.257,0,0,+17.877,+17.564,+0.09518,-0.313,+2.379,+0.625,+17.877,+0.021,+20.902,0,+14.579,+15.040,-0.02865,+0.461,-0.716,-0.922,+14.579,+0.021,+12.961,2,-14.601,-15.278,-0.05305,-0.677,-1.326,+1.354,-14.601,+0.021,-14.553,2,-17.861,-18.255,+0.01670,-0.394,+0.417,+0.788,-17.861,+0.021,-16.635,2,-0.690,-0.238,+4.267,-1.592
DRV,23802,+3.3000,+0.0000,+3.6300,+0.0029,+3.6300,+0.0029,+0.000,+0.000,-0.00067,-0.0048,+0.0000,+0.193,0,0,+17.877,+17.933,+0.08619,+0.056,+2.155,-0.112,+17.877,+0.015,+19.935,2,+14.578,+14.872,-0.02542,+0.294,-0.636,-0.587,+14.578,+0.015,+13.371,2,-14.602,-15.601,-0.01467,-1.000,-0.367,+1.999,-14.602,+0.015,-12.954,2,-17.861,-18.369,+0.01372,-0.508,+0.343,+1.016,-17.861,+0.015,-16.486,2,-0.435,-0.729,+3.449,+0.417
DRV,23806,+3.3000,+0.0000,+3.6300,+0.0029,+3.6300,+0.0029,+0.000,+0.000,-0.00068,-0.0000,+0.0000,+0.001,0,0,+17.877,+19.215,+0.04653,+1.337,+1.163,-2.675,+17.877,+0.000,+16.366,2,+14.578,+14.754,-0.01914,+0.176,-0.479,-0.351,+14.578,+0.000,+13.748,2,-14.602,-15.525,+0.02410,-0.924,+0.602,+1.847,-14.602,+0.000,-12.152,2,-17.861,-18.515,+0.01392,-0.654,+0.348,+1.309,-17.861,+0.000,-16.204,2,+0.700,-0.772,+0.162,+1.597
DRV,23810,+3.3000,+0.0000,+3.6300,+0.0028,+3.6300,+0.0028,+0.000,+0.000,-0.00066,+0.0048,+0.0000,-0.190,0,0,+17.877,+19.197,-0.00579,+1.320,-0.145,-2.640,+17.877,-0.015,+15.077,2,+14.579,+14.851,-0.01362,+0.272,-0.341,-0.544,+14.579,-0.015,+13.679,2,-14.601,-14.935,+0.05098,-0.334,+1.274,+0.667,-14.601,-0.015,-12.675,2,-17.861,-18.620,+0.01679,-0.760,+0.420,+1.519,-17.861,-0.015,-15.937,2,+0.576,-0.084,-0.860,+1.004
DRV,23814,+3.3000,+0.0000,+3.6300,+0.0028,+3.6300,+0.0028,+0.000,+0.000,-0.00065,+0.0029,+0.0000,-0.115,0,0,+17.877,+18.699,-0.04622,+0.822,-1.156,-1.645,+17.877,-0.009,+15.067,2,+14.579,+14.997,-0.01154,+0.419,-0.289,-0.837,+14.579,-0.009,+13.444,2,-14.601,-14.796,+0.06981,-0.195,+1.745,+0.390,-14.601,-0.009,-12.475,2,-17.861,-18.566,+0.02081,-0.705,+0.520,+1.410,-17.861,-0.009,-15.940,2,+0.133,+0.201,-0.872,+0.969
DRV,23818,+3.3000,+0.0000,+3.6300,+0.0028,+3.6300,+0.0028,+0.000,+0.000,-0.00064,+0.0010,+0.0000,-0.041,0,0,+17.877,+18.293,-0.07554,+0.417,-1.888,-0.833,+17.877,-0.003,+15.152,2,+14.579,+15.122,-0.01138,+0.544,-0.285,-1.087,+14.579,-0.003,+13.204,2,-14.601,-14.550,+0.08290,+0.051,+2.072,-0.102,-14.601,-0.003,-12.634,2,-17.861,-18.419,+0.02099,-0.558,+0.525,+1.115,-17.861,-0.003,-16.224,0,-0.125,+0.572,-1.072,+0.570
DRV,23822,+3.3000,+0.0000,+3.6300,+0.0027,+3.6300,+0.0027,+0.000,+0.000,-0.00063,+0.0039,+0.0000,-0.158,0,0,+17.877,+17.963,-0.09488,+0.087,-2.372,-0.173,+17.877,-0.013,+15.319,2,+14.579,+15.186,-0.01390,+0.607,-0.347,-1.215,+14.579,-0.013,+13.004,0,-14.601,-14.705,+0.09790,-0.104,+2.448,+0.208,-14.601,-0.013,-11.958,0,-17.861,-18.244,+0.01848,-0.383,+0.462,+0.766,-17.861,-0.013,-16.646,0,-0.281,+0.482,-1.327,+1.046
DRV,23826,+3.3000,+0.0000,+3.6300,+0.0026,+3.6300,+0.0026,+0.000,+0.000,-0.00061,+0.0069,+0.0000,-0.274,0,0,+17.876,+17.813,-0.10992,-0.064,-2.748,+0.127,+17.876,-0.022,+15.234,2,+14.579,+15.188,-0.01708,+0.608,-0.427,-1.216,+14.579,-0.022,+12.914,0,-14.600,-14.569,+0.11215,+0.031,+2.804,-0.062,-14.600,-0.022,-11.881,0,-17.862,-17.088,-0.10138,+0.773,-2.534,-1.546,-17.862,-0.022,-21.964,2,+0.724,+0.618,-6.731,+1.033
DRV,23830,+3.3000,+0.0000,+3.6300,+0.0025,+3.6300,+0.0025,+0.000,+0.000,-0.00059,+0.0018,+0.0000,-0.072,0,0,+17.876,+17.607,-0.12046,-0.269,-3.012,+0.538,+17.876,-0.006,+15.397,0,+14.580,+15.101,-0.01881,+0.522,-0.470,-1.043,+14.580,-0.006,+13.061,0,-14.600,-15.583,+0.03322,-0.982,+0.830,+1.965,-14.600,-0.006,-11.810,2,-17.862,-18.229,-0.08933,-0.368,-2.233,+0.735,-17.862,-0.006,-19.365,2,-0.622,-0.481,-3.969,+1.250
DRV,23834,+3.3000,+0.0000,+3.6300,+0.0026,+3.6300,+0.0026,+0.000,+0.000,-0.00060,-0.0033,+0.0000,+0.130,0,0,+17.876,+17.304,-0.12333,-0.572,-3.083,+1.144,+17.876,+0.010,+15.947,0,+14.580,+14.009,+0.07648,-0.571,+1.912,+1.141,+14.580,+0.010,+17.643,2,-14.600,-15.205,+0.04019,-0.605,+1.005,+1.210,-14.600,+0.010,-12.375,2,-17.862,-19.092,-0.04736,-1.230,-1.184,+2.461,-17.862,+0.010,-16.574,2,-1.788,-1.196,-0.627,+5.268
DRV,23838,+3.3000,+0.0000,+3.6300,+0.0026,+3.6300,+0.0026,+0.000,+0.000,-0.00061,-0.0030,+0.0000,+0.120,0,0,+17.876,+18.284,-0.01268,+0.408,-0.317,-0.816,+17.876,+0.010,+16.753,2,+14.579,+14.799,+0.06899,+0.220,+1.725,-0.440,+14.579,+0.010,+15.874,2,-14.601,-14.935,+0.03833,-0.334,+0.958,+0.669,-14.601,+0.010,-12.964,2,-17.861,-19.177,+0.00113,-1.316,+0.028,+2.632,-17.861,+0.010,-15.192,2,-0.893,-0.136,+1.562,+2.910
DRV,23842,+3.3000,+0.0000,+3.6300,+0.0027,+3.6300,+0.0027,+0.000,+0.000,-0.00063,-0.0027,+0.0000,+0.109,0,0,+17.877,+18.296,-0.00826,+0.420,-0.206,-0.839,+17.877,+0.009,+16.840,2,+14.579,+15.745,+0.03234,+1.166,+0.809,-2.332,+14.579,+0.009,+13.064,2,-14.601,-14.816,+0.03417,-0.216,+0.854,+0.431,-14.601,+0.009,-13.307,2,-17.861,-18.857,+0.04580,-0.996,+1.145,+1.992,-17.861,+0.009,-14.715,2,-0.561,+0.929,+2.124,-0.242
DRV,23846,+3.3000,+0.0000,+3.6300,+0.0027,+3.6300,+0.0027,+0.000,+0.000,-0.00063,-0.0014,+0.0000,+0.055,0,0,+17.877,+18.546,-0.00843,+0.669,-0.211,-1.338,+17.877,+0.004,+16.332,2,+14.579,+15.804,-0.01313,+1.225,-0.328,-2.451,+14.579,+0.004,+11.805,2,-14.601,-14.814,+0.02578,-0.213,+0.645,+0.426,-14.601,+0.004,-13.526,2,-17.861,-18.291,+0.07742,-0.430,+1.935,+0.860,-17.861,+0.004,-15.061,2,+0.254,+0.990,+1.272,-1.721
DRV,23850,+3.3000,+0.0000,+3.6300,+0.0027,+3.6300,+0.0027,+0.000,+0.000,-0.00063,-0.0001,+0.0000,+0.002,0,0,+17.877,+18.646,-0.01167,+0.769,-0.292,-1.538,+17.877,+0.000,+16.047,2,+14.579,+15.360,-0.05093,+0.781,-1.273,-1.562,+14.579,+0.000,+11.744,2,-14.601,-14.754,+0.01816,-0.153,+0.454,+0.306,-14.601,+0.000,-13.841,2,-17.861,-17.712,+0.09524,+0.150,+2.381,-0.299,-17.861,+0.000,-15.779,2,+0.934,+0.606,+0.268,-2.096
DRV,23854,+3.3000,+0.0000,+3.6300,+0.0027,+3.6300,+0.0027,+0.000,+0.000,-0.00063,-0.0001,+0.0000,+0.002,0,0,+17.877,+18.689,-0.01760,+0.812,-0.440,-1.625,+17.877,+0.000,+15.812,2,+14.579,+14.949,-0.07645,+0.370,-1.911,-0.740,+14.579,+0.000,+11.928,2,-14.601,-14.989,+0.01313,-0.389,+0.328,+0.777,-14.601,+0.000,-13.495,2,-17.861,-17.611,+0.10539,+0.251,+2.635,-0.501,-17.861,+0.000,-15.728,0,+1.079,-0.041,+0.084,-1.567
DRV,23858,+3.3000,+0.0000,+3.6300,+0.0027,+3.6300,+0.0027,+0.000,+0.000,-0.00063,-0.0001,+0.0000,+0.002,0,0,+17.877,+18.605,-0.02237,+0.729,-0.559,-1.457,+17.877,+0.000,+15.860,2,+14.579,+14.679,-0.09431,+0.100,-2.358,-0.200,+14.579,+0.000,+12.022,2,-14.601,-15.295,+0.01663,-0.694,+0.416,+1.388,-14.601,+0.000,-12.797,0,-17.861,-17.604,+0.11314,+0.257,+2.829,-0.514,-17.861,+0.000,-15.546,0,+1.001,-0.616,+0.314,-0.775
DRV,23862,+3.3000,+0.0000,+3.6300,+0.0028,+3.6300,+0.0028,+0.000,+0.000,-0.00064,-0.0038,+0.0000,+0.151,0,0,+17.877,+18.399,-0.02331,+0.522,-0.583,-1.044,+17.877,+0.012,+16.262,2,+14.579,+14.457,-0.10603,-0.122,-2.651,+0.244,+14.579,+0.012,+12.184,2,-14.601,-15.280,+0.02205,-0.679,+0.551,+1.358,-14.601,+0.012,-12.680,0,-17.861,-18.781,+0.01092,-0.920,+0.273,+1.839,-17.861,+0.012,-15.737,2,-0.382,-0.823,+0.525,-0.496
DRV,23866,+3.3000,+0.0000,+3.6300,+0.0029,+3.6300,+0.0029,+0.000,+0.000,-0.00067,-0.0075,+0.0000,+0.300,0,0,+17.877,+18.254,-0.02002,+0.377,-0.501,-0.753,+17.877,+0.024,+16.647,2,+14.578,+14.192,-0.11086,-0.386,-2.772,+0.773,+14.578,+0.024,+12.603,0,-14.602,-14.409,-0.06650,+0.192,-1.662,-0.385,-14.602,+0.024,-16.625,2,-17.861,-18.817,+0.01878,-0.957,+0.470,+1.913,-17.861,+0.024,-15.454,2,-0.564,-0.217,+1.193,-4.022
DRV,23870,+3.3000,+0.0000,+3.6300,+0.0030,+3.6300,+0.0030,+0.000,+0.000,-0.00069,-0.0030,+0.0000,+0.118,0,0,+17.877,+18.334,-0.01596,+0.457,-0.399,-0.913,+17.877,+0.009,+16.575,0,+14.578,+15.008,-0.02213,+0.430,-0.553,-0.860,+14.578,+0.009,+13.174,2,-14.602,-15.082,-0.05037,-0.480,-1.259,+0.960,-14.602,+0.009,-14.892,2,-17.861,-18.701,+0.02665,-0.840,+0.666,+1.680,-17.861,+0.009,-15.505,2,-0.367,-0.074,+1.070,-1.717
DRV,23874,+3.3000,+0.0000,+3.6300,+0.0029,+3.6300,+0.0029,+0.000,+0.000,-0.00069,+0.0016,+0.0000,-0.063,0,0,+17.877,+17.338,+0.10047,-0.540,+2.512,+1.079,+17.877,-0.005,+21.463,2,+14.578,+14.870,-0.01815,+0.292,-0.454,-0.584,+14.578,-0.005,+13.535,2,-14.602,-15.775,-0.01237,-1.173,-0.309,+2.347,-14.602,-0.005,-12.569,2,-17.861,-18.480,+0.02914,-0.620,+0.729,+1.239,-17.861,-0.005,-15.898,2,-1.143,-0.905,+5.565,+0.966
DRV,23878,+3.3000,+0.0000,+3.6300,+0.0029,+3.6300,+0.0029,+0.000,+0.000,-0.00068,+0.0029,+0.0000,-0.116,0,0,+17.877,+17.859,+0.09494,-0.018,+2.374,+0.036,+17.877,-0.009,+20.278,2,+14.578,+14.883,-0.01341,+0.305,-0.335,-0.610,+14.578,-0.009,+13.624,2,-14.602,-15.440,+0.02716,-0.838,+0.679,+1.676,-14.602,-0.009,-12.256,2,-17.861,-18.248,+0.02703,-0.387,+0.676,+0.774,-17.861,-0.009,-16.420,2,-0.389,-0.556,+3.858,+1.368
DRV,23882,+3.3000,+0.0000,+3.6300,+0.0028,+3.6300,+0.0028,+0.000,+0.000,-0.00066,+0.0042,+0.0000,-0.169,0,0,+17.877,+19.137,+0.05796,+1.260,+1.449,-2.521,+17.877,-0.014,+16.792,2,+14.579,+15.018,-0.01172,+0.440,-0.293,-0.880,+14.579,-0.014,+13.392,2,-14.601,-15.100,+0.05596,-0.499,+1.399,+0.998,-14.601,-0.014,-12.218,2,-17.861,-18.209,+0.02147,-0.348,+0.537,+0.695,-17.861,-0.014,-16.643,2,+0.929,-0.082,+0.149,+1.175
DRV,23886,+3.3000,+0.0000,+3.6300,+0.0028,+3.6300,+0.0028,+0.000,+0.000,-0.00064,+0.0050,+0.0000,-0.201,0,0,+17.877,+19.259,+0.00650,+1.382,+0.162,-2.764,+17.877,-0.016,+15.259,2,+14.579,+15.091,-0.01117,+0.512,-0.279,-1.024,+14.579,-0.016,+13.259,2,-14.601,-14.783,+0.07518,-0.182,+1.879,+0.365,-14.601,-0.016,-12.373,2,-17.861,-18.293,+0.01667,-0.432,+0.417,+0.864,-17.861,-0.016,-16.597,2,+0.966,+0.308,-1.338,+0.887
DRV,23890,+3.3000,+0.0000,+3.6300,+0.0027,+3.6300,+0.0027,+0.000,+0.000,-0.00062,+0.0058,+0.0000,-0.232,0,0,+17.877,+18.704,-0.03663,+0.828,-0.916,-1.656,+17.877,-0.019,+15.286,2,+14.579,+15.146,-0.01369,+0.567,-0.342,-1.134,+14.579,-0.019,+13.085,2,-14.601,-14.872,+0.09288,-0.271,+2.322,+0.542,-14.601,-0.019,-11.755,2,-17.861,-18.463,+0.01646,-0.601,+0.411,+1.202,-17.861,-0.019,-16.266,0,+0.242,+0.275,-0.980,+1.329
DRV,23894,+3.3000,+0.0000,+3.6300,+0.0026,+3.6300,+0.0026,+0.000,+0.000,-0.00060,+0.0042,+0.0000,-0.168,0,0,+17.876,+18.210,-0.06557,+0.334,-1.639,-0.667,+17.876,-0.013,+15.556,2,+14.580,+15.217,-0.01763,+0.637,-0.441,-1.274,+14.580,-0.013,+12.851,2,-14.600,-14.669,+0.10943,-0.069,+2.736,+0.138,-14.600,-0.013,-11.740,0,-17.862,-18.606,+0.01893,-0.744,+0.473,+1.488,-17.862,-0.013,-15.914,0,-0.396,+0.547,-0.358,+1.111
DRV,23898,+3.3000,+0.0000,+3.6300,+0.0025,+3.6300,+0.0025,+0.000,+0.000,-0.00059,+0.0026,+0.0000,-0.104,0,0,+17.876,+18.017,-0.08455,+0.141,-2.114,-0.281,+17.876,-0.008,+15.473,2,+14.580,+15.117,-0.01974,+0.537,-0.494,-1.075,+14.580,-0.008,+13.003,2,-14.600,-14.539,+0.12215,+0.061,+3.054,-0.122,-14.600,-0.008,-11.676,0,-17.862,-17.457,-0.09366,+0.404,-2.341,-0.809,-17.862,-0.008,-21.020,2,+0.559,+0.578,-5.547,+1.327
DRV,23902,+3.3000,+0.0000,+3.6300,+0.0025,+3.6300,+0.0025,+0.000,+0.000,-0.00059,-0.0006,+0.0000,+0.024,0,0,+17.876,+17.860,-0.10046,-0.016,-2.512,+0.031,+17.876,+0.002,+15.398,2,+14.580,+14.958,-0.01917,+0.378,-0.479,-0.756,+14.580,+0.002,+13.346,0,-14.600,-15.250,+0.03824,-0.650,+0.956,+1.299,-14.600,+0.002,-12.343,2,-17.862,-17.695,-0.09004,+0.167,-2.251,-0.334,-17.862,+0.002,-20.445,2,+0.165,-0.292,-5.047,+1.003
DRV,23906,+3.3000,+0.0000,+3.6300,+0.0025,+3.6300,+0.0025,+0.000,+0.000,-0.00059,-0.0006,+0.0000,+0.024,0,0,+17.876,+18.993,-0.00171,+1.117,-0.043,-2.234,+17.876,+0.002,+15.602,0,+14.580,+14.033,+0.07612,-0.546,+1.903,+1.093,+14.580,+0.002,+17.578,2,-14.600,-15.059,+0.03601,-0.459,+0.900,+0.919,-14.600,+0.002,-12.779,2,-17.862,-18.914,-0.05766,-1.052,-1.442,+2.105,-17.862,+0.002,-17.197,2,+0.079,-1.026,-1.595,+4.798
DRV,23910,+3.3000,+0.0000,+3.6300,+0.0027,+3.6300,+0.0027,+0.000,+0.000,-0.00063,-0.0118,+0.0000,+0.471,0,0,+17.877,+18.938,-0.01416,+1.061,-0.354,-2.122,+17.877,+0.038,+15.438,2,+14.579,+14.359,+0.07668,-0.220,+1.917,+0.439,+14.579,+0.038,+16.973,2,-14.601,-14.869,+0.03185,-0.268,+0.796,+0.536,-14.601,+0.038,-13.231,2,-17.861,-19.093,-0.01109,-1.232,-0.277,+2.463,-17.861,+0.038,-15.637,2,-0.155,-0.509,-0.199,+3.742
DRV,23914,+3.3000,+0.0000,+3.6300,+0.0029,+3.6300,+0.0029,+0.000,+0.000,-0.00067,-0.0117,+0.0000,+0.470,0,0,+17.877,+18.719,-0.02314,+0.842,-0.579,-1.684,+17.877,+0.038,+15.652,2,+14.578,+15.747,+0.04539,+1.169,+1.135,-2.337,+14.578,+0.038,+13.413,2,-14.602,-14.763,+0.02307,-0.162,+0.577,+0.324,-14.602,+0.038,-13.664,2,-17.861,-18.933,+0.03272,-1.073,+0.818,+2.145,-17.861,+0.038,-14.860,2,-0.214,+0.984,+0.792,-0.250
DRV,23918,+3.3000,+0.0000,+3.6300,+0.0029,+3.6300,+0.0029,+0.000,+0.000,-0.00068,+0.0010,+0.0000,-0.042,0,0,+17.877,+18.388,-0.02445,+0.511,-0.611,-1.022,+17.877,-0.003,+16.241,2,+14.578,+15.860,-0.00125,+1.281,-0.031,-2.563,+14.578,-0.003,+11.981,2,-14.602,-14.735,+0.01466,-0.134,+0.366,+0.267,-14.602,-0.003,-13.971,2,-17.861,-18.571,+0.07050,-0.711,+1.762,+1.421,-17.861,-0.003,-14.680,2,-0.183,+1.124,+1.561,-1.991
DRV,23922,+3.3000,+0.0000,+3.6300,+0.0029,+3.6300,+0.0029,+0.000,+0.000,-0.00068,+0.0010,+0.0000,-0.041,0,0,+17.877,+18.239,-0.02078,+0.362,-0.519,-0.724,+17.877,-0.003,+16.631,2,+14.578,+15.627,-0.04329,+1.049,-1.082,-2.097,+14.578,-0.003,+11.395,2,-14.602,-14.852,+0.00884,-0.250,+0.221,+0.501,-14.602,-0.003,-13.883,2,-17.861,-18.239,+0.09715,-0.379,+2.429,+0.758,-17.861,-0.003,-14.678,2,-0.000,+0.775,+1.953,-2.488
DRV,23926,+3.3000,+0.0000,+3.6300,+0.0028,+3.6300,+0.0028,+0.000,+0.000,-0.00066,+0.0042,+0.0000,-0.169,0,0,+17.877,+18.300,-0.01595,+0.423,-0.399,-0.845,+17.877,-0.014,+16.620,2,+14.578,+15.050,-0.07420,+0.471,-1.855,-0.943,+14.578,-0.014,+11.767,2,-14.601,-15.354,+0.01348,-0.753,+0.337,+1.506,-14.601,-0.014,-12.772,2,-17.861,-17.875,+0.11728,-0.014,+2.932,+0.029,-17.861,-0.014,-14.914,0,+0.424,-0.304,+1.706,-1.005
DRV,23930,+3.3000,+0.0000,+3.6300,+0.0028,+3.6300,+0.0028,+0.000,+0.000,-0.00065,+0.0042,+0.0000,-0.169,0,0,+17.877,+18.494,-0.01497,+0.617,-0.374,-1.235,+17.877,-0.013,+16.254,2,+14.579,+14.661,-0.09283,+0.083,-2.321,-0.165,+14.579,-0.013,+12.079,2,-14.601,-15.325,+0.02081,-0.724,+0.520,+1.448,-14.601,-0.013,-12.646,2,-17.861,-17.557,+0.12705,+0.304,+3.176,-0.608,-17.861,-0.013,-15.306,0,+0.937,-0.664,+0.948,-0.567
DRV,23934,+3.3000,+0.0000,+3.6300,+0.0028,+3.6300,+0.0028,+0.000,+0.000,-0.00064,-0.0000,+0.0000,+0.002,0,0,+17.877,+18.557,-0.01668,+0.680,-0.417,-1.360,+17.877,+0.000,+16.100,2,+14.579,+14.361,-0.10187,-0.217,-2.547,+0.435,+14.579,+0.000,+12.467,2,-14.601,-15.391,+0.02968,-0.790,+0.742,+1.581,-14.601,+0.000,-12.278,0,-17.861,-18.409,+0.01985,-0.548,+0.496,+1.095,-17.861,+0.000,-16.269,0,+0.148,-1.030,-0.169,+0.189
DRV,23938,+3.3000,+0.0000,+3.6300,+0.0028,+3.6300,+0.0028,+0.000,+0.000,-0.00064,-0.0000,+0.0000,+0.002,0,0,+17.877,+18.646,-0.02068,+0.769,-0.517,-1.539,+17.877,+0.000,+15.821,2,+14.579,+14.157,-0.10478,-0.422,-2.619,+0.843,+14.579,+0.000,+12.803,0,-14.601,-14.205,-0.06193,+0.397,-1.548,-0.793,-14.601,+0.000,-16.942,0,-17.861,-18.302,+0.01735,-0.441,+0.434,+0.883,-17.861,+0.000,-16.545,2,+0.344,-0.047,-0.724,-4.140
DRV,23942,+3.3000,+0.0000,+3.6300,+0.0028,+3.6300,+0.0028,+0.000,+0.000,-0.00065,-0.0022,+0.0000,+0.087,0,0,+17.877,+18.576,-0.02459,+0.699,-0.615,-1.398,+17.877,+0.007,+15.872,0,+14.579,+13.988,-0.10270,-0.591,-2.567,+1.182,+14.579,+0.007,+13.201,0,-14.601,-14.497,-0.05997,+0.104,-1.499,-0.208,-14.601,+0.007,-16.301,2,-17.861,-18.381,+0.01485,-0.520,+0.371,+1.040,-17.861,+0.007,-16.443,2,+0.195,-0.510,-0.571,-3.101
DRV,23946,+3.3000,+0.0000,+3.6300,+0.0028,+3.6300,+0.0028,+0.000,+0.000,-0.00066,-0.0022,+0.0000,+0.087,0,0,+17.877,+18.328,-0.02399,+0.451,-0.600,-0.902,+17.877,+0.007,+16.382,0,+14.579,+14.942,-0.01127,+0.364,-0.282,-0.727,+14.579,+0.007,+13.577,2,-14.601,-14.906,-0.04229,-0.305,-1.057,+0.610,-14.601,+0.007,-15.041,2,-17.861,-18.515,+0.01618,-0.654,+0.405,+1.308,-17.861,+0.007,-16.141,2,-0.187,+0.036,+0.241,-1.465
DRV,23950,+3.3000,+0.0000,+3.6300,+0.0028,+3.6300,+0.0028,+0.000,+0.000,-0.00066,+0.0010,+0.0000,-0.041,0,0,+17.877,+17.100,+0.09473,-0.777,+2.368,+1.554,+17.877,-0.003,+21.796,2,+14.579,+15.034,-0.00881,+0.456,-0.220,-0.911,+14.579,-0.003,+13.444,2,-14.601,-15.345,-0.01387,-0.744,-0.347,+1.488,-14.601,-0.003,-13.464,2,-17.861,-18.592,+0.01905,-0.731,+0.476,+1.463,-17.861,-0.003,-15.925,2,-1.493,-0.311,+5.871,-0.020
DRV,23954,+3.3000,+0.0000,+3.6300,+0.0028,+3.6300,+0.0028,+0.000,+0.000,-0.00065,+0.0010,+0.0000,-0.041,0,0,+17.877,+18.498,+0.08114,+0.621,+2.029,-1.242,+17.877,-0.003,+18.660,2,+14.579,+15.143,-0.00865,+0.565,-0.216,-1.129,+14.579,-0.003,+13.230,2,-14.601,-15.290,+0.01800,-0.689,+0.450,+1.377,-14.601,-0.003,-12.777,2,-17.861,-18.538,+0.02269,-0.677,+0.567,+1.353,-17.861,-0.003,-15.944,2,-0.040,-0.146,+2.716,+0.452
DRV,23958,+0.0000,+0.0000,+0.0000,+0.0000,+3.6145,+0.0027,-7.768,-0.006,-0.00064,+0.0042,+0.0000,-0.169,0,0,+17.800,+19.534,+0.02824,+1.733,+0.706,-3.467,+17.800,-0.013,+15.026,2,+14.516,+15.198,-0.01311,+0.682,-0.328,-1.363,+14.516,-0.013,+12.812,2,-14.539,-15.330,+0.04913,-0.791,+1.228,+1.583,-14.539,-0.013,-11.741,2,-17.785,-18.438,+0.02421,-0.654,+0.605,+1.307,-17.785,-0.013,-15.886,2,+1.095,-0.132,-0.860,+1.071
DRV,23962,+0.0000,+0.0000,+0.0000,+0.0000,+3.5834,+0.0027,-7.768,-0.006,-0.00062,+0.0042,+0.0000,-0.168,0,0,+17.647,+19.277,-0.03158,+1.630,-0.790,-3.259,+17.647,-0.013,+13.585,2,+14.392,+15.210,-0.02137,+0.818,-0.534,-1.635,+14.392,-0.013,+12.209,2,-14.413,-15.170,+0.08264,-0.757,+2.066,+1.514,-14.413,-0.013,-10.847,2,-17.632,-18.231,+0.02689,-0.599,+0.672,+1.199,-17.632,-0.013,-15.774,2,+1.045,+0.040,-2.189,+1.362
DRV,23966,+0.0000,+0.0000,+0.0000,+0.0000,+3.5523,+0.0027,-7.768,-0.005,-0.00063,-0.0048,+0.0000,+0.194,0,0,+17.494,+18.435,-0.07876,+0.941,-1.969,-1.882,+17.494,+0.016,+13.659,2,+14.267,+15.070,-0.03094,+0.803,-0.773,-1.606,+14.267,+0.016,+11.903,2,-14.288,-14.693,+0.10817,-0.404,+2.704,+0.809,-14.288,+0.016,-10.760,2,-17.479,-18.105,+0.02881,-0.626,+0.720,+1.251,-17.479,+0.016,-15.492,0,+0.330,+0.377,-1.833,+1.143
DRV,23970,+0.0000,+0.0000,+0.0000,+0.0000,+3.5212,+0.0027,-7.768,-0.006,-0.00065,-0.0048,+0.0000,+0.193,0,0,+17.341,+17.602,-0.10715,+0.261,-2.679,-0.522,+17.341,+0.015,+14.156,2,+14.142,+14.799,-0.03867,+0.657,-0.967,-1.314,+14.142,+0.015,+11.876,2,-14.164,-14.102,+0.12340,+0.062,+3.085,-0.124,-14.164,+0.015,-11.187,0,-17.326,-18.109,+0.03257,-0.783,+0.814,+1.567,-17.326,+0.015,-14.929,0,-0.507,+0.697,-0.774,+0.690
DRV,23974,+0.0000,+0.0000,+0.0000,+0.0000,+3.4902,+0.0027,-7.768,-0.006,-0.00065,+0.0032,+0.0000,-0.126,0,0,+17.188,+17.032,-0.12175,-0.157,-3.044,+0.313,+17.188,-0.010,+14.448,2,+14.017,+14.606,-0.04379,+0.588,-1.095,-1.177,+14.017,-0.010,+11.736,2,-14.039,-13.743,+0.12759,+0.296,+3.190,-0.592,-14.039,-0.010,-11.451,0,-17.173,-17.009,-0.07249,+0.164,-1.812,-0.329,-17.173,-0.010,-19.324,2,+0.023,+0.863,-4.876,+0.285
DRV,23978,+0.0000,+0.0000,+0.0000,+0.0000,+3.4591,+0.0026,-7.768,-0.006,-0.00064,+0.0031,+0.0000,-0.126,0,0,+17.035,+16.713,-0.13022,-0.322,-3.255,+0.644,+17.035,-0.010,+14.414,2,+13.893,+14.328,-0.04513,+0.435,-1.128,-0.870,+13.893,-0.010,+11.884,0,-13.914,-14.436,+0.04481,-0.522,+1.120,+1.044,-13.914,-0.010,-11.759,2,-17.020,-17.718,-0.04945,-0.698,-1.236,+1.395,-17.020,-0.010,-16.872,2,-1.005,-0.108,-2.458,+0.125
DRV,23982,+0.0000,+0.0000,+0.0000,+0.0000,+3.4280,+0.0026,-7.768,-0.006,-0.00063,-0.0006,+0.0000,+0.023,0,0,+16.882,+16.495,-0.13449,-0.387,-3.362,+0.774,+16.882,+0.002,+14.296,0,+13.768,+13.373,+0.04396,-0.394,+1.099,+0.789,+13.768,+0.002,+15.658,2,-13.789,-14.028,+0.04301,-0.239,+1.075,+0.478,-13.789,+0.002,-12.233,2,-16.867,-18.128,-0.00455,-1.261,-0.114,+2.522,-16.867,+0.002,-14.457,2,-1.633,-0.654,-0.162,+3.424
DRV,23986,+0.0000,+0.0000,+0.0000,+0.0000,+3.3970,+0.0026,-7.768,-0.006,-0.00064,-0.0006,+0.0000,+0.023,0,0,+16.729,+17.524,-0.03714,+0.795,-0.928,-1.590,+16.729,+0.002,+14.212,2,+13.643,+13.581,+0.03941,-0.062,+0.985,+0.124,+13.643,+0.002,+14.755,2,-13.664,-14.024,+0.04129,-0.361,+1.032,+0.721,-13.664,+0.002,-11.908,2,-16.715,-17.829,+0.04036,-1.114,+1.009,+2.229,-16.715,+0.002,-13.475,2,-0.305,-0.443,+0.738,+2.846
DRV,23990,+0.0000,+0.0000,+0.0000,+0.0000,+3.3659,+0.0026,-7.768,-0.006,-0.00064,-0.0011,+0.0000,+0.044,0,0,+16.576,+17.407,-0.04372,+0.831,-1.093,-1.662,+16.576,+0.004,+13.825,2,+13.518,+14.456,+0.01217,+0.938,+0.304,-1.875,+13.518,+0.004,+11.951,2,-13.539,-13.981,+0.04117,-0.442,+1.029,+0.884,-13.539,+0.004,-11.622,2,-16.562,-17.255,+0.07761,-0.694,+1.940,+1.387,-16.562,+0.004,-13.230,2,+0.152,+0.475,+0.595,+0.329
DRV,23994,+0.0000,+0.0000,+0.0000,+0.0000,+3.3348,+0.0026,-7.768,-0.006,-0.00064,-0.0011,+0.0000,+0.044,0,0,+16.423,+17.289,-0.05185,+0.866,-1.296,-1.732,+16.423,+0.004,+13.398,2,+13.393,+14.503,-0.02627,+1.110,-0.657,-2.219,+13.393,+0.004,+10.521,2,-13.414,-14.091,+0.04525,-0.677,+1.131,+1.354,-13.414,+0.004,-10.925,2,-16.409,-16.646,+0.10183,-0.237,+2.546,+0.475,-16.409,+0.004,-13.385,2,+0.643,+0.412,+0.014,-0.404
DRV,23998,+0.0000,+0.0000,+0.0000,+0.0000,+3.3037,+0.0025,-7.768,-0.006,-0.00064,+0.0005,+0.0000,-0.020,0,0,+16.270,+17.064,-0.05875,+0.793,-1.469,-1.587,+16.270,-0.002,+13.213,2,+13.268,+14.114,-0.06247,+0.846,-1.562,-1.692,+13.268,-0.002,+10.013,2,-13.289,-14.007,+0.05333,-0.718,+1.333,+1.437,-13.289,-0.002,-10.521,2,-16.256,-16.186,+0.11762,+0.070,+2.941,-0.140,-16.256,-0.002,-13.457,2,+0.878,+0.107,-0.244,-0.507
DRV,24002,+0.0000,+0.0000,+0.0000,+0.0000,+3.2727,+0.0025,-7.768,-0.006,-0.00064,+0.0005,+0.0000,-0.019,0,0,+16.117,+16.672,-0.06230,+0.555,-1.557,-1.110,+16.117,-0.002,+13.448,2,+13.144,+13.447,-0.08763,+0.304,-2.191,-0.607,+13.144,-0.002,+10.344,2,-13.164,-14.002,+0.06071,-0.839,+1.518,+1.677,-13.164,-0.002,-9.970,2,-16.103,-16.019,+0.12997,+0.084,+3.249,-0.168,-16.103,-0.002,-13.023,0,+0.653,-0.555,+0.425,+0.374
DRV,24006,+0.0000,+0.0000,+0.0000,+0.0000,+3.2416,+0.0024,-7.768,-0.006,-0.00063,+0.0047,+0.0000,-0.190,0,0,+15.964,+16.389,-0.06126,+0.425,-1.532,-0.851,+15.964,-0.015,+13.566,2,+13.019,+13.002,-0.10057,-0.017,-2.514,+0.034,+13.019,-0.015,+10.524,2,-13.039,-13.633,+0.06741,-0.594,+1.685,+1.188,-13.039,-0.015,-10.180,0,-15.950,-15.707,+0.13925,+0.244,+3.481,-0.487,-15.950,-0.015,-12.971,0,+0.683,-0.631,+0.595,+0.344
DRV,24010,+0.0000,+0.0000,+0.0000,+0.0000,+3.2105,+0.0023,-7.768,-0.005,-0.00061,+0.0047,+0.0000,-0.189,0,0,+15.811,+16.157,-0.05794,+0.346,-1.448,-0.692,+15.811,-0.015,+13.655,2,+12.895,+12.710,-0.10859,-0.184,-2.715,+0.369,+12.895,-0.015,+10.534,2,-12.913,-13.142,+0.06690,-0.229,+1.672,+0.457,-12.913,-0.015,-10.799,0,-15.797,-16.691,+0.04998,-0.893,+1.249,+1.787,-15.797,-0.015,-12.777,2,-0.534,-0.432,+0.879,-0.265
DRV,24014,+0.0000,+0.0000,+0.0000,+0.0000,+3.1795,+0.0023,-7.768,-0.005,-0.00061,-0.0027,+0.0000,+0.109,0,0,+15.658,+16.077,-0.05501,+0.419,-1.375,-0.838,+15.658,+0.009,+13.454,2,+12.770,+12.423,-0.11208,-0.347,-2.802,+0.693,+12.770,+0.009,+10.670,0,-12.788,-12.284,-0.01752,+0.504,-0.438,-1.008,-12.788,+0.009,-14.226,2,-15.645,-16.344,+0.05697,-0.699,+1.424,+1.398,-15.645,+0.009,-12.813,2,-0.267,+0.139,+0.640,-3.556
DRV,24018,+0.0000,+0.0000,+0.0000,+0.0000,+3.1484,+0.0023,-7.768,-0.005,-0.00062,-0.0027,+0.0000,+0.109,0,0,+15.505,+16.049,-0.05554,+0.545,-1.388,-1.089,+15.505,+0.009,+13.036,0,+12.645,+13.151,-0.03625,+0.506,-0.906,-1.012,+12.645,+0.009,+10.735,0,-12.664,-12.391,-0.01827,+0.273,-0.457,-0.545,-12.664,+0.009,-13.657,2,-15.492,-16.059,+0.06013,-0.568,+1.503,+1.136,-15.492,+0.009,-12.844,2,-0.010,+0.760,+0.192,-2.921
DRV,24022,+0.0000,+0.0000,+0.0000,+0.0000,+3.1173,+0.0024,-7.768,-0.006,-0.00065,-0.0080,+0.0000,+0.321,0,0,+15.352,+14.994,+0.04249,-0.358,+1.062,+0.717,+15.352,+0.026,+17.157,2,+12.520,+13.025,-0.03873,+0.505,-0.968,-1.010,+12.520,+0.026,+10.567,2,-12.539,-13.258,+0.00098,-0.719,+0.025,+1.438,-12.539,+0.026,-11.051,2,-15.338,-15.780,+0.06178,-0.442,+1.544,+0.883,-15.338,+0.026,-12.885,2,-0.786,-0.233,+4.272,-0.484
DRV,24026,+0.0000,+0.0000,+0.0000,+0.0000,+3.0862,+0.0025,-7.768,-0.006,-0.00068,-0.0080,+0.0000,+0.321,0,0,+15.199,+15.816,+0.02469,+0.616,+0.617,-1.233,+15.199,+0.026,+14.609,2,+12.394,+12.883,-0.04244,+0.488,-1.061,-0.977,+12.394,+0.026,+10.383,2,-12.414,-13.210,+0.03257,-0.796,+0.814,+1.592,-12.414,+0.026,-9.983,2,-15.185,-15.609,+0.05999,-0.424,+1.500,+0.847,-15.185,+0.026,-12.813,2,+0.207,-0.328,+1.797,+0.400
DRV,24030,+0.0000,+0.0000,+0.0000,+0.0000,+3.0552,+0.0025,-7.768,-0.006,-0.00069,+0.0010,+0.0000,-0.042,0,0,+15.046,+16.188,-0.01459,+1.142,-0.365,-2.284,+15.046,-0.003,+12.395,2,+12.270,+12.861,-0.04738,+0.592,-1.184,-1.183,+12.270,-0.003,+9.899,2,-12.290,-12.825,+0.06078,-0.535,+1.520,+1.071,-12.290,-0.003,-9.702,2,-15.032,-15.488,+0.05897,-0.456,+1.474,+0.912,-15.032,-0.003,-12.650,2,+0.700,+0.036,-0.255,+0.196
DRV,24034,+0.0000,+0.0000,+0.0000,+0.0000,+3.0241,+0.0024,-7.768,-0.006,-0.00068,+0.0010,+0.0000,-0.042,0,0,+14.893,+15.777,-0.05389,+0.883,-1.347,-1.767,+14.893,-0.003,+11.776,2,+12.145,+12.737,-0.05200,+0.592,-1.300,-1.185,+12.145,-0.003,+9.657,2,-12.164,-12.615,+0.08562,-0.450,+2.140,+0.900,-12.164,-0.003,-9.127,2,-14.879,-15.406,+0.05940,-0.526,+1.485,+1.052,-14.879,-0.003,-12.345,2,+0.371,+0.123,-0.569,+0.530
DRV,24038,+0.0000,+0.0000,+0.0000,+0.0000,+2.9930,+0.0024,-7.768,-0.006,-0.00067,+0.0048,+0.0000,-0.190,0,0,+14.740,+15.173,-0.08169,+0.433,-2.042,-0.867,+14.740,-0.015,+11.816,2,+12.020,+12.567,-0.05658,+0.547,-1.415,-1.094,+12.020,-0.015,+9.497,2,-12.039,-12.260,+0.10439,-0.221,+2.610,+0.441,-12.039,-0.015,-9.004,2,-14.727,-15.304,+0.06223,-0.577,+1.556,+1.155,-14.727,-0.015,-12.031,2,-0.131,+0.307,-0.215,+0.493
DRV,24042,+0.0000,+0.0000,+0.0000,+0.0000,+2.9620,+0.0023,-7.768,-0.006,-0.00065,+0.0048,+0.0000,-0.190,0,0,+14.587,+14.618,-0.09838,+0.031,-2.460,-0.062,+14.587,-0.015,+12.050,2,+11.896,+12.315,-0.05903,+0.420,-1.476,-0.839,+11.896,-0.015,+9.566,2,-11.914,-12.015,+0.11749,-0.101,+2.937,+0.202,-11.914,-0.015,-8.791,0,-14.574,-14.325,-0.02966,+0.249,-0.741,-0.499,-14.574,-0.015,-15.829,0,+0.293,+0.300,-3.779,+0.775
DRV,24046,+0.0000,+0.0000,+0.0000,+0.0000,+2.9309,+0.0022,-7.768,-0.006,-0.00062,+0.0063,+0.0000,-0.253,0,0,+14.434,+14.352,-0.10857,-0.081,-2.714,+0.163,+14.434,-0.020,+11.862,2,+11.771,+12.117,-0.05923,+0.346,-1.481,-0.691,+11.771,-0.020,+9.579,2,-11.789,-11.560,+0.12568,+0.228,+3.142,-0.457,-11.789,-0.020,-9.124,0,-14.421,-15.415,+0.07443,-0.994,+1.861,+1.988,-14.421,-0.020,-10.593,0,-1.063,+0.556,+1.269,+0.455
DRV,24050,+0.0000,+0.0000,+0.0000,+0.0000,+2.8998,+0.0021,-7.768,-0.005,-0.00060,+0.0063,+0.0000,-0.253,0,0,+14.281,+14.135,-0.11801,-0.146,-2.950,+0.291,+14.281,-0.020,+11.601,0,+11.647,+11.915,-0.05758,+0.268,-1.440,-0.536,+11.647,-0.020,+9.651,0,-11.664,-11.994,+0.05534,-0.330,+1.383,+0.661,-11.664,-0.020,-9.640,0,-14.269,-14.090,-0.01132,+0.179,-0.283,-0.357,-14.269,-0.020,-14.929,2,+0.045,-0.079,-3.328,+0.011
DRV,24054,+0.0000,+0.0000,+0.0000,+0.0000,+2.8687,+0.0021,-7.768,-0.005,-0.00061,-0.0059,+0.0000,+0.237,0,0,+14.128,+13.880,-0.12478,-0.248,-3.119,+0.496,+14.128,+0.019,+11.523,0,+11.522,+11.707,+0.01955,+0.186,+0.489,-0.371,+11.522,+0.019,+11.658,0,-11.539,-11.803,+0.05333,-0.264,+1.333,+0.528,-11.539,+0.019,-9.659,2,-14.116,-14.324,+0.00073,-0.208,+0.018,+0.416,-14.116,+0.019,-13.662,2,-0.444,-0.095,-2.139,+2.000
DRV,24058,+0.0000,+0.0000,+0.0000,+0.0000,+2.8377,+0.0022,-7.768,-0.006,-0.00063,-0.0059,+0.0000,+0.236,0,0,+13.975,+13.712,-0.13117,-0.262,-3.279,+0.525,+13.975,+0.019,+11.239,0,+11.397,+10.948,+0.02259,-0.449,+0.565,+0.898,+11.397,+0.019,+12.878,2,-11.414,-11.670,+0.05177,-0.256,+1.294,+0.511,-11.414,+0.019,-9.590,2,-13.963,-14.352,+0.02277,-0.389,+0.569,+0.779,-13.963,+0.019,-12.596,2,-0.639,-0.722,-1.357,+3.289
DRV,24062,+0.0000,+0.0000,+0.0000,+0.0000,+2.8066,+0.0022,-7.768,-0.006,-0.00066,-0.0070,+0.0000,+0.278,0,0,+13.822,+14.471,-0.05127,+0.649,-1.282,-1.297,+13.822,+0.022,+11.265,2,+11.272,+11.662,+0.01175,+0.391,+0.294,-0.782,+11.272,+0.022,+10.806,2,-11.289,-11.371,+0.04645,-0.082,+1.161,+0.164,-11.289,+0.022,-9.942,2,-13.809,-14.291,+0.04750,-0.481,+1.187,+0.963,-13.809,+0.022,-11.637,2,+0.180,+0.291,-0.372,+0.863
DRV,24066,+0.0000,+0.0000,+0.0000,+0.0000,+2.7755,+0.0023,-7.768,-0.006,-0.00069,-0.0069,+0.0000,+0.278,0,0,+13.669,+14.246,-0.05566,+0.577,-1.391,-1.155,+13.669,+0.022,+11.145,2,+11.146,+11.843,-0.01450,+0.696,-0.363,-1.392,+11.146,+0.022,+9.414,2,-11.165,-11.299,+0.04233,-0.134,+1.058,+0.268,-11.165,+0.022,-9.816,2,-13.656,-14.033,+0.07071,-0.377,+1.768,+0.753,-13.656,+0.022,-11.113,2,+0.214,+0.544,+0.032,-0.403
DRV,24070,+0.0000,+0.0000,+0.0000,+0.0000,+2.7445,+0.0022,-7.768,-0.006,-0.00067,+0.0069,+0.0000,-0.276,0,0,+13.516,+13.948,-0.05708,+0.432,-1.427,-0.864,+13.516,-0.022,+11.203,2,+11.022,+11.694,-0.04275,+0.673,-1.069,-1.345,+11.022,-0.022,+8.586,2,-11.040,-11.314,+0.03945,-0.275,+0.986,+0.550,-11.040,-0.022,-9.526,2,-13.504,-13.810,+0.09201,-0.307,+2.300,+0.613,-13.504,-0.022,-10.612,2,+0.138,+0.380,+0.591,-0.940
DRV,24074,+0.0000,+0.0000,+0.0000,+0.0000,+2.7134,+0.0021,-7.768,-0.006,-0.00065,+0.0069,+0.0000,-0.275,0,0,+13.363,+13.724,-0.05584,+0.361,-1.396,-0.722,+13.363,-0.022,+11.223,2,+10.897,+11.507,-0.06913,+0.609,-1.728,-1.218,+10.897,-0.022,+7.929,2,-10.914,-11.239,+0.03846,-0.324,+0.962,+0.649,-10.914,-0.022,-9.326,2,-13.351,-13.423,+0.10794,-0.073,+2.699,+0.145,-13.351,-0.022,-10.529,2,+0.300,+0.268,+0.694,-1.398
DRV,24078,+0.0000,+0.0000,+0.0000,+0.0000,+2.6823,+0.0020,-7.768,-0.006,-0.00063,+0.0047,+0.0000,-0.190,0,0,+13.210,+13.480,-0.05346,+0.270,-1.336,-0.540,+13.210,-0.015,+11.318,2,+10.773,+11.001,-0.08829,+0.228,-2.207,-0.456,+10.773,-0.015,+8.095,2,-10.789,-11.362,+0.04264,-0.573,+1.066,+1.146,-10.789,-0.015,-8.592,0,-13.198,-13.138,+0.11813,+0.060,+2.953,-0.121,-13.198,-0.015,-10.381,0,+0.342,-0.361,+0.937,-0.498
DRV,24082,+0.0000,+0.0000,+0.0000,+0.0000,+2.6512,+0.0020,-7.768,-0.006,-0.00061,+0.0047,+0.0000,-0.189,0,0,+13.056,+13.296,-0.04994,+0.240,-1.249,-0.479,+13.056,-0.015,+11.314,2,+10.648,+10.602,-0.09793,-0.046,-2.448,+0.091,+10.648,-0.015,+8.276,2,-10.664,-11.234,+0.04842,-0.570,+1.211,+1.141,-10.664,-0.015,-8.328,0,-13.045,-13.809,+0.04586,-0.763,+1.147,+1.527,-13.045,-0.015,-10.387,0,-0.513,-0.632,+0.926,-0.051
DRV,24086,+0.0000,+0.0000,+0.0000,+0.0000,+2.6202,+0.0020,-7.768,-0.005,-0.00062,-0.0054,+0.0000,+0.215,0,0,+12.904,+13.293,-0.04874,+0.390,-1.218,-0.779,+12.904,+0.017,+10.923,2,+10.523,+10.375,-0.10457,-0.149,-2.614,+0.297,+10.523,+0.017,+8.224,0,-10.539,-11.178,+0.05428,-0.639,+1.357,+1.279,-10.539,+0.017,-7.886,0,-12.892,-13.493,+0.05146,-0.601,+1.286,+1.201,-12.892,+0.017,-10.387,2,-0.200,-0.804,+0.535,+0.338
DRV,24090,+0.0000,+0.0000,+0.0000,+0.0000,+2.5891,+0.0020,-7.768,-0.006,-0.00064,-0.0054,+0.0000,+0.215,0,0,+12.751,+13.228,-0.05061,+0.478,-1.265,-0.955,+12.751,+0.017,+10.547,0,+10.398,+10.122,-0.10744,-0.276,-2.686,+0.553,+10.398,+0.017,+8.282,0,-10.414,-10.314,-0.00844,+0.100,-0.211,-0.201,-10.414,+0.017,-10.809,2,-12.739,-13.309,+0.05591,-0.570,+1.398,+1.139,-12.739,+0.017,-10.185,2,-0.081,-0.192,+0.362,-2.526
DRV,24094,+0.0000,+0.0000,+0.0000,+0.0000,+2.5580,+0.0020,-7.768,-0.006,-0.00067,-0.0070,+0.0000,+0.278,0,0,+12.598,+13.140,-0.05325,+0.542,-1.331,-1.085,+12.598,+0.022,+10.204,0,+10.273,+10.628,-0.04558,+0.355,-1.140,-0.710,+10.273,+0.022,+8.446,2,-10.290,-10.200,-0.00283,+0.090,-0.071,-0.180,-10.290,+0.022,-10.518,2,-12.586,-12.963,+0.05731,-0.377,+1.433,+0.754,-12.586,+0.022,-10.377,2,+0.177,+0.429,-0.173,-2.072
DRV,24098,+0.0000,+0.0000,+0.0000,+0.0000,+2.5270,+0.0021,-7.768,-0.006,-0.00069,-0.0069,+0.0000,+0.278,0,0,+12.445,+12.181,+0.02540,-0.264,+0.635,+0.529,+12.445,+0.022,+13.631,2,+10.148,+10.530,-0.04746,+0.382,-1.187,-0.765,+10.148,+0.022,+8.219,2,-10.165,-10.344,+0.00860,-0.179,+0.215,+0.357,-10.165,+0.022,-9.570,2,-12.433,-12.751,+0.05604,-0.317,+1.401,+0.635,-12.433,+0.022,-10.375,2,-0.570,+0.187,+3.256,-1.351
DRV,24102,+0.0000,+0.0000,+0.0000,+0.0000,+2.4959,+0.0021,-7.768,-0.006,-0.00070,-0.0000,+0.0000,+0.001,0,0,+12.292,+12.716,+0.01200,+0.424,+0.300,-0.848,+12.292,+0.000,+11.744,2,+10.023,+10.356,-0.04787,+0.333,-1.197,-0.666,+10.023,+0.000,+8.160,2,-10.040,-10.484,+0.02854,-0.444,+0.713,+0.888,-10.040,+0.000,-8.438,2,-12.280,-12.596,+0.05478,-0.315,+1.369,+0.631,-12.280,+0.000,-10.280,2,+0.121,-0.128,+1.464,-0.278
DRV,24106,+0.0000,+0.0000,+0.0000,+0.0000,+2.4648,+0.0021,-7.768,-0.006,-0.00070,-0.0000,+0.0000,+0.001,0,0,+12.139,+12.944,-0.01828,+0.805,-0.457,-1.610,+12.139,+0.000,+10.072,2,+9.898,+10.163,-0.04721,+0.265,-1.180,-0.530,+9.898,+0.000,+8.189,2,-9.915,-10.241,+0.04739,-0.326,+1.185,+0.651,-9.915,+0.000,-8.079,2,-12.127,-12.563,+0.05496,-0.435,+1.374,+0.871,-12.127,+0.000,-9.883,2,+0.381,-0.077,+0.189,+0.110
DRV,24110,+0.0000,+0.0000,+0.0000,+0.0000,+2.4337,+0.0020,-7.768,-0.006,-0.00068,+0.0064,+0.0000,-0.255,0,0,+11.986,+12.637,-0.04780,+0.651,-1.195,-1.302,+11.986,-0.020,+9.468,2,+9.774,+10.087,-0.04737,+0.313,-1.184,-0.625,+9.774,-0.020,+7.944,2,-9.790,-9.866,+0.06019,-0.076,+1.505,+0.152,-9.790,-0.020,-8.154,2,-11.975,-12.465,+0.05716,-0.490,+1.429,+0.980,-11.975,-0.020,-9.586,2,+0.173,+0.221,-0.118,-0.210
DRV,24114,+0.0000,+0.0000,+0.0000,+0.0000,+2.4027,+0.0019,-7.768,-0.006,-0.00066,+0.0032,+0.0000,-0.126,0,0,+11.833,+12.145,-0.07006,+0.312,-1.751,-0.625,+11.833,-0.010,+9.447,2,+9.649,+9.984,-0.04798,+0.334,-1.200,-0.669,+9.649,-0.010,+7.771,2,-9.665,-9.730,+0.07192,-0.065,+1.798,+0.130,-9.665,-0.010,-7.746,2,-11.822,-12.261,+0.05937,-0.439,+1.484,+0.878,-11.822,-0.010,-9.470,0,-0.116,+0.254,-0.023,+0.025
DRV,24118,+0.0000,+0.0000,+0.0000,+0.0000,+2.3716,+0.0019,-7.768,-0.006,-0.00066,-0.0000,+0.0000,+0.001,0,0,+11.680,+11.732,-0.08389,+0.052,-2.097,-0.104,+11.680,+0.000,+9.479,2,+9.524,+9.806,-0.04828,+0.282,-1.207,-0.563,+9.524,+0.000,+7.754,2,-9.540,-9.561,+0.08180,-0.021,+2.045,+0.043,-9.540,+0.000,-7.452,0,-11.669,-12.147,+0.06158,-0.478,+1.539,+0.956,-11.669,+0.000,-9.174,0,-0.415,+0.245,+0.305,+0.303
DRV,24122,+0.0000,+0.0000,+0.0000,+0.0000,+2.3405,+0.0019,-7.768,-0.006,-0.00066,-0.0003,+0.0000,+0.012,0,0,+11.527,+11.420,-0.09274,-0.106,-2.319,+0.213,+11.527,+0.001,+9.422,2,+9.400,+9.767,-0.04941,+0.367,-1.235,-0.735,+9.400,+0.001,+7.431,2,-9.415,-9.343,+0.08945,+0.072,+2.236,-0.144,-9.415,+0.001,-7.321,0,-11.516,-11.292,-0.01060,+0.224,-0.265,-0.447,-11.516,+0.001,-12.227,2,+0.128,+0.424,-2.805,+0.109
DRV,24126,+0.0000,+0.0000,+0.0000,+0.0000,+2.3095,+0.0018,-7.768,-0.006,-0.00067,-0.0006,+0.0000,+0.023,0,0,+11.374,+11.273,-0.10084,-0.101,-2.521,+0.202,+11.374,+0.002,+9.056,2,+9.275,+9.566,-0.05060,+0.291,-1.265,-0.583,+9.275,+0.002,+7.429,0,-9.290,-9.947,+0.04004,-0.657,+1.001,+1.314,-9.290,+0.002,-6.973,2,-11.363,-11.500,-0.00109,-0.137,-0.027,+0.274,-11.363,+0.002,-11.114,2,-0.227,-0.381,-2.058,+0.456
DRV,24130,+0.0000,+0.0000,+0.0000,+0.0000,+2.2784,+0.0018,-7.768,-0.006,-0.00067,-0.0016,+0.0000,+0.065,0,0,+11.221,+11.108,-0.10780,-0.113,-2.695,+0.226,+11.221,+0.005,+8.757,0,+9.150,+8.912,+0.00757,-0.238,+0.189,+0.477,+9.150,+0.005,+9.821,0,-9.165,-9.824,+0.04976,-0.659,+1.244,+1.319,-9.165,+0.005,-6.597,2,-11.210,-11.622,+0.01725,-0.412,+0.431,+0.823,-11.210,+0.005,-9.950,2,-0.514,-0.913,-1.194,+3.225
DRV,24134,+0.0000,+0.0000,+0.0000,+0.0000,+2.2473,+0.0018,-7.768,-0.006,-0.00068,-0.0027,+0.0000,+0.108,0,0,+11.068,+11.600,-0.04382,+0.533,-1.095,-1.065,+11.068,+0.009,+8.915,2,+9.025,+8.914,+0.00479,-0.111,+0.120,+0.222,+9.025,+0.009,+9.376,2,-9.040,-9.567,+0.05686,-0.527,+1.422,+1.055,-9.040,+0.009,-6.555,2,-11.057,-11.504,+0.03867,-0.447,+0.967,+0.894,-11.057,+0.009,-9.188,2,+0.096,-0.653,-0.273,+2.821
DRV,24138,+0.0000,+0.0000,+0.0000,+0.0000,+2.2162,+0.0018,-7.768,-0.006,-0.00069,+0.0002,+0.0000,-0.010,0,0,+10.915,+11.452,-0.04888,+0.537,-1.222,-1.074,+10.915,-0.001,+8.618,2,+8.900,+9.192,-0.00659,+0.291,-0.165,-0.582,+8.900,-0.001,+8.153,2,-8.915,-9.437,+0.06173,-0.522,+1.543,+1.043,-8.915,-0.001,-6.329,2,-10.904,-11.181,+0.05780,-0.277,+1.445,+0.554,-10.904,-0.001,-8.906,2,+0.270,-0.245,-0.288,+1.823
DRV,24142,+0.0000,+0.0000,+0.0000,+0.0000,+2.1852,+0.0018,-7.768,-0.006,-0.00067,+0.0032,+0.0000,-0.127,0,0,+10.762,+11.267,-0.05357,+0.505,-1.339,-1.010,+10.762,-0.010,+8.402,2,+8.776,+9.122,-0.02302,+0.346,-0.575,-0.692,+8.776,-0.010,+7.498,2,-8.790,-9.181,+0.06553,-0.391,+1.638,+0.782,-8.790,-0.010,-6.379,2,-10.752,-10.960,+0.07425,-0.208,+1.856,+0.417,-10.752,-0.010,-8.489,2,+0.307,-0.059,-0.086,+1.118
DRV,24146,+0.0000,+0.0000,+0.0000,+0.0000,+2.1541,+0.0017,-7.768,-0.006,-0.00066,+0.0032,+0.0000,-0.126,0,0,+10.609,+11.069,-0.05702,+0.460,-1.426,-0.920,+10.609,-0.010,+8.253,2,+8.651,+8.959,-0.03913,+0.308,-0.978,-0.617,+8.651,-0.010,+7.046,2,-8.665,-8.896,+0.06557,-0.231,+1.639,+0.462,-8.665,-0.010,-6.573,2,-10.599,-10.687,+0.08725,-0.088,+2.181,+0.176,-10.599,-0.010,-8.252,2,+0.382,+0.063,+0.001,+0.473
DRV,24150,+0.0000,+0.0000,+0.0000,+0.0000,+2.1230,+0.0017,-7.768,-0.006,-0.00065,+0.0032,+0.0000,-0.126,0,0,+10.455,+10.808,-0.05905,+0.352,-1.476,-0.705,+10.455,-0.010,+8.264,2,+8.526,+8.798,-0.05454,+0.272,-1.364,-0.544,+8.526,-0.010,+6.609,2,-8.540,-8.567,+0.06185,-0.028,+1.546,+0.055,-8.540,-0.010,-6.948,2,-10.446,-10.443,+0.09642,+0.003,+2.411,-0.007,-10.446,-0.010,-8.052,0,+0.365,+0.231,+0.212,-0.339
DRV,24154,+0.0000,+0.0000,+0.0000,+0.0000,+2.0920,+0.0016,-7.768,-0.006,-0.00064,+0.0016,+0.0000,-0.062,0,0,+10.302,+10.557,-0.05841,+0.255,-1.460,-0.510,+10.302,-0.005,+8.328,2,+8.402,+8.523,-0.06695,+0.121,-1.674,-0.242,+8.402,-0.005,+6.481,2,-8.415,-8.480,+0.05782,-0.065,+1.446,+0.131,-8.415,-0.005,-6.843,0,-10.293,-10.242,+0.10445,+0.052,+2.611,-0.103,-10.293,-0.005,-7.790,0,+0.316,+0.042,+0.538,-0.362
DRV,24158,+0.0000,+0.0000,+0.0000,+0.0000,+2.0609,+0.0016,-7.768,-0.006,-0.00064,-0.0000,+0.0000,+0.002,0,0,+10.149,+10.307,-0.05586,+0.157,-1.396,-0.315,+10.149,+0.000,+8.438,2,+8.277,+8.279,-0.07598,+0.003,-1.899,-0.005,+8.277,+0.000,+6.372,2,-8.290,-8.363,+0.05387,-0.073,+1.347,+0.146,-8.290,+0.000,-6.797,0,-10.140,-10.709,+0.04767,-0.569,+1.192,+1.137,-10.140,+0.000,-7.811,2,-0.402,-0.083,+0.627,-0.424
DRV,24162,+0.0000,+0.0000,+0.0000,+0.0000,+2.0298,+0.0016,-7.768,-0.006,-0.00064,-0.0027,+0.0000,+0.108,0,0,+9.996,+10.162,-0.05293,+0.165,-1.323,-0.331,+9.996,+0.009,+8.351,2,+8.152,+8.121,-0.08200,-0.031,-2.050,+0.062,+8.152,+0.009,+6.172,0,-8.165,-7.698,-0.00255,+0.467,-0.064,-0.933,-8.165,+0.009,-9.153,0,-9.987,-10.408,+0.05226,-0.421,+1.307,+0.842,-9.987,+0.009,-7.830,2,-0.247,+0.423,+0.521,-2.981
DRV,24166,+0.0000,+0.0000,+0.0000,+0.0000,+1.9987,+0.0016,-7.768,-0.006,-0.00067,-0.0054,+0.0000,+0.214,0,0,+9.844,+10.003,-0.04925,+0.160,-1.231,-0.319,+9.844,+0.017,+8.310,0,+8.027,+8.506,-0.03710,+0.479,-0.927,-0.958,+8.027,+0.017,+6.159,0,-8.040,-7.652,-0.00675,+0.388,-0.169,-0.776,-8.040,+0.017,-8.968,2,-9.834,-10.314,+0.05648,-0.480,+1.412,+0.959,-9.834,+0.017,-7.446,2,-0.311,+0.854,+0.864,-2.809
DRV,24170,+0.0000,+0.0000,+0.0000,+0.0000,+1.9677,+0.0016,-7.768,-0.006,-0.00068,-0.0040,+0.0000,+0.161,0,0,+9.691,+9.836,-0.04558,+0.146,-1.139,-0.291,+9.691,+0.013,+8.273,0,+7.902,+8.282,-0.04135,+0.380,-1.034,-0.760,+7.902,+0.013,+6.121,2,-7.915,-8.122,+0.00140,-0.207,+0.035,+0.415,-7.915,+0.013,-7.453,2,-9.681,-10.104,+0.06071,-0.422,+1.518,+0.845,-9.681,+0.013,-7.306,2,-0.268,+0.160,+0.967,-1.332
DRV,24174,+0.0000,+0.0000,+0.0000,+0.0000,+1.9366,+0.0016,-7.768,-0.006,-0.00070,-0.0027,+0.0000,+0.107,0,0,+9.538,+9.204,+0.01753,-0.333,+0.438,+0.667,+9.538,+0.009,+10.651,2,+7.777,+8.114,-0.04529,+0.337,-1.132,-0.673,+7.777,+0.009,+5.980,2,-7.790,-8.154,+0.01613,-0.364,+0.403,+0.727,-7.790,+0.009,-6.651,2,-9.528,-9.827,+0.06264,-0.298,+1.566,+0.596,-9.528,+0.009,-7.357,2,-0.622,-0.040,+3.294,-0.671
DRV,24178,+0.0000,+0.0000,+0.0000,+0.0000,+1.9055,+0.0016,-7.768,-0.006,-0.00070,-0.0000,+0.0000,+0.001,0,0,+9.385,+9.579,+0.01006,+0.195,+0.252,-0.389,+9.385,+0.000,+9.247,2,+7.652,+8.025,-0.04815,+0.372,-1.204,-0.745,+7.652,+0.000,+5.704,2,-7.665,-8.013,+0.03209,-0.348,+0.802,+0.696,-7.665,+0.000,-6.167,2,-9.376,-9.691,+0.06306,-0.316,+1.576,+0.631,-9.376,+0.000,-7.168,2,-0.112,+0.011,+2.080,-0.463
DRV,24182,+0.0000,+0.0000,+0.0000,+0.0000,+1.8745,+0.0016,-7.768,-0.006,-0.00069,+0.0026,+0.0000,-0.106,0,0,+9.232,+9.717,-0.00969,+0.485,-0.242,-0.970,+9.232,-0.008,+8.011,2,+7.528,+7.843,-0.05031,+0.316,-1.258,-0.632,+7.528,-0.008,+5.630,2,-7.540,-7.802,+0.04687,-0.262,+1.172,+0.524,-7.540,-0.008,-5.853,2,-9.223,-9.449,+0.06194,-0.226,+1.548,+0.453,-9.223,-0.008,-7.230,2,+0.268,+0.041,+0.781,-0.224
DRV,24186,+0.0000,+0.0000,+0.0000,+0.0000,+1.8434,+0.0015,-7.768,-0.006,-0.00068,+0.0032,+0.0000,-0.127,0,0,+9.078,+9.637,-0.03175,+0.559,-0.794,-1.118,+9.078,-0.010,+7.157,2,+7.403,+7.697,-0.05216,+0.294,-1.304,-0.587,+7.403,-0.010,+5.502,2,-7.415,-7.704,+0.06221,-0.289,+1.555,+0.578,-7.415,-0.010,-5.292,2,-9.070,-9.230,+0.06006,-0.160,+1.501,+0.320,-9.070,-0.010,-7.259,2,+0.408,-0.008,-0.102,+0.210
DRV,24190,+0.0000,+0.0000,+0.0000,+0.0000,+1.8123,+0.0015,-7.768,-0.006,-0.00066,+0.0037,+0.0000,-0.148,0,0,+8.925,+9.374,-0.05306,+0.448,-1.327,-0.897,+8.925,-0.012,+6.690,2,+7.278,+7.528,-0.05291,+0.250,-1.323,-0.500,+7.278,-0.012,+5.444,2,-7.290,-7.464,+0.07495,-0.174,+1.874,+0.349,-7.290,-0.012,-5.079,2,-8.917,-9.109,+0.05704,-0.192,+1.426,+0.384,-8.917,-0.012,-7.119,0,+0.265,+0.064,-0.429,+0.364
DRV,24194,+0.0000,+0.0000,+0.0000,+0.0000,+1.7812,+0.0014,-7.768,-0.006,-0.00065,+0.0010,+0.0000,-0.041,0,0,+8.772,+9.036,-0.07017,+0.264,-1.754,-0.527,+8.772,-0.003,+6.487,2,+7.154,+7.358,-0.05259,+0.204,-1.315,-0.408,+7.154,-0.003,+5.427,2,-7.165,-7.175,+0.08277,-0.010,+2.069,+0.021,-7.165,-0.003,-5.078,0,-8.764,-8.911,-0.00159,-0.146,-0.040,+0.293,-8.764,-0.003,-8.514,0,+0.125,+0.182,-2.027,+0.349
DRV,24198,+0.0000,+0.0000,+0.0000,+0.0000,+1.7502,+0.0014,-7.768,-0.006,-0.00066,-0.0016,+0.0000,+0.065,0,0,+8.619,+8.724,-0.08153,+0.104,-2.038,-0.209,+8.619,+0.005,+6.378,2,+7.029,+7.211,-0.05195,+0.182,-1.299,-0.365,+7.029,+0.005,+5.370,0,-7.040,-7.455,+0.04387,-0.415,+1.097,+0.830,-7.040,+0.005,-5.108,0,-8.611,-8.325,-0.00268,+0.287,-0.067,-0.573,-8.611,+0.005,-9.247,2,+0.399,-0.244,-2.869,+0.262
DRV,24202,+0.0000,+0.0000,+0.0000,+0.0000,+1.7191,+0.0014,-7.768,-0.006,-0.00067,-0.0016,+0.0000,+0.065,0,0,+8.466,+8.426,-0.08945,-0.040,-2.236,+0.080,+8.466,+0.005,+6.316,0,+6.904,+7.048,-0.05099,+0.144,-1.275,-0.288,+6.904,+0.005,+5.347,0,-6.915,-7.388,+0.04992,-0.473,+1.248,+0.946,-6.915,+0.005,-4.716,2,-8.458,-8.505,+0.00237,-0.046,+0.059,+0.093,-8.458,+0.005,-8.301,2,-0.079,-0.340,-1.985,+0.631
DRV,24206,+0.0000,+0.0000,+0.0000,+0.0000,+1.6880,+0.0014,-7.768,-0.006,-0.00067,-0.0016,+0.0000,+0.065,0,0,+8.313,+8.168,-0.09392,-0.145,-2.348,+0.290,+8.313,+0.005,+6.261,0,+6.779,+6.506,-0.00524,-0.273,-0.131,+0.545,+6.779,+0.005,+7.199,2,-6.790,-7.186,+0.05489,-0.396,+1.372,+0.792,-6.790,+0.005,-4.620,2,-8.305,-8.593,+0.01501,-0.288,+0.375,+0.575,-8.305,+0.005,-7.350,2,-0.425,-0.680,-1.089,+2.578
DRV,24210,+0.0000,+0.0000,+0.0000,+0.0000,+1.6570,+0.0014,-7.768,-0.006,-0.00068,-0.0006,+0.0000,+0.022,0,0,+8.160,+8.467,-0.04587,+0.307,-1.147,-0.614,+8.160,+0.002,+6.402,2,+6.654,+6.544,-0.00672,-0.110,-0.168,+0.220,+6.654,+0.002,+6.708,2,-6.665,-6.895,+0.05763,-0.230,+1.441,+0.460,-6.665,+0.002,-4.763,2,-8.153,-8.557,+0.03120,-0.404,+0.780,+0.809,-8.153,+0.002,-6.562,2,-0.090,-0.351,-0.161,+1.945
DRV,24214,+0.0000,+0.0000,+0.0000,+0.0000,+1.6259,+0.0013,-7.768,-0.006,-0.00068,+0.0005,+0.0000,-0.020,0,0,+8.007,+8.250,-0.04692,+0.243,-1.173,-0.486,+8.007,-0.002,+6.347,2,+6.529,+6.579,-0.01211,+0.050,-0.303,-0.100,+6.529,-0.002,+6.125,2,-6.540,-6.697,+0.05738,-0.157,+1.434,+0.314,-6.540,-0.002,-4.794,2,-8.000,-8.353,+0.04854,-0.353,+1.214,+0.706,-8.000,-0.002,-6.082,2,-0.103,-0.118,+0.265,+1.332
DRV,24218,+0.0000,+0.0000,+0.0000,+0.0000,+1.5948,+0.0013,-7.768,-0.006,-0.00067,+0.0008,+0.0000,-0.031,0,0,+7.854,+8.092,-0.04683,+0.238,-1.171,-0.476,+7.854,-0.002,+6.205,2,+6.405,+6.515,-0.02025,+0.110,-0.506,-0.220,+6.405,-0.002,+5.676,2,-6.415,-6.436,+0.05413,-0.021,+1.353,+0.041,-6.415,-0.002,-5.023,2,-7.847,-8.123,+0.06398,-0.276,+1.600,+0.552,-7.847,-0.002,-5.698,2,-0.031,+0.079,+0.507,+0.653
DRV,24222,+0.0000,+0.0000,+0.0000,+0.0000,+1.5637,+0.0013,-7.768,-0.006,-0.00067,+0.0010,+0.0000,-0.041,0,0,+7.701,+7.901,-0.04560,+0.200,-1.140,-0.400,+7.701,-0.003,+6.158,2,+6.280,+6.390,-0.02922,+0.110,-0.730,-0.220,+6.280,-0.003,+5.326,2,-6.290,-6.391,+0.05287,-0.100,+1.322,+0.201,-6.290,-0.003,-4.771,2,-7.694,-7.915,+0.07827,-0.221,+1.957,+0.441,-7.694,-0.003,-5.299,2,-0.013,-0.000,+0.859,+0.555
DRV,24226,+0.0000,+0.0000,+0.0000,+0.0000,+1.5327,+0.0013,-7.768,-0.006,-0.00067,+0.0008,+0.0000,-0.031,0,0,+7.548,+7.732,-0.04438,+0.184,-1.109,-0.368,+7.548,-0.002,+6.068,2,+6.155,+6.298,-0.03826,+0.142,-0.957,-0.285,+6.155,-0.002,+4.911,2,-6.165,-6.238,+0.05015,-0.072,+1.254,+0.145,-6.165,-0.002,-4.769,2,-7.541,-7.587,+0.08797,-0.046,+2.199,+0.093,-7.541,-0.002,-5.252,0,+0.145,+0.060,+0.816,+0.142
DRV,24230,+0.0000,+0.0000,+0.0000,+0.0000,+1.5016,+0.0012,-7.768,-0.006,-0.00066,+0.0005,+0.0000,-0.020,0,0,+7.395,+7.584,-0.04317,+0.188,-1.079,-0.377,+7.395,-0.002,+5.937,2,+6.030,+6.118,-0.04622,+0.088,-1.156,-0.176,+6.030,-0.002,+4.697,2,-6.040,-6.070,+0.04713,-0.030,+1.178,+0.060,-6.040,-0.002,-4.804,0,-7.388,-7.264,+0.09269,+0.124,+2.317,-0.248,-7.388,-0.002,-5.321,0,+0.319,+0.048,+0.617,-0.106
DRV,24234,+0.0000,+0.0000,+0.0000,+0.0000,+1.4705,+0.0012,-7.768,-0.006,-0.00066,-0.0003,+0.0000,+0.012,0,0,+7.242,+7.503,-0.04351,+0.261,-1.088,-0.522,+7.242,+0.001,+5.634,2,+5.906,+6.012,-0.05425,+0.107,-1.356,-0.214,+5.906,+0.001,+4.337,2,-5.915,-5.620,+0.00620,+0.296,+0.155,-0.591,-5.915,+0.001,-6.351,2,-7.235,-7.545,+0.05063,-0.309,+1.266,+0.618,-7.235,+0.001,-5.350,2,-0.041,+0.393,+0.283,-2.014
DRV,24238,+0.0000,+0.0000,+0.0000,+0.0000,+1.4395,+0.0012,-7.768,-0.006,-0.00067,-0.0011,+0.0000,+0.044,0,0,+7.089,+7.341,-0.04385,+0.252,-1.096,-0.504,+7.089,+0.004,+5.492,2,+5.781,+5.854,-0.06119,+0.073,-1.530,-0.146,+5.781,+0.004,+4.109,0,-5.790,-5.501,+0.00332,+0.290,+0.083,-0.579,-5.790,+0.004,-6.283,2,-7.082,-7.387,+0.05268,-0.305,+1.317,+0.609,-7.082,+0.004,-5.152,2,-0.046,+0.353,+0.339,-2.174
DRV,24242,+0.0000,+0.0000,+0.0000,+0.0000,+1.4084,+0.0012,-7.768,-0.006,-0.00067,-0.0011,+0.0000,+0.044,0,0,+6.936,+7.185,-0.04575,+0.249,-1.144,-0.499,+6.936,+0.004,+5.297,0,+5.656,+6.074,-0.03178,+0.418,-0.794,-0.837,+5.656,+0.004,+4.028,2,-5.665,-5.608,+0.00397,+0.058,+0.099,-0.115,-5.665,+0.004,-5.678,2,-6.930,-7.179,+0.05436,-0.250,+1.359,+0.499,-6.930,+0.004,-5.068,2,+0.006,+0.467,+0.230,-1.650
DRV,24246,+0.0000,+0.0000,+0.0000,+0.0000,+1.3773,+0.0011,-7.768,-0.006,-0.00068,-0.0011,+0.0000,+0.044,0,0,+6.783,+6.638,-0.00239,-0.145,-0.060,+0.290,+6.783,+0.003,+7.017,2,+5.531,+5.928,-0.03732,+0.397,-0.933,-0.794,+5.531,+0.003,+3.808,2,-5.540,-5.545,+0.00852,-0.005,+0.213,+0.010,-5.540,+0.003,-5.314,2,-6.777,-6.997,+0.05527,-0.220,+1.382,+0.440,-6.777,+0.003,-4.951,2,-0.359,+0.383,+2.066,-1.507
DRV,24250,+0.0000,+0.0000,+0.0000,+0.0000,+1.3462,+0.0011,-7.768,-0.006,-0.00068,-0.0000,+0.0000,+0.001,0,0,+6.630,+6.550,-0.00469,-0.080,-0.117,+0.161,+6.630,+0.000,+6.674,2,+5.406,+5.726,-0.04218,+0.319,-1.054,-0.639,+5.406,+0.000,+3.713,2,-5.415,-5.555,+0.01582,-0.140,+0.396,+0.279,-5.415,+0.000,-4.740,2,-6.624,-6.818,+0.05543,-0.194,+1.386,+0.388,-6.624,+0.000,-4.850,2,-0.268,+0.171,+1.824,-1.027
DRV,24254,+0.0000,+0.0000,+0.0000,+0.0000,+1.3152,+0.0011,-7.768,-0.006,-0.00068,+0.0010,+0.0000,-0.041,0,0,+6.477,+6.579,-0.01198,+0.102,-0.300,-0.204,+6.477,-0.003,+5.971,2,+5.282,+5.560,-0.04479,+0.279,-1.120,-0.558,+5.282,-0.003,+3.601,2,-5.290,-5.439,+0.02397,-0.148,+0.599,+0.297,-5.290,-0.003,-4.398,2,-6.471,-6.593,+0.05406,-0.122,+1.351,+0.244,-6.471,-0.003,-4.879,2,-0.014,+0.122,+1.092,-0.797
DRV,24258,+0.0000,+0.0000,+0.0000,+0.0000,+1.2841,+0.0011,-7.768,-0.006,-0.00067,+0.0013,+0.0000,-0.052,0,0,+6.324,+6.598,-0.02274,+0.274,-0.568,-0.548,+6.324,-0.004,+5.204,2,+5.157,+5.374,-0.04748,+0.218,-1.187,-0.435,+5.157,-0.004,+3.531,2,-5.165,-5.365,+0.03334,-0.199,+0.834,+0.399,-5.165,-0.004,-3.937,2,-6.318,-6.469,+0.05346,-0.151,+1.336,+0.301,-6.318,-0.004,-4.684,2,+0.129,+0.010,+0.519,-0.406
DRV,24262,+0.0000,+0.0000,+0.0000,+0.0000,+1.2530,+0.0010,-7.768,-0.006,-0.00066,+0.0016,+0.0000,-0.063,0,0,+6.171,+6.399,-0.03504,+0.228,-0.876,-0.456,+6.171,-0.005,+4.834,2,+5.032,+5.243,-0.04985,+0.211,-1.246,-0.422,+5.032,-0.005,+3.358,2,-5.040,-5.196,+0.04240,-0.156,+1.060,+0.311,-5.040,-0.005,-3.674,2,-6.165,-6.309,+0.05210,-0.143,+1.303,+0.287,-6.165,-0.005,-4.581,0,+0.091,+0.047,+0.253,-0.315
DRV,24266,+0.0000,+0.0000,+0.0000,+0.0000,+1.2220,+0.0010,-7.768,-0.006,-0.00066,-0.0000,+0.0000,+0.001,0,0,+6.018,+6.267,-0.04687,+0.249,-1.172,-0.497,+6.018,+0.000,+4.349,2,+4.907,+5.069,-0.05113,+0.161,-1.278,-0.323,+4.907,+0.000,+3.306,2,-4.915,-5.121,+0.05307,-0.205,+1.327,+0.411,-4.915,+0.000,-3.178,0,-6.012,-6.141,+0.05152,-0.129,+1.288,+0.258,-6.012,+0.000,-4.466,0,+0.125,-0.052,-0.117,+0.129
DRV,24270,+0.0000,+0.0000,+0.0000,+0.0000,+1.1909,+0.0010,-7.768,-0.006,-0.00067,-0.0016,+0.0000,+0.065,0,0,+5.865,+6.041,-0.05766,+0.176,-1.441,-0.351,+5.865,+0.005,+4.078,2,+4.783,+4.961,-0.05096,+0.179,-1.274,-0.358,+4.783,+0.005,+3.156,2,-4.790,-4.962,+0.06152,-0.172,+1.538,+0.343,-4.790,+0.005,-2.904,0,-5.859,-5.693,+0.01336,+0.166,+0.334,-0.332,-5.859,+0.005,-5.852,2,+0.347,-0.000,-1.774,+0.252
DRV,24274,+0.0000,+0.0000,+0.0000,+0.0000,+1.1598,+0.0010,-7.768,-0.006,-0.00067,-0.0016,+0.0000,+0.065,0,0,+5.712,+5.805,-0.06692,+0.093,-1.673,-0.185,+5.712,+0.005,+3.859,2,+4.658,+4.753,-0.05123,+0.095,-1.281,-0.190,+4.658,+0.005,+3.192,0,-4.665,-5.102,+0.03897,-0.437,+0.974,+0.873,-4.665,+0.005,-2.813,2,-5.706,-5.560,+0.01471,+0.146,+0.368,-0.292,-5.706,+0.005,-5.626,2,+0.244,-0.350,-1.767,+0.380
DRV,24278,+0.0000,+0.0000,+0.0000,+0.0000,+1.1287,+0.0010,-7.768,-0.006,-0.00068,-0.0016,+0.0000,+0.065,0,0,+5.559,+5.612,-0.07351,+0.053,-1.838,-0.107,+5.559,+0.005,+3.620,0,+4.533,+4.375,-0.02166,-0.157,-0.541,+0.315,+4.533,+0.005,+4.311,2,-4.541,-4.803,+0.04372,-0.262,+1.093,+0.524,-4.541,+0.005,-2.918,2,-5.554,-5.610,+0.01914,-0.056,+0.478,+0.112,-5.554,+0.005,-4.958,2,+0.003,-0.427,-1.338,+1.393
DRV,24282,+0.0000,+0.0000,+0.0000,+0.0000,+1.0977,+0.0009,-7.768,-0.006,-0.00069,-0.0006,+0.0000,+0.022,0,0,+5.406,+5.712,-0.04368,+0.306,-1.092,-0.611,+5.406,+0.002,+3.705,0,+4.408,+4.334,-0.02274,-0.074,-0.569,+0.148,+4.408,+0.002,+3.990,2,-4.416,-4.689,+0.04701,-0.273,+1.175,+0.546,-4.416,+0.002,-2.692,2,-5.401,-5.503,+0.02702,-0.102,+0.676,+0.204,-5.401,+0.002,-4.519,2,+0.209,-0.355,-0.815,+1.297
DRV,24286,+0.0000,+0.0000,+0.0000,+0.0000,+1.0666,+0.0009,-7.768,-0.006,-0.00068,+0.0005,+0.0000,-0.020,0,0,+5.253,+5.534,-0.04646,+0.281,-1.161,-0.561,+5.253,-0.002,+3.529,2,+4.283,+4.249,-0.02590,-0.035,-0.648,+0.069,+4.283,-0.002,+3.703,2,-4.291,-4.467,+0.04960,-0.176,+1.240,+0.352,-4.291,-0.002,-2.700,2,-5.248,-5.453,+0.03683,-0.205,+0.921,+0.410,-5.248,-0.002,-3.919,2,+0.081,-0.218,-0.391,+1.003
DRV,24290,+0.0000,+0.0000,+0.0000,+0.0000,+1.0355,+0.0009,-7.768,-0.006,-0.00068,+0.0002,+0.0000,-0.010,0,0,+5.100,+5.258,-0.04809,+0.158,-1.202,-0.315,+5.100,-0.001,+3.582,2,+4.159,+4.217,-0.03029,+0.058,-0.757,-0.116,+4.159,-0.001,+3.284,2,-4.166,-4.380,+0.05074,-0.214,+1.268,+0.428,-4.166,-0.001,-2.470,2,-5.095,-5.288,+0.04665,-0.193,+1.166,+0.386,-5.095,-0.001,-3.543,2,-0.031,-0.163,+0.038,+0.815
DRV,24294,+0.0000,+0.0000,+0.0000,+0.0000,+1.0045,+0.0009,-7.768,-0.006,-0.00068,-0.0000,+0.0000,+0.001,0,0,+4.947,+5.132,-0.04859,+0.185,-1.215,-0.370,+4.947,+0.000,+3.363,2,+4.034,+4.055,-0.03512,+0.021,-0.878,-0.042,+4.034,+0.000,+3.114,2,-4.041,-4.243,+0.05348,-0.203,+1.337,+0.406,-4.041,+0.000,-2.298,2,-4.942,-5.156,+0.05685,-0.214,+1.421,+0.428,-4.942,+0.000,-3.093,2,-0.024,-0.189,+0.270,+0.816
DRV,24298,+0.0000,+0.0000,+0.0000,+0.0000,+0.9734,+0.0008,-7.768,-0.006,-0.00068,+0.0008,+0.0000,-0.031,0,0,+4.794,+4.928,-0.04910,+0.134,-1.227,-0.267,+4.794,-0.002,+3.296,2,+3.909,+3.960,-0.04002,+0.051,-1.001,-0.101,+3.909,-0.002,+2.805,2,-3.916,-4.012,+0.05400,-0.096,+1.350,+0.192,-3.916,-0.002,-2.376,2,-4.789,-4.842,+0.06400,-0.053,+1.600,+0.106,-4.789,-0.002,-3.085,2,+0.085,-0.052,+0.211,+0.428
DRV,24302,+0.0000,+0.0000,+0.0000,+0.0000,+0.9423,+0.0008,-7.768,-0.006,-0.00067,+0.0016,+0.0000,-0.063,0,0,+4.641,+4.686,-0.04770,+0.045,-1.192,-0.090,+4.641,-0.005,+3.353,2,+3.784,+3.854,-0.04538,+0.070,-1.134,-0.139,+3.784,-0.005,+2.506,2,-3.791,-3.901,+0.05382,-0.110,+1.345,+0.220,-3.791,-0.005,-2.230,2,-4.636,-4.684,+0.07077,-0.048,+1.769,+0.095,-4.636,-0.005,-2.777,0,+0.002,-0.047,+0.577,+0.275
DRV,24306,+0.0000,+0.0000,+0.0000,+0.0000,+0.9112,+0.0008,-7.768,-0.006,-0.00067,-0.0000,+0.0000,+0.001,0,0,+4.488,+4.594,-0.04670,+0.106,-1.167,-0.212,+4.488,+0.000,+3.108,2,+3.659,+3.662,-0.04965,+0.003,-1.241,-0.005,+3.659,+0.000,+2.413,0,-3.666,-3.701,+0.05333,-0.036,+1.333,+0.071,-3.666,+0.000,-2.261,0,-4.483,-4.467,+0.04725,+0.016,+1.181,-0.032,-4.483,+0.000,-3.334,0,+0.126,-0.039,-0.226,+0.152
DRV,24310,+0.0000,+0.0000,+0.0000,+0.0000,+0.8802,+0.0007,-7.768,-0.006,-0.00068,-0.0016,+0.0000,+0.065,0,0,+4.335,+4.391,-0.04532,+0.056,-1.133,-0.112,+4.335,+0.005,+3.095,2,+3.535,+3.576,-0.05360,+0.042,-1.340,-0.083,+3.535,+0.005,+2.116,0,-3.541,-3.368,+0.02876,+0.173,+0.719,-0.345,-3.541,+0.005,-3.162,0,-4.331,-4.663,+0.05174,-0.332,+1.293,+0.665,-4.331,+0.005,-2.367,2,-0.272,+0.208,+0.728,-1.046
DRV,24314,+0.0000,+0.0000,+0.0000,+0.0000,+0.8491,+0.0007,-7.768,-0.006,-0.00068,-0.0011,+0.0000,+0.044,0,0,+4.182,+4.237,-0.04434,+0.055,-1.108,-0.110,+4.182,+0.003,+2.967,0,+3.410,+3.446,-0.05724,+0.036,-1.431,-0.073,+3.410,+0.003,+1.910,0,-3.416,-3.328,+0.02880,+0.088,+0.720,-0.176,-3.416,+0.003,-2.868,2,-4.178,-4.407,+0.05584,-0.229,+1.396,+0.459,-4.178,+0.003,-2.320,2,-0.170,+0.118,+0.648,-0.958
DRV,24318,+0.0000,+0.0000,+0.0000,+0.0000,+0.8180,+0.0007,-7.768,-0.006,-0.00069,-0.0006,+0.0000,+0.022,0,0,+4.029,+4.064,-0.04260,+0.035,-1.065,-0.070,+4.029,+0.002,+2.896,0,+3.285,+3.486,-0.03909,+0.201,-0.977,-0.402,+3.285,+0.002,+1.907,2,-3.291,-3.220,+0.02968,+0.071,+0.742,-0.142,-3.291,+0.002,-2.689,2,-4.025,-4.157,+0.05651,-0.132,+1.413,+0.265,-4.025,+0.002,-2.346,2,-0.093,+0.267,+0.550,-0.782
DRV,24322,+0.0000,+0.0000,+0.0000,+0.0000,+0.7870,+0.0007,-7.768,-0.006,-0.00069,-0.0003,+0.0000,+0.012,0,0,+3.876,+3.707,-0.01671,-0.169,-0.418,+0.338,+3.876,+0.001,+3.797,2,+3.160,+3.334,-0.04172,+0.174,-1.043,-0.348,+3.160,+0.001,+1.771,2,-3.166,-3.064,+0.02986,+0.102,+0.747,-0.204,-3.166,+0.001,-2.622,2,-3.872,-4.007,+0.05795,-0.135,+1.449,+0.271,-3.872,+0.001,-2.151,2,-0.300,+0.270,+1.645,-0.852
DRV,24326,+0.0000,+0.0000,+0.0000,+0.0000,+0.7559,+0.0007,-7.768,-0.006,-0.00069,-0.0000,+0.0000,+0.001,0,0,+3.723,+3.701,-0.01921,-0.022,-0.480,+0.044,+3.723,+0.000,+3.287,2,+3.035,+3.187,-0.04403,+0.151,-1.101,-0.303,+3.035,+0.000,+1.632,2,-3.041,-3.013,+0.03051,+0.028,+0.763,-0.055,-3.041,+0.000,-2.333,2,-3.719,-3.753,+0.05747,-0.034,+1.437,+0.068,-3.719,+0.000,-2.214,2,-0.052,+0.174,+1.073,-0.701
DRV,24330,+0.0000,+0.0000,+0.0000,+0.0000,+0.7248,+0.0006,-7.768,-0.006,-0.00068,+0.0013,+0.0000,-0.052,0,0,+3.570,+3.500,-0.02211,-0.070,-0.553,+0.140,+3.570,-0.004,+3.153,2,+2.911,+2.986,-0.04526,+0.075,-1.132,-0.151,+2.911,-0.004,+1.624,2,-2.916,-2.991,+0.03506,-0.075,+0.877,+0.151,-2.916,-0.004,-1.892,2,-3.566,-3.630,+0.05624,-0.064,+1.406,+0.128,-3.566,-0.004,-2.036,2,-0.131,-0.005,+1.117,-0.268
DRV,24334,+0.0000,+0.0000,+0.0000,+0.0000,+0.6937,+0.0006,-7.768,-0.006,-0.00067,+0.0026,+0.0000,-0.105,0,0,+3.417,+3.481,-0.02578,+0.064,-0.645,-0.129,+3.417,-0.008,+2.635,2,+2.786,+2.819,-0.04464,+0.033,-1.116,-0.066,+2.786,-0.008,+1.595,2,-2.791,-2.750,+0.03815,+0.040,+0.954,-0.081,-2.791,-0.008,-1.926,2,-3.413,-3.532,+0.05694,-0.119,+1.423,+0.238,-3.413,-0.008,-1.760,2,-0.051,+0.069,+0.875,-0.331
DRV,24338,+0.0000,+0.0000,+0.0000,+0.0000,+0.6627,+0.0006,-7.768,-0.006,-0.00067,-0.0011,+0.0000,+0.044,0,0,+3.264,+3.376,-0.03177,+0.112,-0.794,-0.224,+3.264,+0.004,+2.249,2,+2.661,+2.779,-0.04485,+0.118,-1.121,-0.236,+2.661,+0.004,+1.308,2,-2.666,-2.652,+0.04055,+0.014,+1.014,-0.027,-2.666,+0.004,-1.676,2,-3.260,-3.268,+0.05687,-0.007,+1.422,+0.015,-3.260,+0.004,-1.820,0,+0.108,+0.127,+0.429,-0.368
DRV,24342,+0.0000,+0.0000,+0.0000,+0.0000,+0.6316,+0.0005,-7.768,-0.006,-0.00068,-0.0011,+0.0000,+0.044,0,0,+3.111,+3.190,-0.03777,+0.079,-0.944,-0.159,+3.111,+0.003,+2.011,2,+2.536,+2.611,-0.04475,+0.074,-1.119,-0.149,+2.536,+0.003,+1.272,2,-2.541,-2.611,+0.04456,-0.070,+1.114,+0.140,-2.541,+0.003,-1.283,0,-3.108,-3.140,+0.05527,-0.032,+1.382,+0.065,-3.108,+0.003,-1.657,0,+0.050,+0.000,+0.354,-0.011
DRV,24346,+0.0000,+0.0000,+0.0000,+0.0000,+0.6005,+0.0005,-7.768,-0.006,-0.00068,-0.0000,+0.0000,+0.001,0,0,+2.958,+3.000,-0.04262,+0.043,-1.066,-0.085,+2.958,+0.000,+1.807,2,+2.412,+2.383,-0.04433,-0.028,-1.108,+0.057,+2.412,+0.000,+1.360,0,-2.416,-2.472,+0.04825,-0.056,+1.206,+0.112,-2.416,+0.000,-1.097,0,-2.955,-2.905,+0.03643,+0.050,+0.911,-0.099,-2.955,+0.000,-2.143,2,+0.095,-0.089,-0.337,+0.263
DRV,24350,+0.0000,+0.0000,+0.0000,+0.0000,+0.5695,+0.0005,-7.768,-0.006,-0.00068,-0.0000,+0.0000,+0.001,0,0,+2.805,+2.908,-0.04826,+0.104,-1.207,-0.207,+2.805,+0.000,+1.391,2,+2.287,+2.300,-0.04284,+0.013,-1.071,-0.027,+2.287,+0.000,+1.189,0,-2.291,-2.438,+0.03591,-0.147,+0.898,+0.294,-2.291,+0.000,-1.099,2,-2.802,-2.796,+0.03792,+0.006,+0.948,-0.012,-2.802,+0.000,-1.866,2,+0.113,-0.137,-0.475,+0.090
DRV,24354,+0.0000,+0.0000,+0.0000,+0.0000,+0.5384,+0.0005,-7.768,-0.006,-0.00068,-0.0006,+0.0000,+0.022,0,0,+2.652,+2.679,-0.05314,+0.028,-1.329,-0.056,+2.652,+0.002,+1.269,0,+2.162,+2.054,-0.02760,-0.108,-0.690,+0.217,+2.162,+0.002,+1.690,0,-2.166,-2.306,+0.03822,-0.140,+0.956,+0.280,-2.166,+0.002,-0.928,2,-2.649,-2.637,+0.04057,+0.012,+1.014,-0.024,-2.649,+0.002,-1.657,2,+0.042,-0.252,-0.388,+0.762
DRV,24358,+0.0000,+0.0000,+0.0000,+0.0000,+0.5073,+0.0004,-7.768,-0.006,-0.00068,-0.0006,+0.0000,+0.022,0,0,+2.499,+2.704,-0.03962,+0.206,-0.991,-0.411,+2.499,+0.002,+1.099,2,+2.037,+1.979,-0.02815,-0.058,-0.704,+0.116,+2.037,+0.002,+1.451,2,-2.041,-2.187,+0.03984,-0.146,+0.996,+0.292,-2.041,+0.002,-0.751,2,-2.496,-2.504,+0.04360,-0.008,+1.090,+0.016,-2.496,+0.002,-1.388,2,+0.200,-0.207,-0.290,+0.700
DRV,24362,+0.0000,+0.0000,+0.0000,+0.0000,+0.4762,+0.0004,-7.768,-0.007,-0.00069,-0.0006,+0.0000,+0.022,0,0,+2.346,+2.552,-0.04337,+0.206,-1.084,-0.412,+2.346,+0.002,+0.851,2,+1.912,+1.958,-0.02993,+0.046,-0.748,-0.092,+1.912,+0.002,+1.074,2,-1.916,-2.014,+0.04191,-0.098,+1.048,+0.196,-1.916,+0.002,-0.671,2,-2.343,-2.484,+0.04895,-0.141,+1.224,+0.282,-2.343,+0.002,-0.835,2,+0.067,-0.055,+0.016,+0.403
DRV,24366,+0.0000,+0.0000,+0.0000,+0.0000,+0.4452,+0.0004,-7.768,-0.007,-0.00069,-0.0006,+0.0000,+0.022,0,0,+2.192,+2.351,-0.04752,+0.158,-1.188,-0.317,+2.192,+0.002,+0.690,2,+1.788,+1.741,-0.03254,-0.046,-0.813,+0.092,+1.788,+0.002,+1.068,2,-1.791,-1.909,+0.04367,-0.118,+1.092,+0.236,-1.791,+0.002,-0.461,2,-2.190,-2.241,+0.05315,-0.051,+1.329,+0.102,-2.190,+0.002,-0.758,2,+0.110,-0.167,-0.068,+0.607
DRV,24370,+0.0000,+0.0000,+0.0000,+0.0000,+0.4141,+0.0004,-7.768,-0.007,-0.00069,-0.0006,+0.0000,+0.022,0,0,+2.039,+2.071,-0.04746,+0.031,-1.186,-0.063,+2.039,+0.002,+0.792,2,+1.663,+1.628,-0.03253,-0.034,-0.813,+0.069,+1.663,+0.002,+0.920,2,-1.666,-1.583,+0.04282,+0.083,+1.070,-0.165,-1.666,+0.002,-0.759,2,-2.037,-1.948,+0.05429,+0.089,+1.357,-0.178,-2.037,+0.002,-0.856,2,+0.123,+0.045,-0.064,+0.161
DRV,24374,+0.0000,+0.0000,+0.0000,+0.0000,+0.3830,+0.0003,-7.768,-0.007,-0.00069,-0.0006,+0.0000,+0.022,0,0,+1.886,+1.810,-0.04587,-0.076,-1.147,+0.153,+1.886,+0.002,+0.894,2,+1.538,+1.513,-0.03374,-0.025,-0.844,+0.049,+1.538,+0.002,+0.746,2,-1.541,-1.479,+0.03974,+0.062,+0.993,-0.123,-1.541,+0.002,-0.669,2,-1.884,-1.888,+0.05583,-0.003,+1.396,+0.007,-1.884,+0.002,-0.480,0,-0.078,+0.034,+0.414,+0.076
DRV,24378,+0.0000,+0.0000,+0.0000,+0.0000,+0.3519,+0.0003,-7.768,-0.007,-0.00069,+0.0016,+0.0000,-0.063,0,0,+1.733,+1.717,-0.04391,-0.016,-1.098,+0.033,+1.733,-0.005,+0.663,2,+1.413,+1.530,-0.03694,+0.117,-0.923,-0.234,+1.413,-0.005,+0.251,2,-1.416,-1.379,+0.03788,+0.037,+0.947,-0.074,-1.416,-0.005,-0.548,0,-1.732,-1.777,+0.05813,-0.045,+1.453,+0.090,-1.732,-0.005,-0.193,0,-0.060,+0.151,+0.470,-0.296
DRV,24382,+0.0000,+0.0000,+0.0000,+0.0000,+0.3209,+0.0003,-7.768,-0.007,-0.00068,+0.0016,+0.0000,-0.063,0,0,+1.580,+1.519,-0.04197,-0.061,-1.049,+0.122,+1.580,-0.005,+0.649,2,+1.289,+1.395,-0.04173,+0.106,-1.043,-0.212,+1.289,-0.005,+0.028,2,-1.291,-1.369,+0.03764,-0.078,+0.941,+0.155,-1.291,-0.005,-0.200,0,-1.579,-1.803,+0.05201,-0.224,+1.300,+0.448,-1.579,-0.005,+0.165,2,-0.284,+0.026,+0.813,-0.172
DRV,24386,+0.0000,+0.0000,+0.0000,+0.0000,+0.2898,+0.0003,-7.768,-0.007,-0.00068,-0.0011,+0.0000,+0.044,0,0,+1.427,+1.562,-0.04195,+0.134,-1.049,-0.269,+1.427,+0.003,+0.114,2,+1.164,+1.168,-0.04353,+0.004,-1.088,-0.008,+1.164,+0.003,+0.071,0,-1.166,-1.282,+0.03248,-0.116,+0.812,+0.232,-1.166,+0.003,-0.119,2,-1.426,-1.409,+0.05280,+0.017,+1.320,-0.035,-1.426,+0.003,-0.137,2,+0.153,-0.114,-0.023,-0.048
DRV,24390,+0.0000,+0.0000,+0.0000,+0.0000,+0.2587,+0.0002,-7.768,-0.007,-0.00069,-0.0011,+0.0000,+0.044,0,0,+1.274,+1.436,-0.04616,+0.162,-1.154,-0.324,+1.274,+0.003,-0.200,0,+1.039,+1.190,-0.03926,+0.151,-0.982,-0.301,+1.039,+0.003,-0.241,0,-1.041,-1.072,+0.03583,-0.032,+0.896,+0.063,-1.041,+0.003,-0.079,2,-1.273,-1.286,+0.05206,-0.013,+1.301,+0.025,-1.273,+0.003,+0.057,2,+0.151,+0.117,-0.143,-0.319
DRV,24394,+0.0000,+0.0000,+0.0000,+0.0000,+0.2277,+0.0002,-7.768,-0.007,-0.00069,-0.0006,+0.0000,+0.022,0,0,+1.121,+1.081,-0.03926,-0.040,-0.981,+0.080,+1.121,+0.002,+0.221,2,+0.914,+0.925,-0.04081,+0.010,-1.020,-0.021,+0.914,+0.002,-0.125,2,-0.916,-0.922,+0.03695,-0.006,+0.924,+0.013,-0.916,+0.002,+0.022,2,-1.120,-1.082,+0.05171,+0.038,+1.293,-0.076,-1.120,+0.002,+0.098,2,-0.000,+0.002,+0.319,-0.103
DRV,24398,+0.0000,+0.0000,+0.0000,+0.0000,+0.1966,+0.0002,-7.768,-0.007,-0.00069,-0.0006,+0.0000,+0.022,0,0,+0.968,+0.976,-0.04042,+0.008,-1.011,-0.016,+0.968,+0.002,-0.056,2,+0.789,+0.587,-0.03745,-0.202,-0.936,+0.405,+0.789,+0.002,+0.260,2,-0.791,-0.846,+0.03930,-0.055,+0.982,+0.111,-0.791,+0.002,+0.304,2,-0.967,-0.748,+0.04753,+0.220,+1.188,-0.439,-0.967,+0.002,-0.216,2,+0.228,-0.259,-0.272,+0.564
DRV,24402,+0.0000,+0.0000,+0.0000,+0.0000,+0.1655,+0.0002,-7.768,-0.007,-0.00069,+0.0026,+0.0000,-0.106,0,0,+0.815,+0.776,-0.04160,-0.039,-1.040,+0.078,+0.815,-0.008,-0.155,2,+0.665,+0.434,-0.03146,-0.231,-0.787,+0.461,+0.665,-0.008,+0.331,2,-0.666,-0.626,+0.04057,+0.040,+1.014,-0.080,-0.666,-0.008,+0.260,2,-0.814,-0.586,+0.04144,+0.228,+1.036,-0.457,-0.814,-0.008,-0.243,2,+0.190,-0.192,-0.399,+0.591
DRV,24406,+0.0000,+0.0000,+0.0000,+0.0000,+0.1344,+0.0001,-7.768,-0.007,-0.00068,+0.0026,+0.0000,-0.105,0,0,+0.662,+0.423,-0.03857,-0.239,-0.964,+0.478,+0.662,-0.008,+0.167,2,+0.540,+0.438,-0.02747,-0.102,-0.687,+0.204,+0.540,-0.008,+0.049,2,-0.541,-0.318,+0.03731,+0.223,+0.933,-0.447,-0.541,-0.008,-0.063,2,-0.661,-0.497,+0.03690,+0.164,+0.922,-0.328,-0.661,-0.008,-0.076,2,-0.074,+0.120,+0.091,-0.014
DRV,24410,+0.0000,+0.0000,+0.0000,+0.0000,+0.1034,+0.0001,-7.768,-0.007,-0.00067,+0.0005,+0.0000,-0.020,0,0,+0.509,+0.021,-0.02903,-0.488,-0.726,+0.975,+0.509,-0.002,+0.757,2,+0.415,+0.466,-0.02775,+0.051,-0.694,-0.102,+0.415,-0.002,-0.382,2,-0.416,-0.027,+0.02953,+0.389,+0.738,-0.777,-0.416,-0.002,-0.457,2,-0.509,-0.380,+0.03389,+0.129,+0.847,-0.258,-0.509,-0.002,+0.079,2,-0.358,+0.439,+0.836,-0.839
DRV,24414,+0.0000,+0.0000,+0.0000,+0.0000,+0.0723,+0.0001,-7.768,-0.007,-0.00067,+0.0005,+0.0000,-0.020,0,0,+0.356,-0.281,-0.01452,-0.637,-0.363,+1.275,+0.356,-0.002,+1.267,2,+0.290,+0.411,-0.03003,+0.121,-0.751,-0.241,+0.290,-0.002,-0.703,2,-0.291,+0.199,+0.01836,+0.490,+0.459,-0.979,-0.291,-0.002,-0.813,2,-0.356,-0.257,+0.03166,+0.098,+0.792,-0.196,-0.356,-0.002,+0.238,0,-0.539,+0.610,+1.504,-1.516
DRV,24418,+0.0000,+0.0000,+0.0000,+0.0000,+0.0412,+0.0000,-7.768,-0.007,-0.00067,-0.0000,+0.0000,+0.001,0,0,+0.203,-0.283,-0.00040,-0.486,-0.010,+0.972,+0.203,+0.000,+1.165,2,+0.166,+0.276,-0.03314,+0.110,-0.828,-0.220,+0.166,+0.000,-0.883,2,-0.166,+0.342,+0.00574,+0.508,+0.143,-1.017,-0.166,+0.000,-1.039,0,-0.203,-0.141,+0.02867,+0.062,+0.717,-0.124,-0.203,+0.000,+0.390,0,-0.423,+0.618,+1.555,-1.922
DRV,24422,+0.0000,+0.0000,+0.0000,+0.0000,+0.0102,+0.0000,-7.768,-0.007,-0.00067,-0.0000,+0.0000,+0.001,0,0,+0.050,-0.172,+0.00681,-0.222,+0.170,+0.444,+0.050,+0.000,+0.665,2,+0.041,+0.102,-0.03554,+0.061,-0.889,-0.122,+0.041,+0.000,-0.970,0,-0.041,+0.351,-0.00260,+0.392,-0.065,-0.784,-0.041,+0.000,-0.889,0,-0.050,-0.006,+0.02799,+0.044,+0.700,-0.088,-0.050,+0.000,+0.562,2,-0.178,+0.453,+1.227,-1.860
DRV,24426,+0.0000,+0.0000,+0.0000,+0.0000,+0.0000,+0.0000,+0.000,+0.000,-0.00067,-0.0011,+0.0000,+0.044,2,1,+0.000,-0.188,+0.00975,-0.188,+0.244,+0.376,+0.000,+0.004,+0.623,0,+0.000,-0.073,-0.03753,-0.073,-0.938,+0.146,+0.000,+0.004,-0.789,0,+0.000,+0.297,-0.01171,+0.297,-0.293,-0.593,+0.000,+0.004,-0.882,2,+0.000,+0.120,+0.02507,+0.120,+0.627,-0.240,+0.000,+0.004,+0.390,2,-0.068,+0.224,+1.013,-1.671
DRV,24430,+0.0000,+0.0000,+0.0000,+0.0000,+0.0000,+0.0000,+0.000,+0.000,-0.00068,-0.0011,+0.0000,+0.044,2,1,+0.000,-0.191,+0.01545,-0.191,+0.386,+0.382,+0.000,+0.004,+0.772,0,+0.000,-0.152,-0.03413,-0.152,-0.853,+0.304,+0.000,+0.004,-0.546,2,+0.000,+0.240,-0.01713,+0.240,-0.428,-0.481,+0.000,+0.004,-0.905,2,+0.000,+0.211,+0.02080,+0.211,+0.520,-0.422,+0.000,+0.004,+0.102,2,+0.020,+0.088,+0.874,-1.451
DRV,24434,+0.0000,+0.0000,+0.0000,+0.0000,+0.0000,+0.0000,+0.000,+0.000,-0.00068,-0.0016,+0.0000,+0.065,2,1,+0.000,-0.158,+0.01953,-0.158,+0.488,+0.316,+0.000,+0.005,+0.809,2,+0.000,-0.203,-0.02852,-0.203,-0.713,+0.406,+0.000,+0.005,-0.301,2,+0.000,+0.130,-0.02072,+0.130,-0.518,-0.259,+0.000,+0.005,-0.772,2,+0.000,+0.238,+0.01529,+0.238,+0.382,-0.477,+0.000,+0.005,-0.089,2,+0.081,-0.073,+0.720,-1.074
DRV,24438,+0.0000,+0.0000,+0.0000,+0.0000,+0.0000,+0.0000,+0.000,+0.000,-0.00069,-0.0016,+0.0000,+0.065,2,1,+0.000,-0.069,+0.02204,-0.069,+0.551,+0.138,+0.000,+0.005,+0.695,2,+0.000,-0.180,-0.02293,-0.180,-0.573,+0.360,+0.000,+0.005,-0.208,2,+0.000,+0.025,-0.02204,+0.025,-0.551,-0.050,+0.000,+0.005,-0.595,2,+0.000,+0.209,+0.00976,+0.209,+0.244,-0.419,+0.000,+0.005,-0.170,2,+0.140,-0.155,+0.525,-0.803
DRV,24442,+0.0000,+0.0000,+0.0000,+0.0000,+0.0000,+0.0000,+0.000,+0.000,-0.00068,+0.0021,+0.0000,-0.084,2,1,+0.000,+0.000,+0.02298,+0.000,+0.575,+0.000,+0.000,-0.007,+0.568,2,+0.000,-0.119,-0.01893,-0.119,-0.473,+0.238,+0.000,-0.007,-0.241,2,+0.000,-0.063,-0.02110,-0.063,-0.528,+0.126,+0.000,-0.007,-0.408,2,+0.000,+0.156,+0.00532,+0.156,+0.133,-0.313,+0.000,-0.007,-0.186,2,+0.156,-0.182,+0.381,-0.650
DRV,24446,+0.0000,+0.0000,+0.0000,+0.0000,+0.0000,+0.0000,+0.000,+0.000,-0.00068,+0.0021,+0.0000,-0.084,2,1,+0.000,+0.062,+0.02235,+0.062,+0.559,-0.125,+0.000,-0.007,+0.427,2,+0.000,-0.033,-0.01687,-0.033,-0.422,+0.067,+0.000,-0.007,-0.362,2,+0.000,-0.103,-0.01866,-0.103,-0.467,+0.206,+0.000,-0.007,-0.267,2,+0.000,+0.091,+0.00278,+0.091,+0.069,-0.181,+0.000,-0.007,-0.119,0,+0.153,-0.136,+0.309,-0.629
DRV,24450,+0.0000,+0.0000,+0.0000,+0.0000,+0.0000,+0.0000,+0.000,+0.000,-0.00067,-0.0000,+0.0000,+0.001,2,1,+0.000,+0.058,+0.02105,+0.058,+0.526,-0.115,+0.000,+0.000,+0.411,2,+0.000,+0.046,-0.01664,+0.046,-0.416,-0.093,+0.000,+0.000,-0.508,2,+0.000,-0.094,-0.01575,-0.094,-0.394,+0.188,+0.000,+0.000,-0.206,2,+0.000,+0.024,+0.00186,+0.024,+0.046,-0.048,+0.000,+0.000,-0.001,0,+0.082,-0.048,+0.410,-0.714
DRV,24454,+0.0000,+0.0000,+0.0000,+0.0000,+0.0000,+0.0000,+0.000,+0.000,-0.00067,-0.0000,+0.0000,+0.001,2,1,+0.000,+0.022,+0.02059,+0.022,+0.515,-0.045,+0.000,+0.000,+0.470,2,+0.000,+0.088,-0.01826,+0.088,-0.456,-0.175,+0.000,+0.000,-0.632,2,+0.000,-0.042,-0.01391,-0.042,-0.348,+0.085,+0.000,+0.000,-0.263,0,+0.000,-0.034,+0.00254,-0.034,+0.064,+0.069,+0.000,+0.000,+0.132,0,-0.012,+0.045,+0.602,-0.895
DRV,24458,+0.0000,+0.0000,+0.0000,+0.0000,+0.0000,+0.0000,+0.000,+0.000,-0.00068,-0.0022,+0.0000,+0.086,2,1,+0.000,+0.000,+0.02045,+0.000,+0.511,+0.000,+0.000,+0.007,+0.518,2,+0.000,+0.090,-0.02069,+0.090,-0.517,-0.180,+0.000,+0.007,-0.691,0,+0.000,+0.000,-0.01328,+0.000,-0.332,+0.000,+0.000,+0.007,-0.325,0,+0.000,-0.054,+0.00356,-0.054,+0.089,+0.109,+0.000,+0.007,+0.205,2,-0.054,+0.090,+0.723,-1.016
DRV,24462,+0.0000,+0.0000,+0.0000,+0.0000,+0.0000,+0.0000,+0.000,+0.000,-0.00069,-0.0022,+0.0000,+0.086,2,1,+0.000,-0.024,+0.02102,-0.024,+0.526,+0.049,+0.000,+0.007,+0.581,0,+0.000,+0.053,-0.02242,+0.053,-0.560,-0.107,+0.000,+0.007,-0.660,0,+0.000,+0.038,-0.01424,+0.038,-0.356,-0.076,+0.000,+0.007,-0.425,2,+0.000,-0.061,+0.00490,-0.061,+0.122,+0.122,+0.000,+0.007,+0.251,2,-0.085,+0.092,+0.833,-1.086
DRV,24466,+0.0000,+0.0000,+0.0000,+0.0000,+0.0000,+0.0000,+0.000,+0.000,-0.00069,-0.0006,+0.0000,+0.022,2,1,+0.000,-0.008,+0.02124,-0.008,+0.531,+0.016,+0.000,+0.002,+0.549,0,+0.000,+0.021,-0.02335,+0.021,-0.584,-0.043,+0.000,+0.002,-0.625,2,+0.000,+0.055,-0.01556,+0.055,-0.389,-0.111,+0.000,+0.002,-0.498,2,+0.000,-0.045,+0.00627,-0.045,+0.157,+0.090,+0.000,+0.002,+0.248,2,-0.053,+0.077,+0.797,-1.123
DRV,24470,+0.0000,+0.0000,+0.0000,+0.0000,+0.0000,+0.0000,+0.000,+0.000,-0.00070,-0.0006,+0.0000,+0.022,2,1,+0.000,-0.001,+0.02145,-0.001,+0.536,+0.002,+0.000,+0.002,+0.540,2,+0.000,-0.018,-0.02315,-0.018,-0.579,+0.036,+0.000,+0.002,-0.541,2,+0.000,+0.044,-0.01688,+0.044,-0.422,-0.088,+0.000,+0.002,-0.508,2,+0.000,-0.014,+0.00686,-0.014,+0.171,+0.028,+0.000,+0.002,+0.201,2,-0.015,+0.026,+0.741,-1.049
DRV,24474,+0.0000,+0.0000,+0.0000,+0.0000,+0.0000,+0.0000,+0.000,+0.000,-0.00069,+0.0010,+0.0000,-0.042,2,1,+0.000,+0.005,+0.02129,+0.005,+0.532,-0.010,+0.000,-0.003,+0.519,2,+0.000,-0.052,-0.02215,-0.052,-0.554,+0.105,+0.000,-0.003,-0.452,2,+0.000,+0.014,-0.01743,+0.014,-0.436,-0.029,+0.000,-0.003,-0.468,2,+0.000,+0.007,+0.00670,+0.007,+0.167,-0.013,+0.000,-0.003,+0.151,2,+0.011,-0.038,+0.670,-0.920
DRV,24478,+0.0000,+0.0000,+0.0000,+0.0000,+0.0000,+0.0000,+0.000,+0.000,-0.00069,+0.0010,+0.0000,-0.042,2,1,+0.000,+0.000,+0.02100,+0.000,+0.525,+0.000,+0.000,-0.003,+0.522,2,+0.000,-0.048,-0.02090,-0.048,-0.523,+0.096,+0.000,-0.003,-0.430,2,+0.000,-0.017,-0.01733,-0.017,-0.433,+0.033,+0.000,-0.003,-0.403,2,+0.000,+0.028,+0.00603,+0.028,+0.151,-0.056,+0.000,-0.003,+0.091,2,+0.028,-0.065,+0.613,-0.833
DRV,24482,+0.0000,+0.0000,+0.0000,+0.0000,+0.0000,+0.0000,+0.000,+0.000,-0.00069,-0.0006,+0.0000,+0.022,2,1,+0.000,+0.000,+0.02091,+0.000,+0.523,+0.000,+0.000,+0.002,+0.525,2,+0.000,-0.018,-0.02023,-0.018,-0.506,+0.036,+0.000,+0.002,-0.468,2,+0.000,-0.040,-0.01665,-0.040,-0.416,+0.080,+0.000,+0.002,-0.334,2,+0.000,+0.031,+0.00517,+0.031,+0.129,-0.061,+0.000,+0.002,+0.070,2,+0.031,-0.058,+0.595,-0.802
DRV,24486,+0.0000,+0.0000,+0.0000,+0.0000,+0.0000,+0.0000,+0.000,+0.000,-0.00069,-0.0006,+0.0000,+0.022,2,1,+0.000,-0.006,+0.02086,-0.006,+0.522,+0.012,+0.000,+0.002,+0.536,2,+0.000,+0.000,-0.02028,+0.000,-0.507,+0.000,+0.000,+0.002,-0.505,2,+0.000,-0.031,-0.01593,-0.031,-0.398,+0.062,+0.000,+0.002,-0.335,2,+0.000,+0.013,+0.00474,+0.013,+0.118,-0.027,+0.000,+0.002,+0.094,0,+0.007,-0.031,+0.629,-0.840
DRV,24490,+0.0000,+0.0000,+0.0000,+0.0000,+0.0000,+0.0000,+0.000,+0.000,-0.00069,-0.0006,+0.0000,+0.022,2,1,+0.000,+0.000,+0.02086,+0.000,+0.522,+0.000,+0.000,+0.002,+0.523,2,+0.000,+0.026,-0.02066,+0.026,-0.517,-0.052,+0.000,+0.002,-0.567,2,+0.000,-0.009,-0.01555,-0.009,-0.389,+0.017,+0.000,+0.002,-0.370,0,+0.000,+0.000,+0.00474,+0.000,+0.118,+0.000,+0.000,+0.002,+0.120,0,+0.000,+0.018,+0.644,-0.937
DRV,24494,+0.0000,+0.0000,+0.0000,+0.0000,+0.0000,+0.0000,+0.000,+0.000,-0.00070,-0.0006,+0.0000,+0.022,2,1,+0.000,+0.000,+0.02091,+0.000,+0.523,+0.000,+0.000,+0.002,+0.525,2,+0.000,+0.030,-0.02138,+0.030,-0.535,-0.059,+0.000,+0.002,-0.592,2,+0.000,+0.006,-0.01550,+0.006,-0.388,-0.012,+0.000,+0.002,-0.398,0,+0.000,-0.013,+0.00517,-0.013,+0.129,+0.027,+0.000,+0.002,+0.158,2,-0.013,+0.036,+0.682,-0.990
DRV,24498,+0.0000,+0.0000,+0.0000,+0.0000,+0.0000,+0.0000,+0.000,+0.000,-0.00069,+0.0005,+0.0000,-0.021,2,1,+0.000,+0.000,+0.02096,+0.000,+0.524,+0.000,+0.000,-0.002,+0.522,2,+0.000,+0.010,-0.02172,+0.010,-0.543,-0.021,+0.000,-0.002,-0.566,0,+0.000,+0.025,-0.01584,+0.025,-0.396,-0.050,+0.000,-0.002,-0.447,2,+0.000,-0.018,+0.00560,-0.018,+0.140,+0.035,+0.000,-0.002,+0.174,2,-0.018,+0.035,+0.696,-1.013
DRV,24502,+0.0000,+0.0000,+0.0000,+0.0000,+0.0000,+0.0000,+0.000,+0.000,-0.00069,+0.0005,+0.0000,-0.020,2,1,+0.000,+0.000,+0.02104,+0.000,+0.526,+0.000,+0.000,-0.002,+0.524,0,+0.000,+0.001,-0.02164,+0.001,-0.541,-0.003,+0.000,-0.002,-0.545,0,+0.000,+0.026,-0.01614,+0.026,-0.404,-0.052,+0.000,-0.002,-0.458,2,+0.000,-0.007,+0.00568,-0.007,+0.142,+0.014,+0.000,-0.002,+0.155,2,-0.007,+0.028,+0.679,-1.003
DRV,24506,+0.0000,+0.0000,+0.0000,+0.0000,+0.0000,+0.0000,+0.000,+0.000,-0.00069,+0.0005,+0.0000,-0.020,2,1,+0.000,+0.000,+0.02100,+0.000,+0.525,+0.000,+0.000,-0.002,+0.523,2,+0.000,-0.009,-0.02167,-0.009,-0.542,+0.018,+0.000,-0.002,-0.525,2,+0.000,+0.010,-0.01656,+0.010,-0.414,-0.020,+0.000,-0.002,-0.436,2,+0.000,+0.000,+0.00603,+0.000,+0.151,+0.000,+0.000,-0.002,+0.149,2,+0.000,+0.001,+0.673,-0.961
DRV,24510,+0.0000,+0.0000,+0.0000,+0.0000,+0.0000,+0.0000,+0.000,+0.000,-0.00069,+0.0005,+0.0000,-0.020,2,1,+0.000,+0.000,+0.02092,+0.000,+0.523,+0.000,+0.000,-0.002,+0.521,2,+0.000,-0.021,-0.02137,-0.021,-0.534,+0.042,+0.000,-0.002,-0.494,2,+0.000,+0.000,-0.01664,+0.000,-0.416,+0.000,+0.000,-0.002,-0.418,2,+0.000,+0.002,+0.00595,+0.002,+0.149,-0.004,+0.000,-0.002,+0.143,2,+0.002,-0.021,+0.665,-0.911
DRV,24514,+0.0000,+0.0000,+0.0000,+0.0000,+0.0000,+0.0000,+0.000,+0.000,-0.00069,-0.0000,+0.0000,+0.001,2,1,+0.000,+0.000,+0.02088,+0.000,+0.522,+0.000,+0.000,+0.000,+0.522,2,+0.000,-0.009,-0.02103,-0.009,-0.526,+0.017,+0.000,+0.000,-0.509,2,+0.000,-0.021,-0.01630,-0.021,-0.408,+0.041,+0.000,+0.000,-0.367,2,+0.000,+0.009,+0.00552,+0.009,+0.138,-0.017,+0.000,+0.000,+0.121,2,+0.009,-0.029,+0.643,-0.875
DRV,24518,+0.0000,+0.0000,+0.0000,+0.0000,+0.0000,+0.0000,+0.000,+0.000,-0.00069,-0.0000,+0.0000,+0.001,2,1,+0.000,+0.000,+0.02091,+0.000,+0.523,+0.000,+0.000,+0.000,+0.523,2,+0.000,-0.001,-0.02100,-0.001,-0.525,+0.002,+0.000,+0.000,-0.523,2,+0.000,-0.018,-0.01589,-0.018,-0.397,+0.036,+0.000,+0.000,-0.361,2,+0.000,+0.009,+0.00517,+0.009,+0.129,-0.017,+0.000,+0.000,+0.112,2,+0.009,-0.019,+0.635,-0.884
DRV,24522,+0.0000,+0.0000,+0.0000,+0.0000,+0.0000,+0.0000,+0.000,+0.000,-0.00069,-0.0000,+0.0000,+0.001,2,1,+0.000,+0.000,+0.02091,+0.000,+0.523,+0.000,+0.000,+0.000,+0.523,2,+0.000,+0.011,-0.02100,+0.011,-0.525,-0.023,+0.000,+0.000,-0.548,2,+0.000,-0.003,-0.01589,-0.003,-0.397,+0.007,+0.000,+0.000,-0.390,2,+0.000,+0.000,+0.00517,+0.000,+0.129,+0.000,+0.000,+0.000,+0.129,0,+0.000,+0.008,+0.652,-0.938
DRV,24526,+0.0000,+0.0000,+0.0000,+0.0000,+0.0000,+0.0000,+0.000,+0.000,-0.00069,-0.0000,+0.0000,+0.001,2,1,+0.000,+0.000,+0.02099,+0.000,+0.525,+0.000,+0.000,+0.000,+0.525,2,+0.000,+0.008,-0.02130,+0.008,-0.533,-0.016,+0.000,+0.000,-0.549,2,+0.000,+0.000,-0.01581,+0.000,-0.395,+0.000,+0.000,+0.000,-0.395,0,+0.000,+0.000,+0.00525,+0.000,+0.131,+0.000,+0.000,+0.000,+0.131,0,+0.000,+0.008,+0.656,-0.944
DRV,24530,+0.0000,+0.0000,+0.0000,+0.0000,+0.0000,+0.0000,+0.000,+0.000,-0.00069,-0.0000,+0.0000,+0.001,2,1,+0.000,+0.000,+0.02107,+0.000,+0.527,+0.000,+0.000,+0.000,+0.527,2,+0.000,+0.009,-0.02122,+0.009,-0.531,-0.017,+0.000,+0.000,-0.548,2,+0.000,+0.021,-0.01611,+0.021,-0.403,-0.041,+0.000,+0.000,-0.444,0,+0.000,-0.004,+0.00533,-0.004,+0.133,+0.009,+0.000,+0.000,+0.142,0,-0.004,+0.029,+0.669,-0.991
DRV,24534,+0.0000,+0.0000,+0.0000,+0.0000,+0.0000,+0.0000,+0.000,+0.000,-0.00069,-0.0000,+0.0000,+0.001,2,1,+0.000,+0.000,+0.02096,+0.000,+0.524,+0.000,+0.000,+0.000,+0.524,0,+0.000,+0.000,-0.02133,+0.000,-0.533,+0.000,+0.000,+0.000,-0.533,0,+0.000,+0.016,-0.01622,+0.016,-0.406,-0.031,+0.000,+0.000,-0.437,0,+0.000,-0.003,+0.00560,-0.003,+0.140,+0.006,+0.000,+0.000,+0.146,2,-0.003,+0.016,+0.670,-0.970
DRV,24538,+0.0000,+0.0000,+0.0000,+0.0000,+0.0000,+0.0000,+0.000,+0.000,-0.00069,-0.0000,+0.0000,+0.001,2,1,+0.000,+0.000,+0.02096,+0.000,+0.524,+0.000,+0.000,+0.000,+0.524,0,+0.000,-0.005,-0.02133,-0.005,-0.533,+0.010,+0.000,+0.000,-0.523,0,+0.000,+0.000,-0.01622,+0.000,-0.406,+0.000,+0.000,+0.000,-0.406,2,+0.000,-0.005,+0.00560,-0.005,+0.140,+0.010,+0.000,+0.000,+0.151,2,-0.005,-0.005,+0.675,-0.928
DRV,24542,+0.0000,+0.0000,+0.0000,+0.0000,+0.0000,+0.0000,+0.000,+0.000,-0.00069,-0.0000,+0.0000,+0.001,2,1,+0.000,+0.000,+0.02096,+0.000,+0.524,+0.000,+0.000,+0.000,+0.524,0,+0.000,-0.011,-0.02133,-0.011,-0.533,+0.022,+0.000,+0.000,-0.511,2,+0.000,+0.000,-0.01622,+0.000,-0.406,+0.000,+0.000,+0.000,-0.406,2,+0.000,+0.000,+0.00560,+0.000,+0.140,+0.000,+0.000,+0.000,+0.140,2,+0.000,-0.011,+0.664,-0.917
DRV,24546,+0.0000,+0.0000,+0.0000,+0.0000,+0.0000,+0.0000,+0.000,+0.000,-0.00069,+0.0005,+0.0000,-0.020,2,1,+0.000,+0.000,+0.02088,+0.000,+0.522,+0.000,+0.000,-0.002,+0.520,2,+0.000,+0.000,-0.02103,+0.000,-0.526,+0.000,+0.000,-0.002,-0.527,2,+0.000,-0.010,-0.01630,-0.010,-0.408,+0.021,+0.000,-0.002,-0.388,2,+0.000,+0.000,+0.00552,+0.000,+0.138,+0.000,+0.000,-0.002,+0.136,2,+0.000,-0.010,+0.657,-0.916
DRV,24550,+0.0000,+0.0000,+0.0000,+0.0000,+0.0000,+0.0000,+0.000,+0.000,-0.00069,-0.0000,+0.0000,+0.001,2,1,+0.000,+0.000,+0.02088,+0.000,+0.522,+0.000,+0.000,+0.000,+0.522,2,+0.000,+0.000,-0.02103,+0.000,-0.526,+0.000,+0.000,+0.000,-0.526,2,+0.000,-0.008,-0.01630,-0.008,-0.408,+0.016,+0.000,+0.000,-0.391,2,+0.000,+0.004,+0.00552,+0.004,+0.138,-0.008,+0.000,+0.000,+0.130,2,+0.004,-0.008,+0.653,-0.917
DRV,24554,+0.0000,+0.0000,+0.0000,+0.0000,+0.0000,+0.0000,+0.000,+0.000,-0.00069,-0.0006,+0.0000,+0.022,2,1,+0.000,+0.000,+0.02088,+0.000,+0.522,+0.000,+0.000,+0.002,+0.524,2,+0.000,+0.004,-0.02141,+0.004,-0.535,-0.008,+0.000,+0.002,-0.541,2,+0.000,+0.000,-0.01592,+0.000,-0.398,+0.000,+0.000,+0.002,-0.396,2,+0.000,+0.000,+0.00552,+0.000,+0.138,+0.000,+0.000,+0.002,+0.140,2,+0.000,+0.004,+0.664,-0.937
DRV,24558,+0.0000,+0.0000,+0.0000,+0.0000,+0.0000,+0.0000,+0.000,+0.000,-0.00069,-0.0008,+0.0000,+0.033,2,1,+0.000,+0.000,+0.02088,+0.000,+0.522,+0.000,+0.000,+0.003,+0.525,2,+0.000,+0.002,-0.02141,+0.002,-0.535,-0.005,+0.000,+0.003,-0.537,2,+0.000,+0.000,-0.01592,+0.000,-0.398,+0.000,+0.000,+0.003,-0.395,2,+0.000,+0.000,+0.00552,+0.000,+0.138,+0.000,+0.000,+0.003,+0.141,2,+0.000,+0.002,+0.665,-0.933
DRV,24562,+0.0000,+0.0000,+0.0000,+0.0000,+0.0000,+0.0000,+0.000,+0.000,-0.00070,-0.0011,+0.0000,+0.043,2,1,+0.000,+0.000,+0.02096,+0.000,+0.524,+0.000,+0.000,+0.003,+0.527,2,+0.000,+0.000,-0.02133,+0.000,-0.533,+0.000,+0.000,+0.003,-0.530,2,+0.000,+0.008,-0.01622,+0.008,-0.406,-0.015,+0.000,+0.003,-0.417,2,+0.000,+0.000,+0.00560,+0.000,+0.140,+0.000,+0.000,+0.003,+0.143,0,+0.000,+0.008,+0.671,-0.947
DRV,24566,+0.0000,+0.0000,+0.0000,+0.0000,+0.0000,+0.0000,+0.000,+0.000,-0.00070,-0.0006,+0.0000,+0.022,2,1,+0.000,+0.000,+0.02096,+0.000,+0.524,+0.000,+0.000,+0.002,+0.526,2,+0.000,+0.000,-0.02133,+0.000,-0.533,+0.000,+0.000,+0.002,-0.532,2,+0.000,+0.002,-0.01622,+0.002,-0.406,-0.004,+0.000,+0.002,-0.408,0,+0.000,-0.001,+0.00560,-0.001,+0.140,+0.003,+0.000,+0.002,+0.145,0,-0.001,+0.002,+0.670,-0.939
DRV,24570,+0.0000,+0.0000,+0.0000,+0.0000,+0.0000,+0.0000,+0.000,+0.000,-0.00070,-0.0000,+0.0000,+0.001,2,1,+0.000,+0.000,+0.02096,+0.000,+0.524,+0.000,+0.000,+0.000,+0.524,2,+0.000,-0.003,-0.02133,-0.003,-0.533,+0.006,+0.000,+0.000,-0.528,0,+0.000,+0.000,-0.01622,+0.000,-0.406,+0.000,+0.000,+0.000,-0.406,0,+0.000,-0.003,+0.00560,-0.003,+0.140,+0.006,+0.000,+0.000,+0.146,2,-0.003,-0.003,+0.670,-0.933
DRV,24574,+0.0000,+0.0000,+0.0000,+0.0000,+0.0000,+0.0000,+0.000,+0.000,-0.00070,-0.0005,+0.0000,+0.022,2,1,+0.000,+0.000,+0.02096,+0.000,+0.524,+0.000,+0.000,+0.002,+0.526,0,+0.000,+0.000,-0.02133,+0.000,-0.533,+0.000,+0.000,+0.002,-0.532,0,+0.000,-0.000,-0.01622,-0.000,-0.406,+0.001,+0.000,+0.002,-0.403,2,+0.000,+0.000,+0.00560,+0.000,+0.140,+0.000,+0.000,+0.002,+0.142,2,+0.000,-0.000,+0.667,-0.934
DRV,24578,+0.0000,+0.0000,+0.0000,+0.0000,+0.0000,+0.0000,+0.000,+0.000,-0.00070,-0.0011,+0.0000,+0.043,2,1,+0.000,+0.000,+0.02096,+0.000,+0.524,+0.000,+0.000,+0.003,+0.527,0,+0.000,+0.000,-0.02133,+0.000,-0.533,+0.000,+0.000,+0.003,-0.530,2,+0.000,-0.006,-0.01622,-0.006,-0.406,+0.012,+0.000,+0.003,-0.390,2,+0.000,+0.000,+0.00560,+0.000,+0.140,+0.000,+0.000,+0.003,+0.143,2,+0.000,-0.006,+0.671,-0.920
DRV,24582,+0.0000,+0.0000,+0.0000,+0.0000,+0.0000,+0.0000,+0.000,+0.000,-0.00071,-0.0008,+0.0000,+0.032,2,1,+0.000,+0.000,+0.02096,+0.000,+0.524,+0.000,+0.000,+0.003,+0.527,2,+0.000,+0.000,-0.02133,+0.000,-0.533,+0.000,+0.000,+0.003,-0.531,2,+0.000,+0.000,-0.01622,+0.000,-0.406,+0.000,+0.000,+0.003,-0.403,2,+0.000,+0.002,+0.00560,+0.002,+0.140,-0.005,+0.000,+0.003,+0.138,2,+0.002,+0.000,+0.664,-0.934
DRV,24586,+0.0000,+0.0000,+0.0000,+0.0000,+0.0000,+0.0000,+0.000,+0.000,-0.00071,-0.0005,+0.0000,+0.022,2,1,+0.000,+0.000,+0.02096,+0.000,+0.524,+0.000,+0.000,+0.002,+0.526,2,+0.000,+0.003,-0.02133,+0.003,-0.533,-0.007,+0.000,+0.002,-0.538,2,+0.000,+0.000,-0.01622,+0.000,-0.406,+0.000,+0.000,+0.002,-0.404,2,+0.000,+0.000,+0.00560,+0.000,+0.140,+0.000,+0.000,+0.002,+0.142,2,+0.000,+0.003,+0.667,-0.942
DRV,24590,+0.0000,+0.0000,+0.0000,+0.0000,+0.0000,+0.0000,+0.000,+0.000,-0.00071,-0.0000,+0.0000,+0.000,2,1,+0.000,+0.000,+0.02096,+0.000,+0.524,+0.000,+0.000,+0.000,+0.524,2,+0.000,+0.000,-0.02133,+0.000,-0.533,+0.000,+0.000,+0.000,-0.533,2,+0.000,+0.004,-0.01622,+0.004,-0.406,-0.009,+0.000,+0.000,-0.414,2,+0.000,+0.000,+0.00560,+0.000,+0.140,+0.000,+0.000,+0.000,+0.140,2,+0.000,+0.004,+0.664,-0.947
DRV,24594,+0.0000,+0.0000,+0.0000,+0.0000,+0.0000,+0.0000,+0.000,+0.000,-0.00071,+0.0005,+0.0000,-0.021,2,1,+0.000,+0.000,+0.02096,+0.000,+0.524,+0.000,+0.000,-0.002,+0.522,2,+0.000,+0.000,-0.02133,+0.000,-0.533,+0.000,+0.000,-0.002,-0.535,2,+0.000,+0.001,-0.01622,+0.001,-0.406,-0.002,+0.000,-0.002,-0.409,2,+0.000,+0.000,+0.00560,+0.000,+0.140,+0.000,+0.000,-0.002,+0.138,0,+0.000,+0.001,+0.661,-0.944
DRV,24598,+0.0000,+0.0000,+0.0000,+0.0000,+0.0000,+0.0000,+0.000,+0.000,-0.00071,+0.0003,+0.0000,-0.010,2,1,+0.000,+0.000,+0.02096,+0.000,+0.524,+0.000,+0.000,-0.001,+0.523,2,+0.000,+0.000,-0.02133,+0.000,-0.533,+0.000,+0.000,-0.001,-0.534,2,+0.000,+0.000,-0.01622,+0.000,-0.406,+0.000,+0.000,-0.001,-0.406,2,+0.000,-0.001,+0.00560,-0.001,+0.140,+0.002,+0.000,-0.001,+0.141,0,-0.001,+0.000,+0.664,-0.941
DRV,24602,+0.0000,+0.0000,+0.0000,+0.0000,+0.0000,+0.0000,+0.000,+0.000,-0.00071,-0.0000,+0.0000,+0.001,2,1,+0.000,+0.000,+0.02096,+0.000,+0.524,+0.000,+0.000,+0.000,+0.524,2,+0.000,-0.001,-0.02133,-0.001,-0.533,+0.003,+0.000,+0.000,-0.530,2,+0.000,+0.000,-0.01622,+0.000,-0.406,+0.000,+0.000,+0.000,-0.406,0,+0.000,+0.000,+0.00560,+0.000,+0.140,+0.000,+0.000,+0.000,+0.140,0,+0.000,-0.001,+0.664,-0.936
DRV,24606,+0.0000,+0.0000,+0.0000,+0.0000,+0.0000,+0.0000,+0.000,+0.000,-0.00071,+0.0003,+0.0000,-0.010,2,1,+0.000,+0.000,+0.02096,+0.000,+0.524,+0.000,+0.000,-0.001,+0.523,2,+0.000,+0.000,-0.02133,+0.000,-0.533,+0.000,+0.000,-0.001,-0.534,0,+0.000,+0.000,-0.01622,+0.000,-0.406,+0.000,+0.000,-0.001,-0.406,0,+0.000,+0.000,+0.00560,+0.000,+0.140,+0.000,+0.000,-0.001,+0.139,2,+0.000,+0.000,+0.662,-0.941
DRV,24610,+0.0000,+0.0000,+0.0000,+0.0000,+0.0000,+0.0000,+0.000,+0.000,-0.00071,+0.0005,+0.0000,-0.021,2,1,+0.000,+0.000,+0.02096,+0.000,+0.524,+0.000,+0.000,-0.002,+0.522,2,+0.000,+0.000,-0.02133,+0.000,-0.533,+0.000,+0.000,-0.002,-0.535,0,+0.000,+0.000,-0.01622,+0.000,-0.406,+0.000,+0.000,-0.002,-0.407,2,+0.000,+0.000,+0.00560,+0.000,+0.140,+0.000,+0.000,-0.002,+0.138,2,+0.000,+0.000,+0.661,-0.942
DRV,24614,+0.0000,+0.0000,+0.0000,+0.0000,+0.0000,+0.0000,+0.000,+0.000,-0.00070,+0.0005,+0.0000,-0.021,2,1,+0.000,+0.000,+0.02096,+0.000,+0.524,+0.000,+0.000,-0.002,+0.522,0,+0.000,+0.001,-0.02133,+0.001,-0.533,-0.002,+0.000,-0.002,-0.537,0,+0.000,+0.000,-0.01622,+0.000,-0.406,+0.000,+0.000,-0.002,-0.407,2,+0.000,+0.000,+0.00560,+0.000,+0.140,+0.000,+0.000,-0.002,+0.138,2,+0.000,+0.001,+0.661,-0.944
DRV,24618,+0.0000,+0.0000,+0.0000,+0.0000,+0.0000,+0.0000,+0.000,+0.000,-0.00070,+0.0005,+0.0000,-0.021,2,1,+0.000,+0.000,+0.02096,+0.000,+0.524,+0.000,+0.000,-0.002,+0.522,2,+0.000,+0.000,-0.02133,+0.000,-0.533,+0.000,+0.000,-0.002,-0.535,2,+0.000,+0.000,-0.01622,+0.000,-0.406,+0.000,+0.000,-0.002,-0.407,2,+0.000,+0.000,+0.00560,+0.000,+0.140,+0.000,+0.000,-0.002,+0.138,2,+0.000,+0.000,+0.661,-0.942
DRV,24622,+0.0000,+0.0000,+0.0000,+0.0000,+0.0000,+0.0000,+0.000,+0.000,-0.00070,+0.0002,+0.0000,-0.010,2,1,+0.000,+0.000,+0.02096,+0.000,+0.524,+0.000,+0.000,-0.001,+0.523,2,+0.000,+0.000,-0.02133,+0.000,-0.533,+0.000,+0.000,-0.001,-0.534,2,+0.000,+0.000,-0.01622,+0.000,-0.406,+0.000,+0.000,-0.001,-0.406,2,+0.000,+0.000,+0.00560,+0.000,+0.140,+0.000,+0.000,-0.001,+0.139,2,+0.000,+0.000,+0.662,-0.941
DRV,24626,+0.0000,+0.0000,+0.0000,+0.0000,+0.0000,+0.0000,+0.000,+0.000,-0.00070,-0.0000,+0.0000,+0.001,2,1,+0.000,+0.000,+0.02096,+0.000,+0.524,+0.000,+0.000,+0.000,+0.524,2,+0.000,+0.000,-0.02133,+0.000,-0.533,+0.000,+0.000,+0.000,-0.533,2,+0.000,+0.004,-0.01622,+0.004,-0.406,-0.008,+0.000,+0.000,-0.413,2,+0.000,+0.000,+0.00560,+0.000,+0.140,+0.000,+0.000,+0.000,+0.140,2,+0.000,+0.004,+0.664,-0.946
DRV,24630,+0.0000,+0.0000,+0.0000,+0.0000,+0.0000,+0.0000,+0.000,+0.000,-0.00070,-0.0000,+0.0000,+0.001,2,1,+0.000,+0.000,+0.02096,+0.000,+0.524,+0.000,+0.000,+0.000,+0.524,2,+0.000,-0.002,-0.02133,-0.002,-0.533,+0.004,+0.000,+0.000,-0.529,2,+0.000,+0.000,-0.01622,+0.000,-0.406,+0.000,+0.000,+0.000,-0.406,2,+0.000,+0.000,+0.00560,+0.000,+0.140,+0.000,+0.000,+0.000,+0.140,2,+0.000,-0.002,+0.664,-0.935
DRV,24634,+0.0000,+0.0000,+0.0000,+0.0000,+0.0000,+0.0000,+0.000,+0.000,-0.00070,-0.0000,+0.0000,+0.001,2,1,+0.000,+0.000,+0.02096,+0.000,+0.524,+0.000,+0.000,+0.000,+0.524,2,+0.000,+0.000,-0.02133,+0.000,-0.533,+0.000,+0.000,+0.000,-0.533,2,+0.000,+0.000,-0.01622,+0.000,-0.406,+0.000,+0.000,+0.000,-0.406,2,+0.000,+0.000,+0.00560,+0.000,+0.140,+0.000,+0.000,+0.000,+0.140,0,+0.000,+0.000,+0.664,-0.939
DRV,24638,+0.0000,+0.0000,+0.0000,+0.0000,+0.0000,+0.0000,+0.000,+0.000,-0.00070,-0.0000,+0.0000,+0.001,2,1,+0.000,+0.000,+0.02096,+0.000,+0.524,+0.000,+0.000,+0.000,+0.524,2,+0.000,+0.000,-0.02133,+0.000,-0.533,+0.000,+0.000,+0.000,-0.533,2,+0.000,+0.000,-0.01622,+0.000,-0.406,+0.000,+0.000,+0.000,-0.406,0,+0.000,+0.000,+0.00560,+0.000,+0.140,+0.000,+0.000,+0.000,+0.140,0,+0.000,+0.000,+0.664,-0.939
DRV,24642,+0.0000,+0.0000,+0.0000,+0.0000,+0.0000,+0.0000,+0.000,+0.000,-0.00070,-0.0000,+0.0000,+0.001,2,1,+0.000,+0.000,+0.02096,+0.000,+0.524,+0.000,+0.000,+0.000,+0.524,2,+0.000,+0.001,-0.02133,+0.001,-0.533,-0.002,+0.000,+0.000,-0.535,2,+0.000,+0.000,-0.01622,+0.000,-0.406,+0.000,+0.000,+0.000,-0.406,0,+0.000,+0.000,+0.00560,+0.000,+0.140,+0.000,+0.000,+0.000,+0.140,2,+0.000,+0.001,+0.664,-0.941
DRV,24646,+0.0000,+0.0000,+0.0000,+0.0000,+0.0000,+0.0000,+0.000,+0.000,-0.00070,-0.0000,+0.0000,+0.001,2,1,+0.000,+0.000,+0.02096,+0.000,+0.524,+0.000,+0.000,+0.000,+0.524,2,+0.000,+0.002,-0.02133,+0.002,-0.533,-0.005,+0.000,+0.000,-0.538,0,+0.000,+0.000,-0.01622,+0.000,-0.406,+0.000,+0.000,+0.000,-0.406,2,+0.000,+0.000,+0.00560,+0.000,+0.140,+0.000,+0.000,+0.000,+0.140,2,+0.000,+0.002,+0.664,-0.944
DRV,24650,+0.0000,+0.0000,+0.0000,+0.0000,+0.0000,+0.0000,+0.000,+0.000,-0.00070,-0.0000,+0.0000,+0.001,2,1,+0.000,+0.000,+0.02096,+0.000,+0.524,+0.000,+0.000,+0.000,+0.524,0,+0.000,+0.000,-0.02133,+0.000,-0.533,+0.000,+0.000,+0.000,-0.533,2,+0.000,+0.000,-0.01622,+0.000,-0.406,+0.000,+0.000,+0.000,-0.406,2,+0.000,+0.000,+0.00560,+0.000,+0.140,+0.000,+0.000,+0.000,+0.140,2,+0.000,+0.000,+0.664,-0.939
DRV,24654,+0.0000,+0.0000,+0.0000,+0.0000,+0.0000,+0.0000,+0.000,+0.000,-0.00070,-0.0003,+0.0000,+0.011,2,1,+0.000,+0.000,+0.02096,+0.000,+0.524,+0.000,+0.000,+0.001,+0.525,0,+0.000,+0.000,-0.02133,+0.000,-0.533,+0.000,+0.000,+0.001,-0.532,2,+0.000,+0.000,-0.01622,+0.000,-0.406,+0.000,+0.000,+0.001,-0.405,2,+0.000,+0.000,+0.00560,+0.000,+0.140,+0.000,+0.000,+0.001,+0.141,2,+0.000,+0.000,+0.666,-0.937
DRV,24658,+0.0000,+0.0000,+0.0000,+0.0000,+0.0000,+0.0000,+0.000,+0.000,-0.00070,-0.0005,+0.0000,+0.022,2,1,+0.000,+0.000,+0.02096,+0.000,+0.524,+0.000,+0.000,+0.002,+0.526,2,+0.000,+0.000,-0.02133,+0.000,-0.533,+0.000,+0.000,+0.002,-0.532,2,+0.000,+0.000,-0.01622,+0.000,-0.406,+0.000,+0.000,+0.002,-0.404,2,+0.000,+0.000,+0.00560,+0.000,+0.140,+0.000,+0.000,+0.002,+0.142,2,+0.000,+0.000,+0.667,-0.935
DRV,24662,+0.0000,+0.0000,+0.0000,+0.0000,+0.0000,+0.0000,+0.000,+0.000,-0.00071,-0.0008,+0.0000,+0.033,2,1,+0.000,+0.000,+0.02096,+0.000,+0.524,+0.000,+0.000,+0.003,+0.527,2,+0.000,+0.000,-0.02133,+0.000,-0.533,+0.000,+0.000,+0.003,-0.531,2,+0.000,+0.000,-0.01622,+0.000,-0.406,+0.000,+0.000,+0.003,-0.403,2,+0.000,+0.000,+0.00560,+0.000,+0.140,+0.000,+0.000,+0.003,+0.143,2,+0.000,+0.000,+0.669,-0.934
DRV,24666,+0.0000,+0.0000,+0.0000,+0.0000,+0.0000,+0.0000,+0.000,+0.000,-0.00071,-0.0011,+0.0000,+0.043,2,1,+0.000,+0.000,+0.02096,+0.000,+0.524,+0.000,+0.000,+0.003,+0.527,2,+0.000,+0.000,-0.02133,+0.000,-0.533,+0.000,+0.000,+0.003,-0.530,2,+0.000,+0.000,-0.01622,+0.000,-0.406,+0.000,+0.000,+0.003,-0.402,2,+0.000,+0.000,+0.00560,+0.000,+0.140,+0.000,+0.000,+0.003,+0.143,2,+0.000,+0.000,+0.671,-0.932
DRV,24670,+0.0000,+0.0000,+0.0000,+0.0000,+0.0000,+0.0000,+0.000,+0.000,-0.00071,-0.0003,+0.0000,+0.011,2,1,+0.000,+0.000,+0.02096,+0.000,+0.524,+0.000,+0.000,+0.001,+0.525,2,+0.000,+0.000,-0.02133,+0.000,-0.533,+0.000,+0.000,+0.001,-0.532,2,+0.000,+0.000,-0.01622,+0.000,-0.406,+0.000,+0.000,+0.001,-0.405,2,+0.000,+0.000,+0.00560,+0.000,+0.140,+0.000,+0.000,+0.001,+0.141,0,+0.000,+0.000,+0.666,-0.937
DRV,24674,+0.0000,+0.0000,+0.0000,+0.0000,+0.0000,+0.0000,+0.000,+0.000,-0.00071,+0.0005,+0.0000,-0.021,2,1,+0.000,+0.000,+0.02096,+0.000,+0.524,+0.000,+0.000,-0.002,+0.522,2,+0.000,+0.000,-0.02133,+0.000,-0.533,+0.000,+0.000,-0.002,-0.535,2,+0.000,+0.000,-0.01622,+0.000,-0.406,+0.000,+0.000,-0.002,-0.407,2,+0.000,+0.000,+0.00560,+0.000,+0.140,+0.000,+0.000,-0.002,+0.138,0,+0.000,+0.000,+0.661,-0.942
DRV,24678,+0.0000,+0.0000,+0.0000,+0.0000,+0.0000,+0.0000,+0.000,+0.000,-0.00071,+0.0005,+0.0000,-0.021,2,1,+0.000,+0.000,+0.02096,+0.000,+0.524,+0.000,+0.000,-0.002,+0.522,2,+0.000,+0.000,-0.02133,+0.000,-0.533,+0.000,+0.000,-0.002,-0.535,0,+0.000,+0.000,-0.01622,+0.000,-0.406,+0.000,+0.000,-0.002,-0.407,0,+0.000,+0.000,+0.00560,+0.000,+0.140,+0.000,+0.000,-0.002,+0.138,0,+0.000,+0.000,+0.661,-0.942
DRV,24682,+0.0000,+0.0000,+0.0000,+0.0000,+0.0000,+0.0000,+0.000,+0.000,-0.00071,+0.0005,+0.0000,-0.021,2,1,+0.000,+0.000,+0.02096,+0.000,+0.524,+0.000,+0.000,-0.002,+0.522,2,+0.000,+0.000,-0.02133,+0.000,-0.533,+0.000,+0.000,-0.002,-0.535,0,+0.000,+0.000,-0.01622,+0.000,-0.406,+0.000,+0.000,-0.002,-0.407,0,+0.000,+0.000,+0.00560,+0.000,+0.140,+0.000,+0.000,-0.002,+0.138,2,+0.000,+0.000,+0.661,-0.942
DRV,24686,+0.0000,+0.0000,+0.0000,+0.0000,+0.0000,+0.0000,+0.000,+0.000,-0.00070,+0.0005,+0.0000,-0.021,2,1,+0.000,+0.000,+0.02096,+0.000,+0.524,+0.000,+0.000,-0.002,+0.522,0,+0.000,+0.000,-0.02133,+0.000,-0.533,+0.000,+0.000,-0.002,-0.535,0,+0.000,+0.000,-0.01622,+0.000,-0.406,+0.000,+0.000,-0.002,-0.407,2,+0.000,+0.000,+0.00560,+0.000,+0.140,+0.000,+0.000,-0.002,+0.138,2,+0.000,+0.000,+0.661,-0.942
DRV,24690,+0.0000,+0.0000,+0.0000,+0.0000,+0.0000,+0.0000,+0.000,+0.000,-0.00070,+0.0005,+0.0000,-0.021,2,1,+0.000,+0.000,+0.02096,+0.000,+0.524,+0.000,+0.000,-0.002,+0.522,0,+0.000,+0.000,-0.02133,+0.000,-0.533,+0.000,+0.000,-0.002,-0.535,2,+0.000,+0.000,-0.01622,+0.000,-0.406,+0.000,+0.000,-0.002,-0.407,2,+0.000,+0.000,+0.00560,+0.000,+0.140,+0.000,+0.000,-0.002,+0.138,2,+0.000,+0.000,+0.661,-0.942
DRV,24694,+0.0000,+0.0000,+0.0000,+0.0000,+0.0000,+0.0000,+0.000,+0.000,-0.00070,-0.0000,+0.0000,+0.001,2,1,+0.000,+0.000,+0.02096,+0.000,+0.524,+0.000,+0.000,+0.000,+0.524,2,+0.000,+0.000,-0.02133,+0.000,-0.533,+0.000,+0.000,+0.000,-0.533,2,+0.000,+0.000,-0.01622,+0.000,-0.406,+0.000,+0.000,+0.000,-0.406,2,+0.000,+0.000,+0.00560,+0.000,+0.140,+0.000,+0.000,+0.000,+0.140,2,+0.000,+0.000,+0.664,-0.939
DRV,24698,+0.0000,+0.0000,+0.0000,+0.0000,+0.0000,+0.0000,+0.000,+0.000,-0.00070,-0.0005,+0.0000,+0.022,2,1,+0.000,+0.000,+0.02096,+0.000,+0.524,+0.000,+0.000,+0.002,+0.526,2,+0.000,+0.000,-0.02133,+0.000,-0.533,+0.000,+0.000,+0.002,-0.532,2,+0.000,+0.000,-0.01622,+0.000,-0.406,+0.000,+0.000,+0.002,-0.404,2,+0.000,+0.000,+0.00560,+0.000,+0.140,+0.000,+0.000,+0.002,+0.142,2,+0.000,+0.000,+0.667,-0.935
DRV,24702,+0.0000,+0.0000,+0.0000,+0.0000,+0.0000,+0.0000,+0.000,+0.000,-0.00070,-0.0000,+0.0000,+0.001,2,1,+0.000,+0.000,+0.02096,+0.000,+0.524,+0.000,+0.000,+0.000,+0.524,2,+0.000,+0.001,-0.02133,+0.001,-0.533,-0.002,+0.000,+0.000,-0.535,2,+0.000,+0.000,-0.01622,+0.000,-0.406,+0.000,+0.000,+0.000,-0.406,2,+0.000,+0.000,+0.00560,+0.000,+0.140,+0.000,+0.000,+0.000,+0.140,2,+0.000,+0.001,+0.664,-0.941
DRV,24706,+0.0000,+0.0000,+0.0000,+0.0000,+0.0000,+0.0000,+0.000,+0.000,-0.00070,+0.0005,+0.0000,-0.021,2,1,+0.000,+0.000,+0.02096,+0.000,+0.524,+0.000,+0.000,-0.002,+0.522,2,+0.000,+0.000,-0.02133,+0.000,-0.533,+0.000,+0.000,-0.002,-0.535,2,+0.000,+0.000,-0.01622,+0.000,-0.406,+0.000,+0.000,-0.002,-0.407,2,+0.000,+0.000,+0.00560,+0.000,+0.140,+0.000,+0.000,-0.002,+0.138,2,+0.000,+0.000,+0.661,-0.942
DRV,24710,+0.0000,+0.0000,+0.0000,+0.0000,+0.0000,+0.0000,+0.000,+0.000,-0.00070,-0.0000,+0.0000,+0.001,2,1,+0.000,+0.000,+0.02096,+0.000,+0.524,+0.000,+0.000,+0.000,+0.524,2,+0.000,+0.000,-0.02133,+0.000,-0.533,+0.000,+0.000,+0.000,-0.533,2,+0.000,+0.000,-0.01622,+0.000,-0.406,+0.000,+0.000,+0.000,-0.406,2,+0.000,+0.000,+0.00560,+0.000,+0.140,+0.000,+0.000,+0.000,+0.140,0,+0.000,+0.000,+0.664,-0.939
DRV,24714,+0.0000,+0.0000,+0.0000,+0.0000,+0.0000,+0.0000,+0.000,+0.000,-0.00070,-0.0005,+0.0000,+0.022,2,1,+0.000,+0.000,+0.02096,+0.000,+0.524,+0.000,+0.000,+0.002,+0.526,2,+0.000,+0.000,-0.02133,+0.000,-0.533,+0.000,+0.000,+0.002,-0.532,2,+0.000,+0.000,-0.01622,+0.000,-0.406,+0.000,+0.000,+0.002,-0.404,0,+0.000,+0.000,+0.00560,+0.000,+0.140,+0.000,+0.000,+0.002,+0.142,0,+0.000,+0.000,+0.667,-0.935
DRV,24718,+0.0000,+0.0000,+0.0000,+0.0000,+0.0000,+0.0000,+0.000,+0.000,-0.00070,-0.0000,+0.0000,+0.001,2,1,+0.000,+0.000,+0.02096,+0.000,+0.524,+0.000,+0.000,+0.000,+0.524,2,+0.000,+0.000,-0.02133,+0.000,-0.533,+0.000,+0.000,+0.000,-0.533,0,+0.000,+0.000,-0.01622,+0.000,-0.406,+0.000,+0.000,+0.000,-0.406,0,+0.000,+0.000,+0.00560,+0.000,+0.140,+0.000,+0.000,+0.000,+0.140,2,+0.000,+0.000,+0.664,-0.939
DRV,24722,+0.0000,+0.0000,+0.0000,+0.0000,+0.0000,+0.0000,+0.000,+0.000,-0.00070,+0.0005,+0.0000,-0.021,2,1,+0.000,+0.000,+0.02096,+0.000,+0.524,+0.000,+0.000,-0.002,+0.522,0,+0.000,+0.000,-0.02133,+0.000,-0.533,+0.000,+0.000,-0.002,-0.535,0,+0.000,+0.000,-0.01622,+0.000,-0.406,+0.000,+0.000,-0.002,-0.407,2,+0.000,+0.000,+0.00560,+0.000,+0.140,+0.000,+0.000,-0.002,+0.138,2,+0.000,+0.000,+0.661,-0.942
DRV,24726,+0.0000,+0.0000,+0.0000,+0.0000,+0.0000,+0.0000,+0.000,+0.000,-0.00070,-0.0000,+0.0000,+0.001,2,1,+0.000,+0.000,+0.02096,+0.000,+0.524,+0.000,+0.000,+0.000,+0.524,0,+0.000,+0.000,-0.02133,+0.000,-0.533,+0.000,+0.000,+0.000,-0.533,0,+0.000,+0.000,-0.01622,+0.000,-0.406,+0.000,+0.000,+0.000,-0.406,2,+0.000,+0.000,+0.00560,+0.000,+0.140,+0.000,+0.000,+0.000,+0.140,2,+0.000,+0.000,+0.664,-0.939
DRV,24730,+0.0000,+0.0000,+0.0000,+0.0000,+0.0000,+0.0000,+0.000,+0.000,-0.00070,-0.0005,+0.0000,+0.022,2,1,+0.000,+0.000,+0.02096,+0.000,+0.524,+0.000,+0.000,+0.002,+0.526,0,+0.000,+0.000,-0.02133,+0.000,-0.533,+0.000,+0.000,+0.002,-0.532,2,+0.000,+0.000,-0.01622,+0.000,-0.406,+0.000,+0.000,+0.002,-0.404,2,+0.000,+0.000,+0.00560,+0.000,+0.140,+0.000,+0.000,+0.002,+0.142,2,+0.000,+0.000,+0.667,-0.935
DRV,24734,+0.0000,+0.0000,+0.0000,+0.0000,+0.0000,+0.0000,+0.000,+0.000,-0.00071,-0.0008,+0.0000,+0.032,2,1,+0.000,+0.000,+0.02096,+0.000,+0.524,+0.000,+0.000,+0.003,+0.527,2,+0.000,+0.000,-0.02133,+0.000,-0.533,+0.000,+0.000,+0.003,-0.531,2,+0.000,+0.000,-0.01622,+0.000,-0.406,+0.000,+0.000,+0.003,-0.403,2,+0.000,+0.000,+0.00560,+0.000,+0.140,+0.000,+0.000,+0.003,+0.143,2,+0.000,+0.000,+0.669,-0.934
DRV,24738,+0.0000,+0.0000,+0.0000,+0.0000,+0.0000,+0.0000,+0.000,+0.000,-0.00071,-0.0011,+0.0000,+0.043,2,1,+0.000,+0.000,+0.02096,+0.000,+0.524,+0.000,+0.000,+0.003,+0.527,2,+0.000,+0.000,-0.02133,+0.000,-0.533,+0.000,+0.000,+0.003,-0.530,2,+0.000,+0.000,-0.01622,+0.000,-0.406,+0.000,+0.000,+0.003,-0.402,2,+0.000,+0.000,+0.00560,+0.000,+0.140,+0.000,+0.000,+0.003,+0.143,2,+0.000,+0.000,+0.671,-0.932
DRV,24742,+0.0000,+0.0000,+0.0000,+0.0000,+0.0000,+0.0000,+0.000,+0.000,-0.00072,-0.0013,+0.0000,+0.054,2,1,+0.000,+0.000,+0.02096,+0.000,+0.524,+0.000,+0.000,+0.004,+0.528,2,+0.000,+0.000,-0.02133,+0.000,-0.533,+0.000,+0.000,+0.004,-0.529,2,+0.000,+0.000,-0.01622,+0.000,-0.406,+0.000,+0.000,+0.004,-0.401,2,+0.000,+0.000,+0.00560,+0.000,+0.140,+0.000,+0.000,+0.004,+0.144,2,+0.000,+0.000,+0.673,-0.930
DRV,24746,+0.0000,+0.0000,+0.0000,+0.0000,+0.0000,+0.0000,+0.000,+0.000,-0.00072,-0.0016,+0.0000,+0.064,2,1,+0.000,+0.000,+0.02096,+0.000,+0.524,+0.000,+0.000,+0.005,+0.529,2,+0.000,+0.000,-0.02133,+0.000,-0.533,+0.000,+0.000,+0.005,-0.528,2,+0.000,+0.000,-0.01622,+0.000,-0.406,+0.000,+0.000,+0.005,-0.400,2,+0.000,+0.000,+0.00560,+0.000,+0.140,+0.000,+0.000,+0.005,+0.145,0,+0.000,+0.000,+0.674,-0.929
DRV,24750,+0.0000,+0.0000,+0.0000,+0.0000,+0.0000,+0.0000,+0.000,+0.000,-0.00073,-0.0008,+0.0000,+0.032,2,1,+0.000,+0.000,+0.02096,+0.000,+0.524,+0.000,+0.000,+0.003,+0.527,2,+0.000,+0.000,-0.02133,+0.000,-0.533,+0.000,+0.000,+0.003,-0.531,2,+0.000,+0.000,-0.01622,+0.000,-0.406,+0.000,+0.000,+0.003,-0.403,0,+0.000,+0.000,+0.00560,+0.000,+0.140,+0.000,+0.000,+0.003,+0.143,0,+0.000,+0.000,+0.669,-0.934
DRV,24754,+0.0000,+0.0000,+0.0000,+0.0000,+0.0000,+0.0000,+0.000,+0.000,-0.00073,-0.0000,+0.0000,+0.000,2,1,+0.000,+0.000,+0.02096,+0.000,+0.524,+0.000,+0.000,+0.000,+0.524,2,+0.000,+0.000,-0.02133,+0.000,-0.533,+0.000,+0.000,+0.000,-0.533,2,+0.000,+0.000,-0.01622,+0.000,-0.406,+0.000,+0.000,+0.000,-0.406,0,+0.000,+0.000,+0.00560,+0.000,+0.140,+0.000,+0.000,+0.000,+0.140,2,+0.000,+0.000,+0.664,-0.939
DRV,24758,+0.0000,+0.0000,+0.0000,+0.0000,+0.0000,+0.0000,+0.000,+0.000,-0.00073,+0.0008,+0.0000,-0.032,2,1,+0.000,+0.000,+0.02096,+0.000,+0.524,+0.000,+0.000,-0.003,+0.521,2,+0.000,+0.000,-0.02133,+0.000,-0.533,+0.000,+0.000,-0.003,-0.536,0,+0.000,+0.000,-0.01622,+0.000,-0.406,+0.000,+0.000,-0.003,-0.408,0,+0.000,+0.000,+0.00560,+0.000,+0.140,+0.000,+0.000,-0.003,+0.137,2,+0.000,+0.000,+0.659,-0.944
DRV,24762,+3.3000,+3.1410,-3.6300,-0.0005,-0.0242,-0.0000,-4.315,-0.001,-0.00072,+0.0016,+0.0000,-0.064,0,0,-0.119,+0.000,+0.01850,+0.119,+0.463,-0.238,-0.119,-0.005,+0.101,0,-0.097,+0.000,-0.02334,+0.097,-0.583,-0.194,-0.097,-0.005,-0.880,2,+0.097,+0.000,-0.01422,-0.097,-0.355,+0.194,+0.097,-0.005,-0.069,2,+0.119,+0.000,+0.00806,-0.119,+0.201,+0.238,+0.119,-0.005,+0.553,2,+0.000,+0.000,+0.654,-0.949
DRV,24766,+3.3000,+3.1410,-3.6300,-0.0005,-0.0414,-0.0000,-4.315,-0.001,-0.00071,+0.0011,+0.0000,-0.042,0,0,-0.204,+0.000,+0.01391,+0.204,+0.348,-0.408,-0.204,-0.003,-0.267,0,-0.166,-0.016,-0.02670,+0.151,-0.668,-0.302,-0.166,-0.003,-1.139,2,+0.167,+0.005,-0.01047,-0.162,-0.262,+0.324,+0.167,-0.003,+0.225,2,+0.204,+0.004,+0.01265,-0.200,+0.316,+0.399,+0.204,-0.003,+0.916,2,+0.004,-0.011,+0.648,-0.914
DRV,24770,+3.3000,+3.1410,-3.6300,-0.0005,-0.0587,-0.0000,-4.315,-0.001,-0.00071,+0.0011,+0.0000,-0.042,0,0,-0.289,-0.029,+0.00795,+0.260,+0.199,-0.520,-0.289,-0.003,-0.613,2,-0.236,-0.057,-0.03143,+0.179,-0.786,-0.358,-0.236,-0.003,-1.383,2,+0.236,+0.030,-0.00536,-0.206,-0.134,+0.413,+0.236,-0.003,+0.511,2,+0.289,+0.041,+0.01861,-0.247,+0.465,+0.495,+0.289,-0.003,+1.245,2,+0.012,-0.027,+0.632,-0.872
DRV,24774,+3.3000,+3.1410,-3.6300,-0.0005,-0.0760,-0.0000,-4.315,-0.001,-0.00071,-0.0011,+0.0000,+0.043,0,0,-0.374,-0.054,+0.00024,+0.320,+0.006,-0.639,-0.374,+0.003,-1.004,2,-0.305,-0.117,-0.03675,+0.188,-0.919,-0.376,-0.305,+0.003,-1.596,2,+0.305,+0.055,+0.00073,-0.250,+0.018,+0.501,+0.305,+0.003,+0.828,2,+0.374,+0.100,+0.02593,-0.274,+0.648,+0.547,+0.374,+0.003,+1.573,2,+0.046,-0.062,+0.569,-0.768
DRV,24778,+3.3000,+3.1410,-3.6300,-0.0005,-0.0932,-0.0000,-4.315,-0.001,-0.00072,-0.0011,+0.0000,+0.043,0,0,-0.459,-0.080,-0.00885,+0.379,-0.221,-0.759,-0.459,+0.003,-1.435,2,-0.375,-0.239,-0.04112,+0.135,-1.028,-0.270,-0.375,+0.003,-1.670,2,+0.375,+0.084,+0.00779,-0.290,+0.195,+0.581,+0.375,+0.003,+1.154,2,+0.459,+0.237,+0.03233,-0.221,+0.808,+0.443,+0.459,+0.003,+1.713,2,+0.158,-0.155,+0.278,-0.516
DRV,24782,+3.3000,+3.1410,-3.6300,-0.0005,-0.1105,-0.0000,-4.315,-0.001,-0.00072,-0.0000,+0.0000,+0.000,0,0,-0.544,-0.165,-0.01891,+0.379,-0.473,-0.758,-0.544,+0.000,-1.774,2,-0.444,-0.318,-0.04456,+0.126,-1.114,-0.252,-0.444,+0.000,-1.810,2,+0.444,+0.116,+0.01583,-0.328,+0.396,+0.656,+0.444,+0.000,+1.496,2,+0.544,+0.391,+0.03741,-0.152,+0.935,+0.305,+0.544,+0.000,+1.784,0,+0.226,-0.202,+0.009,-0.313
DRV,24786,+3.3000,+3.1410,-3.6300,-0.0005,-0.1277,-0.0000,-4.315,-0.001,-0.00072,-0.0000,+0.0000,+0.000,0,0,-0.629,-0.345,-0.02690,+0.284,-0.672,-0.567,-0.629,+0.000,-1.869,2,-0.513,-0.386,-0.04821,+0.128,-1.205,-0.255,-0.513,+0.000,-1.974,2,+0.513,+0.207,+0.02370,-0.306,+0.593,+0.612,+0.513,+0.000,+1.718,0,+0.629,+0.531,+0.04117,-0.098,+1.029,+0.196,+0.629,+0.000,+1.854,0,+0.185,-0.178,-0.014,-0.255
DRV,24790,+3.3000,+3.1410,-3.6300,-0.0006,-0.1450,-0.0000,-4.315,-0.001,-0.00072,-0.0011,+0.0000,+0.043,0,0,-0.714,-0.450,-0.03357,+0.264,-0.839,-0.528,-0.714,+0.003,-2.078,2,-0.583,-0.504,-0.05168,+0.078,-1.292,-0.156,-0.583,+0.003,-2.028,0,+0.583,+0.319,+0.03101,-0.263,+0.775,+0.527,+0.583,+0.003,+1.888,0,+0.714,+0.666,+0.04707,-0.048,+1.177,+0.096,+0.714,+0.003,+1.990,0,+0.216,-0.185,-0.088,-0.139
DRV,24794,+3.3000,+3.1410,-3.6300,-0.0006,-0.1623,-0.0000,-4.315,-0.001,-0.00073,-0.0011,+0.0000,+0.043,0,0,-0.799,-0.586,-0.03969,+0.213,-0.992,-0.427,-0.799,+0.003,-2.214,2,-0.652,-0.760,-0.05152,-0.108,-1.288,+0.215,-0.652,+0.003,-1.722,0,+0.652,+0.435,+0.03930,-0.217,+0.982,+0.434,+0.652,+0.003,+2.072,0,+0.799,+0.872,+0.04552,+0.073,+1.138,-0.147,+0.799,+0.003,+1.793,2,+0.287,-0.324,-0.421,+0.350
DRV,24798,+3.3000,+3.1410,-3.6300,-0.0006,-0.1795,-0.0000,-4.315,-0.001,-0.00073,-0.0000,+0.0000,+0.000,0,0,-0.884,-0.863,-0.04181,+0.021,-1.045,-0.042,-0.884,+0.000,-1.971,0,-0.721,-0.984,-0.04698,-0.262,-1.174,+0.525,-0.721,+0.000,-1.371,0,+0.722,+0.594,+0.04434,-0.128,+1.109,+0.255,+0.722,+0.000,+2.085,2,+0.884,+0.923,+0.04342,+0.040,+1.085,-0.079,+0.884,+0.000,+1.890,2,+0.061,-0.390,-0.081,+0.714
DRV,24802,+3.3000,+3.1410,-3.6300,-0.0006,-0.1968,-0.0000,-4.315,-0.001,-0.00073,-0.0000,+0.0000,+0.000,0,0,-0.969,-0.969,-0.04031,-0.000,-1.008,+0.000,-0.969,+0.000,-1.976,0,-0.791,-0.945,-0.04839,-0.154,-1.210,+0.309,-0.791,+0.000,-1.692,2,+0.791,+0.828,+0.04576,+0.037,+1.144,-0.073,+0.791,+0.000,+1.862,2,+0.969,+0.845,+0.04460,-0.124,+1.115,+0.247,+0.969,+0.000,+2.331,2,-0.124,-0.117,+0.355,+0.170
DRV,24806,+3.3000,+3.1410,-3.6300,-0.0006,-0.2140,-0.0000,-4.315,-0.001,-0.00073,-0.0011,+0.0000,+0.043,0,0,-1.054,-0.937,-0.04862,+0.116,-1.215,-0.233,-1.054,+0.003,-2.498,2,-0.860,-0.856,-0.04618,+0.004,-1.155,-0.009,-0.860,+0.003,-2.020,2,+0.860,+0.956,+0.04433,+0.095,+1.108,-0.190,+0.860,+0.003,+1.782,2,+1.054,+0.939,+0.04754,-0.114,+1.188,+0.228,+1.054,+0.003,+2.474,2,+0.002,+0.100,-0.025,-0.238
DRV,24810,+3.3000,+3.1410,-3.6300,-0.0006,-0.2313,-0.0000,-4.315,-0.001,-0.00073,-0.0011,+0.0000,+0.043,0,0,-1.139,-0.825,-0.05599,+0.313,-1.400,-0.627,-1.139,+0.003,-3.162,2,-0.930,-0.869,-0.04725,+0.061,-1.181,-0.122,-0.930,+0.003,-2.229,2,+0.930,+0.896,+0.04463,-0.034,+1.116,+0.068,+0.930,+0.003,+2.117,2,+1.139,+1.194,+0.04685,+0.056,+1.171,-0.112,+1.139,+0.003,+2.201,2,+0.369,+0.027,-0.960,-0.112
DRV,24814,+3.3000,+3.1410,-3.6300,-0.0006,-0.2486,-0.0000,-4.315,-0.001,-0.00074,+0.0000,+0.0000,-0.000,0,0,-1.224,-1.270,-0.06052,-0.047,-1.513,+0.093,-1.224,-0.000,-2.644,2,-0.999,-1.040,-0.04661,-0.041,-1.165,+0.082,-0.999,-0.000,-2.082,2,+0.999,+0.810,+0.04899,-0.190,+1.225,+0.379,+0.999,-0.000,+2.603,2,+1.224,+1.126,+0.04639,-0.097,+1.160,+0.194,+1.224,-0.000,+2.578,2,-0.144,-0.230,-0.066,+0.521
DRV,24818,+3.3000,+3.1410,-3.6300,-0.0006,-0.2658,-0.0000,-4.315,-0.001,-0.00074,+0.0000,+0.0000,-0.000,0,0,-1.309,-1.719,-0.05415,-0.410,-1.354,+0.821,-1.309,-0.000,-1.842,2,-1.068,-1.039,-0.04541,+0.030,-1.135,-0.059,-1.068,-0.000,-2.263,2,+1.069,+1.035,+0.05278,-0.034,+1.320,+0.068,+1.069,-0.000,+2.456,2,+1.308,+1.150,+0.04998,-0.158,+1.249,+0.317,+1.308,-0.000,+2.875,2,-0.569,-0.004,+1.033,+0.193
DRV,24822,+3.3000,+3.1410,-3.6300,-0.0006,-0.2831,-0.0000,-4.315,-0.001,-0.00074,-0.0021,+0.0000,+0.085,0,0,-1.394,-1.615,-0.04837,-0.221,-1.209,+0.443,-1.394,+0.007,-2.153,2,-1.138,-0.946,-0.04864,+0.192,-1.216,-0.383,-1.138,+0.007,-2.730,2,+1.138,+1.253,+0.05180,+0.115,+1.295,-0.230,+1.138,+0.007,+2.210,2,+1.393,+1.399,+0.05033,+0.006,+1.258,-0.011,+1.393,+0.007,+2.647,0,-0.216,+0.307,+0.494,-0.520
DRV,24826,+3.3000,+3.1410,-3.6300,-0.0007,-0.3004,-0.0001,-4.315,-0.001,-0.00075,-0.0021,+0.0000,+0.085,0,0,-1.479,-1.692,-0.04435,-0.214,-1.109,+0.427,-1.479,+0.007,-2.153,2,-1.207,-1.209,-0.05016,-0.002,-1.254,+0.004,-1.207,+0.007,-2.450,2,+1.207,+1.261,+0.05103,+0.054,+1.276,-0.108,+1.207,+0.007,+2.382,0,+1.478,+1.459,+0.04937,-0.020,+1.234,+0.039,+1.478,+0.007,+2.759,0,-0.234,+0.052,+0.606,-0.067
DRV,24830,+3.3000,+3.1410,-3.6300,-0.0006,-0.3176,-0.0001,-4.315,-0.001,-0.00074,+0.0032,+0.0000,-0.128,0,0,-1.564,-1.619,-0.04323,-0.055,-1.081,+0.110,-1.564,-0.010,-2.544,2,-1.276,-1.364,-0.04729,-0.087,-1.182,+0.175,-1.276,-0.010,-2.294,0,+1.277,+1.477,+0.04932,+0.200,+1.233,-0.400,+1.277,-0.010,+2.100,0,+1.563,+1.717,+0.05783,+0.153,+1.446,-0.307,+1.563,-0.010,+2.692,2,+0.098,+0.113,+0.148,-0.194
DRV,24834,+3.3000,+3.1410,-3.6300,-0.0006,-0.3349,-0.0001,-4.315,-0.001,-0.00073,+0.0032,+0.0000,-0.128,0,0,-1.649,-1.799,-0.04156,-0.150,-1.039,+0.300,-1.649,-0.010,-2.398,0,-1.346,-1.396,-0.04539,-0.050,-1.135,+0.101,-1.346,-0.010,-2.390,0,+1.346,+1.440,+0.05511,+0.094,+1.378,-0.188,+1.346,-0.010,+2.526,2,+1.648,+1.851,+0.05424,+0.202,+1.356,-0.405,+1.648,-0.010,+2.590,2,+0.052,+0.044,+0.192,+0.136
DRV,24838,+3.3000,+3.1410,-3.6300,-0.0006,-0.3521,-0.0001,-4.315,-0.001,-0.00073,-0.0016,+0.0000,+0.064,0,0,-1.734,-1.607,-0.04357,+0.126,-1.089,-0.252,-1.734,+0.005,-3.070,0,-1.415,-1.641,-0.05099,-0.226,-1.275,+0.451,-1.415,+0.005,-2.234,2,+1.416,+1.402,+0.05382,-0.014,+1.345,+0.027,+1.416,+0.005,+2.793,2,+1.733,+1.932,+0.05125,+0.199,+1.281,-0.398,+1.733,+0.005,+2.622,2,+0.325,-0.239,-0.448,+0.560
DRV,24842,+3.3000,+3.1410,-3.6300,-0.0006,-0.3694,-0.0001,-4.315,-0.001,-0.00074,-0.0016,+0.0000,+0.064,0,0,-1.819,-1.595,-0.05921,+0.224,-1.480,-0.448,-1.819,+0.005,-3.742,2,-1.485,-1.538,-0.04913,-0.053,-1.228,+0.107,-1.485,+0.005,-2.601,2,+1.485,+1.555,+0.05197,+0.070,+1.299,-0.141,+1.485,+0.005,+2.648,2,+1.818,+1.801,+0.05078,-0.018,+1.269,+0.035,+1.818,+0.005,+3.128,2,+0.206,+0.018,-0.614,+0.047
DRV,24846,+3.3000,+3.1410,-3.6300,-0.0006,-0.3867,-0.0001,-4.315,-0.001,-0.00074,-0.0011,+0.0000,+0.042,0,0,-1.904,-1.976,-0.05896,-0.072,-1.474,+0.144,-1.904,+0.003,-3.230,2,-1.554,-1.580,-0.05055,-0.026,-1.264,+0.053,-1.554,+0.003,-2.761,2,+1.554,+1.605,+0.04918,+0.051,+1.229,-0.101,+1.554,+0.003,+2.686,2,+1.903,+1.887,+0.05398,-0.016,+1.349,+0.032,+1.903,+0.003,+3.288,2,-0.088,+0.025,+0.057,-0.075
DRV,24850,+3.3000,+3.1410,-3.6300,-0.0007,-0.4039,-0.0001,-4.315,-0.001,-0.00075,-0.0011,+0.0000,+0.042,0,0,-1.989,-2.327,-0.05088,-0.339,-1.272,+0.678,-1.989,+0.003,-2.580,2,-1.623,-1.686,-0.05026,-0.063,-1.256,+0.126,-1.623,+0.003,-2.751,2,+1.624,+1.675,+0.04698,+0.051,+1.175,-0.102,+1.624,+0.003,+2.700,2,+1.988,+2.120,+0.05317,+0.131,+1.329,-0.263,+1.988,+0.003,+3.058,2,-0.208,-0.011,+0.479,-0.050
DRV,24854,+3.3000,+3.1410,-3.6300,-0.0006,-0.4212,-0.0001,-4.315,-0.001,-0.00074,+0.0037,+0.0000,-0.149,0,0,-2.074,-2.265,-0.04302,-0.192,-1.075,+0.384,-2.074,-0.012,-2.777,2,-1.693,-1.732,-0.05133,-0.039,-1.283,+0.079,-1.693,-0.012,-2.909,2,+1.693,+1.710,+0.04500,+0.017,+1.125,-0.035,+1.693,-0.012,+2.772,2,+2.073,+2.261,+0.05067,+0.188,+1.267,-0.376,+2.073,-0.012,+2.952,2,-0.004,-0.021,+0.175,-0.138
DRV,24858,+3.3000,+3.1410,-3.6300,-0.0006,-0.4385,-0.0001,-4.315,-0.001,-0.00072,+0.0037,+0.0000,-0.149,0,0,-2.159,-2.144,-0.03921,+0.015,-0.980,-0.029,-2.159,-0.012,-3.180,2,-1.762,-1.829,-0.05146,-0.067,-1.286,+0.134,-1.762,-0.012,-2.926,2,+1.763,+1.843,+0.04246,+0.081,+1.061,-0.162,+1.763,-0.012,+2.650,2,+2.158,+2.223,+0.05030,+0.065,+1.257,-0.131,+2.158,-0.012,+3.273,0,+0.080,+0.014,+0.093,-0.276
DRV,24862,+3.3000,+3.1410,-3.6300,-0.0005,-0.4557,-0.0001,-4.315,-0.001,-0.00072,+0.0005,+0.0000,-0.021,0,0,-2.243,-2.247,-0.03907,-0.004,-0.977,+0.008,-2.243,-0.002,-3.214,2,-1.831,-2.009,-0.05026,-0.178,-1.257,+0.356,-1.831,-0.002,-2.734,2,+1.832,+1.822,+0.04051,-0.010,+1.013,+0.021,+1.832,-0.002,+2.864,0,+2.243,+2.313,+0.05015,+0.070,+1.254,-0.140,+2.243,-0.002,+3.355,0,+0.066,-0.188,+0.141,+0.130
DRV,24866,+3.3000,+3.1410,-3.6300,-0.0005,-0.4730,-0.0001,-4.315,-0.001,-0.00071,+0.0005,+0.0000,-0.021,0,0,-2.328,-2.291,-0.03800,+0.038,-0.950,-0.075,-2.328,-0.002,-3.356,2,-1.901,-2.013,-0.04774,-0.112,-1.194,+0.224,-1.901,-0.002,-2.872,2,+1.901,+1.899,+0.03915,-0.003,+0.979,+0.005,+1.901,-0.002,+2.883,0,+2.328,+2.203,+0.06633,-0.126,+1.658,+0.251,+2.328,-0.002,+4.236,2,-0.088,-0.114,+0.880,+0.011
DRV,24870,+3.3000,+3.1410,-3.6300,-0.0006,-0.4902,-0.0001,-4.315,-0.001,-0.00073,-0.0043,+0.0000,+0.171,0,0,-2.413,-2.359,-0.03676,+0.054,-0.919,-0.108,-2.413,+0.014,-3.427,2,-1.970,-2.080,-0.04697,-0.110,-1.174,+0.220,-1.970,+0.014,-2.911,0,+1.971,+1.950,+0.05143,-0.020,+1.286,+0.041,+1.971,+0.014,+3.311,2,+2.413,+2.523,+0.06431,+0.110,+1.608,-0.221,+2.413,+0.014,+3.814,2,+0.164,-0.130,+0.387,+0.400
DRV,24874,+3.3000,+3.1410,-3.6300,-0.0006,-0.5075,-0.0001,-4.315,-0.001,-0.00074,-0.0043,+0.0000,+0.170,0,0,-2.498,-2.596,-0.05185,-0.098,-1.296,+0.196,-2.498,+0.014,-3.585,0,-2.039,-1.894,-0.06059,+0.146,-1.515,-0.292,-2.039,+0.014,-3.832,2,+2.040,+2.106,+0.05280,+0.066,+1.320,-0.132,+2.040,+0.014,+3.242,2,+2.498,+2.860,+0.05446,+0.362,+1.362,-0.723,+2.498,+0.014,+3.150,2,+0.263,+0.213,-0.435,-0.591
DRV,24878,+3.3000,+3.1410,-3.6300,-0.0007,-0.5248,-0.0001,-4.315,-0.001,-0.00074,+0.0011,+0.0000,-0.043,0,0,-2.583,-2.537,-0.05335,+0.047,-1.334,-0.093,-2.583,-0.003,-4.014,2,-2.109,-2.033,-0.06291,+0.076,-1.573,-0.151,-2.109,-0.003,-3.836,2,+2.110,+2.356,+0.05054,+0.247,+1.263,-0.493,+2.110,-0.003,+2.876,2,+2.583,+2.823,+0.04483,+0.240,+1.121,-0.480,+2.583,-0.003,+3.220,2,+0.286,+0.323,-0.794,-0.960
DRV,24882,+3.3000,+3.1410,-3.6300,-0.0006,-0.5420,-0.0001,-4.315,-0.001,-0.00074,+0.0011,+0.0000,-0.043,0,0,-2.668,-2.722,-0.05545,-0.053,-1.386,+0.107,-2.668,-0.003,-3.951,2,-2.178,-2.494,-0.05663,-0.316,-1.416,+0.632,-2.178,-0.003,-2.965,2,+2.179,+2.436,+0.04542,+0.257,+1.136,-0.515,+2.179,-0.003,+2.796,2,+2.668,+2.716,+0.04078,+0.048,+1.020,-0.095,+2.668,-0.003,+3.589,2,-0.006,-0.058,-0.363,-0.169
DRV,24886,+3.3000,+3.1410,-3.6300,-0.0006,-0.5593,-0.0001,-4.315,-0.001,-0.00074,+0.0005,+0.0000,-0.021,0,0,-2.753,-3.058,-0.05240,-0.305,-1.310,+0.609,-2.753,-0.002,-3.456,2,-2.248,-2.540,-0.04595,-0.293,-1.149,+0.585,-2.248,-0.002,-2.813,2,+2.248,+2.359,+0.04358,+0.111,+1.090,-0.222,+2.248,-0.002,+3.114,2,+2.753,+2.795,+0.03772,+0.042,+0.943,-0.085,+2.753,-0.002,+3.610,2,-0.263,-0.181,+0.153,+0.301
DRV,24890,+3.3000,+3.1410,-3.6300,-0.0006,-0.5766,-0.0001,-4.315,-0.001,-0.00074,+0.0005,+0.0000,-0.021,0,0,-2.838,-3.075,-0.04842,-0.236,-1.211,+0.473,-2.838,-0.002,-3.578,2,-2.317,-2.514,-0.03778,-0.197,-0.945,+0.394,-2.317,-0.002,-2.869,2,+2.318,+2.320,+0.04502,+0.002,+1.126,-0.004,+2.318,-0.002,+3.437,2,+2.838,+2.811,+0.03564,-0.026,+0.891,+0.053,+2.838,-0.002,+3.780,2,-0.263,-0.194,+0.202,+0.568
DRV,24894,+3.3000,+3.1410,-3.6300,-0.0006,-0.5938,-0.0001,-4.315,-0.001,-0.00073,+0.0011,+0.0000,-0.043,0,0,-2.923,-2.968,-0.04888,-0.045,-1.222,+0.090,-2.923,-0.003,-4.059,2,-2.386,-2.450,-0.03404,-0.064,-0.851,+0.128,-2.386,-0.003,-3.113,2,+2.387,+2.476,+0.04552,+0.089,+1.138,-0.177,+2.387,-0.003,+3.344,2,+2.923,+2.843,+0.03379,-0.079,+0.845,+0.159,+2.923,-0.003,+3.923,0,-0.125,+0.025,-0.136,+0.232
DRV,24898,+3.3000,+3.1410,-3.6300,-0.0006,-0.6111,-0.0001,-4.315,-0.001,-0.00073,+0.0011,+0.0000,-0.042,0,0,-3.008,-3.089,-0.04994,-0.081,-1.248,+0.161,-3.008,-0.003,-4.099,2,-2.456,-2.412,-0.03243,+0.044,-0.811,-0.088,-2.456,-0.003,-3.358,2,+2.456,+2.639,+0.04393,+0.182,+1.098,-0.365,+2.456,-0.003,+3.186,0,+3.008,+2.876,+0.03483,-0.132,+0.871,+0.263,+3.008,-0.003,+4.138,0,-0.213,+0.227,+0.039,-0.171
DRV,24902,+3.3000,+3.1410,-3.6300,-0.0006,-0.6283,-0.0001,-4.315,-0.001,-0.00073,-0.0016,+0.0000,+0.064,0,0,-3.093,-3.246,-0.04930,-0.153,-1.232,+0.305,-3.093,+0.005,-4.016,2,-2.525,-2.497,-0.03065,+0.028,-0.766,-0.057,-2.525,+0.005,-3.343,2,+2.526,+2.664,+0.04254,+0.138,+1.064,-0.276,+2.526,+0.005,+3.318,0,+3.093,+3.236,+0.05373,+0.143,+1.343,-0.286,+3.093,+0.005,+4.155,2,-0.010,+0.167,+0.140,-0.025
DRV,24906,+3.3000,+3.1410,-3.6300,-0.0006,-0.6456,-0.0001,-4.315,-0.001,-0.00074,-0.0016,+0.0000,+0.064,0,0,-3.178,-3.246,-0.04849,-0.068,-1.212,+0.136,-3.178,+0.005,-4.249,2,-2.594,-2.525,-0.03022,+0.069,-0.755,-0.138,-2.594,+0.005,-3.483,0,+2.595,+2.514,+0.05863,-0.081,+1.466,+0.162,+2.595,+0.005,+4.228,2,+3.178,+3.384,+0.05176,+0.206,+1.294,-0.412,+3.178,+0.005,+4.065,2,+0.137,-0.011,-0.184,+0.745
DRV,24910,+3.3000,+3.1410,-3.6300,-0.0006,-0.6629,-0.0001,-4.315,-0.001,-0.00073,+0.0016,+0.0000,-0.064,0,0,-3.263,-3.322,-0.04944,-0.058,-1.236,+0.117,-3.263,-0.005,-4.388,0,-2.664,-2.499,-0.03230,+0.165,-0.808,-0.329,-2.664,-0.005,-3.806,0,+2.665,+2.729,+0.05767,+0.064,+1.442,-0.129,+2.665,-0.005,+3.973,2,+3.263,+3.369,+0.05116,+0.107,+1.279,-0.213,+3.263,-0.005,+4.323,2,+0.048,+0.230,-0.064,+0.167
DRV,24914,+3.3000,+3.1410,-3.6300,-0.0006,-0.6801,-0.0001,-4.315,-0.001,-0.00073,+0.0016,+0.0000,-0.064,0,0,-3.348,-3.529,-0.04830,-0.181,-1.207,+0.362,-3.348,-0.005,-4.199,0,-2.733,-2.810,-0.04955,-0.077,-1.239,+0.155,-2.733,-0.005,-3.823,2,+2.734,+3.059,+0.04963,+0.325,+1.241,-0.651,+2.734,-0.005,+3.319,2,+3.348,+3.507,+0.05116,+0.159,+1.279,-0.319,+3.348,-0.005,+4.303,2,-0.022,+0.249,+0.103,-0.504
DRV,24918,+3.3000,+3.1410,-3.6300,-0.0006,-0.6974,-0.0001,-4.315,-0.001,-0.00073,-0.0021,+0.0000,+0.085,0,0,-3.433,-3.317,-0.07001,+0.116,-1.750,-0.233,-3.433,+0.007,-5.409,2,-2.803,-3.047,-0.04669,-0.245,-1.167,+0.490,-2.803,+0.007,-3.473,2,+2.803,+3.039,+0.04026,+0.236,+1.007,-0.472,+2.803,+0.007,+3.345,2,+3.433,+3.597,+0.04946,+0.164,+1.236,-0.328,+3.433,+0.007,+4.348,2,+0.280,-0.008,-1.062,-0.128
DRV,24922,+3.3000,+3.1410,-3.6300,-0.0006,-0.7146,-0.0001,-4.315,-0.001,-0.00074,-0.0021,+0.0000,+0.085,0,0,-3.518,-3.719,-0.06739,-0.201,-1.685,+0.402,-3.518,+0.007,-4.794,2,-2.872,-3.043,-0.04480,-0.171,-1.120,+0.343,-2.872,+0.007,-3.642,2,+2.873,+2.974,+0.03456,+0.101,+0.864,-0.201,+2.873,+0.007,+3.542,2,+3.518,+3.390,+0.04913,-0.128,+1.228,+0.255,+3.518,+0.007,+5.008,2,-0.329,-0.070,+0.214,-0.100
DRV,24926,+3.3000,+3.1410,-3.6300,-0.0006,-0.7319,-0.0001,-4.315,-0.001,-0.00074,+0.0000,+0.0000,-0.000,0,0,-3.603,-4.066,-0.05387,-0.463,-1.347,+0.926,-3.603,-0.000,-4.024,2,-2.941,-3.033,-0.04504,-0.091,-1.126,+0.183,-2.941,-0.000,-3.884,2,+2.942,+2.986,+0.03061,+0.044,+0.765,-0.087,+2.942,-0.000,+3.620,2,+3.603,+3.870,+0.04824,+0.268,+1.206,-0.536,+3.603,-0.000,+4.273,2,-0.196,-0.047,+0.249,-0.264
DRV,24930,+3.3000,+3.1410,-3.6300,-0.0006,-0.7492,-0.0001,-4.315,-0.001,-0.00074,+0.0000,+0.0000,-0.000,0,0,-3.688,-3.977,-0.04095,-0.289,-1.024,+0.577,-3.688,-0.000,-4.135,2,-3.011,-3.107,-0.04587,-0.096,-1.147,+0.193,-3.011,-0.000,-3.964,2,+3.012,+2.985,+0.02763,-0.026,+0.691,+0.052,+3.012,-0.000,+3.755,2,+3.687,+3.987,+0.04374,+0.300,+1.094,-0.600,+3.687,-0.000,+4.181,2,+0.010,-0.122,+0.047,-0.210
DRV,24934,+3.3000,+3.1410,-3.6300,-0.0006,-0.7664,-0.0001,-4.315,-0.001,-0.00074,+0.0000,+0.0000,-0.000,0,0,-3.773,-3.990,-0.03247,-0.217,-0.812,+0.434,-3.773,-0.000,-4.151,2,-3.080,-3.238,-0.04422,-0.158,-1.106,+0.316,-3.080,-0.000,-3.869,2,+3.081,+2.978,+0.02677,-0.103,+0.669,+0.205,+3.081,-0.000,+3.956,2,+3.772,+3.863,+0.04330,+0.091,+1.082,-0.182,+3.772,-0.000,+4.673,0,-0.127,-0.260,+0.522,+0.087
DRV,24938,+3.3000,+3.1410,-3.6300,-0.0006,-0.7837,-0.0001,-4.315,-0.001,-0.00074,+0.0000,+0.0000,-0.000,0,0,-3.858,-3.973,-0.02497,-0.115,-0.624,+0.231,-3.858,-0.000,-4.252,2,-3.149,-3.206,-0.04394,-0.056,-1.098,+0.113,-3.149,-0.000,-4.135,2,+3.150,+3.003,+0.02805,-0.147,+0.701,+0.295,+3.150,-0.000,+4.146,0,+3.857,+4.026,+0.04345,+0.169,+1.086,-0.338,+3.857,-0.000,+4.606,0,+0.053,-0.203,+0.354,+0.011
DRV,24942,+3.3000,+3.1410,-3.6300,-0.0007,-0.8010,-0.0001,-4.315,-0.001,-0.00076,-0.0042,+0.0000,+0.170,0,0,-3.943,-3.919,-0.02230,+0.024,-0.557,-0.048,-3.943,+0.014,-4.535,2,-3.219,-3.325,-0.04463,-0.106,-1.116,+0.213,-3.219,+0.014,-4.108,0,+3.220,+3.412,+0.04718,+0.192,+1.179,-0.385,+3.220,+0.014,+4.028,0,+3.942,+3.849,+0.06875,-0.094,+1.719,+0.188,+3.942,+0.014,+5.862,2,-0.071,+0.087,+1.327,-0.080
DRV,24946,+3.3000,+3.1410,-3.6300,-0.0008,-0.8182,-0.0002,-4.315,-0.001,-0.00077,-0.0042,+0.0000,+0.170,0,0,-4.028,-3.922,-0.02138,+0.106,-0.534,-0.212,-4.028,+0.014,-4.761,0,-3.288,-3.470,-0.04284,-0.182,-1.071,+0.365,-3.288,+0.014,-3.981,0,+3.289,+3.440,+0.04581,+0.151,+1.145,-0.302,+3.289,+0.014,+4.146,2,+4.027,+4.206,+0.06474,+0.179,+1.618,-0.358,+4.027,+0.014,+5.302,2,+0.284,-0.030,+0.540,+0.165
DRV,24950,+3.3000,+3.1410,-3.6300,-0.0008,-0.8355,-0.0002,-4.315,-0.001,-0.00077,+0.0032,+0.0000,-0.129,0,0,-4.113,-3.968,-0.02106,+0.145,-0.526,-0.291,-4.113,-0.010,-4.941,0,-3.357,-3.282,-0.06389,+0.075,-1.597,-0.151,-3.357,-0.010,-5.115,2,+3.359,+3.469,+0.04541,+0.111,+1.135,-0.222,+3.359,-0.010,+4.262,2,+4.112,+4.525,+0.05251,+0.412,+1.313,-0.825,+4.112,-0.010,+4.590,2,+0.557,+0.187,-0.351,-0.853
DRV,24954,+3.3000,+3.1410,-3.6300,-0.0007,-0.8527,-0.0002,-4.315,-0.001,-0.00075,+0.0032,+0.0000,-0.128,0,0,-4.198,-4.245,-0.04818,-0.047,-1.205,+0.093,-4.198,-0.010,-5.320,2,-3.427,-3.459,-0.06300,-0.033,-1.575,+0.065,-3.427,-0.010,-4.947,2,+3.428,+3.587,+0.04561,+0.159,+1.140,-0.318,+3.428,-0.010,+4.240,2,+4.197,+4.430,+0.04088,+0.233,+1.022,-0.465,+4.197,-0.010,+4.744,2,+0.185,+0.128,-0.576,-0.707
DRV,24958,+3.3000,+3.1410,-3.6300,-0.0007,-0.8700,-0.0002,-4.315,-0.001,-0.00075,+0.0011,+0.0000,-0.043,0,0,-4.283,-4.512,-0.04753,-0.229,-1.188,+0.458,-4.283,-0.003,-5.016,2,-3.496,-3.948,-0.05264,-0.452,-1.316,+0.904,-3.496,-0.003,-3.912,2,+3.497,+3.678,+0.04372,+0.181,+1.093,-0.362,+3.497,-0.003,+4.225,2,+4.282,+4.437,+0.03292,+0.155,+0.823,-0.310,+4.282,-0.003,+4.791,2,-0.075,-0.270,-0.225,+0.313
DRV,24962,+3.3000,+3.1410,-3.6300,-0.0006,-0.8873,-0.0002,-4.315,-0.001,-0.00074,+0.0011,+0.0000,-0.043,0,0,-4.368,-4.613,-0.04518,-0.245,-1.129,+0.491,-4.368,-0.003,-5.010,2,-3.566,-3.941,-0.03866,-0.375,-0.966,+0.750,-3.566,-0.003,-3.785,2,+3.567,+3.658,+0.04395,+0.091,+1.099,-0.182,+3.567,-0.003,+4.480,2,+4.367,+4.399,+0.02748,+0.032,+0.687,-0.064,+4.367,-0.003,+4.987,2,-0.214,-0.283,-0.024,+0.695
DRV,24966,+3.3000,+3.1410,-3.6300,-0.0007,-0.9045,-0.0002,-4.315,-0.001,-0.00075,-0.0027,+0.0000,+0.106,0,0,-4.453,-4.706,-0.04266,-0.253,-1.067,+0.507,-4.453,+0.008,-5.005,2,-3.635,-3.853,-0.02872,-0.218,-0.718,+0.436,-3.635,+0.008,-3.908,2,+3.636,+3.796,+0.04440,+0.159,+1.110,-0.319,+3.636,+0.008,+4.436,2,+4.452,+4.391,+0.02494,-0.061,+0.623,+0.122,+4.452,+0.008,+5.206,2,-0.315,-0.057,+0.201,+0.527
DRV,24970,+3.3000,+3.1410,-3.6300,-0.0007,-0.9218,-0.0002,-4.315,-0.001,-0.00076,-0.0026,+0.0000,+0.106,0,0,-4.538,-4.654,-0.04238,-0.116,-1.059,+0.233,-4.538,+0.008,-5.356,2,-3.704,-3.816,-0.02128,-0.112,-0.532,+0.224,-3.704,+0.008,-4.004,2,+3.706,+3.853,+0.04352,+0.148,+1.088,-0.295,+3.706,+0.008,+4.507,2,+4.537,+4.427,+0.02338,-0.110,+0.585,+0.220,+4.537,+0.008,+5.350,0,-0.227,+0.037,-0.006,+0.503
DRV,24974,+3.3000,+3.1410,-3.6300,-0.0007,-0.9391,-0.0002,-4.315,-0.001,-0.00076,+0.0011,+0.0000,-0.043,0,0,-4.623,-4.782,-0.04337,-0.159,-1.084,+0.317,-4.623,-0.003,-5.393,2,-3.774,-3.766,-0.01713,+0.008,-0.428,-0.015,-3.774,-0.003,-4.220,2,+3.775,+3.872,+0.04439,+0.097,+1.110,-0.194,+3.775,-0.003,+4.687,0,+4.622,+4.448,+0.02435,-0.174,+0.609,+0.347,+4.622,-0.003,+5.575,0,-0.333,+0.106,+0.181,+0.467
DRV,24978,+3.3000,+3.1410,-3.6300,-0.0007,-0.9563,-0.0002,-4.315,-0.001,-0.00076,+0.0011,+0.0000,-0.043,0,0,-4.708,-4.985,-0.04113,-0.277,-1.028,+0.555,-4.708,-0.003,-5.185,2,-3.843,-3.762,-0.01625,+0.081,-0.406,-0.161,-3.843,-0.003,-4.414,2,+3.844,+4.022,+0.04431,+0.177,+1.108,-0.355,+3.844,-0.003,+4.594,0,+4.707,+4.895,+0.05276,+0.188,+1.319,-0.376,+4.707,-0.003,+5.646,2,-0.090,+0.259,+0.461,+0.180
DRV,24982,+3.3000,+3.1410,-3.6300,-0.0007,-0.9736,-0.0002,-4.315,-0.001,-0.00076,-0.0005,+0.0000,+0.021,0,0,-4.793,-4.903,-0.04140,-0.110,-1.035,+0.220,-4.793,+0.002,-5.607,2,-3.912,-3.775,-0.01635,+0.137,-0.409,-0.274,-3.912,+0.002,-4.594,0,+3.914,+3.796,+0.06937,-0.118,+1.734,+0.236,+3.914,+0.002,+5.886,2,+4.792,+4.974,+0.05148,+0.182,+1.287,-0.364,+4.792,+0.002,+5.717,2,+0.071,+0.021,+0.110,+1.292
DRV,24986,+3.3000,+3.1410,-3.6300,-0.0007,-0.9908,-0.0002,-4.315,-0.001,-0.00076,-0.0003,+0.0000,+0.010,0,0,-4.878,-5.084,-0.04151,-0.206,-1.038,+0.412,-4.878,+0.001,-5.503,0,-3.982,-3.982,-0.04235,+0.000,-1.059,-0.000,-3.982,+0.001,-5.040,2,+3.983,+4.165,+0.06550,+0.182,+1.638,-0.364,+3.983,+0.001,+5.258,2,+4.877,+5.077,+0.05118,+0.200,+1.279,-0.400,+4.877,+0.001,+5.757,2,-0.007,+0.184,+0.254,+0.218
DRV,24990,+3.3000,+3.1410,-3.6300,-0.0007,-1.0081,-0.0002,-4.315,-0.001,-0.00076,+0.0000,+0.0000,-0.000,0,0,-4.963,-4.805,-0.07329,+0.158,-1.832,-0.316,-4.963,-0.000,-7.111,2,-4.051,-4.223,-0.04364,-0.172,-1.091,+0.344,-4.051,-0.000,-4.798,2,+4.053,+4.451,+0.05263,+0.399,+1.316,-0.797,+4.053,-0.000,+4.571,2,+4.962,+5.184,+0.04956,+0.222,+1.239,-0.444,+4.962,-0.000,+5.757,2,+0.379,+0.228,-1.354,-0.227
DRV,24994,+3.3000,+3.1410,-3.6300,-0.0007,-1.0254,-0.0002,-4.315,-0.001,-0.00076,-0.0003,+0.0000,+0.010,0,0,-5.048,-5.416,-0.06693,-0.368,-1.673,+0.736,-5.048,+0.001,-5.985,2,-4.120,-4.383,-0.04168,-0.263,-1.042,+0.525,-4.120,+0.001,-4.636,2,+4.122,+4.370,+0.04151,+0.248,+1.038,-0.496,+4.122,+0.001,+4.664,2,+5.047,+5.295,+0.04816,+0.248,+1.204,-0.496,+5.047,+0.001,+5.756,2,-0.121,-0.013,-0.229,+0.028
DRV,24998,+3.3000,+3.1410,-3.6300,-0.0007,-1.0426,-0.0002,-4.315,-0.001,-0.00076,-0.0005,+0.0000,+0.021,0,0,-5.133,-5.774,-0.04814,-0.641,-1.203,+1.281,-5.133,+0.002,-5.054,2,-4.190,-4.333,-0.04032,-0.143,-1.008,+0.286,-4.190,+0.002,-4.910,2,+4.191,+4.406,+0.03252,+0.215,+0.813,-0.430,+4.191,+0.002,+4.576,2,+5.132,+5.340,+0.04660,+0.208,+1.165,-0.417,+5.132,+0.002,+5.882,2,-0.433,+0.073,+0.828,-0.334
DRV,25002,+3.3000,+3.1410,-3.6300,-0.0007,-1.0599,-0.0002,-4.315,-0.001,-0.00076,+0.0000,+0.0000,-0.001,0,0,-5.218,-5.688,-0.02995,-0.470,-0.749,+0.940,-5.218,-0.000,-5.027,2,-4.259,-4.385,-0.04031,-0.126,-1.008,+0.253,-4.259,-0.000,-5.014,2,+4.261,+4.341,+0.02527,+0.080,+0.632,-0.161,+4.261,-0.000,+4.732,2,+5.217,+5.446,+0.04640,+0.229,+1.160,-0.458,+5.217,-0.000,+5.919,2,-0.242,-0.044,+0.891,-0.283
DRV,25006,+3.3000,+3.1410,-3.6300,-0.0007,-1.0771,-0.0002,-4.315,-0.001,-0.00076,+0.0005,+0.0000,-0.022,0,0,-5.303,-5.521,-0.01773,-0.218,-0.443,+0.436,-5.303,-0.002,-5.312,2,-4.329,-4.418,-0.04167,-0.090,-1.042,+0.180,-4.329,-0.002,-5.192,2,+4.330,+4.333,+0.02168,+0.003,+0.542,-0.006,+4.330,-0.002,+4.865,2,+5.302,+5.456,+0.04604,+0.154,+1.151,-0.308,+5.302,-0.002,+6.143,0,-0.065,-0.085,+0.831,-0.328
DRV,25010,+3.3000,+3.1410,-3.6300,-0.0007,-1.0944,-0.0002,-4.315,-0.001,-0.00076,-0.0003,+0.0000,+0.010,0,0,-5.388,-5.516,-0.00918,-0.128,-0.229,+0.255,-5.388,+0.001,-5.361,2,-4.398,-4.557,-0.04246,-0.159,-1.062,+0.318,-4.398,+0.001,-5.140,2,+4.400,+4.379,+0.01868,-0.021,+0.467,+0.042,+4.400,+0.001,+4.909,0,+5.387,+5.619,+0.04552,+0.232,+1.138,-0.465,+5.387,+0.001,+6.061,0,+0.103,-0.178,+0.700,-0.231
DRV,25014,+3.3000,+3.1410,-3.6300,-0.0007,-1.1117,-0.0002,-4.315,-0.001,-0.00076,-0.0011,+0.0000,+0.042,0,0,-5.473,-5.394,-0.00545,+0.079,-0.136,-0.159,-5.473,+0.003,-5.764,2,-4.467,-4.611,-0.04232,-0.144,-1.058,+0.288,-4.467,+0.003,-5.234,2,+4.469,+4.397,+0.01628,-0.072,+0.407,+0.143,+4.469,+0.003,+5.022,0,+5.472,+5.710,+0.04367,+0.238,+1.092,-0.477,+5.472,+0.003,+6.090,0,+0.317,-0.214,+0.326,-0.212
DRV,25018,+3.3000,+3.1410,-3.6300,-0.0007,-1.1289,-0.0002,-4.315,-0.001,-0.00077,-0.0003,+0.0000,+0.010,0,0,-5.558,-5.378,-0.00462,+0.180,-0.115,-0.360,-5.558,+0.001,-6.033,0,-4.537,-4.694,-0.04277,-0.158,-1.069,+0.316,-4.537,+0.001,-5.289,0,+4.538,+4.742,+0.04208,+0.204,+1.052,-0.408,+4.538,+0.001,+5.184,2,+5.557,+5.394,+0.07925,-0.162,+1.981,+0.324,+5.557,+0.001,+7.863,2,+0.017,+0.048,+1.830,-0.106
DRV,25022,+3.3000,+3.1410,-3.6300,-0.0007,-1.1462,-0.0002,-4.315,-0.001,-0.00076,+0.0005,+0.0000,-0.022,0,0,-5.643,-5.406,-0.00631,+0.236,-0.158,-0.473,-5.643,-0.002,-6.275,0,-4.606,-4.458,-0.07257,+0.148,-1.814,-0.296,-4.606,-0.002,-6.718,0,+4.608,+4.883,+0.04010,+0.276,+1.003,-0.551,+4.608,-0.002,+5.057,2,+5.642,+5.961,+0.07247,+0.320,+1.812,-0.640,+5.642,-0.002,+6.812,2,+0.555,+0.425,+0.537,-1.661
DRV,25026,+3.3000,+3.1410,-3.6300,-0.0007,-1.1635,-0.0002,-4.315,-0.001,-0.00076,+0.0011,+0.0000,-0.043,0,0,-5.728,-5.808,-0.04235,-0.081,-1.059,+0.161,-5.728,-0.003,-6.629,0,-4.675,-4.935,-0.06769,-0.260,-1.692,+0.520,-4.675,-0.003,-5.851,2,+4.677,+4.992,+0.03679,+0.315,+0.920,-0.631,+4.677,-0.003,+4.963,2,+5.727,+6.321,+0.05364,+0.594,+1.341,-1.189,+5.727,-0.003,+5.875,2,+0.513,+0.057,-0.754,-0.888
DRV,25030,+3.3000,+3.1410,-3.6300,-0.0007,-1.1807,-0.0002,-4.315,-0.001,-0.00075,+0.0016,+0.0000,-0.064,0,0,-5.813,-5.987,-0.04448,-0.174,-1.112,+0.349,-5.813,-0.005,-6.581,2,-4.745,-5.321,-0.05074,-0.576,-1.269,+1.152,-4.745,-0.005,-4.867,2,+4.746,+4.905,+0.03523,+0.158,+0.881,-0.317,+4.746,-0.005,+5.306,2,+5.812,+6.223,+0.03657,+0.411,+0.914,-0.822,+5.812,-0.005,+5.898,2,+0.236,-0.416,-0.683,+0.439
DRV,25034,+3.3000,+3.1410,-3.6300,-0.0007,-1.1980,-0.0002,-4.315,-0.001,-0.00075,-0.0008,+0.0000,+0.032,0,0,-5.898,-6.118,-0.04414,-0.220,-1.104,+0.440,-5.898,+0.003,-6.559,2,-4.814,-5.274,-0.03362,-0.460,-0.841,+0.919,-4.814,+0.003,-4.733,2,+4.816,+4.999,+0.03541,+0.183,+0.885,-0.367,+4.816,+0.003,+5.337,2,+5.897,+6.227,+0.02239,+0.330,+0.560,-0.660,+5.897,+0.003,+5.799,2,+0.109,-0.275,-0.760,+0.604
DRV,25038,+3.3000,+3.1410,-3.6300,-0.0007,-1.2152,-0.0002,-4.315,-0.001,-0.00077,-0.0032,+0.0000,+0.127,0,0,-5.983,-6.275,-0.04326,-0.292,-1.081,+0.585,-5.983,+0.010,-6.469,2,-4.883,-5.220,-0.01978,-0.337,-0.494,+0.674,-4.883,+0.010,-4.694,2,+4.885,+5.161,+0.03427,+0.275,+0.857,-0.551,+4.885,+0.010,+5.201,2,+5.981,+6.146,+0.01265,+0.165,+0.316,-0.330,+5.981,+0.010,+5.978,2,-0.129,-0.060,-0.491,+0.508
DRV,25042,+3.3000,+3.1410,-3.6300,-0.0008,-1.2325,-0.0003,-4.315,-0.001,-0.00078,-0.0016,+0.0000,+0.063,0,0,-6.068,-6.344,-0.04182,-0.276,-1.046,+0.552,-6.068,+0.005,-6.556,2,-4.953,-5.119,-0.00959,-0.167,-0.240,+0.333,-4.953,+0.005,-4.854,2,+4.955,+5.147,+0.03372,+0.193,+0.843,-0.385,+4.955,+0.005,+5.418,2,+6.066,+6.075,+0.00581,+0.009,+0.145,-0.017,+6.066,+0.005,+6.200,2,-0.269,+0.028,-0.357,+0.563
DRV,25046,+3.3000,+3.1410,-3.6300,-0.0008,-1.2498,-0.0003,-4.315,-0.001,-0.00078,+0.0000,+0.0000,-0.001,0,0,-6.153,-6.433,-0.04023,-0.280,-1.006,+0.560,-6.153,-0.000,-6.598,2,-5.022,-5.106,-0.00230,-0.084,-0.058,+0.168,-5.022,-0.000,-4.912,2,+5.024,+5.234,+0.03224,+0.210,+0.806,-0.420,+5.024,-0.000,+5.410,2,+6.151,+6.066,+0.00264,-0.085,+0.066,+0.170,+6.151,-0.000,+6.387,0,-0.367,+0.128,-0.211,+0.498
DRV,25050,+3.3000,+3.1410,-3.6300,-0.0008,-1.2670,-0.0003,-4.315,-0.001,-0.00077,+0.0006,+0.0000,-0.022,0,0,-6.238,-6.438,-0.03961,-0.200,-0.990,+0.401,-6.238,-0.002,-6.829,2,-5.092,-5.033,+0.00133,+0.059,+0.033,-0.118,-5.092,-0.002,-5.178,2,+5.094,+5.239,+0.03288,+0.146,+0.822,-0.292,+5.094,-0.002,+5.622,0,+6.236,+6.412,+0.03996,+0.176,+0.999,-0.351,+6.236,-0.002,+6.882,2,-0.026,+0.207,+0.053,+0.444
DRV,25054,+3.3000,+3.1410,-3.6300,-0.0008,-1.2843,-0.0003,-4.315,-0.001,-0.00077,+0.0011,+0.0000,-0.043,0,0,-6.323,-6.536,-0.03922,-0.214,-0.980,+0.427,-6.323,-0.003,-6.879,2,-5.161,-5.048,+0.00321,+0.113,+0.080,-0.225,-5.161,-0.003,-5.309,0,+5.163,+4.961,+0.06632,-0.201,+1.658,+0.403,+5.163,-0.003,+7.220,2,+6.321,+6.439,+0.04193,+0.118,+1.048,-0.236,+6.321,-0.003,+7.130,2,-0.097,-0.087,+0.251,+1.911
DRV,25058,+3.3000,+3.1410,-3.6300,-0.0007,-1.3016,-0.0003,-4.315,-0.001,-0.00077,+0.0008,+0.0000,-0.033,0,0,-6.408,-6.692,-0.03827,-0.284,-0.957,+0.568,-6.408,-0.003,-6.799,0,-5.230,-4.991,+0.00259,+0.239,+0.065,-0.478,-5.230,-0.003,-5.647,0,+5.232,+5.217,+0.06662,-0.015,+1.665,+0.030,+5.232,-0.003,+6.926,2,+6.406,+6.575,+0.04363,+0.168,+1.091,-0.337,+6.406,-0.003,+7.158,2,-0.117,+0.226,+0.359,+1.279
DRV,25062,+3.3000,+3.1410,-3.6300,-0.0007,-1.3188,-0.0003,-4.315,-0.001,-0.00076,+0.0005,+0.0000,-0.022,0,0,-6.493,-6.734,-0.03755,-0.242,-0.939,+0.483,-6.493,-0.002,-6.950,0,-5.300,-5.380,-0.03123,-0.080,-0.781,+0.160,-5.300,-0.002,-5.922,2,+5.302,+5.811,+0.05331,+0.510,+1.333,-1.019,+5.302,-0.002,+5.614,2,+6.491,+6.717,+0.04325,+0.226,+1.081,-0.452,+6.491,-0.002,+7.119,2,-0.017,+0.432,+0.169,-0.308
DRV,25066,+3.3000,+3.1410,-3.6300,-0.0007,-1.3361,-0.0003,-4.315,-0.001,-0.00076,+0.0000,+0.0000,-0.001,0,0,-6.578,-6.373,-0.07999,+0.205,-2.000,-0.409,-6.578,-0.000,-8.987,2,-5.369,-5.414,-0.03419,-0.045,-0.855,+0.091,-5.369,-0.000,-6.133,2,+5.371,+5.871,+0.03447,+0.500,+0.862,-1.000,+5.371,-0.000,+5.232,2,+6.576,+6.813,+0.04271,+0.236,+1.068,-0.473,+6.576,-0.000,+7.171,2,+0.440,+0.457,-1.816,-0.901
DRV,25070,+3.3000,+3.1410,-3.6300,-0.0007,-1.3533,-0.0003,-4.315,-0.001,-0.00076,-0.0005,+0.0000,+0.021,0,0,-6.663,-7.108,-0.07165,-0.446,-1.791,+0.891,-6.663,+0.002,-7.561,2,-5.438,-5.589,-0.03544,-0.150,-0.886,+0.300,-5.438,+0.002,-6.023,2,+5.440,+5.816,+0.01851,+0.375,+0.463,-0.750,+5.440,+0.002,+5.155,2,+6.661,+6.832,+0.04315,+0.171,+1.079,-0.342,+6.661,+0.002,+7.400,2,-0.276,+0.227,-0.161,-0.868
DRV,25074,+3.3000,+3.1410,-3.6300,-0.0008,-1.3706,-0.0003,-4.315,-0.001,-0.00077,-0.0016,+0.0000,+0.063,0,0,-6.748,-7.577,-0.04588,-0.830,-1.147,+1.660,-6.748,+0.005,-6.230,2,-5.508,-5.692,-0.03537,-0.185,-0.884,+0.370,-5.508,+0.005,-6.017,2,+5.510,+5.679,+0.00814,+0.169,+0.204,-0.337,+5.510,+0.005,+5.381,2,+6.746,+7.053,+0.04304,+0.307,+1.076,-0.614,+6.746,+0.005,+7.213,2,-0.524,-0.014,+0.982,-0.636
DRV,25078,+3.3000,+3.1410,-3.6300,-0.0008,-1.3879,-0.0003,-4.315,-0.001,-0.00078,-0.0026,+0.0000,+0.106,0,0,-6.833,-7.442,-0.02225,-0.609,-0.556,+1.218,-6.833,+0.008,-6.163,2,-5.577,-5.744,-0.03589,-0.167,-0.897,+0.335,-5.577,+0.008,-6.131,2,+5.579,+5.555,+0.00182,-0.025,+0.045,+0.049,+5.579,+0.008,+5.683,2,+6.831,+7.151,+0.04123,+0.320,+1.031,-0.639,+6.831,+0.008,+7.231,2,-0.291,-0.190,+1.068,-0.448
DRV,25082,+3.3000,+3.1410,-3.6300,-0.0008,-1.4051,-0.0003,-4.315,-0.001,-0.00078,+0.0000,+0.0000,-0.001,0,0,-6.918,-7.319,-0.00460,-0.402,-0.115,+0.804,-6.918,-0.000,-6.229,2,-5.646,-5.801,-0.03700,-0.155,-0.925,+0.310,-5.646,-0.000,-6.262,2,+5.649,+5.509,+0.00002,-0.140,+0.000,+0.280,+5.649,-0.000,+5.929,2,+6.916,+7.150,+0.04002,+0.234,+1.001,-0.467,+6.916,-0.000,+7.449,0,-0.170,-0.292,+1.220,-0.333
DRV,25086,+3.3000,+3.1410,-3.6300,-0.0008,-1.4224,-0.0003,-4.315,-0.001,-0.00077,+0.0027,+0.0000,-0.107,0,0,-7.003,-7.120,+0.00671,-0.117,+0.168,+0.234,-7.003,-0.009,-6.610,2,-5.716,-5.898,-0.03717,-0.182,-0.929,+0.364,-5.716,-0.009,-6.289,2,+5.718,+5.515,-0.00014,-0.203,-0.003,+0.406,+5.718,-0.009,+6.112,0,+7.001,+7.256,+0.03941,+0.255,+0.985,-0.509,+7.001,-0.009,+7.469,0,+0.136,-0.383,+0.859,-0.177
DRV,25090,+3.3000,+3.1410,-3.6300,-0.0007,-1.4396,-0.0003,-4.315,-0.001,-0.00077,+0.0008,+0.0000,-0.033,0,0,-7.088,-7.042,+0.01319,+0.045,+0.330,-0.090,-7.088,-0.003,-6.851,2,-5.785,-5.928,-0.03832,-0.143,-0.958,+0.286,-5.785,-0.003,-6.460,0,+5.787,+5.589,+0.00069,-0.198,+0.017,+0.397,+5.787,-0.003,+6.199,0,+7.086,+6.827,+0.08581,-0.259,+2.145,+0.517,+7.086,-0.003,+9.746,2,-0.215,-0.339,+2.895,-0.261
DRV,25094,+3.3000,+3.1410,-3.6300,-0.0008,-1.4569,-0.0003,-4.315,-0.001,-0.00077,-0.0010,+0.0000,+0.042,0,0,-7.173,-6.958,+0.01485,+0.214,+0.371,-0.428,-7.173,+0.003,-7.226,2,-5.855,-6.074,-0.03776,-0.220,-0.944,+0.440,-5.855,+0.003,-6.356,0,+5.857,+5.925,+0.03815,+0.068,+0.954,-0.136,+5.857,+0.003,+6.678,2,+7.171,+7.632,+0.07644,+0.461,+1.911,-0.922,+7.171,+0.003,+8.164,2,+0.673,-0.150,+0.937,+0.323
DRV,25098,+3.3000,+3.1410,-3.6300,-0.0008,-1.4742,-0.0003,-4.315,-0.001,-0.00077,+0.0013,+0.0000,-0.054,0,0,-7.258,-6.946,+0.01361,+0.312,+0.340,-0.624,-7.258,-0.004,-7.545,0,-5.924,-5.705,-0.07653,+0.219,-1.913,-0.438,-5.924,-0.004,-8.280,0,+5.926,+6.079,+0.03978,+0.153,+0.994,-0.306,+5.926,-0.004,+6.611,2,+7.256,+8.063,+0.05117,+0.807,+1.279,-1.615,+7.256,-0.004,+6.916,2,+1.118,+0.374,-0.629,-1.669
DRV,25102,+3.3000,+3.1410,-3.6300,-0.0007,-1.4914,-0.0003,-4.315,-0.001,-0.00076,+0.0037,+0.0000,-0.150,0,0,-7.342,-7.434,-0.03348,-0.092,-0.837,+0.184,-7.342,-0.012,-8.008,2,-5.993,-5.948,-0.07639,+0.046,-1.910,-0.092,-5.993,-0.012,-8.007,2,+5.996,+6.140,+0.04008,+0.144,+1.002,-0.288,+5.996,-0.012,+6.697,2,+7.341,+7.982,+0.02728,+0.641,+0.682,-1.283,+7.341,-0.012,+6.728,2,+0.548,+0.192,-1.279,-1.309
DRV,25106,+3.3000,+3.1410,-3.6300,-0.0007,-1.5087,-0.0003,-4.315,-0.001,-0.00075,+0.0000,+0.0000,-0.000,0,0,-7.427,-7.575,-0.03707,-0.148,-0.927,+0.295,-7.427,-0.000,-8.059,2,-6.063,-6.687,-0.06112,-0.624,-1.528,+1.249,-6.063,-0.000,-6.342,2,+6.065,+6.299,+0.04021,+0.235,+1.005,-0.469,+6.065,-0.000,+6.601,2,+7.426,+7.836,+0.00859,+0.410,+0.215,-0.821,+7.426,-0.000,+6.820,2,+0.261,-0.388,-1.239,+0.259
DRV,25110,+3.3000,+3.1410,-3.6300,-0.0007,-1.5260,-0.0003,-4.315,-0.001,-0.00076,-0.0037,+0.0000,+0.149,0,0,-7.512,-7.803,-0.03743,-0.291,-0.936,+0.582,-7.512,+0.012,-7.854,2,-6.132,-6.744,-0.03955,-0.612,-0.989,+1.224,-6.132,+0.012,-5.885,2,+6.134,+6.482,+0.03748,+0.347,+0.937,-0.694,+6.134,+0.012,+6.389,2,+7.511,+7.723,-0.00490,+0.213,-0.122,-0.425,+7.511,+0.012,+6.975,2,-0.080,-0.262,-0.879,+0.504
DRV,25114,+3.3000,+3.1410,-3.6300,-0.0008,-1.5432,-0.0003,-4.315,-0.001,-0.00077,-0.0021,+0.0000,+0.084,0,0,-7.598,-7.866,-0.03571,-0.268,-0.893,+0.537,-7.598,+0.007,-7.947,2,-6.201,-6.717,-0.01971,-0.516,-0.493,+1.032,-6.201,+0.007,-5.656,2,+6.204,+6.503,+0.03534,+0.299,+0.884,-0.597,+6.204,+0.007,+6.497,2,+7.596,+7.646,-0.01395,+0.050,-0.349,-0.100,+7.596,+0.007,+7.154,2,-0.220,-0.215,-0.793,+0.841
DRV,25118,+3.3000,+3.1410,-3.6300,-0.0008,-1.5605,-0.0003,-4.315,-0.001,-0.00078,-0.0005,+0.0000,+0.020,0,0,-7.683,-7.984,-0.03459,-0.302,-0.865,+0.603,-7.683,+0.002,-7.942,2,-6.271,-6.643,-0.00430,-0.373,-0.107,+0.745,-6.271,+0.002,-5.631,2,+6.273,+6.579,+0.03380,+0.306,+0.845,-0.612,+6.273,+0.002,+6.508,2,+7.681,+7.570,-0.01818,-0.110,-0.455,+0.221,+7.681,+0.002,+7.449,0,-0.414,-0.064,-0.494,+0.876
DRV,25122,+3.3000,+3.1410,-3.6300,-0.0008,-1.5777,-0.0003,-4.315,-0.001,-0.00078,+0.0008,+0.0000,-0.033,0,0,-7.767,-8.066,-0.03446,-0.298,-0.861,+0.596,-7.767,-0.003,-8.035,2,-6.340,-6.560,+0.00784,-0.220,+0.196,+0.440,-6.340,-0.003,-5.707,2,+6.343,+6.560,+0.03362,+0.217,+0.841,-0.434,+6.343,-0.003,+6.746,0,+7.766,+7.447,-0.01798,-0.318,-0.449,+0.637,+7.766,-0.003,+7.950,0,-0.618,+0.000,-0.085,+1.039
DRV,25126,+3.3000,+3.1410,-3.6300,-0.0007,-1.5950,-0.0003,-4.315,-0.001,-0.00077,+0.0021,+0.0000,-0.086,0,0,-7.852,-8.154,-0.03339,-0.301,-0.835,+0.603,-7.852,-0.007,-8.091,2,-6.410,-6.495,+0.01593,-0.085,+0.398,+0.171,-6.410,-0.007,-5.847,2,+6.412,+6.811,+0.03173,+0.399,+0.793,-0.797,+6.412,-0.007,+6.401,0,+7.851,+7.981,+0.03153,+0.131,+0.788,-0.261,+7.851,-0.007,+8.371,2,-0.173,+0.316,+0.280,+0.554
DRV,25130,+3.3000,+3.1410,-3.6300,-0.0007,-1.6123,-0.0003,-4.315,-0.001,-0.00076,+0.0021,+0.0000,-0.086,0,0,-7.937,-8.182,-0.03302,-0.244,-0.825,+0.488,-7.937,-0.007,-8.281,0,-6.479,-6.875,-0.01992,-0.396,-0.498,+0.791,-6.479,-0.007,-6.192,0,+6.481,+6.317,+0.07224,-0.164,+1.806,+0.328,+6.481,-0.007,+8.609,2,+7.936,+8.062,+0.03486,+0.127,+0.871,-0.253,+7.936,-0.007,+8.547,2,-0.119,-0.557,+0.265,+2.417
DRV,25134,+3.3000,+3.1410,-3.6300,-0.0007,-1.6295,-0.0003,-4.315,-0.001,-0.00075,+0.0021,+0.0000,-0.086,0,0,-8.022,-8.354,-0.03200,-0.331,-0.800,+0.663,-8.022,-0.007,-8.167,0,-6.548,-6.834,-0.01723,-0.286,-0.431,+0.571,-6.548,-0.007,-6.415,2,+6.551,+6.682,+0.06693,+0.132,+1.673,-0.263,+6.551,-0.007,+7.954,2,+8.021,+8.165,+0.03878,+0.144,+0.970,-0.288,+8.021,-0.007,+8.695,2,-0.189,-0.152,+0.528,+1.539
DRV,25138,+3.3000,+3.1410,-3.6300,-0.0006,-1.6468,-0.0003,-4.315,-0.001,-0.00074,+0.0016,+0.0000,-0.064,0,0,-8.107,-7.835,-0.08413,+0.272,-2.103,-0.545,-8.107,-0.005,-10.760,0,-6.618,-6.845,-0.01706,-0.227,-0.427,+0.454,-6.618,-0.005,-6.595,2,+6.620,+7.190,+0.04918,+0.570,+1.230,-1.139,+6.620,-0.005,+6.705,2,+8.106,+8.316,+0.04063,+0.210,+1.016,-0.421,+8.106,-0.005,+8.696,2,+0.481,+0.345,-2.065,+0.110
DRV,25142,+3.3000,+3.1410,-3.6300,-0.0006,-1.6641,-0.0003,-4.315,-0.001,-0.00074,+0.0011,+0.0000,-0.043,0,0,-8.192,-8.276,-0.08125,-0.084,-2.031,+0.167,-8.192,-0.003,-10.059,2,-6.687,-6.809,-0.01902,-0.122,-0.476,+0.244,-6.687,-0.003,-6.922,2,+6.689,+7.151,+0.03010,+0.462,+0.753,-0.923,+6.689,-0.003,+6.515,2,+8.191,+8.525,+0.04001,+0.335,+1.000,-0.669,+8.191,-0.003,+8.518,2,+0.249,+0.342,-1.541,-0.407
DRV,25146,+3.3000,+3.1410,-3.6300,-0.0006,-1.6813,-0.0003,-4.315,-0.001,-0.00074,-0.0005,+0.0000,+0.021,0,0,-8.277,-9.161,-0.05749,-0.884,-1.437,+1.768,-8.277,+0.002,-7.945,2,-6.757,-6.863,-0.02157,-0.106,-0.539,+0.212,-6.757,+0.002,-7.082,2,+6.759,+7.097,+0.01430,+0.338,+0.358,-0.676,+6.759,+0.002,+6.442,2,+8.276,+8.629,+0.03807,+0.354,+0.952,-0.707,+8.276,+0.002,+8.522,2,-0.532,+0.234,+0.577,-0.640
DRV,25150,+3.3000,+3.1410,-3.6300,-0.0007,-1.6986,-0.0003,-4.315,-0.001,-0.00075,-0.0021,+0.0000,+0.085,0,0,-8.362,-9.229,-0.02628,-0.866,-0.657,+1.733,-8.362,+0.007,-7.280,2,-6.826,-6.953,-0.02481,-0.127,-0.620,+0.255,-6.826,+0.007,-7.185,2,+6.828,+7.008,+0.00255,+0.180,+0.064,-0.360,+6.828,+0.007,+6.539,2,+8.361,+8.673,+0.03712,+0.312,+0.928,-0.624,+8.361,+0.007,+8.671,2,-0.556,+0.055,+1.391,-0.646
DRV,25154,+3.3000,+3.1410,-3.6300,-0.0007,-1.7158,-0.0003,-4.315,-0.001,-0.00075,+0.0000,+0.0000,-0.000,0,0,-8.447,-9.025,-0.00182,-0.578,-0.045,+1.156,-8.447,-0.000,-7.337,2,-6.895,-7.031,-0.02701,-0.136,-0.675,+0.273,-6.895,-0.000,-7.298,2,+6.898,+6.885,-0.00439,-0.013,-0.110,+0.025,+6.898,-0.000,+6.813,2,+8.445,+8.724,+0.03715,+0.279,+0.929,-0.557,+8.445,-0.000,+8.817,0,-0.301,-0.146,+1.480,-0.485
DRV,25158,+3.3000,+3.1410,-3.6300,-0.0006,-1.7331,-0.0003,-4.315,-0.001,-0.00074,+0.0021,+0.0000,-0.085,0,0,-8.532,-8.780,+0.01400,-0.248,+0.350,+0.496,-8.532,-0.007,-7.693,2,-6.965,-7.217,-0.02751,-0.252,-0.688,+0.505,-6.965,-0.007,-7.155,2,+6.967,+6.798,-0.00729,-0.169,-0.182,+0.337,+6.967,-0.007,+7.115,0,+8.530,+8.895,+0.03510,+0.364,+0.878,-0.729,+8.530,-0.007,+8.672,0,+0.115,-0.419,+0.979,-0.039
DRV,25162,+3.3000,+3.1410,-3.6300,-0.0006,-1.7504,-0.0003,-4.315,-0.001,-0.00074,-0.0003,+0.0000,+0.011,0,0,-8.617,-8.688,+0.02423,-0.071,+0.606,+0.143,-8.617,+0.001,-7.868,2,-7.034,-7.295,-0.02668,-0.261,-0.667,+0.522,-7.034,+0.001,-7.178,2,+7.036,+6.752,-0.00653,-0.284,-0.163,+0.568,+7.036,+0.001,+7.442,0,+8.615,+8.376,+0.08964,-0.239,+2.241,+0.479,+8.615,+0.001,+11.336,2,-0.312,-0.543,+3.468,+0.264
DRV,25166,+3.3000,+3.1410,-3.6300,-0.0007,-1.7676,-0.0003,-4.315,-0.001,-0.00075,-0.0027,+0.0000,+0.106,0,0,-8.702,-8.642,+0.03001,+0.060,+0.750,-0.120,-8.702,+0.008,-8.063,2,-7.103,-7.267,-0.02721,-0.163,-0.680,+0.326,-7.103,+0.008,-7.449,0,+7.106,+7.245,+0.03779,+0.139,+0.945,-0.278,+7.106,+0.008,+7.781,2,+8.700,+8.679,+0.08803,-0.021,+2.201,+0.043,+8.700,+0.008,+10.953,2,+0.037,-0.022,+2.889,+0.333
DRV,25170,+3.3000,+3.1410,-3.6300,-0.0007,-1.7849,-0.0003,-4.315,-0.001,-0.00075,-0.0005,+0.0000,+0.021,0,0,-8.787,-8.563,+0.03290,+0.224,+0.822,-0.448,-8.787,+0.002,-8.411,0,-7.173,-7.409,-0.02756,-0.236,-0.689,+0.472,-7.173,+0.002,-7.388,0,+7.175,+7.319,+0.03974,+0.144,+0.993,-0.287,+7.175,+0.002,+7.883,2,+8.785,+9.490,+0.06937,+0.705,+1.734,-1.410,+8.785,+0.002,+9.111,2,+0.927,-0.090,+0.700,+0.495
DRV,25174,+3.3000,+3.1410,-3.6300,-0.0007,-1.8022,-0.0003,-4.315,-0.001,-0.00075,+0.0016,+0.0000,-0.064,0,0,-8.872,-8.603,+0.03365,+0.269,+0.841,-0.538,-8.872,-0.005,-8.574,0,-7.242,-6.949,-0.07530,+0.293,-1.882,-0.585,-7.242,-0.005,-9.715,2,+7.245,+7.504,+0.03998,+0.259,+1.000,-0.519,+7.245,-0.005,+7.720,2,+8.870,+9.692,+0.04020,+0.821,+1.005,-1.643,+8.870,-0.005,+8.227,2,+1.089,+0.555,-0.347,-1.994
DRV,25178,+3.3000,+3.1410,-3.6300,-0.0006,-1.8194,-0.0003,-4.315,-0.001,-0.00074,+0.0011,+0.0000,-0.043,0,0,-8.957,-9.215,-0.02104,-0.258,-0.526,+0.517,-8.957,-0.003,-8.970,2,-7.311,-7.699,-0.06725,-0.388,-1.681,+0.775,-7.311,-0.003,-8.221,2,+7.314,+7.606,+0.03891,+0.292,+0.973,-0.584,+7.314,-0.003,+7.699,2,+8.955,+9.578,+0.01469,+0.622,+0.367,-1.245,+8.955,-0.003,+8.074,2,+0.362,-0.093,-0.896,-0.522
DRV,25182,+3.3000,+3.1410,-3.6300,-0.0006,-1.8367,-0.0003,-4.315,-0.001,-0.00074,+0.0005,+0.0000,-0.021,0,0,-9.042,-9.271,-0.02264,-0.229,-0.566,+0.458,-9.042,-0.002,-9.152,2,-7.381,-8.130,-0.04292,-0.749,-1.073,+1.498,-7.381,-0.002,-6.958,2,+7.383,+7.802,+0.03535,+0.419,+0.884,-0.837,+7.383,-0.002,+7.428,2,+9.040,+9.369,-0.00436,+0.329,-0.109,-0.657,+9.040,-0.002,+8.272,2,+0.098,-0.328,-0.879,+0.470
DRV,25186,+3.3000,+3.1410,-3.6300,-0.0006,-1.8539,-0.0003,-4.315,-0.001,-0.00074,-0.0008,+0.0000,+0.032,0,0,-9.127,-9.367,-0.02485,-0.239,-0.621,+0.479,-9.127,+0.003,-9.267,2,-7.450,-8.078,-0.01957,-0.627,-0.489,+1.255,-7.450,+0.003,-6.682,2,+7.453,+7.858,+0.03086,+0.406,+0.771,-0.811,+7.453,+0.003,+7.416,2,+9.125,+9.282,-0.01754,+0.157,-0.439,-0.314,+9.125,+0.003,+8.376,2,-0.084,-0.219,-0.891,+0.733
DRV,25190,+3.3000,+3.1410,-3.6300,-0.0007,-1.8712,-0.0003,-4.315,-0.001,-0.00075,-0.0021,+0.0000,+0.085,0,0,-9.212,-9.442,-0.02651,-0.230,-0.663,+0.460,-9.212,+0.007,-9.408,2,-7.520,-7.956,-0.00065,-0.437,-0.016,+0.873,-7.520,+0.007,-6.656,2,+7.522,+7.928,+0.02772,+0.406,+0.693,-0.811,+7.522,+0.007,+7.411,2,+9.210,+9.213,-0.02629,+0.003,-0.657,-0.007,+9.210,+0.007,+8.553,2,-0.228,-0.028,-0.855,+0.755
DRV,25194,+3.3000,+3.1410,-3.6300,-0.0007,-1.8885,-0.0004,-4.315,-0.001,-0.00076,-0.0027,+0.0000,+0.106,0,0,-9.297,-9.598,-0.02685,-0.301,-0.671,+0.601,-9.297,+0.008,-9.359,2,-7.589,-7.860,+0.01462,-0.271,+0.365,+0.543,-7.589,+0.008,-6.672,2,+7.592,+7.893,+0.02595,+0.301,+0.649,-0.603,+7.592,+0.008,+7.646,2,+9.295,+9.117,-0.03098,-0.178,-0.774,+0.357,+9.295,+0.008,+8.886,0,-0.481,+0.033,-0.473,+0.974
DRV,25198,+3.3000,+3.1410,-3.6300,-0.0008,-1.9057,-0.0004,-4.315,-0.001,-0.00077,-0.0032,+0.0000,+0.127,0,0,-9.382,-9.665,-0.02703,-0.283,-0.676,+0.566,-9.382,+0.010,-9.482,2,-7.658,-7.778,+0.02545,-0.120,+0.636,+0.239,-7.658,+0.010,-6.772,2,+7.661,+8.056,+0.02363,+0.395,+0.591,-0.790,+7.661,+0.010,+7.472,0,+9.380,+9.198,-0.03431,-0.182,-0.858,+0.364,+9.380,+0.010,+8.896,0,-0.467,+0.278,-0.586,+0.700
DRV,25202,+3.3000,+3.1410,-3.6300,-0.0007,-1.9230,-0.0004,-4.315,-0.001,-0.00077,+0.0027,+0.0000,-0.107,0,0,-9.467,-9.712,-0.02819,-0.245,-0.705,+0.490,-9.467,-0.009,-9.690,2,-7.727,-7.732,+0.03302,-0.005,+0.825,+0.010,-7.727,-0.009,-6.901,0,+7.731,+8.108,+0.07175,+0.378,+1.794,-0.755,+7.731,-0.009,+8.760,0,+9.465,+9.826,+0.02203,+0.361,+0.551,-0.722,+9.465,-0.009,+9.285,2,+0.114,+0.376,-0.406,+1.860
DRV,25206,+3.3000,+3.1410,-3.6300,-0.0007,-1.9402,-0.0004,-4.315,-0.001,-0.00076,+0.0027,+0.0000,-0.107,0,0,-9.552,-9.911,-0.02766,-0.359,-0.691,+0.717,-9.552,-0.009,-9.535,0,-7.797,-7.683,+0.03653,+0.114,+0.913,-0.228,-7.797,-0.009,-7.120,0,+7.800,+7.729,+0.06907,-0.071,+1.727,+0.142,+7.800,-0.009,+9.660,2,+9.550,+9.859,+0.02182,+0.309,+0.546,-0.618,+9.550,-0.009,+9.469,2,-0.051,+0.046,-0.066,+2.539
DRV,25210,+3.3000,+3.1410,-3.6300,-0.0007,-1.9575,-0.0004,-4.315,-0.001,-0.00075,+0.0016,+0.0000,-0.064,0,0,-9.637,-9.968,-0.02734,-0.331,-0.683,+0.662,-9.637,-0.005,-9.664,0,-7.866,-8.157,-0.01002,-0.290,-0.250,+0.581,-7.866,-0.005,-7.541,2,+7.869,+8.360,+0.05587,+0.491,+1.397,-0.982,+7.869,-0.005,+8.278,2,+9.635,+9.900,+0.02337,+0.265,+0.584,-0.529,+9.635,-0.005,+9.685,2,-0.068,+0.204,+0.021,+0.737
DRV,25214,+3.3000,+3.1410,-3.6300,-0.0006,-1.9748,-0.0003,-4.315,-0.001,-0.00074,+0.0016,+0.0000,-0.064,0,0,-9.722,-9.314,-0.09166,+0.408,-2.292,-0.816,-9.722,-0.005,-12.834,2,-7.936,-8.201,-0.00961,-0.265,-0.240,+0.530,-7.936,-0.005,-7.651,2,+7.939,+8.650,+0.03290,+0.712,+0.823,-1.424,+7.939,-0.005,+7.332,2,+9.720,+10.021,+0.02437,+0.301,+0.609,-0.602,+9.720,-0.005,+9.722,2,+0.707,+0.450,-3.113,-0.319
DRV,25218,+3.3000,+3.1410,-3.6300,-0.0006,-1.9920,-0.0003,-4.315,-0.001,-0.00074,-0.0005,+0.0000,+0.021,0,0,-9.807,-10.337,-0.08219,-0.530,-2.055,+1.060,-9.807,+0.002,-10.800,2,-8.005,-8.187,-0.01094,-0.182,-0.274,+0.363,-8.005,+0.002,-7.914,2,+8.008,+8.507,+0.01130,+0.499,+0.282,-0.999,+8.008,+0.002,+7.293,2,+9.805,+10.072,+0.02559,+0.267,+0.640,-0.534,+9.805,+0.002,+9.913,2,-0.265,+0.320,-0.887,-0.620
DRV,25222,+3.3000,+3.1410,-3.6300,-0.0007,-2.0093,-0.0004,-4.315,-0.001,-0.00074,-0.0005,+0.0000,+0.021,0,0,-9.892,-11.014,-0.04840,-1.123,-1.210,+2.245,-9.892,+0.002,-8.855,2,-8.074,-8.160,-0.01402,-0.086,-0.351,+0.171,-8.074,+0.002,-8.252,2,+8.077,+8.311,-0.00358,+0.234,-0.089,-0.468,+8.077,+0.002,+7.522,2,+9.890,+10.170,+0.02702,+0.280,+0.676,-0.559,+9.890,+0.002,+10.008,2,-0.845,+0.151,+1.153,-0.730
DRV,25226,+3.3000,+3.1410,-3.6300,-0.0007,-2.0266,-0.0004,-4.315,-0.001,-0.00076,-0.0037,+0.0000,+0.149,0,0,-9.977,-10.920,-0.01367,-0.943,-0.342,+1.886,-9.977,+0.012,-8.421,2,-8.144,-8.192,-0.01923,-0.048,-0.481,+0.096,-8.144,+0.012,-8.517,2,+8.147,+8.142,-0.01163,-0.005,-0.291,+0.011,+8.147,+0.012,+7.879,2,+9.975,+10.354,+0.02638,+0.379,+0.659,-0.758,+9.975,+0.012,+9.889,2,-0.566,-0.050,+1.468,-0.638
DRV,25230,+3.3000,+3.1410,-3.6300,-0.0008,-2.0438,-0.0004,-4.315,-0.001,-0.00077,-0.0037,+0.0000,+0.148,0,0,-10.062,-10.740,+0.01470,-0.678,+0.368,+1.356,-10.062,+0.012,-8.327,2,-8.213,-8.364,-0.02272,-0.151,-0.568,+0.302,-8.213,+0.012,-8.467,2,+8.216,+8.087,-0.01649,-0.130,-0.412,+0.259,+8.216,+0.012,+8.075,2,+10.060,+10.416,+0.02556,+0.356,+0.639,-0.713,+10.060,+0.012,+9.998,0,-0.324,-0.278,+1.671,-0.391
DRV,25234,+3.3000,+3.1410,-3.6300,-0.0008,-2.0611,-0.0004,-4.315,-0.001,-0.00078,-0.0016,+0.0000,+0.063,0,0,-10.147,-10.503,+0.03480,-0.356,+0.870,+0.711,-10.147,+0.005,-8.561,2,-8.282,-8.462,-0.02565,-0.180,-0.641,+0.360,-8.282,+0.005,-8.558,2,+8.286,+8.039,-0.01846,-0.246,-0.461,+0.493,+8.286,+0.005,+8.322,0,+10.145,+10.375,+0.02649,+0.230,+0.662,-0.460,+10.145,+0.005,+10.352,0,-0.128,-0.423,+1.792,-0.236
DRV,25238,+3.3000,+3.1410,-3.6300,-0.0008,-2.0783,-0.0005,-4.315,-0.001,-0.00079,-0.0016,+0.0000,+0.063,0,0,-10.232,-10.294,+0.04768,-0.062,+1.192,+0.124,-10.232,+0.005,-8.911,2,-8.352,-8.540,-0.02841,-0.188,-0.710,+0.376,-8.352,+0.005,-8.681,2,+8.355,+8.121,-0.01906,-0.234,-0.477,+0.468,+8.355,+0.005,+8.352,0,+10.230,+9.830,+0.09437,-0.400,+2.359,+0.800,+10.230,+0.005,+13.394,2,-0.464,-0.419,+4.483,-0.328
DRV,25242,+3.3000,+3.1410,-3.6300,-0.0008,-2.0956,-0.0004,-4.315,-0.001,-0.00077,+0.0048,+0.0000,-0.193,0,0,-10.317,-10.173,+0.05430,+0.144,+1.357,-0.288,-10.317,-0.015,-9.263,2,-8.421,-8.649,-0.02945,-0.228,-0.736,+0.457,-8.421,-0.015,-8.716,0,+8.425,+8.646,+0.03308,+0.221,+0.827,-0.443,+8.425,-0.015,+8.793,2,+10.315,+10.252,+0.09306,-0.062,+2.326,+0.124,+10.315,-0.015,+12.750,2,+0.080,-0.003,+3.487,+0.077
DRV,25246,+3.3000,+3.1410,-3.6300,-0.0007,-2.1129,-0.0004,-4.315,-0.001,-0.00075,+0.0048,+0.0000,-0.192,0,0,-10.402,-10.065,+0.05534,+0.337,+1.383,-0.674,-10.402,-0.015,-9.707,0,-8.491,-8.117,-0.08594,+0.373,-2.149,-0.747,-8.491,-0.015,-11.401,2,+8.494,+8.893,+0.03212,+0.399,+0.803,-0.799,+8.494,-0.015,+8.483,2,+10.400,+11.146,+0.07164,+0.746,+1.791,-1.492,+10.400,-0.015,+10.683,2,+1.081,+0.776,+0.976,-2.918
DRV,25250,+3.3000,+3.1410,-3.6300,-0.0006,-2.1301,-0.0004,-4.315,-0.001,-0.00074,+0.0032,+0.0000,-0.128,0,0,-10.487,-10.646,-0.01057,-0.160,-0.264,+0.319,-10.487,-0.010,-10.442,0,-8.560,-8.521,-0.08550,+0.039,-2.138,-0.078,-8.560,-0.010,-10.786,2,+8.563,+8.904,+0.03022,+0.340,+0.756,-0.681,+8.563,-0.010,+8.627,2,+10.485,+11.398,+0.03970,+0.913,+0.993,-1.826,+10.485,-0.010,+9.641,2,+0.751,+0.382,-0.801,-2.159
DRV,25254,+3.3000,+3.1410,-3.6300,-0.0006,-2.1474,-0.0003,-4.315,-0.001,-0.00073,+0.0032,+0.0000,-0.128,0,0,-10.572,-10.808,-0.01495,-0.237,-0.374,+0.474,-10.572,-0.010,-10.482,2,-8.630,-9.533,-0.06379,-0.904,-1.595,+1.808,-8.630,-0.010,-8.427,2,+8.632,+8.909,+0.02891,+0.277,+0.723,-0.554,+8.632,-0.010,+8.791,2,+10.570,+11.354,+0.00913,+0.784,+0.228,-1.568,+10.570,-0.010,+9.219,2,+0.546,-0.624,-1.263,+0.364
DRV,25258,+3.3000,+3.1410,-3.6300,-0.0006,-2.1647,-0.0004,-4.315,-0.001,-0.00073,-0.0037,+0.0000,+0.149,0,0,-10.657,-10.922,-0.01763,-0.266,-0.441,+0.531,-10.657,+0.012,-10.554,2,-8.699,-9.689,-0.03041,-0.990,-0.760,+1.981,-8.699,+0.012,-7.466,2,+8.702,+9.202,+0.02666,+0.500,+0.666,-1.000,+8.702,+0.012,+8.381,2,+10.655,+11.142,-0.01508,+0.488,-0.377,-0.975,+10.655,+0.012,+9.314,2,+0.220,-0.488,-1.240,+0.914
DRV,25262,+3.3000,+3.1410,-3.6300,-0.0007,-2.1819,-0.0004,-4.315,-0.001,-0.00075,-0.0037,+0.0000,+0.149,0,0,-10.742,-10.931,-0.02092,-0.189,-0.523,+0.378,-10.742,+0.012,-10.875,2,-8.768,-9.576,-0.00068,-0.808,-0.017,+1.615,-8.768,+0.012,-7.158,2,+8.771,+9.267,+0.02232,+0.496,+0.558,-0.991,+8.771,+0.012,+8.350,2,+10.740,+11.081,-0.03447,+0.341,-0.862,-0.682,+10.740,+0.012,+9.207,2,+0.150,-0.309,-1.668,+1.192
DRV,25266,+3.3000,+3.1410,-3.6300,-0.0007,-2.1992,-0.0004,-4.315,-0.001,-0.00076,-0.0021,+0.0000,+0.085,0,0,-10.827,-11.075,-0.02443,-0.248,-0.611,+0.496,-10.827,+0.007,-10.934,2,-8.837,-9.368,+0.02232,-0.531,+0.558,+1.062,-8.837,+0.007,-7.211,2,+8.841,+9.236,+0.01935,+0.395,+0.484,-0.790,+8.841,+0.007,+8.541,2,+10.824,+10.899,-0.04752,+0.075,-1.188,-0.149,+10.824,+0.007,+9.494,0,-0.176,-0.133,-1.440,+1.330
DRV,25270,+3.3000,+3.1410,-3.6300,-0.0008,-2.2164,-0.0004,-4.315,-0.001,-0.00077,-0.0021,+0.0000,+0.085,0,0,-10.912,-11.234,-0.02662,-0.322,-0.665,+0.645,-10.912,+0.007,-10.926,2,-8.907,-9.191,+0.03898,-0.284,+0.974,+0.568,-8.907,+0.007,-7.358,2,+8.910,+9.141,+0.01927,+0.231,+0.482,-0.462,+8.910,+0.007,+8.936,0,+10.909,+10.738,-0.05383,-0.171,-1.346,+0.342,+10.909,+0.007,+9.912,0,-0.496,-0.049,-1.013,+1.578
DRV,25274,+3.3000,+3.1410,-3.6300,-0.0007,-2.2337,-0.0004,-4.315,-0.001,-0.00077,+0.0011,+0.0000,-0.043,0,0,-10.997,-11.438,-0.02596,-0.441,-0.649,+0.882,-10.997,-0.003,-10.767,2,-8.976,-8.995,+0.04919,-0.019,+1.230,+0.038,-8.976,-0.003,-7.712,0,+8.980,+9.238,+0.02016,+0.259,+0.504,-0.517,+8.980,-0.003,+8.963,0,+10.994,+11.407,+0.01142,+0.413,+0.285,-0.825,+10.994,-0.003,+10.451,2,-0.031,+0.243,-0.316,+1.251
DRV,25278,+3.3000,+3.1410,-3.6300,-0.0007,-2.2510,-0.0004,-4.315,-0.001,-0.00076,+0.0011,+0.0000,-0.043,0,0,-11.082,-11.607,-0.02283,-0.525,-0.571,+1.050,-11.082,-0.003,-10.606,2,-9.045,-8.856,+0.05393,+0.190,+1.348,-0.379,-9.045,-0.003,-8.080,0,+9.049,+8.736,+0.07918,-0.313,+1.980,+0.626,+9.049,-0.003,+11.651,2,+11.079,+11.350,+0.01283,+0.270,+0.321,-0.541,+11.079,-0.003,+10.856,2,-0.257,-0.120,+0.250,+3.571
DRV,25282,+3.3000,+3.1410,-3.6300,-0.0007,-2.2682,-0.0004,-4.315,-0.001,-0.00075,+0.0027,+0.0000,-0.107,0,0,-11.167,-11.660,-0.01954,-0.493,-0.489,+0.987,-11.167,-0.009,-10.677,0,-9.115,-8.774,+0.05423,+0.341,+1.356,-0.682,-9.115,-0.009,-8.450,0,+9.118,+8.960,+0.08011,-0.158,+2.003,+0.316,+9.118,-0.009,+11.429,2,+11.164,+11.303,+0.01763,+0.139,+0.441,-0.277,+11.164,-0.009,+11.319,2,-0.357,+0.186,+0.642,+2.979
DRV,25286,+3.3000,+3.1410,-3.6300,-0.0006,-2.2855,-0.0004,-4.315,-0.001,-0.00074,+0.0027,+0.0000,-0.107,0,0,-11.252,-11.649,-0.01762,-0.398,-0.441,+0.795,-11.252,-0.009,-10.906,0,-9.184,-9.300,-0.00435,-0.115,-0.109,+0.231,-9.184,-0.009,-9.071,2,+9.188,+9.798,+0.06323,+0.610,+1.581,-1.221,+9.188,-0.009,+9.539,2,+11.249,+11.398,+0.02332,+0.148,+0.583,-0.297,+11.249,-0.009,+11.527,2,-0.251,+0.498,+0.621,+0.468
DRV,25290,+3.3000,+3.1410,-3.6300,-0.0006,-2.3027,-0.0004,-4.315,-0.001,-0.00074,+0.0005,+0.0000,-0.021,0,0,-11.337,-10.986,-0.09070,+0.351,-2.267,-0.701,-11.337,-0.002,-14.307,2,-9.254,-9.391,-0.00946,-0.138,-0.236,+0.275,-9.254,-0.002,-9.217,2,+9.257,+10.098,+0.03351,+0.842,+0.838,-1.683,+9.257,-0.002,+8.410,2,+11.334,+11.610,+0.02692,+0.275,+0.673,-0.550,+11.334,-0.002,+11.455,2,+0.624,+0.707,-2.852,-0.807
DRV,25294,+3.3000,+3.1410,-3.6300,-0.0006,-2.3200,-0.0004,-4.315,-0.001,-0.00074,+0.0005,+0.0000,-0.021,0,0,-11.422,-12.059,-0.07809,-0.637,-1.952,+1.274,-11.422,-0.002,-12.101,2,-9.323,-9.518,-0.01286,-0.195,-0.321,+0.390,-9.323,-0.002,-9.256,2,+9.326,+9.948,+0.00784,+0.621,+0.196,-1.243,+9.326,-0.002,+8.278,2,+11.419,+11.857,+0.02807,+0.438,+0.702,-0.875,+11.419,-0.002,+11.244,2,-0.202,+0.430,-0.857,-0.979
DRV,25298,+3.3000,+3.1410,-3.6300,-0.0007,-2.3373,-0.0004,-4.315,-0.001,-0.00075,-0.0048,+0.0000,+0.191,0,0,-11.507,-12.720,-0.04039,-1.213,-1.010,+2.426,-11.507,+0.015,-10.075,2,-9.392,-9.575,-0.01569,-0.183,-0.392,+0.366,-9.392,+0.015,-9.404,2,+9.396,+9.780,-0.01186,+0.384,-0.297,-0.768,+9.396,+0.015,+8.346,2,+11.504,+11.949,+0.02635,+0.445,+0.659,-0.890,+11.504,+0.015,+11.289,2,-0.771,+0.205,+1.214,-1.057
DRV,25302,+3.3000,+3.1410,-3.6300,-0.0008,-2.3545,-0.0005,-4.315,-0.001,-0.00077,-0.0048,+0.0000,+0.191,0,0,-11.592,-12.470,-0.00444,-0.879,-0.111,+1.757,-11.592,+0.015,-9.930,2,-9.462,-9.592,-0.01989,-0.130,-0.497,+0.260,-9.462,+0.015,-9.684,2,+9.465,+9.752,-0.02905,+0.287,-0.726,-0.574,+9.465,+0.015,+8.181,2,+11.589,+11.996,+0.02486,+0.407,+0.621,-0.813,+11.589,+0.015,+11.412,2,-0.474,+0.161,+1.482,-1.503
DRV,25306,+3.3000,+3.1410,-3.6300,-0.0008,-2.3718,-0.0005,-4.315,-0.001,-0.00077,+0.0006,+0.0000,-0.022,0,0,-11.677,-12.134,+0.02093,-0.457,+0.523,+0.915,-11.677,-0.002,-10.240,2,-9.531,-9.794,-0.02199,-0.263,-0.550,+0.527,-9.531,-0.002,-9.556,2,+9.535,+9.674,-0.04181,+0.139,-1.045,-0.278,+9.535,-0.002,+8.210,2,+11.674,+12.140,+0.02358,+0.466,+0.589,-0.932,+11.674,-0.002,+11.330,0,+0.006,-0.121,+1.090,-1.346
DRV,25310,+3.3000,+3.1410,-3.6300,-0.0008,-2.3891,-0.0005,-4.315,-0.001,-0.00077,+0.0006,+0.0000,-0.022,0,0,-11.762,-11.952,+0.03765,-0.190,+0.941,+0.380,-11.762,-0.002,-10.442,2,-9.600,-9.905,-0.02238,-0.305,-0.559,+0.609,-9.600,-0.002,-9.552,2,+9.604,+9.531,-0.04899,-0.073,-1.225,+0.145,+9.604,-0.002,+8.523,0,+11.759,+11.443,+0.09845,-0.316,+2.461,+0.632,+11.759,-0.002,+14.850,0,-0.509,-0.373,+4.408,-1.029
DRV,25314,+3.3000,+3.1410,-3.6300,-0.0008,-2.4063,-0.0005,-4.315,-0.001,-0.00077,-0.0010,+0.0000,+0.042,0,0,-11.847,-11.850,+0.04916,-0.003,+1.229,+0.006,-11.847,+0.003,-10.608,2,-9.670,-9.981,-0.02259,-0.311,-0.565,+0.622,-9.670,+0.003,-9.609,0,+9.674,+10.230,+0.00463,+0.556,+0.116,-1.112,+9.674,+0.003,+8.681,0,+11.844,+11.717,+0.09646,-0.127,+2.411,+0.254,+11.844,+0.003,+14.513,2,-0.133,+0.249,+3.905,-0.928
DRV,25318,+3.3000,+3.1410,-3.6300,-0.0008,-2.4236,-0.0005,-4.315,-0.001,-0.00078,-0.0010,+0.0000,+0.042,0,0,-11.932,-11.861,+0.05777,+0.071,+1.444,-0.142,-11.932,+0.003,-10.626,0,-9.739,-10.050,-0.02225,-0.311,-0.556,+0.622,-9.739,+0.003,-9.670,0,+9.743,+10.202,-0.00021,+0.459,-0.005,-0.919,+9.743,+0.003,+8.822,2,+11.929,+12.928,+0.07013,+0.999,+1.753,-1.998,+11.929,+0.003,+11.687,2,+1.067,+0.153,+1.061,-0.848
DRV,25322,+3.3000,+3.1410,-3.6300,-0.0008,-2.4408,-0.0005,-4.315,-0.001,-0.00077,+0.0032,+0.0000,-0.129,0,0,-12.017,-11.852,+0.06386,+0.165,+1.597,-0.330,-12.017,-0.010,-10.760,0,-9.808,-9.532,-0.08540,+0.276,-2.135,-0.553,-9.808,-0.010,-12.507,2,+9.812,+10.124,-0.00178,+0.311,-0.044,-0.623,+9.812,-0.010,+9.135,2,+12.014,+13.165,+0.02946,+1.151,+0.736,-2.302,+12.014,-0.010,+10.438,2,+1.313,+0.592,-0.322,-3.372
DRV,25326,+3.3000,+3.1410,-3.6300,-0.0007,-2.4581,-0.0005,-4.315,-0.001,-0.00076,+0.0032,+0.0000,-0.128,0,0,-12.102,-12.594,-0.00697,-0.493,-0.174,+0.985,-12.102,-0.010,-11.301,2,-9.878,-10.427,-0.07359,-0.550,-1.840,+1.099,-9.878,-0.010,-10.629,2,+9.882,+10.089,+0.00070,+0.208,+0.017,-0.416,+9.882,-0.010,+9.473,2,+12.099,+12.842,-0.00371,+0.743,-0.093,-1.487,+12.099,-0.010,+10.509,2,+0.248,-0.338,-0.791,-1.156
DRV,25330,+3.3000,+3.1410,-3.6300,-0.0007,-2.4754,-0.0005,-4.315,-0.001,-0.00076,-0.0037,+0.0000,+0.149,0,0,-12.187,-12.578,-0.00678,-0.392,-0.169,+0.784,-12.187,+0.012,-11.560,2,-9.947,-10.920,-0.04167,-0.972,-1.042,+1.945,-9.947,+0.012,-9.032,2,+9.951,+10.121,+0.00415,+0.170,+0.104,-0.340,+9.951,+0.012,+9.727,2,+12.184,+12.592,-0.02746,+0.408,-0.686,-0.816,+12.184,+0.012,+10.693,2,+0.013,-0.799,-0.867,+0.695
DRV,25334,+3.3000,+3.1410,-3.6300,-0.0008,-2.4926,-0.0005,-4.315,-0.001,-0.00078,-0.0037,+0.0000,+0.148,0,0,-12.272,-12.576,-0.00863,-0.304,-0.216,+0.608,-12.272,+0.012,-11.868,2,-10.016,-10.811,-0.01072,-0.795,-0.268,+1.590,-10.016,+0.012,-8.683,2,+10.021,+10.158,+0.00897,+0.137,+0.224,-0.274,+10.021,+0.012,+9.983,2,+12.269,+12.430,-0.04409,+0.162,-1.102,-0.323,+12.269,+0.012,+10.855,2,-0.145,-0.654,-1.012,+1.300
DRV,25338,+3.3000,+3.1410,-3.6300,-0.0008,-2.5099,-0.0005,-4.315,-0.001,-0.00078,+0.0006,+0.0000,-0.022,0,0,-12.357,-12.670,-0.01108,-0.313,-0.277,+0.626,-12.357,-0.002,-12.010,2,-10.086,-10.572,+0.01274,-0.486,+0.318,+0.972,-10.086,-0.002,-8.797,2,+10.090,+10.403,+0.01256,+0.313,+0.314,-0.625,+10.090,-0.002,+9.777,2,+12.354,+12.434,-0.05705,+0.080,-1.426,-0.160,+12.354,-0.002,+10.766,2,-0.236,-0.169,-1.244,+0.980
DRV,25342,+3.3000,+3.1410,-3.6300,-0.0008,-2.5272,-0.0005,-4.315,-0.001,-0.00078,+0.0006,+0.0000,-0.022,0,0,-12.442,-12.836,-0.01184,-0.395,-0.296,+0.790,-12.442,-0.002,-11.950,2,-10.155,-10.372,+0.02947,-0.217,+0.737,+0.433,-10.155,-0.002,-8.987,2,+10.159,+10.409,+0.01397,+0.249,+0.349,-0.499,+10.159,-0.002,+10.008,2,+12.439,+12.294,-0.06596,-0.144,-1.649,+0.289,+12.439,-0.002,+11.077,0,-0.542,+0.037,-0.873,+1.021
DRV,25346,+3.3000,+3.1410,-3.6300,-0.0008,-2.5444,-0.0005,-4.315,-0.001,-0.00078,-0.0005,+0.0000,+0.020,0,0,-12.527,-12.839,-0.01320,-0.312,-0.330,+0.624,-12.527,+0.002,-12.230,2,-10.225,-10.246,+0.03985,-0.022,+0.996,+0.043,-10.225,+0.002,-9.183,2,+10.229,+10.457,+0.01673,+0.228,+0.418,-0.456,+10.229,+0.002,+10.192,0,+12.524,+12.274,-0.07081,-0.249,-1.770,+0.499,+12.524,+0.002,+11.253,0,-0.565,+0.211,-0.977,+1.009
DRV,25350,+3.3000,+3.1410,-3.6300,-0.0008,-2.5617,-0.0005,-4.315,-0.001,-0.00078,-0.0005,+0.0000,+0.020,0,0,-12.612,-12.897,-0.01631,-0.285,-0.408,+0.570,-12.612,+0.002,-12.448,2,-10.294,-10.083,+0.04542,+0.211,+1.135,-0.422,-10.294,+0.002,-9.579,2,+10.298,+10.581,+0.01971,+0.283,+0.493,-0.565,+10.298,+0.002,+10.227,0,+12.609,+13.083,+0.00393,+0.474,+0.098,-0.949,+12.609,+0.002,+11.760,2,+0.186,+0.498,-0.688,+0.648
DRV,25354,+3.3000,+3.1410,-3.6300,-0.0008,-2.5789,-0.0005,-4.315,-0.001,-0.00078,+0.0022,+0.0000,-0.086,0,0,-12.697,-13.108,-0.01810,-0.411,-0.452,+0.822,-12.697,-0.007,-12.334,2,-10.363,-10.139,+0.04810,+0.224,+1.202,-0.448,-10.363,-0.007,-9.615,0,+10.368,+10.068,+0.08579,-0.300,+2.145,+0.599,+10.368,-0.007,+13.105,2,+12.694,+12.970,+0.00527,+0.276,+0.132,-0.553,+12.694,-0.007,+12.265,2,-0.138,-0.072,-0.068,+3.489
DRV,25358,+3.3000,+3.1410,-3.6300,-0.0007,-2.5962,-0.0005,-4.315,-0.001,-0.00077,+0.0021,+0.0000,-0.086,0,0,-12.781,-12.396,-0.10026,+0.386,-2.507,-0.771,-12.781,-0.007,-16.066,0,-10.433,-10.849,-0.01387,-0.416,-0.347,+0.832,-10.433,-0.007,-9.954,2,+10.437,+10.996,+0.07346,+0.559,+1.837,-1.119,+10.437,-0.007,+11.148,2,+12.779,+13.034,+0.00912,+0.255,+0.228,-0.511,+12.779,-0.007,+12.489,2,+0.638,+0.147,-3.577,+1.194
DRV,25362,+3.3000,+3.1410,-3.6300,-0.0007,-2.6135,-0.0005,-4.315,-0.001,-0.00076,+0.0016,+0.0000,-0.064,0,0,-12.866,-12.916,-0.09597,-0.049,-2.399,+0.098,-12.866,-0.005,-15.172,2,-10.502,-10.886,-0.01277,-0.384,-0.319,+0.768,-10.502,-0.005,-10.059,2,+10.506,+11.409,+0.04523,+0.903,+1.131,-1.806,+10.506,-0.005,+9.826,2,+12.864,+13.071,+0.01434,+0.207,+0.359,-0.414,+12.864,-0.005,+12.803,2,+0.155,+0.523,-2.369,-0.233
DRV,25366,+3.3000,+3.1410,-3.6300,-0.0007,-2.6307,-0.0005,-4.315,-0.001,-0.00075,+0.0016,+0.0000,-0.064,0,0,-12.951,-14.095,-0.06467,-1.143,-1.617,+2.287,-12.951,-0.005,-12.286,2,-10.572,-10.936,-0.01226,-0.365,-0.306,+0.729,-10.572,-0.005,-10.154,2,+10.576,+11.485,+0.01146,+0.910,+0.286,-1.819,+10.576,-0.005,+9.038,2,+12.949,+13.178,+0.02027,+0.229,+0.507,-0.459,+12.949,-0.005,+12.991,2,-0.917,+0.549,+0.705,-1.116
DRV,25370,+3.3000,+3.1410,-3.6300,-0.0007,-2.6480,-0.0005,-4.315,-0.001,-0.00076,-0.0027,+0.0000,+0.106,0,0,-13.036,-14.249,-0.02093,-1.212,-0.523,+2.425,-13.036,+0.008,-11.126,2,-10.641,-11.047,-0.01157,-0.406,-0.289,+0.812,-10.641,+0.008,-10.110,2,+10.645,+11.298,-0.01750,+0.653,-0.438,-1.305,+10.645,+0.008,+8.911,2,+13.033,+13.366,+0.02363,+0.332,+0.591,-0.665,+13.033,+0.008,+12.968,2,-0.883,+0.251,+1.842,-1.199
DRV,25374,+3.3000,+3.1410,-3.6300,-0.0008,-2.6653,-0.0005,-4.315,-0.001,-0.00077,-0.0026,+0.0000,+0.106,0,0,-13.121,-13.921,+0.01492,-0.799,+0.373,+1.599,-13.121,+0.008,-11.141,2,-10.710,-11.064,-0.01110,-0.354,-0.277,+0.708,-10.710,+0.008,-10.271,2,+10.715,+11.034,-0.03705,+0.319,-0.926,-0.639,+10.715,+0.008,+9.158,2,+13.118,+13.527,+0.02490,+0.409,+0.622,-0.817,+13.118,+0.008,+12.932,2,-0.394,-0.030,+1.791,-1.114
DRV,25378,+3.3000,+3.1410,-3.6300,-0.0008,-2.6825,-0.0006,-4.315,-0.001,-0.00077,-0.0005,+0.0000,+0.020,0,0,-13.206,-13.568,+0.03828,-0.362,+0.957,+0.724,-13.206,+0.002,-11.524,2,-10.780,-11.109,-0.01207,-0.329,-0.302,+0.659,-10.780,+0.002,-10.421,2,+10.784,+10.786,-0.04909,+0.002,-1.227,-0.004,+10.784,+0.002,+9.554,2,+13.203,+13.793,+0.02179,+0.590,+0.545,-1.180,+13.203,+0.002,+12.569,0,+0.225,-0.323,+1.045,-0.867
DRV,25382,+3.3000,+3.1410,-3.6300,-0.0008,-2.6998,-0.0006,-4.315,-0.001,-0.00078,-0.0005,+0.0000,+0.020,0,0,-13.291,-13.282,+0.05183,+0.010,+1.296,-0.019,-13.291,+0.002,-12.013,2,-10.849,-11.148,-0.01355,-0.300,-0.339,+0.599,-10.849,+0.002,-10.587,2,+10.853,+10.521,-0.05249,-0.332,-1.312,+0.664,+10.853,+0.002,+10.207,0,+13.288,+13.819,+0.01889,+0.531,+0.472,-1.062,+13.288,+0.002,+12.700,0,+0.537,-0.627,+0.687,-0.380
DRV,25386,+3.3000,+3.1410,-3.6300,-0.0008,-2.7170,-0.0006,-4.315,-0.001,-0.00079,-0.0042,+0.0000,+0.169,0,0,-13.377,-13.096,+0.05826,+0.281,+1.457,-0.561,-13.377,+0.014,-12.468,2,-10.918,-11.322,-0.01331,-0.404,-0.333,+0.808,-10.918,+0.014,-10.429,2,+10.923,+10.474,-0.05069,-0.449,-1.267,+0.897,+10.923,+0.014,+10.567,0,+13.373,+13.042,+0.10404,-0.331,+2.601,+0.662,+13.373,+0.014,+16.650,2,-0.054,-0.848,+4.182,+0.137
DRV,25390,+3.3000,+3.1410,-3.6300,-0.0009,-2.7343,-0.0007,-4.315,-0.001,-0.00081,-0.0042,+0.0000,+0.169,0,0,-13.462,-13.140,+0.06178,+0.322,+1.545,-0.644,-13.462,+0.014,-12.547,0,-10.987,-11.454,-0.01175,-0.467,-0.294,+0.934,-10.987,+0.014,-10.334,0,+10.993,+11.184,+0.01805,+0.191,+0.451,-0.382,+10.993,+0.014,+11.075,2,+13.458,+13.836,+0.09275,+0.378,+2.319,-0.757,+13.458,+0.014,+15.033,2,+0.697,-0.270,+2.486,+0.741
DRV,25394,+3.3000,+3.1410,-3.6300,-0.0009,-2.7516,-0.0006,-4.315,-0.001,-0.00080,+0.0043,+0.0000,-0.172,0,0,-13.547,-13.222,+0.06470,+0.325,+1.618,-0.650,-13.547,-0.014,-12.592,0,-11.057,-11.368,-0.01154,-0.312,-0.288,+0.623,-11.057,-0.014,-10.736,0,+11.062,+11.511,+0.01798,+0.449,+0.449,-0.898,+11.062,-0.014,+10.599,2,+13.543,+14.701,+0.05753,+1.158,+1.438,-2.316,+13.543,-0.014,+12.652,2,+1.479,+0.143,+0.059,-0.136
DRV,25398,+3.3000,+3.1410,-3.6300,-0.0008,-2.7688,-0.0006,-4.315,-0.001,-0.00078,+0.0043,+0.0000,-0.171,0,0,-13.631,-13.323,-0.01658,+0.308,-0.414,-0.616,-13.631,-0.014,-14.676,0,-11.126,-10.661,-0.08518,+0.465,-2.129,-0.930,-11.126,-0.014,-14.200,2,+11.131,+11.700,+0.01427,+0.569,+0.357,-1.138,+11.131,-0.014,+10.336,2,+13.628,+14.627,+0.01754,+0.999,+0.438,-1.998,+13.628,-0.014,+12.055,2,+1.304,+1.039,-2.621,-3.864
DRV,25402,+3.3000,+3.1410,-3.6300,-0.0008,-2.7861,-0.0006,-4.315,-0.001,-0.00077,+0.0016,+0.0000,-0.065,0,0,-13.716,-14.462,-0.01294,-0.745,-0.323,+1.490,-13.716,-0.005,-12.555,2,-11.196,-11.713,-0.07543,-0.517,-1.886,+1.035,-11.196,-0.005,-12.052,2,+11.200,+11.743,+0.00924,+0.542,+0.231,-1.085,+11.200,-0.005,+10.342,2,+13.713,+14.291,-0.01342,+0.578,-0.335,-1.155,+13.713,-0.005,+12.217,2,-0.171,+0.030,-0.338,-1.710
DRV,25406,+3.3000,+3.1410,-3.6300,-0.0007,-2.8033,-0.0006,-4.315,-0.001,-0.00077,+0.0016,+0.0000,-0.065,0,0,-13.801,-14.637,-0.00309,-0.836,-0.077,+1.671,-13.801,-0.005,-12.212,2,-11.265,-12.470,-0.03904,-1.205,-0.976,+2.410,-11.265,-0.005,-9.836,2,+11.270,+11.747,+0.00595,+0.477,+0.149,-0.954,+11.270,-0.005,+10.459,2,+13.798,+14.137,-0.03648,+0.339,-0.912,-0.677,+13.798,-0.005,+12.204,2,-0.500,-0.723,-0.009,+0.623
DRV,25410,+3.3000,+3.1410,-3.6300,-0.0008,-2.8206,-0.0006,-4.315,-0.001,-0.00077,-0.0037,+0.0000,+0.148,0,0,-13.886,-14.464,+0.00241,-0.578,+0.060,+1.155,-13.886,+0.012,-12.659,2,-11.334,-12.369,-0.00056,-1.034,-0.014,+2.069,-11.334,+0.012,-9.268,2,+11.339,+11.889,+0.00172,+0.549,+0.043,-1.099,+11.339,+0.012,+10.295,2,+13.883,+13.977,-0.05203,+0.094,-1.301,-0.188,+13.883,+0.012,+12.406,2,-0.487,-0.480,-0.253,+1.027
DRV,25414,+3.3000,+3.1410,-3.6300,-0.0008,-2.8379,-0.0006,-4.315,-0.001,-0.00079,-0.0029,+0.0000,+0.116,0,0,-13.971,-14.311,+0.00156,-0.339,+0.039,+0.679,-13.971,+0.009,-13.244,2,-11.404,-12.133,+0.03042,-0.729,+0.761,+1.459,-11.404,+0.009,-9.175,2,+11.409,+11.902,-0.00191,+0.494,-0.048,-0.987,+11.409,+0.009,+10.383,2,+13.968,+14.009,-0.06508,+0.041,-1.627,-0.081,+13.968,+0.009,+12.269,0,-0.302,-0.231,-0.975,+1.208
DRV,25418,+3.3000,+3.1410,-3.6300,-0.0009,-2.8551,-0.0007,-4.315,-0.001,-0.00080,-0.0021,+0.0000,+0.084,0,0,-14.056,-14.387,-0.00105,-0.331,-0.026,+0.661,-14.056,+0.007,-13.415,2,-11.473,-11.811,+0.05161,-0.338,+1.290,+0.677,-11.473,+0.007,-9.499,2,+11.478,+11.754,-0.00111,+0.275,-0.028,-0.551,+11.478,+0.007,+10.906,2,+14.053,+13.889,-0.07445,-0.164,-1.861,+0.328,+14.053,+0.007,+12.526,0,-0.498,-0.058,-0.889,+1.407
DRV,25422,+3.3000,+3.1410,-3.6300,-0.0009,-2.8724,-0.0007,-4.315,-0.001,-0.00080,+0.0011,+0.0000,-0.044,0,0,-14.141,-14.438,-0.00426,-0.297,-0.106,+0.593,-14.141,-0.004,-13.658,2,-11.542,-11.578,+0.06454,-0.035,+1.614,+0.071,-11.542,-0.004,-9.861,2,+11.548,+11.893,-0.00048,+0.346,-0.012,-0.691,+11.548,-0.004,+10.841,0,+14.138,+14.832,+0.00690,+0.695,+0.172,-1.390,+14.138,-0.004,+12.917,2,+0.394,+0.316,-0.741,+0.979
DRV,25426,+3.3000,+3.1410,-3.6300,-0.0008,-2.8897,-0.0006,-4.315,-0.001,-0.00078,+0.0043,+0.0000,-0.171,0,0,-14.226,-14.543,-0.00807,-0.317,-0.202,+0.633,-14.226,-0.014,-13.808,2,-11.612,-11.336,+0.06997,+0.276,+1.749,-0.552,-11.612,-0.014,-10.428,0,+11.617,+11.144,+0.07590,-0.473,+1.898,+0.945,+11.617,-0.014,+14.446,2,+14.223,+14.810,+0.00218,+0.587,+0.054,-1.174,+14.223,-0.014,+13.090,2,+0.267,-0.192,-0.718,+4.018
DRV,25430,+3.3000,+3.1410,-3.6300,-0.0007,-2.9069,-0.0006,-4.315,-0.001,-0.00077,+0.0037,+0.0000,-0.150,0,0,-14.311,-14.721,-0.01017,-0.410,-0.254,+0.820,-14.311,-0.012,-13.757,0,-11.681,-11.254,+0.07059,+0.428,+1.765,-0.855,-11.681,-0.012,-10.784,0,+11.686,+11.363,+0.07895,-0.323,+1.974,+0.646,+11.686,-0.012,+14.294,2,+14.308,+14.703,+0.00305,+0.395,+0.076,-0.790,+14.308,-0.012,+13.582,2,-0.019,+0.109,-0.175,+3.510
DRV,25434,+3.3000,+3.1410,-3.6300,-0.0007,-2.9242,-0.0005,-4.315,-0.001,-0.00075,+0.0032,+0.0000,-0.128,0,0,-14.396,-14.967,-0.00981,-0.571,-0.245,+1.142,-14.396,-0.010,-13.510,0,-11.751,-11.964,-0.00303,-0.213,-0.076,+0.427,-11.751,-0.010,-11.410,2,+11.755,+12.640,+0.05527,+0.885,+1.382,-1.770,+11.755,-0.010,+11.356,2,+14.393,+14.709,+0.00606,+0.316,+0.152,-0.631,+14.393,-0.010,+13.903,2,-0.258,+0.676,+0.393,-0.054
DRV,25438,+3.3000,+3.1410,-3.6300,-0.0007,-2.9414,-0.0005,-4.315,-0.001,-0.00075,+0.0000,+0.0000,-0.000,0,0,-14.481,-14.165,-0.10132,+0.316,-2.533,-0.631,-14.481,-0.000,-17.645,2,-11.820,-11.992,-0.00859,-0.172,-0.215,+0.344,-11.820,-0.000,-11.691,2,+11.825,+12.820,+0.01761,+0.995,+0.440,-1.990,+11.825,-0.000,+10.274,2,+14.478,+14.722,+0.01169,+0.244,+0.292,-0.488,+14.478,-0.000,+14.282,2,+0.556,+0.827,-3.363,-1.417
DRV,25442,+3.3000,+3.1410,-3.6300,-0.0007,-2.9587,-0.0006,-4.315,-0.001,-0.00076,-0.0032,+0.0000,+0.127,0,0,-14.566,-15.325,-0.08337,-0.759,-2.084,+1.518,-14.566,+0.010,-15.122,2,-11.890,-11.999,-0.01474,-0.109,-0.369,+0.218,-11.890,+0.010,-12.030,2,+11.894,+12.825,-0.01793,+0.931,-0.448,-1.862,+11.894,+0.010,+9.594,2,+14.563,+14.885,+0.01667,+0.323,+0.417,-0.645,+14.563,+0.010,+14.345,2,-0.440,+0.826,-0.778,-2.435
DRV,25446,+3.3000,+3.1410,-3.6300,-0.0008,-2.9760,-0.0006,-4.315,-0.001,-0.00077,-0.0048,+0.0000,+0.191,0,0,-14.651,-15.972,-0.03995,-1.321,-0.999,+2.642,-14.651,+0.015,-12.993,2,-11.959,-12.306,-0.01765,-0.347,-0.441,+0.694,-11.959,+0.015,-11.691,2,+11.964,+12.412,-0.04404,+0.448,-1.101,-0.897,+11.964,+0.015,+9.981,2,+14.648,+15.014,+0.01995,+0.367,+0.499,-0.733,+14.648,+0.015,+14.429,2,-0.958,+0.106,+1.436,-1.710
DRV,25450,+3.3000,+3.1410,-3.6300,-0.0009,-2.9932,-0.0007,-4.315,-0.001,-0.00080,-0.0064,+0.0000,+0.254,0,0,-14.736,-15.730,+0.00095,-0.993,+0.024,+1.987,-14.736,+0.020,-12.705,2,-12.028,-12.535,-0.01539,-0.507,-0.385,+1.014,-12.028,+0.020,-11.378,2,+12.033,+12.369,-0.05997,+0.336,-1.499,-0.671,+12.033,+0.020,+9.883,2,+14.732,+15.334,+0.01845,+0.601,+0.461,-1.203,+14.732,+0.020,+14.011,2,-0.396,-0.165,+1.306,-1.496
DRV,25454,+3.3000,+3.1410,-3.6300,-0.0010,-3.0105,-0.0008,-4.315,-0.001,-0.00082,-0.0013,+0.0000,+0.052,0,0,-14.822,-15.358,+0.03089,-0.537,+0.772,+1.074,-14.822,+0.004,-12.971,2,-12.097,-12.658,-0.01218,-0.561,-0.305,+1.122,-12.097,+0.004,-11.275,2,+12.103,+12.195,-0.07377,+0.092,-1.844,-0.183,+12.103,+0.004,+10.080,2,+14.817,+15.398,+0.01525,+0.581,+0.381,-1.162,+14.817,+0.004,+14.041,0,+0.040,-0.463,+1.070,-1.195
DRV,25458,+3.3000,+3.1410,-3.6300,-0.0009,-3.0278,-0.0007,-4.315,-0.001,-0.00080,+0.0038,+0.0000,-0.150,0,0,-14.906,-15.090,+0.04987,-0.184,+1.247,+0.368,-14.906,-0.012,-13.303,2,-12.166,-12.726,-0.00842,-0.560,-0.211,+1.120,-12.166,-0.012,-11.269,2,+12.172,+11.887,-0.08045,-0.286,-2.011,+0.571,+12.172,-0.012,+10.720,0,+14.902,+15.558,+0.01150,+0.655,+0.288,-1.311,+14.902,-0.012,+13.867,0,+0.467,-0.840,+0.563,-0.549
DRV,25462,+3.3000,+3.1410,-3.6300,-0.0008,-3.0450,-0.0007,-4.315,-0.001,-0.00079,+0.0030,+0.0000,-0.118,0,0,-14.991,-15.021,+0.06404,-0.030,+1.601,+0.059,-14.991,-0.009,-13.341,2,-12.236,-12.726,-0.00612,-0.490,-0.153,+0.981,-12.236,-0.009,-11.418,2,+12.241,+11.785,-0.08117,-0.456,-2.029,+0.913,+12.241,-0.009,+11.115,0,+14.987,+14.547,+0.10692,-0.441,+2.673,+0.881,+14.987,-0.009,+18.532,2,-0.474,-0.941,+5.191,-0.302
DRV,25466,+3.3000,+3.1410,-3.6300,-0.0008,-3.0623,-0.0007,-4.315,-0.001,-0.00078,+0.0022,+0.0000,-0.086,0,0,-15.076,-15.027,+0.07492,+0.049,+1.873,-0.098,-15.076,-0.007,-13.308,2,-12.305,-12.689,-0.00585,-0.383,-0.146,+0.766,-12.305,-0.007,-11.692,0,+12.311,+12.443,-0.00269,+0.132,-0.067,-0.265,+12.311,-0.007,+11.972,2,+15.072,+15.685,+0.09288,+0.612,+2.322,-1.224,+15.072,-0.007,+16.163,2,+0.658,-0.246,+2.855,+0.280
DRV,25470,+3.3000,+3.1410,-3.6300,-0.0007,-3.0795,-0.0006,-4.315,-0.001,-0.00077,+0.0035,+0.0000,-0.139,0,0,-15.161,-15.064,+0.08520,+0.097,+2.130,-0.195,-15.161,-0.011,-13.237,0,-12.375,-11.981,-0.08595,+0.394,-2.149,-0.789,-12.375,-0.011,-15.324,2,+12.380,+12.354,+0.00659,-0.026,+0.165,+0.051,+12.380,-0.011,+12.585,2,+15.157,+16.578,+0.04760,+1.420,+1.190,-2.840,+15.157,-0.011,+13.496,2,+1.514,+0.374,+0.259,-2.739
DRV,25474,+3.3000,+3.1410,-3.6300,-0.0007,-3.0968,-0.0006,-4.315,-0.001,-0.00075,+0.0048,+0.0000,-0.192,0,0,-15.246,-15.928,-0.00262,-0.682,-0.065,+1.364,-15.246,-0.015,-13.963,2,-12.445,-12.372,-0.08419,+0.073,-2.105,-0.145,-12.445,-0.015,-14.710,2,+12.449,+12.663,+0.01262,+0.214,+0.315,-0.428,+12.449,-0.015,+12.321,2,+15.243,+16.391,+0.00255,+1.148,+0.064,-2.296,+15.243,-0.015,+12.995,2,+0.463,+0.291,-0.968,-2.389
DRV,25478,+3.3000,+3.1410,-3.6300,-0.0006,-3.1141,-0.0005,-4.315,-0.001,-0.00074,-0.0013,+0.0000,+0.053,0,0,-15.331,-15.858,-0.00005,-0.527,-0.001,+1.054,-15.331,+0.004,-14.274,2,-12.514,-13.659,-0.05350,-1.145,-1.338,+2.291,-12.514,+0.004,-11.556,2,+12.518,+12.830,+0.01617,+0.311,+0.404,-0.623,+12.518,+0.004,+12.304,2,+15.328,+15.980,-0.03192,+0.652,-0.798,-1.304,+15.328,+0.004,+13.230,2,+0.122,-0.830,-1.044,+0.748
DRV,25482,+3.3000,+3.1410,-3.6300,-0.0008,-3.1313,-0.0006,-4.315,-0.001,-0.00077,-0.0074,+0.0000,+0.298,0,0,-15.416,-15.795,-0.00155,-0.379,-0.039,+0.757,-15.416,+0.024,-14.673,2,-12.583,-13.682,-0.01189,-1.099,-0.297,+2.199,-12.583,+0.024,-10.658,2,+12.588,+13.113,+0.01687,+0.524,+0.422,-1.049,+12.588,+0.024,+11.985,2,+15.412,+15.842,-0.05774,+0.430,-1.444,-0.860,+15.412,+0.024,+13.132,2,+0.048,-0.570,-1.541,+1.327
DRV,25486,+3.3000,+3.1410,-3.6300,-0.0009,-3.1486,-0.0007,-4.315,-0.001,-0.00079,-0.0032,+0.0000,+0.127,0,0,-15.501,-15.936,-0.00288,-0.435,-0.072,+0.869,-15.501,+0.010,-14.694,2,-12.652,-13.450,+0.02223,-0.798,+0.556,+1.596,-12.652,+0.010,-10.490,2,+12.658,+13.227,+0.01318,+0.569,+0.330,-1.137,+12.658,+0.010,+11.860,2,+15.497,+15.570,-0.07569,+0.073,-1.892,-0.145,+15.497,+0.010,+13.470,2,-0.366,-0.224,-1.224,+1.370
DRV,25490,+3.3000,+3.1410,-3.6300,-0.0008,-3.1658,-0.0007,-4.315,-0.001,-0.00079,+0.0011,+0.0000,-0.044,0,0,-15.586,-15.924,-0.00558,-0.337,-0.140,+0.675,-15.586,-0.003,-15.055,2,-12.722,-13.193,+0.04848,-0.472,+1.212,+0.943,-12.722,-0.003,-10.570,2,+12.727,+13.270,+0.01009,+0.543,+0.252,-1.086,+12.727,-0.003,+11.890,2,+15.582,+15.537,-0.08958,-0.045,-2.239,+0.090,+15.582,-0.003,+13.429,0,-0.386,+0.077,-1.626,+1.320
DRV,25494,+3.3000,+3.1410,-3.6300,-0.0008,-3.1831,-0.0007,-4.315,-0.001,-0.00078,+0.0011,+0.0000,-0.044,0,0,-15.671,-16.135,-0.00774,-0.464,-0.193,+0.928,-15.671,-0.003,-14.940,2,-12.791,-12.990,+0.06645,-0.199,+1.661,+0.397,-12.791,-0.003,-10.736,2,+12.797,+13.536,+0.00299,+0.739,+0.075,-1.479,+12.797,-0.003,+11.389,0,+15.667,+15.269,-0.09634,-0.398,-2.409,+0.796,+15.667,-0.003,+14.051,0,-0.866,+0.546,-0.889,+0.653
DRV,25498,+3.3000,+3.1410,-3.6300,-0.0008,-3.2004,-0.0007,-4.315,-0.001,-0.00078,+0.0011,+0.0000,-0.044,0,0,-15.756,-16.320,-0.00742,-0.564,-0.186,+1.128,-15.756,-0.003,-14.817,2,-12.860,-12.857,+0.07885,+0.003,+1.971,-0.006,-12.860,-0.003,-10.898,2,+12.866,+13.398,-0.00198,+0.532,-0.049,-1.064,+12.866,-0.003,+11.749,0,+15.752,+16.235,-0.00088,+0.483,-0.022,-0.966,+15.752,-0.003,+14.760,2,-0.085,+0.540,-0.057,+0.851
DRV,25502,+3.3000,+3.1410,-3.6300,-0.0008,-3.2176,-0.0007,-4.315,-0.001,-0.00078,+0.0000,+0.0000,-0.001,0,0,-15.841,-16.506,-0.00426,-0.665,-0.106,+1.330,-15.841,-0.000,-14.617,0,-12.930,-12.767,+0.08529,+0.163,+2.132,-0.326,-12.930,-0.000,-11.123,0,+12.935,+12.598,+0.08146,-0.338,+2.037,+0.675,+12.935,-0.000,+15.647,2,+15.837,+16.171,+0.00238,+0.333,+0.059,-0.667,+15.837,-0.000,+15.230,2,-0.336,-0.169,+0.613,+4.524
DRV,25506,+3.3000,+3.1410,-3.6300,-0.0008,-3.2349,-0.0007,-4.315,-0.001,-0.00078,-0.0010,+0.0000,+0.042,0,0,-15.926,-16.577,+0.00022,-0.651,+0.006,+1.302,-15.926,+0.003,-14.615,0,-12.999,-13.412,+0.00792,-0.413,+0.198,+0.827,-12.999,+0.003,-11.971,0,+13.005,+13.537,+0.06847,+0.533,+1.712,-1.065,+13.005,+0.003,+13.655,2,+15.922,+16.217,+0.00786,+0.295,+0.197,-0.589,+15.922,+0.003,+15.533,2,-0.360,+0.125,+0.918,+1.683
DRV,25510,+3.3000,+3.1410,-3.6300,-0.0008,-3.2522,-0.0007,-4.315,-0.001,-0.00078,-0.0005,+0.0000,+0.020,0,0,-16.011,-15.522,-0.10175,+0.489,-2.544,-0.978,-16.011,+0.002,-19.531,0,-13.068,-13.339,+0.00550,-0.271,+0.137,+0.541,-13.068,+0.002,-12.388,2,+13.074,+14.041,+0.03431,+0.967,+0.858,-1.934,+13.074,+0.002,+11.999,2,+16.007,+16.325,+0.01309,+0.319,+0.327,-0.637,+16.007,+0.002,+15.699,2,+0.803,+0.702,-3.832,-0.389
DRV,25514,+3.3000,+3.1410,-3.6300,-0.0008,-3.2694,-0.0007,-4.315,-0.001,-0.00078,+0.0000,+0.0000,-0.001,0,0,-16.096,-15.941,-0.10001,+0.155,-2.500,-0.310,-16.096,-0.000,-18.906,2,-13.138,-13.331,+0.00019,-0.194,+0.005,+0.387,-13.138,-0.000,-12.746,2,+13.144,+13.960,-0.00165,+0.817,-0.041,-1.634,+13.144,-0.000,+11.469,2,+16.092,+16.682,+0.01431,+0.590,+0.358,-1.179,+16.092,-0.000,+15.270,2,+0.741,+0.629,-3.636,-1.277
DRV,25518,+3.3000,+3.1410,-3.6300,-0.0008,-3.2867,-0.0007,-4.315,-0.001,-0.00079,-0.0021,+0.0000,+0.084,0,0,-16.181,-17.648,-0.06167,-1.467,-1.542,+2.933,-16.181,+0.007,-14.783,2,-13.207,-13.455,-0.00533,-0.248,-0.133,+0.497,-13.207,+0.007,-12.837,2,+13.213,+13.746,-0.03011,+0.533,-0.753,-1.066,+13.213,+0.007,+11.401,2,+16.177,+16.779,+0.01269,+0.602,+0.317,-1.204,+16.177,+0.007,+15.297,2,-0.869,+0.291,+0.514,-1.437
DRV,25522,+3.3000,+3.1410,-3.6300,-0.0009,-3.3039,-0.0008,-4.315,-0.002,-0.00080,-0.0042,+0.0000,+0.169,0,0,-16.266,-17.594,-0.01013,-1.328,-0.253,+2.656,-16.266,+0.014,-13.850,2,-13.276,-13.554,-0.01029,-0.278,-0.257,+0.556,-13.276,+0.014,-12.964,2,+13.283,+13.761,-0.05568,+0.478,-1.392,-0.956,+13.283,+0.014,+10.948,2,+16.262,+16.963,+0.00897,+0.701,+0.224,-1.403,+16.262,+0.014,+15.097,2,-0.631,+0.206,+1.247,-2.016
DRV,25526,+3.3000,+3.1410,-3.6300,-0.0009,-3.3212,-0.0008,-4.315,-0.001,-0.00081,-0.0002,+0.0000,+0.009,0,0,-16.351,-17.268,+0.03198,-0.916,+0.800,+1.833,-16.351,+0.001,-13.718,2,-13.345,-13.766,-0.01238,-0.420,-0.310,+0.841,-13.345,+0.001,-12.814,2,+13.352,+13.424,-0.07221,+0.072,-1.805,-0.144,+13.352,+0.001,+11.403,2,+16.347,+16.850,+0.00778,+0.503,+0.194,-1.007,+16.347,+0.001,+15.535,0,-0.418,-0.341,+1.817,-1.410
DRV,25530,+3.3000,+3.1410,-3.6300,-0.0009,-3.3385,-0.0008,-4.315,-0.001,-0.00080,+0.0038,+0.0000,-0.150,0,0,-16.436,-16.900,+0.06084,-0.463,+1.521,+0.927,-16.436,-0.012,-14.000,2,-13.415,-13.888,-0.01124,-0.473,-0.281,+0.946,-13.415,-0.012,-12.762,2,+13.421,+13.455,-0.08431,+0.034,-2.108,-0.068,+13.421,-0.012,+11.234,0,+16.432,+16.986,+0.00795,+0.554,+0.199,-1.109,+16.432,-0.012,+15.510,0,+0.086,-0.432,+1.510,-1.529
DRV,25534,+3.3000,+3.1410,-3.6300,-0.0008,-3.3557,-0.0008,-4.315,-0.001,-0.00079,+0.0003,+0.0000,-0.012,0,0,-16.521,-16.735,+0.08258,-0.214,+2.064,+0.428,-16.521,-0.001,-14.029,2,-13.484,-14.044,-0.00877,-0.559,-0.219,+1.119,-13.484,-0.001,-12.586,2,+13.491,+13.313,-0.09352,-0.177,-2.338,+0.355,+13.491,-0.001,+11.506,0,+16.517,+15.963,+0.11534,-0.554,+2.883,+1.108,+16.517,-0.001,+20.507,0,-0.772,-0.731,+6.478,-1.080
DRV,25538,+3.3000,+3.1410,-3.6300,-0.0009,-3.3730,-0.0008,-4.315,-0.002,-0.00080,-0.0032,+0.0000,+0.126,0,0,-16.606,-16.536,+0.09710,+0.070,+2.427,-0.140,-16.606,+0.010,-14.308,2,-13.554,-14.155,-0.00574,-0.601,-0.144,+1.202,-13.554,+0.010,-12.485,0,+13.560,+14.030,-0.01240,+0.469,-0.310,-0.939,+13.560,+0.010,+12.322,2,+16.601,+16.474,+0.11365,-0.127,+2.841,+0.254,+16.601,+0.010,+19.707,2,-0.062,-0.125,+5.399,-0.163
DRV,25542,+3.3000,+3.1410,-3.6300,-0.0009,-3.3903,-0.0008,-4.315,-0.001,-0.00081,+0.0011,+0.0000,-0.044,0,0,-16.691,-16.268,+0.10306,+0.423,+2.576,-0.846,-16.691,-0.004,-14.964,0,-13.623,-14.115,-0.00378,-0.492,-0.095,+0.984,-13.623,-0.004,-12.737,0,+13.630,+13.874,-0.00968,+0.244,-0.242,-0.489,+13.630,-0.004,+12.895,2,+16.686,+17.729,+0.08188,+1.042,+2.047,-2.085,+16.686,-0.004,+16.645,2,+1.461,-0.241,+1.681,+0.158
DRV,25546,+3.3000,+3.1410,-3.6300,-0.0008,-3.4075,-0.0008,-4.315,-0.000,-0.00079,+0.0054,+0.0000,-0.214,0,0,-16.776,-16.143,+0.10190,+0.633,+2.547,-1.266,-16.776,-0.017,-15.512,0,-13.693,-13.215,-0.09284,+0.478,-2.321,-0.955,-13.693,-0.017,-16.986,2,+13.699,+13.705,-0.00024,+0.006,-0.006,-0.013,+13.699,-0.017,+13.663,2,+16.772,+18.150,+0.03345,+1.378,+0.836,-2.757,+16.772,-0.017,+14.834,2,+2.007,+0.490,-0.678,-3.323
DRV,25550,+3.3000,+3.1410,-3.6300,-0.0007,-3.4248,-0.0007,-4.315,-0.000,-0.00077,+0.0037,+0.0000,-0.150,0,0,-16.861,-17.174,-0.00379,-0.313,-0.095,+0.626,-16.861,-0.012,-16.341,2,-13.762,-14.477,-0.07779,-0.715,-1.945,+1.429,-13.762,-0.012,-14.290,2,+13.768,+13.980,+0.00787,+0.212,+0.197,-0.424,+13.768,-0.012,+13.529,2,+16.857,+18.095,-0.01322,+1.239,-0.330,-2.478,+16.857,-0.012,+14.037,2,+0.922,-0.497,-2.305,-0.761
DRV,25554,+3.3000,+3.1410,-3.6300,-0.0007,-3.4420,-0.0007,-4.315,-0.000,-0.00076,+0.0021,+0.0000,-0.086,0,0,-16.946,-17.360,-0.00883,-0.415,-0.221,+0.829,-16.946,-0.007,-16.344,2,-13.832,-15.342,-0.03036,-1.510,-0.759,+3.021,-13.832,-0.007,-11.577,2,+13.837,+14.179,+0.01235,+0.342,+0.309,-0.684,+13.837,-0.007,+13.455,2,+16.942,+17.674,-0.05161,+0.733,-1.290,-1.465,+16.942,-0.007,+14.179,2,+0.314,-1.163,-2.165,+1.878
DRV,25558,+3.3000,+3.1410,-3.6300,-0.0007,-3.4593,-0.0007,-4.315,-0.001,-0.00075,+0.0003,+0.0000,-0.011,0,0,-17.031,-17.638,-0.00948,-0.607,-0.237,+1.214,-17.031,-0.001,-16.054,2,-13.901,-14.904,+0.01340,-1.002,+0.335,+2.005,-13.901,-0.001,-11.562,2,+13.907,+14.517,+0.01205,+0.610,+0.301,-1.221,+13.907,-0.001,+12.986,2,+17.027,+17.233,-0.07483,+0.207,-1.871,-0.413,+17.027,-0.001,+14.742,2,-0.404,-0.387,-1.312,+1.424
DRV,25562,+3.3000,+3.1410,-3.6300,-0.0007,-3.4766,-0.0007,-4.315,-0.001,-0.00076,-0.0016,+0.0000,+0.063,0,0,-17.116,-17.920,-0.00499,-0.804,-0.125,+1.608,-17.116,+0.005,-15.627,2,-13.970,-14.544,+0.04469,-0.574,+1.117,+1.147,-13.970,+0.005,-11.701,2,+13.976,+14.596,+0.00852,+0.620,+0.213,-1.240,+13.976,+0.005,+12.954,2,+17.112,+16.901,-0.08747,-0.211,-2.187,+0.422,+17.112,+0.005,+15.352,2,-1.019,+0.052,-0.275,+1.253
DRV,25566,+3.3000,+3.1410,-3.6300,-0.0008,-3.4938,-0.0007,-4.315,-0.002,-0.00077,-0.0042,+0.0000,+0.170,0,0,-17.201,-17.935,+0.00044,-0.735,+0.011,+1.469,-17.201,+0.014,-15.707,2,-14.040,-14.309,+0.06618,-0.269,+1.655,+0.539,-14.040,+0.014,-11.833,2,+14.046,+14.820,+0.00558,+0.775,+0.139,-1.549,+14.046,+0.014,+12.650,2,+17.197,+16.770,-0.09252,-0.427,-2.313,+0.853,+17.197,+0.014,+15.750,0,-1.165,+0.511,+0.043,+0.817
DRV,25570,+3.3000,+3.1410,-3.6300,-0.0009,-3.5111,-0.0008,-4.315,-0.003,-0.00080,-0.0069,+0.0000,+0.276,0,0,-17.286,-17.904,+0.00372,-0.618,+0.093,+1.237,-17.286,+0.022,-15.934,2,-14.109,-14.215,+0.08172,-0.106,+2.043,+0.212,-14.109,+0.022,-11.832,2,+14.115,+14.878,-0.00174,+0.763,-0.044,-1.526,+14.115,+0.022,+12.568,0,+17.281,+16.771,+0.01108,-0.510,+0.277,+1.021,+17.281,+0.022,+18.601,0,-1.133,+0.664,+2.666,+0.737
DRV,25574,+3.3000,+3.1410,-3.6300,-0.0010,-3.5283,-0.0009,-4.315,-0.003,-0.00082,-0.0032,+0.0000,+0.126,0,0,-17.371,-17.859,+0.00256,-0.487,+0.064,+0.975,-17.371,+0.010,-16.323,2,-14.178,-13.993,+0.09131,+0.184,+2.283,-0.369,-14.178,+0.010,-12.254,0,+14.185,+13.727,+0.08818,-0.458,+2.205,+0.916,+14.185,+0.010,+17.316,2,+17.366,+18.283,+0.00674,+0.917,+0.168,-1.834,+17.366,+0.010,+15.711,2,+0.424,-0.266,-0.612,+5.062
DRV,25578,+3.3000,+3.1410,-3.6300,-0.0010,-3.5456,-0.0009,-4.315,-0.002,-0.00082,+0.0006,+0.0000,-0.023,0,0,-17.456,-17.872,-0.00074,-0.416,-0.018,+0.832,-17.456,-0.002,-16.644,0,-14.247,-13.850,+0.09532,+0.397,+2.383,-0.795,-14.247,-0.002,-12.660,0,+14.254,+14.151,+0.08513,-0.104,+2.128,+0.208,+14.254,-0.002,+16.589,2,+17.451,+18.379,-0.00352,+0.928,-0.088,-1.857,+17.451,-0.002,+15.504,2,+0.507,+0.301,-1.140,+3.928
DRV,25582,+3.3000,+3.1410,-3.6300,-0.0009,-3.5629,-0.0009,-4.315,+0.001,-0.00081,+0.0046,+0.0000,-0.183,0,0,-17.541,-18.007,-0.00502,-0.466,-0.125,+0.931,-17.541,-0.015,-16.750,0,-14.317,-14.688,+0.00708,-0.371,+0.177,+0.742,-14.317,-0.015,-13.412,2,+14.324,+15.329,+0.05668,+1.005,+1.417,-2.010,+14.324,-0.015,+13.716,2,+17.536,+18.460,-0.01317,+0.924,-0.329,-1.848,+17.536,-0.015,+15.344,2,+0.453,+0.641,-1.405,+0.304
DRV,25586,+3.3000,+3.1410,-3.6300,-0.0008,-3.5801,-0.0007,-4.315,+0.006,-0.00077,+0.0085,+0.0000,-0.342,0,0,-17.626,-17.104,-0.11957,+0.521,-2.989,-1.043,-17.626,-0.027,-21.685,2,-14.387,-14.680,+0.00260,-0.293,+0.065,+0.587,-14.387,-0.027,-13.762,2,+14.393,+15.591,+0.01338,+1.199,+0.334,-2.397,+14.393,-0.027,+12.302,2,+17.621,+18.263,-0.01647,+0.641,-0.412,-1.283,+17.621,-0.027,+15.899,2,+1.159,+0.911,-5.786,-1.460
DRV,25590,+3.3000,+3.1410,-3.6300,-0.0007,-3.5974,-0.0006,-4.315,+0.004,-0.00074,+0.0056,+0.0000,-0.224,0,0,-17.710,-17.858,-0.11277,-0.148,-2.819,+0.296,-17.710,-0.018,-20.252,2,-14.456,-14.720,-0.00325,-0.264,-0.081,+0.528,-14.456,-0.018,-14.027,2,+14.461,+15.193,-0.02321,+0.732,-0.580,-1.464,+14.461,-0.018,+12.399,2,+17.707,+18.180,-0.01493,+0.474,-0.373,-0.947,+17.707,-0.018,+16.368,2,+0.322,+0.473,-3.884,-1.628
DRV,25594,+3.3000,+3.1410,-3.6300,-0.0006,-3.6147,-0.0006,-4.315,+0.000,-0.00073,+0.0027,+0.0000,-0.107,0,0,-17.795,-19.360,-0.06859,-1.564,-1.715,+3.129,-17.795,-0.009,-16.390,2,-14.526,-14.819,-0.00931,-0.293,-0.233,+0.585,-14.526,-0.009,-14.182,2,+14.531,+15.168,-0.05422,+0.637,-1.356,-1.274,+14.531,-0.009,+11.892,2,+17.792,+18.095,-0.00818,+0.303,-0.205,-0.606,+17.792,-0.009,+16.973,2,-1.265,+0.349,+0.584,-2.289
DRV,25598,+3.3000,+3.1410,-3.6300,-0.0006,-3.6300,-0.0006,+0.000,+0.000,-0.00073,-0.0019,+0.0000,+0.075,0,0,-17.871,-19.370,-0.01196,-1.499,-0.299,+2.998,-17.871,+0.006,-15.166,2,-14.588,-15.094,-0.01089,-0.507,-0.272,+1.013,-14.588,+0.006,-13.840,2,+14.592,+14.726,-0.07362,+0.133,-1.840,-0.267,+14.592,+0.006,+12.491,2,+17.867,+18.203,-0.00172,+0.336,-0.043,-0.671,+17.867,+0.006,+17.159,2,-1.167,-0.369,+1.993,-1.349
DRV,25602,+3.3000,+3.1410,-3.6300,-0.0007,-3.6300,-0.0007,+0.000,+0.000,-0.00076,-0.0064,+0.0000,+0.255,0,0,-17.871,-18.859,+0.03438,-0.988,+0.860,+1.976,-17.871,+0.020,-15.015,2,-14.587,-15.283,-0.00666,-0.696,-0.167,+1.391,-14.587,+0.020,-13.342,2,+14.593,+14.764,-0.09037,+0.172,-2.259,-0.343,+14.593,+0.020,+12.011,2,+17.867,+18.532,-0.00060,+0.665,-0.015,-1.331,+17.867,+0.020,+16.542,0,-0.327,-0.518,+1.527,-1.331
DRV,25606,+3.3000,+3.1410,-3.6300,-0.0008,-3.6300,-0.0008,+0.000,+0.000,-0.00077,-0.0008,+0.0000,+0.031,0,0,-17.871,-18.340,+0.06652,-0.469,+1.663,+0.938,-17.871,+0.002,-15.268,2,-14.587,-15.413,+0.00179,-0.826,+0.045,+1.653,-14.587,+0.002,-12.887,2,+14.593,+14.425,-0.10288,-0.168,-2.572,+0.336,+14.593,+0.002,+12.359,0,+17.867,+18.570,-0.00409,+0.704,-0.102,-1.407,+17.867,+0.002,+16.360,0,+0.230,-0.988,+1.092,-0.528
DRV,25610,+3.3000,+3.1410,-3.6300,-0.0007,-3.6300,-0.0007,+0.000,+0.000,-0.00075,+0.0048,+0.0000,-0.192,0,0,-17.871,-17.974,+0.08602,-0.103,+2.150,+0.207,-17.871,-0.015,-15.529,2,-14.587,-15.368,+0.00938,-0.781,+0.234,+1.562,-14.587,-0.015,-12.806,2,+14.593,+14.218,-0.10812,-0.374,-2.703,+0.749,+14.593,-0.015,+12.623,0,+17.867,+17.559,+0.10709,-0.308,+2.677,+0.616,+17.867,-0.015,+21.145,2,-0.415,-1.150,+5.616,-0.183
DRV,25614,+3.3000,+3.1410,-3.6300,-0.0006,-3.6300,-0.0006,+0.000,+0.000,-0.00074,+0.0029,+0.0000,-0.117,0,0,-17.871,-17.899,+0.10244,-0.028,+2.561,+0.057,-17.871,-0.009,-15.262,0,-14.587,-14.276,-0.08112,+0.312,-2.028,-0.624,-14.587,-0.009,-17.249,2,+14.592,+14.920,-0.01826,+0.327,-0.457,-0.655,+14.592,-0.009,+13.472,2,+17.867,+18.441,+0.08750,+0.574,+2.188,-1.148,+17.867,-0.009,+18.897,2,+0.542,+0.644,+3.635,-3.777
DRV,25618,+3.3000,+3.1410,-3.6300,-0.0006,-3.6300,-0.0006,+0.000,+0.000,-0.00073,+0.0011,+0.0000,-0.043,0,0,-17.871,-17.861,+0.11772,+0.009,+2.943,-0.019,-17.871,-0.003,-14.950,0,-14.588,-14.564,-0.07537,+0.024,-1.884,-0.048,-14.588,-0.003,-16.523,2,+14.592,+14.878,-0.01162,+0.286,-0.291,-0.572,+14.592,-0.003,+13.727,2,+17.867,+19.201,+0.04222,+1.334,+1.056,-2.667,+17.867,-0.003,+16.252,2,+1.339,+0.315,+1.303,-2.796
DRV,25622,+3.3000,+3.1410,-3.6300,-0.0006,-3.6300,-0.0006,+0.000,+0.000,-0.00073,+0.0016,+0.0000,-0.064,0,0,-17.871,-18.888,+0.01834,-1.017,+0.458,+2.035,-17.871,-0.005,-15.382,0,-14.588,-15.892,-0.04008,-1.304,-1.002,+2.608,-14.588,-0.005,-12.987,2,+14.592,+14.834,-0.00537,+0.242,-0.134,-0.483,+14.592,-0.005,+13.970,2,+17.867,+18.977,-0.00449,+1.109,-0.112,-2.219,+17.867,-0.005,+15.531,2,+0.089,-1.058,+0.149,+0.983
DRV,25626,+3.3000,+3.1410,-3.6300,-0.0005,-3.6300,-0.0005,+0.000,+0.000,-0.00072,+0.0021,+0.0000,-0.085,0,0,-17.871,-18.608,+0.02519,-0.738,+0.630,+1.475,-17.871,-0.007,-15.772,2,-14.588,-15.791,+0.00670,-1.203,+0.168,+2.406,-14.588,-0.007,-12.021,2,+14.592,+15.091,-0.00219,+0.499,-0.055,-0.999,+14.592,-0.007,+13.532,2,+17.867,+18.652,-0.04402,+0.785,-1.100,-1.569,+17.867,-0.007,+15.191,2,+0.044,-0.700,-0.581,+1.511
DRV,25630,+3.3000,+3.1410,-3.6300,-0.0005,-3.6300,-0.0005,+0.000,+0.000,-0.00072,-0.0016,+0.0000,+0.064,0,0,-17.870,-18.407,+0.02552,-0.536,+0.638,+1.073,-17.870,+0.005,-16.155,2,-14.588,-15.419,+0.04390,-0.831,+1.097,+1.662,-14.588,+0.005,-11.823,2,+14.592,+15.158,-0.00399,+0.566,-0.100,-1.132,+14.592,+0.005,+13.365,2,+17.867,+18.452,-0.07664,+0.584,-1.916,-1.169,+17.867,+0.005,+14.788,2,+0.045,-0.261,-1.367,+1.543
DRV,25634,+3.3000,+3.1410,-3.6300,-0.0006,-3.6300,-0.0006,+0.000,+0.000,-0.00074,-0.0053,+0.0000,+0.213,0,0,-17.871,-18.318,+0.02354,-0.447,+0.588,+0.894,-17.871,+0.017,-16.371,2,-14.587,-15.030,+0.07189,-0.443,+1.797,+0.886,-14.587,+0.017,-11.887,2,+14.592,+15.202,-0.00694,+0.609,-0.174,-1.218,+14.592,+0.017,+13.218,2,+17.867,+18.165,-0.10121,+0.297,-2.530,-0.595,+17.867,+0.017,+14.759,2,-0.153,+0.171,-1.612,+1.331
DRV,25638,+3.3000,+3.1410,-3.6300,-0.0007,-3.6300,-0.0007,+0.000,+0.000,-0.00076,-0.0048,+0.0000,+0.191,0,0,-17.871,-18.296,+0.01887,-0.425,+0.472,+0.851,-17.871,+0.015,-16.533,2,-14.587,-14.719,+0.09070,-0.132,+2.267,+0.265,-14.587,+0.015,-12.039,2,+14.593,+15.419,-0.01563,+0.826,-0.391,-1.652,+14.593,+0.015,+12.565,2,+17.867,+17.865,-0.12003,-0.002,-3.001,+0.003,+17.867,+0.015,+14.885,0,-0.431,+0.700,-1.649,+0.525
DRV,25642,+3.3000,+3.1410,-3.6300,-0.0008,-3.6300,-0.0008,+0.000,+0.000,-0.00078,-0.0048,+0.0000,+0.191,0,0,-17.871,-18.456,+0.01727,-0.585,+0.432,+1.170,-17.871,+0.015,-16.254,2,-14.587,-14.560,+0.10452,+0.027,+2.613,-0.054,-14.587,+0.015,-12.012,2,+14.593,+15.134,-0.02125,+0.541,-0.531,-1.082,+14.593,+0.015,+12.995,0,+17.867,+17.521,-0.12851,-0.346,-3.213,+0.692,+17.867,+0.015,+15.361,0,-0.936,+0.575,-0.893,+0.982
DRV,25646,+3.3000,+3.1410,-3.6300,-0.0008,-3.6300,-0.0008,+0.000,+0.000,-0.00077,+0.0043,+0.0000,-0.171,0,0,-17.871,-18.643,+0.02026,-0.772,+0.507,+1.545,-17.871,-0.014,-15.834,2,-14.587,-14.344,+0.11183,+0.243,+2.796,-0.485,-14.587,-0.014,-12.290,0,+14.593,+15.088,-0.02341,+0.495,-0.585,-0.989,+14.593,-0.014,+13.005,0,+17.867,+18.526,-0.02194,+0.659,-0.548,-1.319,+17.867,-0.014,+15.986,2,-0.117,+0.743,+0.152,+0.715
DRV,25650,+3.3000,+3.1410,-3.6300,-0.0007,-3.6300,-0.0007,+0.000,+0.000,-0.00075,+0.0043,+0.0000,-0.171,0,0,-17.871,-18.660,+0.02585,-0.789,+0.646,+1.577,-17.871,-0.014,-15.661,2,-14.587,-14.114,+0.11223,+0.473,+2.806,-0.947,-14.587,-0.014,-12.742,0,+14.593,+14.011,+0.07259,-0.582,+1.815,+1.164,+14.593,-0.014,+17.557,2,+17.867,+18.299,-0.01929,+0.432,-0.482,-0.863,+17.867,-0.014,+16.508,2,-0.361,-0.103,+0.847,+4.816
DRV,25654,+3.3000,+3.1410,-3.6300,-0.0006,-3.6300,-0.0006,+0.000,+0.000,-0.00074,+0.0032,+0.0000,-0.128,0,0,-17.871,-18.517,+0.02924,-0.646,+0.731,+1.293,-17.871,-0.010,-15.857,0,-14.587,-13.949,+0.10917,+0.638,+2.729,-1.276,-14.587,-0.010,-13.145,0,+14.592,+14.311,+0.07358,-0.281,+1.839,+0.562,+14.592,-0.010,+16.984,2,+17.867,+18.306,-0.01548,+0.439,-0.387,-0.878,+17.867,-0.010,+16.592,2,-0.211,+0.362,+0.734,+3.839
DRV,25658,+3.3000,+3.1410,-3.6300,-0.0006,-3.6300,-0.0006,+0.000,+0.000,-0.00073,+0.0032,+0.0000,-0.128,0,0,-17.871,-18.372,+0.02880,-0.501,+0.720,+1.003,-17.871,-0.010,-16.158,0,-14.588,-14.841,+0.01636,-0.253,+0.409,+0.506,-14.588,-0.010,-13.683,2,+14.592,+15.585,+0.04608,+0.993,+1.152,-1.985,+14.592,-0.010,+13.749,2,+17.867,+18.534,-0.01551,+0.666,-0.388,-1.333,+17.867,-0.010,+16.137,2,+0.162,+0.744,-0.021,+0.066
DRV,25662,+3.3000,+3.1410,-3.6300,-0.0005,-3.6300,-0.0005,+0.000,+0.000,-0.00072,+0.0021,+0.0000,-0.085,0,0,-17.870,-17.176,-0.08899,+0.695,-2.225,-1.390,-17.870,-0.007,-21.492,2,-14.588,-14.806,+0.00984,-0.218,+0.246,+0.436,-14.588,-0.007,-13.913,2,+14.592,+15.883,+0.00324,+1.291,+0.081,-2.583,+14.592,-0.007,+12.084,2,+17.867,+18.513,-0.01821,+0.646,-0.455,-1.292,+17.867,-0.007,+16.114,2,+1.338,+1.078,-5.378,-1.829
DRV,25666,+3.3000,+3.1410,-3.6300,-0.0005,-3.6300,-0.0005,+0.000,+0.000,-0.00071,+0.0021,+0.0000,-0.085,0,0,-17.870,-18.620,-0.07255,-0.750,-1.814,+1.499,-17.870,-0.007,-18.192,2,-14.588,-15.062,+0.00753,-0.474,+0.188,+0.948,-14.588,-0.007,-13.459,2,+14.592,+15.418,-0.03730,+0.826,-0.932,-1.652,+14.592,-0.007,+12.001,2,+17.868,+18.648,-0.02322,+0.781,-0.580,-1.561,+17.868,-0.007,+15.719,2,+0.028,+0.356,-2.473,-1.458
DRV,25670,+3.3000,+3.1410,-3.6300,-0.0006,-3.6300,-0.0006,+0.000,+0.000,-0.00072,-0.0059,+0.0000,+0.235,0,0,-17.871,-19.393,-0.02237,-1.523,-0.559,+3.046,-17.871,+0.019,-15.365,2,-14.588,-15.143,+0.00983,-0.555,+0.246,+1.110,-14.588,+0.019,-13.213,2,+14.592,+15.268,-0.06863,+0.676,-1.716,-1.351,+14.592,+0.019,+11.544,2,+17.867,+18.471,-0.02477,+0.603,-0.619,-1.207,+17.867,+0.019,+16.060,2,-0.923,+0.125,+0.695,-1.669
DRV,25674,+3.3000,+3.1410,-3.6300,-0.0007,-3.6300,-0.0007,+0.000,+0.000,-0.00075,-0.0059,+0.0000,+0.234,0,0,-17.871,-19.251,+0.03088,-1.380,+0.772,+2.761,-17.871,+0.019,-14.319,2,-14.587,-15.267,+0.01520,-0.680,+0.380,+1.359,-14.587,+0.019,-12.829,2,+14.593,+14.806,-0.09113,+0.213,-2.278,-0.426,+14.593,+0.019,+11.907,2,+17.867,+18.342,-0.02365,+0.475,-0.591,-0.951,+17.867,+0.019,+16.344,2,-0.909,-0.461,+2.024,-0.923
DRV,25678,+3.3000,+3.1410,-3.6300,-0.0007,-3.6300,-0.0007,+0.000,+0.000,-0.00075,+0.0016,+0.0000,-0.064,0,0,-17.871,-18.507,+0.06993,-0.637,+1.748,+1.273,-17.871,-0.005,-14.855,2,-14.587,-15.254,+0.02010,-0.666,+0.503,+1.333,-14.587,-0.005,-12.757,2,+14.593,+14.421,-0.10175,-0.171,-2.544,+0.342,+14.593,-0.005,+12.386,2,+17.867,+18.221,-0.01860,+0.354,-0.465,-0.708,+17.867,-0.005,+16.689,0,-0.287,-0.832,+1.835,-0.371
DRV,25682,+3.3000,+3.1410,-3.6300,-0.0006,-3.6300,-0.0006,+0.000,+0.000,-0.00074,+0.0016,+0.0000,-0.064,0,0,-17.871,-18.034,+0.09364,-0.163,+2.341,+0.326,-17.871,-0.005,-15.208,2,-14.587,-15.144,+0.02279,-0.557,+0.570,+1.113,-14.587,-0.005,-12.910,2,+14.593,+14.055,-0.10392,-0.538,-2.598,+1.075,+14.593,-0.005,+13.065,0,+17.867,+17.158,+0.10025,-0.710,+2.506,+1.419,+17.867,-0.005,+21.787,0,-0.876,-1.089,+6.579,+0.155
DRV,25686,+3.3000,+3.1410,-3.6300,-0.0007,-3.6300,-0.0007,+0.000,+0.000,-0.00076,-0.0053,+0.0000,+0.213,0,0,-17.871,-17.732,+0.10700,+0.139,+2.675,-0.279,-17.871,+0.017,-15.458,2,-14.587,-15.030,+0.02280,-0.443,+0.570,+0.886,-14.587,+0.017,-13.114,0,+14.593,+14.933,-0.01176,+0.340,-0.294,-0.680,+14.593,+0.017,+13.636,0,+17.867,+17.771,+0.09830,-0.096,+2.458,+0.191,+17.867,+0.017,+20.533,2,+0.040,-0.097,+5.075,+0.522
DRV,25690,+3.3000,+3.1410,-3.6300,-0.0008,-3.6300,-0.0008,+0.000,+0.000,-0.00078,-0.0053,+0.0000,+0.212,0,0,-17.871,-17.450,+0.11307,+0.421,+2.827,-0.842,-17.871,+0.017,-15.869,0,-14.587,-14.973,+0.02052,-0.386,+0.513,+0.773,-14.587,+0.017,-13.284,0,+14.593,+14.881,-0.00663,+0.288,-0.166,-0.575,+14.593,+0.017,+13.869,2,+17.867,+19.010,+0.06336,+1.143,+1.584,-2.287,+17.867,+0.017,+17.181,2,+1.560,-0.093,+1.312,+0.585
DRV,25694,+3.3000,+3.1410,-3.6300,-0.0007,-3.6300,-0.0007,+0.000,+0.000,-0.00076,+0.0080,+0.0000,-0.320,0,0,-17.871,-17.320,+0.11376,+0.551,+2.844,-1.102,-17.871,-0.026,-16.154,0,-14.587,-13.963,-0.07687,+0.624,-1.922,-1.249,-14.587,-0.026,-17.783,2,+14.593,+15.182,-0.00650,+0.590,-0.163,-1.179,+14.593,-0.026,+13.225,2,+17.867,+19.288,+0.01232,+1.421,+0.308,-2.842,+17.867,-0.026,+15.307,2,+1.968,+1.220,-0.847,-4.558
DRV,25698,+3.3000,+3.1410,-3.6300,-0.0006,-3.6300,-0.0006,+0.000,+0.000,-0.00073,+0.0080,+0.0000,-0.319,0,0,-17.871,-18.588,+0.00709,-0.717,+0.177,+1.434,-17.871,-0.026,-16.285,2,-14.588,-14.869,-0.07111,-0.282,-1.778,+0.563,-14.588,-0.026,-15.828,2,+14.592,+15.359,-0.01367,+0.767,-0.342,-1.533,+14.592,-0.026,+12.692,2,+17.867,+18.928,-0.03334,+1.060,-0.834,-2.120,+17.867,-0.026,+14.888,2,+0.340,+0.490,-1.397,-3.136
DRV,25702,+3.3000,+3.1410,-3.6300,-0.0006,-3.6300,-0.0006,+0.000,+0.000,-0.00073,-0.0027,+0.0000,+0.107,0,0,-17.871,-18.755,+0.01279,-0.885,+0.320,+1.770,-17.871,+0.009,-15.773,2,-14.588,-15.834,-0.03392,-1.247,-0.848,+2.493,-14.588,+0.009,-12.934,2,+14.592,+15.214,-0.01815,+0.622,-0.454,-1.243,+14.592,+0.009,+12.904,2,+17.867,+18.402,-0.06711,+0.535,-1.678,-1.070,+17.867,+0.009,+15.128,2,-0.353,-0.620,-0.644,-0.030
DRV,25706,+3.3000,+3.1410,-3.6300,-0.0006,-3.6300,-0.0006,+0.000,+0.000,-0.00074,-0.0027,+0.0000,+0.106,0,0,-17.871,-18.766,+0.02107,-0.895,+0.527,+1.790,-17.871,+0.009,-15.545,2,-14.587,-15.838,+0.01134,-1.251,+0.284,+2.501,-14.587,+0.009,-11.794,2,+14.592,+15.412,-0.02647,+0.820,-0.662,-1.640,+14.592,+0.009,+12.299,2,+17.867,+17.984,-0.08785,+0.117,-2.196,-0.234,+17.867,+0.009,+15.445,2,-0.782,-0.426,-0.100,+0.505
DRV,25710,+3.3000,+3.1410,-3.6300,-0.0007,-3.6300,-0.0007,+0.000,+0.000,-0.00075,-0.0043,+0.0000,+0.170,0,0,-17.871,-18.581,+0.02676,-0.710,+0.669,+1.420,-17.871,+0.014,-15.768,2,-14.587,-15.449,+0.05047,-0.861,+1.262,+1.723,-14.587,+0.014,-11.589,2,+14.593,+15.122,-0.03133,+0.529,-0.783,-1.058,+14.593,+0.014,+12.765,2,+17.867,+17.739,-0.10169,-0.128,-2.542,+0.255,+17.867,+0.014,+15.594,2,-0.842,-0.327,-0.175,+1.176
DRV,25714,+3.3000,+3.1410,-3.6300,-0.0008,-3.6300,-0.0008,+0.000,+0.000,-0.00077,-0.0042,+0.0000,+0.170,0,0,-17.871,-18.432,+0.02745,-0.561,+0.686,+1.122,-17.871,+0.014,-16.049,2,-14.587,-14.890,+0.07579,-0.303,+1.895,+0.606,-14.587,+0.014,-12.073,2,+14.593,+15.037,-0.03196,+0.444,-0.799,-0.888,+14.593,+0.014,+12.919,2,+17.867,+17.769,-0.11477,-0.098,-2.869,+0.196,+17.867,+0.014,+15.207,0,-0.663,+0.147,-0.842,+0.847
DRV,25718,+3.3000,+3.1410,-3.6300,-0.0008,-3.6300,-0.0008,+0.000,+0.000,-0.00077,+0.0006,+0.0000,-0.022,0,0,-17.871,-18.373,+0.02661,-0.501,+0.665,+1.003,-17.871,-0.002,-16.205,2,-14.587,-14.551,+0.09039,+0.036,+2.260,-0.071,-14.587,-0.002,-12.400,2,+14.593,+14.817,-0.02828,+0.224,-0.707,-0.447,+14.593,-0.002,+13.437,0,+17.867,+17.738,-0.12554,-0.129,-3.139,+0.258,+17.867,-0.002,+14.984,0,-0.635,+0.266,-1.221,+1.037
DRV,25722,+3.3000,+3.1410,-3.6300,-0.0008,-3.6300,-0.0008,+0.000,+0.000,-0.00077,+0.0006,+0.0000,-0.022,0,0,-17.871,-18.305,+0.02271,-0.434,+0.568,+0.867,-17.871,-0.002,-16.438,2,-14.587,-14.368,+0.09808,+0.219,+2.452,-0.438,-14.587,-0.002,-12.574,2,+14.593,+14.860,-0.02278,+0.267,-0.569,-0.533,+14.593,-0.002,+13.489,0,+17.867,+18.761,-0.02357,+0.894,-0.589,-1.788,+17.867,-0.002,+15.488,2,+0.456,+0.492,-0.950,+0.914
DRV,25726,+3.3000,+3.1410,-3.6300,-0.0007,-3.6300,-0.0007,+0.000,+0.000,-0.00075,+0.0064,+0.0000,-0.256,0,0,-17.871,-18.460,+0.02188,-0.589,+0.547,+1.178,-17.871,-0.020,-16.167,2,-14.587,-14.188,+0.10077,+0.399,+2.519,-0.798,-14.587,-0.020,-12.886,0,+14.593,+13.919,+0.07591,-0.674,+1.898,+1.348,+14.593,-0.020,+17.818,2,+17.867,+18.500,-0.02629,+0.633,-0.657,-1.267,+17.867,-0.020,+15.923,2,+0.041,-0.269,-0.244,+4.931
DRV,25730,+3.3000,+3.1410,-3.6300,-0.0006,-3.6300,-0.0006,+0.000,+0.000,-0.00073,+0.0064,+0.0000,-0.255,0,0,-17.871,-17.431,-0.09247,+0.439,-2.312,-0.879,-17.871,-0.020,-21.081,0,-14.588,-14.952,+0.01142,-0.364,+0.286,+0.728,-14.588,-0.020,-13.594,2,+14.592,+15.099,+0.06568,+0.506,+1.642,-1.013,+14.592,-0.020,+15.201,2,+17.867,+18.380,-0.02555,+0.512,-0.639,-1.025,+17.867,-0.020,+16.184,2,+0.948,+0.147,-4.898,+1.607
DRV,25734,+3.3000,+3.1410,-3.6300,-0.0005,-3.6300,-0.0005,+0.000,+0.000,-0.00071,+0.0027,+0.0000,-0.106,0,0,-17.870,-17.985,-0.08408,-0.115,-2.102,+0.230,-17.870,-0.008,-19.751,0,-14.588,-15.138,+0.01218,-0.550,+0.305,+1.100,-14.588,-0.008,-13.192,2,+14.592,+15.892,+0.02514,+1.300,+0.628,-2.600,+14.592,-0.008,+12.612,2,+17.868,+18.244,-0.02125,+0.377,-0.531,-0.753,+17.868,-0.008,+16.574,2,+0.259,+0.754,-3.177,-0.580
DRV,25738,+3.3000,+3.1410,-3.6300,-0.0005,-3.6300,-0.0005,+0.000,+0.000,-0.00070,+0.0026,+0.0000,-0.106,0,0,-17.870,-19.154,-0.04463,-1.283,-1.116,+2.567,-17.870,-0.008,-16.428,2,-14.588,-15.202,+0.01562,-0.614,+0.391,+1.228,-14.588,-0.008,-12.978,2,+14.592,+15.829,-0.01848,+1.237,-0.462,-2.474,+14.592,-0.008,+11.648,2,+17.868,+18.283,-0.01667,+0.416,-0.417,-0.831,+17.868,-0.008,+16.611,2,-0.870,+0.627,+0.183,-1.330
DRV,25742,+3.3000,+3.1410,-3.6300,-0.0006,-3.6300,-0.0006,+0.000,+0.000,-0.00072,-0.0085,+0.0000,+0.341,0,0,-17.871,-19.058,+0.00402,-1.188,+0.100,+2.375,-17.871,+0.027,-15.367,2,-14.588,-15.225,+0.02022,-0.638,+0.505,+1.275,-14.588,+0.027,-12.780,2,+14.592,+15.337,-0.05633,+0.745,-1.408,-1.491,+14.592,+0.027,+11.721,2,+17.867,+18.530,-0.01669,+0.663,-0.417,-1.325,+17.867,+0.027,+16.152,2,-0.528,+0.112,+0.785,-1.059
DRV,25746,+3.3000,+3.1410,-3.6300,-0.0007,-3.6300,-0.0007,+0.000,+0.000,-0.00076,-0.0085,+0.0000,+0.340,0,0,-17.871,-18.650,+0.04384,-0.779,+1.096,+1.557,-17.871,+0.027,-15.191,2,-14.587,-15.216,+0.02445,-0.629,+0.611,+1.258,-14.587,+0.027,-12.690,2,+14.593,+14.814,-0.07845,+0.221,-1.961,-0.442,+14.593,+0.027,+12.217,2,+17.867,+18.492,-0.01902,+0.625,-0.476,-1.251,+17.867,+0.027,+16.168,2,-0.157,-0.402,+0.978,-0.474
DRV,25750,+3.3000,+3.1410,-3.6300,-0.0007,-3.6300,-0.0007,+0.000,+0.000,-0.00077,+0.0000,+0.0000,-0.001,0,0,-17.871,-18.246,+0.07138,-0.375,+1.785,+0.749,-17.871,-0.000,-15.337,2,-14.587,-15.086,+0.02667,-0.499,+0.667,+0.998,-14.587,-0.000,-12.922,2,+14.593,+14.433,-0.09020,-0.160,-2.255,+0.319,+14.593,-0.000,+12.657,2,+17.867,+18.626,-0.02328,+0.759,-0.582,-1.519,+17.867,-0.000,+15.766,0,+0.381,-0.653,+0.429,-0.265
DRV,25754,+3.3000,+3.1410,-3.6300,-0.0007,-3.6300,-0.0007,+0.000,+0.000,-0.00077,+0.0000,+0.0000,-0.001,0,0,-17.871,-18.096,+0.09394,-0.225,+2.348,+0.451,-17.871,-0.000,-15.072,2,-14.587,-14.968,+0.02592,-0.381,+0.648,+0.762,-14.587,-0.000,-13.177,2,+14.593,+14.232,-0.09199,-0.361,-2.300,+0.722,+14.593,-0.000,+13.015,0,+17.867,+18.484,-0.02447,+0.617,-0.612,-1.235,+17.867,-0.000,+16.021,0,+0.388,-0.736,+0.949,-0.162
DRV,25758,+3.3000,+3.1410,-3.6300,-0.0007,-3.6300,-0.0007,+0.000,+0.000,-0.00076,+0.0005,+0.0000,-0.022,0,0,-17.871,-17.966,+0.11305,-0.095,+2.826,+0.190,-17.871,-0.002,-14.856,2,-14.587,-14.957,+0.02325,-0.370,+0.581,+0.741,-14.587,-0.002,-13.267,0,+14.593,+14.086,-0.09147,-0.507,-2.287,+1.014,+14.593,-0.002,+13.319,0,+17.867,+17.228,+0.09208,-0.639,+2.302,+1.277,+17.867,-0.002,+21.445,2,-0.738,-0.872,+6.588,+0.052
DRV,25762,+3.3000,+3.1410,-3.6300,-0.0007,-3.6300,-0.0007,+0.000,+0.000,-0.00076,+0.0005,+0.0000,-0.022,0,0,-17.871,-17.726,+0.12669,+0.145,+3.167,-0.289,-17.871,-0.002,-14.995,2,-14.587,-14.916,+0.01943,-0.329,+0.486,+0.658,-14.587,-0.002,-13.445,0,+14.593,+14.976,-0.00160,+0.383,-0.040,-0.766,+14.593,-0.002,+13.785,2,+17.867,+18.072,+0.08476,+0.205,+2.119,-0.410,+17.867,-0.002,+19.575,2,+0.345,+0.060,+4.580,+0.340
DRV,25766,+3.3000,+3.1410,-3.6300,-0.0007,-3.6300,-0.0007,+0.000,+0.000,-0.00075,+0.0053,+0.0000,-0.213,0,0,-17.871,-17.454,+0.13391,+0.417,+3.348,-0.834,-17.871,-0.017,-15.374,0,-14.587,-13.994,-0.07835,+0.594,-1.959,-1.187,-14.587,-0.017,-17.750,0,+14.593,+15.270,-0.00531,+0.677,-0.133,-1.354,+14.593,-0.017,+13.088,2,+17.867,+19.070,+0.04676,+1.203,+1.169,-2.405,+17.867,-0.017,+16.614,2,+1.616,+1.276,+1.239,-4.662
DRV,25770,+3.3000,+3.1410,-3.6300,-0.0006,-3.6300,-0.0006,+0.000,+0.000,-0.00072,+0.0053,+0.0000,-0.213,0,0,-17.871,-18.406,+0.02570,-0.536,+0.643,+1.072,-17.871,-0.017,-16.173,0,-14.588,-14.491,-0.07720,+0.097,-1.930,-0.193,-14.588,-0.017,-16.728,2,+14.592,+15.205,-0.00979,+0.613,-0.245,-1.225,+14.592,-0.017,+13.105,2,+17.867,+19.231,-0.00274,+1.364,-0.068,-2.728,+17.867,-0.017,+15.054,2,+0.825,+0.714,-1.119,-3.623
DRV,25774,+3.3000,+3.1410,-3.6300,-0.0005,-3.6300,-0.0005,+0.000,+0.000,-0.00072,-0.0005,+0.0000,+0.022,0,0,-17.871,-18.296,+0.02296,-0.426,+0.574,+0.851,-17.871,+0.002,-16.443,2,-14.588,-15.654,-0.04691,-1.066,-1.173,+2.133,-14.588,+0.002,-13.626,2,+14.592,+15.426,-0.01697,+0.834,-0.424,-1.667,+14.592,+0.002,+12.503,2,+17.867,+18.863,-0.04801,+0.996,-1.200,-1.992,+17.867,+0.002,+14.677,2,+0.567,-0.228,-1.766,-1.123
DRV,25778,+3.3000,+3.1410,-3.6300,-0.0006,-3.6300,-0.0006,+0.000,+0.000,-0.00072,-0.0005,+0.0000,+0.022,0,0,-17.871,-18.255,+0.01754,-0.385,+0.438,+0.769,-17.871,+0.002,-16.661,2,-14.588,-15.830,-0.00281,-1.242,-0.070,+2.485,-14.588,+0.002,-12.172,2,+14.592,+15.217,-0.02337,+0.625,-0.584,-1.250,+14.592,+0.002,+12.759,2,+17.867,+18.394,-0.08217,+0.526,-2.054,-1.052,+17.867,+0.002,+14.763,2,+0.138,-0.613,-1.898,+0.588
DRV,25782,+3.3000,+3.1410,-3.6300,-0.0006,-3.6300,-0.0006,+0.000,+0.000,-0.00074,-0.0048,+0.0000,+0.192,0,0,-17.871,-18.469,+0.01595,-0.599,+0.399,+1.197,-17.871,+0.015,-16.260,2,-14.587,-15.612,+0.03785,-1.025,+0.946,+2.049,-14.587,+0.015,-11.577,2,+14.592,+15.119,-0.02517,+0.526,-0.629,-1.052,+14.592,+0.015,+12.926,2,+17.867,+17.927,-0.10213,+0.059,-2.553,-0.119,+17.867,+0.015,+15.210,2,-0.543,-0.494,-1.049,+1.350
DRV,25786,+3.3000,+3.1410,-3.6300,-0.0007,-3.6300,-0.0007,+0.000,+0.000,-0.00076,-0.0048,+0.0000,+0.191,0,0,-17.871,-18.692,+0.02010,-0.821,+0.502,+1.641,-17.871,+0.015,-15.712,2,-14.587,-15.012,+0.06739,-0.425,+1.685,+0.849,-14.587,+0.015,-12.038,2,+14.593,+14.900,-0.02274,+0.307,-0.569,-0.615,+14.593,+0.015,+13.425,2,+17.867,+17.617,-0.11406,-0.250,-2.851,+0.499,+17.867,+0.015,+15.530,0,-1.074,-0.112,-0.182,+1.387
DRV,25790,+3.3000,+3.1410,-3.6300,-0.0008,-3.6300,-0.0008,+0.000,+0.000,-0.00077,-0.0032,+0.0000,+0.127,0,0,-17.871,-18.687,+0.02617,-0.816,+0.654,+1.631,-17.871,+0.010,-15.576,2,-14.587,-14.617,+0.08428,-0.030,+2.107,+0.060,-14.587,+0.010,-12.410,2,+14.593,+14.861,-0.01791,+0.268,-0.448,-0.536,+14.593,+0.010,+13.619,2,+17.867,+17.395,-0.11822,-0.472,-2.955,+0.944,+17.867,+0.010,+15.866,0,-1.292,+0.244,+0.291,+1.210
DRV,25794,+3.3000,+3.1410,-3.6300,-0.0008,-3.6300,-0.0008,+0.000,+0.000,-0.00078,-0.0032,+0.0000,+0.127,0,0,-17.871,-18.514,+0.02954,-0.642,+0.739,+1.285,-17.871,+0.010,-15.838,2,-14.587,-14.383,+0.09312,+0.204,+2.328,-0.408,-14.587,+0.010,-12.656,2,+14.593,+14.922,-0.01432,+0.329,-0.358,-0.658,+14.593,+0.010,+13.588,0,+17.867,+18.488,-0.01126,+0.622,-0.282,-1.244,+17.867,+0.010,+16.352,0,-0.025,+0.539,+0.514,+0.931
DRV,25798,+3.3000,+3.1410,-3.6300,-0.0008,-3.6300,-0.0008,+0.000,+0.000,-0.00078,+0.0022,+0.0000,-0.086,0,0,-17.871,-18.365,+0.02870,-0.494,+0.718,+0.988,-17.871,-0.007,-16.172,2,-14.587,-14.214,+0.09736,+0.373,+2.434,-0.745,-14.587,-0.007,-12.905,0,+14.593,+14.143,+0.08208,-0.450,+2.052,+0.899,+14.593,-0.007,+17.538,0,+17.867,+18.699,-0.01552,+0.832,-0.388,-1.664,+17.867,-0.007,+15.808,2,+0.333,-0.071,-0.365,+4.633
DRV,25802,+3.3000,+3.1410,-3.6300,-0.0008,-3.6300,-0.0008,+0.000,+0.000,-0.00077,+0.0021,+0.0000,-0.086,0,0,-17.871,-18.312,+0.02556,-0.440,+0.639,+0.881,-17.871,-0.007,-16.358,0,-14.587,-14.293,+0.10160,+0.294,+2.540,-0.588,-14.587,-0.007,-12.642,0,+14.593,+14.530,+0.07531,-0.063,+1.883,+0.127,+14.593,-0.007,+16.596,2,+17.867,+18.662,-0.02170,+0.796,-0.542,-1.591,+17.867,-0.007,+15.726,2,+0.351,+0.237,-0.632,+3.954
DRV,25806,+3.3000,+3.1410,-3.6300,-0.0007,-3.6300,-0.0007,+0.000,+0.000,-0.00076,+0.0032,+0.0000,-0.128,0,0,-17.871,-18.246,+0.02051,-0.375,+0.513,+0.750,-17.871,-0.010,-16.618,0,-14.587,-15.204,+0.01610,-0.617,+0.402,+1.235,-14.587,-0.010,-12.960,2,+14.593,+15.483,+0.04745,+0.890,+1.186,-1.780,+14.593,-0.010,+13.989,2,+17.867,+18.703,-0.02902,+0.837,-0.725,-1.673,+17.867,-0.010,+15.458,2,+0.457,+0.278,-1.160,+1.028
DRV,25810,+3.3000,+3.1410,-3.6300,-0.0007,-3.6300,-0.0007,+0.000,+0.000,-0.00075,+0.0032,+0.0000,-0.128,0,0,-17.871,-17.255,-0.09729,+0.616,-2.432,-1.232,-17.871,-0.010,-21.545,2,-14.587,-15.230,+0.01994,-0.643,+0.499,+1.286,-14.587,-0.010,-12.813,2,+14.593,+15.914,+0.00271,+1.322,+0.068,-2.644,+14.593,-0.010,+12.006,2,+17.867,+18.484,-0.03135,+0.617,-0.784,-1.234,+17.867,-0.010,+15.839,2,+1.229,+0.684,-5.706,-0.807
DRV,25814,+3.3000,+3.1410,-3.6300,-0.0006,-3.6300,-0.0006,+0.000,+0.000,-0.00074,+0.0000,+0.0000,-0.000,0,0,-17.871,-18.795,-0.07703,-0.925,-1.926,+1.849,-17.871,-0.000,-17.947,2,-14.587,-15.249,+0.02417,-0.661,+0.604,+1.323,-14.587,-0.000,-12.660,2,+14.593,+15.446,-0.03590,+0.854,-0.898,-1.707,+14.593,-0.000,+11.988,2,+17.867,+18.341,-0.02946,+0.473,-0.737,-0.947,+17.867,-0.000,+16.184,2,-0.455,+0.197,-1.764,-0.673
DRV,25818,+3.3000,+3.1410,-3.6300,-0.0006,-3.6300,-0.0006,+0.000,+0.000,-0.00074,+0.0000,+0.0000,-0.000,0,0,-17.871,-19.567,-0.02148,-1.696,-0.537,+3.392,-17.871,-0.000,-15.015,2,-14.587,-15.086,+0.02638,-0.498,+0.659,+0.997,-14.587,-0.000,-12.931,2,+14.593,+14.854,-0.06147,+0.262,-1.537,-0.524,+14.593,-0.000,+12.532,2,+17.867,+18.238,-0.02451,+0.371,-0.613,-0.742,+17.867,-0.000,+16.512,2,-1.329,-0.231,+1.497,-0.399
DRV,25822,+3.3000,+3.1410,-3.6300,-0.0007,-3.6300,-0.0007,+0.000,+0.000,-0.00076,-0.0058,+0.0000,+0.234,0,0,-17.871,-19.156,+0.03243,-1.284,+0.811,+2.569,-17.871,+0.019,-14.473,2,-14.587,-14.955,+0.02562,-0.368,+0.641,+0.736,-14.587,+0.019,-13.192,2,+14.593,+14.423,-0.07323,-0.170,-1.831,+0.340,+14.593,+0.019,+13.121,2,+17.867,+18.240,-0.01917,+0.373,-0.479,-0.746,+17.867,+0.019,+16.660,2,-0.916,-0.532,+2.188,-0.071
DRV,25826,+3.3000,+3.1410,-3.6300,-0.0008,-3.6300,-0.0008,+0.000,+0.000,-0.00078,-0.0058,+0.0000,+0.233,0,0,-17.871,-18.477,+0.06879,-0.606,+1.720,+1.212,-17.871,+0.019,-14.921,2,-14.587,-14.950,+0.02258,-0.364,+0.564,+0.727,-14.587,+0.019,-13.276,2,+14.593,+14.366,-0.08076,-0.227,-2.019,+0.454,+14.593,+0.019,+13.047,2,+17.867,+18.496,-0.01806,+0.629,-0.452,-1.259,+17.867,+0.019,+16.175,0,+0.019,-0.584,+1.254,-0.229
DRV,25830,+3.3000,+3.1410,-3.6300,-0.0008,-3.6300,-0.0008,+0.000,+0.000,-0.00078,+0.0048,+0.0000,-0.193,0,0,-17.871,-17.938,+0.09057,-0.067,+2.264,+0.134,-17.871,-0.015,-15.488,2,-14.587,-14.932,+0.01953,-0.345,+0.488,+0.691,-14.587,-0.015,-13.423,2,+14.593,+14.322,-0.08599,-0.271,-2.150,+0.542,+14.593,-0.015,+12.970,0,+17.867,+18.488,+0.09656,+0.621,+2.414,-1.242,+17.867,-0.015,+19.023,0,+0.550,-0.610,+3.535,-0.454
DRV,25834,+3.3000,+3.1410,-3.6300,-0.0007,-3.6300,-0.0007,+0.000,+0.000,-0.00076,+0.0048,+0.0000,-0.192,0,0,-17.871,-17.741,+0.10316,+0.130,+2.579,-0.260,-17.871,-0.015,-15.568,2,-14.587,-15.013,+0.01648,-0.426,+0.412,+0.851,-14.587,-0.015,-13.339,0,+14.593,+15.363,-0.00379,+0.770,-0.095,-1.540,+14.593,-0.015,+12.943,0,+17.867,+17.657,+0.09154,-0.210,+2.289,+0.419,+17.867,-0.015,+20.559,2,-0.083,+0.350,+4.992,-0.397
DRV,25838,+3.3000,+3.1410,-3.6300,-0.0007,-3.6300,-0.0007,+0.000,+0.000,-0.00075,+0.0016,+0.0000,-0.064,0,0,-17.871,-17.713,+0.11460,+0.158,+2.865,-0.316,-17.871,-0.005,-15.326,2,-14.587,-15.071,+0.01496,-0.484,+0.374,+0.968,-14.587,-0.005,-13.250,0,+14.593,+15.182,-0.00904,+0.589,-0.226,-1.178,+14.593,-0.005,+13.184,2,+17.867,+18.559,+0.06735,+0.692,+1.684,-1.384,+17.867,-0.005,+18.162,2,+0.846,+0.110,+2.835,-0.067
DRV,25842,+3.3000,+3.1410,-3.6300,-0.0006,-3.6300,-0.0006,+0.000,+0.000,-0.00074,+0.0016,+0.0000,-0.064,0,0,-17.871,-18.862,+0.01368,-0.991,+0.342,+1.982,-17.871,-0.005,-15.552,2,-14.587,-14.135,-0.07900,+0.452,-1.975,-0.904,-14.587,-0.005,-17.471,2,+14.592,+15.389,-0.01543,+0.797,-0.386,-1.594,+14.592,-0.005,+12.608,2,+17.867,+18.935,+0.02552,+1.068,+0.638,-2.135,+17.867,-0.005,+16.365,2,+0.073,+1.254,+0.813,-4.864
DRV,25846,+3.3000,+3.1410,-3.6300,-0.0006,-3.6300,-0.0006,+0.000,+0.000,-0.00073,+0.0016,+0.0000,-0.064,0,0,-17.871,-18.754,+0.02244,-0.883,+0.561,+1.767,-17.871,-0.005,-15.548,2,-14.588,-14.901,-0.06940,-0.313,-1.735,+0.626,-14.588,-0.005,-15.701,2,+14.592,+15.270,-0.02298,+0.677,-0.575,-1.355,+14.592,-0.005,+12.658,2,+17.867,+18.718,-0.01315,+0.851,-0.329,-1.702,+17.867,-0.005,+15.831,2,-0.036,+0.369,+0.283,-3.043
DRV,25850,+3.3000,+3.1410,-3.6300,-0.0006,-3.6300,-0.0006,+0.000,+0.000,-0.00074,-0.0019,+0.0000,+0.075,0,0,-17.871,-18.590,+0.02775,-0.719,+0.694,+1.439,-17.871,+0.006,-15.732,2,-14.587,-15.713,-0.03335,-1.126,-0.834,+2.251,-14.587,+0.006,-13.164,2,+14.592,+15.105,-0.02516,+0.512,-0.629,-1.025,+14.592,+0.006,+12.945,2,+17.867,+18.506,-0.04731,+0.638,-1.183,-1.277,+17.867,+0.006,+15.414,2,-0.084,-0.608,-0.319,-0.219
DRV,25854,+3.3000,+3.1410,-3.6300,-0.0007,-3.6300,-0.0007,+0.000,+0.000,-0.00076,-0.0053,+0.0000,+0.213,0,0,-17.871,-18.395,+0.02807,-0.524,+0.702,+1.049,-17.871,+0.017,-16.103,2,-14.587,-15.592,+0.00769,-1.004,+0.192,+2.009,-14.587,+0.017,-12.369,2,+14.593,+14.937,-0.02389,+0.345,-0.597,-0.689,+14.593,+0.017,+13.323,2,+17.867,+18.423,-0.07840,+0.556,-1.960,-1.112,+17.867,+0.017,+14.812,2,+0.028,-0.654,-1.292,+0.955
DRV,25858,+3.3000,+3.1410,-3.6300,-0.0008,-3.6300,-0.0008,+0.000,+0.000,-0.00077,-0.0034,+0.0000,+0.138,0,0,-17.871,-18.255,+0.02455,-0.384,+0.614,+0.767,-17.871,+0.011,-16.479,2,-14.587,-15.226,+0.04031,-0.639,+1.008,+1.278,-14.587,+0.011,-12.290,2,+14.593,+14.901,-0.01867,+0.308,-0.467,-0.616,+14.593,+0.011,+13.521,2,+17.867,+18.152,-0.10260,+0.285,-2.565,-0.571,+17.867,+0.011,+14.742,2,-0.103,-0.325,-1.738,+1.231
DRV,25862,+3.3000,+3.1410,-3.6300,-0.0008,-3.6300,-0.0008,+0.000,+0.000,-0.00078,-0.0016,+0.0000,+0.063,0,0,-17.871,-18.219,+0.01834,-0.348,+0.458,+0.696,-17.871,+0.005,-16.711,2,-14.587,-14.857,+0.06296,-0.270,+1.574,+0.540,-14.587,+0.005,-12.468,2,+14.593,+14.908,-0.01470,+0.315,-0.367,-0.629,+14.593,+0.005,+13.602,2,+17.867,+17.850,-0.12067,-0.017,-3.017,+0.034,+17.867,+0.005,+14.889,0,-0.370,+0.051,-1.823,+1.134
DRV,25866,+3.3000,+3.1410,-3.6300,-0.0008,-3.6300,-0.0008,+0.000,+0.000,-0.00078,+0.0008,+0.0000,-0.033,0,0,-17.871,-18.471,+0.01673,-0.600,+0.418,+1.200,-17.871,-0.003,-16.256,2,-14.587,-14.564,+0.07832,+0.023,+1.958,-0.045,-14.587,-0.003,-12.677,2,+14.593,+15.133,-0.01302,+0.540,-0.326,-1.079,+14.593,-0.003,+13.186,0,+17.867,+17.540,-0.12953,-0.327,-3.238,+0.654,+17.867,-0.003,+15.280,0,-0.932,+0.569,-0.976,+0.509
DRV,25870,+3.3000,+3.1410,-3.6300,-0.0008,-3.6300,-0.0008,+0.000,+0.000,-0.00077,+0.0032,+0.0000,-0.129,0,0,-17.871,-18.673,+0.02011,-0.802,+0.503,+1.605,-17.871,-0.010,-15.774,2,-14.587,-14.553,+0.08985,+0.034,+2.246,-0.069,-14.587,-0.010,-12.420,2,+14.593,+15.167,-0.01634,+0.574,-0.408,-1.148,+14.593,-0.010,+13.027,0,+17.867,+18.529,-0.02334,+0.662,-0.583,-1.324,+17.867,-0.010,+15.949,2,-0.144,+0.614,+0.175,+0.607
DRV,25874,+3.3000,+3.1410,-3.6300,-0.0007,-3.6300,-0.0007,+0.000,+0.000,-0.00076,+0.0029,+0.0000,-0.118,0,0,-17.871,-18.644,+0.02570,-0.773,+0.642,+1.546,-17.871,-0.009,-15.692,0,-14.587,-14.449,+0.10021,+0.138,+2.505,-0.276,-14.587,-0.009,-12.367,0,+14.593,+14.192,+0.07698,-0.401,+1.925,+0.801,+14.593,-0.009,+17.309,2,+17.867,+18.624,-0.02606,+0.757,-0.651,-1.514,+17.867,-0.009,+15.692,2,-0.020,-0.257,+0.000,+4.942
DRV,25878,+3.3000,+3.1410,-3.6300,-0.0007,-3.6300,-0.0007,+0.000,+0.000,-0.00075,+0.0027,+0.0000,-0.107,0,0,-17.871,-18.497,+0.02870,-0.627,+0.718,+1.253,-17.871,-0.009,-15.909,0,-14.587,-14.380,+0.10789,+0.207,+2.697,-0.415,-14.587,-0.009,-12.313,0,+14.593,+15.224,+0.05909,+0.631,+1.477,-1.263,+14.593,-0.009,+14.798,2,+17.867,+18.543,-0.02877,+0.676,-0.719,-1.351,+17.867,-0.009,+15.788,2,+0.045,+0.844,-0.121,+2.485
DRV,25882,+3.3000,+3.1410,-3.6300,-0.0006,-3.6300,-0.0006,+0.000,+0.000,-0.00074,+0.0013,+0.0000,-0.053,0,0,-17.871,-17.283,-0.08679,+0.588,-2.170,-1.176,-17.871,-0.004,-21.220,0,-14.587,-15.307,+0.02391,-0.720,+0.598,+1.440,-14.587,-0.004,-12.554,2,+14.592,+15.688,+0.01817,+1.096,+0.454,-2.192,+14.592,-0.004,+12.851,2,+17.867,+18.690,-0.03340,+0.822,-0.835,-1.645,+17.867,-0.004,+15.383,2,+1.407,+0.381,-5.837,+0.297
DRV,25886,+3.3000,+3.1410,-3.6300,-0.0006,-3.6300,-0.0006,+0.000,+0.000,-0.00074,+0.0000,+0.0000,-0.000,0,0,-17.871,-17.762,-0.08340,+0.109,-2.085,-0.217,-17.871,-0.000,-20.173,2,-14.587,-15.159,+0.02765,-0.571,+0.691,+1.142,-14.587,-0.000,-12.754,2,+14.592,+15.525,-0.02082,+0.933,-0.521,-1.866,+14.592,-0.000,+12.206,2,+17.867,+18.577,-0.03765,+0.710,-0.941,-1.420,+17.867,-0.000,+15.506,2,+0.815,+0.367,-4.667,-0.548
DRV,25890,+3.3000,+3.1410,-3.6300,-0.0006,-3.6300,-0.0006,+0.000,+0.000,-0.00074,-0.0016,+0.0000,+0.064,0,0,-17.871,-19.086,-0.04780,-1.215,-1.195,+2.430,-17.871,+0.005,-16.630,2,-14.587,-14.981,+0.02728,-0.394,+0.682,+0.788,-14.587,+0.005,-13.113,2,+14.592,+14.844,-0.04601,+0.251,-1.150,-0.503,+14.592,+0.005,+12.944,2,+17.867,+18.585,-0.04190,+0.718,-1.047,-1.436,+17.867,+0.005,+15.389,2,-0.501,-0.137,-1.242,-0.168
DRV,25894,+3.3000,+3.1410,-3.6300,-0.0007,-3.6300,-0.0007,+0.000,+0.000,-0.00075,-0.0032,+0.0000,+0.127,0,0,-17.871,-19.313,+0.00391,-1.442,+0.098,+2.885,-17.871,+0.010,-14.878,2,-14.587,-14.939,+0.02345,-0.352,+0.586,+0.704,-14.587,+0.010,-13.286,2,+14.593,+14.670,-0.06276,+0.078,-1.569,-0.155,+14.593,+0.010,+12.879,2,+17.867,+18.348,-0.04078,+0.481,-1.019,-0.962,+17.867,+0.010,+15.895,2,-0.965,-0.269,+1.017,-0.408
DRV,25898,+3.3000,+3.1410,-3.6300,-0.0007,-3.6300,-0.0007,+0.000,+0.000,-0.00076,-0.0005,+0.0000,+0.021,0,0,-17.871,-18.970,+0.05140,-1.099,+1.285,+2.197,-17.871,+0.002,-14.387,2,-14.587,-14.848,+0.01886,-0.261,+0.472,+0.522,-14.587,+0.002,-13.591,2,+14.593,+14.518,-0.07567,-0.075,-1.892,+0.149,+14.593,+0.002,+12.852,2,+17.867,+18.239,-0.03698,+0.372,-0.924,-0.744,+17.867,+0.002,+16.200,0,-0.731,-0.330,+1.813,-0.739
DRV,25902,+3.3000,+3.1410,-3.6300,-0.0007,-3.6300,-0.0007,+0.000,+0.000,-0.00075,+0.0021,+0.0000,-0.086,0,0,-17.871,-18.313,+0.08431,-0.442,+2.108,+0.884,-17.871,-0.007,-14.886,2,-14.587,-14.886,+0.01466,-0.299,+0.366,+0.597,-14.587,-0.007,-13.630,2,+14.593,+14.569,-0.08858,-0.023,-2.214,+0.047,+14.593,-0.007,+12.418,0,+17.867,+18.142,-0.03001,+0.275,-0.750,-0.550,+17.867,-0.007,+16.559,0,-0.171,-0.317,+1.674,-1.212
DRV,25906,+3.3000,+3.1410,-3.6300,-0.0007,-3.6300,-0.0007,+0.000,+0.000,-0.00075,-0.0027,+0.0000,+0.106,0,0,-17.871,-17.888,+0.10419,-0.017,+2.605,+0.034,-17.871,+0.008,-15.223,2,-14.587,-15.048,+0.01275,-0.460,+0.319,+0.921,-14.587,+0.008,-13.339,2,+14.593,+14.329,-0.09689,-0.264,-2.422,+0.528,+14.593,+0.008,+12.706,0,+17.867,+17.064,+0.09076,-0.803,+2.269,+1.606,+17.867,+0.008,+21.750,2,-0.824,-0.719,+6.527,-0.633
DRV,25910,+3.3000,+3.1410,-3.6300,-0.0008,-3.6300,-0.0008,+0.000,+0.000,-0.00078,-0.0074,+0.0000,+0.297,0,0,-17.871,-17.564,+0.11332,+0.307,+2.833,-0.615,-17.871,+0.024,-15.629,2,-14.587,-15.118,+0.01354,-0.531,+0.338,+1.062,-14.587,+0.024,-13.162,0,+14.593,+15.389,-0.01392,+0.796,-0.348,-1.592,+14.593,+0.024,+12.677,2,+17.867,+17.641,+0.09149,-0.226,+2.287,+0.452,+17.867,+0.024,+20.630,2,+0.077,+0.272,+5.000,-0.486
DRV,25914,+0.0000,+0.0000,+0.0000,+0.0000,-3.5856,-0.0009,+11.097,+0.002,-0.00080,-0.0024,+0.0000,+0.094,0,0,-17.653,-17.347,+0.12081,+0.306,+3.020,-0.611,-17.653,+0.008,-15.236,0,-14.408,-15.234,+0.02000,-0.826,+0.500,+1.653,-14.408,+0.008,-12.248,0,+14.415,+15.299,-0.02519,+0.884,-0.630,-1.768,+14.415,+0.008,+12.025,2,+17.648,+18.961,+0.05434,+1.313,+1.359,-2.627,+17.648,+0.008,+16.387,2,+1.614,+0.064,+1.151,-0.222
DRV,25918,+0.0000,+0.0000,+0.0000,+0.0000,-3.5412,-0.0008,+11.097,+0.002,-0.00079,+0.0027,+0.0000,-0.108,0,0,-17.434,-17.213,+0.12920,+0.221,+3.230,-0.443,-17.434,-0.009,-14.656,0,-14.230,-14.196,-0.06455,+0.033,-1.614,-0.067,-14.230,-0.009,-15.919,2,+14.236,+15.050,-0.03481,+0.814,-0.870,-1.628,+14.236,-0.009,+11.730,2,+17.430,+19.207,-0.00517,+1.777,-0.129,-3.555,+17.430,-0.009,+13.737,2,+1.994,+0.854,-0.919,-4.189
DRV,25922,+0.0000,+0.0000,+0.0000,+0.0000,-3.4968,-0.0008,+11.097,+0.002,-0.00078,+0.0027,+0.0000,-0.107,0,0,-17.216,-18.302,+0.03339,-1.086,+0.835,+2.173,-17.216,-0.009,-14.217,2,-14.052,-14.827,-0.04223,-0.776,-1.056,+1.551,-14.052,-0.009,-13.564,2,+14.058,+14.705,-0.04278,+0.647,-1.069,-1.294,+14.058,-0.009,+11.686,2,+17.211,+18.586,-0.06058,+1.375,-1.515,-2.750,+17.211,-0.009,+12.938,2,+0.284,-0.123,-1.279,-1.878
DRV,25926,+0.0000,+0.0000,+0.0000,+0.0000,-3.4524,-0.0007,+11.097,+0.002,-0.00077,+0.0027,+0.0000,-0.107,0,0,-16.997,-18.218,+0.04893,-1.220,+1.223,+2.441,-16.997,-0.009,-13.341,2,-13.873,-15.013,-0.00315,-1.140,-0.079,+2.280,-13.873,-0.009,-11.681,2,+13.879,+14.462,-0.04517,+0.582,-1.129,-1.164,+13.879,-0.009,+11.577,2,+16.993,+17.673,-0.10000,+0.681,-2.500,-1.361,+16.993,-0.009,+13.123,2,-0.544,-0.552,-0.219,-0.104
DRV,25930,+0.0000,+0.0000,+0.0000,+0.0000,-3.4081,-0.0007,+11.097,+0.002,-0.00076,+0.0008,+0.0000,-0.033,0,0,-16.778,-17.922,+0.06565,-1.143,+1.641,+2.287,-16.778,-0.003,-12.853,2,-13.695,-14.683,+0.03657,-0.988,+0.914,+1.975,-13.695,-0.003,-10.808,2,+13.701,+14.250,-0.04755,+0.549,-1.189,-1.098,+13.701,-0.003,+11.411,2,+16.774,+16.963,-0.12267,+0.188,-3.067,-0.376,+16.774,-0.003,+13.329,2,-0.959,-0.433,+0.476,+0.604
DRV,25934,+0.0000,+0.0000,+0.0000,+0.0000,-3.3637,-0.0007,+11.097,+0.002,-0.00077,-0.0010,+0.0000,+0.042,0,0,-16.560,-17.355,+0.07645,-0.795,+1.911,+1.590,-16.560,+0.003,-13.056,2,-13.517,-14.193,+0.06965,-0.676,+1.741,+1.352,-13.517,+0.003,-10.420,2,+13.522,+14.086,-0.05057,+0.564,-1.264,-1.128,+13.522,+0.003,+11.134,2,+16.556,+16.459,-0.13741,-0.097,-3.435,+0.195,+16.556,+0.003,+13.319,2,-0.896,-0.106,+0.263,+0.714
DRV,25938,+0.0000,+0.0000,+0.0000,+0.0000,-3.3193,-0.0007,+11.097,+0.002,-0.00077,-0.0010,+0.0000,+0.042,0,0,-16.342,-16.835,+0.07931,-0.494,+1.983,+0.987,-16.342,+0.003,-13.368,2,-13.338,-13.636,+0.09188,-0.297,+2.297,+0.595,-13.338,+0.003,-10.443,2,+13.344,+14.114,-0.05846,+0.770,-1.462,-1.540,+13.344,+0.003,+10.346,0,+16.337,+16.263,-0.14997,-0.074,-3.749,+0.149,+16.337,+0.003,+12.740,0,-0.572,+0.478,-0.628,-0.097
DRV,25942,+0.0000,+0.0000,+0.0000,+0.0000,-3.2749,-0.0007,+11.097,+0.002,-0.00078,-0.0010,+0.0000,+0.042,0,0,-16.123,-16.516,+0.07809,-0.393,+1.952,+0.786,-16.123,+0.003,-13.381,2,-13.160,-13.309,+0.10862,-0.149,+2.716,+0.298,-13.160,+0.003,-10.143,2,+13.166,+13.744,-0.06355,+0.578,-1.589,-1.156,+13.166,+0.003,+10.424,0,+16.119,+16.979,-0.05911,+0.860,-1.478,-1.721,+16.119,+0.003,+12.924,2,+0.463,+0.435,-0.457,+0.281
DRV,25946,+0.0000,+0.0000,+0.0000,+0.0000,-3.2305,-0.0007,+11.097,+0.002,-0.00078,+0.0016,+0.0000,-0.065,0,0,-15.905,-16.221,+0.07506,-0.316,+1.877,+0.632,-15.905,-0.005,-13.401,2,-12.981,-13.069,+0.12141,-0.087,+3.035,+0.175,-12.981,-0.005,-9.777,0,+12.987,+12.849,+0.01585,-0.138,+0.396,+0.277,+12.987,-0.005,+13.655,0,+15.900,+16.782,-0.06808,+0.882,-1.702,-1.764,+15.900,-0.005,+12.429,2,+0.562,-0.220,-0.972,+3.878
DRV,25950,+0.0000,+0.0000,+0.0000,+0.0000,-3.1861,-0.0007,+11.097,+0.002,-0.00076,+0.0043,+0.0000,-0.171,0,0,-15.686,-16.211,+0.07447,-0.525,+1.862,+1.049,-15.686,-0.014,-12.788,0,-12.803,-12.742,+0.13177,+0.062,+3.294,-0.123,-12.803,-0.014,-9.646,0,+12.809,+12.887,+0.00601,+0.079,+0.150,-0.158,+12.809,-0.014,+12.787,2,+15.682,+16.392,-0.07602,+0.710,-1.900,-1.419,+15.682,-0.014,+12.349,2,+0.181,+0.146,-0.440,+3.141
DRV,25954,+0.0000,+0.0000,+0.0000,+0.0000,-3.1417,-0.0006,+11.097,+0.001,-0.00074,+0.0043,+0.0000,-0.171,0,0,-15.467,-16.018,+0.07668,-0.551,+1.917,+1.102,-15.467,-0.014,-12.462,0,-12.625,-13.313,+0.06033,-0.688,+1.508,+1.376,-12.625,-0.014,-9.755,2,+12.630,+13.042,-0.01293,+0.413,-0.323,-0.825,+12.630,-0.014,+11.468,2,+15.464,+16.052,-0.07909,+0.589,-1.977,-1.177,+15.464,-0.014,+12.296,2,+0.034,-0.270,-0.166,+1.713
DRV,25958,+0.0000,+0.0000,+0.0000,+0.0000,-3.0973,-0.0005,+11.097,+0.001,-0.00072,+0.0043,+0.0000,-0.170,0,0,-15.248,-14.946,-0.01915,+0.303,-0.479,-0.606,-15.248,-0.014,-16.347,2,-12.447,-13.000,+0.06574,-0.553,+1.644,+1.106,-12.447,-0.014,-9.711,2,+12.451,+12.987,-0.03788,+0.536,-0.947,-1.072,+12.451,-0.014,+10.419,2,+15.245,+15.686,-0.07998,+0.441,-1.999,-0.881,+15.245,-0.014,+12.351,2,+0.741,-0.013,-3.996,+0.708
DRV,25962,+0.0000,+0.0000,+0.0000,+0.0000,-3.0530,-0.0005,+11.097,+0.001,-0.00072,-0.0005,+0.0000,+0.022,0,0,-15.030,-15.525,-0.00326,-0.495,-0.082,+0.991,-15.030,+0.002,-14.119,2,-12.269,-12.716,+0.06807,-0.448,+1.702,+0.895,-12.269,+0.002,-9.670,2,+12.273,+12.552,-0.05851,+0.279,-1.463,-0.558,+12.273,+0.002,+10.254,2,+15.027,+15.410,-0.07782,+0.383,-1.946,-0.767,+15.027,+0.002,+12.316,2,-0.115,-0.165,-1.803,+0.584
DRV,25966,+0.0000,+0.0000,+0.0000,+0.0000,-3.0086,-0.0006,+11.097,+0.001,-0.00074,-0.0053,+0.0000,+0.213,0,0,-14.812,-15.646,+0.03001,-0.834,+0.750,+1.668,-14.812,+0.017,-12.376,2,-12.090,-12.324,+0.06644,-0.234,+1.661,+0.469,-12.090,+0.017,-9.943,2,+12.095,+12.317,-0.07518,+0.223,-1.879,-0.445,+12.095,+0.017,+9.787,2,+14.808,+15.227,-0.07665,+0.419,-1.916,-0.838,+14.808,+0.017,+12.071,2,-0.418,-0.007,-0.306,-0.156
DRV,25970,+0.0000,+0.0000,+0.0000,+0.0000,-2.9642,-0.0006,+11.097,+0.002,-0.00076,-0.0050,+0.0000,+0.202,0,0,-14.593,-15.304,+0.06378,-0.711,+1.594,+1.422,-14.593,+0.016,-11.561,2,-11.911,-12.129,+0.06394,-0.218,+1.598,+0.435,-11.911,+0.016,-9.862,2,+11.916,+12.031,-0.08942,+0.115,-2.236,-0.229,+11.916,+0.016,+9.468,2,+14.590,+15.149,-0.07791,+0.559,-1.948,-1.118,+14.590,+0.016,+11.540,2,-0.155,-0.098,-0.021,-0.394
DRV,25974,+0.0000,+0.0000,+0.0000,+0.0000,-2.9198,-0.0007,+11.097,+0.002,-0.00078,-0.0048,+0.0000,+0.191,0,0,-14.375,-14.774,+0.09076,-0.399,+2.269,+0.799,-14.375,+0.015,-11.292,2,-11.733,-11.974,+0.06132,-0.242,+1.533,+0.483,-11.733,+0.015,-9.701,2,+11.738,+11.865,-0.10162,+0.127,-2.541,-0.254,+11.738,+0.015,+8.959,2,+14.371,+14.940,-0.08122,+0.569,-2.030,-1.138,+14.371,+0.015,+11.218,0,+0.165,-0.109,-0.074,-0.742
DRV,25978,+0.0000,+0.0000,+0.0000,+0.0000,-2.8754,-0.0007,+11.097,+0.002,-0.00079,-0.0018,+0.0000,+0.073,0,0,-14.156,-14.193,+0.10790,-0.036,+2.697,+0.072,-14.156,+0.006,-11.381,2,-11.554,-11.897,+0.05897,-0.342,+1.474,+0.685,-11.554,+0.006,-9.389,2,+11.560,+11.495,-0.11179,-0.065,-2.795,+0.130,+11.560,+0.006,+8.901,0,+14.152,+14.746,-0.08465,+0.593,-2.116,-1.187,+14.152,+0.006,+10.855,0,+0.553,-0.401,-0.526,-0.488
DRV,25982,+0.0000,+0.0000,+0.0000,+0.0000,-2.8310,-0.0007,+11.097,+0.002,-0.00079,+0.0011,+0.0000,-0.044,0,0,-13.938,-13.906,+0.11978,+0.032,+2.995,-0.065,-13.938,-0.003,-11.012,2,-11.376,-11.786,+0.05918,-0.410,+1.480,+0.820,-11.376,-0.003,-9.079,2,+11.381,+11.125,-0.11761,-0.256,-2.940,+0.513,+11.381,-0.003,+8.950,0,+13.934,+14.497,-0.08897,+0.563,-2.224,-1.127,+13.934,-0.003,+10.580,0,+0.592,-0.661,-0.432,-0.129
DRV,25986,+0.0000,+0.0000,+0.0000,+0.0000,-2.7866,-0.0007,+11.097,+0.002,-0.00078,+0.0027,+0.0000,-0.107,0,0,-13.719,-13.659,+0.13103,+0.060,+3.276,-0.121,-13.719,-0.009,-10.573,0,-11.198,-11.623,-0.01128,-0.425,-0.282,+0.851,-11.198,-0.009,-10.637,0,+11.203,+11.901,-0.05391,+0.698,-1.348,-1.396,+11.203,-0.009,+8.451,2,+13.716,+13.613,-0.00635,-0.102,-0.159,+0.205,+13.716,-0.009,+13.753,2,-0.046,+0.278,+3.180,-2.187
DRV,25990,+0.0000,+0.0000,+0.0000,+0.0000,-2.7422,-0.0006,+11.097,+0.002,-0.00076,+0.0043,+0.0000,-0.171,0,0,-13.501,-13.349,+0.13972,+0.152,+3.493,-0.304,-13.501,-0.014,-10.326,0,-11.019,-10.882,-0.00709,+0.137,-0.177,-0.274,-11.019,-0.014,-11.484,2,+11.024,+11.693,-0.06181,+0.668,-1.545,-1.336,+11.024,-0.014,+8.129,2,+13.497,+13.746,-0.02011,+0.249,-0.503,-0.498,+13.497,-0.014,+12.482,2,+0.398,+0.810,+2.157,-3.355
DRV,25994,+0.0000,+0.0000,+0.0000,+0.0000,-2.6979,-0.0006,+11.097,+0.002,-0.00075,+0.0016,+0.0000,-0.064,0,0,-13.282,-14.041,+0.06493,-0.759,+1.623,+1.519,-13.282,-0.005,-10.145,0,-10.841,-11.159,+0.00580,-0.318,+0.145,+0.637,-10.841,-0.005,-10.065,2,+10.846,+11.360,-0.06844,+0.514,-1.711,-1.028,+10.846,-0.005,+8.102,2,+13.279,+13.669,-0.04167,+0.390,-1.042,-0.780,+13.279,-0.005,+11.452,2,-0.372,+0.200,+1.306,-1.963
DRV,25998,+0.0000,+0.0000,+0.0000,+0.0000,-2.6535,-0.0006,+11.097,+0.002,-0.00075,-0.0011,+0.0000,+0.042,0,0,-13.064,-13.677,+0.07223,-0.614,+1.806,+1.227,-13.064,+0.003,-10.027,0,-10.663,-11.231,+0.02815,-0.568,+0.704,+1.137,-10.663,+0.003,-8.819,2,+10.667,+11.051,-0.07151,+0.383,-1.788,-0.767,+10.667,+0.003,+8.116,2,+13.060,+13.529,-0.06449,+0.469,-1.612,-0.938,+13.060,+0.003,+10.513,2,-0.148,-0.180,+0.486,-0.703
DRV,26002,+0.0000,+0.0000,+0.0000,+0.0000,-2.6091,-0.0006,+11.097,+0.002,-0.00076,-0.0021,+0.0000,+0.085,0,0,-12.845,-13.310,+0.07630,-0.465,+1.908,+0.930,-12.845,+0.007,-10.001,2,-10.484,-11.050,+0.05193,-0.566,+1.298,+1.131,-10.484,+0.007,-8.048,2,+10.489,+10.745,-0.07177,+0.256,-1.794,-0.512,+10.489,+0.007,+8.189,2,+12.842,+13.227,-0.08629,+0.385,-2.157,-0.771,+12.842,+0.007,+9.921,2,-0.083,-0.305,-0.080,+0.141
DRV,26006,+0.0000,+0.0000,+0.0000,+0.0000,-2.5647,-0.0006,+11.097,+0.002,-0.00077,-0.0032,+0.0000,+0.127,0,0,-12.627,-12.944,+0.07628,-0.317,+1.907,+0.634,-12.627,+0.010,-10.075,2,-10.306,-10.645,+0.07290,-0.340,+1.823,+0.679,-10.306,+0.010,-7.794,2,+10.311,+10.355,-0.06722,+0.044,-1.680,-0.088,+10.311,+0.010,+8.553,2,+12.623,+12.824,-0.10437,+0.200,-2.609,-0.401,+12.623,+0.010,+9.623,2,-0.120,-0.291,-0.452,+0.759
DRV,26010,+0.0000,+0.0000,+0.0000,+0.0000,-2.5203,-0.0006,+11.097,+0.002,-0.00078,-0.0018,+0.0000,+0.074,0,0,-12.408,-12.688,+0.07369,-0.280,+1.842,+0.560,-12.408,+0.006,-10.000,2,-10.127,-10.273,+0.08801,-0.146,+2.200,+0.292,-10.127,+0.006,-7.629,2,+10.132,+10.236,-0.06187,+0.104,-1.547,-0.208,+10.132,+0.006,+8.384,2,+12.405,+12.452,-0.11798,+0.048,-2.950,-0.095,+12.405,+0.006,+9.366,0,-0.236,-0.037,-0.634,+0.755
DRV,26014,+0.0000,+0.0000,+0.0000,+0.0000,-2.4759,-0.0006,+11.097,+0.002,-0.00079,-0.0005,+0.0000,+0.020,0,0,-12.190,-12.469,+0.07122,-0.280,+1.781,+0.559,-12.190,+0.002,-9.848,2,-9.949,-9.919,+0.09801,+0.030,+2.450,-0.059,-9.949,+0.002,-7.556,2,+9.954,+10.099,-0.05794,+0.145,-1.448,-0.290,+9.954,+0.002,+8.217,0,+12.186,+12.093,-0.12711,-0.094,-3.178,+0.187,+12.186,+0.002,+9.197,0,-0.377,+0.180,-0.651,+0.661
DRV,26018,+0.0000,+0.0000,+0.0000,+0.0000,-2.4315,-0.0006,+11.097,+0.002,-0.00078,+0.0008,+0.0000,-0.033,0,0,-11.971,-12.181,+0.06773,-0.210,+1.693,+0.419,-11.971,-0.003,-9.861,2,-9.770,-9.689,+0.10482,+0.081,+2.621,-0.162,-9.770,-0.003,-7.315,2,+9.775,+10.020,-0.05657,+0.244,-1.414,-0.489,+9.775,-0.003,+7.870,0,+11.968,+12.722,-0.06081,+0.754,-1.520,-1.508,+11.968,-0.003,+8.937,2,+0.541,+0.330,-0.924,+0.555
DRV,26022,+0.0000,+0.0000,+0.0000,+0.0000,-2.3871,-0.0006,+11.097,+0.002,-0.00078,+0.0022,+0.0000,-0.086,0,0,-11.753,-12.061,+0.06628,-0.309,+1.657,+0.617,-11.753,-0.007,-9.485,2,-9.592,-9.366,+0.10960,+0.226,+2.740,-0.452,-9.592,-0.007,-7.311,0,+9.597,+9.316,+0.00627,-0.281,+0.157,+0.562,+9.597,-0.007,+10.309,2,+11.749,+12.483,-0.07057,+0.733,-1.764,-1.467,+11.749,-0.007,+8.511,2,+0.422,-0.050,-0.974,+2.997
DRV,26026,+0.0000,+0.0000,+0.0000,+0.0000,-2.3428,-0.0006,+11.097,+0.002,-0.00077,+0.0021,+0.0000,-0.086,0,0,-11.534,-11.951,+0.06763,-0.417,+1.691,+0.834,-11.534,-0.007,-9.016,0,-9.414,-9.234,+0.11272,+0.179,+2.818,-0.359,-9.414,-0.007,-6.962,0,+9.418,+9.653,-0.00364,+0.234,-0.091,-0.468,+9.418,-0.007,+8.852,2,+11.531,+12.048,-0.07584,+0.517,-1.896,-1.034,+11.531,-0.007,+8.594,2,+0.097,+0.418,-0.422,+1.891
DRV,26030,+0.0000,+0.0000,+0.0000,+0.0000,-2.2984,-0.0005,+11.097,+0.002,-0.00076,+0.0021,+0.0000,-0.086,0,0,-11.315,-11.812,+0.07027,-0.497,+1.757,+0.994,-11.315,-0.007,-8.572,0,-9.236,-9.719,+0.05935,-0.483,+1.484,+0.967,-9.236,-0.007,-6.792,0,+9.240,+9.807,-0.02417,+0.567,-0.604,-1.134,+9.240,-0.007,+7.494,2,+11.312,+11.723,-0.07817,+0.411,-1.954,-0.821,+11.312,-0.007,+8.530,2,-0.089,+0.088,-0.042,+0.702
DRV,26034,+0.0000,+0.0000,+0.0000,+0.0000,-2.2540,-0.0005,+11.097,+0.002,-0.00075,+0.0005,+0.0000,-0.022,0,0,-11.097,-10.898,+0.00131,+0.199,+0.033,-0.397,-11.097,-0.002,-11.463,2,-9.057,-9.503,+0.06376,-0.446,+1.594,+0.892,-9.057,-0.002,-6.573,2,+9.061,+9.582,-0.04574,+0.521,-1.143,-1.041,+9.061,-0.002,+6.875,2,+11.094,+11.406,-0.07870,+0.312,-1.967,-0.624,+11.094,-0.002,+8.501,2,+0.508,+0.079,-2.963,+0.302
DRV,26038,+0.0000,+0.0000,+0.0000,+0.0000,-2.2096,-0.0005,+11.097,+0.002,-0.00076,-0.0011,+0.0000,+0.042,0,0,-10.878,-11.040,+0.01109,-0.162,+0.277,+0.324,-10.878,+0.003,-10.274,2,-8.879,-9.275,+0.06729,-0.396,+1.682,+0.792,-8.879,+0.003,-6.401,2,+8.883,+9.460,-0.06987,+0.577,-1.747,-1.154,+8.883,+0.003,+5.986,2,+10.875,+11.134,-0.07734,+0.258,-1.933,-0.517,+10.875,+0.003,+8.429,2,+0.093,+0.185,-1.845,-0.415
DRV,26042,+0.0000,+0.0000,+0.0000,+0.0000,-2.1652,-0.0005,+11.097,+0.002,-0.00077,-0.0026,+0.0000,+0.106,0,0,-10.660,-11.096,+0.02981,-0.436,+0.745,+0.872,-10.660,+0.008,-9.034,2,-8.700,-9.082,+0.07032,-0.381,+1.758,+0.763,-8.700,+0.008,-6.171,2,+8.705,+8.926,-0.08660,+0.222,-2.165,-0.443,+8.705,+0.008,+6.105,2,+10.657,+10.929,-0.07620,+0.272,-1.905,-0.544,+10.657,+0.008,+8.217,2,-0.167,-0.155,-0.817,-0.066
DRV,26046,+0.0000,+0.0000,+0.0000,+0.0000,-2.1208,-0.0006,+11.097,+0.002,-0.00078,-0.0042,+0.0000,+0.169,0,0,-10.441,-10.916,+0.05211,-0.474,+1.303,+0.949,-10.441,+0.014,-8.177,2,-8.522,-8.827,+0.07285,-0.305,+1.821,+0.611,-8.522,+0.014,-6.076,2,+8.526,+8.473,-0.09553,-0.053,-2.388,+0.107,+8.526,+0.014,+6.259,2,+10.438,+10.711,-0.07556,+0.272,-1.889,-0.545,+10.438,+0.014,+8.018,0,-0.205,-0.354,-0.159,+0.182
DRV,26050,+0.0000,+0.0000,+0.0000,+0.0000,-2.0764,-0.0006,+11.097,+0.002,-0.00079,-0.0010,+0.0000,+0.041,0,0,-10.223,-10.560,+0.07184,-0.337,+1.796,+0.674,-10.223,+0.003,-7.750,2,-8.343,-8.624,+0.07411,-0.280,+1.853,+0.560,-8.343,+0.003,-5.927,2,+8.348,+8.235,-0.10128,-0.113,-2.532,+0.225,+8.348,+0.003,+6.044,2,+10.220,+10.616,-0.07659,+0.396,-1.915,-0.792,+10.220,+0.003,+7.516,0,+0.056,-0.388,-0.233,+0.118
DRV,26054,+0.0000,+0.0000,+0.0000,+0.0000,-2.0320,-0.0006,+11.097,+0.002,-0.00078,+0.0022,+0.0000,-0.086,0,0,-10.004,-10.115,+0.08595,-0.111,+2.149,+0.221,-10.004,-0.007,-7.641,2,-8.165,-8.395,+0.07363,-0.230,+1.841,+0.459,-8.165,-0.007,-5.872,2,+8.170,+7.987,-0.10500,-0.182,-2.625,+0.364,+8.170,-0.007,+5.902,0,+10.001,+9.805,-0.01407,-0.197,-0.352,+0.393,+10.001,-0.007,+10.036,0,-0.310,-0.407,+2.395,+0.030
DRV,26058,+0.0000,+0.0000,+0.0000,+0.0000,-1.9877,-0.0005,+11.097,+0.002,-0.00078,+0.0022,+0.0000,-0.086,0,0,-9.786,-9.767,+0.09557,+0.019,+2.389,-0.039,-9.786,-0.007,-7.442,2,-7.987,-8.153,+0.07196,-0.167,+1.799,+0.333,-7.987,-0.007,-5.861,0,+7.991,+8.287,-0.05682,+0.296,-1.421,-0.593,+7.991,-0.007,+5.971,0,+9.783,+9.636,-0.01764,-0.146,-0.441,+0.293,+9.783,-0.007,+9.628,2,-0.130,+0.134,+2.186,+0.109
DRV,26062,+0.0000,+0.0000,+0.0000,+0.0000,-1.9433,-0.0005,+11.097,+0.002,-0.00077,+0.0021,+0.0000,-0.086,0,0,-9.567,-9.441,+0.10264,+0.126,+2.566,-0.252,-9.567,-0.007,-7.260,0,-7.808,-7.958,+0.06980,-0.150,+1.745,+0.300,-7.808,-0.007,-5.771,0,+7.813,+8.003,-0.05609,+0.191,-1.402,-0.381,+7.813,-0.007,+6.022,2,+9.564,+9.770,-0.02746,+0.205,-0.687,-0.411,+9.564,-0.007,+8.460,2,+0.329,+0.045,+1.200,+0.251
DRV,26066,+0.0000,+0.0000,+0.0000,+0.0000,-1.8989,-0.0005,+11.097,+0.002,-0.00076,+0.0000,+0.0000,-0.001,0,0,-9.349,-9.216,+0.10753,+0.133,+2.688,-0.266,-9.349,-0.000,-6.926,0,-7.630,-7.314,+0.01842,+0.316,+0.461,-0.633,-7.630,-0.000,-7.802,2,+7.634,+7.862,-0.05524,+0.228,-1.381,-0.455,+7.634,-0.000,+5.798,2,+9.346,+9.712,-0.04392,+0.366,-1.098,-0.733,+9.346,-0.000,+7.515,2,+0.496,+0.548,+0.589,-2.004
DRV,26070,+0.0000,+0.0000,+0.0000,+0.0000,-1.8545,-0.0005,+11.097,+0.002,-0.00076,+0.0000,+0.0000,-0.001,0,0,-9.130,-9.599,+0.05540,-0.469,+1.385,+0.937,-9.130,-0.000,-6.808,2,-7.452,-7.378,+0.01985,+0.074,+0.496,-0.147,-7.452,-0.000,-7.103,2,+7.456,+7.686,-0.05542,+0.231,-1.385,-0.461,+7.456,-0.000,+5.609,2,+9.127,+9.526,-0.06281,+0.399,-1.570,-0.798,+9.127,-0.000,+6.760,2,-0.072,+0.308,-0.049,-1.494
DRV,26074,+0.0000,+0.0000,+0.0000,+0.0000,-1.8101,-0.0005,+11.097,+0.002,-0.00077,-0.0016,+0.0000,+0.063,0,0,-8.912,-9.374,+0.06054,-0.462,+1.513,+0.925,-8.912,+0.005,-6.468,2,-7.273,-7.378,+0.02768,-0.105,+0.692,+0.210,-7.273,+0.005,-6.367,2,+7.277,+7.524,-0.05510,+0.246,-1.377,-0.493,+7.277,+0.005,+5.412,2,+8.909,+9.173,-0.07914,+0.264,-1.978,-0.528,+8.909,+0.005,+6.408,2,-0.201,+0.145,-0.061,-0.955
DRV,26078,+0.0000,+0.0000,+0.0000,+0.0000,-1.7657,-0.0005,+11.097,+0.002,-0.00078,-0.0016,+0.0000,+0.063,0,0,-8.693,-9.149,+0.06541,-0.455,+1.635,+0.911,-8.693,+0.005,-6.142,2,-7.095,-7.280,+0.03808,-0.185,+0.952,+0.371,-7.095,+0.005,-5.767,2,+7.099,+7.319,-0.05581,+0.220,-1.395,-0.440,+7.099,+0.005,+5.268,2,+8.690,+8.801,-0.09175,+0.111,-2.294,-0.221,+8.690,+0.005,+6.181,2,-0.348,+0.039,+0.039,-0.499
DRV,26082,+0.0000,+0.0000,+0.0000,+0.0000,-1.7213,-0.0005,+11.097,+0.002,-0.00078,-0.0021,+0.0000,+0.084,0,0,-8.475,-8.898,+0.06964,-0.424,+1.741,+0.847,-8.475,+0.007,-5.880,2,-6.916,-7.141,+0.04989,-0.224,+1.247,+0.448,-6.916,+0.007,-5.214,2,+6.920,+7.247,-0.05755,+0.327,-1.439,-0.654,+6.920,+0.007,+4.834,2,+8.472,+8.411,-0.10027,-0.061,-2.507,+0.122,+8.472,+0.007,+6.094,2,-0.487,+0.107,+0.214,-0.380
DRV,26086,+0.0000,+0.0000,+0.0000,+0.0000,-1.6769,-0.0005,+11.097,+0.002,-0.00079,-0.0021,+0.0000,+0.084,0,0,-8.256,-8.578,+0.07284,-0.322,+1.821,+0.644,-8.256,+0.007,-5.784,2,-6.738,-6.900,+0.06120,-0.162,+1.530,+0.325,-6.738,+0.007,-4.877,2,+6.742,+7.041,-0.06033,+0.299,-1.508,-0.599,+6.742,+0.007,+4.642,2,+8.253,+8.045,-0.10392,-0.209,-2.598,+0.417,+8.253,+0.007,+6.079,0,-0.534,+0.141,+0.295,-0.235
DRV,26090,+0.0000,+0.0000,+0.0000,+0.0000,-1.6325,-0.0005,+11.097,+0.002,-0.00079,+0.0027,+0.0000,-0.108,0,0,-8.038,-8.317,+0.07425,-0.280,+1.856,+0.560,-8.038,-0.009,-5.630,2,-6.560,-6.720,+0.07240,-0.160,+1.810,+0.321,-6.560,-0.009,-4.438,2,+6.564,+6.785,-0.06184,+0.222,-1.546,-0.444,+6.564,-0.009,+4.565,0,+8.035,+7.803,-0.10540,-0.232,-2.635,+0.464,+8.035,-0.009,+5.855,0,-0.515,+0.065,+0.225,+0.128
DRV,26094,+0.0000,+0.0000,+0.0000,+0.0000,-1.5882,-0.0005,+11.097,+0.002,-0.00078,+0.0027,+0.0000,-0.107,0,0,-7.819,-8.037,+0.07492,-0.218,+1.873,+0.436,-7.819,-0.009,-5.519,2,-6.381,-6.458,+0.08117,-0.077,+2.029,+0.154,-6.381,-0.009,-4.207,2,+6.385,+6.642,-0.02181,+0.257,-0.545,-0.514,+6.385,-0.009,+5.318,0,+7.817,+8.207,-0.05944,+0.390,-1.486,-0.781,+7.817,-0.009,+5.541,2,+0.170,+0.184,+0.022,+1.111
DRV,26098,+0.0000,+0.0000,+0.0000,+0.0000,-1.5438,-0.0004,+11.097,+0.002,-0.00077,+0.0021,+0.0000,-0.086,0,0,-7.601,-7.843,+0.07504,-0.243,+1.876,+0.486,-7.601,-0.007,-5.246,2,-6.203,-6.163,+0.08714,+0.040,+2.178,-0.080,-6.203,-0.007,-4.112,0,+6.207,+6.147,-0.02501,-0.060,-0.625,+0.119,+6.207,-0.007,+5.694,2,+7.598,+7.950,-0.06269,+0.352,-1.567,-0.703,+7.598,-0.007,+5.320,2,+0.106,-0.016,+0.075,+1.582
DRV,26102,+0.0000,+0.0000,+0.0000,+0.0000,-1.4994,-0.0004,+11.097,+0.002,-0.00076,+0.0021,+0.0000,-0.086,0,0,-7.382,-7.523,+0.07413,-0.141,+1.853,+0.281,-7.382,-0.007,-5.254,0,-6.025,-6.374,+0.05387,-0.349,+1.347,+0.698,-6.025,-0.007,-3.987,2,+6.028,+6.233,-0.03269,+0.205,-0.817,-0.410,+6.028,-0.007,+4.794,2,+7.380,+7.703,-0.06607,+0.323,-1.652,-0.646,+7.380,-0.007,+5.075,2,+0.180,-0.141,-0.179,+0.807
DRV,26106,+0.0000,+0.0000,+0.0000,+0.0000,-1.4550,-0.0004,+11.097,+0.002,-0.00076,-0.0011,+0.0000,+0.042,0,0,-7.163,-6.914,+0.02657,+0.250,+0.664,-0.500,-7.163,+0.003,-6.996,2,-5.846,-6.114,+0.05691,-0.268,+1.423,+0.535,-5.846,+0.003,-3.885,2,+5.850,+6.135,-0.04447,+0.285,-1.112,-0.571,+5.850,+0.003,+4.171,2,+7.161,+7.483,-0.06841,+0.322,-1.710,-0.645,+7.161,+0.003,+4.810,2,+0.570,+0.021,-2.186,+0.285
DRV,26110,+0.0000,+0.0000,+0.0000,+0.0000,-1.4106,-0.0004,+11.097,+0.002,-0.00076,-0.0011,+0.0000,+0.042,0,0,-6.945,-6.855,+0.02898,+0.089,+0.724,-0.179,-6.945,+0.003,-6.396,2,-5.668,-5.968,+0.06060,-0.300,+1.515,+0.599,-5.668,+0.003,-3.550,2,+5.671,+5.983,-0.05805,+0.312,-1.451,-0.623,+5.671,+0.003,+3.600,2,+6.943,+7.223,-0.07088,+0.280,-1.772,-0.560,+6.943,+0.003,+4.614,2,+0.367,+0.015,-1.782,+0.050
DRV,26114,+0.0000,+0.0000,+0.0000,+0.0000,-1.3662,-0.0004,+11.097,+0.002,-0.00077,-0.0010,+0.0000,+0.042,0,0,-6.726,-6.813,+0.03573,-0.086,+0.893,+0.172,-6.726,+0.003,-5.658,2,-5.490,-5.725,+0.06225,-0.236,+1.556,+0.472,-5.490,+0.003,-3.458,2,+5.493,+5.708,-0.07074,+0.215,-1.769,-0.430,+5.493,+0.003,+3.298,2,+6.724,+6.953,-0.07270,+0.229,-1.818,-0.458,+6.724,+0.003,+4.452,2,+0.141,-0.018,-1.206,-0.161
DRV,26118,+0.0000,+0.0000,+0.0000,+0.0000,-1.3218,-0.0004,+11.097,+0.002,-0.00077,-0.0010,+0.0000,+0.042,0,0,-6.508,-6.690,+0.04605,-0.182,+1.151,+0.363,-6.508,+0.003,-4.990,2,-5.311,-5.538,+0.06456,-0.227,+1.614,+0.454,-5.311,+0.003,-3.240,2,+5.314,+5.323,-0.07795,+0.009,-1.949,-0.018,+5.314,+0.003,+3.351,2,+6.506,+6.735,-0.07349,+0.229,-1.837,-0.458,+6.506,+0.003,+4.213,2,+0.045,-0.215,-0.777,+0.110
DRV,26122,+0.0000,+0.0000,+0.0000,+0.0000,-1.2774,-0.0004,+11.097,+0.002,-0.00077,+0.0000,+0.0000,-0.001,0,0,-6.289,-6.519,+0.05688,-0.229,+1.422,+0.459,-6.289,-0.000,-4.409,2,-5.133,-5.274,+0.06521,-0.141,+1.630,+0.283,-5.133,-0.000,-3.220,2,+5.136,+5.079,-0.08198,-0.057,-2.049,+0.113,+5.136,-0.000,+3.200,2,+6.287,+6.424,-0.07288,+0.137,-1.822,-0.274,+6.287,-0.000,+4.191,0,-0.094,-0.195,-0.218,-0.020
DRV,26126,+0.0000,+0.0000,+0.0000,+0.0000,-1.2331,-0.0004,+11.097,+0.002,-0.00077,+0.0000,+0.0000,-0.001,0,0,-6.071,-6.210,+0.06745,-0.139,+1.686,+0.278,-6.071,-0.000,-4.107,2,-4.954,-5.115,+0.06612,-0.161,+1.653,+0.321,-4.954,-0.000,-2.980,2,+4.957,+4.857,-0.08473,-0.100,-2.118,+0.201,+4.957,-0.000,+3.040,0,+6.069,+6.280,-0.07315,+0.211,-1.829,-0.422,+6.069,-0.000,+3.818,0,+0.070,-0.258,-0.289,+0.060
DRV,26130,+0.0000,+0.0000,+0.0000,+0.0000,-1.1887,-0.0004,+11.097,+0.002,-0.00077,+0.0006,+0.0000,-0.022,0,0,-5.852,-5.940,+0.07585,-0.088,+1.896,+0.175,-5.852,-0.002,-3.783,2,-4.776,-4.900,+0.06539,-0.123,+1.635,+0.247,-4.776,-0.002,-2.896,0,+4.779,+4.667,-0.08699,-0.112,-2.175,+0.224,+4.779,-0.002,+2.826,0,+5.850,+5.718,-0.03596,-0.132,-0.899,+0.264,+5.850,-0.002,+5.214,2,-0.222,-0.232,+1.431,-0.070
DRV,26134,+0.0000,+0.0000,+0.0000,+0.0000,-1.1443,-0.0004,+11.097,+0.002,-0.00077,+0.0005,+0.0000,-0.022,0,0,-5.634,-5.598,+0.08168,+0.036,+2.042,-0.072,-5.634,-0.002,-3.666,2,-4.598,-4.731,+0.06568,-0.133,+1.642,+0.266,-4.598,-0.002,-2.692,0,+4.601,+4.766,-0.05960,+0.165,-1.490,-0.331,+4.601,-0.002,+2.778,2,+5.632,+5.638,-0.04069,+0.006,-1.017,-0.013,+5.632,-0.002,+4.600,2,+0.041,+0.035,+0.934,+0.086
DRV,26138,+0.0000,+0.0000,+0.0000,+0.0000,-1.0999,-0.0003,+11.097,+0.002,-0.00077,+0.0005,+0.0000,-0.022,0,0,-5.415,-5.289,+0.08495,+0.126,+2.124,-0.252,-5.415,-0.002,-3.546,0,-4.419,-4.270,+0.03709,+0.150,+0.927,-0.300,-4.419,-0.002,-3.793,0,+4.422,+4.530,-0.05894,+0.108,-1.473,-0.216,+4.422,-0.002,+2.731,2,+5.413,+5.569,-0.04861,+0.156,-1.215,-0.312,+5.413,-0.002,+3.884,2,+0.280,+0.260,+0.338,-1.062
DRV,26142,+0.0000,+0.0000,+0.0000,+0.0000,-1.0555,-0.0003,+11.097,+0.002,-0.00076,+0.0005,+0.0000,-0.022,0,0,-5.197,-5.512,+0.05575,-0.315,+1.394,+0.630,-5.197,-0.002,-3.175,0,-4.241,-4.147,+0.03715,+0.094,+0.929,-0.188,-4.241,-0.002,-3.502,2,+4.244,+4.361,-0.05931,+0.117,-1.483,-0.234,+4.244,-0.002,+2.525,2,+5.195,+5.383,-0.05857,+0.188,-1.464,-0.376,+5.195,-0.002,+3.352,2,-0.129,+0.214,+0.178,-0.977
DRV,26146,+0.0000,+0.0000,+0.0000,+0.0000,-1.0111,-0.0003,+11.097,+0.002,-0.00076,-0.0005,+0.0000,+0.021,0,0,-4.978,-5.294,+0.06042,-0.316,+1.510,+0.632,-4.978,+0.002,-2.834,2,-4.063,-4.028,+0.03977,+0.035,+0.994,-0.070,-4.063,+0.002,-3.136,2,+4.065,+4.149,-0.05793,+0.084,-1.448,-0.167,+4.065,+0.002,+2.451,2,+4.976,+5.200,-0.06904,+0.224,-1.726,-0.448,+4.976,+0.002,+2.804,2,-0.094,+0.121,-0.030,-0.685
DRV,26150,+0.0000,+0.0000,+0.0000,+0.0000,-0.9667,-0.0003,+11.097,+0.002,-0.00077,-0.0005,+0.0000,+0.021,0,0,-4.760,-4.909,+0.06176,-0.149,+1.544,+0.299,-4.760,+0.002,-2.915,2,-3.884,-3.906,+0.04342,-0.022,+1.085,+0.044,-3.884,+0.002,-2.753,2,+3.887,+3.962,-0.05769,+0.075,-1.442,-0.150,+3.887,+0.002,+2.297,2,+4.758,+4.789,-0.07695,+0.031,-1.924,-0.063,+4.758,+0.002,+2.773,2,-0.120,+0.055,-0.142,-0.456
DRV,26154,+0.0000,+0.0000,+0.0000,+0.0000,-0.9223,-0.0003,+11.097,+0.002,-0.00077,+0.0000,+0.0000,-0.001,0,0,-4.541,-4.750,+0.06360,-0.209,+1.590,+0.418,-4.541,-0.000,-2.533,2,-3.706,-3.784,+0.04925,-0.078,+1.231,+0.156,-3.706,-0.000,-2.319,2,+3.708,+3.832,-0.05809,+0.124,-1.452,-0.248,+3.708,-0.000,+2.008,2,+4.539,+4.518,-0.08114,-0.022,-2.028,+0.044,+4.539,-0.000,+2.555,2,-0.233,+0.049,+0.022,-0.311
DRV,26158,+0.0000,+0.0000,+0.0000,+0.0000,-0.8779,-0.0003,+11.097,+0.002,-0.00077,+0.0000,+0.0000,-0.001,0,0,-4.323,-4.481,+0.06442,-0.158,+1.611,+0.316,-4.323,-0.000,-2.396,2,-3.528,-3.610,+0.05573,-0.083,+1.393,+0.165,-3.528,-0.000,-1.969,2,+3.530,+3.606,-0.05761,+0.076,-1.440,-0.152,+3.530,-0.000,+1.938,0,+4.321,+4.242,-0.08430,-0.079,-2.108,+0.158,+4.321,-0.000,+2.371,0,-0.239,-0.004,-0.024,-0.031
DRV,26162,+0.0000,+0.0000,+0.0000,+0.0000,-0.8336,-0.0003,+11.097,+0.003,-0.00077,-0.0010,+0.0000,+0.042,0,0,-4.104,-4.238,+0.06498,-0.134,+1.625,+0.268,-4.104,+0.003,-2.208,2,-3.349,-3.463,+0.06133,-0.114,+1.533,+0.227,-3.349,+0.003,-1.585,2,+3.351,+3.490,-0.05931,+0.139,-1.483,-0.277,+3.351,+0.003,+1.595,0,+4.102,+3.964,-0.08529,-0.139,-2.132,+0.277,+4.102,+0.003,+2.251,0,-0.274,+0.027,+0.043,+0.010
DRV,26166,+0.0000,+0.0000,+0.0000,+0.0000,-0.7892,-0.0003,+11.097,+0.003,-0.00077,-0.0010,+0.0000,+0.042,0,0,-3.886,-3.990,+0.06605,-0.104,+1.651,+0.208,-3.886,+0.003,-2.023,2,-3.171,-3.217,+0.06681,-0.046,+1.670,+0.093,-3.171,+0.003,-1.404,2,+3.173,+3.163,-0.05859,-0.010,-1.465,+0.019,+3.173,+0.003,+1.731,0,+3.884,+4.115,-0.06338,+0.231,-1.585,-0.462,+3.884,+0.003,+1.840,2,+0.125,-0.054,-0.182,+0.327
DRV,26170,+0.0000,+0.0000,+0.0000,+0.0000,-0.7448,-0.0003,+11.097,+0.003,-0.00077,+0.0011,+0.0000,-0.043,0,0,-3.667,-3.698,+0.06494,-0.031,+1.623,+0.063,-3.667,-0.003,-1.984,2,-2.992,-2.883,+0.06871,+0.109,+1.718,-0.218,-2.992,-0.003,-1.496,0,+2.995,+2.878,-0.03820,-0.116,-0.955,+0.233,+2.995,-0.003,+2.269,2,+3.665,+3.765,-0.06576,+0.099,-1.644,-0.198,+3.665,-0.003,+1.820,2,+0.066,-0.005,-0.165,+0.773
DRV,26174,+0.0000,+0.0000,+0.0000,+0.0000,-0.7004,-0.0003,+11.097,+0.003,-0.00077,+0.0011,+0.0000,-0.043,0,0,-3.448,-3.551,+0.06587,-0.103,+1.647,+0.206,-3.448,-0.003,-1.599,0,-2.814,-2.716,+0.06973,+0.098,+1.743,-0.196,-2.814,-0.003,-1.270,0,+2.816,+2.841,-0.04032,+0.025,-1.008,-0.051,+2.816,-0.003,+1.754,2,+3.447,+3.521,-0.06558,+0.074,-1.639,-0.148,+3.447,-0.003,+1.656,2,-0.031,+0.125,+0.057,+0.484
DRV,26178,+0.0000,+0.0000,+0.0000,+0.0000,-0.6560,-0.0002,+11.097,+0.003,-0.00077,+0.0000,+0.0000,-0.001,0,0,-3.230,-3.222,+0.06500,+0.008,+1.625,-0.017,-3.230,-0.000,-1.622,0,-2.636,-2.835,+0.05491,-0.200,+1.373,+0.399,-2.636,-0.000,-0.864,2,+2.638,+2.752,-0.04462,+0.114,-1.115,-0.228,+2.638,-0.000,+1.294,2,+3.229,+3.312,-0.06580,+0.084,-1.645,-0.167,+3.229,-0.000,+1.416,2,+0.091,-0.083,-0.206,+0.430
DRV,26182,+0.0000,+0.0000,+0.0000,+0.0000,-0.6116,-0.0002,+11.097,+0.003,-0.00077,+0.0000,+0.0000,-0.001,0,0,-3.011,-2.929,+0.04508,+0.083,+1.127,-0.165,-3.011,-0.000,-2.050,2,-2.457,-2.620,+0.05761,-0.163,+1.440,+0.326,-2.457,-0.000,-0.691,2,+2.459,+2.534,-0.04995,+0.075,-1.249,-0.150,+2.459,-0.000,+1.060,2,+3.010,+3.067,-0.06663,+0.057,-1.666,-0.114,+3.010,-0.000,+1.230,2,+0.138,-0.086,-0.819,+0.369
DRV,26186,+0.0000,+0.0000,+0.0000,+0.0000,-0.5672,-0.0002,+11.097,+0.003,-0.00077,-0.0010,+0.0000,+0.042,0,0,-2.793,-2.872,+0.04830,-0.080,+1.208,+0.159,-2.793,+0.003,-1.423,2,-2.279,-2.260,+0.05789,+0.019,+1.447,-0.038,-2.279,+0.003,-0.867,2,+2.281,+2.327,-0.05402,+0.046,-1.351,-0.092,+2.281,+0.003,+0.841,2,+2.792,+2.813,-0.06604,+0.021,-1.651,-0.042,+2.792,+0.003,+1.101,2,-0.060,+0.067,-0.321,-0.026
DRV,26190,+0.0000,+0.0000,+0.0000,+0.0000,-0.5228,-0.0002,+11.097,+0.003,-0.00077,-0.0010,+0.0000,+0.042,0,0,-2.574,-2.708,+0.05394,-0.134,+1.349,+0.267,-2.574,+0.003,-0.955,2,-2.101,-2.078,+0.05613,+0.023,+1.403,-0.045,-2.101,+0.003,-0.739,2,+2.102,+2.235,-0.05951,+0.133,-1.488,-0.266,+2.102,+0.003,+0.352,2,+2.573,+2.725,-0.06673,+0.152,-1.668,-0.303,+2.573,+0.003,+0.605,2,+0.017,+0.157,-0.350,-0.387
DRV,26194,+0.0000,+0.0000,+0.0000,+0.0000,-0.4785,-0.0002,+11.097,+0.003,-0.00078,-0.0005,+0.0000,+0.020,0,0,-2.356,-2.369,+0.05894,-0.013,+1.473,+0.026,-2.356,+0.002,-0.854,2,-1.922,-1.976,+0.05463,-0.054,+1.366,+0.109,-1.922,+0.002,-0.446,2,+1.924,+1.923,-0.06257,-0.001,-1.564,+0.003,+1.924,+0.002,+0.364,2,+2.355,+2.426,-0.06754,+0.071,-1.688,-0.142,+2.355,+0.002,+0.526,0,+0.057,-0.054,-0.329,-0.083
DRV,26198,+0.0000,+0.0000,+0.0000,+0.0000,-0.4341,-0.0002,+11.097,+0.003,-0.00078,-0.0005,+0.0000,+0.020,0,0,-2.137,-2.129,+0.06176,+0.008,+1.544,-0.016,-2.137,+0.002,-0.608,2,-1.744,-1.843,+0.05686,-0.100,+1.421,+0.199,-1.744,+0.002,-0.122,2,+1.745,+1.672,-0.06361,-0.074,-1.590,+0.147,+1.745,+0.002,+0.304,0,+2.136,+1.994,-0.06540,-0.142,-1.635,+0.284,+2.136,+0.002,+0.787,0,-0.135,-0.172,+0.179,+0.182
DRV,26202,+0.0000,+0.0000,+0.0000,+0.0000,-0.3897,-0.0002,+11.097,+0.003,-0.00078,+0.0000,+0.0000,-0.001,0,0,-1.919,-2.057,+0.06547,-0.138,+1.637,+0.277,-1.919,-0.000,-0.005,2,-1.566,-1.530,+0.05589,+0.036,+1.397,-0.072,-1.566,-0.000,-0.240,2,+1.567,+1.492,-0.06299,-0.075,-1.575,+0.150,+1.567,-0.000,+0.142,0,+1.918,+1.865,-0.06185,-0.052,-1.546,+0.105,+1.918,-0.000,+0.476,0,-0.192,-0.038,+0.471,-0.098
DRV,26206,+0.0000,+0.0000,+0.0000,+0.0000,-0.3453,-0.0002,+11.097,+0.003,-0.00078,+0.0000,+0.0000,-0.001,0,0,-1.700,-1.692,+0.06969,+0.008,+1.742,-0.017,-1.700,-0.000,+0.025,2,-1.387,-1.393,+0.05519,-0.006,+1.380,+0.012,-1.387,-0.000,+0.005,0,+1.388,+1.329,-0.06378,-0.060,-1.595,+0.119,+1.388,-0.000,-0.087,0,+1.699,+1.663,-0.05075,-0.036,-1.269,+0.072,+1.699,-0.000,+0.503,2,-0.029,-0.064,+0.528,-0.082
DRV,26210,+0.0000,+0.0000,+0.0000,+0.0000,-0.3009,-0.0001,+11.097,+0.004,-0.00077,+0.0016,+0.0000,-0.065,0,0,-1.482,-1.407,+0.07019,+0.075,+1.755,-0.150,-1.482,-0.005,+0.118,0,-1.209,-1.112,+0.05360,+0.097,+1.340,-0.195,-1.209,-0.005,-0.069,0,+1.210,+1.230,-0.05565,+0.020,-1.391,-0.039,+1.210,-0.005,-0.226,2,+1.481,+1.655,-0.05473,+0.174,-1.368,-0.348,+1.481,-0.005,-0.240,2,+0.248,+0.118,-0.122,-0.294
DRV,26214,+0.0000,+0.0000,+0.0000,+0.0000,-0.2565,-0.0001,+11.097,+0.004,-0.00077,+0.0016,+0.0000,-0.065,0,0,-1.263,-1.206,+0.06123,+0.057,+1.531,-0.114,-1.263,-0.005,+0.148,0,-1.030,-0.962,+0.04537,+0.069,+1.134,-0.137,-1.030,-0.005,-0.039,2,+1.032,+1.173,-0.05774,+0.141,-1.444,-0.283,+1.032,-0.005,-0.700,2,+1.262,+1.375,-0.06113,+0.112,-1.528,-0.225,+1.262,-0.005,-0.496,2,+0.169,+0.211,-0.348,-0.739
DRV,26218,+0.0000,+0.0000,+0.0000,+0.0000,-0.2121,-0.0001,+11.097,+0.004,-0.00077,-0.0005,+0.0000,+0.021,0,0,-1.045,-0.726,+0.05547,+0.318,+1.387,-0.637,-1.045,+0.002,-0.293,2,-0.852,-0.869,+0.04623,-0.017,+1.156,+0.034,-0.852,+0.002,+0.340,2,+0.853,+0.933,-0.06049,+0.080,-1.512,-0.159,+0.853,+0.002,-0.817,2,+1.044,+1.101,-0.06420,+0.058,-1.605,-0.115,+1.044,+0.002,-0.675,2,+0.375,+0.063,-0.968,-0.477
DRV,26222,+0.0000,+0.0000,+0.0000,+0.0000,-0.1677,-0.0001,+11.097,+0.004,-0.00077,-0.0005,+0.0000,+0.021,0,0,-0.826,-0.454,+0.04637,+0.372,+1.159,-0.743,-0.826,+0.002,-0.408,2,-0.674,-0.681,+0.04812,-0.007,+1.203,+0.014,-0.674,+0.002,+0.545,2,+0.675,+0.512,-0.05853,-0.162,-1.463,+0.325,+0.675,+0.002,-0.462,2,+0.825,+0.885,-0.06740,+0.060,-1.685,-0.120,+0.825,+0.002,-0.978,2,+0.431,-0.169,-1.386,+0.083
DRV,26226,+0.0000,+0.0000,+0.0000,+0.0000,-0.1234,-0.0001,+11.097,+0.005,-0.00077,-0.0016,+0.0000,+0.063,0,0,-0.607,-0.388,+0.03932,+0.219,+0.983,-0.439,-0.607,+0.005,-0.058,2,-0.495,-0.440,+0.04797,+0.056,+1.199,-0.112,-0.495,+0.005,+0.597,2,+0.496,+0.278,-0.05337,-0.218,-1.334,+0.435,+0.496,+0.005,-0.398,2,+0.607,+0.444,-0.06688,-0.163,-1.672,+0.325,+0.607,+0.005,-0.735,2,+0.056,-0.161,-0.793,+0.199
DRV,26230,+0.0000,+0.0000,+0.0000,+0.0000,-0.0790,-0.0001,+11.097,+0.005,-0.00078,-0.0016,+0.0000,+0.063,0,0,-0.389,-0.368,+0.03738,+0.021,+0.934,-0.043,-0.389,+0.005,+0.508,2,-0.317,-0.289,+0.04770,+0.028,+1.192,-0.056,-0.317,+0.005,+0.824,2,+0.318,+0.129,-0.04887,-0.188,-1.222,+0.377,+0.318,+0.005,-0.522,2,+0.389,+0.100,-0.06149,-0.288,-1.537,+0.577,+0.389,+0.005,-0.567,2,-0.268,-0.160,-0.059,+0.302
DRV,26234,+0.0000,+0.0000,+0.0000,+0.0000,-0.0346,-0.0000,+11.097,+0.007,-0.00078,+0.0000,+0.0000,-0.001,0,0,-0.170,-0.303,+0.04016,-0.133,+1.004,+0.266,-0.170,-0.000,+1.100,2,-0.139,-0.230,+0.04961,-0.091,+1.240,+0.183,-0.139,-0.000,+1.284,2,+0.139,+0.030,-0.04579,-0.109,-1.145,+0.218,+0.139,-0.000,-0.787,2,+0.170,-0.182,-0.05393,-0.352,-1.348,+0.704,+0.170,-0.000,-0.475,0,-0.485,-0.200,+0.625,+0.497
DRV,26238,+0.0000,+0.0000,+0.0000,+0.0000,+0.0098,+0.0000,+11.097,+0.013,-0.00078,+0.0000,+0.0000,-0.001,1,0,+0.048,-0.120,+0.04460,-0.168,+1.115,+0.337,+0.048,-0.000,+1.500,2,+0.039,-0.165,+0.05446,-0.204,+1.362,+0.409,+0.039,-0.000,+1.810,2,-0.039,-0.108,-0.04450,-0.069,-1.113,+0.138,-0.039,-0.000,-1.015,0,-0.048,-0.371,-0.04610,-0.323,-1.152,+0.646,-0.048,-0.000,-0.554,0,-0.492,-0.273,+0.946,+0.795
DRV,26242,+0.0000,+0.0000,+0.0000,+0.0000,+0.0000,+0.0000,+0.000,+0.000,-0.00078,+0.0022,+0.0000,-0.086,2,1,+0.000,+0.158,+0.03815,+0.158,+0.954,-0.317,+0.000,-0.007,+0.630,2,+0.000,+0.036,+0.05037,+0.036,+1.259,-0.072,+0.000,-0.007,+1.180,0,+0.000,-0.224,-0.04456,-0.224,-1.114,+0.447,+0.000,-0.007,-0.674,0,+0.000,-0.460,-0.04226,-0.460,-1.056,+0.920,+0.000,-0.007,-0.143,2,-0.302,-0.187,+0.487,+0.506
DRV,26246,+0.0000,+0.0000,+0.0000,+0.0000,+0.0000,+0.0000,+0.000,+0.000,-0.00077,+0.0021,+0.0000,-0.086,2,1,+0.000,+0.169,+0.03139,+0.169,+0.785,-0.338,+0.000,-0.007,+0.440,2,+0.000,+0.064,+0.04591,+0.064,+1.148,-0.128,+0.000,-0.007,+1.013,0,+0.000,-0.280,-0.04212,-0.280,-1.053,+0.560,+0.000,-0.007,-0.500,2,+0.000,-0.427,-0.03406,-0.427,-0.852,+0.854,+0.000,-0.007,-0.005,2,-0.258,-0.216,+0.435,+0.513
DRV,26250,+0.0000,+0.0000,+0.0000,+0.0000,+0.0000,+0.0000,+0.000,+0.000,-0.00077,-0.0005,+0.0000,+0.021,2,1,+0.000,+0.108,+0.02481,+0.108,+0.620,-0.216,+0.000,+0.002,+0.405,0,+0.000,+0.005,+0.04201,+0.005,+1.050,-0.010,+0.000,+0.002,+1.042,0,+0.000,-0.372,-0.03643,-0.372,-0.911,+0.745,+0.000,+0.002,-0.164,2,+0.000,-0.287,-0.02875,-0.287,-0.719,+0.573,+0.000,+0.002,-0.144,2,-0.178,-0.368,+0.261,+0.878
DRV,26254,+0.0000,+0.0000,+0.0000,+0.0000,+0.0000,+0.0000,+0.000,+0.000,-0.00077,-0.0005,+0.0000,+0.021,2,1,+0.000,+0.029,+0.02053,+0.029,+0.513,-0.057,+0.000,+0.002,+0.458,0,+0.000,-0.042,+0.03928,-0.042,+0.982,+0.084,+0.000,+0.002,+1.067,2,+0.000,-0.416,-0.02920,-0.416,-0.730,+0.833,+0.000,+0.002,+0.104,2,+0.000,-0.116,-0.02766,-0.116,-0.691,+0.233,+0.000,+0.002,-0.457,2,-0.088,-0.458,+0.001,+1.172
DRV,26258,+0.0000,+0.0000,+0.0000,+0.0000,+0.0000,+0.0000,+0.000,+0.000,-0.00078,-0.0021,+0.0000,+0.084,2,1,+0.000,-0.018,+0.01804,-0.018,+0.451,+0.035,+0.000,+0.007,+0.493,2,+0.000,-0.074,+0.03831,-0.074,+0.958,+0.148,+0.000,+0.007,+1.112,2,+0.000,-0.346,-0.02172,-0.346,-0.543,+0.692,+0.000,+0.007,+0.156,2,+0.000,+0.040,-0.02977,+0.040,-0.744,-0.079,+0.000,+0.007,-0.817,2,+0.022,-0.420,-0.324,+1.268
DRV,26262,+0.0000,+0.0000,+0.0000,+0.0000,+0.0000,+0.0000,+0.000,+0.000,-0.00078,-0.0021,+0.0000,+0.084,2,1,+0.000,-0.063,+0.01800,-0.063,+0.450,+0.126,+0.000,+0.007,+0.583,2,+0.000,-0.091,+0.03905,-0.091,+0.976,+0.181,+0.000,+0.007,+1.164,2,+0.000,-0.219,-0.01639,-0.219,-0.410,+0.439,+0.000,+0.007,+0.036,2,+0.000,+0.153,-0.03402,+0.153,-0.851,-0.306,+0.000,+0.007,-1.150,2,+0.090,-0.310,-0.567,+1.200
DRV,26266,+0.0000,+0.0000,+0.0000,+0.0000,+0.0000,+0.0000,+0.000,+0.000,-0.00078,+0.0016,+0.0000,-0.065,2,1,+0.000,-0.059,+0.01902,-0.059,+0.475,+0.118,+0.000,-0.005,+0.589,2,+0.000,-0.103,+0.04083,-0.103,+1.021,+0.206,+0.000,-0.005,+1.222,2,+0.000,-0.068,-0.01346,-0.068,-0.336,+0.135,+0.000,-0.005,-0.206,2,+0.000,+0.128,-0.03838,+0.128,-0.959,-0.256,+0.000,-0.005,-1.220,2,+0.069,-0.171,-0.632,+1.015
DRV,26270,+0.0000,+0.0000,+0.0000,+0.0000,+0.0000,+0.0000,+0.000,+0.000,-0.00078,+0.0016,+0.0000,-0.065,2,1,+0.000,-0.029,+0.02000,-0.029,+0.500,+0.058,+0.000,-0.005,+0.553,2,+0.000,-0.092,+0.04296,-0.092,+1.074,+0.184,+0.000,-0.005,+1.253,2,+0.000,+0.058,-0.01401,+0.058,-0.350,-0.115,+0.000,-0.005,-0.471,2,+0.000,+0.036,-0.04047,+0.036,-1.012,-0.072,+0.000,-0.005,-1.088,0,+0.007,-0.034,-0.535,+0.782
DRV,26274,+0.0000,+0.0000,+0.0000,+0.0000,+0.0000,+0.0000,+0.000,+0.000,-0.00077,+0.0006,+0.0000,-0.022,2,1,+0.000,-0.006,+0.02043,-0.006,+0.511,+0.012,+0.000,-0.002,+0.521,2,+0.000,-0.075,+0.04492,-0.075,+1.123,+0.151,+0.000,-0.002,+1.272,2,+0.000,+0.142,-0.01665,+0.142,-0.416,-0.283,+0.000,-0.002,-0.701,0,+0.000,-0.003,-0.04042,-0.003,-1.010,+0.006,+0.000,-0.002,-1.007,0,-0.009,+0.066,-0.485,+0.571
DRV,26278,+0.0000,+0.0000,+0.0000,+0.0000,+0.0000,+0.0000,+0.000,+0.000,-0.00077,+0.0006,+0.0000,-0.022,2,1,+0.000,+0.020,+0.02068,+0.020,+0.517,-0.040,+0.000,-0.002,+0.475,2,+0.000,-0.041,+0.04671,-0.041,+1.168,+0.081,+0.000,-0.002,+1.247,2,+0.000,+0.152,-0.02023,+0.152,-0.506,-0.304,+0.000,-0.002,-0.812,0,+0.000,-0.031,-0.03940,-0.031,-0.985,+0.063,+0.000,-0.002,-0.924,0,-0.011,+0.112,-0.449,+0.435
DRV,26282,+0.0000,+0.0000,+0.0000,+0.0000,+0.0000,+0.0000,+0.000,+0.000,-0.00077,-0.0005,+0.0000,+0.021,2,1,+0.000,+0.010,+0.02058,+0.010,+0.515,-0.021,+0.000,+0.002,+0.495,2,+0.000,-0.013,+0.04776,-0.013,+1.194,+0.026,+0.000,+0.002,+1.221,0,+0.000,+0.132,-0.02263,+0.132,-0.566,-0.264,+0.000,+0.002,-0.828,0,+0.000,-0.023,-0.03835,-0.023,-0.959,+0.046,+0.000,+0.002,-0.911,2,-0.012,+0.119,-0.416,+0.393
DRV,26286,+0.0000,+0.0000,+0.0000,+0.0000,+0.0000,+0.0000,+0.000,+0.000,-0.00077,-0.0008,+0.0000,+0.031,2,1,+0.000,+0.003,+0.02087,+0.003,+0.522,-0.007,+0.000,+0.002,+0.517,0,+0.000,-0.010,+0.04843,-0.010,+1.211,+0.021,+0.000,+0.002,+1.234,0,+0.000,+0.072,-0.02465,+0.072,-0.616,-0.145,+0.000,+0.002,-0.759,2,+0.000,+0.000,-0.03768,+0.000,-0.942,+0.000,+0.000,+0.002,-0.940,2,+0.003,+0.062,-0.422,+0.476
DRV,26290,+0.0000,+0.0000,+0.0000,+0.0000,+0.0000,+0.0000,+0.000,+0.000,-0.00078,-0.0010,+0.0000,+0.042,2,1,+0.000,+0.000,+0.02106,+0.000,+0.526,+0.000,+0.000,+0.003,+0.530,0,+0.000,+0.000,+0.04862,+0.000,+1.216,+0.000,+0.000,+0.003,+1.219,2,+0.000,+0.000,-0.02484,+0.000,-0.621,+0.000,+0.000,+0.003,-0.618,2,+0.000,+0.018,-0.03787,+0.018,-0.947,-0.035,+0.000,+0.003,-0.979,2,+0.018,+0.000,-0.449,+0.601
DRV,26294,+0.0000,+0.0000,+0.0000,+0.0000,+0.0000,+0.0000,+0.000,+0.000,-0.00078,-0.0010,+0.0000,+0.042,2,1,+0.000,-0.009,+0.02093,-0.009,+0.523,+0.018,+0.000,+0.003,+0.545,2,+0.000,+0.010,+0.04849,+0.010,+1.212,-0.019,+0.000,+0.003,+1.197,2,+0.000,-0.066,-0.02382,-0.066,-0.595,+0.132,+0.000,+0.003,-0.460,2,+0.000,+0.022,-0.03838,+0.022,-0.960,-0.045,+0.000,+0.003,-1.001,2,+0.013,-0.056,-0.456,+0.736
DRV,26298,+0.0000,+0.0000,+0.0000,+0.0000,+0.0000,+0.0000,+0.000,+0.000,-0.00079,-0.0010,+0.0000,+0.042,2,1,+0.000,+0.000,+0.02073,+0.000,+0.518,+0.000,+0.000,+0.003,+0.521,2,+0.000,+0.008,+0.04791,+0.008,+1.198,-0.015,+0.000,+0.003,+1.186,2,+0.000,-0.078,-0.02210,-0.078,-0.553,+0.155,+0.000,+0.003,-0.394,2,+0.000,+0.008,-0.03897,+0.008,-0.974,-0.015,+0.000,+0.003,-0.986,2,+0.008,-0.070,-0.465,+0.792
DRV,26302,+0.0000,+0.0000,+0.0000,+0.0000,+0.0000,+0.0000,+0.000,+0.000,-0.00079,+0.0000,+0.0000,-0.001,2,1,+0.000,+0.004,+0.02041,+0.004,+0.510,-0.008,+0.000,-0.000,+0.502,2,+0.000,-0.010,+0.04759,-0.010,+1.190,+0.021,+0.000,-0.000,+1.211,2,+0.000,-0.042,-0.02089,-0.042,-0.522,+0.084,+0.000,-0.000,-0.438,2,+0.000,+0.000,-0.03929,+0.000,-0.982,+0.000,+0.000,-0.000,-0.982,2,+0.004,-0.052,-0.480,+0.772
DRV,26306,+0.0000,+0.0000,+0.0000,+0.0000,+0.0000,+0.0000,+0.000,+0.000,-0.00078,+0.0011,+0.0000,-0.044,2,1,+0.000,+0.000,+0.02014,+0.000,+0.503,+0.000,+0.000,-0.003,+0.500,2,+0.000,-0.011,+0.04770,-0.011,+1.193,+0.023,+0.000,-0.003,+1.212,2,+0.000,-0.009,-0.02077,-0.009,-0.519,+0.018,+0.000,-0.003,-0.505,2,+0.000,-0.014,-0.03918,-0.014,-0.979,+0.028,+0.000,-0.003,-0.955,2,-0.014,-0.021,-0.455,+0.707
DRV,26310,+0.0000,+0.0000,+0.0000,+0.0000,+0.0000,+0.0000,+0.000,+0.000,-0.00078,+0.0011,+0.0000,-0.044,2,1,+0.000,+0.000,+0.01994,+0.000,+0.499,+0.000,+0.000,-0.003,+0.495,2,+0.000,-0.009,+0.04789,-0.009,+1.197,+0.018,+0.000,-0.003,+1.212,2,+0.000,+0.025,-0.02097,+0.025,-0.524,-0.050,+0.000,-0.003,-0.577,2,+0.000,-0.007,-0.03898,-0.007,-0.975,+0.014,+0.000,-0.003,-0.964,0,-0.007,+0.016,-0.469,+0.635
DRV,26314,+0.0000,+0.0000,+0.0000,+0.0000,+0.0000,+0.0000,+0.000,+0.000,-0.00077,+0.0011,+0.0000,-0.043,2,1,+0.000,+0.000,+0.02018,+0.000,+0.505,+0.000,+0.000,-0.003,+0.501,2,+0.000,+0.000,+0.04813,+0.000,+1.203,+0.000,+0.000,-0.003,+1.200,2,+0.000,+0.041,-0.02188,+0.041,-0.547,-0.082,+0.000,-0.003,-0.632,0,+0.000,+0.000,-0.03875,+0.000,-0.969,+0.000,+0.000,-0.003,-0.972,0,+0.000,+0.041,-0.471,+0.567
DRV,26318,+0.0000,+0.0000,+0.0000,+0.0000,+0.0000,+0.0000,+0.000,+0.000,-0.00077,+0.0003,+0.0000,-0.011,2,1,+0.000,+0.000,+0.02034,+0.000,+0.509,+0.000,+0.000,-0.001,+0.508,2,+0.000,-0.005,+0.04829,-0.005,+1.207,+0.010,+0.000,-0.001,+1.217,0,+0.000,+0.036,-0.02249,+0.036,-0.562,-0.072,+0.000,-0.001,-0.636,0,+0.000,+0.009,-0.03859,+0.009,-0.965,-0.017,+0.000,-0.001,-0.983,2,+0.009,+0.031,-0.475,+0.581
DRV,26322,+0.0000,+0.0000,+0.0000,+0.0000,+0.0000,+0.0000,+0.000,+0.000,-0.00077,-0.0005,+0.0000,+0.021,2,1,+0.000,+0.000,+0.02042,+0.000,+0.511,+0.000,+0.000,+0.002,+0.512,0,+0.000,-0.001,+0.04837,-0.001,+1.209,+0.003,+0.000,+0.002,+1.214,0,+0.000,+0.016,-0.02279,+0.016,-0.570,-0.032,+0.000,+0.002,-0.601,2,+0.000,+0.007,-0.03851,+0.007,-0.963,-0.014,+0.000,+0.002,-0.975,2,+0.007,+0.015,-0.463,+0.613
DRV,26326,+0.0000,+0.0000,+0.0000,+0.0000,+0.0000,+0.0000,+0.000,+0.000,-0.00078,-0.0005,+0.0000,+0.020,2,1,+0.000,+0.000,+0.02061,+0.000,+0.515,+0.000,+0.000,+0.002,+0.517,2,+0.000,+0.000,+0.04856,+0.000,+1.214,+0.000,+0.000,+0.002,+1.216,2,+0.000,+0.000,-0.02298,+0.000,-0.575,+0.000,+0.000,+0.002,-0.573,2,+0.000,+0.005,-0.03870,+0.005,-0.967,-0.010,+0.000,+0.002,-0.975,2,+0.005,+0.000,-0.458,+0.643
DRV,26330,+0.0000,+0.0000,+0.0000,+0.0000,+0.0000,+0.0000,+0.000,+0.000,-0.00078,-0.0005,+0.0000,+0.020,2,1,+0.000,+0.000,+0.02045,+0.000,+0.511,+0.000,+0.000,+0.002,+0.513,2,+0.000,+0.007,+0.04840,+0.007,+1.210,-0.014,+0.000,+0.002,+1.197,2,+0.000,-0.028,-0.02237,-0.028,-0.559,+0.055,+0.000,+0.002,-0.502,2,+0.000,+0.000,-0.03886,+0.000,-0.971,+0.000,+0.000,+0.002,-0.970,2,+0.000,-0.021,-0.457,+0.695
DRV,26334,+0.0000,+0.0000,+0.0000,+0.0000,+0.0000,+0.0000,+0.000,+0.000,-0.00078,-0.0010,+0.0000,+0.042,2,1,+0.000,+0.000,+0.02038,+0.000,+0.509,+0.000,+0.000,+0.003,+0.513,2,+0.000,+0.000,+0.04832,+0.000,+1.208,+0.000,+0.000,+0.003,+1.211,2,+0.000,-0.021,-0.02207,-0.021,-0.552,+0.043,+0.000,+0.003,-0.506,2,+0.000,-0.001,-0.03894,-0.001,-0.973,+0.002,+0.000,+0.003,-0.968,2,-0.001,-0.021,-0.455,+0.706
DRV,26338,+0.0000,+0.0000,+0.0000,+0.0000,+0.0000,+0.0000,+0.000,+0.000,-0.00079,-0.0016,+0.0000,+0.063,2,1,+0.000,+0.000,+0.02018,+0.000,+0.505,+0.000,+0.000,+0.005,+0.510,2,+0.000,-0.010,+0.04813,-0.010,+1.203,+0.020,+0.000,+0.005,+1.228,2,+0.000,-0.011,-0.02188,-0.011,-0.547,+0.023,+0.000,+0.005,-0.519,2,+0.000,-0.003,-0.03875,-0.003,-0.969,+0.007,+0.000,+0.005,-0.957,2,-0.003,-0.021,-0.447,+0.709
DRV,26342,+0.0000,+0.0000,+0.0000,+0.0000,+0.0000,+0.0000,+0.000,+0.000,-0.00079,-0.0010,+0.0000,+0.041,2,1,+0.000,+0.000,+0.02018,+0.000,+0.505,+0.000,+0.000,+0.003,+0.508,2,+0.000,+0.000,+0.04813,+0.000,+1.203,+0.000,+0.000,+0.003,+1.207,2,+0.000,+0.000,-0.02188,+0.000,-0.547,+0.000,+0.000,+0.003,-0.544,2,+0.000,-0.005,-0.03875,-0.005,-0.969,+0.010,+0.000,+0.003,-0.956,2,-0.005,+0.000,-0.448,+0.663
DRV,26346,+0.0000,+0.0000,+0.0000,+0.0000,+0.0000,+0.0000,+0.000,+0.000,-0.00079,-0.0005,+0.0000,+0.020,2,1,+0.000,+0.000,+0.02018,+0.000,+0.505,+0.000,+0.000,+0.002,+0.506,2,+0.000,+0.001,+0.04813,+0.001,+1.203,-0.002,+0.000,+0.002,+1.203,2,+0.000,+0.016,-0.02188,+0.016,-0.547,-0.032,+0.000,+0.002,-0.578,2,+0.000,+0.000,-0.03875,+0.000,-0.969,+0.000,+0.000,+0.002,-0.967,0,+0.000,+0.017,-0.461,+0.625
DRV,26350,+0.0000,+0.0000,+0.0000,+0.0000,+0.0000,+0.0000,+0.000,+0.000,-0.00080,-0.0002,+0.0000,+0.009,2,1,+0.000,+0.000,+0.02026,+0.000,+0.507,+0.000,+0.000,+0.001,+0.507,2,+0.000,+0.004,+0.04821,+0.004,+1.205,-0.009,+0.000,+0.001,+1.197,2,+0.000,+0.013,-0.02218,+0.013,-0.555,-0.027,+0.000,+0.001,-0.581,0,+0.000,+0.007,-0.03867,+0.007,-0.967,-0.013,+0.000,+0.001,-0.979,0,+0.007,+0.018,-0.472,+0.617
DRV,26354,+0.0000,+0.0000,+0.0000,+0.0000,+0.0000,+0.0000,+0.000,+0.000,-0.00080,+0.0000,+0.0000,-0.001,2,1,+0.000,+0.000,+0.02045,+0.000,+0.511,+0.000,+0.000,-0.000,+0.511,2,+0.000,-0.003,+0.04840,-0.003,+1.210,+0.007,+0.000,-0.000,+1.217,2,+0.000,+0.005,-0.02237,+0.005,-0.559,-0.010,+0.000,-0.000,-0.569,0,+0.000,+0.001,-0.03886,+0.001,-0.971,-0.003,+0.000,-0.000,-0.974,2,+0.001,+0.001,-0.463,+0.648
DRV,26358,+0.0000,+0.0000,+0.0000,+0.0000,+0.0000,+0.0000,+0.000,+0.000,-0.00080,+0.0003,+0.0000,-0.012,2,1,+0.000,+0.000,+0.02045,+0.000,+0.511,+0.000,+0.000,-0.001,+0.510,0,+0.000,+0.000,+0.04840,+0.000,+1.210,+0.000,+0.000,-0.001,+1.209,0,+0.000,+0.000,-0.02237,+0.000,-0.559,+0.000,+0.000,-0.001,-0.560,2,+0.000,+0.000,-0.03886,+0.000,-0.971,+0.000,+0.000,-0.001,-0.972,2,+0.000,+0.000,-0.462,+0.649
DRV,26362,+0.0000,+0.0000,+0.0000,+0.0000,+0.0000,+0.0000,+0.000,+0.000,-0.00079,+0.0006,+0.0000,-0.022,2,1,+0.000,+0.000,+0.02034,+0.000,+0.509,+0.000,+0.000,-0.002,+0.507,0,+0.000,+0.009,+0.04829,+0.009,+1.207,-0.018,+0.000,-0.002,+1.187,0,+0.000,-0.012,-0.02249,-0.012,-0.562,+0.024,+0.000,-0.002,-0.540,2,+0.000,-0.010,-0.03859,-0.010,-0.965,+0.020,+0.000,-0.002,-0.946,2,-0.010,-0.003,-0.440,+0.647
DRV,26366,+0.0000,+0.0000,+0.0000,+0.0000,+0.0000,+0.0000,+0.000,+0.000,-0.00079,+0.0000,+0.0000,-0.001,2,1,+0.000,+0.000,+0.02026,+0.000,+0.507,+0.000,+0.000,-0.000,+0.506,0,+0.000,+0.000,+0.04821,+0.000,+1.205,+0.000,+0.000,-0.000,+1.205,2,+0.000,-0.011,-0.02218,-0.011,-0.555,+0.022,+0.000,-0.000,-0.533,2,+0.000,-0.008,-0.03867,-0.008,-0.967,+0.016,+0.000,-0.000,-0.951,2,-0.008,-0.011,-0.444,+0.672
DRV,26370,+0.0000,+0.0000,+0.0000,+0.0000,+0.0000,+0.0000,+0.000,+0.000,-0.00079,-0.0005,+0.0000,+0.020,2,1,+0.000,+0.000,+0.02026,+0.000,+0.507,+0.000,+0.000,+0.002,+0.508,2,+0.000,-0.012,+0.04821,-0.012,+1.205,+0.024,+0.000,+0.002,+1.231,2,+0.000,-0.001,-0.02218,-0.001,-0.555,+0.002,+0.000,+0.002,-0.551,2,+0.000,+0.000,-0.03867,+0.000,-0.967,+0.000,+0.000,+0.002,-0.965,2,+0.000,-0.013,-0.457,+0.680
DRV,26374,+0.0000,+0.0000,+0.0000,+0.0000,+0.0000,+0.0000,+0.000,+0.000,-0.00080,-0.0005,+0.0000,+0.020,2,1,+0.000,+0.000,+0.02018,+0.000,+0.505,+0.000,+0.000,+0.002,+0.506,2,+0.000,+0.000,+0.04851,+0.000,+1.213,+0.000,+0.000,+0.002,+1.214,2,+0.000,+0.000,-0.02226,+0.000,-0.557,+0.000,+0.000,+0.002,-0.555,2,+0.000,+0.007,-0.03875,+0.007,-0.969,-0.014,+0.000,+0.002,-0.981,2,+0.007,+0.000,-0.475,+0.660
DRV,26378,+0.0000,+0.0000,+0.0000,+0.0000,+0.0000,+0.0000,+0.000,+0.000,-0.00080,-0.0005,+0.0000,+0.020,2,1,+0.000,+0.000,+0.02038,+0.000,+0.509,+0.000,+0.000,+0.002,+0.511,2,+0.000,+0.011,+0.04832,+0.011,+1.208,-0.022,+0.000,+0.002,+1.188,2,+0.000,+0.008,-0.02207,+0.008,-0.552,-0.016,+0.000,+0.002,-0.566,2,+0.000,+0.001,-0.03894,+0.001,-0.973,-0.002,+0.000,+0.002,-0.974,2,+0.001,+0.019,-0.463,+0.621
DRV,26382,+0.0000,+0.0000,+0.0000,+0.0000,+0.0000,+0.0000,+0.000,+0.000,-0.00080,-0.0002,+0.0000,+0.009,2,1,+0.000,+0.000,+0.02038,+0.000,+0.509,+0.000,+0.000,+0.001,+0.510,2,+0.000,+0.003,+0.04832,+0.003,+1.208,-0.006,+0.000,+0.001,+1.203,2,+0.000,+0.009,-0.02207,+0.009,-0.552,-0.017,+0.000,+0.001,-0.568,2,+0.000,+0.000,-0.03894,+0.000,-0.973,+0.000,+0.000,+0.001,-0.973,0,+0.000,+0.011,-0.463,+0.635
DRV,26386,+0.0000,+0.0000,+0.0000,+0.0000,+0.0000,+0.0000,+0.000,+0.000,-0.00080,+0.0000,+0.0000,-0.001,2,1,+0.000,+0.000,+0.02045,+0.000,+0.511,+0.000,+0.000,-0.000,+0.511,2,+0.000,+0.000,+0.04840,+0.000,+1.210,+0.000,+0.000,-0.000,+1.210,2,+0.000,+0.001,-0.02237,+0.001,-0.559,-0.002,+0.000,-0.000,-0.561,0,+0.000,+0.000,-0.03886,+0.000,-0.971,+0.000,+0.000,-0.000,-0.972,0,+0.000,+0.001,-0.460,+0.649
DRV,26390,+0.0000,+0.0000,+0.0000,+0.0000,+0.0000,+0.0000,+0.000,+0.000,-0.00080,-0.0002,+0.0000,+0.009,2,1,+0.000,+0.000,+0.02034,+0.000,+0.509,+0.000,+0.000,+0.001,+0.509,2,+0.000,-0.007,+0.04829,-0.007,+1.207,+0.013,+0.000,+0.001,+1.221,2,+0.000,+0.000,-0.02249,+0.000,-0.562,+0.000,+0.000,+0.001,-0.561,0,+0.000,-0.005,-0.03859,-0.005,-0.965,+0.010,+0.000,+0.001,-0.954,2,-0.005,-0.007,-0.445,+0.660
DRV,26394,+0.0000,+0.0000,+0.0000,+0.0000,+0.0000,+0.0000,+0.000,+0.000,-0.00080,-0.0005,+0.0000,+0.020,2,1,+0.000,+0.000,+0.02026,+0.000,+0.507,+0.000,+0.000,+0.002,+0.508,2,+0.000,+0.000,+0.04821,+0.000,+1.205,+0.000,+0.000,+0.002,+1.207,0,+0.000,-0.008,-0.02218,-0.008,-0.555,+0.016,+0.000,+0.002,-0.537,2,+0.000,+0.000,-0.03867,+0.000,-0.967,+0.000,+0.000,+0.002,-0.965,2,+0.000,-0.008,-0.457,+0.670
DRV,26398,+0.0000,+0.0000,+0.0000,+0.0000,+0.0000,+0.0000,+0.000,+0.000,-0.00080,-0.0005,+0.0000,+0.020,2,1,+0.000,+0.000,+0.02026,+0.000,+0.507,+0.000,+0.000,+0.002,+0.508,0,+0.000,+0.000,+0.04821,+0.000,+1.205,+0.000,+0.000,+0.002,+1.207,0,+0.000,-0.003,-0.02218,-0.003,-0.555,+0.006,+0.000,+0.002,-0.547,0,+0.000,+0.001,-0.03867,+0.001,-0.967,-0.002,+0.000,+0.002,-0.967,2,+0.001,-0.003,-0.459,+0.660
DRV,26402,+0.0000,+0.0000,+0.0000,+0.0000,+0.0000,+0.0000,+0.000,+0.000,-0.00081,-0.0005,+0.0000,+0.020,2,1,+0.000,+0.000,+0.02038,+0.000,+0.509,+0.000,+0.000,+0.002,+0.511,0,+0.000,+0.000,+0.04832,+0.000,+1.208,+0.000,+0.000,+0.002,+1.210,2,+0.000,+0.000,-0.02207,+0.000,-0.552,+0.000,+0.000,+0.002,-0.550,2,+0.000,+0.009,-0.03894,+0.009,-0.973,-0.017,+0.000,+0.002,-0.989,2,+0.009,+0.000,-0.478,+0.659
DRV,26406,+0.0000,+0.0000,+0.0000,+0.0000,+0.0000,+0.0000,+0.000,+0.000,-0.00081,-0.0005,+0.0000,+0.020,2,1,+0.000,+0.000,+0.02030,+0.000,+0.507,+0.000,+0.000,+0.002,+0.509,2,+0.000,-0.001,+0.04863,-0.001,+1.216,+0.003,+0.000,+0.002,+1.220,2,+0.000,+0.000,-0.02215,+0.000,-0.554,+0.000,+0.000,+0.002,-0.552,2,+0.000,+0.001,-0.03902,+0.001,-0.975,-0.003,+0.000,+0.002,-0.977,2,+0.001,-0.001,-0.468,+0.668
DRV,26410,+0.0000,+0.0000,+0.0000,+0.0000,+0.0000,+0.0000,+0.000,+0.000,-0.00081,-0.0005,+0.0000,+0.020,2,1,+0.000,+0.000,+0.02030,+0.000,+0.507,+0.000,+0.000,+0.002,+0.509,2,+0.000,+0.002,+0.04863,+0.002,+1.216,-0.005,+0.000,+0.002,+1.212,2,+0.000,+0.004,-0.02215,+0.004,-0.554,-0.008,+0.000,+0.002,-0.560,2,+0.000,-0.007,-0.03902,-0.007,-0.975,+0.014,+0.000,+0.002,-0.960,2,-0.007,+0.006,-0.451,+0.653
DRV,26414,+0.0000,+0.0000,+0.0000,+0.0000,+0.0000,+0.0000,+0.000,+0.000,-0.00081,-0.0005,+0.0000,+0.020,2,1,+0.000,+0.000,+0.02026,+0.000,+0.507,+0.000,+0.000,+0.002,+0.508,2,+0.000,+0.010,+0.04821,+0.010,+1.205,-0.021,+0.000,+0.002,+1.186,2,+0.000,+0.003,-0.02218,+0.003,-0.555,-0.007,+0.000,+0.002,-0.560,2,+0.000,-0.008,-0.03867,-0.008,-0.967,+0.016,+0.000,+0.002,-0.949,2,-0.008,+0.014,-0.441,+0.626
DRV,26418,+0.0000,+0.0000,+0.0000,+0.0000,+0.0000,+0.0000,+0.000,+0.000,-0.00081,-0.0005,+0.0000,+0.020,2,1,+0.000,+0.000,+0.02026,+0.000,+0.507,+0.000,+0.000,+0.002,+0.508,2,+0.000,+0.000,+0.04821,+0.000,+1.205,+0.000,+0.000,+0.002,+1.207,2,+0.000,+0.000,-0.02218,+0.000,-0.555,+0.000,+0.000,+0.002,-0.553,2,+0.000,+0.000,-0.03867,+0.000,-0.967,+0.000,+0.000,+0.002,-0.965,0,+0.000,+0.000,-0.457,+0.654
DRV,26422,+0.0000,+0.0000,+0.0000,+0.0000,+0.0000,+0.0000,+0.000,+0.000,-0.00082,-0.0008,+0.0000,+0.030,2,1,+0.000,+0.000,+0.02026,+0.000,+0.507,+0.000,+0.000,+0.002,+0.509,2,+0.000,-0.015,+0.04821,-0.015,+1.205,+0.030,+0.000,+0.002,+1.237,2,+0.000,+0.000,-0.02218,+0.000,-0.555,+0.000,+0.000,+0.002,-0.552,0,+0.000,+0.001,-0.03867,+0.001,-0.967,-0.002,+0.000,+0.002,-0.966,0,+0.001,-0.015,-0.457,+0.685
DRV,26426,+0.0000,+0.0000,+0.0000,+0.0000,+0.0000,+0.0000,+0.000,+0.000,-0.00082,-0.0010,+0.0000,+0.041,2,1,+0.000,+0.000,+0.02038,+0.000,+0.509,+0.000,+0.000,+0.003,+0.513,2,+0.000,+0.000,+0.04832,+0.000,+1.208,+0.000,+0.000,+0.003,+1.211,2,+0.000,-0.006,-0.02207,-0.006,-0.552,+0.012,+0.000,+0.003,-0.536,0,+0.000,+0.001,-0.03894,+0.001,-0.973,-0.002,+0.000,+0.003,-0.972,0,+0.001,-0.006,-0.459,+0.675
DRV,26430,+0.0000,+0.0000,+0.0000,+0.0000,+0.0000,+0.0000,+0.000,+0.000,-0.00082,-0.0002,+0.0000,+0.009,2,1,+0.000,+0.000,+0.02038,+0.000,+0.509,+0.000,+0.000,+0.001,+0.510,2,+0.000,+0.002,+0.04832,+0.002,+1.208,-0.004,+0.000,+0.001,+1.205,0,+0.000,-0.001,-0.02207,-0.001,-0.552,+0.003,+0.000,+0.001,-0.548,0,+0.000,+0.000,-0.03894,+0.000,-0.973,-0.001,+0.000,+0.001,-0.974,0,+0.000,+0.000,-0.464,+0.657
DRV,26434,+0.0000,+0.0000,+0.0000,+0.0000,+0.0000,+0.0000,+0.000,+0.000,-0.00082,+0.0006,+0.0000,-0.023,2,1,+0.000,+0.000,+0.02038,+0.000,+0.509,+0.000,+0.000,-0.002,+0.508,0,+0.000,+0.000,+0.04832,+0.000,+1.208,+0.000,+0.000,-0.002,+1.206,0,+0.000,+0.000,-0.02207,+0.000,-0.552,+0.000,+0.000,-0.002,-0.554,2,+0.000,+0.000,-0.03894,+0.000,-0.973,+0.000,+0.000,-0.002,-0.975,2,+0.000,+0.000,-0.468,+0.653
DRV,26438,+0.0000,+0.0000,+0.0000,+0.0000,+0.0000,+0.0000,+0.000,+0.000,-0.00082,+0.0003,+0.0000,-0.012,2,1,+0.000,+0.000,+0.02038,+0.000,+0.509,+0.000,+0.000,-0.001,+0.508,0,+0.000,+0.000,+0.04832,+0.000,+1.208,+0.000,+0.000,-0.001,+1.207,2,+0.000,+0.000,-0.02207,+0.000,-0.552,+0.000,+0.000,-0.001,-0.553,2,+0.000,+0.000,-0.03894,+0.000,-0.973,+0.000,+0.000,-0.001,-0.974,2,+0.000,+0.000,-0.466,+0.654
DRV,26442,+0.0000,+0.0000,+0.0000,+0.0000,+0.0000,+0.0000,+0.000,+0.000,-0.00082,+0.0000,+0.0000,-0.002,2,1,+0.000,+0.000,+0.02026,+0.000,+0.507,+0.000,+0.000,-0.000,+0.506,2,+0.000,+0.000,+0.04821,+0.000,+1.205,+0.000,+0.000,-0.000,+1.205,2,+0.000,+0.004,-0.02218,+0.004,-0.555,-0.009,+0.000,-0.000,-0.563,2,+0.000,-0.005,-0.03867,-0.005,-0.967,+0.010,+0.000,-0.000,-0.957,2,-0.005,+0.004,-0.451,+0.642
DRV,26446,+0.0000,+0.0000,+0.0000,+0.0000,+0.0000,+0.0000,+0.000,+0.000,-0.00082,-0.0008,+0.0000,+0.030,2,1,+0.000,+0.000,+0.02026,+0.000,+0.507,+0.000,+0.000,+0.002,+0.509,2,+0.000,+0.000,+0.04821,+0.000,+1.205,+0.000,+0.000,+0.002,+1.208,2,+0.000,+0.000,-0.02218,+0.000,-0.555,+0.000,+0.000,+0.002,-0.552,2,+0.000,+0.000,-0.03867,+0.000,-0.967,+0.000,+0.000,+0.002,-0.964,2,+0.000,+0.000,-0.455,+0.656
DRV,26450,+0.0000,+0.0000,+0.0000,+0.0000,+0.0000,+0.0000,+0.000,+0.000,-0.00083,-0.0016,+0.0000,+0.062,2,1,+0.000,+0.000,+0.02018,+0.000,+0.505,+0.000,+0.000,+0.005,+0.510,2,+0.000,-0.006,+0.04851,-0.006,+1.213,+0.011,+0.000,+0.005,+1.229,2,+0.000,+0.000,-0.02226,+0.000,-0.557,+0.000,+0.000,+0.005,-0.552,2,+0.000,+0.001,-0.03875,+0.001,-0.969,-0.002,+0.000,+0.005,-0.966,2,+0.001,-0.006,-0.456,+0.678
DRV,26454,+0.0000,+0.0000,+0.0000,+0.0000,+0.0000,+0.0000,+0.000,+0.000,-0.00083,-0.0010,+0.0000,+0.041,2,1,+0.000,+0.000,+0.02030,+0.000,+0.507,+0.000,+0.000,+0.003,+0.511,2,+0.000,-0.000,+0.04863,-0.000,+1.216,+0.001,+0.000,+0.003,+1.220,2,+0.000,-0.003,-0.02215,-0.003,-0.554,+0.006,+0.000,+0.003,-0.545,2,+0.000,+0.007,-0.03902,+0.007,-0.975,-0.013,+0.000,+0.003,-0.986,2,+0.007,-0.003,-0.475,+0.675
DRV,26458,+0.0000,+0.0000,+0.0000,+0.0000,+0.0000,+0.0000,+0.000,+0.000,-0.00083,-0.0005,+0.0000,+0.019,2,1,+0.000,+0.000,+0.02030,+0.000,+0.507,+0.000,+0.000,+0.002,+0.509,2,+0.000,+0.009,+0.04863,+0.009,+1.216,-0.018,+0.000,+0.002,+1.199,2,+0.000,+0.000,-0.02215,+0.000,-0.554,+0.000,+0.000,+0.002,-0.552,2,+0.000,+0.000,-0.03902,+0.000,-0.975,+0.000,+0.000,+0.002,-0.974,0,+0.000,+0.009,-0.465,+0.647
DRV,26462,+0.0000,+0.0000,+0.0000,+0.0000,+0.0000,+0.0000,+0.000,+0.000,-0.00083,+0.0001,+0.0000,-0.002,2,1,+0.000,+0.000,+0.02038,+0.000,+0.509,+0.000,+0.000,-0.000,+0.509,2,+0.000,+0.004,+0.04832,+0.004,+1.208,-0.009,+0.000,-0.000,+1.199,2,+0.000,+0.000,-0.02207,+0.000,-0.552,+0.000,+0.000,-0.000,-0.552,0,+0.000,+0.000,-0.03894,+0.000,-0.973,+0.000,+0.000,-0.000,-0.974,0,+0.000,+0.004,-0.464,+0.647
DRV,26466,+0.0000,+0.0000,+0.0000,+0.0000,+0.0000,+0.0000,+0.000,+0.000,-0.00083,+0.0006,+0.0000,-0.023,2,1,+0.000,+0.000,+0.02038,+0.000,+0.509,+0.000,+0.000,-0.002,+0.508,2,+0.000,-0.005,+0.04832,-0.005,+1.208,+0.010,+0.000,-0.002,+1.217,2,+0.000,+0.004,-0.02207,+0.004,-0.552,-0.008,+0.000,-0.002,-0.561,0,+0.000,+0.000,-0.03894,+0.000,-0.973,+0.000,+0.000,-0.002,-0.975,2,+0.000,-0.001,-0.468,+0.655
DRV,26470,+0.0000,+0.0000,+0.0000,+0.0000,+0.0000,+0.0000,+0.000,+0.000,-0.00083,+0.0003,+0.0000,-0.013,2,1,+0.000,+0.000,+0.02018,+0.000,+0.505,+0.000,+0.000,-0.001,+0.504,0,+0.000,-0.010,+0.04851,-0.010,+1.213,+0.019,+0.000,-0.001,+1.231,0,+0.000,+0.002,-0.02226,+0.002,-0.557,-0.005,+0.000,-0.001,-0.562,2,+0.000,+0.000,-0.03875,+0.000,-0.969,+0.000,+0.000,-0.001,-0.970,2,+0.000,-0.007,-0.466,+0.669
DRV,26474,+0.0000,+0.0000,+0.0000,+0.0000,+0.0000,+0.0000,+0.000,+0.000,-0.00083,+0.0000,+0.0000,-0.002,2,1,+0.000,+0.000,+0.02018,+0.000,+0.505,+0.000,+0.000,-0.000,+0.504,0,+0.000,+0.000,+0.04851,+0.000,+1.213,+0.000,+0.000,-0.000,+1.213,0,+0.000,+0.000,-0.02226,+0.000,-0.557,+0.000,+0.000,-0.000,-0.557,2,+0.000,+0.000,-0.03875,+0.000,-0.969,+0.000,+0.000,-0.000,-0.969,2,+0.000,+0.000,-0.464,+0.656
DRV,26478,+0.0000,+0.0000,+0.0000,+0.0000,+0.0000,+0.0000,+0.000,+0.000,-0.00083,+0.0000,+0.0000,-0.002,2,1,+0.000,+0.000,+0.02026,+0.000,+0.507,+0.000,+0.000,-0.000,+0.506,0,+0.000,+0.021,+0.04821,+0.021,+1.205,-0.041,+0.000,-0.000,+1.164,2,+0.000,+0.000,-0.02218,+0.000,-0.555,+0.000,+0.000,-0.000,-0.555,2,+0.000,+0.000,-0.03867,+0.000,-0.967,+0.000,+0.000,-0.000,-0.967,2,+0.000,+0.021,-0.460,+0.609
DRV,26482,+0.0000,+0.0000,+0.0000,+0.0000,+0.0000,+0.0000,+0.000,+0.000,-0.00083,+0.0000,+0.0000,-0.002,2,1,+0.000,+0.000,+0.02026,+0.000,+0.507,+0.000,+0.000,-0.000,+0.506,2,+0.000,+0.001,+0.04821,+0.001,+1.205,-0.003,+0.000,-0.000,+1.202,2,+0.000,-0.002,-0.02218,-0.002,-0.555,+0.004,+0.000,-0.000,-0.551,2,+0.000,+0.000,-0.03867,+0.000,-0.967,+0.000,+0.000,-0.000,-0.967,2,+0.000,-0.000,-0.460,+0.651
DRV,26486,+0.0000,+0.0000,+0.0000,+0.0000,+0.0000,+0.0000,+0.000,+0.000,-0.00083,+0.0000,+0.0000,-0.002,2,1,+0.000,+0.000,+0.02038,+0.000,+0.509,+0.000,+0.000,-0.000,+0.509,2,+0.000,-0.011,+0.04832,-0.011,+1.208,+0.023,+0.000,-0.000,+1.231,2,+0.000,+0.000,-0.02207,+0.000,-0.552,+0.000,+0.000,-0.000,-0.552,2,+0.000,+0.005,-0.03894,+0.005,-0.973,-0.010,+0.000,-0.000,-0.984,2,+0.005,-0.011,-0.475,+0.679
DRV,26490,+0.0000,+0.0000,+0.0000,+0.0000,+0.0000,+0.0000,+0.000,+0.000,-0.00083,+0.0000,+0.0000,-0.002,2,1,+0.000,+0.000,+0.02030,+0.000,+0.507,+0.000,+0.000,-0.000,+0.507,2,+0.000,-0.005,+0.04863,-0.005,+1.216,+0.010,+0.000,-0.000,+1.225,2,+0.000,+0.000,-0.02215,+0.000,-0.554,+0.000,+0.000,-0.000,-0.554,2,+0.000,+0.000,-0.03902,+0.000,-0.975,+0.000,+0.000,-0.000,-0.976,2,+0.000,-0.005,-0.468,+0.671
DRV,26494,+0.0000,+0.0000,+0.0000,+0.0000,+0.0000,+0.0000,+0.000,+0.000,-0.00083,+0.0000,+0.0000,-0.002,2,1,+0.000,+0.000,+0.02030,+0.000,+0.507,+0.000,+0.000,-0.000,+0.507,2,+0.000,+0.002,+0.04863,+0.002,+1.216,-0.004,+0.000,-0.000,+1.212,2,+0.000,+0.002,-0.02215,+0.002,-0.554,-0.004,+0.000,-0.000,-0.558,2,+0.000,+0.000,-0.03902,+0.000,-0.975,+0.000,+0.000,-0.000,-0.976,0,+0.000,+0.004,-0.468,+0.654
DRV,26498,+0.0000,+0.0000,+0.0000,+0.0000,+0.0000,+0.0000,+0.000,+0.000,-0.00083,+0.0000,+0.0000,-0.002,2,1,+0.000,+0.000,+0.02026,+0.000,+0.507,+0.000,+0.000,-0.000,+0.506,2,+0.000,+0.007,+0.04821,+0.007,+1.205,-0.014,+0.000,-0.000,+1.191,2,+0.000,+0.002,-0.02218,+0.002,-0.555,-0.004,+0.000,-0.000,-0.559,0,+0.000,-0.001,-0.03867,-0.001,-0.967,+0.002,+0.000,-0.000,-0.965,0,-0.001,+0.009,-0.458,+0.632
DRV,26502,+0.0000,+0.0000,+0.0000,+0.0000,+0.0000,+0.0000,+0.000,+0.000,-0.00083,-0.0002,+0.0000,+0.009,2,1,+0.000,+0.000,+0.02026,+0.000,+0.507,+0.000,+0.000,+0.001,+0.507,2,+0.000,+0.000,+0.04821,+0.000,+1.205,+0.000,+0.000,+0.001,+1.206,2,+0.000,+0.000,-0.02218,+0.000,-0.555,+0.000,+0.000,+0.001,-0.554,0,+0.000,+0.000,-0.03867,+0.000,-0.967,+0.000,+0.000,+0.001,-0.966,2,+0.000,+0.000,-0.459,+0.652
DRV,26506,+0.0000,+0.0000,+0.0000,+0.0000,+0.0000,+0.0000,+0.000,+0.000,-0.00083,-0.0005,+0.0000,+0.019,2,1,+0.000,+0.000,+0.02018,+0.000,+0.505,+0.000,+0.000,+0.002,+0.506,2,+0.000,-0.004,+0.04851,-0.004,+1.213,+0.009,+0.000,+0.002,+1.223,0,+0.000,+0.000,-0.02226,+0.000,-0.557,+0.000,+0.000,+0.002,-0.555,2,+0.000,+0.000,-0.03875,+0.000,-0.969,+0.000,+0.000,+0.002,-0.967,2,+0.000,-0.004,-0.461,+0.668
DRV,26510,+0.0000,+0.0000,+0.0000,+0.0000,+0.0000,+0.0000,+0.000,+0.000,-0.00083,-0.0010,+0.0000,+0.041,2,1,+0.000,+0.000,+0.02018,+0.000,+0.505,+0.000,+0.000,+0.003,+0.508,0,+0.000,+0.000,+0.04851,+0.000,+1.213,+0.000,+0.000,+0.003,+1.216,0,+0.000,-0.000,-0.02226,-0.000,-0.557,+0.001,+0.000,+0.003,-0.552,2,+0.000,+0.001,-0.03875,+0.001,-0.969,-0.002,+0.000,+0.003,-0.967,2,+0.001,-0.000,-0.459,+0.664
DRV,26514,+0.0000,+0.0000,+0.0000,+0.0000,+0.0000,+0.0000,+0.000,+0.000,-0.00084,-0.0010,+0.0000,+0.041,2,1,+0.000,+0.000,+0.02030,+0.000,+0.507,+0.000,+0.000,+0.003,+0.511,0,+0.000,+0.004,+0.04863,+0.004,+1.216,-0.009,+0.000,+0.003,+1.210,2,+0.000,+0.000,-0.02215,+0.000,-0.554,+0.000,+0.000,+0.003,-0.550,2,+0.000,+0.000,-0.03902,+0.000,-0.975,+0.000,+0.000,+0.003,-0.972,2,+0.000,+0.004,-0.462,+0.660
DRV,26518,+0.0000,+0.0000,+0.0000,+0.0000,+0.0000,+0.0000,+0.000,+0.000,-0.00084,+0.0006,+0.0000,-0.023,2,1,+0.000,+0.000,+0.02038,+0.000,+0.509,+0.000,+0.000,-0.002,+0.508,2,+0.000,+0.005,+0.04832,+0.005,+1.208,-0.010,+0.000,-0.002,+1.196,2,+0.000,+0.000,-0.02207,+0.000,-0.552,+0.000,+0.000,-0.002,-0.554,2,+0.000,+0.000,-0.03894,+0.000,-0.973,+0.000,+0.000,-0.002,-0.975,2,+0.000,+0.005,-0.468,+0.642
DRV,26522,+0.0000,+0.0000,+0.0000,+0.0000,+0.0000,+0.0000,+0.000,+0.000,-0.00084,+0.0006,+0.0000,-0.023,2,1,+0.000,+0.000,+0.02038,+0.000,+0.509,+0.000,+0.000,-0.002,+0.508,2,+0.000,+0.000,+0.04832,+0.000,+1.208,+0.000,+0.000,-0.002,+1.206,2,+0.000,+0.002,-0.02207,+0.002,-0.552,-0.005,+0.000,-0.002,-0.558,2,+0.000,-0.004,-0.03894,-0.004,-0.973,+0.009,+0.000,-0.002,-0.967,2,-0.004,+0.002,-0.459,+0.648
DRV,26526,+0.0000,+0.0000,+0.0000,+0.0000,+0.0000,+0.0000,+0.000,+0.000,-0.00084,-0.0021,+0.0000,+0.083,2,1,+0.000,+0.000,+0.02026,+0.000,+0.507,+0.000,+0.000,+0.007,+0.513,2,+0.000,-0.001,+0.04821,-0.001,+1.205,+0.002,+0.000,+0.007,+1.214,2,+0.000,+0.003,-0.02218,+0.003,-0.555,-0.006,+0.000,+0.007,-0.554,2,+0.000,-0.005,-0.03867,-0.005,-0.967,+0.010,+0.000,+0.007,-0.950,2,-0.005,+0.002,-0.437,+0.660
DRV,26530,+0.0000,+0.0000,+0.0000,+0.0000,+0.0000,+0.0000,+0.000,+0.000,-0.00085,-0.0021,+0.0000,+0.083,2,1,+0.000,+0.000,+0.02018,+0.000,+0.505,+0.000,+0.000,+0.007,+0.511,2,+0.000,-0.007,+0.04851,-0.007,+1.213,+0.014,+0.000,+0.007,+1.234,2,+0.000,+0.000,-0.02226,+0.000,-0.557,+0.000,+0.000,+0.007,-0.550,2,+0.000,+0.000,-0.03875,+0.000,-0.969,+0.000,+0.000,+0.007,-0.962,0,+0.000,-0.007,-0.451,+0.684
DRV,26534,+0.0000,+0.0000,+0.0000,+0.0000,+0.0000,+0.0000,+0.000,+0.000,-0.00085,+0.0001,+0.0000,-0.002,2,1,+0.000,+0.000,+0.02030,+0.000,+0.507,+0.000,+0.000,-0.000,+0.507,2,+0.000,+0.000,+0.04863,+0.000,+1.216,+0.000,+0.000,-0.000,+1.215,2,+0.000,+0.000,-0.02215,+0.000,-0.554,+0.000,+0.000,-0.000,-0.554,0,+0.000,+0.009,-0.03902,+0.009,-0.975,-0.017,+0.000,-0.000,-0.993,0,+0.009,+0.000,-0.486,+0.662
DRV,26538,+0.0000,+0.0000,+0.0000,+0.0000,+0.0000,+0.0000,+0.000,+0.000,-0.00085,+0.0001,+0.0000,-0.002,2,1,+0.000,+0.000,+0.02030,+0.000,+0.507,+0.000,+0.000,-0.000,+0.507,2,+0.000,+0.006,+0.04863,+0.006,+1.216,-0.012,+0.000,-0.000,+1.203,2,+0.000,+0.000,-0.02215,+0.000,-0.554,+0.000,+0.000,-0.000,-0.554,0,+0.000,+0.002,-0.03902,+0.002,-0.975,-0.004,+0.000,-0.000,-0.979,0,+0.002,+0.006,-0.472,+0.649
DRV,26542,+0.0000,+0.0000,+0.0000,+0.0000,+0.0000,+0.0000,+0.000,+0.000,-0.00085,-0.0005,+0.0000,+0.019,2,1,+0.000,+0.000,+0.02038,+0.000,+0.509,-0.001,+0.000,+0.002,+0.510,2,+0.000,+0.006,+0.04832,+0.006,+1.208,-0.011,+0.000,+0.002,+1.198,0,+0.000,+0.000,-0.02207,+0.000,-0.552,+0.000,+0.000,+0.002,-0.550,0,+0.000,-0.001,-0.03894,-0.001,-0.973,+0.003,+0.000,+0.002,-0.969,2,-0.001,+0.006,-0.459,+0.648
DRV,26546,+0.0000,+0.0000,+0.0000,+0.0000,+0.0000,+0.0000,+0.000,+0.000,-0.00085,-0.0005,+0.0000,+0.019,2,1,+0.000,+0.000,+0.02026,+0.000,+0.507,+0.000,+0.000,+0.002,+0.508,0,+0.000,-0.009,+0.04821,-0.009,+1.205,+0.017,+0.000,+0.002,+1.224,0,+0.000,+0.000,-0.02218,+0.000,-0.555,+0.000,+0.000,+0.002,-0.553,2,+0.000,-0.003,-0.03867,-0.003,-0.967,+0.006,+0.000,+0.002,-0.959,2,-0.003,-0.009,-0.451,+0.671
DRV,26550,+0.0000,+0.0000,+0.0000,+0.0000,+0.0000,+0.0000,+0.000,+0.000,-0.00085,+0.0006,+0.0000,-0.024,2,1,+0.000,+0.000,+0.02018,+0.000,+0.505,+0.000,+0.000,-0.002,+0.503,0,+0.000,-0.009,+0.04851,-0.009,+1.213,+0.018,+0.000,-0.002,+1.229,2,+0.000,+0.000,-0.02226,+0.000,-0.557,+0.000,+0.000,-0.002,-0.558,2,+0.000,-0.002,-0.03875,-0.002,-0.969,+0.005,+0.000,-0.002,-0.966,2,-0.002,-0.009,-0.463,+0.671
DRV,26554,+0.0000,+0.0000,+0.0000,+0.0000,+0.0000,+0.0000,+0.000,+0.000,-0.00085,+0.0006,+0.0000,-0.024,2,1,+0.000,+0.000,+0.02018,+0.000,+0.505,+0.000,+0.000,-0.002,+0.503,2,+0.000,+0.000,+0.04851,+0.000,+1.213,+0.000,+0.000,-0.002,+1.211,2,+0.000,+0.000,-0.02226,+0.000,-0.557,+0.000,+0.000,-0.002,-0.558,2,+0.000,+0.001,-0.03875,+0.001,-0.969,-0.002,+0.000,-0.002,-0.972,2,+0.001,+0.000,-0.470,+0.653
DRV,26558,+0.0000,+0.0000,+0.0000,+0.0000,+0.0000,+0.0000,+0.000,+0.000,-0.00085,+0.0001,+0.0000,-0.002,2,1,+0.000,+0.000,+0.02026,+0.000,+0.507,+0.000,+0.000,-0.000,+0.506,2,+0.000,+0.015,+0.04821,+0.015,+1.205,-0.030,+0.000,-0.000,+1.175,2,+0.000,+0.000,-0.02218,+0.000,-0.555,+0.000,+0.000,-0.000,-0.555,2,+0.000,+0.003,-0.03867,+0.003,-0.967,-0.006,+0.000,-0.000,-0.973,2,+0.003,+0.015,-0.466,+0.621
DRV,26562,+0.0000,+0.0000,+0.0000,+0.0000,+0.0000,+0.0000,+0.000,+0.000,-0.00085,+0.0001,+0.0000,-0.002,2,1,+0.000,+0.000,+0.02038,+0.000,+0.509,+0.000,+0.000,-0.000,+0.509,2,+0.000,+0.001,+0.04832,+0.001,+1.208,-0.002,+0.000,-0.000,+1.206,2,+0.000,+0.000,-0.02207,+0.000,-0.552,+0.000,+0.000,-0.000,-0.552,2,+0.000,+0.000,-0.03894,+0.000,-0.973,+0.000,+0.000,-0.000,-0.974,2,+0.000,+0.001,-0.464,+0.654
DRV,26566,+0.0000,+0.0000,+0.0000,+0.0000,+0.0000,+0.0000,+0.000,+0.000,-0.00085,+0.0001,+0.0000,-0.002,2,1,+0.000,+0.000,+0.02030,+0.000,+0.507,+0.000,+0.000,-0.000,+0.507,2,+0.000,-0.015,+0.04863,-0.015,+1.216,+0.031,+0.000,-0.000,+1.246,2,+0.000,+0.000,-0.02215,+0.000,-0.554,+0.000,+0.000,-0.000,-0.554,2,+0.000,+0.000,-0.03902,+0.000,-0.975,+0.000,+0.000,-0.000,-0.976,2,+0.000,-0.015,-0.468,+0.692
DRV,26570,+0.0000,+0.0000,+0.0000,+0.0000,+0.0000,+0.0000,+0.000,+0.000,-0.00085,+0.0001,+0.0000,-0.002,2,1,+0.000,+0.000,+0.02018,+0.000,+0.505,+0.000,+0.000,-0.000,+0.504,2,+0.000,-0.005,+0.04851,-0.005,+1.213,+0.010,+0.000,-0.000,+1.223,2,+0.000,+0.000,-0.02226,+0.000,-0.557,+0.000,+0.000,-0.000,-0.557,2,+0.000,-0.006,-0.03875,-0.006,-0.969,+0.012,+0.000,-0.000,-0.956,0,-0.006,-0.005,-0.452,+0.666
DRV,26574,+0.0000,+0.0000,+0.0000,+0.0000,+0.0000,+0.0000,+0.000,+0.000,-0.00085,+0.0001,+0.0000,-0.002,2,1,+0.000,+0.000,+0.02018,+0.000,+0.505,+0.000,+0.000,-0.000,+0.504,2,+0.000,+0.007,+0.04851,+0.007,+1.213,-0.013,+0.000,-0.000,+1.199,2,+0.000,+0.000,-0.02226,+0.000,-0.557,+0.000,+0.000,-0.000,-0.557,0,+0.000,+0.000,-0.03875,+0.000,-0.969,+0.000,+0.000,-0.000,-0.969,0,+0.000,+0.007,-0.464,+0.643
DRV,26578,+0.0000,+0.0000,+0.0000,+0.0000,+0.0000,+0.0000,+0.000,+0.000,-0.00085,+0.0001,+0.0000,-0.002,2,1,+0.000,+0.000,+0.02026,+0.000,+0.507,+0.000,+0.000,-0.000,+0.506,2,+0.000,+0.007,+0.04821,+0.007,+1.205,-0.014,+0.000,-0.000,+1.191,0,+0.000,+0.000,-0.02218,+0.000,-0.555,+0.000,+0.000,-0.000,-0.555,0,+0.000,+0.000,-0.03867,+0.000,-0.967,+0.000,+0.000,-0.000,-0.967,2,+0.000,+0.007,-0.460,+0.636
DRV,26582,+0.0000,+0.0000,+0.0000,+0.0000,+0.0000,+0.0000,+0.000,+0.000,-0.00085,+0.0006,+0.0000,-0.024,2,1,+0.000,+0.000,+0.02038,+0.000,+0.509,+0.000,+0.000,-0.002,+0.507,0,+0.000,+0.000,+0.04832,+0.000,+1.208,+0.000,+0.000,-0.002,+1.206,0,+0.000,+0.000,-0.02207,+0.000,-0.552,+0.000,+0.000,-0.002,-0.554,2,+0.000,+0.010,-0.03894,+0.010,-0.973,-0.021,+0.000,-0.002,-0.996,2,+0.010,+0.000,-0.489,+0.653
DRV,26586,+0.0000,+0.0000,+0.0000,+0.0000,+0.0000,+0.0000,+0.000,+0.000,-0.00084,+0.0006,+0.0000,-0.024,2,1,+0.000,+0.000,+0.02030,+0.000,+0.507,+0.000,+0.000,-0.002,+0.506,0,+0.000,-0.008,+0.04863,-0.008,+1.216,+0.016,+0.000,-0.002,+1.230,2,+0.000,+0.000,-0.02215,+0.000,-0.554,+0.000,+0.000,-0.002,-0.556,2,+0.000,+0.000,-0.03902,+0.000,-0.975,+0.000,+0.000,-0.002,-0.977,2,+0.000,-0.008,-0.472,+0.674
DRV,26590,+0.0000,+0.0000,+0.0000,+0.0000,+0.0000,+0.0000,+0.000,+0.000,-0.00085,-0.0005,+0.0000,+0.019,2,1,+0.000,+0.000,+0.02030,+0.000,+0.507,+0.000,+0.000,+0.002,+0.509,0,+0.000,+0.000,+0.04863,+0.000,+1.216,+0.000,+0.000,+0.002,+1.217,2,+0.000,+0.000,-0.02215,+0.000,-0.554,+0.000,+0.000,+0.002,-0.552,2,+0.000,+0.000,-0.03902,+0.000,-0.975,+0.000,+0.000,+0.002,-0.974,2,+0.000,+0.000,-0.465,+0.665
DRV,26594,+0.0000,+0.0000,+0.0000,+0.0000,+0.0000,+0.0000,+0.000,+0.000,-0.00085,-0.0005,+0.0000,+0.019,2,1,+0.000,+0.000,+0.02018,+0.000,+0.505,+0.000,+0.000,+0.002,+0.506,2,+0.000,+0.017,+0.04851,+0.017,+1.213,-0.033,+0.000,+0.002,+1.181,2,+0.000,+0.000,-0.02226,+0.000,-0.557,+0.000,+0.000,+0.002,-0.555,2,+0.000,-0.006,-0.03875,-0.006,-0.969,+0.011,+0.000,+0.002,-0.956,2,-0.006,+0.017,-0.450,+0.626
DRV,26598,+0.0000,+0.0000,+0.0000,+0.0000,+0.0000,+0.0000,+0.000,+0.000,-0.00085,+0.0001,+0.0000,-0.002,2,1,+0.000,+0.000,+0.02026,+0.000,+0.507,+0.000,+0.000,-0.000,+0.506,2,+0.000,+0.003,+0.04821,+0.003,+1.205,-0.007,+0.000,-0.000,+1.198,2,+0.000,+0.000,-0.02218,+0.000,-0.555,+0.000,+0.000,-0.000,-0.555,2,+0.000,+0.000,-0.03867,+0.000,-0.967,+0.000,+0.000,-0.000,-0.967,2,+0.000,+0.003,-0.460,+0.644
DRV,26602,+0.0000,+0.0000,+0.0000,+0.0000,+0.0000,+0.0000,+0.000,+0.000,-0.00085,+0.0001,+0.0000,-0.002,2,1,+0.000,+0.000,+0.02018,+0.000,+0.505,+0.000,+0.000,-0.000,+0.504,2,+0.000,-0.007,+0.04851,-0.007,+1.213,+0.013,+0.000,-0.000,+1.226,2,+0.000,+0.000,-0.02226,+0.000,-0.557,+0.000,+0.000,-0.000,-0.557,2,+0.000,+0.000,-0.03875,+0.000,-0.969,+0.000,+0.000,-0.000,-0.969,2,+0.000,-0.007,-0.464,+0.669
DRV,26606,+0.0000,+0.0000,+0.0000,+0.0000,+0.0000,+0.0000,+0.000,+0.000,-0.00085,-0.0021,+0.0000,+0.083,2,1,+0.000,+0.000,+0.02018,+0.000,+0.505,+0.000,+0.000,+0.007,+0.511,2,+0.000,-0.007,+0.04851,-0.007,+1.213,+0.014,+0.000,+0.007,+1.234,2,+0.000,+0.000,-0.02226,+0.000,-0.557,+0.000,+0.000,+0.007,-0.550,2,+0.000,+0.001,-0.03875,+0.001,-0.969,-0.002,+0.000,+0.007,-0.964,0,+0.001,-0.007,-0.453,+0.684
DRV,26610,+0.0000,+0.0000,+0.0000,+0.0000,+0.0000,+0.0000,+0.000,+0.000,-0.00086,-0.0021,+0.0000,+0.083,2,1,+0.000,+0.000,+0.02030,+0.000,+0.507,+0.000,+0.000,+0.007,+0.514,2,+0.000,+0.006,+0.04863,+0.006,+1.216,-0.012,+0.000,+0.007,+1.210,2,+0.000,+0.000,-0.02215,+0.000,-0.554,+0.000,+0.000,+0.007,-0.547,0,+0.000,+0.000,-0.03902,+0.000,-0.975,+0.000,+0.000,+0.007,-0.969,0,+0.000,+0.006,-0.455,+0.663
DRV,26614,+0.0000,+0.0000,+0.0000,+0.0000,+0.0000,+0.0000,+0.000,+0.000,-0.00087,-0.0010,+0.0000,+0.040,2,1,+0.000,+0.000,+0.02030,+0.000,+0.507,+0.000,+0.000,+0.003,+0.511,2,+0.000,+0.000,+0.04863,+0.000,+1.216,+0.000,+0.000,+0.003,+1.219,0,+0.000,+0.000,-0.02215,+0.000,-0.554,+0.000,+0.000,+0.003,-0.551,0,+0.000,+0.002,-0.03902,+0.002,-0.975,-0.005,+0.000,+0.003,-0.977,2,+0.002,+0.000,-0.466,+0.668
DRV,26618,+0.0000,+0.0000,+0.0000,+0.0000,+0.0000,+0.0000,+0.000,+0.000,-0.00087,-0.0010,+0.0000,+0.040,2,1,+0.000,+0.000,+0.02030,+0.000,+0.507,+0.000,+0.000,+0.003,+0.511,2,+0.000,+0.000,+0.04863,+0.000,+1.216,+0.000,+0.000,+0.003,+1.219,0,+0.000,+0.000,-0.02215,+0.000,-0.554,+0.000,+0.000,+0.003,-0.551,2,+0.000,+0.000,-0.03902,+0.000,-0.975,+0.000,+0.000,+0.003,-0.972,2,+0.000,+0.000,-0.462,+0.668
DRV,26622,+0.0000,+0.0000,+0.0000,+0.0000,+0.0000,+0.0000,+0.000,+0.000,-0.00088,-0.0015,+0.0000,+0.061,2,1,+0.000,+0.000,+0.02018,+0.000,+0.505,+0.000,+0.000,+0.005,+0.509,0,+0.000,+0.000,+0.04851,+0.000,+1.213,+0.000,+0.000,+0.005,+1.218,0,+0.000,+0.000,-0.02226,+0.000,-0.557,+0.000,+0.000,+0.005,-0.552,2,+0.000,-0.009,-0.03875,-0.009,-0.969,+0.018,+0.000,+0.005,-0.946,2,-0.009,+0.000,-0.436,+0.666
DRV,26626,+0.0000,+0.0000,+0.0000,+0.0000,+0.0000,+0.0000,+0.000,+0.000,-0.00088,-0.0015,+0.0000,+0.061,2,1,+0.000,+0.000,+0.02026,+0.000,+0.507,+0.000,+0.000,+0.005,+0.511,0,+0.000,+0.004,+0.04821,+0.004,+1.205,-0.009,+0.000,+0.005,+1.202,2,+0.000,+0.000,-0.02218,+0.000,-0.555,+0.000,+0.000,+0.005,-0.550,2,+0.000,+0.000,-0.03867,+0.000,-0.967,+0.000,+0.000,+0.005,-0.962,2,+0.000,+0.004,-0.450,+0.652
DRV,26630,+0.0000,+0.0000,+0.0000,+0.0000,+0.0000,+0.0000,+0.000,+0.000,-0.00089,-0.0005,+0.0000,+0.018,2,1,+0.000,+0.000,+0.02026,+0.000,+0.507,+0.000,+0.000,+0.001,+0.508,2,+0.000,+0.000,+0.04821,+0.000,+1.205,+0.000,+0.000,+0.001,+1.207,2,+0.000,+0.000,-0.02218,+0.000,-0.555,+0.000,+0.000,+0.001,-0.553,2,+0.000,+0.000,-0.03867,+0.000,-0.967,+0.000,+0.000,+0.001,-0.965,2,+0.000,+0.000,-0.457,+0.654
DRV,26634,+0.0000,+0.0000,+0.0000,+0.0000,+0.0000,+0.0000,+0.000,+0.000,-0.00089,-0.0005,+0.0000,+0.018,2,1,+0.000,+0.000,+0.02030,+0.000,+0.507,+0.000,+0.000,+0.001,+0.509,2,+0.000,-0.011,+0.04863,-0.011,+1.216,+0.022,+0.000,+0.001,+1.239,2,+0.000,+0.000,-0.02215,+0.000,-0.554,+0.000,+0.000,+0.001,-0.552,2,+0.000,+0.005,-0.03902,+0.005,-0.975,-0.010,+0.000,+0.001,-0.984,2,+0.005,-0.011,-0.476,+0.687
DRV,26638,+0.0000,+0.0000,+0.0000,+0.0000,+0.0000,+0.0000,+0.000,+0.000,-0.00089,-0.0015,+0.0000,+0.061,2,1,+0.000,+0.000,+0.02030,+0.000,+0.507,+0.000,+0.000,+0.005,+0.512,2,+0.000,+0.000,+0.04863,+0.000,+1.216,+0.000,+0.000,+0.005,+1.221,2,+0.000,+0.000,-0.02215,+0.000,-0.554,+0.000,+0.000,+0.005,-0.549,2,+0.000,+0.000,-0.03902,+0.000,-0.975,+0.000,+0.000,+0.005,-0.971,2,+0.000,+0.000,-0.458,+0.672
DRV,26642,+0.0000,+0.0000,+0.0000,+0.0000,+0.0000,+0.0000,+0.000,+0.000,-0.00090,-0.0015,+0.0000,+0.061,2,1,+0.000,+0.000,+0.02030,+0.000,+0.507,+0.000,+0.000,+0.005,+0.512,2,+0.000,+0.013,+0.04863,+0.013,+1.216,-0.026,+0.000,+0.005,+1.195,2,+0.000,+0.000,-0.02215,+0.000,-0.554,+0.000,+0.000,+0.005,-0.549,2,+0.000,+0.000,-0.03902,+0.000,-0.975,+0.000,+0.000,+0.005,-0.971,0,+0.000,+0.013,-0.458,+0.646
DRV,26646,+0.0000,+0.0000,+0.0000,+0.0000,+0.0000,+0.0000,+0.000,+0.000,-0.00090,+0.0001,+0.0000,-0.003,2,1,+0.000,+0.000,+0.02026,+0.000,+0.507,+0.000,+0.000,-0.000,+0.506,2,+0.000,+0.002,+0.04821,+0.002,+1.205,-0.004,+0.000,-0.000,+1.201,2,+0.000,+0.000,-0.02218,+0.000,-0.555,+0.000,+0.000,-0.000,-0.555,0,+0.000,-0.002,-0.03867,-0.002,-0.967,+0.004,+0.000,-0.000,-0.963,0,-0.002,+0.002,-0.457,+0.646
DRV,26650,+0.0000,+0.0000,+0.0000,+0.0000,+0.0000,+0.0000,+0.000,+0.000,-0.00090,+0.0001,+0.0000,-0.003,2,1,+0.000,+0.000,+0.02026,+0.000,+0.507,+0.000,+0.000,-0.000,+0.506,2,+0.000,-0.005,+0.04821,-0.005,+1.205,+0.010,+0.000,-0.000,+1.215,2,+0.000,+0.000,-0.02218,+0.000,-0.555,+0.000,+0.000,-0.000,-0.555,0,+0.000,+0.000,-0.03867,+0.000,-0.967,+0.000,+0.000,-0.000,-0.967,2,+0.000,-0.005,-0.461,+0.660
DRV,26654,+0.0000,+0.0000,+0.0000,+0.0000,+0.0000,+0.0000,+0.000,+0.000,-0.00091,-0.0020,+0.0000,+0.082,2,1,+0.000,+0.002,+0.02018,+0.002,+0.505,-0.005,+0.000,+0.007,+0.506,2,+0.000,-0.006,+0.04851,-0.006,+1.213,+0.012,+0.000,+0.007,+1.232,0,+0.000,+0.000,-0.02226,+0.000,-0.557,+0.000,+0.000,+0.007,-0.550,2,+0.000,+0.000,-0.03875,+0.000,-0.969,+0.000,+0.000,+0.007,-0.962,2,+0.002,-0.006,-0.456,+0.682
DRV,26658,+0.0000,+0.0000,+0.0000,+0.0000,+0.0000,+0.0000,+0.000,+0.000,-0.00091,-0.0020,+0.0000,+0.082,2,1,+0.000,+0.000,+0.02018,+0.000,+0.505,+0.000,+0.000,+0.007,+0.511,0,+0.000,+0.000,+0.04851,+0.000,+1.213,+0.000,+0.000,+0.007,+1.219,0,+0.000,+0.000,-0.02226,+0.000,-0.557,+0.000,+0.000,+0.007,-0.550,2,+0.000,+0.003,-0.03875,+0.003,-0.969,-0.007,+0.000,+0.007,-0.969,2,+0.003,+0.000,-0.458,+0.669
DRV,26662,+0.0000,+0.0000,+0.0000,+0.0000,+0.0000,+0.0000,+0.000,+0.000,-0.00092,+0.0001,+0.0000,-0.004,2,1,+0.000,+0.000,+0.02030,+0.000,+0.507,+0.000,+0.000,-0.000,+0.507,0,+0.000,+0.010,+0.04863,+0.010,+1.216,-0.019,+0.000,-0.000,+1.196,2,+0.000,+0.000,-0.02215,+0.000,-0.554,+0.000,+0.000,-0.000,-0.554,2,+0.000,+0.002,-0.03902,+0.002,-0.975,-0.005,+0.000,-0.000,-0.980,2,+0.002,+0.010,-0.473,+0.642
DRV,26666,+0.0000,+0.0000,+0.0000,+0.0000,+0.0000,+0.0000,+0.000,+0.000,-0.00091,+0.0001,+0.0000,-0.004,2,1,+0.000,+0.000,+0.02038,+0.000,+0.509,+0.000,+0.000,-0.000,+0.509,2,+0.000,+0.000,+0.04832,+0.000,+1.208,+0.000,+0.000,-0.000,+1.208,2,+0.000,+0.000,-0.02207,+0.000,-0.552,+0.000,+0.000,-0.000,-0.552,2,+0.000,+0.000,-0.03894,+0.000,-0.973,+0.000,+0.000,-0.000,-0.974,2,+0.000,+0.000,-0.465,+0.656
DRV,26670,+0.0000,+0.0000,+0.0000,+0.0000,+0.0000,+0.0000,+0.000,+0.000,-0.00092,-0.0015,+0.0000,+0.060,2,1,+0.000,+0.000,+0.02030,+0.000,+0.507,+0.000,+0.000,+0.005,+0.512,2,+0.000,-0.005,+0.04863,-0.005,+1.216,+0.010,+0.000,+0.005,+1.230,2,+0.000,+0.000,-0.02215,+0.000,-0.554,+0.000,+0.000,+0.005,-0.549,2,+0.000,-0.002,-0.03902,-0.002,-0.975,+0.005,+0.000,+0.005,-0.966,2,-0.002,-0.005,-0.454,+0.681
DRV,26674,+0.0000,+0.0000,+0.0000,+0.0000,+0.0000,+0.0000,+0.000,+0.000,-0.00093,-0.0015,+0.0000,+0.060,2,1,+0.000,+0.000,+0.02018,+0.000,+0.505,+0.000,+0.000,+0.005,+0.509,2,+0.000,-0.002,+0.04851,-0.002,+1.213,+0.005,+0.000,+0.005,+1.222,2,+0.000,+0.000,-0.02226,+0.000,-0.557,+0.000,+0.000,+0.005,-0.552,2,+0.000,-0.003,-0.03875,-0.003,-0.969,+0.006,+0.000,+0.005,-0.958,2,-0.003,-0.002,-0.449,+0.671
DRV,26678,+0.0000,+0.0000,+0.0000,+0.0000,+0.0000,+0.0000,+0.000,+0.000,-0.00092,+0.0006,+0.0000,-0.025,2,1,+0.000,+0.000,+0.02018,+0.000,+0.505,+0.000,+0.000,-0.002,+0.503,2,+0.000,+0.000,+0.04851,+0.000,+1.213,+0.000,+0.000,-0.002,+1.211,2,+0.000,+0.000,-0.02226,+0.000,-0.557,+0.000,+0.000,-0.002,-0.559,2,+0.000,+0.000,-0.03875,+0.000,-0.969,+0.000,+0.000,-0.002,-0.971,0,+0.000,+0.000,-0.468,+0.652
DRV,26682,+0.0000,+0.0000,+0.0000,+0.0000,+0.0000,+0.0000,+0.000,+0.000,-0.00092,+0.0006,+0.0000,-0.025,2,1,+0.000,+0.000,+0.02018,+0.000,+0.505,+0.000,+0.000,-0.002,+0.503,2,+0.000,+0.001,+0.04851,+0.001,+1.213,-0.002,+0.000,-0.002,+1.209,2,+0.000,+0.000,-0.02226,+0.000,-0.557,+0.000,+0.000,-0.002,-0.559,2,+0.000,+0.001,-0.03875,+0.001,-0.969,-0.002,+0.000,-0.002,-0.973,0,+0.001,+0.001,-0.470,+0.650
DRV,26686,+0.0000,+0.0000,+0.0000,+0.0000,+0.0000,+0.0000,+0.000,+0.000,-0.00092,-0.0004,+0.0000,+0.018,2,1,+0.000,+0.000,+0.02030,+0.000,+0.507,+0.000,+0.000,+0.001,+0.509,2,+0.000,+0.000,+0.04863,+0.000,+1.216,+0.000,+0.000,+0.001,+1.217,2,+0.000,+0.000,-0.02215,+0.000,-0.554,+0.000,+0.000,+0.001,-0.552,0,+0.000,+0.000,-0.03902,+0.000,-0.975,+0.000,+0.000,+0.001,-0.974,0,+0.000,+0.000,-0.465,+0.665
DRV,26690,+0.0000,+0.0000,+0.0000,+0.0000,+0.0000,+0.0000,+0.000,+0.000,-0.00092,-0.0004,+0.0000,+0.017,2,1,+0.000,+0.000,+0.02030,+0.000,+0.507,+0.000,+0.000,+0.001,+0.509,2,+0.000,+0.000,+0.04863,+0.000,+1.216,+0.000,+0.000,+0.001,+1.217,0,+0.000,+0.000,-0.02215,+0.000,-0.554,+0.000,+0.000,+0.001,-0.552,0,+0.000,+0.000,-0.03902,+0.000,-0.975,+0.000,+0.000,+0.001,-0.974,2,+0.000,+0.000,-0.465,+0.665
DRV,26694,+0.0000,+0.0000,+0.0000,+0.0000,+0.0000,+0.0000,+0.000,+0.000,-0.00092,+0.0006,+0.0000,-0.025,2,1,+0.000,+0.000,+0.02018,+0.000,+0.505,+0.000,+0.000,-0.002,+0.503,0,+0.000,+0.000,+0.04851,+0.000,+1.213,-0.001,+0.000,-0.002,+1.210,0,+0.000,+0.000,-0.02226,+0.000,-0.557,+0.000,+0.000,-0.002,-0.559,2,+0.000,-0.007,-0.03875,-0.007,-0.969,+0.013,+0.000,-0.002,-0.957,2,-0.007,+0.000,-0.455,+0.651
DRV,26698,+0.0000,+0.0000,+0.0000,+0.0000,+0.0000,+0.0000,+0.000,+0.000,-0.00092,+0.0006,+0.0000,-0.025,2,1,+0.000,+0.000,+0.02018,+0.000,+0.505,+0.000,+0.000,-0.002,+0.503,0,+0.000,+0.000,+0.04851,+0.000,+1.213,+0.000,+0.000,-0.002,+1.211,2,+0.000,+0.000,-0.02226,+0.000,-0.557,+0.000,+0.000,-0.002,-0.559,2,+0.000,+0.000,-0.03875,+0.000,-0.969,+0.000,+0.000,-0.002,-0.971,2,+0.000,+0.000,-0.468,+0.652
DRV,26702,+0.0000,+0.0000,+0.0000,+0.0000,+0.0000,+0.0000,+0.000,+0.000,-0.00092,-0.0010,+0.0000,+0.039,2,1,+0.000,+0.000,+0.02018,+0.000,+0.505,+0.000,+0.000,+0.003,+0.508,0,+0.000,-0.010,+0.04851,-0.010,+1.213,+0.019,+0.000,+0.003,+1.235,2,+0.000,+0.000,-0.02226,+0.000,-0.557,+0.000,+0.000,+0.003,-0.553,2,+0.000,+0.000,-0.03875,+0.000,-0.969,+0.000,+0.000,+0.003,-0.966,2,+0.000,-0.010,-0.458,+0.682
DRV,26706,+0.0000,+0.0000,+0.0000,+0.0000,+0.0000,+0.0000,+0.000,+0.000,-0.00093,-0.0010,+0.0000,+0.039,2,1,+0.000,+0.000,+0.02018,+0.000,+0.505,+0.000,+0.000,+0.003,+0.508,2,+0.000,+0.000,+0.04851,+0.000,+1.213,+0.000,+0.000,+0.003,+1.216,2,+0.000,+0.000,-0.02226,+0.000,-0.557,+0.000,+0.000,+0.003,-0.553,2,+0.000,+0.003,-0.03875,+0.003,-0.969,-0.007,+0.000,+0.003,-0.972,2,+0.003,+0.000,-0.465,+0.662
DRV,26710,+0.0000,+0.0000,+0.0000,+0.0000,+0.0000,+0.0000,+0.000,+0.000,-0.00093,+0.0001,+0.0000,-0.004,2,1,+0.000,+0.000,+0.02030,+0.000,+0.507,+0.000,+0.000,-0.000,+0.507,2,+0.000,+0.003,+0.04863,+0.003,+1.216,-0.007,+0.000,-0.000,+1.209,2,+0.000,+0.000,-0.02215,+0.000,-0.554,+0.000,+0.000,-0.000,-0.554,2,+0.000,+0.006,-0.03902,+0.006,-0.975,-0.011,+0.000,-0.000,-0.987,2,+0.006,+0.003,-0.480,+0.655
DRV,26714,+0.0000,+0.0000,+0.0000,+0.0000,+0.0000,+0.0000,+0.000,+0.000,-0.00093,+0.0001,+0.0000,-0.004,2,1,+0.000,+0.000,+0.02038,+0.000,+0.509,+0.000,+0.000,-0.000,+0.509,2,+0.000,+0.002,+0.04832,+0.002,+1.208,-0.005,+0.000,-0.000,+1.203,2,+0.000,+0.000,-0.02207,+0.000,-0.552,+0.000,+0.000,-0.000,-0.552,2,+0.000,+0.000,-0.03894,+0.000,-0.973,+0.000,+0.000,-0.000,-0.974,2,+0.000,+0.002,-0.465,+0.651
DRV,26718,+0.0000,+0.0000,+0.0000,+0.0000,+0.0000,+0.0000,+0.000,+0.000,-0.00093,-0.0004,+0.0000,+0.017,2,1,+0.000,+0.000,+0.02038,+0.000,+0.509,+0.000,+0.000,+0.001,+0.511,2,+0.000,+0.000,+0.04832,+0.000,+1.208,+0.000,+0.000,+0.001,+1.209,2,+0.000,+0.000,-0.02207,+0.000,-0.552,+0.000,+0.000,+0.001,-0.550,2,+0.000,-0.001,-0.03894,-0.001,-0.973,+0.002,+0.000,+0.001,-0.970,0,-0.001,+0.000,-0.459,+0.659
DRV,26722,+0.0000,+0.0000,+0.0000,+0.0000,+0.0000,+0.0000,+0.000,+0.000,-0.00093,+0.0001,+0.0000,-0.004,2,1,+0.000,+0.000,+0.02018,+0.000,+0.505,+0.000,+0.000,-0.000,+0.504,2,+0.000,-0.007,+0.04851,-0.007,+1.213,+0.013,+0.000,-0.000,+1.226,2,+0.000,+0.000,-0.02226,+0.000,-0.557,+0.000,+0.000,-0.000,-0.557,0,+0.000,-0.002,-0.03875,-0.002,-0.969,+0.004,+0.000,-0.000,-0.965,0,-0.002,-0.007,-0.461,+0.669
DRV,26726,+0.0000,+0.0000,+0.0000,+0.0000,+0.0000,+0.0000,+0.000,+0.000,-0.00093,+0.0006,+0.0000,-0.025,2,1,+0.000,+0.000,+0.02018,+0.000,+0.505,+0.000,+0.000,-0.002,+0.503,2,+0.000,+0.000,+0.04851,+0.000,+1.213,+0.000,+0.000,-0.002,+1.211,0,+0.000,+0.000,-0.02226,+0.000,-0.557,+0.000,+0.000,-0.002,-0.559,0,+0.000,-0.001,-0.03875,-0.001,-0.969,+0.003,+0.000,-0.002,-0.968,2,-0.001,+0.000,-0.465,+0.652
DRV,26730,+0.0000,+0.0000,+0.0000,+0.0000,+0.0000,+0.0000,+0.000,+0.000,-0.00093,+0.0001,+0.0000,-0.004,2,1,+0.000,+0.000,+0.02018,+0.000,+0.505,+0.000,+0.000,-0.000,+0.504,0,+0.000,+0.000,+0.04851,+0.000,+1.213,+0.000,+0.000,-0.000,+1.213,0,+0.000,+0.000,-0.02226,+0.000,-0.557,+0.000,+0.000,-0.000,-0.557,2,+0.000,+0.000,-0.03875,+0.000,-0.969,+0.000,+0.000,-0.000,-0.969,2,+0.000,+0.000,-0.465,+0.656
DRV,26734,+0.0000,+0.0000,+0.0000,+0.0000,+0.0000,+0.0000,+0.000,+0.000,-0.00093,-0.0004,+0.0000,+0.017,2,1,+0.000,+0.000,+0.02030,+0.000,+0.507,+0.000,+0.000,+0.001,+0.509,0,+0.000,+0.000,+0.04863,+0.000,+1.216,+0.000,+0.000,+0.001,+1.217,0,+0.000,+0.000,-0.02215,+0.000,-0.554,+0.000,+0.000,+0.001,-0.552,2,+0.000,+0.003,-0.03902,+0.003,-0.975,-0.007,+0.000,+0.001,-0.981,2,+0.003,+0.000,-0.472,+0.665
DRV,26738,+0.0000,+0.0000,+0.0000,+0.0000,+0.0000,+0.0000,+0.000,+0.000,-0.00093,-0.0004,+0.0000,+0.017,2,1,+0.000,+0.000,+0.02030,+0.000,+0.507,+0.000,+0.000,+0.001,+0.509,0,+0.000,+0.010,+0.04863,+0.010,+1.216,-0.020,+0.000,+0.001,+1.197,2,+0.000,+0.000,-0.02215,+0.000,-0.554,+0.000,+0.000,+0.001,-0.552,2,+0.000,+0.000,-0.03902,+0.000,-0.975,+0.000,+0.000,+0.001,-0.974,2,+0.000,+0.010,-0.465,+0.645
DRV,26742,+0.0000,+0.0000,+0.0000,+0.0000,+0.0000,+0.0000,+0.000,+0.000,-0.00093,-0.0004,+0.0000,+0.017,2,1,+0.000,+0.000,+0.02038,+0.000,+0.509,+0.000,+0.000,+0.001,+0.511,2,+0.000,+0.004,+0.04832,+0.004,+1.208,-0.009,+0.000,+0.001,+1.201,2,+0.000,+0.000,-0.02207,+0.000,-0.552,+0.000,+0.000,+0.001,-0.550,2,+0.000,+0.000,-0.03894,+0.000,-0.973,+0.000,+0.000,+0.001,-0.972,2,+0.000,+0.004,-0.461,+0.650
DRV,26746,+0.0000,+0.0000,+0.0000,+0.0000,+0.0000,+0.0000,+0.000,+0.000,-0.00093,-0.0010,+0.0000,+0.039,2,1,+0.000,+0.000,+0.02018,+0.000,+0.505,+0.000,+0.000,+0.003,+0.508,2,+0.000,-0.016,+0.04851,-0.016,+1.213,+0.031,+0.000,+0.003,+1.247,2,+0.000,+0.000,-0.02226,+0.000,-0.557,+0.000,+0.000,+0.003,-0.553,2,+0.000,-0.007,-0.03875,-0.007,-0.969,+0.014,+0.000,+0.003,-0.951,2,-0.007,-0.016,-0.444,+0.694
DRV,26750,+0.0000,+0.0000,+0.0000,+0.0000,+0.0000,+0.0000,+0.000,+0.000,-0.00094,-0.0015,+0.0000,+0.060,2,1,+0.000,+0.000,+0.02018,+0.000,+0.505,-0.001,+0.000,+0.005,+0.508,2,+0.000,-0.009,+0.04851,-0.009,+1.213,+0.017,+0.000,+0.005,+1.235,2,+0.000,+0.000,-0.02226,+0.000,-0.557,+0.000,+0.000,+0.005,-0.552,2,+0.000,+0.000,-0.03875,+0.000,-0.969,+0.000,+0.000,+0.005,-0.964,2,+0.000,-0.009,-0.455,+0.683
DRV,26754,+0.0000,+0.0000,+0.0000,+0.0000,+0.0000,+0.0000,+0.000,+0.000,-0.00094,-0.0007,+0.0000,+0.028,2,1,+0.000,+0.000,+0.02018,+0.000,+0.505,+0.000,+0.000,+0.002,+0.507,2,+0.000,+0.000,+0.04851,+0.000,+1.213,+0.000,+0.000,+0.002,+1.215,2,+0.000,+0.000,-0.02226,+0.000,-0.557,+0.000,+0.000,+0.002,-0.554,2,+0.000,+0.006,-0.03875,+0.006,-0.969,-0.011,+0.000,+0.002,-0.978,0,+0.006,+0.000,-0.471,+0.661
DRV,26758,+0.0000,+0.0000,+0.0000,+0.0000,+0.0000,+0.0000,+0.000,+0.000,-0.00094,+0.0001,+0.0000,-0.004,2,1,+0.000,+0.000,+0.02038,+0.000,+0.509,+0.000,+0.000,-0.000,+0.509,2,+0.000,+0.015,+0.04832,+0.015,+1.208,-0.030,+0.000,-0.000,+1.178,2,+0.000,+0.000,-0.02207,+0.000,-0.552,+0.000,+0.000,-0.000,-0.552,0,+0.000,+0.002,-0.03894,+0.002,-0.973,-0.004,+0.000,-0.000,-0.978,0,+0.002,+0.015,-0.469,+0.626
DRV,26762,+0.0000,+0.0000,+0.0000,+0.0000,+0.0000,+0.0000,+0.000,+0.000,-0.00094,-0.0002,+0.0000,+0.006,2,1,+0.000,+0.000,+0.02038,+0.000,+0.509,+0.000,+0.000,+0.001,+0.510,2,+0.000,+0.000,+0.04832,+0.000,+1.208,+0.000,+0.000,+0.001,+1.209,2,+0.000,+0.000,-0.02207,+0.000,-0.552,+0.000,+0.000,+0.001,-0.551,0,+0.000,+0.001,-0.03894,+0.001,-0.973,-0.003,+0.000,+0.001,-0.976,2,+0.001,+0.000,-0.466,+0.657
DRV,26766,+0.0000,+0.0000,+0.0000,+0.0000,+0.0000,+0.0000,+0.000,+0.000,-0.00094,-0.0004,+0.0000,+0.017,2,1,+0.000,+0.000,+0.02030,+0.000,+0.507,+0.000,+0.000,+0.001,+0.509,2,+0.000,-0.017,+0.04863,-0.017,+1.216,+0.033,+0.000,+0.001,+1.250,0,+0.000,+0.000,-0.02215,+0.000,-0.554,+0.000,+0.000,+0.001,-0.552,2,+0.000,+0.000,-0.03902,+0.000,-0.975,+0.000,+0.000,+0.001,-0.974,2,+0.000,-0.017,-0.465,+0.698
DRV,26770,+0.0000,+0.0000,+0.0000,+0.0000,+0.0000,+0.0000,+0.000,+0.000,-0.00095,-0.0002,+0.0000,+0.006,2,1,+0.000,+0.000,+0.02018,+0.000,+0.505,+0.000,+0.000,+0.001,+0.505,0,+0.000,+0.000,+0.04851,+0.000,+1.213,+0.000,+0.000,+0.001,+1.213,0,+0.000,+0.000,-0.02226,+0.000,-0.557,+0.000,+0.000,+0.001,-0.556,2,+0.000,-0.002,-0.03875,-0.002,-0.969,+0.005,+0.000,+0.001,-0.963,2,-0.002,+0.000,-0.458,+0.657
DRV,26774,+0.0000,+0.0000,+0.0000,+0.0000,+0.0000,+0.0000,+0.000,+0.000,-0.00095,+0.0001,+0.0000,-0.004,2,1,+0.000,+0.000,+0.02018,+0.000,+0.505,+0.000,+0.000,-0.000,+0.504,0,+0.000,+0.010,+0.04851,+0.010,+1.213,-0.019,+0.000,-0.000,+1.193,2,+0.000,+0.000,-0.02226,+0.000,-0.557,+0.000,+0.000,-0.000,-0.557,2,+0.000,+0.000,-0.03875,+0.000,-0.969,+0.000,+0.000,-0.000,-0.969,2,+0.000,+0.010,-0.465,+0.637
DRV,26778,+0.0000,+0.0000,+0.0000,+0.0000,+0.0000,+0.0000,+0.000,+0.000,-0.00095,+0.0001,+0.0000,-0.004,2,1,+0.000,+0.000,+0.02018,+0.000,+0.505,+0.000,+0.000,-0.000,+0.504,2,+0.000,+0.000,+0.04851,+0.000,+1.213,+0.000,+0.000,-0.000,+1.213,2,+0.000,+0.000,-0.02226,+0.000,-0.557,+0.000,+0.000,-0.000,-0.557,2,+0.000,+0.000,-0.03875,+0.000,-0.969,+0.000,+0.000,-0.000,-0.969,2,+0.000,+0.000,-0.465,+0.656
DRV,26782,+0.0000,+0.0000,+0.0000,+0.0000,+0.0000,+0.0000,+0.000,+0.000,-0.00094,+0.0001,+0.0000,-0.004,2,1,+0.000,+0.000,+0.02018,+0.000,+0.505,+0.000,+0.000,-0.000,+0.504,2,+0.000,+0.000,+0.04851,+0.000,+1.213,+0.000,+0.000,-0.000,+1.213,2,+0.000,+0.000,-0.02226,+0.000,-0.557,+0.000,+0.000,-0.000,-0.557,2,+0.000,+0.004,-0.03875,+0.004,-0.969,-0.008,+0.000,-0.000,-0.977,2,+0.004,+0.000,-0.472,+0.656
DRV,26786,+0.0000,+0.0000,+0.0000,+0.0000,+0.0000,+0.0000,+0.000,+0.000,-0.00094,+0.0001,+0.0000,-0.004,2,1,+0.000,+0.000,+0.02030,+0.000,+0.507,+0.000,+0.000,-0.000,+0.507,2,+0.000,+0.000,+0.04863,+0.000,+1.216,+0.000,+0.000,-0.000,+1.215,2,+0.000,+0.000,-0.02215,+0.000,-0.554,+0.000,+0.000,-0.000,-0.554,2,+0.000,+0.000,-0.03902,+0.000,-0.975,+0.000,+0.000,-0.000,-0.976,2,+0.000,+0.000,-0.469,+0.661
DRV,26790,+0.0000,+0.0000,+0.0000,+0.0000,+0.0000,+0.0000,+0.000,+0.000,-0.00094,+0.0001,+0.0000,-0.004,2,1,+0.000,+0.000,+0.02030,+0.000,+0.507,+0.000,+0.000,-0.000,+0.507,2,+0.000,+0.000,+0.04863,+0.000,+1.216,+0.000,+0.000,-0.000,+1.215,2,+0.000,+0.000,-0.02215,+0.000,-0.554,+0.000,+0.000,-0.000,-0.554,2,+0.000,+0.000,-0.03902,+0.000,-0.975,+0.000,+0.000,-0.000,-0.976,0,+0.000,+0.000,-0.469,+0.661
DRV,26794,+0.0000,+0.0000,+0.0000,+0.0000,+0.0000,+0.0000,+0.000,+0.000,-0.00094,+0.0001,+0.0000,-0.004,2,1,+0.000,+0.000,+0.02026,+0.000,+0.507,+0.000,+0.000,-0.000,+0.506,2,+0.000,+0.006,+0.04821,+0.006,+1.205,-0.011,+0.000,-0.000,+1.193,2,+0.000,+0.000,-0.02218,+0.000,-0.555,+0.000,+0.000,-0.000,-0.555,0,+0.000,-0.004,-0.03867,-0.004,-0.967,+0.009,+0.000,-0.000,-0.958,0,-0.004,+0.006,-0.452,+0.639
DRV,26798,+0.0000,+0.0000,+0.0000,+0.0000,+0.0000,+0.0000,+0.000,+0.000,-0.00094,+0.0001,+0.0000,-0.004,2,1,+0.000,+0.000,+0.02018,+0.000,+0.505,+0.000,+0.000,-0.000,+0.504,2,+0.000,-0.012,+0.04851,-0.012,+1.213,+0.025,+0.000,-0.000,+1.237,2,+0.000,+0.000,-0.02226,+0.000,-0.557,+0.000,+0.000,-0.000,-0.557,0,+0.000,-0.000,-0.03875,-0.000,-0.969,+0.001,+0.000,-0.000,-0.968,0,-0.000,-0.012,-0.464,+0.680
DRV,26802,+0.0000,+0.0000,+0.0000,+0.0000,+0.0000,+0.0000,+0.000,+0.000,-0.00094,-0.0002,+0.0000,+0.006,2,1,+0.000,+0.000,+0.02018,+0.000,+0.505,+0.000,+0.000,+0.001,+0.505,2,+0.000,-0.004,+0.04851,-0.004,+1.213,+0.009,+0.000,+0.001,+1.222,0,+0.000,+0.000,-0.02226,+0.000,-0.557,+0.000,+0.000,+0.001,-0.556,0,+0.000,+0.000,-0.03875,+0.000,-0.969,+0.000,+0.000,+0.001,-0.968,2,+0.000,-0.004,-0.463,+0.666
DRV,26806,+0.0000,+0.0000,+0.0000,+0.0000,+0.0000,+0.0000,+0.000,+0.000,-0.00094,-0.0004,+0.0000,+0.017,2,1,+0.000,+0.000,+0.02018,+0.000,+0.505,+0.000,+0.000,+0.001,+0.506,0,+0.000,+0.000,+0.04851,+0.000,+1.213,+0.000,+0.000,+0.001,+1.214,0,+0.000,+0.000,-0.02226,+0.000,-0.557,+0.000,+0.000,+0.001,-0.555,0,+0.000,+0.000,-0.03875,+0.000,-0.969,+0.000,+0.000,+0.001,-0.967,2,+0.000,+0.000,-0.461,+0.659
DRV,26810,+0.0000,+0.0000,+0.0000,+0.0000,+0.0000,+0.0000,+0.000,+0.000,-0.00095,-0.0010,+0.0000,+0.038,2,1,+0.000,+0.000,+0.02018,+0.000,+0.505,+0.000,+0.000,+0.003,+0.508,2,+0.000,+0.003,+0.04851,+0.003,+1.213,-0.007,+0.000,+0.003,+1.209,2,+0.000,+0.000,-0.02226,+0.000,-0.557,+0.000,+0.000,+0.003,-0.553,2,+0.000,+0.002,-0.03875,+0.002,-0.969,-0.005,+0.000,+0.003,-0.970,2,+0.002,+0.003,-0.463,+0.656
DRV,26814,+0.0000,+0.0000,+0.0000,+0.0000,+0.0000,+0.0000,+0.000,+0.000,-0.00095,-0.0015,+0.0000,+0.060,2,1,+0.000,+0.000,+0.02030,+0.000,+0.507,+0.000,+0.000,+0.005,+0.512,2,+0.000,+0.000,+0.04863,+0.000,+1.216,+0.000,+0.000,+0.005,+1.220,2,+0.000,+0.000,-0.02215,+0.000,-0.554,+0.000,+0.000,+0.005,-0.549,2,+0.000,+0.000,-0.03902,+0.000,-0.975,+0.000,+0.000,+0.005,-0.971,2,+0.000,+0.000,-0.459,+0.671
DRV,26818,+0.0000,+0.0000,+0.0000,+0.0000,+0.0000,+0.0000,+0.000,+0.000,-0.00096,-0.0007,+0.0000,+0.027,2,1,+0.000,+0.000,+0.02030,+0.000,+0.507,+0.000,+0.000,+0.002,+0.510,2,+0.000,+0.000,+0.04863,+0.000,+1.216,+0.000,+0.000,+0.002,+1.218,2,+0.000,+0.000,-0.02215,+0.000,-0.554,+0.000,+0.000,+0.002,-0.552,2,+0.000,+0.000,-0.03902,+0.000,-0.975,+0.000,+0.000,+0.002,-0.973,2,+0.000,+0.000,-0.464,+0.666
DRV,26822,+0.0000,+0.0000,+0.0000,+0.0000,+0.0000,+0.0000,+0.000,+0.000,-0.00096,+0.0001,+0.0000,-0.004,2,1,+0.000,+0.000,+0.02018,+0.000,+0.505,+0.000,+0.000,-0.000,+0.504,2,+0.000,+0.000,+0.04851,+0.000,+1.213,+0.000,+0.000,-0.000,+1.212,2,+0.000,+0.000,-0.02226,+0.000,-0.557,+0.000,+0.000,-0.000,-0.557,2,+0.000,+0.000,-0.03875,+0.000,-0.969,+0.000,+0.000,-0.000,-0.969,2,+0.000,+0.000,-0.465,+0.656
DRV,26826,+0.0000,+0.0000,+0.0000,+0.0000,+0.0000,+0.0000,+0.000,+0.000,-0.00096,-0.0002,+0.0000,+0.006,2,1,+0.000,+0.000,+0.02018,+0.000,+0.505,+0.000,+0.000,+0.000,+0.505,2,+0.000,+0.003,+0.04851,+0.003,+1.213,-0.006,+0.000,+0.000,+1.208,2,+0.000,+0.000,-0.02226,+0.000,-0.557,+0.000,+0.000,+0.000,-0.556,2,+0.000,+0.000,-0.03875,+0.000,-0.969,+0.000,+0.000,+0.000,-0.968,2,+0.000,+0.003,-0.463,+0.652
DRV,26830,+0.0000,+0.0000,+0.0000,+0.0000,+0.0000,+0.0000,+0.000,+0.000,-0.00096,-0.0004,+0.0000,+0.017,2,1,+0.000,+0.000,+0.02018,+0.000,+0.505,+0.000,+0.000,+0.001,+0.506,2,+0.000,+0.000,+0.04851,+0.000,+1.213,+0.000,+0.000,+0.001,+1.214,2,+0.000,+0.000,-0.02226,+0.000,-0.557,+0.000,+0.000,+0.001,-0.555,2,+0.000,+0.000,-0.03875,+0.000,-0.969,+0.000,+0.000,+0.001,-0.967,0,+0.000,+0.000,-0.461,+0.659
DRV,26834,+0.0000,+0.0000,+0.0000,+0.0000,+0.0000,+0.0000,+0.000,+0.000,-0.00096,+0.0004,+0.0000,-0.015,2,1,+0.000,+0.000,+0.02018,+0.000,+0.505,+0.000,+0.000,-0.001,+0.503,2,+0.000,+0.000,+0.04851,+0.000,+1.213,+0.000,+0.000,-0.001,+1.212,2,+0.000,+0.000,-0.02226,+0.000,-0.557,+0.000,+0.000,-0.001,-0.558,0,+0.000,+0.005,-0.03875,+0.005,-0.969,-0.010,+0.000,-0.001,-0.980,0,+0.005,+0.000,-0.477,+0.654
DRV,26838,+0.0000,+0.0000,+0.0000,+0.0000,+0.0000,+0.0000,+0.000,+0.000,-0.00095,+0.0012,+0.0000,-0.047,2,1,+0.000,+0.000,+0.02018,+0.000,+0.505,+0.000,+0.000,-0.004,+0.501,0,+0.000,+0.000,+0.04851,+0.000,+1.213,+0.000,+0.000,-0.004,+1.209,0,+0.000,+0.000,-0.02226,+0.000,-0.557,+0.000,+0.000,-0.004,-0.560,0,+0.000,+0.000,-0.03875,+0.000,-0.969,+0.000,+0.000,-0.004,-0.972,2,+0.000,+0.000,-0.472,+0.649
DRV,26842,+0.0000,+0.0000,+0.0000,+0.0000,+0.0000,+0.0000,+0.000,+0.000,-0.00095,+0.0006,+0.0000,-0.026,2,1,+0.000,+0.000,+0.02018,+0.000,+0.505,+0.000,+0.000,-0.002,+0.503,0,+0.000,+0.000,+0.04851,+0.000,+1.213,+0.000,+0.000,-0.002,+1.211,0,+0.000,+0.000,-0.02226,+0.000,-0.557,+0.000,+0.000,-0.002,-0.559,2,+0.000,+0.000,-0.03875,+0.000,-0.969,+0.000,+0.000,-0.002,-0.971,2,+0.000,+0.000,-0.468,+0.652
DRV,26846,+0.0000,+0.0000,+0.0000,+0.0000,+0.0000,+0.0000,+0.000,+0.000,-0.00095,+0.0001,+0.0000,-0.004,2,1,+0.000,+0.000,+0.02018,+0.000,+0.505,+0.000,+0.000,-0.000,+0.504,0,+0.000,-0.009,+0.04851,-0.009,+1.213,+0.017,+0.000,-0.000,+1.230,0,+0.000,+0.000,-0.02226,+0.000,-0.557,+0.000,+0.000,-0.000,-0.557,2,+0.000,+0.000,-0.03875,+0.000,-0.969,+0.000,+0.000,-0.000,-0.969,2,+0.000,-0.009,-0.465,+0.673
DRV,26850,+0.0000,+0.0000,+0.0000,+0.0000,+0.0000,+0.0000,+0.000,+0.000,-0.00095,-0.0002,+0.0000,+0.006,2,1,+0.000,+0.000,+0.02018,+0.000,+0.505,+0.000,+0.000,+0.001,+0.505,0,+0.000,+0.000,+0.04851,+0.000,+1.213,+0.000,+0.000,+0.001,+1.213,2,+0.000,+0.000,-0.02226,+0.000,-0.557,+0.000,+0.000,+0.001,-0.556,2,+0.000,+0.000,-0.03875,+0.000,-0.969,+0.000,+0.000,+0.001,-0.968,2,+0.000,+0.000,-0.463,+0.657
DRV,26854,+0.0000,+0.0000,+0.0000,+0.0000,+0.0000,+0.0000,+0.000,+0.000,-0.00095,-0.0004,+0.0000,+0.017,2,1,+0.000,+0.000,+0.02018,+0.000,+0.505,+0.000,+0.000,+0.001,+0.506,2,+0.000,+0.010,+0.04851,+0.010,+1.213,-0.019,+0.000,+0.001,+1.195,2,+0.000,+0.000,-0.02226,+0.000,-0.557,+0.000,+0.000,+0.001,-0.555,2,+0.000,+0.000,-0.03875,+0.000,-0.969,+0.000,+0.000,+0.001,-0.967,2,+0.000,+0.010,-0.461,+0.640
DRV,26858,+0.0000,+0.0000,+0.0000,+0.0000,+0.0000,+0.0000,+0.000,+0.000,-0.00095,-0.0007,+0.0000,+0.028,2,1,+0.000,+0.000,+0.02018,+0.000,+0.505,+0.000,+0.000,+0.002,+0.507,2,+0.000,+0.003,+0.04851,+0.003,+1.213,-0.006,+0.000,+0.002,+1.209,2,+0.000,+0.000,-0.02226,+0.000,-0.557,+0.000,+0.000,+0.002,-0.554,2,+0.000,+0.000,-0.03875,+0.000,-0.969,+0.000,+0.000,+0.002,-0.966,2,+0.000,+0.003,-0.460,+0.655
DRV,26862,+0.0000,+0.0000,+0.0000,+0.0000,+0.0000,+0.0000,+0.000,+0.000,-0.00096,-0.0010,+0.0000,+0.038,2,1,+0.000,+0.000,+0.02018,+0.000,+0.505,+0.000,+0.000,+0.003,+0.508,2,+0.000,-0.000,+0.04851,-0.000,+1.213,+0.001,+0.000,+0.003,+1.217,2,+0.000,+0.000,-0.02226,+0.000,-0.557,+0.000,+0.000,+0.003,-0.553,2,+0.000,+0.000,-0.03875,+0.000,-0.969,+0.000,+0.000,+0.003,-0.966,2,+0.000,-0.000,-0.458,+0.663
DRV,26866,+0.0000,+0.0000,+0.0000,+0.0000,+0.0000,+0.0000,+0.000,+0.000,-0.00096,-0.0002,+0.0000,+0.006,2,1,+0.000,+0.000,+0.02030,+0.000,+0.507,+0.000,+0.000,+0.000,+0.508,2,+0.000,-0.004,+0.04863,-0.004,+1.216,+0.009,+0.000,+0.000,+1.225,2,+0.000,+0.000,-0.02215,+0.000,-0.554,+0.000,+0.000,+0.000,-0.553,2,+0.000,+0.000,-0.03902,+0.000,-0.975,-0.001,+0.000,+0.000,-0.976,0,+0.000,-0.004,-0.468,+0.671
DRV,26870,+0.0000,+0.0000,+0.0000,+0.0000,+0.0000,+0.0000,+0.000,+0.000,-0.00096,+0.0006,+0.0000,-0.026,2,1,+0.000,+0.000,+0.02030,+0.000,+0.507,+0.000,+0.000,-0.002,+0.505,2,+0.000,+0.000,+0.04863,+0.000,+1.216,+0.000,+0.000,-0.002,+1.214,2,+0.000,+0.000,-0.02215,+0.000,-0.554,+0.000,+0.000,-0.002,-0.556,0,+0.000,+0.000,-0.03902,+0.000,-0.975,+0.000,+0.000,-0.002,-0.977,0,+0.000,+0.000,-0.472,+0.658
DRV,26874,+0.0000,+0.0000,+0.0000,+0.0000,+0.0000,+0.0000,+0.000,+0.000,-0.00096,-0.0002,+0.0000,+0.006,2,1,+0.000,+0.000,+0.02030,+0.000,+0.507,+0.000,+0.000,+0.000,+0.508,2,+0.000,+0.004,+0.04863,+0.004,+1.216,-0.009,+0.000,+0.000,+1.208,2,+0.000,+0.000,-0.02215,+0.000,-0.554,+0.000,+0.000,+0.000,-0.553,0,+0.000,+0.000,-0.03902,+0.000,-0.975,+0.000,+0.000,+0.000,-0.975,2,+0.000,+0.004,-0.467,+0.654
DRV,26878,+0.0000,+0.0000,+0.0000,+0.0000,+0.0000,+0.0000,+0.000,+0.000,-0.00096,-0.0010,+0.0000,+0.038,2,1,+0.000,+0.000,+0.02018,+0.000,+0.505,+0.000,+0.000,+0.003,+0.508,2,+0.000,+0.000,+0.04851,+0.000,+1.213,+0.000,+0.000,+0.003,+1.216,0,+0.000,+0.000,-0.02226,+0.000,-0.557,+0.000,+0.000,+0.003,-0.554,2,+0.000,+0.000,-0.03875,+0.000,-0.969,+0.000,+0.000,+0.003,-0.966,2,+0.000,+0.000,-0.458,+0.662
DRV,26882,+0.0000,+0.0000,+0.0000,+0.0000,+0.0000,+0.0000,+0.000,+0.000,-0.00096,-0.0002,+0.0000,+0.006,2,1,+0.000,+0.000,+0.02018,+0.000,+0.505,+0.000,+0.000,+0.000,+0.505,0,+0.000,+0.000,+0.04851,+0.000,+1.213,+0.000,+0.000,+0.000,+1.213,0,+0.000,+0.000,-0.02226,+0.000,-0.557,+0.000,+0.000,+0.000,-0.556,2,+0.000,+0.000,-0.03875,+0.000,-0.969,+0.000,+0.000,+0.000,-0.968,2,+0.000,+0.000,-0.463,+0.657
DRV,26886,+0.0000,+0.0000,+0.0000,+0.0000,+0.0000,+0.0000,+0.000,+0.000,-0.00096,+0.0006,+0.0000,-0.026,2,1,+0.000,+0.000,+0.02018,+0.000,+0.505,+0.000,+0.000,-0.002,+0.503,0,+0.000,+0.007,+0.04851,+0.007,+1.213,-0.013,+0.000,-0.002,+1.197,2,+0.000,+0.000,-0.02226,+0.000,-0.557,+0.000,+0.000,-0.002,-0.559,2,+0.000,+0.000,-0.03875,+0.000,-0.969,+0.000,+0.000,-0.002,-0.971,2,+0.000,+0.007,-0.468,+0.639
DRV,26890,+0.0000,+0.0000,+0.0000,+0.0000,+0.0000,+0.0000,+0.000,+0.000,-0.00096,-0.0002,+0.0000,+0.006,2,1,+0.000,+0.000,+0.02018,+0.000,+0.505,+0.000,+0.000,+0.000,+0.505,2,+0.000,+0.002,+0.04851,+0.002,+1.213,-0.005,+0.000,+0.000,+1.209,2,+0.000,+0.000,-0.02226,+0.000,-0.557,+0.000,+0.000,+0.000,-0.556,2,+0.000,+0.000,-0.03875,+0.000,-0.969,+0.000,+0.000,+0.000,-0.968,2,+0.000,+0.002,-0.463,+0.653
DRV,26894,+0.0000,+0.0000,+0.0000,+0.0000,+0.0000,+0.0000,+0.000,+0.000,-0.00096,-0.0010,+0.0000,+0.038,2,1,+0.000,+0.000,+0.02018,+0.000,+0.505,+0.000,+0.000,+0.003,+0.508,2,+0.000,-0.014,+0.04851,-0.014,+1.213,+0.028,+0.000,+0.003,+1.244,2,+0.000,+0.000,-0.02226,+0.000,-0.557,+0.000,+0.000,+0.003,-0.554,2,+0.000,+0.000,-0.03875,+0.000,-0.969,+0.000,+0.000,+0.003,-0.966,2,+0.000,-0.014,-0.458,+0.690
DRV,26898,+0.0000,+0.0000,+0.0000,+0.0000,+0.0000,+0.0000,+0.000,+0.000,-0.00097,-0.0004,+0.0000,+0.017,2,1,+0.000,+0.000,+0.02018,+0.000,+0.505,+0.000,+0.000,+0.001,+0.506,2,+0.000,+0.000,+0.04851,+0.000,+1.213,+0.000,+0.000,+0.001,+1.214,2,+0.000,+0.000,-0.02226,+0.000,-0.557,+0.000,+0.000,+0.001,-0.555,2,+0.000,+0.000,-0.03875,+0.000,-0.969,+0.000,+0.000,+0.001,-0.967,2,+0.000,+0.000,-0.461,+0.659
DRV,26902,+0.0000,+0.0000,+0.0000,+0.0000,+0.0000,+0.0000,+0.000,+0.000,-0.00097,+0.0001,+0.0000,-0.005,2,1,+0.000,+0.000,+0.02018,+0.000,+0.505,+0.000,+0.000,-0.000,+0.504,2,+0.000,+0.010,+0.04851,+0.010,+1.213,-0.020,+0.000,-0.000,+1.192,2,+0.000,+0.000,-0.02226,+0.000,-0.557,+0.000,+0.000,-0.000,-0.557,2,+0.000,+0.000,-0.03875,+0.000,-0.969,+0.000,+0.000,-0.000,-0.969,0,+0.000,+0.010,-0.465,+0.636
DRV,26906,+0.0000,+0.0000,+0.0000,+0.0000,+0.0000,+0.0000,+0.000,+0.000,-0.00097,-0.0004,+0.0000,+0.017,2,1,+0.000,+0.000,+0.02018,+0.000,+0.505,+0.000,+0.000,+0.001,+0.506,2,+0.000,+0.003,+0.04851,+0.003,+1.213,-0.006,+0.000,+0.001,+1.208,2,+0.000,+0.000,-0.02226,+0.000,-0.557,+0.000,+0.000,+0.001,-0.555,0,+0.000,-0.001,-0.03875,-0.001,-0.969,+0.003,+0.000,+0.001,-0.964,0,-0.001,+0.003,-0.459,+0.653
DRV,26910,+0.0000,+0.0000,+0.0000,+0.0000,+0.0000,+0.0000,+0.000,+0.000,-0.00097,-0.0009,+0.0000,+0.038,2,1,+0.000,+0.000,+0.02018,+0.000,+0.505,+0.000,+0.000,+0.003,+0.508,2,+0.000,-0.010,+0.04851,-0.010,+1.213,+0.021,+0.000,+0.003,+1.237,2,+0.000,+0.000,-0.02226,+0.000,-0.557,+0.000,+0.000,+0.003,-0.554,0,+0.000,+0.000,-0.03875,+0.000,-0.969,+0.000,+0.000,+0.003,-0.966,2,+0.000,-0.010,-0.458,+0.683
DRV,26914,+0.0000,+0.0000,+0.0000,+0.0000,+0.0000,+0.0000,+0.000,+0.000,-0.00097,+0.0001,+0.0000,-0.005,2,1,+0.000,+0.000,+0.02018,+0.000,+0.505,+0.000,+0.000,-0.000,+0.504,2,+0.000,+0.000,+0.04851,+0.000,+1.213,+0.000,+0.000,-0.000,+1.212,0,+0.000,+0.000,-0.02226,+0.000,-0.557,+0.000,+0.000,-0.000,-0.557,0,+0.000,+0.000,-0.03875,+0.000,-0.969,+0.000,+0.000,-0.000,-0.969,2,+0.000,+0.000,-0.465,+0.656
DRV,26918,+0.0000,+0.0000,+0.0000,+0.0000,+0.0000,+0.0000,+0.000,+0.000,-0.00097,+0.0012,+0.0000,-0.047,2,1,+0.000,+0.000,+0.02018,+0.000,+0.505,+0.000,+0.000,-0.004,+0.501,0,+0.000,+0.007,+0.04851,+0.007,+1.213,-0.014,+0.000,-0.004,+1.195,0,+0.000,+0.000,-0.02226,+0.000,-0.557,+0.000,+0.000,-0.004,-0.560,2,+0.000,+0.000,-0.03875,+0.000,-0.969,+0.000,+0.000,-0.004,-0.972,2,+0.000,+0.007,-0.472,+0.634
DRV,26922,+0.0000,+0.0000,+0.0000,+0.0000,+0.0000,+0.0000,+0.000,+0.000,-0.00096,+0.0001,+0.0000,-0.005,2,1,+0.000,+0.000,+0.02018,+0.000,+0.505,+0.000,+0.000,-0.000,+0.504,0,+0.000,+0.000,+0.04851,+0.000,+1.213,+0.000,+0.000,-0.000,+1.212,2,+0.000,+0.000,-0.02226,+0.000,-0.557,+0.000,+0.000,-0.000,-0.557,2,+0.000,+0.000,-0.03875,+0.000,-0.969,+0.000,+0.000,-0.000,-0.969,2,+0.000,+0.000,-0.465,+0.656
DRV,26926,+0.0000,+0.0000,+0.0000,+0.0000,+0.0000,+0.0000,+0.000,+0.000,-0.00097,-0.0009,+0.0000,+0.038,2,1,+0.000,+0.000,+0.02018,+0.000,+0.505,+0.000,+0.000,+0.003,+0.508,2,+0.000,-0.011,+0.04851,-0.011,+1.213,+0.022,+0.000,+0.003,+1.238,2,+0.000,+0.000,-0.02226,+0.000,-0.557,+0.000,+0.000,+0.003,-0.554,2,+0.000,+0.000,-0.03875,+0.000,-0.969,+0.000,+0.000,+0.003,-0.966,2,+0.000,-0.011,-0.458,+0.684
DRV,26930,+0.0000,+0.0000,+0.0000,+0.0000,+0.0000,+0.0000,+0.000,+0.000,-0.00097,-0.0004,+0.0000,+0.017,2,1,+0.000,+0.000,+0.02010,+0.000,+0.503,+0.000,+0.000,+0.001,+0.504,2,+0.000,-0.001,+0.04882,-0.001,+1.220,+0.002,+0.000,+0.001,+1.224,2,+0.000,+0.000,-0.02234,+0.000,-0.559,+0.000,+0.000,+0.001,-0.557,2,+0.000,+0.000,-0.03883,+0.000,-0.971,+0.000,+0.000,+0.001,-0.969,2,+0.000,-0.001,-0.465,+0.666
DRV,26934,+0.0000,+0.0000,+0.0000,+0.0000,+0.0000,+0.0000,+0.000,+0.000,-0.00097,+0.0001,+0.0000,-0.005,2,1,+0.000,+0.000,+0.02010,+0.000,+0.503,+0.000,+0.000,-0.000,+0.502,2,+0.000,+0.000,+0.04882,+0.000,+1.220,+0.000,+0.000,-0.000,+1.220,2,+0.000,+0.000,-0.02234,+0.000,-0.559,+0.000,+0.000,-0.000,-0.559,2,+0.000,+0.000,-0.03883,+0.000,-0.971,+0.000,+0.000,-0.000,-0.971,2,+0.000,+0.000,-0.469,+0.661
DRV,26938,+0.0000,+0.0000,+0.0000,+0.0000,+0.0000,+0.0000,+0.000,+0.000,-0.00097,-0.0001,+0.0000,+0.006,2,1,+0.000,+0.000,+0.02018,+0.000,+0.505,+0.000,+0.000,+0.000,+0.505,2,+0.000,+0.016,+0.04851,+0.016,+1.213,-0.031,+0.000,+0.000,+1.182,2,+0.000,+0.000,-0.02226,+0.000,-0.557,+0.000,+0.000,+0.000,-0.556,2,+0.000,-0.001,-0.03875,-0.001,-0.969,+0.002,+0.000,+0.000,-0.966,2,-0.001,+0.016,-0.461,+0.626
DRV,26942,+0.0000,+0.0000,+0.0000,+0.0000,+0.0000,+0.0000,+0.000,+0.000,-0.00097,-0.0004,+0.0000,+0.017,2,1,+0.000,+0.000,+0.02026,+0.000,+0.507,+0.000,+0.000,+0.001,+0.508,2,+0.000,+0.000,+0.04821,+0.000,+1.205,+0.000,+0.000,+0.001,+1.207,2,+0.000,+0.000,-0.02218,+0.000,-0.555,+0.000,+0.000,+0.001,-0.553,2,+0.000,+0.000,-0.03867,+0.000,-0.967,+0.000,+0.000,+0.001,-0.965,0,+0.000,+0.000,-0.457,+0.653
DRV,26946,+0.0000,+0.0000,+0.0000,+0.0000,+0.0000,+0.0000,+0.000,+0.000,-0.00097,+0.0017,+0.0000,-0.069,2,1,+0.000,+0.000,+0.02018,+0.000,+0.505,+0.000,+0.000,-0.005,+0.499,2,+0.000,-0.015,+0.04851,-0.015,+1.213,+0.030,+0.000,-0.005,+1.237,2,+0.000,+0.000,-0.02226,+0.000,-0.557,+0.000,+0.000,-0.005,-0.562,0,+0.000,+0.000,-0.03875,+0.000,-0.969,-0.001,+0.000,-0.005,-0.975,0,+0.000,-0.015,-0.476,+0.675
DRV,26950,+0.0000,+0.0000,+0.0000,+0.0000,+0.0000,+0.0000,+0.000,+0.000,-0.00096,+0.0017,+0.0000,-0.068,2,1,+0.000,+0.000,+0.02018,+0.000,+0.505,+0.000,+0.000,-0.005,+0.499,2,+0.000,-0.003,+0.04851,-0.003,+1.213,+0.006,+0.000,-0.005,+1.213,0,+0.000,+0.000,-0.02226,+0.000,-0.557,+0.000,+0.000,-0.005,-0.562,0,+0.000,+0.000,-0.03875,+0.000,-0.969,+0.000,+0.000,-0.005,-0.974,2,+0.000,-0.003,-0.475,+0.651
DRV,26954,+0.0000,+0.0000,+0.0000,+0.0000,+0.0000,+0.0000,+0.000,+0.000,-0.00096,+0.0006,+0.0000,-0.026,2,1,+0.000,+0.000,+0.02018,+0.000,+0.505,+0.000,+0.000,-0.002,+0.503,0,+0.000,+0.003,+0.04851,+0.003,+1.213,-0.007,+0.000,-0.002,+1.204,0,+0.000,+0.000,-0.02226,+0.000,-0.557,+0.000,+0.000,-0.002,-0.559,2,+0.000,+0.000,-0.03875,+0.000,-0.969,+0.000,+0.000,-0.002,-0.971,2,+0.000,+0.003,-0.468,+0.645
DRV,26958,+0.0000,+0.0000,+0.0000,+0.0000,+0.0000,+0.0000,+0.000,+0.000,-0.00095,+0.0006,+0.0000,-0.026,2,1,+0.000,+0.000,+0.02018,+0.000,+0.505,+0.000,+0.000,-0.002,+0.503,0,+0.000,+0.006,+0.04851,+0.006,+1.213,-0.012,+0.000,-0.002,+1.198,2,+0.000,+0.000,-0.02226,+0.000,-0.557,+0.000,+0.000,-0.002,-0.559,2,+0.000,-0.000,-0.03875,-0.000,-0.969,+0.001,+0.000,-0.002,-0.970,2,-0.000,+0.006,-0.467,+0.640
DRV,26962,+0.0000,+0.0000,+0.0000,+0.0000,+0.0000,+0.0000,+0.000,+0.000,-0.00095,+0.0001,+0.0000,-0.004,2,1,+0.000,+0.000,+0.02018,+0.000,+0.505,+0.000,+0.000,-0.000,+0.504,0,+0.000,-0.003,+0.04851,-0.003,+1.213,+0.007,+0.000,-0.000,+1.219,2,+0.000,+0.000,-0.02226,+0.000,-0.557,+0.000,+0.000,-0.000,-0.557,2,+0.000,+0.000,-0.03875,+0.000,-0.969,+0.000,+0.000,-0.000,-0.969,2,+0.000,-0.003,-0.465,+0.662
DRV,26966,+0.0000,+0.0000,+0.0000,+0.0000,+0.0000,+0.0000,+0.000,+0.000,-0.00095,+0.0001,+0.0000,-0.004,2,1,+0.000,+0.000,+0.02018,+0.000,+0.505,+0.000,+0.000,-0.000,+0.504,2,+0.000,-0.006,+0.04851,-0.006,+1.213,+0.012,+0.000,-0.000,+1.225,2,+0.000,+0.000,-0.02226,+0.000,-0.557,+0.000,+0.000,-0.000,-0.557,2,+0.000,+0.003,-0.03875,+0.003,-0.969,-0.006,+0.000,-0.000,-0.975,2,+0.003,-0.006,-0.470,+0.668
DRV,26970,+0.0000,+0.0000,+0.0000,+0.0000,+0.0000,+0.0000,+0.000,+0.000,-0.00095,+0.0001,+0.0000,-0.004,2,1,+0.000,+0.000,+0.02030,+0.000,+0.507,+0.000,+0.000,-0.000,+0.507,2,+0.000,+0.000,+0.04863,+0.000,+1.216,+0.000,+0.000,-0.000,+1.215,2,+0.000,+0.000,-0.02215,+0.000,-0.554,+0.000,+0.000,-0.000,-0.554,2,+0.000,+0.006,-0.03902,+0.006,-0.975,-0.012,+0.000,-0.000,-0.988,2,+0.006,+0.000,-0.481,+0.661
DRV,26974,+0.0000,+0.0000,+0.0000,+0.0000,+0.0000,+0.0000,+0.000,+0.000,-0.00095,+0.0001,+0.0000,-0.004,2,1,+0.000,+0.000,+0.02030,+0.000,+0.507,+0.000,+0.000,-0.000,+0.507,2,+0.000,+0.010,+0.04863,+0.010,+1.216,-0.019,+0.000,-0.000,+1.196,2,+0.000,+0.000,-0.02215,+0.000,-0.554,+0.000,+0.000,-0.000,-0.554,2,+0.000,+0.002,-0.03902,+0.002,-0.975,-0.004,+0.000,-0.000,-0.980,2,+0.002,+0.010,-0.473,+0.642
DRV,26978,+0.0000,+0.0000,+0.0000,+0.0000,+0.0000,+0.0000,+0.000,+0.000,-0.00095,+0.0001,+0.0000,-0.004,2,1,+0.000,+0.000,+0.02038,+0.000,+0.509,+0.000,+0.000,-0.000,+0.509,2,+0.000,+0.000,+0.04832,+0.000,+1.208,+0.000,+0.000,-0.000,+1.208,2,+0.000,+0.000,-0.02207,+0.000,-0.552,+0.000,+0.000,-0.000,-0.552,2,+0.000,+0.000,-0.03894,+0.000,-0.973,+0.000,+0.000,-0.000,-0.974,0,+0.000,+0.000,-0.465,+0.656
DRV,26982,+0.0000,+0.0000,+0.0000,+0.0000,+0.0000,+0.0000,+0.000,+0.000,-0.00095,+0.0001,+0.0000,-0.004,2,1,+0.000,+0.000,+0.02018,+0.000,+0.505,+0.000,+0.000,-0.000,+0.504,2,+0.000,-0.005,+0.04851,-0.005,+1.213,+0.010,+0.000,-0.000,+1.222,2,+0.000,+0.000,-0.02226,+0.000,-0.557,+0.000,+0.000,-0.000,-0.557,0,+0.000,-0.007,-0.03875,-0.007,-0.969,+0.013,+0.000,-0.000,-0.956,0,-0.007,-0.005,-0.451,+0.665
DRV,26986,+0.0000,+0.0000,+0.0000,+0.0000,+0.0000,+0.0000,+0.000,+0.000,-0.00095,+0.0001,+0.0000,-0.004,2,1,+0.000,+0.000,+0.02018,+0.000,+0.505,+0.000,+0.000,-0.000,+0.504,2,+0.000,+0.000,+0.04851,+0.000,+1.213,+0.000,+0.000,-0.000,+1.212,0,+0.000,+0.000,-0.02226,+0.000,-0.557,+0.000,+0.000,-0.000,-0.557,0,+0.000,-0.004,-0.03875,-0.004,-0.969,+0.008,+0.000,-0.000,-0.961,2,-0.004,+0.000,-0.457,+0.656
DRV,26990,+0.0000,+0.0000,+0.0000,+0.0000,+0.0000,+0.0000,+0.000,+0.000,-0.00095,+0.0001,+0.0000,-0.004,2,1,+0.000,+0.000,+0.02018,+0.000,+0.505,+0.000,+0.000,-0.000,+0.504,2,+0.000,+0.000,+0.04851,+0.000,+1.213,+0.000,+0.000,-0.000,+1.212,0,+0.000,+0.000,-0.02226,+0.000,-0.557,+0.000,+0.000,-0.000,-0.557,2,+0.000,+0.000,-0.03875,+0.000,-0.969,+0.000,+0.000,-0.000,-0.969,2,+0.000,+0.000,-0.465,+0.656
DRV,26994,+0.0000,+0.0000,+0.0000,+0.0000,+0.0000,+0.0000,+0.000,+0.000,-0.00095,+0.0001,+0.0000,-0.004,2,1,+0.000,+0.000,+0.02030,+0.000,+0.507,+0.000,+0.000,-0.000,+0.507,0,+0.000,+0.000,+0.04863,+0.000,+1.216,+0.000,+0.000,-0.000,+1.215,0,+0.000,+0.000,-0.02215,+0.000,-0.554,+0.000,+0.000,-0.000,-0.554,2,+0.000,+0.005,-0.03902,+0.005,-0.975,-0.010,+0.000,-0.000,-0.985,2,+0.005,+0.000,-0.478,+0.661
DRV,26998,+0.0000,+0.0000,+0.0000,+0.0000,+0.0000,+0.0000,+0.000,+0.000,-0.00095,+0.0001,+0.0000,-0.004,2,1,+0.000,+0.000,+0.02030,+0.000,+0.507,+0.000,+0.000,-0.000,+0.507,0,+0.000,+0.000,+0.04863,+0.000,+1.216,+0.000,+0.000,-0.000,+1.215,2,+0.000,+0.000,-0.02215,+0.000,-0.554,+0.000,+0.000,-0.000,-0.554,2,+0.000,+0.001,-0.03902,+0.001,-0.975,-0.002,+0.000,-0.000,-0.978,2,+0.001,+0.000,-0.471,+0.661
DRV,27002,+0.0000,+0.0000,+0.0000,+0.0000,+0.0000,+0.0000,+0.000,+0.000,-0.00095,-0.0004,+0.0000,+0.017,2,1,+0.000,+0.000,+0.02030,+0.000,+0.507,+0.000,+0.000,+0.001,+0.509,2,+0.000,+0.004,+0.04863,+0.004,+1.216,-0.008,+0.000,+0.001,+1.209,2,+0.000,+0.000,-0.02215,+0.000,-0.554,+0.000,+0.000,+0.001,-0.552,2,+0.000,+0.000,-0.03902,+0.000,-0.975,+0.000,+0.000,+0.001,-0.974,2,+0.000,+0.004,-0.465,+0.657
DRV,27006,+0.0000,+0.0000,+0.0000,+0.0000,+0.0000,+0.0000,+0.000,+0.000,-0.00095,-0.0004,+0.0000,+0.017,2,1,+0.000,+0.000,+0.02026,+0.000,+0.507,+0.000,+0.000,+0.001,+0.508,2,+0.000,+0.000,+0.04821,+0.000,+1.205,+0.000,+0.000,+0.001,+1.207,2,+0.000,+0.000,-0.02218,+0.000,-0.555,+0.000,+0.000,+0.001,-0.553,2,+0.000,-0.011,-0.03867,-0.011,-0.967,+0.023,+0.000,+0.001,-0.942,2,-0.011,+0.000,-0.435,+0.653
DRV,27010,+0.0000,+0.0000,+0.0000,+0.0000,+0.0000,+0.0000,+0.000,+0.000,-0.00095,+0.0001,+0.0000,-0.004,2,1,+0.000,+0.000,+0.02018,+0.000,+0.505,+0.000,+0.000,-0.000,+0.504,2,+0.000,-0.012,+0.04851,-0.012,+1.213,+0.025,+0.000,-0.000,+1.237,2,+0.000,+0.000,-0.02226,+0.000,-0.557,+0.000,+0.000,-0.000,-0.557,2,+0.000,+0.000,-0.03875,+0.000,-0.969,+0.000,+0.000,-0.000,-0.969,2,+0.000,-0.012,-0.465,+0.680
DRV,27014,+0.0000,+0.0000,+0.0000,+0.0000,+0.0000,+0.0000,+0.000,+0.000,-0.00095,+0.0001,+0.0000,-0.004,2,1,+0.000,+0.000,+0.02010,+0.000,+0.503,+0.000,+0.000,-0.000,+0.502,2,+0.000,-0.010,+0.04882,-0.010,+1.220,+0.019,+0.000,-0.000,+1.239,2,+0.000,+0.000,-0.02234,+0.000,-0.559,+0.000,+0.000,-0.000,-0.559,2,+0.000,+0.009,-0.03883,+0.009,-0.971,-0.017,+0.000,-0.000,-0.988,0,+0.009,-0.010,-0.486,+0.680
DRV,27018,+0.0000,+0.0000,+0.0000,+0.0000,+0.0000,+0.0000,+0.000,+0.000,-0.00095,+0.0006,+0.0000,-0.026,2,1,+0.000,+0.000,+0.02022,+0.000,+0.505,+0.000,+0.000,-0.002,+0.503,2,+0.000,+0.000,+0.04893,+0.000,+1.223,+0.000,+0.000,-0.002,+1.221,2,+0.000,+0.000,-0.02223,+0.000,-0.556,+0.000,+0.000,-0.002,-0.558,0,+0.000,+0.003,-0.03910,+0.003,-0.977,-0.007,+0.000,-0.002,-0.986,0,+0.003,+0.000,-0.483,+0.663
DRV,27022,+0.0000,+0.0000,+0.0000,+0.0000,+0.0000,+0.0000,+0.000,+0.000,-0.00095,+0.0006,+0.0000,-0.026,2,1,+0.000,+0.000,+0.02030,+0.000,+0.507,+0.000,+0.000,-0.002,+0.505,2,+0.000,+0.012,+0.04863,+0.012,+1.216,-0.025,+0.000,-0.002,+1.189,2,+0.000,+0.000,-0.02215,+0.000,-0.554,+0.000,+0.000,-0.002,-0.556,0,+0.000,+0.000,-0.03902,+0.000,-0.975,+0.000,+0.000,-0.002,-0.977,2,+0.000,+0.012,-0.472,+0.633
DRV,27026,+0.0000,+0.0000,+0.0000,+0.0000,+0.0000,+0.0000,+0.000,+0.000,-0.00095,-0.0004,+0.0000,+0.017,2,1,+0.000,+0.000,+0.02030,+0.000,+0.507,+0.000,+0.000,+0.001,+0.509,2,+0.000,+0.000,+0.04863,+0.000,+1.216,+0.000,+0.000,+0.001,+1.217,0,+0.000,+0.000,-0.02215,+0.000,-0.554,+0.000,+0.000,+0.001,-0.552,2,+0.000,+0.000,-0.03902,+0.000,-0.975,+0.000,+0.000,+0.001,-0.974,2,+0.000,+0.000,-0.465,+0.665
DRV,27030,+0.0000,+0.0000,+0.0000,+0.0000,+0.0000,+0.0000,+0.000,+0.000,-0.00095,-0.0004,+0.0000,+0.017,2,1,+0.000,+0.000,+0.02018,+0.000,+0.505,+0.000,+0.000,+0.001,+0.506,0,+0.000,+0.000,+0.04851,+0.000,+1.213,+0.000,+0.000,+0.001,+1.214,0,+0.000,+0.000,-0.02226,+0.000,-0.557,+0.000,+0.000,+0.001,-0.555,2,+0.000,-0.002,-0.03875,-0.002,-0.969,+0.004,+0.000,+0.001,-0.963,2,-0.002,+0.000,-0.458,+0.659
DRV,27034,+0.0000,+0.0000,+0.0000,+0.0000,+0.0000,+0.0000,+0.000,+0.000,-0.00095,+0.0001,+0.0000,-0.004,2,1,+0.000,+0.000,+0.02018,+0.000,+0.505,+0.000,+0.000,-0.000,+0.504,0,+0.000,+0.000,+0.04851,+0.000,+1.213,+0.000,+0.000,-0.000,+1.212,2,+0.000,+0.000,-0.02226,+0.000,-0.557,+0.000,+0.000,-0.000,-0.557,2,+0.000,-0.002,-0.03875,-0.002,-0.969,+0.004,+0.000,-0.000,-0.965,2,-0.002,+0.000,-0.461,+0.656
DRV,27038,+0.0000,+0.0000,+0.0000,+0.0000,+0.0000,+0.0000,+0.000,+0.000,-0.00095,+0.0001,+0.0000,-0.004,2,1,+0.000,+0.000,+0.02018,+0.000,+0.505,+0.000,+0.000,-0.000,+0.504,2,+0.000,+0.003,+0.04851,+0.003,+1.213,-0.006,+0.000,-0.000,+1.207,2,+0.000,+0.000,-0.02226,+0.000,-0.557,+0.000,+0.000,-0.000,-0.557,2,+0.000,+0.000,-0.03875,+0.000,-0.969,+0.000,+0.000,-0.000,-0.969,2,+0.000,+0.003,-0.465,+0.650
DRV,27042,+0.0000,+0.0000,+0.0000,+0.0000,+0.0000,+0.0000,+0.000,+0.000,-0.00095,-0.0004,+0.0000,+0.017,2,1,+0.000,+0.000,+0.02018,+0.000,+0.505,+0.000,+0.000,+0.001,+0.506,2,+0.000,+0.000,+0.04851,+0.000,+1.213,+0.000,+0.000,+0.001,+1.214,2,+0.000,+0.000,-0.02226,+0.000,-0.557,+0.000,+0.000,+0.001,-0.555,2,+0.000,+0.004,-0.03875,+0.004,-0.969,-0.009,+0.000,+0.001,-0.976,2,+0.004,+0.000,-0.470,+0.659
DRV,27046,+0.0000,+0.0000,+0.0000,+0.0000,+0.0000,+0.0000,+0.000,+0.000,-0.00095,-0.0004,+0.0000,+0.017,2,1,+0.000,+0.000,+0.02030,+0.000,+0.507,+0.000,+0.000,+0.001,+0.509,2,+0.000,-0.005,+0.04863,-0.005,+1.216,+0.010,+0.000,+0.001,+1.227,2,+0.000,+0.000,-0.02215,+0.000,-0.554,+0.000,+0.000,+0.001,-0.552,2,+0.000,+0.000,-0.03902,+0.000,-0.975,+0.000,+0.000,+0.001,-0.974,2,+0.000,-0.005,-0.465,+0.674
DRV,27050,+0.0000,+0.0000,+0.0000,+0.0000,+0.0000,+0.0000,+0.000,+0.000,-0.00095,+0.0001,+0.0000,-0.004,2,1,+0.000,+0.000,+0.02030,+0.000,+0.507,+0.000,+0.000,-0.000,+0.507,2,+0.000,+0.000,+0.04863,+0.000,+1.216,+0.000,+0.000,-0.000,+1.215,2,+0.000,+0.000,-0.02215,+0.000,-0.554,+0.000,+0.000,-0.000,-0.554,2,+0.000,+0.000,-0.03902,+0.000,-0.975,+0.000,+0.000,-0.000,-0.976,0,+0.000,+0.000,-0.469,+0.661
DRV,27054,+0.0000,+0.0000,+0.0000,+0.0000,+0.0000,+0.0000,+0.000,+0.000,-0.00095,+0.0001,+0.0000,-0.004,2,1,+0.000,+0.000,+0.02018,+0.000,+0.505,+0.000,+0.000,-0.000,+0.504,2,+0.000,+0.009,+0.04851,+0.009,+1.213,-0.018,+0.000,-0.000,+1.194,2,+0.000,+0.000,-0.02226,+0.000,-0.557,+0.000,+0.000,-0.000,-0.557,2,+0.000,-0.007,-0.03875,-0.007,-0.969,+0.014,+0.000,-0.000,-0.955,0,-0.007,+0.009,-0.450,+0.637
DRV,27058,+0.0000,+0.0000,+0.0000,+0.0000,+0.0000,+0.0000,+0.000,+0.000,-0.00095,-0.0010,+0.0000,+0.038,2,1,+0.000,+0.000,+0.02018,+0.000,+0.505,+0.000,+0.000,+0.003,+0.508,2,+0.000,+0.000,+0.04851,+0.000,+1.213,+0.000,+0.000,+0.003,+1.216,2,+0.000,+0.000,-0.02226,+0.000,-0.557,+0.000,+0.000,+0.003,-0.553,0,+0.000,+0.000,-0.03875,+0.000,-0.969,+0.000,+0.000,+0.003,-0.966,0,+0.000,+0.000,-0.458,+0.662
DRV,27062,+0.0000,+0.0000,+0.0000,+0.0000,+0.0000,+0.0000,+0.000,+0.000,-0.00096,-0.0010,+0.0000,+0.038,2,1,+0.000,+0.000,+0.02018,+0.000,+0.505,+0.000,+0.000,+0.003,+0.508,2,+0.000,-0.010,+0.04851,-0.010,+1.213,+0.019,+0.000,+0.003,+1.235,0,+0.000,+0.000,-0.02226,+0.000,-0.557,+0.000,+0.000,+0.003,-0.553,0,+0.000,+0.002,-0.03875,+0.002,-0.969,-0.004,+0.000,+0.003,-0.969,2,+0.002,-0.010,-0.462,+0.681
DRV,27066,+0.0000,+0.0000,+0.0000,+0.0000,+0.0000,+0.0000,+0.000,+0.000,-0.00096,-0.0004,+0.0000,+0.017,2,1,+0.000,+0.000,+0.02018,+0.000,+0.505,+0.000,+0.000,+0.001,+0.506,0,+0.000,+0.000,+0.04851,+0.000,+1.213,+0.000,+0.000,+0.001,+1.214,2,+0.000,+0.000,-0.02226,+0.000,-0.557,+0.000,+0.000,+0.001,-0.555,2,+0.000,+0.001,-0.03875,+0.001,-0.969,-0.002,+0.000,+0.001,-0.969,2,+0.001,+0.000,-0.463,+0.659
DRV,27070,+0.0000,+0.0000,+0.0000,+0.0000,+0.0000,+0.0000,+0.000,+0.000,-0.00096,-0.0004,+0.0000,+0.017,2,1,+0.000,+0.000,+0.02030,+0.000,+0.507,+0.000,+0.000,+0.001,+0.509,0,+0.000,+0.015,+0.04863,+0.015,+1.216,-0.030,+0.000,+0.001,+1.187,2,+0.000,+0.000,-0.02215,+0.000,-0.554,+0.000,+0.000,+0.001,-0.552,2,+0.000,+0.000,-0.03902,+0.000,-0.975,+0.000,+0.000,+0.001,-0.974,2,+0.000,+0.015,-0.465,+0.635
DRV,27074,+0.0000,+0.0000,+0.0000,+0.0000,+0.0000,+0.0000,+0.000,+0.000,-0.00096,+0.0006,+0.0000,-0.026,2,1,+0.000,+0.000,+0.02030,+0.000,+0.507,+0.000,+0.000,-0.002,+0.505,2,+0.000,+0.002,+0.04863,+0.002,+1.216,-0.004,+0.000,-0.002,+1.210,2,+0.000,+0.000,-0.02215,+0.000,-0.554,+0.000,+0.000,-0.002,-0.556,2,+0.000,+0.000,-0.03902,+0.000,-0.975,+0.000,+0.000,-0.002,-0.977,2,+0.000,+0.002,-0.472,+0.654
DRV,27078,+0.0000,+0.0000,+0.0000,+0.0000,+0.0000,+0.0000,+0.000,+0.000,-0.00096,+0.0006,+0.0000,-0.026,2,1,+0.000,+0.000,+0.02018,+0.000,+0.505,+0.000,+0.000,-0.002,+0.503,2,+0.000,-0.003,+0.04851,-0.003,+1.213,+0.006,+0.000,-0.002,+1.216,2,+0.000,+0.000,-0.02226,+0.000,-0.557,+0.000,+0.000,-0.002,-0.559,2,+0.000,-0.008,-0.03875,-0.008,-0.969,+0.016,+0.000,-0.002,-0.955,2,-0.008,-0.003,-0.452,+0.658
DRV,27082,+0.0000,+0.0000,+0.0000,+0.0000,+0.0000,+0.0000,+0.000,+0.000,-0.00096,+0.0006,+0.0000,-0.026,2,1,+0.000,+0.000,+0.02018,+0.000,+0.505,+0.000,+0.000,-0.002,+0.503,2,+0.000,+0.000,+0.04851,+0.000,+1.213,+0.000,+0.000,-0.002,+1.211,2,+0.000,+0.000,-0.02226,+0.000,-0.557,+0.000,+0.000,-0.002,-0.559,2,+0.000,+0.000,-0.03875,+0.000,-0.969,+0.000,+0.000,-0.002,-0.971,2,+0.000,+0.000,-0.468,+0.652
DRV,27086,+0.0000,+0.0000,+0.0000,+0.0000,+0.0000,+0.0000,+0.000,+0.000,-0.00095,+0.0006,+0.0000,-0.026,2,1,+0.000,+0.000,+0.02018,+0.000,+0.505,+0.000,+0.000,-0.002,+0.503,2,+0.000,+0.000,+0.04851,+0.000,+1.213,+0.000,+0.000,-0.002,+1.211,2,+0.000,+0.000,-0.02226,+0.000,-0.557,+0.000,+0.000,-0.002,-0.559,2,+0.000,+0.000,-0.03875,+0.000,-0.969,+0.000,+0.000,-0.002,-0.971,2,+0.000,+0.000,-0.468,+0.652
DRV,27090,+0.0000,+0.0000,+0.0000,+0.0000,+0.0000,+0.0000,+0.000,+0.000,-0.00095,+0.0001,+0.0000,-0.004,2,1,+0.000,+0.000,+0.02018,+0.000,+0.505,+0.000,+0.000,-0.000,+0.504,2,+0.000,+0.000,+0.04851,+0.000,+1.213,+0.000,+0.000,-0.000,+1.212,2,+0.000,+0.000,-0.02226,+0.000,-0.557,+0.000,+0.000,-0.000,-0.557,2,+0.000,+0.006,-0.03875,+0.006,-0.969,-0.012,+0.000,-0.000,-0.981,0,+0.006,+0.000,-0.477,+0.656
DRV,27094,+0.0000,+0.0000,+0.0000,+0.0000,+0.0000,+0.0000,+0.000,+0.000,-0.00095,+0.0001,+0.0000,-0.004,2,1,+0.000,+0.000,+0.02030,+0.000,+0.507,+0.000,+0.000,-0.000,+0.507,2,+0.000,+0.000,+0.04863,+0.000,+1.216,+0.000,+0.000,-0.000,+1.215,2,+0.000,+0.000,-0.02215,+0.000,-0.554,+0.000,+0.000,-0.000,-0.554,0,+0.000,+0.003,-0.03902,+0.003,-0.975,-0.007,+0.000,-0.000,-0.982,0,+0.003,+0.000,-0.475,+0.661
DRV,27098,+0.0000,+0.0000,+0.0000,+0.0000,+0.0000,+0.0000,+0.000,+0.000,-0.00095,-0.0010,+0.0000,+0.038,2,1,+0.000,+0.000,+0.02030,+0.000,+0.507,+0.000,+0.000,+0.003,+0.510,2,+0.000,+0.000,+0.04863,+0.000,+1.216,+0.000,+0.000,+0.003,+1.219,0,+0.000,+0.000,-0.02215,+0.000,-0.554,+0.000,+0.000,+0.003,-0.551,0,+0.000,+0.000,-0.03902,+0.000,-0.975,+0.000,+0.000,+0.003,-0.972,2,+0.000,+0.000,-0.462,+0.668
DRV,27102,+0.0000,+0.0000,+0.0000,+0.0000,+0.0000,+0.0000,+0.000,+0.000,-0.00096,-0.0010,+0.0000,+0.038,2,1,+0.000,+0.000,+0.02026,+0.000,+0.507,+0.000,+0.000,+0.003,+0.510,2,+0.000,+0.006,+0.04821,+0.006,+1.205,-0.012,+0.000,+0.003,+1.196,0,+0.000,+0.000,-0.02218,+0.000,-0.555,+0.000,+0.000,+0.003,-0.552,2,+0.000,-0.009,-0.03867,-0.009,-0.967,+0.017,+0.000,+0.003,-0.946,2,-0.009,+0.006,-0.437,+0.644
DRV,27106,+0.0000,+0.0000,+0.0000,+0.0000,+0.0000,+0.0000,+0.000,+0.000,-0.00096,-0.0004,+0.0000,+0.017,2,1,+0.000,+0.000,+0.02026,+0.000,+0.507,+0.000,+0.000,+0.001,+0.508,0,+0.000,-0.001,+0.04821,-0.001,+1.205,+0.003,+0.000,+0.001,+1.209,0,+0.000,+0.000,-0.02218,+0.000,-0.555,+0.000,+0.000,+0.001,-0.553,2,+0.000,-0.000,-0.03867,-0.000,-0.967,+0.001,+0.000,+0.001,-0.964,2,-0.000,-0.001,-0.456,+0.656
DRV,27110,+0.0000,+0.0000,+0.0000,+0.0000,+0.0000,+0.0000,+0.000,+0.000,-0.00096,-0.0004,+0.0000,+0.017,2,1,+0.000,+0.000,+0.02018,+0.000,+0.505,+0.000,+0.000,+0.001,+0.506,0,+0.000,-0.014,+0.04851,-0.014,+1.213,+0.029,+0.000,+0.001,+1.243,2,+0.000,+0.000,-0.02226,+0.000,-0.557,+0.000,+0.000,+0.001,-0.555,2,+0.000,+0.000,-0.03875,+0.000,-0.969,+0.000,+0.000,+0.001,-0.967,2,+0.000,-0.014,-0.461,+0.688
DRV,27114,+0.0000,+0.0000,+0.0000,+0.0000,+0.0000,+0.0000,+0.000,+0.000,-0.00096,+0.0001,+0.0000,-0.005,2,1,+0.000,+0.000,+0.02022,+0.000,+0.505,+0.000,+0.000,-0.000,+0.505,2,+0.000,-0.004,+0.04893,-0.004,+1.223,+0.009,+0.000,-0.000,+1.231,2,+0.000,+0.000,-0.02223,+0.000,-0.556,+0.000,+0.000,-0.000,-0.556,2,+0.000,+0.003,-0.03910,+0.003,-0.977,-0.006,+0.000,-0.000,-0.984,2,+0.003,-0.004,-0.478,+0.675
DRV,27118,+0.0000,+0.0000,+0.0000,+0.0000,+0.0000,+0.0000,+0.000,+0.000,-0.00096,+0.0001,+0.0000,-0.005,2,1,+0.000,+0.000,+0.02030,+0.000,+0.507,+0.000,+0.000,-0.000,+0.507,2,+0.000,+0.015,+0.04863,+0.015,+1.216,-0.031,+0.000,-0.000,+1.185,2,+0.000,+0.000,-0.02215,+0.000,-0.554,+0.000,+0.000,-0.000,-0.554,2,+0.000,+0.000,-0.03902,+0.000,-0.975,+0.000,+0.000,-0.000,-0.976,2,+0.000,+0.015,-0.469,+0.631
DRV,27122,+0.0000,+0.0000,+0.0000,+0.0000,+0.0000,+0.0000,+0.000,+0.000,-0.00096,-0.0004,+0.0000,+0.017,2,1,+0.000,+0.000,+0.02030,+0.000,+0.507,+0.000,+0.000,+0.001,+0.509,2,+0.000,+0.010,+0.04863,+0.010,+1.216,-0.021,+0.000,+0.001,+1.196,2,+0.000,+0.000,-0.02215,+0.000,-0.554,+0.000,+0.000,+0.001,-0.552,2,+0.000,+0.000,-0.03902,+0.000,-0.975,+0.000,+0.000,+0.001,-0.974,0,+0.000,+0.010,-0.465,+0.644
DRV,27126,+0.0000,+0.0000,+0.0000,+0.0000,+0.0000,+0.0000,+0.000,+0.000,-0.00096,-0.0004,+0.0000,+0.017,2,1,+0.000,+0.000,+0.02038,+0.000,+0.509,+0.000,+0.000,+0.001,+0.511,2,+0.000,+0.000,+0.04832,+0.000,+1.208,+0.000,+0.000,+0.001,+1.209,2,+0.000,+0.000,-0.02207,+0.000,-0.552,+0.000,+0.000,+0.001,-0.550,2,+0.000,-0.008,-0.03894,-0.008,-0.973,+0.015,+0.000,+0.001,-0.957,0,-0.008,+0.000,-0.446,+0.659
DRV,27130,+0.0000,+0.0000,+0.0000,+0.0000,+0.0000,+0.0000,+0.000,+0.000,-0.00097,-0.0004,+0.0000,+0.017,2,1,+0.000,+0.000,+0.02018,+0.000,+0.505,+0.000,+0.000,+0.001,+0.506,2,+0.000,-0.015,+0.04851,-0.015,+1.213,+0.031,+0.000,+0.001,+1.245,2,+0.000,+0.000,-0.02226,+0.000,-0.557,+0.000,+0.000,+0.001,-0.555,0,+0.000,-0.001,-0.03875,-0.001,-0.969,+0.002,+0.000,+0.001,-0.965,0,-0.001,-0.015,-0.459,+0.689
DRV,27134,+0.0000,+0.0000,+0.0000,+0.0000,+0.0000,+0.0000,+0.000,+0.000,-0.00097,-0.0004,+0.0000,+0.017,2,1,+0.000,+0.000,+0.02010,+0.000,+0.503,+0.000,+0.000,+0.001,+0.504,2,+0.000,+0.000,+0.04882,+0.000,+1.220,+0.000,+0.000,+0.001,+1.222,2,+0.000,+0.000,-0.02234,+0.000,-0.559,+0.000,+0.000,+0.001,-0.557,0,+0.000,+0.000,-0.03883,+0.000,-0.971,+0.000,+0.000,+0.001,-0.969,2,+0.000,+0.000,-0.465,+0.665
DRV,27138,+0.0000,+0.0000,+0.0000,+0.0000,+0.0000,+0.0000,+0.000,+0.000,-0.00097,-0.0004,+0.0000,+0.017,2,1,+0.000,+0.000,+0.02018,+0.000,+0.505,+0.000,+0.000,+0.001,+0.506,2,+0.000,+0.013,+0.04851,+0.013,+1.213,-0.026,+0.000,+0.001,+1.188,0,+0.000,+0.000,-0.02226,+0.000,-0.557,+0.000,+0.000,+0.001,-0.555,2,+0.000,+0.000,-0.03875,+0.000,-0.969,+0.000,+0.000,+0.001,-0.967,2,+0.000,+0.013,-0.461,+0.633
DRV,27142,+0.0000,+0.0000,+0.0000,+0.0000,+0.0000,+0.0000,+0.000,+0.000,-0.00097,-0.0004,+0.0000,+0.017,2,1,+0.000,+0.000,+0.02030,+0.000,+0.507,+0.000,+0.000,+0.001,+0.509,0,+0.000,+0.003,+0.04863,+0.003,+1.216,-0.006,+0.000,+0.001,+1.211,0,+0.000,+0.000,-0.02215,+0.000,-0.554,+0.000,+0.000,+0.001,-0.552,2,+0.000,+0.006,-0.03902,+0.006,-0.975,-0.011,+0.000,+0.001,-0.986,2,+0.006,+0.003,-0.477,+0.659
DRV,27146,+0.0000,+0.0000,+0.0000,+0.0000,+0.0000,+0.0000,+0.000,+0.000,-0.00097,+0.0007,+0.0000,-0.026,2,1,+0.000,+0.000,+0.02030,+0.000,+0.507,+0.000,+0.000,-0.002,+0.505,0,+0.000,+0.000,+0.04863,+0.000,+1.216,+0.000,+0.000,-0.002,+1.214,2,+0.000,+0.000,-0.02215,+0.000,-0.554,+0.000,+0.000,-0.002,-0.556,2,+0.000,+0.000,-0.03902,+0.000,-0.975,+0.000,+0.000,-0.002,-0.978,2,+0.000,+0.000,-0.472,+0.658
DRV,27150,+0.0000,+0.0000,+0.0000,+0.0000,+0.0000,+0.0000,+0.000,+0.000,-0.00097,+0.0006,+0.0000,-0.026,2,1,+0.000,+0.000,+0.02030,+0.000,+0.507,+0.000,+0.000,-0.002,+0.505,2,+0.000,+0.000,+0.04863,+0.000,+1.216,+0.000,+0.000,-0.002,+1.214,2,+0.000,+0.000,-0.02215,+0.000,-0.554,+0.000,+0.000,-0.002,-0.556,2,+0.000,+0.000,-0.03902,+0.000,-0.975,+0.000,+0.000,-0.002,-0.978,2,+0.000,+0.000,-0.472,+0.658
DRV,27154,+0.0000,+0.0000,+0.0000,+0.0000,+0.0000,+0.0000,+0.000,+0.000,-0.00097,-0.0004,+0.0000,+0.017,2,1,+0.000,+0.000,+0.02018,+0.000,+0.505,+0.000,+0.000,+0.001,+0.506,2,+0.000,+0.000,+0.04851,+0.000,+1.213,+0.000,+0.000,+0.001,+1.214,2,+0.000,+0.000,-0.02226,+0.000,-0.557,+0.000,+0.000,+0.001,-0.555,2,+0.000,-0.005,-0.03875,-0.005,-0.969,+0.010,+0.000,+0.001,-0.957,2,-0.005,+0.000,-0.451,+0.659
DRV,27158,+0.0000,+0.0000,+0.0000,+0.0000,+0.0000,+0.0000,+0.000,+0.000,-0.00097,+0.0001,+0.0000,-0.005,2,1,+0.000,+0.000,+0.02018,+0.000,+0.505,+0.000,+0.000,-0.000,+0.504,2,+0.000,+0.000,+0.04851,+0.000,+1.213,+0.000,+0.000,-0.000,+1.212,2,+0.000,+0.000,-0.02226,+0.000,-0.557,+0.000,+0.000,-0.000,-0.557,2,+0.000,+0.000,-0.03875,+0.000,-0.969,+0.000,+0.000,-0.000,-0.969,2,+0.000,+0.000,-0.465,+0.656
DRV,27162,+0.0000,+0.0000,+0.0000,+0.0000,+0.0000,+0.0000,+0.000,+0.000,-0.00097,+0.0006,+0.0000,-0.026,2,1,+0.000,+0.000,+0.02018,+0.000,+0.505,+0.000,+0.000,-0.002,+0.503,2,+0.000,+0.000,+0.04851,+0.000,+1.213,+0.000,+0.000,-0.002,+1.211,2,+0.000,+0.000,-0.02226,+0.000,-0.557,+0.000,+0.000,-0.002,-0.559,2,+0.000,+0.003,-0.03875,+0.003,-0.969,-0.007,+0.000,-0.002,-0.977,0,+0.003,+0.000,-0.475,+0.652
DRV,27166,+0.0000,+0.0000,+0.0000,+0.0000,+0.0000,+0.0000,+0.000,+0.000,-0.00096,+0.0004,+0.0000,-0.015,2,1,+0.000,+0.000,+0.02018,+0.000,+0.505,-0.001,+0.000,-0.001,+0.502,2,+0.000,+0.000,+0.04851,+0.000,+1.213,+0.000,+0.000,-0.001,+1.212,2,+0.000,+0.000,-0.02226,+0.000,-0.557,+0.000,+0.000,-0.001,-0.558,0,+0.000,+0.001,-0.03875,+0.001,-0.969,-0.003,+0.000,-0.001,-0.973,0,+0.002,+0.000,-0.470,+0.654
DRV,27170,+0.0000,+0.0000,+0.0000,+0.0000,+0.0000,+0.0000,+0.000,+0.000,-0.00096,+0.0001,+0.0000,-0.005,2,1,+0.000,+0.000,+0.02018,+0.000,+0.505,+0.000,+0.000,-0.000,+0.504,2,+0.000,-0.004,+0.04851,-0.004,+1.213,+0.009,+0.000,-0.000,+1.221,2,+0.000,+0.000,-0.02226,+0.000,-0.557,+0.000,+0.000,-0.000,-0.557,0,+0.000,+0.000,-0.03875,+0.000,-0.969,+0.000,+0.000,-0.000,-0.969,0,+0.000,-0.004,-0.465,+0.664
DRV,27174,+0.0000,+0.0000,+0.0000,+0.0000,+0.0000,+0.0000,+0.000,+0.000,-0.00096,+0.0004,+0.0000,-0.015,2,1,+0.000,+0.000,+0.02018,+0.000,+0.505,+0.000,+0.000,-0.001,+0.503,2,+0.000,-0.001,+0.04851,-0.001,+1.213,+0.002,+0.000,-0.001,+1.214,0,+0.000,+0.000,-0.02226,+0.000,-0.557,+0.000,+0.000,-0.001,-0.558,0,+0.000,+0.000,-0.03875,+0.000,-0.969,+0.000,+0.000,-0.001,-0.970,2,+0.000,-0.001,-0.467,+0.656
DRV,27178,+0.0000,+0.0000,+0.0000,+0.0000,+0.0000,+0.0000,+0.000,+0.000,-0.00096,+0.0006,+0.0000,-0.026,2,1,+0.000,+0.000,+0.02018,+0.000,+0.505,+0.000,+0.000,-0.002,+0.503,0,+0.000,+0.005,+0.04851,+0.005,+1.213,-0.010,+0.000,-0.002,+1.200,0,+0.000,+0.000,-0.02226,+0.000,-0.557,+0.000,+0.000,-0.002,-0.559,2,+0.000,+0.000,-0.03875,+0.000,-0.969,+0.000,+0.000,-0.002,-0.971,2,+0.000,+0.005,-0.468,+0.642
DRV,27182,+0.0000,+0.0000,+0.0000,+0.0000,+0.0000,+0.0000,+0.000,+0.000,-0.00096,+0.0004,+0.0000,-0.015,2,1,+0.000,+0.000,+0.02018,+0.000,+0.505,+0.000,+0.000,-0.001,+0.503,0,+0.000,+0.006,+0.04851,+0.006,+1.213,-0.011,+0.000,-0.001,+1.200,2,+0.000,+0.000,-0.02226,+0.000,-0.557,+0.000,+0.000,-0.001,-0.558,2,+0.000,+0.000,-0.03875,+0.000,-0.969,+0.000,+0.000,-0.001,-0.970,2,+0.000,+0.006,-0.466,+0.642
DRV,27186,+0.0000,+0.0000,+0.0000,+0.0000,+0.0000,+0.0000,+0.000,+0.000,-0.00096,+0.0001,+0.0000,-0.004,2,1,+0.000,+0.002,+0.02018,+0.002,+0.505,-0.004,+0.000,-0.000,+0.500,2,+0.000,+0.000,+0.04851,+0.000,+1.213,+0.000,+0.000,-0.000,+1.212,2,+0.000,+0.000,-0.02226,+0.000,-0.557,+0.000,+0.000,-0.000,-0.557,2,+0.000,+0.000,-0.03875,+0.000,-0.969,+0.000,+0.000,-0.000,-0.969,2,+0.002,+0.000,-0.469,+0.656
DRV,27190,+0.0000,+0.0000,+0.0000,+0.0000,+0.0000,+0.0000,+0.000,+0.000,-0.00096,+0.0004,+0.0000,-0.015,2,1,+0.000,+0.000,+0.02018,+0.000,+0.505,+0.000,+0.000,-0.001,+0.503,2,+0.000,-0.011,+0.04851,-0.011,+1.213,+0.022,+0.000,-0.001,+1.234,2,+0.000,+0.000,-0.02226,+0.000,-0.557,+0.000,+0.000,-0.001,-0.558,2,+0.000,+0.000,-0.03875,+0.000,-0.969,+0.000,+0.000,-0.001,-0.970,2,+0.000,-0.011,-0.466,+0.676
DRV,27194,+0.0000,+0.0000,+0.0000,+0.0000,+0.0000,+0.0000,+0.000,+0.000,-0.00095,+0.0006,+0.0000,-0.026,2,1,+0.000,+0.000,+0.02010,+0.000,+0.503,+0.000,+0.000,-0.002,+0.501,2,+0.000,+0.000,+0.04882,+0.000,+1.220,+0.000,+0.000,-0.002,+1.218,2,+0.000,+0.000,-0.02234,+0.000,-0.559,+0.000,+0.000,-0.002,-0.561,2,+0.000,+0.000,-0.03883,+0.000,-0.971,+0.000,+0.000,-0.002,-0.973,2,+0.000,+0.000,-0.472,+0.658
DRV,27198,+0.0000,+0.0000,+0.0000,+0.0000,+0.0000,+0.0000,+0.000,+0.000,-0.00095,+0.0004,+0.0000,-0.015,2,1,+0.000,+0.000,+0.02018,+0.000,+0.505,+0.000,+0.000,-0.001,+0.503,2,+0.000,+0.006,+0.04851,+0.006,+1.213,-0.011,+0.000,-0.001,+1.200,2,+0.000,+0.000,-0.02226,+0.000,-0.557,+0.000,+0.000,-0.001,-0.558,2,+0.000,+0.000,-0.03875,+0.000,-0.969,+0.000,+0.000,-0.001,-0.970,2,+0.000,+0.006,-0.466,+0.642
DRV,27202,+0.0000,+0.0000,+0.0000,+0.0000,+0.0000,+0.0000,+0.000,+0.000,-0.00095,+0.0001,+0.0000,-0.004,2,1,+0.000,+0.000,+0.02018,+0.000,+0.505,+0.000,+0.000,-0.000,+0.504,2,+0.000,+0.005,+0.04851,+0.005,+1.213,-0.010,+0.000,-0.000,+1.202,2,+0.000,+0.000,-0.02226,+0.000,-0.557,+0.000,+0.000,-0.000,-0.557,2,+0.000,+0.000,-0.03875,+0.000,-0.969,+0.000,+0.000,-0.000,-0.969,0,+0.000,+0.005,-0.465,+0.645
DRV,27206,+0.0000,+0.0000,+0.0000,+0.0000,+0.0000,+0.0000,+0.000,+0.000,-0.00095,+0.0004,+0.0000,-0.015,2,1,+0.000,+0.000,+0.02018,+0.000,+0.505,+0.000,+0.000,-0.001,+0.503,2,+0.000,-0.000,+0.04851,-0.000,+1.213,+0.001,+0.000,-0.001,+1.213,2,+0.000,+0.000,-0.02226,+0.000,-0.557,+0.000,+0.000,-0.001,-0.558,0,+0.000,+0.000,-0.03875,+0.000,-0.969,+0.000,+0.000,-0.001,-0.970,0,+0.000,-0.000,-0.466,+0.655
DRV,27210,+0.0000,+0.0000,+0.0000,+0.0000,+0.0000,+0.0000,+0.000,+0.000,-0.00095,+0.0006,+0.0000,-0.026,2,1,+0.000,+0.000,+0.02018,+0.000,+0.505,+0.000,+0.000,-0.002,+0.503,2,+0.000,-0.002,+0.04851,-0.002,+1.213,+0.005,+0.000,-0.002,+1.216,0,+0.000,+0.000,-0.02226,+0.000,-0.557,+0.000,+0.000,-0.002,-0.559,0,+0.000,+0.000,-0.03875,+0.000,-0.969,+0.000,+0.000,-0.002,-0.971,2,+0.000,-0.002,-0.468,+0.657
DRV,27214,+0.0000,+0.0000,+0.0000,+0.0000,+0.0000,+0.0000,+0.000,+0.000,-0.00095,+0.0001,+0.0000,-0.004,2,1,+0.000,+0.000,+0.02018,+0.000,+0.505,+0.000,+0.000,-0.000,+0.504,0,+0.000,+0.000,+0.04851,+0.000,+1.213,+0.000,+0.000,-0.000,+1.213,0,+0.000,+0.000,-0.02226,+0.000,-0.557,+0.000,+0.000,-0.000,-0.557,2,+0.000,+0.000,-0.03875,+0.000,-0.969,+0.000,+0.000,-0.000,-0.969,2,+0.000,+0.000,-0.465,+0.656
DRV,27218,+0.0000,+0.0000,+0.0000,+0.0000,+0.0000,+0.0000,+0.000,+0.000,-0.00095,-0.0004,+0.0000,+0.017,2,1,+0.000,+0.000,+0.02018,+0.000,+0.505,+0.000,+0.000,+0.001,+0.506,0,+0.000,+0.007,+0.04851,+0.007,+1.213,-0.014,+0.000,+0.001,+1.200,0,+0.000,+0.000,-0.02226,+0.000,-0.557,+0.000,+0.000,+0.001,-0.555,2,+0.000,+0.000,-0.03875,+0.000,-0.969,+0.000,+0.000,+0.001,-0.967,2,+0.000,+0.007,-0.461,+0.645
DRV,27222,+0.0000,+0.0000,+0.0000,+0.0000,+0.0000,+0.0000,+0.000,+0.000,-0.00095,-0.0007,+0.0000,+0.028,2,1,+0.000,+0.000,+0.02018,+0.000,+0.505,+0.000,+0.000,+0.002,+0.507,0,+0.000,+0.000,+0.04851,+0.000,+1.213,+0.000,+0.000,+0.002,+1.215,2,+0.000,+0.000,-0.02226,+0.000,-0.557,+0.000,+0.000,+0.002,-0.554,2,+0.000,+0.000,-0.03875,+0.000,-0.969,+0.000,+0.000,+0.002,-0.966,2,+0.000,+0.000,-0.460,+0.661
DRV,27226,+0.0000,+0.0000,+0.0000,+0.0000,+0.0000,+0.0000,+0.000,+0.000,-0.00095,-0.0010,+0.0000,+0.038,2,1,+0.000,+0.000,+0.02018,+0.000,+0.505,+0.000,+0.000,+0.003,+0.508,2,+0.000,-0.007,+0.04851,-0.007,+1.213,+0.013,+0.000,+0.003,+1.229,2,+0.000,+0.000,-0.02226,+0.000,-0.557,+0.000,+0.000,+0.003,-0.553,2,+0.000,+0.000,-0.03875,+0.000,-0.969,+0.000,+0.000,+0.003,-0.966,2,+0.000,-0.007,-0.458,+0.676
DRV,27230,+0.0000,+0.0000,+0.0000,+0.0000,+0.0000,+0.0000,+0.000,+0.000,-0.00096,-0.0012,+0.0000,+0.049,2,1,+0.000,+0.000,+0.02018,+0.000,+0.505,+0.000,+0.000,+0.004,+0.508,2,+0.000,+0.000,+0.04851,+0.000,+1.213,+0.000,+0.000,+0.004,+1.217,2,+0.000,+0.000,-0.02226,+0.000,-0.557,+0.000,+0.000,+0.004,-0.553,2,+0.000,+0.001,-0.03875,+0.001,-0.969,-0.003,+0.000,+0.004,-0.968,2,+0.001,+0.000,-0.459,+0.664
DRV,27234,+0.0000,+0.0000,+0.0000,+0.0000,+0.0000,+0.0000,+0.000,+0.000,-0.00096,-0.0015,+0.0000,+0.059,2,1,+0.000,+0.000,+0.02018,+0.000,+0.505,+0.000,+0.000,+0.005,+0.509,2,+0.000,+0.010,+0.04851,+0.010,+1.213,-0.019,+0.000,+0.005,+1.199,2,+0.000,+0.000,-0.02226,+0.000,-0.557,+0.000,+0.000,+0.005,-0.552,2,+0.000,+0.000,-0.03875,+0.000,-0.969,+0.000,+0.000,+0.005,-0.964,2,+0.000,+0.010,-0.455,+0.647
DRV,27238,+0.0000,+0.0000,+0.0000,+0.0000,+0.0000,+0.0000,+0.000,+0.000,-0.00097,-0.0009,+0.0000,+0.038,2,1,+0.000,+0.000,+0.02026,+0.000,+0.507,+0.000,+0.000,+0.003,+0.510,2,+0.000,+0.000,+0.04821,+0.000,+1.205,+0.000,+0.000,+0.003,+1.208,2,+0.000,+0.000,-0.02218,+0.000,-0.555,+0.000,+0.000,+0.003,-0.552,2,+0.000,+0.000,-0.03867,+0.000,-0.967,+0.000,+0.000,+0.003,-0.964,0,+0.000,+0.000,-0.454,+0.657
DRV,27242,+0.0000,+0.0000,+0.0000,+0.0000,+0.0000,+0.0000,+0.000,+0.000,-0.00097,-0.0004,+0.0000,+0.017,2,1,+0.000,+0.000,+0.02030,+0.000,+0.507,+0.000,+0.000,+0.001,+0.509,2,+0.000,-0.021,+0.04863,-0.021,+1.216,+0.041,+0.000,+0.001,+1.258,2,+0.000,+0.000,-0.02215,+0.000,-0.554,+0.000,+0.000,+0.001,-0.552,0,+0.000,+0.000,-0.03902,+0.000,-0.975,+0.000,+0.000,+0.001,-0.974,0,+0.000,-0.021,-0.465,+0.706
DRV,27246,+0.0000,+0.0000,+0.0000,+0.0000,+0.0000,+0.0000,+0.000,+0.000,-0.00097,-0.0004,+0.0000,+0.017,2,1,+0.000,+0.000,+0.02022,+0.000,+0.505,+0.000,+0.000,+0.001,+0.507,2,+0.000,-0.001,+0.04893,-0.001,+1.223,+0.003,+0.000,+0.001,+1.227,2,+0.000,+0.000,-0.02223,+0.000,-0.556,+0.000,+0.000,+0.001,-0.554,0,+0.000,+0.000,-0.03910,+0.000,-0.977,+0.000,+0.000,+0.001,-0.976,2,+0.000,-0.001,-0.469,+0.673
DRV,27250,+0.0000,+0.0000,+0.0000,+0.0000,+0.0000,+0.0000,+0.000,+0.000,-0.00097,-0.0004,+0.0000,+0.017,2,1,+0.000,+0.000,+0.02018,+0.000,+0.505,+0.000,+0.000,+0.001,+0.506,2,+0.000,+0.015,+0.04851,+0.015,+1.213,-0.031,+0.000,+0.001,+1.184,0,+0.000,+0.000,-0.02226,+0.000,-0.557,+0.000,+0.000,+0.001,-0.555,2,+0.000,-0.008,-0.03875,-0.008,-0.969,+0.016,+0.000,+0.001,-0.951,2,-0.008,+0.015,-0.445,+0.628
DRV,27254,+0.0000,+0.0000,+0.0000,+0.0000,+0.0000,+0.0000,+0.000,+0.000,-0.00098,-0.0001,+0.0000,+0.006,2,1,+0.000,+0.000,+0.02018,+0.000,+0.505,+0.000,+0.000,+0.000,+0.505,0,+0.000,+0.002,+0.04851,+0.002,+1.213,-0.005,+0.000,+0.000,+1.209,0,+0.000,+0.000,-0.02226,+0.000,-0.557,+0.000,+0.000,+0.000,-0.556,2,+0.000,+0.000,-0.03875,+0.000,-0.969,+0.000,+0.000,+0.000,-0.968,2,+0.000,+0.002,-0.463,+0.652
DRV,27258,+0.0000,+0.0000,+0.0000,+0.0000,+0.0000,+0.0000,+0.000,+0.000,-0.00097,+0.0001,+0.0000,-0.005,2,1,+0.000,+0.000,+0.02018,+0.000,+0.505,+0.000,+0.000,-0.000,+0.504,0,+0.000,+0.000,+0.04851,+0.000,+1.213,+0.000,+0.000,-0.000,+1.212,2,+0.000,+0.000,-0.02226,+0.000,-0.557,+0.000,+0.000,-0.000,-0.557,2,+0.000,+0.000,-0.03875,+0.000,-0.969,+0.000,+0.000,-0.000,-0.969,2,+0.000,+0.000,-0.465,+0.656
DRV,27262,+0.0000,+0.0000,+0.0000,+0.0000,+0.0000,+0.0000,+0.000,+0.000,-0.00097,-0.0001,+0.0000,+0.006,2,1,+0.000,+0.000,+0.02030,+0.000,+0.507,+0.000,+0.000,+0.000,+0.508,2,+0.000,-0.005,+0.04863,-0.005,+1.216,+0.010,+0.000,+0.000,+1.226,2,+0.000,+0.000,-0.02215,+0.000,-0.554,+0.000,+0.000,+0.000,-0.553,2,+0.000,+0.002,-0.03902,+0.002,-0.975,-0.004,+0.000,+0.000,-0.979,2,+0.002,-0.005,-0.471,+0.672
DRV,27266,+0.0000,+0.0000,+0.0000,+0.0000,+0.0000,+0.0000,+0.000,+0.000,-0.00098,-0.0004,+0.0000,+0.016,2,1,+0.000,+0.000,+0.02030,+0.000,+0.507,+0.000,+0.000,+0.001,+0.509,2,+0.000,+0.000,+0.04863,+0.000,+1.216,+0.000,+0.000,+0.001,+1.217,2,+0.000,+0.000,-0.02215,+0.000,-0.554,+0.000,+0.000,+0.001,-0.552,2,+0.000,+0.000,-0.03902,+0.000,-0.975,+0.000,+0.000,+0.001,-0.974,2,+0.000,+0.000,-0.465,+0.665
DRV,27270,+0.0000,+0.0000,+0.0000,+0.0000,+0.0000,+0.0000,+0.000,+0.000,-0.00098,+0.0007,+0.0000,-0.026,2,1,+0.000,+0.000,+0.02030,+0.000,+0.507,+0.000,+0.000,-0.002,+0.505,2,+0.000,+0.003,+0.04863,+0.003,+1.216,-0.006,+0.000,-0.002,+1.208,2,+0.000,+0.000,-0.02215,+0.000,-0.554,+0.000,+0.000,-0.002,-0.556,2,+0.000,-0.002,-0.03902,-0.002,-0.975,+0.004,+0.000,-0.002,-0.974,2,-0.002,+0.003,-0.468,+0.652
DRV,27274,+0.0000,+0.0000,+0.0000,+0.0000,+0.0000,+0.0000,+0.000,+0.000,-0.00097,+0.0017,+0.0000,-0.069,2,1,+0.000,+0.000,+0.02018,+0.000,+0.505,+0.000,+0.000,-0.005,+0.499,2,+0.000,+0.000,+0.04851,+0.000,+1.213,-0.001,+0.000,-0.005,+1.206,2,+0.000,+0.000,-0.02226,+0.000,-0.557,+0.000,+0.000,-0.005,-0.562,2,+0.000,-0.005,-0.03875,-0.005,-0.969,+0.010,+0.000,-0.005,-0.965,0,-0.005,+0.000,-0.466,+0.644
DRV,27278,+0.0000,+0.0000,+0.0000,+0.0000,+0.0000,+0.0000,+0.000,+0.000,-0.00096,+0.0009,+0.0000,-0.037,2,1,+0.000,+0.000,+0.02018,+0.000,+0.505,+0.000,+0.000,-0.003,+0.502,2,+0.000,+0.000,+0.04851,+0.000,+1.213,+0.000,+0.000,-0.003,+1.210,2,+0.000,+0.000,-0.02226,+0.000,-0.557,+0.000,+0.000,-0.003,-0.559,0,+0.000,-0.000,-0.03875,-0.000,-0.969,+0.001,+0.000,-0.003,-0.971,0,-0.000,+0.000,-0.469,+0.650
DRV,27282,+0.0000,+0.0000,+0.0000,+0.0000,+0.0000,+0.0000,+0.000,+0.000,-0.00096,+0.0001,+0.0000,-0.005,2,1,+0.000,+0.000,+0.02018,+0.000,+0.505,+0.000,+0.000,-0.000,+0.504,2,+0.000,+0.000,+0.04851,+0.000,+1.213,+0.000,+0.000,-0.000,+1.212,2,+0.000,+0.000,-0.02226,+0.000,-0.557,+0.000,+0.000,-0.000,-0.557,0,+0.000,+0.000,-0.03875,+0.000,-0.969,+0.000,+0.000,-0.000,-0.969,2,+0.000,+0.000,-0.465,+0.656
DRV,27286,+0.0000,+0.0000,+0.0000,+0.0000,+0.0000,+0.0000,+0.000,+0.000,-0.00096,+0.0001,+0.0000,-0.005,2,1,+0.000,+0.000,+0.02018,+0.000,+0.505,+0.000,+0.000,-0.000,+0.504,2,+0.000,-0.001,+0.04851,-0.001,+1.213,+0.002,+0.000,-0.000,+1.214,0,+0.000,+0.000,-0.02226,+0.000,-0.557,+0.000,+0.000,-0.000,-0.557,0,+0.000,+0.000,-0.03875,+0.000,-0.969,+0.000,+0.000,-0.000,-0.969,2,+0.000,-0.001,-0.465,+0.657
DRV,27290,+0.0000,+0.0000,+0.0000,+0.0000,+0.0000,+0.0000,+0.000,+0.000,-0.00096,+0.0001,+0.0000,-0.005,2,1,+0.000,+0.000,+0.02018,+0.000,+0.505,+0.000,+0.000,-0.000,+0.504,0,+0.000,+0.000,+0.04851,+0.000,+1.213,+0.000,+0.000,-0.000,+1.212,0,+0.000,+0.000,-0.02226,+0.000,-0.557,+0.000,+0.000,-0.000,-0.557,2,+0.000,+0.006,-0.03875,+0.006,-0.969,-0.011,+0.000,-0.000,-0.980,2,+0.006,+0.000,-0.476,+0.656
DRV,27294,+0.0000,+0.0000,+0.0000,+0.0000,+0.0000,+0.0000,+0.000,+0.000,-0.00096,+0.0001,+0.0000,-0.005,2,1,+0.000,+0.000,+0.02030,+0.000,+0.507,+0.000,+0.000,-0.000,+0.507,2,+0.000,+0.000,+0.04863,+0.000,+1.216,+0.000,+0.000,-0.000,+1.215,2,+0.000,+0.000,-0.02215,+0.000,-0.554,+0.000,+0.000,-0.000,-0.554,2,+0.000,+0.000,-0.03902,+0.000,-0.975,+0.000,+0.000,-0.000,-0.976,2,+0.000,+0.000,-0.469,+0.661
DRV,27298,+0.0000,+0.0000,+0.0000,+0.0000,+0.0000,+0.0000,+0.000,+0.000,-0.00096,+0.0001,+0.0000,-0.005,2,1,+0.000,+0.000,+0.02030,+0.000,+0.507,+0.000,+0.000,-0.000,+0.507,2,+0.000,+0.010,+0.04863,+0.010,+1.216,-0.019,+0.000,-0.000,+1.196,2,+0.000,+0.000,-0.02215,+0.000,-0.554,+0.000,+0.000,-0.000,-0.554,2,+0.000,+0.000,-0.03902,+0.000,-0.975,+0.000,+0.000,-0.000,-0.976,2,+0.000,+0.010,-0.469,+0.642
DRV,27302,+0.0000,+0.0000,+0.0000,+0.0000,+0.0000,+0.0000,+0.000,+0.000,-0.00096,+0.0004,+0.0000,-0.015,2,1,+0.000,+0.000,+0.02018,+0.000,+0.505,+0.000,+0.000,-0.001,+0.503,2,+0.000,+0.000,+0.04851,+0.000,+1.213,+0.000,+0.000,-0.001,+1.212,2,+0.000,+0.000,-0.02226,+0.000,-0.557,+0.000,+0.000,-0.001,-0.558,2,+0.000,-0.006,-0.03875,-0.006,-0.969,+0.012,+0.000,-0.001,-0.957,2,-0.006,+0.000,-0.454,+0.654
DRV,27306,+0.0000,+0.0000,+0.0000,+0.0000,+0.0000,+0.0000,+0.000,+0.000,-0.00096,+0.0006,+0.0000,-0.026,2,1,+0.000,+0.000,+0.02018,+0.000,+0.505,+0.000,+0.000,-0.002,+0.503,2,+0.000,-0.009,+0.04851,-0.009,+1.213,+0.018,+0.000,-0.002,+1.229,2,+0.000,+0.000,-0.02226,+0.000,-0.557,+0.000,+0.000,-0.002,-0.559,2,+0.000,+0.000,-0.03875,+0.000,-0.969,+0.000,+0.000,-0.002,-0.971,2,+0.000,-0.009,-0.468,+0.670
DRV,27310,+0.0000,+0.0000,+0.0000,+0.0000,+0.0000,+0.0000,+0.000,+0.000,-0.00096,-0.0002,+0.0000,+0.006,2,1,+0.000,+0.000,+0.02018,+0.000,+0.505,+0.000,+0.000,+0.000,+0.505,2,+0.000,-0.001,+0.04851,-0.001,+1.213,+0.002,+0.000,+0.000,+1.215,2,+0.000,+0.000,-0.02226,+0.000,-0.557,+0.000,+0.000,+0.000,-0.556,2,+0.000,+0.000,-0.03875,+0.000,-0.969,+0.000,+0.000,+0.000,-0.968,2,+0.000,-0.001,-0.463,+0.659
DRV,27314,+0.0000,+0.0000,+0.0000,+0.0000,+0.0000,+0.0000,+0.000,+0.000,-0.00096,-0.0010,+0.0000,+0.038,2,1,+0.000,+0.000,+0.02018,+0.000,+0.505,+0.000,+0.000,+0.003,+0.508,2,+0.000,+0.011,+0.04851,+0.011,+1.213,-0.022,+0.000,+0.003,+1.194,2,+0.000,+0.000,-0.02226,+0.000,-0.557,+0.000,+0.000,+0.003,-0.554,2,+0.000,+0.000,-0.03875,+0.000,-0.969,+0.000,+0.000,+0.003,-0.966,0,+0.000,+0.011,-0.458,+0.640
DRV,27318,+0.0000,+0.0000,+0.0000,+0.0000,+0.0000,+0.0000,+0.000,+0.000,-0.00096,-0.0002,+0.0000,+0.006,2,1,+0.000,+0.000,+0.02018,+0.000,+0.505,+0.000,+0.000,+0.000,+0.505,2,+0.000,+0.009,+0.04851,+0.009,+1.213,-0.017,+0.000,+0.000,+1.196,2,+0.000,+0.000,-0.02226,+0.000,-0.557,+0.000,+0.000,+0.000,-0.556,0,+0.000,+0.000,-0.03875,+0.000,-0.969,+0.000,+0.000,+0.000,-0.968,0,+0.000,+0.009,-0.463,+0.640
DRV,27322,+0.0000,+0.0000,+0.0000,+0.0000,+0.0000,+0.0000,+0.000,+0.000,-0.00096,+0.0006,+0.0000,-0.026,2,1,+0.000,+0.000,+0.02018,+0.000,+0.505,+0.000,+0.000,-0.002,+0.503,0,+0.000,-0.005,+0.04851,-0.005,+1.213,+0.010,+0.000,-0.002,+1.221,0,+0.000,+0.000,-0.02226,+0.000,-0.557,+0.000,+0.000,-0.002,-0.559,0,+0.000,+0.003,-0.03875,+0.003,-0.969,-0.007,+0.000,-0.002,-0.977,2,+0.003,-0.005,-0.475,+0.663
DRV,27326,+0.0000,+0.0000,+0.0000,+0.0000,+0.0000,+0.0000,+0.000,+0.000,-0.00096,-0.0004,+0.0000,+0.017,2,1,+0.000,+0.000,+0.02030,+0.000,+0.507,+0.000,+0.000,+0.001,+0.509,0,+0.000,-0.005,+0.04863,-0.005,+1.216,+0.010,+0.000,+0.001,+1.227,0,+0.000,+0.000,-0.02215,+0.000,-0.554,+0.000,+0.000,+0.001,-0.552,2,+0.000,+0.000,-0.03902,+0.000,-0.975,+0.000,+0.000,+0.001,-0.974,2,+0.000,-0.005,-0.465,+0.674
DRV,27330,+0.0000,+0.0000,+0.0000,+0.0000,+0.0000,+0.0000,+0.000,+0.000,-0.00097,-0.0015,+0.0000,+0.059,2,1,+0.000,+0.000,+0.02030,+0.000,+0.507,+0.000,+0.000,+0.005,+0.512,0,+0.000,+0.000,+0.04863,+0.000,+1.216,+0.000,+0.000,+0.005,+1.220,0,+0.000,+0.000,-0.02215,+0.000,-0.554,+0.000,+0.000,+0.005,-0.549,2,+0.000,+0.000,-0.03902,+0.000,-0.975,+0.000,+0.000,+0.005,-0.971,2,+0.000,+0.000,-0.459,+0.671
DRV,27334,+0.0000,+0.0000,+0.0000,+0.0000,+0.0000,+0.0000,+0.000,+0.000,-0.00097,-0.0004,+0.0000,+0.017,2,1,+0.000,+0.000,+0.02018,+0.000,+0.505,+0.000,+0.000,+0.001,+0.506,0,+0.000,+0.008,+0.04851,+0.008,+1.213,-0.016,+0.000,+0.001,+1.198,2,+0.000,+0.000,-0.02226,+0.000,-0.557,+0.000,+0.000,+0.001,-0.555,2,+0.000,-0.002,-0.03875,-0.002,-0.969,+0.005,+0.000,+0.001,-0.963,2,-0.002,+0.008,-0.457,+0.643
DRV,27338,+0.0000,+0.0000,+0.0000,+0.0000,+0.0000,+0.0000,+0.000,+0.000,-0.00097,+0.0006,+0.0000,-0.026,2,1,+0.000,+0.000,+0.02018,+0.000,+0.505,+0.000,+0.000,-0.002,+0.503,2,+0.000,+0.000,+0.04851,+0.000,+1.213,+0.000,+0.000,-0.002,+1.211,2,+0.000,+0.000,-0.02226,+0.000,-0.557,+0.000,+0.000,-0.002,-0.559,2,+0.000,+0.000,-0.03875,+0.000,-0.969,+0.000,+0.000,-0.002,-0.971,2,+0.000,+0.000,-0.468,+0.652
DRV,27342,+0.0000,+0.0000,+0.0000,+0.0000,+0.0000,+0.0000,+0.000,+0.000,-0.00097,+0.0001,+0.0000,-0.005,2,1,+0.000,+0.000,+0.02018,+0.000,+0.505,+0.000,+0.000,-0.000,+0.504,2,+0.000,-0.006,+0.04851,-0.006,+1.213,+0.012,+0.000,-0.000,+1.225,2,+0.000,+0.000,-0.02226,+0.000,-0.557,+0.000,+0.000,-0.000,-0.557,2,+0.000,+0.006,-0.03875,+0.006,-0.969,-0.011,+0.000,-0.000,-0.980,2,+0.006,-0.006,-0.476,+0.668
DRV,27346,+0.0000,+0.0000,+0.0000,+0.0000,+0.0000,+0.0000,+0.000,+0.000,-0.00097,-0.0004,+0.0000,+0.017,2,1,+0.000,+0.000,+0.02018,+0.000,+0.505,+0.000,+0.000,+0.001,+0.506,2,+0.000,-0.003,+0.04851,-0.003,+1.213,+0.007,+0.000,+0.001,+1.221,2,+0.000,+0.000,-0.02226,+0.000,-0.557,+0.000,+0.000,+0.001,-0.555,2,+0.000,+0.000,-0.03875,+0.000,-0.969,+0.000,+0.000,+0.001,-0.967,2,+0.000,-0.003,-0.461,+0.666
DRV,27350,+0.0000,+0.0000,+0.0000,+0.0000,+0.0000,+0.0000,+0.000,+0.000,-0.00097,+0.0004,+0.0000,-0.015,2,1,+0.000,+0.000,+0.02018,+0.000,+0.505,+0.000,+0.000,-0.001,+0.503,2,+0.000,+0.000,+0.04851,+0.000,+1.213,+0.000,+0.000,-0.001,+1.212,2,+0.000,+0.000,-0.02226,+0.000,-0.557,+0.000,+0.000,-0.001,-0.558,2,+0.000,+0.000,-0.03875,+0.000,-0.969,+0.000,+0.000,-0.001,-0.970,0,+0.000,+0.000,-0.467,+0.654
DRV,27354,+0.0000,+0.0000,+0.0000,+0.0000,+0.0000,+0.0000,+0.000,+0.000,-0.00096,+0.0012,+0.0000,-0.047,2,1,+0.000,+0.000,+0.02018,+0.000,+0.505,+0.000,+0.000,-0.004,+0.501,2,+0.000,+0.000,+0.04851,+0.000,+1.213,+0.000,+0.000,-0.004,+1.209,2,+0.000,+0.000,-0.02226,+0.000,-0.557,+0.000,+0.000,-0.004,-0.560,0,+0.000,+0.000,-0.03875,+0.000,-0.969,+0.000,+0.000,-0.004,-0.972,0,+0.000,+0.000,-0.472,+0.649
DRV,27358,+0.0000,+0.0000,+0.0000,+0.0000,+0.0000,+0.0000,+0.000,+0.000,-0.00096,+0.0006,+0.0000,-0.026,2,1,+0.000,+0.000,+0.02018,+0.000,+0.505,+0.000,+0.000,-0.002,+0.503,2,+0.000,-0.001,+0.04851,-0.001,+1.213,+0.003,+0.000,-0.002,+1.214,2,+0.000,+0.000,-0.02226,+0.000,-0.557,+0.000,+0.000,-0.002,-0.559,0,+0.000,+0.000,-0.03875,+0.000,-0.969,+0.000,+0.000,-0.002,-0.971,2,+0.000,-0.001,-0.468,+0.655
DRV,27362,+0.0000,+0.0000,+0.0000,+0.0000,+0.0000,+0.0000,+0.000,+0.000,-0.00096,+0.0001,+0.0000,-0.004,2,1,+0.000,+0.000,+0.02018,+0.000,+0.505,+0.000,+0.000,-0.000,+0.504,2,+0.000,+0.000,+0.04851,+0.000,+1.213,+0.000,+0.000,-0.000,+1.212,0,+0.000,+0.000,-0.02226,+0.000,-0.557,+0.000,+0.000,-0.000,-0.557,2,+0.000,+0.000,-0.03875,+0.000,-0.969,+0.000,+0.000,-0.000,-0.969,2,+0.000,+0.000,-0.465,+0.656
DRV,27366,+0.0000,+0.0000,+0.0000,+0.0000,+0.0000,+0.0000,+0.000,+0.000,-0.00096,+0.0001,+0.0000,-0.004,2,1,+0.000,+0.000,+0.02018,+0.000,+0.505,+0.000,+0.000,-0.000,+0.504,0,+0.000,+0.001,+0.04851,+0.001,+1.213,-0.002,+0.000,-0.000,+1.211,0,+0.000,+0.000,-0.02226,+0.000,-0.557,+0.000,+0.000,-0.000,-0.557,2,+0.000,+0.000,-0.03875,+0.000,-0.969,+0.000,+0.000,-0.000,-0.969,2,+0.000,+0.001,-0.465,+0.654
DRV,27370,+0.0000,+0.0000,+0.0000,+0.0000,+0.0000,+0.0000,+0.000,+0.000,-0.00096,+0.0001,+0.0000,-0.004,2,1,+0.000,+0.000,+0.02018,+0.000,+0.505,+0.000,+0.000,-0.000,+0.504,0,+0.000,+0.000,+0.04851,+0.000,+1.213,+0.000,+0.000,-0.000,+1.212,2,+0.000,+0.000,-0.02226,+0.000,-0.557,+0.000,+0.000,-0.000,-0.557,2,+0.000,+0.000,-0.03875,+0.000,-0.969,+0.000,+0.000,-0.000,-0.969,2,+0.000,+0.000,-0.465,+0.656
DRV,27374,+0.0000,+0.0000,+0.0000,+0.0000,+0.0000,+0.0000,+0.000,+0.000,-0.00096,+0.0001,+0.0000,-0.004,2,1,+0.000,+0.000,+0.02018,+0.000,+0.505,+0.000,+0.000,-0.000,+0.504,2,+0.000,-0.003,+0.04851,-0.003,+1.213,+0.007,+0.000,-0.000,+1.219,2,+0.000,+0.000,-0.02226,+0.000,-0.557,+0.000,+0.000,-0.000,-0.557,2,+0.000,+0.000,-0.03875,+0.000,-0.969,+0.000,+0.000,-0.000,-0.969,2,+0.000,-0.003,-0.465,+0.662
DRV,27378,+0.0000,+0.0000,+0.0000,+0.0000,+0.0000,+0.0000,+0.000,+0.000,-0.00096,+0.0001,+0.0000,-0.004,2,1,+0.000,+0.000,+0.02018,+0.000,+0.505,+0.000,+0.000,-0.000,+0.504,2,+0.000,+0.000,+0.04851,+0.000,+1.213,+0.000,+0.000,-0.000,+1.212,2,+0.000,+0.000,-0.02226,+0.000,-0.557,+0.000,+0.000,-0.000,-0.557,2,+0.000,+0.003,-0.03875,+0.003,-0.969,-0.006,+0.000,-0.000,-0.975,2,+0.003,+0.000,-0.471,+0.656
DRV,27382,+0.0000,+0.0000,+0.0000,+0.0000,+0.0000,+0.0000,+0.000,+0.000,-0.00096,+0.0001,+0.0000,-0.004,2,1,+0.000,+0.000,+0.02018,+0.000,+0.505,+0.000,+0.000,-0.000,+0.504,2,+0.000,+0.000,+0.04851,+0.000,+1.213,+0.000,+0.000,-0.000,+1.212,2,+0.000,+0.000,-0.02226,+0.000,-0.557,+0.000,+0.000,-0.000,-0.557,2,+0.000,+0.001,-0.03875,+0.001,-0.969,-0.003,+0.000,-0.000,-0.972,0,+0.001,+0.000,-0.468,+0.656
DRV,27386,+0.0000,+0.0000,+0.0000,+0.0000,+0.0000,+0.0000,+0.000,+0.000,-0.00096,+0.0001,+0.0000,-0.004,2,1,+0.000,+0.000,+0.02018,+0.000,+0.505,+0.000,+0.000,-0.000,+0.504,2,+0.000,+0.000,+0.04851,+0.000,+1.213,+0.000,+0.000,-0.000,+1.212,2,+0.000,+0.000,-0.02226,+0.000,-0.557,+0.000,+0.000,-0.000,-0.557,2,+0.000,+0.000,-0.03875,+0.000,-0.969,+0.000,+0.000,-0.000,-0.969,0,+0.000,+0.000,-0.465,+0.656
DRV,27390,+0.0000,+0.0000,+0.0000,+0.0000,+0.0000,+0.0000,+0.000,+0.000,-0.00096,+0.0001,+0.0000,-0.004,2,1,+0.000,+0.000,+0.02018,+0.000,+0.505,+0.000,+0.000,-0.000,+0.504,2,+0.000,-0.006,+0.04851,-0.006,+1.213,+0.012,+0.000,-0.000,+1.225,2,+0.000,+0.000,-0.02226,+0.000,-0.557,+0.000,+0.000,-0.000,-0.557,0,+0.000,+0.000,-0.03875,+0.000,-0.969,+0.000,+0.000,-0.000,-0.969,0,+0.000,-0.006,-0.465,+0.668
DRV,27394,+0.0000,+0.0000,+0.0000,+0.0000,+0.0000,+0.0000,+0.000,+0.000,-0.00095,+0.0001,+0.0000,-0.004,2,1,+0.000,+0.000,+0.02018,+0.000,+0.505,+0.000,+0.000,-0.000,+0.504,2,+0.000,+0.000,+0.04851,+0.000,+1.213,+0.000,+0.000,-0.000,+1.212,2,+0.000,+0.000,-0.02226,+0.000,-0.557,+0.000,+0.000,-0.000,-0.557,0,+0.000,+0.000,-0.03875,+0.000,-0.969,+0.000,+0.000,-0.000,-0.969,2,+0.000,+0.000,-0.465,+0.656
DRV,27398,+0.0000,+0.0000,+0.0000,+0.0000,+0.0000,+0.0000,+0.000,+0.000,-0.00095,+0.0001,+0.0000,-0.004,2,1,+0.000,+0.000,+0.02018,+0.000,+0.505,+0.000,+0.000,-0.000,+0.504,2,+0.000,+0.006,+0.04851,+0.006,+1.213,-0.012,+0.000,-0.000,+1.200,0,+0.000,+0.000,-0.02226,+0.000,-0.557,+0.000,+0.000,-0.000,-0.557,0,+0.000,-0.001,-0.03875,-0.001,-0.969,+0.002,+0.000,-0.000,-0.967,2,-0.001,+0.006,-0.463,+0.643
DRV,27402,+0.0000,+0.0000,+0.0000,+0.0000,+0.0000,+0.0000,+0.000,+0.000,-0.00095,+0.0001,+0.0000,-0.004,2,1,+0.000,+0.000,+0.02018,+0.000,+0.505,+0.000,+0.000,-0.000,+0.504,0,+0.000,-0.001,+0.04851,-0.001,+1.213,+0.002,+0.000,-0.000,+1.214,0,+0.000,+0.000,-0.02226,+0.000,-0.557,+0.000,+0.000,-0.000,-0.557,2,+0.000,+0.000,-0.03875,+0.000,-0.969,+0.000,+0.000,-0.000,-0.969,2,+0.000,-0.001,-0.465,+0.657
DRV,27406,+0.0000,+0.0000,+0.0000,+0.0000,+0.0000,+0.0000,+0.000,+0.000,-0.00096,-0.0004,+0.0000,+0.017,2,1,+0.000,+0.000,+0.02018,+0.000,+0.505,+0.000,+0.000,+0.001,+0.506,0,+0.000,-0.010,+0.04851,-0.010,+1.213,+0.021,+0.000,+0.001,+1.235,2,+0.000,+0.000,-0.02226,+0.000,-0.557,+0.000,+0.000,+0.001,-0.555,2,+0.000,+0.001,-0.03875,+0.001,-0.969,-0.003,+0.000,+0.001,-0.970,2,+0.001,-0.010,-0.464,+0.680
DRV,27410,+0.0000,+0.0000,+0.0000,+0.0000,+0.0000,+0.0000,+0.000,+0.000,-0.00096,-0.0004,+0.0000,+0.017,2,1,+0.000,+0.000,+0.02018,+0.000,+0.505,+0.000,+0.000,+0.001,+0.506,2,+0.000,+0.000,+0.04851,+0.000,+1.213,+0.000,+0.000,+0.001,+1.214,2,+0.000,+0.000,-0.02226,+0.000,-0.557,+0.000,+0.000,+0.001,-0.555,2,+0.000,+0.000,-0.03875,+0.000,-0.969,+0.000,+0.000,+0.001,-0.967,2,+0.000,+0.000,-0.461,+0.659
DRV,27414,+0.0000,+0.0000,+0.0000,+0.0000,+0.0000,+0.0000,+0.000,+0.000,-0.00096,+0.0001,+0.0000,-0.004,2,1,+0.000,+0.000,+0.02018,+0.000,+0.505,+0.000,+0.000,-0.000,+0.504,2,+0.000,+0.010,+0.04851,+0.010,+1.213,-0.020,+0.000,-0.000,+1.192,2,+0.000,+0.000,-0.02226,+0.000,-0.557,+0.000,+0.000,-0.000,-0.557,2,+0.000,+0.000,-0.03875,+0.000,-0.969,+0.000,+0.000,-0.000,-0.969,2,+0.000,+0.010,-0.465,+0.636
DRV,27418,+0.0000,+0.0000,+0.0000,+0.0000,+0.0000,+0.0000,+0.000,+0.000,-0.00096,+0.0001,+0.0000,-0.004,2,1,+0.000,+0.000,+0.02018,+0.000,+0.505,+0.000,+0.000,-0.000,+0.504,2,+0.000,+0.000,+0.04851,+0.000,+1.213,+0.000,+0.000,-0.000,+1.212,2,+0.000,+0.000,-0.02226,+0.000,-0.557,+0.000,+0.000,-0.000,-0.557,2,+0.000,+0.000,-0.03875,+0.000,-0.969,+0.000,+0.000,-0.000,-0.969,2,+0.000,+0.000,-0.465,+0.656
DRV,27422,+0.0000,+0.0000,+0.0000,+0.0000,+0.0000,+0.0000,+0.000,+0.000,-0.00096,+0.0001,+0.0000,-0.004,2,1,+0.000,+0.000,+0.02018,+0.000,+0.505,+0.000,+0.000,-0.000,+0.504,2,+0.000,-0.012,+0.04851,-0.012,+1.213,+0.025,+0.000,-0.000,+1.237,2,+0.000,+0.000,-0.02226,+0.000,-0.557,+0.000,+0.000,-0.000,-0.557,2,+0.000,+0.000,-0.03875,+0.000,-0.969,+0.000,+0.000,-0.000,-0.969,0,+0.000,-0.012,-0.465,+0.680
DRV,27426,+0.0000,+0.0000,+0.0000,+0.0000,+0.0000,+0.0000,+0.000,+0.000,-0.00096,+0.0001,+0.0000,-0.004,2,1,+0.000,+0.000,+0.02010,+0.000,+0.503,+0.000,+0.000,-0.000,+0.502,2,+0.000,-0.002,+0.04882,-0.002,+1.220,+0.005,+0.000,-0.000,+1.225,2,+0.000,+0.000,-0.02234,+0.000,-0.559,+0.000,+0.000,-0.000,-0.559,0,+0.000,+0.000,-0.03883,+0.000,-0.971,+0.000,+0.000,-0.000,-0.971,0,+0.000,-0.002,-0.469,+0.666
DRV,27430,+0.0000,+0.0000,+0.0000,+0.0000,+0.0000,+0.0000,+0.000,+0.000,-0.00096,+0.0001,+0.0000,-0.004,2,1,+0.000,+0.000,+0.02010,+0.000,+0.503,+0.000,+0.000,-0.000,+0.502,2,+0.000,+0.008,+0.04882,+0.008,+1.220,-0.015,+0.000,-0.000,+1.205,2,+0.000,+0.000,-0.02234,+0.000,-0.559,+0.000,+0.000,-0.000,-0.559,0,+0.000,+0.000,-0.03883,+0.000,-0.971,+0.000,+0.000,-0.000,-0.971,0,+0.000,+0.008,-0.469,+0.646
DRV,27434,+0.0000,+0.0000,+0.0000,+0.0000,+0.0000,+0.0000,+0.000,+0.000,-0.00095,+0.0001,+0.0000,-0.004,2,1,+0.000,+0.000,+0.02018,+0.000,+0.505,+0.000,+0.000,-0.000,+0.504,2,+0.000,+0.008,+0.04851,+0.008,+1.213,-0.016,+0.000,-0.000,+1.196,0,+0.000,+0.000,-0.02226,+0.000,-0.557,+0.000,+0.000,-0.000,-0.557,0,+0.000,-0.001,-0.03875,-0.001,-0.969,+0.003,+0.000,-0.000,-0.966,2,-0.001,+0.008,-0.462,+0.639
DRV,27438,+0.0000,+0.0000,+0.0000,+0.0000,+0.0000,+0.0000,+0.000,+0.000,-0.00095,+0.0001,+0.0000,-0.004,2,1,+0.000,+0.000,+0.02018,+0.000,+0.505,+0.000,+0.000,-0.000,+0.504,0,+0.000,+0.000,+0.04851,+0.000,+1.213,+0.000,+0.000,-0.000,+1.212,0,+0.000,+0.000,-0.02226,+0.000,-0.557,+0.000,+0.000,-0.000,-0.557,2,+0.000,+0.000,-0.03875,+0.000,-0.969,+0.000,+0.000,-0.000,-0.969,2,+0.000,+0.000,-0.465,+0.656
DRV,27442,+0.0000,+0.0000,+0.0000,+0.0000,+0.0000,+0.0000,+0.000,+0.000,-0.00095,+0.0001,+0.0000,-0.004,2,1,+0.000,+0.000,+0.02018,+0.000,+0.505,+0.000,+0.000,-0.000,+0.504,0,+0.000,-0.004,+0.04851,-0.004,+1.213,+0.009,+0.000,-0.000,+1.221,0,+0.000,+0.000,-0.02226,+0.000,-0.557,+0.000,+0.000,-0.000,-0.557,2,+0.000,+0.000,-0.03875,+0.000,-0.969,+0.000,+0.000,-0.000,-0.969,2,+0.000,-0.004,-0.465,+0.664
DRV,27446,+0.0000,+0.0000,+0.0000,+0.0000,+0.0000,+0.0000,+0.000,+0.000,-0.00095,+0.0001,+0.0000,-0.004,2,1,+0.000,+0.000,+0.02018,+0.000,+0.505,+0.000,+0.000,-0.000,+0.504,0,+0.000,+0.000,+0.04851,+0.000,+1.213,+0.000,+0.000,-0.000,+1.212,2,+0.000,+0.000,-0.02226,+0.000,-0.557,+0.000,+0.000,-0.000,-0.557,2,+0.000,+0.000,-0.03875,+0.000,-0.969,+0.000,+0.000,-0.000,-0.969,2,+0.000,+0.000,-0.465,+0.656
DRV,27450,+0.0000,+0.0000,+0.0000,+0.0000,+0.0000,+0.0000,+0.000,+0.000,-0.00095,+0.0001,+0.0000,-0.004,2,1,+0.000,+0.000,+0.02018,+0.000,+0.505,+0.000,+0.000,-0.000,+0.504,2,+0.000,+0.008,+0.04851,+0.008,+1.213,-0.016,+0.000,-0.000,+1.196,2,+0.000,+0.000,-0.02226,+0.000,-0.557,+0.000,+0.000,-0.000,-0.557,2,+0.000,+0.000,-0.03875,+0.000,-0.969,+0.000,+0.000,-0.000,-0.969,2,+0.000,+0.008,-0.465,+0.639
DRV,27454,+0.0000,+0.0000,+0.0000,+0.0000,+0.0000,+0.0000,+0.000,+0.000,-0.00095,+0.0001,+0.0000,-0.004,2,1,+0.000,+0.000,+0.02018,+0.000,+0.505,+0.000,+0.000,-0.000,+0.504,2,+0.000,+0.000,+0.04851,+0.000,+1.213,+0.000,+0.000,-0.000,+1.212,2,+0.000,+0.000,-0.02226,+0.000,-0.557,+0.000,+0.000,-0.000,-0.557,2,+0.000,+0.000,-0.03875,+0.000,-0.969,+0.000,+0.000,-0.000,-0.969,2,+0.000,+0.000,-0.465,+0.656
DRV,27458,+0.0000,+0.0000,+0.0000,+0.0000,+0.0000,+0.0000,+0.000,+0.000,-0.00095,+0.0001,+0.0000,-0.004,2,1,+0.000,+0.000,+0.02030,+0.000,+0.507,+0.000,+0.000,-0.000,+0.507,2,+0.000,-0.007,+0.04863,-0.007,+1.216,+0.014,+0.000,-0.000,+1.230,2,+0.000,+0.000,-0.02215,+0.000,-0.554,+0.000,+0.000,-0.000,-0.554,2,+0.000,+0.000,-0.03902,+0.000,-0.975,+0.000,+0.000,-0.000,-0.976,2,+0.000,-0.007,-0.469,+0.676
DRV,27462,+0.0000,+0.0000,+0.0000,+0.0000,+0.0000,+0.0000,+0.000,+0.000,-0.00095,+0.0001,+0.0000,-0.004,2,1,+0.000,+0.000,+0.02030,+0.000,+0.507,+0.000,+0.000,-0.000,+0.507,2,+0.000,+0.000,+0.04863,+0.000,+1.216,+0.000,+0.000,-0.000,+1.215,2,+0.000,+0.000,-0.02215,+0.000,-0.554,+0.000,+0.000,-0.000,-0.554,2,+0.000,+0.000,-0.03902,+0.000,-0.975,+0.000,+0.000,-0.000,-0.976,0,+0.000,+0.000,-0.469,+0.661
DRV,27466,+0.0000,+0.0000,+0.0000,+0.0000,+0.0000,+0.0000,+0.000,+0.000,-0.00095,+0.0001,+0.0000,-0.004,2,1,+0.000,+0.000,+0.02018,+0.000,+0.505,+0.000,+0.000,-0.000,+0.504,2,+0.000,+0.013,+0.04851,+0.013,+1.213,-0.026,+0.000,-0.000,+1.187,2,+0.000,+0.000,-0.02226,+0.000,-0.557,+0.000,+0.000,-0.000,-0.557,0,+0.000,-0.003,-0.03875,-0.003,-0.969,+0.006,+0.000,-0.000,-0.963,0,-0.003,+0.013,-0.459,+0.630
DRV,27470,+0.0000,+0.0000,+0.0000,+0.0000,+0.0000,+0.0000,+0.000,+0.000,-0.00095,-0.0010,+0.0000,+0.038,2,1,+0.000,+0.000,+0.02018,+0.000,+0.505,+0.000,+0.000,+0.003,+0.508,2,+0.000,+0.000,+0.04851,+0.000,+1.213,+0.000,+0.000,+0.003,+1.216,0,+0.000,+0.000,-0.02226,+0.000,-0.557,+0.000,+0.000,+0.003,-0.553,0,+0.000,+0.000,-0.03875,+0.000,-0.969,+0.000,+0.000,+0.003,-0.966,2,+0.000,+0.000,-0.458,+0.662
DRV,27474,+0.0000,+0.000,+0.0000,+0.0000,+0.0000,0.0000,+0000,+0.000,-0.00096,-00010+0.0000,+0.038,2,1,+0.000,+0.000,+0.02018,+0.000,+0.505,+0.000,+0.000,+0.003,+0.508,2,+0.000,+0.000,+0.04851,+0.000,+1.213,+0.000,+0.000,+0.003,+1.216,0,+0.000,+0.000,-0.02226,+0.000,-0.557,+0.000,+0.000,+0.003,-0.553,2,+0.000,+0.004,-0.03875,+0.004,-0.969,-0.008,+0.000,+0.003,-0.973,2,+0.004,+0.000,-0.466,+0.662
DRV,27478,+0.0000,+0.0000,+0.0000,+0.0000,+0.0000,+0.0000,+0.000,+0.000,-0.00096,-0.0004,+0.0000,+0.017,2,1,+0.000,+0.000,+0.02030,+0.000,+0.507,+0.000,+0.000,+0.001,+0.509,0,+0.000,+0.000,+0.04863,+0.000,+1.216,+0.000,+0.000,+0.001,+1.217,0,+0.000,+0.000,-0.02215,+0.000,-0.554,+0.000,+0.000,+0.001,-0.552,2,+0.000,+0.007,-0.03902,+0.007,-0.975,-0.014,+0.000,+0.001,-0.988,2,+0.007,+0.000,-0.480,+0.665
DRV,27482,+0.0000,+0.0000,+0.0000,+0.0000,+0.0000,+0.0000,+0.000,+0.000,-0.00096,-0.0004,+0.0000,+0.017,2,1,+0.000,+0.000,+0.02030,+0.000,+0.507,+0.000,+0.000,+0.001,+0.509,0,+0.000,+0.009,+0.04863,+0.009,+1.216,-0.018,+0.000,+0.001,+1.199,2,+0.000,+0.000,-0.02215,+0.000,-0.554,+0.000,+0.000,+0.001,-0.552,2,+0.000,+0.000,-0.03902,+0.000,-0.975,+0.000,+0.000,+0.001,-0.974,2,+0.000,+0.009,-0.465,+0.646
DRV,27486,+0.0000,+0.0000,+0.0000,+0.0000,+0.0000,+0.0000,+0.000,+0.000,-0.00096,+0.0001,+0.0000,-0.005,2,1,+0.000,+0.000,+0.02030,+0.000,+0.507,+0.000,+0.000,-0.000,+0.507,2,+0.000,+0.000,+0.04863,+0.000,+1.216,+0.000,+0.000,-0.000,+1.215,2,+0.000,+0.000,-0.02215,+0.000,-0.554,+0.000,+0.000,-0.000,-0.554,2,+0.000,+0.000,-0.03902,+0.000,-0.975,+0.000,+0.000,-0.000,-0.976,2,+0.000,+0.000,-0.469,+0.661
DRV,27490,+0.0000,+0.0000,+0.0000,+0.0000,+0.0000,+0.0000,+0.000,+0.000,-0.00096,+0.0001,+0.0000,-0.005,2,1,+0.000,+0.000,+0.02018,+0.000,+0.505,+0.000,+0.000,-0.000,+0.504,2,+0.000,+0.000,+0.04851,+0.000,+1.213,+0.000,+0.000,-0.000,+1.212,2,+0.000,+0.000,-0.02226,+0.000,-0.557,-0.001,+0.000,-0.000,-0.558,2,+0.000,-0.000,-0.03875,-0.000,-0.969,+0.001,+0.000,-0.000,-0.968,2,-0.000,+0.000,-0.464,+0.655
DRV,27494,+0.0000,+0.0000,+0.0000,+0.0000,+0.0000,+0.0000,+0.000,+0.000,-0.00096,-0.0004,+0.0000,+0.017,2,1,+0.000,+0.000,+0.02018,+0.000,+0.505,+0.000,+0.000,+0.001,+0.506,2,+0.000,-0.003,+0.04851,-0.003,+1.213,+0.006,+0.000,+0.001,+1.220,2,+0.000,+0.000,-0.02226,+0.000,-0.557,+0.000,+0.000,+0.001,-0.555,2,+0.000,+0.000,-0.03875,+0.000,-0.969,+0.000,+0.000,+0.001,-0.967,2,+0.000,-0.003,-0.461,+0.665
DRV,27498,+0.0000,+0.0000,+0.0000,+0.0000,+0.0000,+0.0000,+0.000,+0.000,-0.00096,-0.0004,+0.0000,+0.017,2,1,+0.000,+0.000,+0.02018,+0.000,+0.505,+0.000,+0.000,+0.001,+0.506,2,+0.000,-0.005,+0.04851,-0.005,+1.213,+0.010,+0.000,+0.001,+1.224,2,+0.000,+0.000,-0.02226,+0.000,-0.557,+0.000,+0.000,+0.001,-0.555,2,+0.000,+0.000,-0.03875,+0.000,-0.969,+0.000,+0.000,+0.001,-0.967,0,+0.000,-0.005,-0.461,+0.669
DRV,27502,+0.0000,+0.0000,+0.0000,+0.0000,+0.0000,+0.0000,+0.000,+0.000,-0.00096,+0.0012,+0.0000,-0.047,2,1,+0.000,+0.000,+0.02018,+0.000,+0.505,+0.000,+0.000,-0.004,+0.501,2,+0.000,+0.000,+0.04851,+0.000,+1.213,+0.000,+0.000,-0.004,+1.209,2,+0.000,+0.000,-0.02226,+0.000,-0.557,+0.000,+0.000,-0.004,-0.560,0,+0.000,+0.006,-0.03875,+0.006,-0.969,-0.011,+0.000,-0.004,-0.984,0,+0.006,+0.000,-0.483,+0.649
DRV,27506,+0.0000,+0.0000,+0.0000,+0.0000,+0.0000,+0.0000,+0.000,+0.000,-0.00096,+0.0007,-0.0000,-0.028,2,1,+0.000,+0.000,+0.00000,+0.000,+0.000,+0.000,+0.000,-0.002,+0.000,2,+0.000,+0.000,+0.00000,+0.000,+0.000,+0.000,+0.000,-0.002,+0.000,2,-0.000,+0.000,+0.00000,+0.000,+0.000,-0.000,-0.000,-0.002,+0.000,0,+0.000,+0.004,+0.00000,+0.004,+0.000,-0.008,+0.000,-0.002,+0.000,2,+0.004,+0.000,+0.000,+0.000
DRV,27510,+0.0000,+0.0000,+0.0000,+0.0000,+0.0000,+0.0000,+0.000,+0.000,-0.00096,-0.0009,-0.0000,+0.036,2,1,+0.000,-0.021,+0.00000,-0.021,+0.000,+0.043,+0.000,+0.003,+0.000,2,+0.000,-0.117,+0.00000,-0.117,+0.000,+0.234,+0.000,+0.003,+0.000,0,-0.000,+0.016,+0.00000,+0.016,+0.000,-0.032,-0.000,+0.003,+0.000,0,+0.000,+0.046,+0.00000,+0.046,+0.000,-0.092,+0.000,+0.003,+0.000,2,+0.024,-0.101,+0.000,+0.000
DRV,27514,+0.0000,+0.0000,+0.0000,+0.0000,+0.0000,+0.0000,+0.000,+0.000,-0.00096,-0.0009,-0.0000,+0.036,2,1,+0.000,-0.016,-0.00032,-0.016,-0.008,+0.031,+0.000,+0.003,+0.000,0,+0.000,-0.193,+0.00122,-0.193,+0.030,+0.386,+0.000,+0.003,+0.000,0,-0.000,+0.036,-0.00032,+0.036,-0.008,-0.072,-0.000,+0.003,+0.000,2,+0.000,+0.079,-0.00032,+0.079,-0.008,-0.158,+0.000,+0.003,+0.000,2,+0.063,-0.157,+0.000,+0.000
DRV,27518,+0.0000,+0.0000,+0.0000,+0.0000,+0.0000,+0.0000,+0.000,+0.000,-0.00096,+0.0002,-0.0000,-0.007,2,1,+0.000,-0.013,+0.00027,-0.013,+0.007,+0.027,+0.000,-0.001,+0.000,0,+0.000,-0.232,-0.00011,-0.232,-0.003,+0.464,+0.000,-0.001,+0.000,2,-0.000,+0.031,-0.00011,+0.031,-0.003,-0.063,-0.000,-0.001,+0.000,2,+0.000,+0.089,-0.00011,+0.089,-0.003,-0.177,+0.000,-0.001,+0.000,2,+0.075,-0.201,+0.000,+0.000
DRV,27522,+0.0000,+0.0000,+0.0000,+0.0000,+0.0000,+0.0000,+0.000,+0.000,-0.00096,+0.0002,-0.0000,-0.007,2,1,+0.000,-0.011,+0.00000,-0.011,+0.000,+0.022,+0.000,-0.001,+0.000,2,+0.000,-0.237,+0.00000,-0.237,+0.000,+0.475,+0.000,-0.001,+0.000,2,-0.000,+0.019,+0.00000,+0.019,+0.000,-0.038,-0.000,-0.001,+0.000,2,+0.000,+0.078,+0.00000,+0.078,+0.000,-0.156,+0.000,-0.001,+0.000,2,+0.067,-0.218,+0.000,+0.000
DRV,27526,+0.0000,+0.0000,+0.0000,+0.0000,+0.0000,+0.0000,+0.000,+0.000,-0.00097,-0.0009,-0.0000,+0.036,2,1,+0.000,-0.002,+0.00000,-0.002,+0.000,+0.004,+0.000,+0.003,+0.000,2,+0.000,-0.184,+0.00000,-0.184,+0.000,+0.367,+0.000,+0.003,+0.000,2,-0.000,+0.006,+0.00000,+0.006,+0.000,-0.012,-0.000,+0.003,+0.000,2,+0.000,+0.040,+0.00000,+0.040,+0.000,-0.079,+0.000,+0.003,+0.000,2,+0.038,-0.177,+0.000,+0.000
DRV,27530,+0.0000,+0.0000,+0.0000,+0.0000,+0.0000,+0.0000,+0.000,+0.000,-0.00097,-0.0009,-0.0000,+0.036,2,1,+0.000,+0.000,+0.00000,+0.000,+0.000,+0.000,+0.000,+0.003,+0.000,2,+0.000,-0.107,+0.00000,-0.107,+0.000,+0.215,+0.000,+0.003,+0.000,2,-0.000,-0.012,+0.00000,-0.012,+0.000,+0.025,-0.000,+0.003,+0.000,2,+0.000,+0.005,+0.00000,+0.005,+0.000,-0.010,+0.000,+0.003,+0.000,2,+0.005,-0.120,+0.000,+0.000
DRV,27534,+0.0000,+0.0000,+0.0000,+0.0000,+0.0000,+0.0000,+0.000,+0.000,-0.00097,+0.0002,-0.0000,-0.007,2,1,+0.000,+0.000,+0.00000,+0.000,+0.000,+0.000,+0.000,-0.001,+0.000,2,+0.000,-0.013,+0.00000,-0.013,+0.000,+0.027,+0.000,-0.001,+0.000,2,-0.000,-0.016,+0.00000,-0.016,+0.000,+0.031,-0.000,-0.001,+0.000,2,+0.000,-0.027,+0.00000,-0.027,+0.000,+0.053,+0.000,-0.001,+0.000,0,-0.027,-0.029,+0.000,+0.000
DRV,27538,+0.0000,+0.0000,+0.0000,+0.0000,+0.0000,+0.0000,+0.000,+0.000,-0.00097,+0.0002,-0.0000,-0.007,2,1,+0.000,+0.000,-0.00011,+0.000,-0.003,+0.000,+0.000,-0.001,+0.000,2,+0.000,+0.076,-0.00011,+0.076,-0.003,-0.153,+0.000,-0.001,+0.000,2,-0.000,-0.011,-0.00011,-0.011,-0.003,+0.022,-0.000,-0.001,+0.000,0,+0.000,-0.039,+0.00027,-0.039,+0.007,+0.078,+0.000,-0.001,+0.000,0,-0.039,+0.065,+0.000,+0.000
DRV,27542,+0.0000,+0.0000,+0.0000,+0.0000,+0.0000,+0.0000,+0.000,+0.000,-0.00097,-0.0009,-0.0000,+0.036,2,1,+0.000,+0.000,+0.00000,+0.000,+0.000,+0.000,+0.000,+0.003,+0.000,2,+0.000,+0.100,+0.00000,+0.100,+0.000,-0.200,+0.000,+0.003,+0.000,2,-0.000,-0.003,+0.00000,-0.003,+0.000,+0.006,-0.000,+0.003,+0.000,0,+0.000,-0.033,+0.00000,-0.033,+0.000,+0.066,+0.000,+0.003,+0.000,0,-0.033,+0.097,+0.000,+0.000
DRV,27546,+0.0000,+0.0000,+0.0000,+0.0000,+0.0000,+0.0000,+0.000,+0.000,-0.00098,-0.0009,-0.0000,+0.036,2,1,+0.000,+0.000,+0.00000,+0.000,+0.000,+0.000,+0.000,+0.003,+0.000,2,+0.000,+0.096,+0.00000,+0.096,+0.000,-0.192,+0.000,+0.003,+0.000,0,-0.000,+0.000,+0.00000,+0.000,+0.000,-0.000,-0.000,+0.003,+0.000,0,+0.000,-0.010,+0.00000,-0.010,+0.000,+0.021,+0.000,+0.003,+0.000,2,-0.010,+0.096,+0.000,+0.000
DRV,27550,+0.0000,+0.0000,+0.0000,+0.0000,+0.0000,+0.0000,+0.000,+0.000,-0.00098,-0.0004,-0.0000,+0.015,2,1,+0.000,+0.000,+0.00000,+0.000,+0.000,+0.000,+0.000,+0.001,+0.000,0,+0.000,+0.048,+0.00000,+0.048,+0.000,-0.096,+0.000,+0.001,+0.000,0,-0.000,+0.016,+0.00000,+0.016,+0.000,-0.032,-0.000,+0.001,+0.000,2,+0.000,+0.000,+0.00000,+0.000,+0.000,+0.000,+0.000,+0.001,+0.000,2,+0.000,+0.064,+0.000,+0.000
DRV,27554,+0.0000,+0.0000,+0.0000,+0.0000,+0.0000,+0.0000,+0.000,+0.000,-0.00098,-0.0004,-0.0000,+0.015,2,1,+0.000,+0.000,+0.00000,+0.000,+0.000,+0.000,+0.000,+0.001,+0.000,0,+0.000,+0.003,+0.00000,+0.003,+0.000,-0.006,+0.000,+0.001,+0.000,2,-0.000,+0.011,+0.00000,+0.011,+0.000,-0.023,-0.000,+0.001,+0.000,2,+0.000,+0.023,+0.00000,+0.023,+0.000,-0.046,+0.000,+0.001,+0.000,2,+0.023,+0.014,+0.000,+0.000
DRV,27558,+0.0000,+0.0000,+0.0000,+0.0000,+0.0000,+0.0000,+0.000,+0.000,-0.00098,-0.0009,-0.0000,+0.036,2,1,+0.000,+0.000,+0.00000,+0.000,+0.000,+0.000,+0.000,+0.003,+0.000,0,+0.000,-0.046,+0.00000,-0.046,+0.000,+0.092,+0.000,+0.003,+0.000,2,-0.000,+0.004,+0.00000,+0.004,+0.000,-0.009,-0.000,+0.003,+0.000,2,+0.000,+0.022,+0.00000,+0.022,+0.000,-0.045,+0.000,+0.003,+0.000,2,+0.022,-0.041,+0.000,+0.000
DRV,27562,+0.0000,+0.0000,+0.0000,+0.0000,+0.0000,+0.0000,+0.000,+0.000,-0.00099,-0.0009,-0.0000,+0.036,2,1,+0.000,+0.000,+0.00000,+0.000,+0.000,+0.000,+0.000,+0.003,+0.000,2,+0.000,-0.058,+0.00000,-0.058,+0.000,+0.116,+0.000,+0.003,+0.000,2,-0.000,+0.000,+0.00000,+0.000,+0.000,-0.000,-0.000,+0.003,+0.000,2,+0.000,+0.013,+0.00000,+0.013,+0.000,-0.026,+0.000,+0.003,+0.000,2,+0.013,-0.058,+0.000,+0.000
DRV,27566,+0.0000,+0.0000,+0.0000,+0.0000,+0.0000,+0.0000,+0.000,+0.000,-0.00099,+0.0002,-0.0000,-0.007,2,1,+0.000,+0.000,+0.00000,+0.000,+0.000,+0.000,+0.000,-0.001,+0.000,2,+0.000,-0.033,+0.00000,-0.033,+0.000,+0.066,+0.000,-0.001,+0.000,2,-0.000,-0.007,+0.00000,-0.007,+0.000,+0.014,-0.000,-0.001,+0.000,2,+0.000,+0.000,+0.00000,+0.000,+0.000,+0.000,+0.000,-0.001,+0.000,2,+0.000,-0.040,+0.000,+0.000
DRV,27570,+0.0000,+0.0000,+0.0000,+0.0000,+0.0000,+0.0000,+0.000,+0.000,-0.00099,+0.0002,-0.0000,-0.007,2,1,+0.000,+0.000,+0.00000,+0.000,+0.000,+0.000,+0.000,-0.001,+0.000,2,+0.000,-0.011,+0.00000,-0.011,+0.000,+0.023,+0.000,-0.001,+0.000,2,-0.000,+0.000,+0.00000,+0.000,+0.000,-0.000,-0.000,-0.001,+0.000,2,+0.000,-0.017,+0.00000,-0.017,+0.000,+0.034,+0.000,-0.001,+0.000,2,-0.017,-0.011,+0.000,+0.000
DRV,27574,+0.0000,+0.0000,+0.0000,+0.0000,+0.0000,+0.0000,+0.000,+0.000,-0.00098,+0.0007,-0.0000,-0.028,2,1,+0.000,+0.000,+0.00000,+0.000,+0.000,+0.000,+0.000,-0.002,+0.000,2,+0.000,+0.015,+0.00000,+0.015,+0.000,-0.030,+0.000,-0.002,+0.000,2,-0.000,+0.000,+0.00000,+0.000,+0.000,-0.000,-0.000,-0.002,+0.000,2,+0.000,-0.017,+0.00000,-0.017,+0.000,+0.033,+0.000,-0.002,+0.000,0,-0.017,+0.015,+0.000,+0.000
DRV,27578,+0.0000,+0.0000,+0.0000,+0.0000,+0.0000,+0.0000,+0.000,+0.000,-0.00098,+0.0007,-0.0000,-0.028,2,1,+0.000,+0.000,+0.00000,+0.000,+0.000,+0.000,+0.000,-0.002,+0.000,2,+0.000,+0.027,+0.00000,+0.027,+0.000,-0.053,+0.000,-0.002,+0.000,2,-0.000,+0.000,+0.00000,+0.000,+0.000,-0.000,-0.000,-0.002,+0.000,0,+0.000,-0.003,+0.00000,-0.003,+0.000,+0.006,+0.000,-0.002,+0.000,0,-0.003,+0.027,+0.000,+0.000
DRV,27582,+0.0000,+0.0000,+0.0000,+0.0000,+0.0000,+0.0000,+0.000,+0.000,-0.00098,+0.0012,-0.0000,-0.049,2,1,+0.000,+0.000,+0.00000,+0.000,+0.000,+0.000,+0.000,-0.004,+0.000,2,+0.000,+0.022,+0.00000,+0.022,+0.000,-0.044,+0.000,-0.004,+0.000,0,-0.000,+0.004,+0.00000,+0.004,+0.000,-0.009,-0.000,-0.004,+0.000,0,+0.000,+0.000,+0.00000,+0.000,+0.000,+0.000,+0.000,-0.004,+0.000,2,+0.000,+0.026,+0.000,+0.000
DRV,27586,+0.0000,+0.0000,+0.0000,+0.0000,+0.0000,+0.0000,+0.000,+0.000,-0.00097,+0.0012,-0.0000,-0.049,2,1,+0.000,+0.000,+0.00000,+0.000,+0.000,+0.000,+0.000,-0.004,+0.000,2,+0.000,+0.001,+0.00000,+0.001,+0.000,-0.002,+0.000,-0.004,+0.000,0,-0.000,+0.000,+0.00000,+0.000,+0.000,-0.000,-0.000,-0.004,+0.000,2,+0.000,+0.010,+0.00000,+0.010,+0.000,-0.019,+0.000,-0.004,+0.000,2,+0.010,+0.001,+0.000,+0.000
DRV,27590,+0.0000,+0.0000,+0.0000,+0.0000,+0.0000,+0.0000,+0.000,+0.000,-0.00097,-0.0014,-0.0000,+0.057,2,1,+0.000,+0.000,+0.00000,+0.000,+0.000,+0.000,+0.000,+0.005,+0.000,0,+0.000,-0.008,+0.00000,-0.008,+0.000,+0.016,+0.000,+0.005,+0.000,0,-0.000,+0.000,+0.00000,+0.000,+0.000,-0.000,-0.000,+0.005,+0.000,2,+0.000,+0.010,+0.00000,+0.010,+0.000,-0.019,+0.000,+0.005,+0.000,2,+0.010,-0.008,+0.000,+0.000
DRV,27594,+0.0000,+0.0000,+0.0000,+0.0000,+0.0000,+0.0000,+0.000,+0.000,-0.00098,-0.0012,-0.0000,+0.047,2,1,+0.000,+0.000,+0.00000,+0.000,+0.000,+0.000,+0.000,+0.004,+0.000,0,+0.000,-0.019,+0.00000,-0.019,+0.000,+0.037,+0.000,+0.004,+0.000,2,-0.000,+0.000,+0.00000,+0.000,+0.000,-0.000,-0.000,+0.004,+0.000,2,+0.000,+0.000,+0.00000,+0.000,+0.000,+0.000,+0.000,+0.004,+0.000,2,+0.000,-0.019,+0.000,+0.000
