2,2,+0.000,+0.000,-0.04229,+0.000,-1.057,+0.000,+0.000,-0.009,-1.066,2,+0.000,+0.000,+0.05086,+0.000,+1.271,+0.000,+0.000,-0.009,+1.262,2,+0.000,+0.000,-0.163,+0.186
DRV,66794,+0.0000,+0.0000,+0.0000,+0.0000,+0.0000,+0.0000,+0.000,+0.000,-0.00049,+0.0026,+0.0000,-0.104,2,1,+0.000,+0.000,-0.05664,+0.000,-1.416,+0.000,+0.000,-0.008,-1.424,2,+0.000,+0.000,+0.05047,+0.000,+1.262,+0.000,+0.000,-0.008,+1.253,2,+0.000,+0.000,-0.04229,+0.000,-1.057,+0.000,+0.000,-0.008,-1.066,2,+0.000,+0.000,+0.05086,+0.000,+1.271,+0.000,+0.000,-0.008,+1.263,2,+0.000,+0.000,-0.161,+0.188
DRV,66798,+0.0000,+0.0000,+0.0000,+0.0000,+0.0000,+0.0000,+0.000,+0.000,-0.00049,-0.0009,+0.0000,+0.034,2,1,+0.000,-0.000,-0.05664,-0.000,-1.416,+0.001,+0.000,+0.003,-1.412,2,+0.000,+0.000,+0.05047,+0.000,+1.262,+0.000,+0.000,+0.003,+1.264,0,+0.000,+0.000,-0.04229,+0.000,-1.057,+0.000,+0.000,+0.003,-1.054,2,+0.000,+0.000,+0.05086,+0.000,+1.271,+0.000,+0.000,+0.003,+1.274,2,-0.000,+0.000,-0.138,+0.210
DRV,66802,+0.0000,+0.0000,+0.0000,+0.0000,+0.0000,+0.0000,+0.000,+0.000,-0.00051,-0.0043,+0.0000,+0.172,2,1,+0.000,+0.000,-0.05664,+0.000,-1.416,+0.000,+0.000,+0.014,-1.402,0,+0.000,-0.004,+0.05047,-0.004,+1.262,+0.008,+0.000,+0.014,+1.283,2,+0.000,+0.000,-0.04229,+0.000,-1.057,+0.000,+0.000,+0.014,-1.043,2,+0.000,-0.007,+0.05086,-0.007,+1.271,+0.014,+0.000,+0.014,+1.299,2,-0.007,-0.004,-0.103,+0.240
DRV,66806,+0.0000,+0.0000,+0.0000,+0.0000,+0.0000,+0.0000,+0.000,+0.000,-0.00052,-0.0035,+0.0000,+0.140,2,1,+0.000,+0.000,-0.05664,+0.000,-1.416,+0.000,+0.000,+0.011,-1.405,0,+0.000,+0.000,+0.05047,+0.000,+1.262,+0.000,+0.000,+0.011,+1.273,2,+0.000,+0.000,-0.04229,+0.000,-1.057,+0.000,+0.000,+0.011,-1.046,2,+0.000,+0.000,+0.05086,+0.000,+1.271,+0.000,+0.000,+0.011,+1.283,2,+0.000,+0.000,-0.122,+0.227
DRV,66810,+0.0000,+0.0000,+0.0000,+0.0000,+0.0000,+0.0000,+0.000,+0.000,-0.00053,-0.0027,+0.0000,+0.108,2,1,+0.000,+0.000,-0.05664,+0.000,-1.416,+0.000,+0.000,+0.009,-1.407,2,+0.000,+0.000,+0.05047,+0.000,+1.262,+0.000,+0.000,+0.009,+1.270,2,+0.000,-0.001,-0.04229,-00,+0.0000,+0.0000,+0.0000,+0.000,+0.000,-0.00054,+0.0026,+0.0000,-0.105,2,1,+0.000,+0.000,-0.05664,+0.000,-1.416,+0.000,+0.000,-0.008,-1.424,2,+0.000,+0.000,+0.05047,+0.000,+1.262,+0.000,+0.000,-0.008,+1.253,0,+0.000,+0.000,-0.04229,+0.000,-1.057,+0.000,+0.000,-0.008,-1.066,2,+0.000,+0.000,+0.05086,+0.000,+1.271,+0.000,+0.000,-0.008,+1.263,2,+0.000,+0.000,-0.161,+0.188
DRV,66838,+0.0000,+0.0000,+0.0000,+0.0000,+0.0000,+0.0000,+0.000,+0.000,-0.00053,+0.0032,+0.0000,-0.126,2,1,+0.000,+0.000,-0.05664,+0.000,-1.416,+0.000,+0.000,-0.010,-1.426,0,+0.000,+0.000,+0.05047,+0.000,+1.262,+0.000,+0.000,-0.010,+1.252,0,+0.000,+0.000,-0.04229,+0.000,-1.057,+0.000,+0.000,-0.010,-1.067,2,+0.000,+0.000,+0.05086,+0.000,+1.271,+0.000,+0.000,-0.010,+1.261,2,+0.000,+0.000,-0.165,+0.184
DRV,66842,+0.0000,+0.0000,+0.0000,+0.0000,+0.0000,+0.0000,+0.000,+0.000,-0.00051,+0.0037,+0.0000,-0.147,2,1,+0.000,+0.000,-0.05664,+0.000,-1.416,+0.000,+0.000,-0.012,-1.428,0,+0.000,+0.000,+0.05047,+0.000,+1.262,+0.000,+0.000,-0.012,+1.250,0,+0.000,+0.001,-0.04229,+0.001,-1.057,-0.002,+0.000,-0.012,-1.071,2,+0.000,+0.000,+0.05086,+0.000,+1.271,+0.000,+0.000,-0.012,+1.260,0,+0.000,+0.001,-0.168,+0.179
DRV,66846,+0.0000,+0.0000,+0.0000,+0.0000,+0.0000,+0.0000,+0.000,+0.000,-0.00050,+0.0015,+0.0000,-0.062,2,1,+0.000,+0.000,-0.05664,+0.000,-1.416,+0.000,+0.000,-0.005,-1.421,0,+0.000,+0.000,+0.05047,+0.000,+1.262,+0.000,+0.000,-0.005,+1.257,2,+0.000,+0.000,-0.04229,+0.000,-1.057,+0.000,+0.000,-0.005,-1.062,2,+0.000,+0.000,+0.05086,+0.000,+1.271,+0.000,+0.000,-0.005,+1.266,0,+0.000,+0.000,-0.155,+0.195
DRV,66850,+0.0000,+0.0000,+0.0000,+0.0000,+0.0000,+0.0000,+0.000,+0.000,-0.00050,-0.0006,+0.0000,+0.023,2,1,+0.000,-0.008,-0.05664,-0.008,-1.416,+0.015,+0.000,+0.002,-1.399,2,+0.000,+0.000,+0.05047,+0.000,+1.262,+0.000,+0.000,+0.002,+1.264,2,+0.000,+0.000,-0.04229,+0.000,-1.057,+0.000,+0.000,+0.002,-1.055,0,+0.000,+0.000,+0.05086,+0.000,+1.271,+0.000,+0.000,+0.002,+1.273,0,-0.008,+0.000,-0.126,+0.208
DRV,66854,+0.0000,+0.0000,+0.0000,+0.0000,+0.0000,+0.0000,+0.000,+0.000,-0.00051,-0.0022,+0.0000,+0.087,2,1,+0.000,+0.000,-0.05664,+0.000,-1.416,+0.000,+0.000,+0.007,-1.409,2,+0.000,-0.001,+0.05047,-0.001,+1.262,+0.002,+0.000,+0.007,+1.271,2,+0.000,+0.000,-0.04229,+0.000,-1.057,+0.000,+0.000,+0.007,-1.050,0,+0.000,+0.000,+0.05086,+0.000,+1.271,+0.000,+0.000,+0.007,+1.278,2,+0.000,-0.001,-0.131,+0.220
DRV,66858,+0.0000,+0.0000,+0.0000,+0.0000,+0.0000,+0.0000,+0.000,+0.000,-0.00052,-0.0022,+0.0000,+0.087,2,1,+0.000,+0.000,-0.05664,+0.000,-1.416,+0.000,+0.000,+0.007,-1.409,2,+0.000,-0.001,+0.05047,-0.001,+1.262,+0.002,+0.000,+0.007,+1.271,2,+0.000,+0.000,-0.04229,+0.000,-1.057,+0.000,+0.000,+0.007,-1.050,2,+0.000,+0.000,+0.05086,+0.000,+1.271,+0.000,+0.000,+0.007,+1.278,2,+0.000,-0.001,-0.131,+0.220
DRV,66862,+0.0000,+0.0000,+0.0000,+0.0000,+0.0000,+0.0000,+0.000,+0.000,-0.00053,-0.0032,+0.0000,+0.129,2,1,+0.000,+0.000,-0.05664,+0.000,-1.416,+0.000,+0.000,+0.010,-1.406,2,+0.000,+0.000,+0.05047,+0.000,+1.262,+0.000,+0.000,+0.010,+1.272,2,+0.000,+0.000,-0.04229,+0.000,-1.057,+0.000,+0.000,+0.010,-1.047,2,+0.000,+0.000,+0.05086,+0.000,+1.271,+0.000,+0.000,+0.010,+1.282,2,+0.000,+0.000,-0.124,+0.225
DRV,66866,+0.0000,+0.0000,+0.0000,+0.0000,+0.0000,+0.0000,+0.000,+0.000,-0.00054,-0.0032,+0.0000,+0.129,2,1,+0.000,+0.000,-0.05672,+0.000,-1.418,+0.000,+0.000,+0.010,-1.408,2,+0.000,+0.000,+0.05077,+0.000,+1.269,+0.000,+0.000,+0.010,+1.280,2,+0.000,-0.000,-0.04237,-0.000,-1.059,+0.001,+0.000,+0.010,-1.048,2,+0.000,+0.000,+0.05078,+0.000,+1.269,+0.000,+0.000,+0.010,+1.280,2,+0.000,-0.000,-0.128,+0.232
DRV,66870,+0.0000,+0.0000,+0.0000,+0.0000,+0.0000,+0.0000,+0.000,+0.000,-0.00055,-0.0022,+0.0000,+0.086,2,1,+0.000,-0.001,-0.05672,-0.001,-1.418,+0.003,+0.000,+0.007,-1.408,2,+0.000,+0.002,+0.05077,+0.002,+1.269,-0.004,+0.000,+0.007,+1.272,2,+0.000,+0.000,-0.04237,+0.000,-1.059,+0.000,+0.000,+0.007,-1.052,2,+0.000,+0.000,+0.05078,+0.000,+1.269,+0.000,+0.000,+0.007,+1.276,2,-0.001,+0.002,-0.132,+0.220
DRV,66874,+0.0000,+0.0000,+0.0000,+0.0000,+0.0000,+0.0000,+0.000,+0.000,-0.00056,-0.002290,+0.0000,+0.0000,+0.0000,+0.0000,+0.0000,+0.0000,+0.000,+0.000,-0.00047,+0.0037,+0.0000,-0.146,2,1,+0.000,+0.000,-0.05664,+0.000,-1.416,+0.000,+0.000,-0.012,-1.428,2,+0.000,+0.000,+0.05047,+0.000,+1.262,+0.000,+0.000,-0.012,+1.250,0,+0.000,+0.000,-0.04229,+0.000,-1.057,+0.000,+0.000,-0.012,-1.069,2,+0.000,+0.000,+0.05086,+0.000,+1.271,+0.000,+0.000,-0.012,+1.260,2,+0.000,+0.000,-0.168,+0.181
DRV,69294,+0.0000,+0.0000,+0.0000,+0.0000,+0.0000,+0.0000,+0.000,+0.000,-0.00045,+0.0026,+0.0000,-0.104,2,1,+0.000,+0.001,-0.05664,+0.001,-1.416,-0.002,+0.000,-0.008,-1.426,0,+0.000,+0.000,+0.05047,+0.000,+1.262,+0.000,+0.000,-0.008,+1.253,0,+0.000,+0.000,-0.04229,+0.000,-1.057,+0.000,+0.000,-0.008,-1.065,2,+0.000,+0.000,+0.05086,+0.000,+1.271,+0.000,+0.000,-0.008,+1.263,2,+0.001,+0.000,-0.163,+0.188
DRV,69298,+0.0000,+0.0000,+0.0000,+0.0000,+0.0000,+0.0000,+0.000,+0.000,-0.00045,+0.0015,+0.0000,-0.061,2,1,+0.000,+0.000,-0.05664,+0.000,-1.416,+0.000,+0.000,-0.005,-1.421,0,+0.000,+0.000,+0.05047,+0.000,+1.262,+0.000,+0.000,-0.005,+1.257,2,+0.000,+0.000,-0.04229,+0.000,-1.057,+0.000,+0.000,-0.005,-1.062,2,+0.000,+0.000,+0.05086,+0.000,+1.271,+0.000,+0.000,-0.005,+1.267,0,+0.000,+0.000,-0.154,+0.195
DRV,69302,+0.0000,+0.0000,+0.0000,+0.0000,+0.0000,+0.0000,+0.000,+0.000,-0.00044,+0.0005,+0.0000,-0.018,2,1,+0.000,+0.000,-0.05664,+0.000,-1.416,+0.000,+0.000,-0.001,-1.417,2,+0.000,+0.000,+0.05047,+0.000,+1.262,+0.000,+0.000,-0.001,+1.260,2,+0.000,+0.000,-0.04229,+0.000,-1.057,+0.000,+0.000,-0.001,-1.059,0,+0.000,+0.000,+0.05086,+0.000,+1.271,+0.000,+0.000,-0.001,+1.270,0,+0.000,+0.000,-0.148,+0.202
DRV,69306,+0.0000,+0.0000,+0.0000,+0.0000,+0.0000,+0.0000,+0.000,+0.000,-0.00045,-0.0006,+0.0000,+0.024,2,1,+0.000,+0.000,-0.05664,+0.000,-1.416,+0.000,+0.000,+0.002,-1.414,2,+0.000,+0.000,+0.05047,+0.000,+1.262,+0.000,+0.000,+0.002,+1.264,2,+0.000,+0.000,-0.04229,+0.000,-1.057,+0.000,+0.000,+0.002,-1.055,0,+0.000,+0.000,+0.05086,+0.000,+1.271,+0.000,+0.000,+0.002,+1.273,2,+0.000,+0.000,-0.141,+0.208
DRV,69310,+0.0000,+0.0000,+0.0000,+0.0000,+0.0000,+0.0000,+0.000,+0.000,-0.00045,-0.0019,+0.0000,+0.078,2,1,+0.000,+0.000,-0.05672,+0.000,-1.418,+0.000,+0.000,+0.006,-1.412,2,+0.000,-0.005,+0.05077,-0.005,+1.269,+0.010,+0.000,+0.006,+1.285,2,+0.000,+0.000,-0.04237,+0.000,-1.059,+0.000,+0.000,+0.006,-1.053,0,+0.000,-0.002,+0.05078,-0.002,+1.269,+0.004,+0.000,+0.006,+1.279,2,-0.002,-0.005,-0.132,+0.232
DRV,69314,+0.0000,+0.0000,+0.0000,+0.0000,+0.0000,+0.0000,+0.000,+0.000,-0.00046,-0.0033,+0.0000,+0.131,2,1,+0.000,-0.000,-0.05672,-0.000,-1.418,+0.001,+0.000,+0.010,-1.407,2,+0.000,+0.000,+0.05077,+0.000,+1.269,+0.000,+0.000,+0.010,+1.280,2,+0.000,+0.000,-0.04237,+0.000,-1.059,+0.000,+0.000,+0.010,-1.049,2,+0.000,+0.000,+0.05078,+0.000,+1.269,+0.000,+0.000,+0.010,+1.280,2,-0.000,+0.000,-0.127,+0.231
DRV,69318,+0.0000,+0.0000,+0.0000,+0.0000,+0.0000,+0.0000,+0.000,+0.000,-0.00048,-0.0030,+0.0000,+0.120,2,1,+0.000,+0.000,-0.05672,+0.000,-1.418,+0.000,+0.000,+0.010,-1.408,2,+0.000,+0.000,+0.05077,+0.000,+1.269,+0.000,+0.000,+0.010,+1.279,2,+0.000,+0.000,-0.04237,+0.000,-1.059,+0.000,+0.000,+0.010,-1.050,2,+0.000,+0.000,+0.05078,+0.000,+1.269,+0.000,+0.000,+0.010,+1.279,2,+0.000,+0.000,-0.129,+0.229
DRV,69322,+0.0000,+0.0000,+0.0000,+0.0000,+0.0000,+0.0000,+0.000,+0.000,-0.00049,-0.0027,+0.0000,+0.109,2,1,+0.000,+0.000,-0.05672,+0.000,-1.418,+0.000,+0.000,+0.009,-1.409,2,+0.000,+0.000,+0.05077,+0.000,+1.269,+0.000,+0.000,+0.009,+1.278,2,+0.000,+0.000,-0.04237,+0.000,-1.059,+0.000,+0.000,+0.009,-1.050,2,+0.000,+0.000,+0.05078,+0.000,+1.269,+0.000,+0.000,+0.009,+1.278,2,+0.000,+0.000,-0.131,+0.228
DRV,69326,+0.0000,+0.0000,+0.0000,+0.0000,+0.0000,+0.0000,+0.000,+0.000,-0.00049,-0.0003,+0.0000,+0.013,2,1,+0.000,+0.000,-0.05672,+0.000,-1.418,+0.000,+0.000,+0.001,-1.417,2,+0.000,+0.000,+0.05077,+0.000,+1.269,+0.000,+0.000,+0.001,+1.270,2,+0.000,+0.000,-0.04237,+0.000,-1.059,+0.000,+0.000,+0.001,-1.058,2,+0.000,+0.000,+0.05078,+0.000,+1.269,+0.000,+0.000,+0.001,+1.270,2,+0.000,+0.000,-0.147,+0.212
DRV,69330,+0.0000,+0.0000,+0.0000,+0.0000,+0.0000,+0.0000,+0.000,+0.000,-0.00049,+0.0021,+0.0000,-0.083,2,1,+0.000,+0.000,-0.05672,+0.000,-1.418,+0.000,+0.000,-0.007,-1.425,2,+0.000,+0.000,+0.05077,+0.000,+1.269,+0.000,+0.000,-0.007,+1.263,0,+0.000,+0.000,-0.04237,+0.000,-1.059,+0.000,+0.000,-0.007,-1.066,2,+0.000,+0.000,+0.05078,+0.000,+1.269,+0.000,+0.000,-0.007,+1.263,2,+0.000,+0.000,-0.162,+0.197
DRV,69334,+0.0000,+0.0000,+0.0000,+0.0000,+0.0000,+0.0000,+0.000,+0.000,-0.00048,+0.0018,+0.0000,-0.072,2,1,+0.000,+0.000,-0.05672,+0.000,-1.418,+0.000,+0.000,-0.006,-1.424,0,+0.000,+0.000,+0.05077,+0.000,+1.269,+0.000,+0.000,-0.006,+1.264,0,+0.000,+0.000,-0.04237,+0.000,-1.059,+0.000,+0.000,-0.006,-1.065,2,+0.000,+0.000,+0.05078,+0.000,+1.269,+0.000,+0.000,-0.006,+1.264,2,+0.000,+0.000,-0.160,+0.199
DRV,69338,+0.0000,+0.0000,+0.0000,+0.0000,+0.0000,+0.0000,+0.000,+0.000,-0.00047,+0.0015,+0.0000,-0.061,2,1,+0.000,+0.000,-0.05664,+0.000,-1.416,+0.000,+0.000,-0.005,-1.421,2,+0.000,+0.004,+0.05047,+0.004,+1.262,-0.009,+0.000,-0.005,+1.248,2,+0.000,+0.000,-0.04229,+0.000,-1.057,+0.000,+0.000,-0.005,-1.062,2,+0.000,+0.004,+0.05086,+0.004,+1.271,-0.009,+0.000,-0.005,+1.258,0,+0.004,+0.004,-0.163,+0.186
DRV,69342,+0.0000,+0.0000,+0.0000,+0.0000,+0.0000,+0.0000,+0.000,+0.000,-0.00046,+0.0018,+0.0000,-0.072,2,1,+0.000,+0.006,-0.05664,+0.006,-1.416,-0.011,+0.000,-0.006,-1.433,2,+0.000,+0.000,+0.05047,+0.000,+1.262,+0.000,+0.000,-0.006,+1.256,2,+0.000,+0.000,-0.04229,+0.000,-1.057,+0.000,+0.000,-0.006,-1.063,0,+0.000,+0.000,+0.05086,+0.000,+1.271,+0.000,+0.000,-0.006,+1.266,0,+0.006,+0.000,-0.168,+0.193
DRV,69346,+0.0000,+0.0000,+0.0000,+0.0000,+0.0000,+0.0000,+0.000,+0.000,-0.00046,+0.0021,+0.0000,-0.082,2,1,+0.000,+0.000,-0.05664,+0.000,-1.416,+0.000,+0.000,-0.007,-1.423,2,+0.000,+0.000,+0.05047,+0.000,+1.262,+0.000,+0.000,-0.007,+1.255,2,+0.000,+0.000,-0.04229,+0.000,-1.057,+0.000,+0.000,-0.007,-1.064,0,+0.000,+0.000,+0.05086,+0.000,+1.271,+0.000,+0.000,-0.007,+1.265,2,+0.000,+0.000,-0.158,+0.191
DRV,69350,+0.0000,+0.0000,+0.0000,+0.0000,+0.0000,+0.0000,+0.000,+0.000,-0.00045,+0.0007,+0.0000,-0.029,2,1,+0.000,+0.000,-0.05664,+0.000,-1.416,+0.000,+0.000,-0.002,-1.418,2,+0.000,+0.000,+0.05047,+0.000,+1.262,+0.000,+0.000,-0.002,+1.259,2,+0.000,+0.000,-0.04229,+0.000,-1.057,+0.000,+0.000,-0.002,-1.059,2,+0.000,+0.000,+0.05086,+0.000,+1.271,+0.000,+0.000,-0.002,+1.269,2,+0.000,+0.000,-0.149,+0.200
DRV,69354,+0.0000,+0.0000,+0.0000,+0.0000,+0.0000,+0.0000,+0.000,+0.000,-0.00045,-0.0006,+0.0000,+0.024,2,1,+0.000,+0.000,-0.05664,+0.000,-1.416,+0.000,+0.000,+0.002,-1.414,2,+0.000,+0.000,+0.05047,+0.000,+1.262,+0.000,+0.000,+0.002,+1.264,2,+0.000,+0.000,-0.04229,+0.000,-1.057,+0.000,+0.000,+0.002,-1.055,2,+0.000,+0.000,+0.05086,+0.000,+1.271,+0.000,+0.000,+0.002,+1.273,2,+0.000,+0.000,-0.141,+0.208
DRV,69358,+0.0000,+0.0000,+0.0000,+0.0000,+0.0000,+0.0000,+0.000,+0.000,-0.00046,-0.0006,+0.0000,+0.024,2,1,+0.000,+0.000,-0.05664,+0.000,-1.416,+0.000,+0.000,+0.002,-1.414,2,+0.000,+0.000,+0.05047,+0.000,+1.262,+0.000,+0.000,+0.002,+1.264,2,+0.000,+0.000,-0.04229,+0.000,-1.057,+0.000,+0.000,+0.002,-1.055,2,+0.000,-0.003,+0.05086,-0.003,+1.271,+0.006,+0.000,+0.002,+1.279,2,-0.003,+0.000,-0.135,+0.208
DRV,69362,+0.0000,+0.0000,+0.0000,+0.0000,+0.0000,+0.0000,+0.000,+0.000,-0.00046,-0.0006,+0.0000,+0.024,2,1,+0.000,+0.000,-0.05672,+0.000,-1.418,+0.000,+0.000,+0.002,-1.416,2,+0.000,+0.000,+0.05077,+0.000,+1.269,+0.000,+0.000,+0.002,+1.271,2,+0.000,+0.000,-0.04237,+0.000,-1.059,+0.000,+0.000,+0.002,-1.057,2,+0.000,+0.000,+0.05078,+0.000,+1.269,+0.000,+0.000,+0.002,+1.271,2,+0.000,+0.000,-0.145,+0.214
DRV,69366,+0.0000,+0.0000,+0.0000,+0.0000,+0.0000,+0.0000,+0.000,+0.000,-0.00046,-0.0006,+0.0000,+0.024,2,1,+0.000,-0.002,-0.05672,-0.002,-1.418,+0.004,+0.000,+0.002,-1.412,0,+0.000,+0.000,+0.05077,+0.000,+1.269,+0.000,+0.000,+0.002,+1.271,0,+0.000,+0.000,-0.04237,+0.000,-1.059,+0.000,+0.000,+0.002,-1.057,2,+0.000,+0.000,+0.05078,+0.000,+1.269,+0.000,+0.000,+0.002,+1.271,2,-0.002,+0.000,-0.141,+0.214
DRV,69370,+0.0000,+0.0000,+0.0000,+0.0000,+0.0000,+0.0000,+0.000,+0.000,-0.00046,-0.0006,+0.0000,+0.024,2,1,+0.000,+0.000,-0.05672,+0.000,-1.418,+0.000,+0.000,+0.002,-1.416,0,+0.000,+0.000,+0.05077,+0.000,+1.269,+0.000,+0.000,+0.002,+1.271,0,+0.000,+0.000,-0.04237,+0.000,-1.059,+0.000,+0.000,+0.002,-1.057,2,+0.000,+0.000,+0.05078,+0.000,+1.269,+0.000,+0.000,+0.002,+1.271,0,+0.000,+0.000,-0.145,+0.214
DRV,69374,+0.0000,+0.0000,+0.0000,+0.0000,+0.0000,+0.0000,+0.000,+0.000,-0.00046,-0.0001,+0.0000,+0.003,2,1,+0.000,+0.000,-0.05672,+0.000,-1.418,+0.000,+0.000,+0.000,-1.418,0,+0.000,+0.000,+0.05077,+0.000,+1.269,+0.000,+0.000,+0.000,+1.269,2,+0.000,+0.000,-0.04237,+0.000,-1.059,+0.000,+0.000,+0.000,-1.059,2,+0.000,+0.000,+0.05078,+0.000,+1.269,+0.000,+0.000,+0.000,+1.270,0,+0.000,+0.000,-0.148,+0.211
DRV,69378,+0.0000,+0.0000,+0.0000,+0.0000,+0.0000,+0.0000,+0.000,+0.000,-0.00046,+0.0005,+0.0000,-0.019,2,1,+0.000,+0.000,-0.05672,+0.000,-1.418,+0.000,+0.000,-0.001,-1.419,0,+0.000,-0.001,+0.05077,-0.001,+1.269,+0.003,+0.000,-0.001,+1.271,2,+0.000,+0.000,-0.04237,+0.000,-1.059,+0.000,+0.000,-0.001,-1.061,0,+0.000,+0.000,+0.05078,+0.000,+1.269,+0.000,+0.000,-0.001,+1.268,0,+0.000,-0.001,-0.152,+0.210
DRV,69382,+0.0000,+0.0000,+0.0000,+0.0000,+0.0000,+0.0000,+0.000,+0.000,-0.00046,+0.0010,+0.0000,-0.040,2,1,+0.000,+0.000,-0.05672,+0.000,-1.418,+0.000,+0.000,-0.003,-1.421,2,+0.000,+0.000,+0.05077,+0.000,+1.269,+0.000,+0.000,-0.003,+1.266,2,+0.000,+0.000,-0.04237,+0.000,-1.059,+0.000,+0.000,-0.003,-1.062,0,+0.000,+0.000,+0.05078,+0.000,+1.269,+0.000,+0.000,-0.003,+1.266,2,+0.000,+0.000,-0.155,+0.204
DRV,69386,+0.0000,+0.0000,+0.0000,+0.0000,+0.0000,+0.0000,+0.000,+0.000,-0.00045,+0.0015,+0.0000,-0.061,2,1,+0.000,+0.000,-0.05672,+0.000,-1.418,+0.000,+0.000,-0.005,-1.423,2,+0.000,+0.000,+0.05077,+0.000,+1.269,+0.000,+0.000,-0.005,+1.264,2,+0.000,+0.000,-0.04237,+0.000,-1.059,+0.000,+0.000,-0.005,-1.064,2,+0.000,+0.000,+0.05078,+0.000,+1.269,+0.000,+0.000,-0.005,+1.265,2,+0.000,+0.000,-0.158,+0.200
DRV,69390,+0.0000,+0.0000,+0.0000,+0.0000,+0.0000,+0.0000,+0.000,+0.000,-0.00045,+0.0013,+0.0000,-0.050,2,1,+0.000,+0.000,-0.05672,+0.000,-1.418,+0.000,+0.000,-0.004,-1.422,2,+0.000,+0.000,+0.05077,+0.000,+1.269,+0.000,+0.000,-0.004,+1.265,2,+0.000,+0.000,-0.04237,+0.000,-1.059,+0.000,+0.000,-0.004,-1.063,2,+0.000,+0.000,+0.05078,+0.000,+1.269,+0.000,+0.000,-0.004,+1.265,2,+0.000,+0.000,-0.157,+0.202
DRV,69394,+0.0000,+0.0000,+0.0000,+0.0000,+0.0000,+0.0000,+0.000,+0.000,-0.00044,+0.0010,+0.0000,-0.040,2,1,+0.000,+0.000,-0.05672,+0.000,-1.418,+0.000,+0.000,-0.003,-1.421,2,+0.000,+0.000,+0.05077,+0.000,+1.269,+0.000,+0.000,-0.003,+1.266,2,+0.000,+0.000,-0.04237,+0.000,-1.059,+0.000,+0.000,-0.003,-1.062,2,+0.000,+0.000,+0.05078,+0.000,+1.269,+0.000,+0.000,-0.003,+1.266,2,+0.000,+0.000,-0.155,+0.204
DRV,69398,+0.0000,+0.0000,+0.0000,+0.0000,+0.0000,+0.0000,+0.000,+0.000,-0.00044,+0.0007,+0.0000,-0.029,2,1,+0.000,+0.000,-0.05672,+0.000,-1.418,+0.000,+0.000,-0.002,-1.420,2,+0.000,+0.000,+0.05077,+0.000,+1.269,+0.000,+0.000,-0.002,+1.267,2,+0.000,+0.000,-0.04237,+0.000,-1.059,+0.000,+0.000,-0.002,-1.061,2,+0.000,+0.000,+0.05078,+0.000,+1.269,+0.000,+0.000,-0.002,+1.267,2,+0.000,+0.000,-0.153,+0.206
DRV,69402,+0.0000,+0.0000,+0.0000,+0.0000,+0.0000,+0.0000,+0.000,+0.000,-0.00044,+0.0005,+0.0000,-0.018,2,1,+0.000,-0.007,-0.05672,-0.007,-1.418,+0.013,+0.000,-0.001,-1.406,2,+0.000,+0.002,+0.05077,+0.002,+1.269,-0.004,+0.000,-0.001,+1.264,0,+0.000,+0.000,-0.04237,+0.000,-1.059,+0.000,+0.000,-0.001,-1.061,2,+0.000,+0.000,+0.05078,+0.000,+1.269,+0.000,+0.000,-0.001,+1.268,2,-0.007,+0.002,-0.138,+0.203
DRV,69406,+0.0000,+0.0000,+0.0000,+0.0000,+0.0000,+0.0000,+0.000,+0.000,-0.00044,+0.0007,+0.0000,-0.029,2,1,+0.000,+0.000,-0.05672,+0.000,-1.418,+0.000,+0.000,-0.002,-1.420,0,+0.000,+0.000,+0.05077,+0.000,+1.269,+0.000,+0.000,-0.002,+1.267,0,+0.000,+0.000,-0.04237,+0.000,-1.059,+0.000,+0.000,-0.002,-1.061,2,+0.000,+0.000,+0.05078,+0.000,+1.269,+0.000,+0.000,-0.002,+1.267,2,+0.000,+0.000,-0.153,+0.206
DRV,69410,+0.0000,+0.0000,+0.0000,+0.0000,+0.0000,+0.0000,+0.000,+0.000,-0.00043,+0.0010,+0.0000,-0.039,2,1,+0.000,+0.000,-0.05672,+0.000,-1.418,+0.000,+0.000,-0.003,-1.421,0,+0.000,+0.000,+0.05077,+0.000,+1.269,+0.000,+0.000,-0.003,+1.266,2,+0.000,+0.000,-0.04237,+0.000,-1.059,+0.000,+0.000,-0.003,-1.062,2,+0.000,-0.007,+0.05078,-0.007,+1.269,+0.013,+0.000,-0.003,+1.280,0,-0.007,+0.000,-0.142,+0.204
DRV,69414,+0.0000,+0.0000,+0.0000,+0.0000,+0.0000,+0.0000,+0.000,+0.000,-0.00043,-0.0001,+0.0000,+0.003,2,1,+0.000,+0.000,-0.05672,+0.000,-1.418,+0.000,+0.000,+0.000,-1.418,2,+0.000,+0.000,+0.05077,+0.000,+1.269,+0.000,+0.000,+0.000,+1.270,2,+0.000,+0.000,-0.04237,+0.000,-1.059,+0.000,+0.000,+0.000,-1.059,0,+0.000,+0.000,+0.05078,+0.000,+1.269,+0.000,+0.000,+0.000,+1.270,0,+0.000,+0.000,-0.148,+0.211
DRV,69418,+0.0000,+0.0000,+0.0000,+0.0000,+0.0000,+0.0000,+0.000,+0.000,-0.00044,-0.0011,+0.0000,+0.046,2,1,+0.000,+0.000,-0.05672,+0.000,-1.418,+0.000,+0.000,+0.004,-1.414,2,+0.000,+0.000,+0.05077,+0.000,+1.269,+0.000,+0.000,+0.004,+1.273,2,+0.000,+0.000,-0.04237,+0.000,-1.059,+0.000,+0.000,+0.004,-1.055,0,+0.000,+0.000,+0.05078,+0.000,+1.269,+0.000,+0.000,+0.004,+1.273,2,+0.000,+0.000,-0.141,+0.217
DRV,69422,+0.0000,+0.0000,+0.0000,+0.0000,+0.0000,+0.0000,+0.000,+0.000,-0.00044,-0.0006,+0.0000,+0.025,2,1,+0.000,+0.000,-0.05672,+0.000,-1.418,+0.000,+0.000,+0.002,-1.416,2,+0.000,+0.000,+0.05077,+0.000,+1.269,+0.000,+0.000,+0.002,+1.271,2,+0.000,+0.000,-0.04237,+0.000,-1.059,+0.000,+0.000,+0.002,-1.057,2,+0.000,+0.000,+0.05078,+0.000,+1.269,+0.000,+0.000,+0.002,+1.271,2,+0.000,+0.000,-0.145,+0.214
DRV,69426,+0.0000,+0.0000,+0.0000,+0.0000,+0.0000,+0.0000,+0.000,+0.000,-0.00044,-0.0001,+0.0000,+0.003,2,1,+0.000,+0.000,-0.05672,+0.000,-1.418,+0.000,+0.000,+0.000,-1.418,2,+0.000,+0.000,+0.05077,+0.000,+1.269,+0.000,+0.000,+0.000,+1.270,2,+0.000,+0.000,-0.04237,+0.000,-1.059,+0.000,+0.000,+0.000,-1.059,2,+0.000,+0.000,+0.05078,+0.000,+1.269,+0.000,+0.000,+0.000,+1.270,2,+0.000,+0.000,-0.148,+0.211
DRV,69430,+0.0000,+0.0000,+0.0000,+0.0000,+0.0000,+0.0000,+0.000,+0.000,-0.00044,-0.0006,+0.0000,+0.024,2,1,+0.000,+0.000,-0.05672,+0.000,-1.418,+0.000,+0.000,+0.002,-1.416,2,+0.000,+0.000,+0.05077,+0.000,+1.269,+0.000,+0.000,+0.002,+1.271,2,+0.000,+0.000,-0.04237,+0.000,-1.059,+0.000,+0.000,+0.002,-1.057,2,+0.000,+0.000,+0.05078,+0.000,+1.269,-0.001,+0.000,+0.002,+1.270,2,+0.000,+0.000,-0.146,+0.214
DRV,69434,+0.0000,+0.0000,+0.0000,+0.0000,+0.0000,+0.0000,+0.000,+0.000,-0.00045,-0.0011,+0.0000,+0.046,2,1,+0.000,+0.000,-0.05672,+0.000,-1.418,+0.000,+0.000,+0.004,-1.414,2,+0.000,+0.000,+0.05077,+0.000,+1.269,+0.000,+0.000,+0.004,+1.273,2,+0.000,+0.000,-0.04237,+0.000,-1.059,+0.000,+0.000,+0.004,-1.056,2,+0.000,+0.000,+0.05078,+0.000,+1.269,+0.000,+0.000,+0.004,+1.273,2,+0.000,+0.000,-0.141,+0.217
DRV,69438,+0.0000,+0.0000,+0.0000,+0.0000,+0.0000,+0.0000,+0.000,+0.000,-0.00045,-0.0001,+0.0000,+0.003,2,1,+0.000,+0.000,-0.05672,+0.000,-1.418,+0.000,+0.000,+0.000,-1.418,2,+0.000,+0.000,+0.05077,+0.000,+1.269,+0.000,+0.000,+0.000,+1.270,0,+0.000,+0.000,-0.04237,+0.000,-1.059,+0.000,+0.000,+0.000,-1.059,2,+0.000,+0.000,+0.05078,+0.000,+1.269,+0.000,+0.000,+0.000,+1.270,2,+0.000,+0.000,-0.148,+0.211
DRV,69442,+0.0000,+0.0000,+0.0000,+0.0000,+0.0000,+0.0000,+0.000,+0.000,-0.00044,+0.0010,+0.0000,-0.040,2,1,+0.000,+0.001,-0.05672,+0.001,-1.418,-0.003,+0.000,-0.003,-1.424,2,+0.000,+0.000,+0.05077,+0.000,+1.269,+0.000,+0.000,-0.003,+1.266,0,+0.000,+0.000,-0.04237,+0.000,-1.059,+0.000,+0.000,-0.003,-1.062,2,+0.000,+0.000,+0.05078,+0.000,+1.269,+0.000,+0.000,-0.003,+1.266,2,+0.001,+0.000,-0.158,+0.204
DRV,69446,+0.0000,+0.0000,+0.0000,+0.0000,+0.0000,+0.0000,+0.000,+0.000,-0.00044,+0.0010,+0.0000,-0.039,2,1,+0.000,+0.000,-0.05672,+0.000,-1.418,+0.000,+0.000,-0.003,-1.421,0,+0.000,+0.003,+0.05077,+0.003,+1.269,-0.006,+0.000,-0.003,+1.260,0,+0.000,+0.000,-0.04237,+0.000,-1.059,+0.000,+0.000,-0.003,-1.062,2,+0.000,+0.000,+0.05078,+0.000,+1.269,+0.000,+0.000,-0.003,+1.266,2,+0.000,+0.003,-0.155,+0.198
DRV,69450,+0.0000,+0.0000,+0.0000,+0.0000,+0.0000,+0.0000,+0.000,+0.000,-0.00044,+0.0010,+0.0000,-0.039,2,1,+0.000,+0.000,-0.05672,+0.000,-1.418,+0.000,+0.000,-0.003,-1.421,2,+0.000,+0.000,+0.05077,+0.000,+1.269,+0.000,+0.000,-0.003,+1.266,2,+0.000,+0.000,-0.04237,+0.000,-1.059,+0.000,+0.000,-0.003,-1.062,2,+0.000,+0.000,+0.05078,+0.000,+1.269,+0.000,+0.000,-0.003,+1.266,0,+0.000,+0.000,-0.155,+0.204
DRV,69454,+0.0000,+0.0000,+0.0000,+0.0000,+0.0000,+0.0000,+0.000,+0.000,-0.00043,+0.0015,+0.0000,-0.061,2,1,+0.000,+0.000,-0.05664,+0.000,-1.416,+0.000,+0.000,-0.005,-1.421,2,+0.000,+0.008,+0.05047,+0.008,+1.262,-0.016,+0.000,-0.005,+1.241,2,+0.000,+0.000,-0.04229,+0.000,-1.057,+0.000,+0.000,-0.005,-1.062,0,+0.000,+0.000,+0.05086,+0.000,+1.271,+0.000,+0.000,-0.005,+1.267,0,+0.000,+0.008,-0.154,+0.179
DRV,69458,+0.0000,+0.0000,+0.0000,+0.0000,+0.0000,+0.0000,+0.000,+0.000,-0.00042,+0.0020,+0.0000,-0.082,2,1,+0.000,+0.000,-0.05664,+0.000,-1.416,+0.000,+0.000,-0.007,-1.423,2,+0.000,-0.004,+0.05047,-0.004,+1.262,+0.009,+0.000,-0.007,+1.264,2,+0.000,+0.000,-0.04229,+0.000,-1.057,+0.000,+0.000,-0.007,-1.064,0,+0.000,+0.000,+0.05086,+0.000,+1.271,+0.000,+0.000,-0.007,+1.265,2,+0.000,-0.004,-0.158,+0.200
DRV,69462,+0.0000,+0.0000,+0.0000,+0.0000,+0.0000,+0.0000,+0.000,+0.000,-0.00042,+0.0004,+0.0000,-0.018,2,1,+0.000,+0.000,-0.05672,+0.000,-1.418,+0.000,+0.000,-0.001,-1.419,2,+0.000,+0.000,+0.05077,+0.000,+1.269,+0.000,+0.000,-0.001,+1.268,2,+0.000,+0.000,-0.04237,+0.000,-1.059,+0.000,+0.000,-0.001,-1.061,2,+0.000,+0.000,+0.05078,+0.000,+1.269,+0.000,+0.000,-0.001,+1.268,2,+0.000,+0.000,-0.151,+0.207
DRV,69466,+0.0000,+0.0000,+0.0000,+0.0000,+0.0000,+0.0000,+0.000,+0.000,-0.00042,-0.0012,+0.0000,+0.046,2,1,+0.000,-0.007,-0.05672,-0.007,-1.418,+0.013,+0.000,+0.004,-1.401,2,+0.000,+0.000,+0.05077,+0.000,+1.269,+0.000,+0.000,+0.004,+1.273,2,+0.000,+0.000,-0.04237,+0.000,-1.059,+0.000,+0.000,+0.004,-1.055,2,+0.000,+0.000,+0.05078,+0.000,+1.269,+0.000,+0.000,+0.004,+1.273,2,-0.007,+0.000,-0.128,+0.217
DRV,69470,+0.0000,+0.0000,+0.0000,+0.0000,+0.0000,+0.0000,+0.000,+0.000,-0.00043,-0.0012,+0.0000,+0.046,2,1,+0.000,+0.001,-0.05672,+0.001,-1.418,-0.003,+0.000,+0.004,-1.417,2,+0.000,+0.000,+0.05077,+0.000,+1.269,+0.000,+0.000,+0.004,+1.273,2,+0.000,+0.000,-0.04237,+0.000,-1.059,+0.000,+0.000,+0.004,-1.055,2,+0.000,+0.000,+0.05078,+0.000,+1.269,+0.000,+0.000,+0.004,+1.273,2,+0.001,+0.000,-0.144,+0.217
DRV,69474,+0.0000,+0.0000,+0.0000,+0.0000,+0.0000,+0.0000,+0.000,+0.000,-0.00043,-0.0011,+0.0000,+0.046,2,1,+0.000,+0.000,-0.05672,+0.000,-1.418,+0.000,+0.000,+0.004,-1.414,2,+0.000,+0.000,+0.05077,+0.000,+1.269,+0.000,+0.000,+0.004,+1.273,2,+0.000,+0.000,-0.04237,+0.000,-1.059,+0.000,+0.000,+0.004,-1.055,2,+0.000,+0.000,+0.05078,+0.000,+1.269,+0.000,+0.000,+0.004,+1.273,2,+0.000,+0.000,-0.141,+0.217
DRV,69478,+0.0000,+0.0000,+0.0000,+0.0000,+0.0000,+0.0000,+0.000,+0.000,-0.00044,-0.0017,+0.0000,+0.067,2,1,+0.000,+0.000,-0.05672,+0.000,-1.418,+0.000,+0.000,+0.005,-1.413,0,+0.000,+0.000,+0.05077,+0.000,+1.269,+0.000,+0.000,+0.005,+1.275,0,+0.000,+0.000,-0.04237,+0.000,-1.059,+0.000,+0.000,+0.005,-1.054,2,+0.000,-0.000,+0.05078,-0.000,+1.269,+0.001,+0.000,+0.005,+1.276,2,-0.000,+0.000,-0.137,+0.221
DRV,69482,+0.0000,+0.0000,+0.0000,+0.0000,+0.0000,+0.0000,+0.000,+0.000,-0.00044,-0.0017,+0.0000,+0.067,2,1,+0.000,+0.000,-0.05672,+0.000,-1.418,+0.000,+0.000,+0.005,-1.413,0,+0.000,+0.000,+0.05077,+0.000,+1.269,+0.000,+0.000,+0.005,+1.275,2,+0.000,+0.000,-0.04237,+0.000,-1.059,+0.000,+0.000,+0.005,-1.054,2,+0.000,+0.000,+0.05078,+0.000,+1.269,+0.000,+0.000,+0.005,+1.275,2,+0.000,+0.000,-0.138,+0.221
DRV,69486,+0.0000,+0.0000,+0.0000,+0.0000,+0.0000,+0.0000,+0.000,+0.000,-0.00044,+0.0010,+0.0000,-0.039,2,1,+0.000,+0.000,-0.05672,+0.000,-1.418,+0.000,+0.000,-0.003,-1.421,0,+0.000,+0.000,+0.05077,+0.000,+1.269,+0.000,+0.000,-0.003,+1.266,2,+0.000,+0.000,-0.04237,+0.000,-1.059,+0.000,+0.000,-0.003,-1.062,2,+0.000,+0.000,+0.05078,+0.000,+1.269,+0.000,+0.000,-0.003,+1.266,0,+0.000,+0.000,-0.155,+0.204
DRV,69490,+0.0000,+0.0000,+0.0000,+0.0000,+0.0000,+0.0000,+0.000,+0.000,-0.00044,+0.0010,+0.0000,-0.039,2,1,+0.000,+0.002,-0.05672,+0.002,-1.418,-0.005,+0.000,-0.003,-1.426,2,+0.000,+0.000,+0.05077,+0.000,+1.269,+0.000,+0.000,-0.003,+1.266,2,+0.000,+0.000,-0.04237,+0.000,-1.059,+0.000,+0.000,-0.003,-1.062,0,+0.000,-0.007,+0.05078,-0.007,+1.269,+0.014,+0.000,-0.003,+1.281,0,-0.005,+0.000,-0.145,+0.204
DRV,69494,+0.0000,+0.0000,+0.0000,+0.0000,+0.0000,+0.0000,+0.000,+0.000,-0.00043,+0.0015,+0.0000,-0.061,2,1,+0.000,+0.000,-0.05672,+0.000,-1.418,+0.000,+0.000,-0.005,-1.423,2,+0.000,+0.000,+0.05077,+0.000,+1.269,+0.000,+0.000,-0.005,+1.264,2,+0.000,+0.000,-0.04237,+0.000,-1.059,+0.000,+0.000,-0.005,-1.064,0,+0.000,+0.000,+0.05078,+0.000,+1.269,+0.000,+0.000,-0.005,+1.265,2,+0.000,+0.000,-0.158,+0.200
DRV,69498,+0.0000,+0.0000,+0.0000,+0.0000,+0.0000,+0.0000,+0.000,+0.000,-0.00043,+0.0015,+0.0000,-0.060,2,1,+0.000,-0.001,-0.05672,-0.001,-1.418,+0.002,+0.000,-0.005,-1.421,2,+0.000,+0.000,+0.05077,+0.000,+1.269,+0.000,+0.000,-0.005,+1.264,2,+0.000,+0.000,-0.04237,+0.000,-1.059,+0.000,+0.000,-0.005,-1.064,2,+0.000,+0.000,+0.05078,+0.000,+1.269,+0.000,+0.000,-0.005,+1.265,2,-0.001,+0.000,-0.156,+0.200
DRV,69502,+0.0000,+0.0000,+0.0000,+0.0000,+0.0000,+0.0000,+0.000,+0.000,-0.00042,+0.0031,+0.0000,-0.124,2,1,+0.000,+0.000,-0.05672,+0.000,-1.418,+0.000,+0.000,-0.010,-1.428,2,+0.000,+0.000,+0.05077,+0.000,+1.269,+0.000,+0.000,-0.010,+1.259,2,+0.000,+0.000,-0.04237,+0.000,-1.059,+0.000,+0.000,-0.010,-1.069,2,+0.000,+0.000,+0.05078,+0.000,+1.269,+0.000,+0.000,-0.010,+1.259,2,+0.000,+0.000,-0.168,+0.190
DRV,69506,+0.0000,+0.0000,+0.0000,+0.0000,+0.0000,+0.0000,+0.000,+0.000,-0.00040,+0.0031,+0.0000,-0.124,2,1,+0.000,+0.000,-0.05672,+0.000,-1.418,+0.000,+0.000,-0.010,-1.428,2,+0.000,+0.000,+0.05077,+0.000,+1.269,+0.000,+0.000,-0.010,+1.259,2,+0.000,+0.000,-0.04237,+0.000,-1.059,+0.000,+0.000,-0.010,-1.069,2,+0.000,+0.000,+0.05078,+0.000,+1.269,+0.000,+0.000,-0.010,+1.259,2,+0.000,+0.000,-0.168,+0.190
DRV,69510,+0.0000,+0.0000,+0.0000,+0.0000,+0.0000,+0.0000,+0.000,+0.000,-0.00040,-0.0006,+0.0000,+0.025,2,1,+0.000,+0.000,-0.05672,+0.000,-1.418,+0.000,+0.000,+0.002,-1.416,2,+0.000,+0.000,+0.05077,+0.000,+1.269,+0.000,+0.000,+0.002,+1.271,2,+0.000,+0.000,-0.04237,+0.000,-1.059,+0.000,+0.000,+0.002,-1.057,2,+0.000,+0.000,+0.05078,+0.000,+1.269,+0.000,+0.000,+0.002,+1.271,2,+0.000,+0.000,-0.145,+0.214
DRV,69514,+0.0000,+0.0000,+0.0000,+0.0000,+0.0000,+0.0000,+0.000,+0.000,-0.00041,-0.0006,+0.0000,+0.025,2,1,+0.000,+0.000,-0.05672,+0.000,-1.418,+0.000,+0.000,+0.002,-1.416,2,+0.000,+0.000,+0.05077,+0.000,+1.269,+0.000,+0.000,+0.002,+1.271,0,+0.000,+0.000,-0.04237,+0.000,-1.059,+0.000,+0.000,+0.002,-1.057,2,+0.000,+0.000,+0.05078,+0.000,+1.269,+0.000,+0.000,+0.002,+1.271,2,+0.000,+0.000,-0.145,+0.214
DRV,69518,+0.0000,+0.0000,+0.0000,+0.0000,+0.0000,+0.0000,+0.000,+0.000,-0.00041,-0.0017,+0.0000,+0.068,2,1,+0.000,+0.000,-0.05672,+0.000,-1.418,+0.000,+0.000,+0.005,-1.413,0,+0.000,+0.000,+0.05077,+0.000,+1.269,+0.000,+0.000,+0.005,+1.275,0,+0.000,+0.000,-0.04237,+0.000,-1.059,+0.000,+0.000,+0.005,-1.054,2,+0.000,-0.001,+0.05078,-0.001,+1.269,+0.003,+0.000,+0.005,+1.278,2,-0.001,+0.000,-0.135,+0.221
DRV,69522,+0.0000,+0.0000,+0.0000,+0.0000,+0.0000,+0.0000,+0.000,+0.000,-0.00042,-0.0017,+0.0000,+0.068,2,1,+0.000,+0.000,-0.05672,+0.000,-1.418,+0.000,+0.000,+0.005,-1.413,0,+0.000,+0.000,+0.05077,+0.000,+1.269,+0.000,+0.000,+0.005,+1.275,2,+0.000,+0.000,-0.04237,+0.000,-1.059,+0.000,+0.000,+0.005,-1.054,2,+0.000,-0.000,+0.05078,-0.000,+1.269,+0.001,+0.000,+0.005,+1.276,0,-0.000,+0.000,-0.137,+0.221
DRV,69526,+0.0000,+0.0000,+0.0000,+0.0000,+0.0000,+0.0000,+0.000,+0.000,-0.00042,-0.0017,+0.0000,+0.067,2,1,+0.000,+0.000,-0.05672,+0.000,-1.418,+0.000,+0.000,+0.005,-1.413,2,+0.000,-0.003,+0.05077,-0.003,+1.269,+0.007,+0.000,+0.005,+1.281,2,+0.000,+0.000,-0.04237,+0.000,-1.059,+0.000,+0.000,+0.005,-1.054,0,+0.000,+0.000,+0.05078,+0.000,+1.269,+0.000,+0.000,+0.005,+1.275,0,+0.000,-0.003,-0.138,+0.228
DRV,69530,+0.0000,+0.0000,+0.0000,+0.0000,+0.0000,+0.0000,+0.000,+0.000,-0.00043,-0.0017,+0.0000,+0.067,2,1,+0.000,+0.000,-0.05672,+0.000,-1.418,+0.000,+0.000,+0.005,-1.413,2,+0.000,+0.006,+0.05077,+0.006,+1.269,-0.012,+0.000,+0.005,+1.262,2,+0.000,+0.000,-0.04237,+0.000,-1.059,+0.000,+0.000,+0.005,-1.054,0,+0.000,+0.000,+0.05078,+0.000,+1.269,+0.000,+0.000,+0.005,+1.275,2,+0.000,+0.006,-0.138,+0.208
DRV,69534,+0.0000,+0.0000,+0.0000,+0.0000,+0.0000,+0.0000,+0.000,+0.000,-0.00043,-0.0006,+0.0000,+0.025,2,1,+0.000,+0.000,-0.05664,+0.000,-1.416,+0.000,+0.000,+0.002,-1.414,2,+0.000,+0.000,+0.05047,+0.000,+1.262,+0.000,+0.000,+0.002,+1.264,2,+0.000,+0.000,-0.04229,+0.000,-1.057,+0.000,+0.000,+0.002,-1.055,2,+0.000,+0.000,+0.05086,+0.000,+1.271,+0.000,+0.000,+0.002,+1.273,2,+0.000,+0.000,-0.141,+0.208
DRV,69538,+0.0000,+0.0000,+0.0000,+0.0000,+0.0000,+0.0000,+0.000,+0.000,-0.00044,-0.0006,+0.0000,+0.025,2,1,+0.000,+0.000,-0.05672,+0.000,-1.418,+0.000,+0.000,+0.002,-1.416,2,+0.000,+0.000,+0.05077,+0.000,+1.269,+0.000,+0.000,+0.002,+1.271,2,+0.000,+0.000,-0.04237,+0.000,-1.059,+0.000,+0.000,+0.002,-1.057,2,+0.000,+0.000,+0.05078,+0.000,+1.269,+0.000,+0.000,+0.002,+1.271,2,+0.000,+0.000,-0.145,+0.214
DRV,69542,+0.0000,+0.0000,+0.0000,+0.0000,+0.0000,+0.0000,+0.000,+0.000,-0.00043,+0.0020,+0.0000,-0.082,2,1,+0.000,+0.000,-0.05672,+0.000,-1.418,+0.000,+0.000,-0.007,-1.425,2,+0.000,+0.000,+0.05077,+0.000,+1.269,+0.000,+0.000,-0.007,+1.263,2,+0.000,+0.000,-0.04237,+0.000,-1.059,+0.000,+0.000,-0.007,-1.066,2,+0.000,+0.000,+0.05078,+0.000,+1.269,+0.000,+0.000,-0.007,+1.263,2,+0.000,+0.000,-0.162,+0.197
DRV,69546,+0.0000,+0.0000,+0.0000,+0.0000,+0.0000,+0.0000,+0.000,+0.000,-0.00042,+0.0020,+0.0000,-0.082,2,1,+0.000,+0.000,-0.05672,+0.000,-1.418,+0.000,+0.000,-0.007,-1.425,2,+0.000,-0.003,+0.05077,-0.003,+1.269,+0.007,+0.000,-0.007,+1.269,2,+0.000,+0.000,-0.04237,+0.000,-1.059,+0.000,+0.000,-0.007,-1.066,2,+0.000,+0.000,+0.05078,+0.000,+1.269,+0.000,+0.000,-0.007,+1.263,2,+0.000,-0.003,-0.162,+0.204
DRV,69550,+0.0000,+0.0000,+0.0000,+0.0000,+0.0000,+0.0000,+0.000,+0.000,-0.00042,+0.0020,+0.0000,-0.082,2,1,+0.000,-0.003,-0.05664,-0.003,-1.416,+0.006,+0.000,-0.007,-1.417,2,+0.000,+0.004,+0.05047,+0.004,+1.262,-0.008,+0.000,-0.007,+1.248,0,+0.000,+0.000,-0.04229,+0.000,-1.057,+0.000,+0.000,-0.007,-1.064,2,+0.000,+0.000,+0.05086,+0.000,+1.271,+0.000,+0.000,-0.007,+1.265,2,-0.003,+0.004,-0.152,+0.184
DRV,69554,+0.0000,+0.0000,+0.0000,+0.0000,+0.0000,+0.0000,+0.000,+0.000,-0.00041,+0.0020,+0.0000,-0.081,2,1,+0.000,+0.000,-0.05664,+0.000,-1.416,+0.000,+0.000,-0.007,-1.423,0,+0.000,+0.000,+0.05047,+0.000,+1.262,+0.000,+0.000,-0.007,+1.255,0,+0.000,+0.000,-0.04229,+0.000,-1.057,+0.000,+0.000,-0.007,-1.064,2,+0.000,+0.000,+0.05086,+0.000,+1.271,+0.000,+0.000,-0.007,+1.265,2,+0.000,+0.000,-0.158,+0.191
DRV,69558,+0.0000,+0.0000,+0.0000,+0.0000,+0.0000,+0.0000,+0.000,+0.000,-0.00040,+0.0010,+0.0000,-0.039,2,1,+0.000,+0.000,-0.05672,+0.000,-1.418,+0.000,+0.000,-0.003,-1.421,0,+0.000,+0.000,+0.05077,+0.000,+1.269,+0.000,+0.000,-0.003,+1.266,0,+0.000,+0.000,-0.04237,+0.000,-1.059,+0.000,+0.000,-0.003,-1.062,2,+0.000,+0.000,+0.05078,+0.000,+1.269,+0.000,+0.000,-0.003,+1.266,0,+0.000,+0.000,-0.155,+0.204
DRV,69562,+0.0000,+0.0000,+0.0000,+0.0000,+0.0000,+0.0000,+0.000,+0.000,-0.00040,+0.0010,+0.0000,-0.039,2,1,+0.000,+0.000,-0.05672,+0.000,-1.418,+0.000,+0.000,-0.003,-1.421,0,+0.000,+0.000,+0.05077,+0.000,+1.269,+0.000,+0.000,-0.003,+1.266,2,+0.000,+0.000,-0.04237,+0.000,-1.059,+0.000,+0.000,-0.003,-1.062,2,+0.000,+0.000,+0.05078,+0.000,+1.269,+0.000,+0.000,-0.003,+1.266,0,+0.000,+0.000,-0.155,+0.204
DRV,69566,+0.0000,+0.0000,+0.0000,+0.0000,+0.0000,+0.0000,+0.000,+0.000,-0.00040,-0.0017,+0.0000,+0.068,2,1,+0.000,-0.001,-0.05672,-0.001,-1.418,+0.003,+0.000,+0.005,-1.410,2,+0.000,+0.000,+0.05077,+0.000,+1.269,+0.000,+0.000,+0.005,+1.275,2,+0.000,+0.000,-0.04237,+0.000,-1.059,+0.000,+0.000,+0.005,-1.054,0,+0.000,+0.000,+0.05078,+0.000,+1.269,+0.000,+0.000,+0.005,+1.275,0,-0.001,+0.000,-0.135,+0.221
DRV,69570,+0.0000,+0.0000,+0.0000,+0.0000,+0.0000,+0.0000,+0.000,+0.000,-0.00041,-0.0017,+0.0000,+0.068,2,1,+0.000,+0.000,-0.05672,+0.000,-1.418,+0.000,+0.000,+0.005,-1.413,2,+0.000,+0.000,+0.05077,+0.000,+1.269,+0.000,+0.000,+0.005,+1.275,2,+0.000,+0.000,-0.04237,+0.000,-1.059,+0.000,+0.000,+0.005,-1.054,0,+0.000,+0.000,+0.05078,+0.000,+1.269,+0.000,+0.000,+0.005,+1.275,2,+0.000,+0.000,-0.138,+0.221
DRV,69574,+0.0000,+0.0000,+0.0000,+0.0000,+0.0000,+0.0000,+0.000,+0.000,-0.00042,-0.0022,+0.0000,+0.089,2,1,+0.000,+0.000,-0.05672,+0.000,-1.418,+0.000,+0.000,+0.007,-1.411,2,+0.000,-0.006,+0.05077,-0.006,+1.269,+0.011,+0.000,+0.007,+1.288,2,+0.000,+0.000,-0.04237,+0.000,-1.059,+0.000,+0.000,+0.007,-1.052,0,+0.000,+0.000,+0.05078,+0.000,+1.269,+0.000,+0.000,+0.007,+1.277,2,+0.000,-0.006,-0.134,+0.236
DRV,69578,+0.0000,+0.0000,+0.0000,+0.0000,+0.0000,+0.0000,+0.000,+0.000,-0.00043,-0.0022,+0.0000,+0.089,2,1,+0.000,+0.000,-0.05672,+0.000,-1.418,+0.000,+0.000,+0.007,-1.411,2,+0.000,+0.000,+0.05077,+0.000,+1.269,+0.000,+0.000,+0.007,+1.276,2,+0.000,+0.000,-0.04237,+0.000,-1.059,+0.000,+0.000,+0.007,-1.052,2,+0.000,+0.000,+0.05078,+0.000,+1.269,+0.000,+0.000,+0.007,+1.276,2,+0.000,+0.000,-0.134,+0.224
DRV,69582,+0.0000,+0.0000,+0.0000,+0.0000,+0.0000,+0.0000,+0.000,+0.000,-0.00043,-0.0006,+0.0000,+0.025,2,1,+0.000,+0.000,-0.05672,+0.000,-1.418,+0.000,+0.000,+0.002,-1.416,2,+0.000,+0.000,+0.05077,+0.000,+1.269,+0.000,+0.000,+0.002,+1.271,2,+0.000,+0.000,-0.04237,+0.000,-1.059,+0.000,+0.000,+0.002,-1.057,2,+0.000,+0.000,+0.05078,+0.000,+1.269,+0.000,+0.000,+0.002,+1.271,2,+0.000,+0.000,-0.145,+0.214
DRV,69586,+0.0000,+0.0000,+0.0000,+0.0000,+0.0000,+0.0000,+0.000,+0.000,-0.00043,-0.0006,+0.0000,+0.025,2,1,+0.000,+0.000,-0.05672,+0.000,-1.418,+0.000,+0.000,+0.002,-1.416,2,+0.000,+0.002,+0.05077,+0.002,+1.269,-0.005,+0.000,+0.002,+1.266,2,+0.000,+0.000,-0.04237,+0.000,-1.059,+0.000,+0.000,+0.002,-1.057,2,+0.000,+0.000,+0.05078,+0.000,+1.269,+0.000,+0.000,+0.002,+1.271,2,+0.000,+0.002,-0.145,+0.209
DRV,69590,+0.0000,+0.0000,+0.0000,+0.0000,+0.0000,+0.0000,+0.000,+0.000,-0.00043,+0.0015,+0.0000,-0.061,2,1,+0.000,+0.005,-0.05672,+0.005,-1.418,-0.010,+0.000,-0.005,-1.432,2,+0.000,-0.001,+0.05077,-0.001,+1.269,+0.003,+0.000,-0.005,+1.267,0,+0.000,+0.000,-0.04237,+0.000,-1.059,+0.000,+0.000,-0.005,-1.064,2,+0.000,+0.000,+0.05078,+0.000,+1.269,+0.000,+0.000,-0.005,+1.265,2,+0.005,-0.001,-0.168,+0.203
DRV,69594,+0.0000,+0.0000,+0.0000,+0.0000,+0.0000,+0.0000,+0.000,+0.000,-0.00042,+0.0015,+0.0000,-0.060,2,1,+0.000,+0.000,-0.05672,+0.000,-1.418,+0.000,+0.000,-0.005,-1.423,0,+0.000,+0.000,+0.05077,+0.000,+1.269,+0.000,+0.000,-0.005,+1.264,2,+0.000,+0.000,-0.04237,+0.000,-1.059,+0.000,+0.000,-0.005,-1.064,2,+0.000,+0.000,+0.05078,+0.000,+1.269,+0.000,+0.000,-0.005,+1.265,2,+0.000,+0.000,-0.158,+0.200
DRV,69598,+0.0000,+0.0000,+0.0000,+0.0000,+0.0000,+0.0000,+0.000,+0.000,-0.00042,+0.0015,+0.0000,-0.060,2,1,+0.000,+0.000,-0.05664,+0.000,-1.416,+0.000,+0.000,-0.005,-1.421,0,+0.000,+0.010,+0.05047,+0.010,+1.262,-0.019,+0.000,-0.005,+1.238,2,+0.000,+0.000,-0.04229,+0.000,-1.057,+0.000,+0.000,-0.005,-1.062,2,+0.000,+0.000,+0.05086,+0.000,+1.271,+0.000,+0.000,-0.005,+1.267,0,+0.000,+0.010,-0.154,+0.176
DRV,69602,+0.0000,+0.0000,+0.0000,+0.0000,+0.0000,+0.0000,+0.000,+0.000,-0.00041,+0.0015,+0.0000,-0.060,2,1,+0.000,+0.000,-0.05664,+0.000,-1.416,+0.000,+0.000,-0.005,-1.421,2,+0.000,+0.000,+0.05047,+0.000,+1.262,+0.000,+0.000,-0.005,+1.257,2,+0.000,+0.000,-0.04229,+0.000,-1.057,+0.000,+0.000,-0.005,-1.062,0,+0.000,+0.000,+0.05086,+0.000,+1.271,+0.000,+0.000,-0.005,+1.267,0,+0.000,+0.000,-0.154,+0.195
DRV,69606,+0.0000,+0.0000,+0.0000,+0.0000,+0.0000,+0.0000,+0.000,+0.000,-0.00041,+0.0015,+0.0000,-0.060,2,1,+0.000,+0.000,-0.05672,+0.000,-1.418,+0.000,+0.000,-0.005,-1.423,2,+0.000,-0.003,+0.05077,-0.003,+1.269,+0.007,+0.000,-0.005,+1.271,2,+0.000,+0.000,-0.04237,+0.000,-1.059,+0.000,+0.000,-0.005,-1.064,0,+0.000,+0.000,+0.05078,+0.000,+1.269,+0.000,+0.000,-0.005,+1.265,2,+0.000,-0.003,-0.158,+0.207
DRV,69610,+0.0000,+0.0000,+0.0000,+0.0000,+0.0000,+0.0000,+0.000,+0.000,-0.00040,+0.0015,+0.0000,-0.060,2,1,+0.000,+0.000,-0.05672,+0.000,-1.418,+0.000,+0.000,-0.005,-1.423,2,+0.000,+0.000,+0.05077,+0.000,+1.269,+0.000,+0.000,-0.005,+1.264,2,+0.000,+0.000,-0.04237,+0.000,-1.059,+0.000,+0.000,-0.005,-1.064,2,+0.000,+0.000,+0.05078,+0.000,+1.269,+0.000,+0.000,-0.005,+1.265,2,+0.000,+0.000,-0.158,+0.201
DRV,69614,+0.0000,+0.0000,+0.0000,+0.0000,+0.0000,+0.0000,+0.000,+0.000,-0.00040,-0.0012,+0.0000,+0.047,2,1,+0.000,+0.000,-0.05672,+0.000,-1.418,+0.000,+0.000,+0.004,-1.414,2,+0.000,+0.000,+0.05077,+0.000,+1.269,+0.000,+0.000,+0.004,+1.273,2,+0.000,+0.000,-0.04237,+0.000,-1.059,+0.000,+0.000,+0.004,-1.055,2,+0.000,+0.000,+0.05078,+0.000,+1.269,+0.000,+0.000,+0.004,+1.273,2,+0.000,+0.000,-0.141,+0.218
DRV,69618,+0.0000,+0.0000,+0.0000,+0.0000,+0.0000,+0.0000,+0.000,+0.000,-0.00041,-0.0012,+0.0000,+0.046,2,1,+0.000,+0.000,-0.05672,+0.000,-1.418,+0.000,+0.000,+0.004,-1.414,2,+0.000,+0.000,+0.05077,+0.000,+1.269,+0.000,+0.000,+0.004,+1.273,2,+0.000,+0.000,-0.04237,+0.000,-1.059,+0.000,+0.000,+0.004,-1.055,2,+0.000,+0.000,+0.05078,+0.000,+1.269,+0.000,+0.000,+0.004,+1.273,2,+0.000,+0.000,-0.141,+0.218
DRV,69622,+0.0000,+0.0000,+0.0000,+0.0000,+0.0000,+0.0000,+0.000,+0.000,-0.00041,-0.0006,+0.0000,+0.025,2,1,+0.000,+0.000,-0.05672,+0.000,-1.418,+0.000,+0.000,+0.002,-1.416,2,+0.000,+0.000,+0.05077,+0.000,+1.269,+0.000,+0.000,+0.002,+1.271,0,+0.000,+0.000,-0.04237,+0.000,-1.059,+0.000,+0.000,+0.002,-1.057,2,+0.000,+0.000,+0.05078,+0.000,+1.269,+0.000,+0.000,+0.002,+1.271,2,+0.000,+0.000,-0.145,+0.214
DRV,69626,+0.0000,+0.0000,+0.0000,+0.0000,+0.0000,+0.0000,+0.000,+0.000,-0.00041,-0.0006,+0.0000,+0.025,2,1,+0.000,+0.000,-0.05672,+0.000,-1.418,+0.000,+0.000,+0.002,-1.416,2,+0.000,+0.000,+0.05077,+0.000,+1.269,+0.000,+0.000,+0.002,+1.271,0,+0.000,+0.000,-0.04237,+0.000,-1.059,+0.000,+0.000,+0.002,-1.057,2,+0.000,+0.000,+0.05078,+0.000,+1.269,+0.000,+0.000,+0.002,+1.271,2,+0.000,+0.000,-0.145,+0.214
DRV,69630,+0.0000,+0.0000,+0.0000,+0.0000,+0.0000,+0.0000,+0.000,+0.000,-0.00041,-0.0001,+0.0000,+0.004,2,1,+0.000,+0.000,-0.05672,+0.000,-1.418,+0.000,+0.000,+0.000,-1.418,0,+0.000,+0.000,+0.05077,+0.000,+1.269,+0.000,+0.000,+0.000,+1.270,0,+0.000,+0.000,-0.04237,+0.000,-1.059,+0.000,+0.000,+0.000,-1.059,2,+0.000,+0.000,+0.05078,+0.000,+1.269,+0.000,+0.000,+0.000,+1.270,0,+0.000,+0.000,-0.148,+0.211
DRV,69634,+0.0000,+0.0000,+0.0000,+0.0000,+0.0000,+0.0000,+0.000,+0.000,-0.00041,-0.0001,+0.0000,+0.004,2,1,+0.000,+0.000,-0.05672,+0.000,-1.418,+0.000,+0.000,+0.000,-1.418,0,+0.000,+0.001,+0.05077,+0.001,+1.269,-0.002,+0.000,+0.000,+1.268,2,+0.000,+0.000,-0.04237,+0.000,-1.059,+0.000,+0.000,+0.000,-1.059,2,+0.000,+0.000,+0.05078,+0.000,+1.269,+0.000,+0.000,+0.000,+1.270,0,+0.000,+0.001,-0.148,+0.209
DRV,69638,+0.0000,+0.0000,+0.0000,+0.0000,+0.0000,+0.0000,+0.000,+0.000,-0.00041,+0.0004,+0.0000,-0.018,2,1,+0.000,+0.000,-0.05672,+0.000,-1.418,-0.001,+0.000,-0.001,-1.420,2,+0.000,+0.000,+0.05077,+0.000,+1.269,+0.000,+0.000,-0.001,+1.268,2,+0.000,+0.000,-0.04237,+0.000,-1.059,+0.000,+0.000,-0.001,-1.061,0,+0.000,+0.000,+0.05078,+0.000,+1.269,+0.000,+0.000,-0.001,+1.268,0,+0.000,+0.000,-0.152,+0.207
DRV,69642,+0.0000,+0.0000,+0.0000,+0.0000,+0.0000,+0.0000,+0.000,+0.000,-0.00041,+0.0004,+0.0000,-0.018,2,1,+0.000,+0.000,-0.05672,+0.000,-1.418,+0.000,+0.000,-0.001,-1.419,2,+0.000,+0.000,+0.05077,+0.000,+1.269,+0.000,+0.000,-0.001,+1.268,2,+0.000,+0.000,-0.04237,+0.000,-1.059,+0.000,+0.000,-0.001,-1.061,0,+0.000,+0.000,+0.05078,+0.000,+1.269,+0.000,+0.000,-0.001,+1.268,2,+0.000,+0.000,-0.151,+0.207
DRV,69646,+0.0000,+0.0000,+0.0000,+0.0000,+0.0000,+0.0000,+0.000,+0.000,-0.00041,+0.0010,+0.0000,-0.039,2,1,+0.000,+0.000,-0.05672,+0.000,-1.418,+0.000,+0.000,-0.003,-1.421,2,+0.000,+0.000,+0.05077,+0.000,+1.269,+0.000,+0.000,-0.003,+1.266,2,+0.000,+0.000,-0.04237,+0.000,-1.059,+0.000,+0.000,-0.003,-1.062,2,+0.000,+0.000,+0.05078,+0.000,+1.269,+0.000,+0.000,-0.003,+1.266,2,+0.000,+0.000,-0.155,+0.204
DRV,69650,+0.0000,+0.0000,+0.0000,+0.0000,+0.0000,+0.0000,+0.000,+0.000,-0.00040,+0.0010,+0.0000,-0.039,2,1,+0.000,+0.000,-0.05672,+0.000,-1.418,+0.000,+0.000,-0.003,-1.421,2,+0.000,+0.004,+0.05077,+0.004,+1.269,-0.008,+0.000,-0.003,+1.259,2,+0.000,+0.000,-0.04237,+0.000,-1.059,+0.000,+0.000,-0.003,-1.062,2,+0.000,+0.000,+0.05078,+0.000,+1.269,+0.000,+0.000,-0.003,+1.266,2,+0.000,+0.004,-0.155,+0.196
DRV,69654,+0.0000,+0.0000,+0.0000,+0.0000,+0.0000,+0.0000,+0.000,+0.000,-0.00040,+0.0010,+0.0000,-0.039,2,1,+0.000,+0.000,-0.05672,+0.000,-1.418,+0.000,+0.000,-0.003,-1.421,2,+0.000,+0.000,+0.05077,+0.000,+1.269,+0.000,+0.000,-0.003,+1.266,2,+0.000,+0.000,-0.04237,+0.000,-1.059,+0.000,+0.000,-0.003,-1.062,2,+0.000,+0.000,+0.05078,+0.000,+1.269,+0.000,+0.000,-0.003,+1.266,2,+0.000,+0.000,-0.155,+0.204
DRV,69658,+0.0000,+0.0000,+0.0000,+0.0000,+0.0000,+0.0000,+0.000,+0.000,-0.00039,+0.0010,+0.0000,-0.039,2,1,+0.000,+0.000,-0.05672,+0.000,-1.418,+0.000,+0.000,-0.003,-1.421,2,+0.000,+0.000,+0.05077,+0.000,+1.269,+0.000,+0.000,-0.003,+1.266,2,+0.000,+0.000,-0.04237,+0.000,-1.059,+0.000,+0.000,-0.003,-1.062,2,+0.000,+0.000,+0.05078,+0.000,+1.269,+0.000,+0.000,-0.003,+1.266,2,+0.000,+0.000,-0.155,+0.204
DRV,69662,+0.0000,+0.0000,+0.0000,+0.0000,+0.0000,+0.0000,+0.000,+0.000,-0.00039,+0.0004,+0.0000,-0.017,2,1,+0.000,+0.000,-0.05672,+0.000,-1.418,+0.000,+0.000,-0.001,-1.419,2,+0.000,+0.000,+0.05077,+0.000,+1.269,+0.000,+0.000,-0.001,+1.268,0,+0.000,+0.000,-0.04237,+0.000,-1.059,+0.000,+0.000,-0.001,-1.061,2,+0.000,+0.000,+0.05078,+0.000,+1.269,+0.000,+0.000,-0.001,+1.268,2,+0.000,+0.000,-0.151,+0.207
DRV,69666,+0.0000,+0.0000,+0.0000,+0.0000,+0.0000,+0.0000,+0.000,+0.000,-0.00039,+0.0004,+0.0000,-0.017,2,1,+0.000,+0.000,-0.05672,+0.000,-1.418,+0.000,+0.000,-0.001,-1.419,0,+0.000,+0.000,+0.05077,+0.000,+1.269,+0.000,+0.000,-0.001,+1.268,0,+0.000,+0.000,-0.04237,+0.000,-1.059,+0.000,+0.000,-0.001,-1.061,2,+0.000,+0.000,+0.05078,+0.000,+1.269,+0.000,+0.000,-0.001,+1.268,2,+0.000,+0.000,-0.151,+0.207
DRV,69670,+0.0000,+0.0000,+0.0000,+0.0000,+0.0000,+0.0000,+0.000,+0.000,-0.00040,-0.0017,+0.0000,+0.068,2,1,+0.000,+0.000,-0.05672,+0.000,-1.418,+0.000,+0.000,+0.005,-1.413,0,+0.000,+0.000,+0.05077,+0.000,+1.269,+0.000,+0.000,+0.005,+1.275,2,+0.000,+0.000,-0.04237,+0.000,-1.059,+0.000,+0.000,+0.005,-1.054,2,+0.000,-0.001,+0.05078,-0.001,+1.269,+0.002,+0.000,+0.005,+1.277,0,-0.001,+0.000,-0.136,+0.221
DRV,69674,+0.0000,+0.0000,+0.0000,+0.0000,+0.0000,+0.0000,+0.000,+0.000,-0.00040,-0.0017,+0.0000,+0.068,2,1,+0.000,+0.000,-0.05672,+0.000,-1.418,+0.000,+0.000,+0.005,-1.413,2,+0.000,+0.000,+0.05077,+0.000,+1.269,+0.000,+0.000,+0.005,+1.275,2,+0.000,+0.000,-0.04237,+0.000,-1.059,+0.000,+0.000,+0.005,-1.054,0,+0.000,+0.000,+0.05078,+0.000,+1.269,+0.000,+0.000,+0.005,+1.275,0,+0.000,+0.000,-0.138,+0.221
DRV,69678,+0.0000,+0.0000,+0.0000,+0.0000,+0.0000,+0.0000,+0.000,+0.000,-0.00041,-0.0012,+0.0000,+0.046,2,1,+0.000,-0.004,-0.05672,-0.004,-1.418,+0.009,+0.000,+0.004,-1.406,2,+0.000,+0.000,+0.05077,+0.000,+1.269,+0.000,+0.000,+0.004,+1.273,2,+0.000,+0.000,-0.04237,+0.000,-1.059,+0.000,+0.000,+0.004,-1.055,0,+0.000,+0.000,+0.05078,+0.000,+1.269,+0.000,+0.000,+0.004,+1.273,0,-0.004,+0.000,-0.133,+0.218
DRV,69682,+0.0000,+0.0000,+0.0000,+0.0000,+0.0000,+0.0000,+0.000,+0.000,-0.00041,-0.0014,+0.0000,+0.057,2,1,+0.000,+0.000,-0.05672,+0.000,-1.418,+0.000,+0.000,+0.005,-1.413,2,+0.000,+0.000,+0.05077,+0.000,+1.269,+0.000,+0.000,+0.005,+1.274,2,+0.000,+0.000,-0.04237,+0.000,-1.059,+0.000,+0.000,+0.005,-1.055,0,+0.000,+0.000,+0.05078,+0.000,+1.269,+0.000,+0.000,+0.005,+1.274,2,+0.000,+0.000,-0.139,+0.219
DRV,69686,+0.0000,+0.0000,+0.0000,+0.0000,+0.0000,+0.0000,+0.000,+0.000,-0.00042,-0.0017,+0.0000,+0.068,2,1,+0.000,+0.000,-0.05672,+0.000,-1.418,+0.000,+0.000,+0.005,-1.413,2,+0.000,+0.000,+0.05077,+0.000,+1.269,+0.000,+0.000,+0.005,+1.275,2,+0.000,+0.000,-0.04237,+0.000,-1.059,+0.000,+0.000,+0.005,-1.054,2,+0.000,+0.000,+0.05078,+0.000,+1.269,+0.000,+0.000,+0.005,+1.275,2,+0.000,+0.000,-0.138,+0.221
DRV,69690,+0.0000,+0.0000,+0.0000,+0.0000,+0.0000,+0.0000,+0.000,+0.000,-0.00042,-0.0001,+0.0000,+0.004,2,1,+0.000,+0.000,-0.05672,+0.000,-1.418,+0.000,+0.000,+0.000,-1.418,2,+0.000,+0.000,+0.05077,+0.000,+1.269,+0.000,+0.000,+0.000,+1.270,2,+0.000,+0.000,-0.04237,+0.000,-1.059,+0.000,+0.000,+0.000,-1.059,2,+0.000,+0.000,+0.05078,+0.000,+1.269,+0.000,+0.000,+0.000,+1.270,2,+0.000,+0.000,-0.148,+0.211
DRV,69694,+0.0000,+0.0000,+0.0000,+0.0000,+0.0000,+0.0000,+0.000,+0.000,-0.00042,+0.0015,+0.0000,-0.060,2,1,+0.000,+0.000,-0.05672,+0.000,-1.418,-0.001,+0.000,-0.005,-1.424,2,+0.000,+0.000,+0.05077,+0.000,+1.269,+0.000,+0.000,-0.005,+1.264,2,+0.000,+0.000,-0.04237,+0.000,-1.059,+0.000,+0.000,-0.005,-1.064,2,+0.000,+0.001,+0.05078,+0.001,+1.269,-0.002,+0.000,-0.005,+1.263,2,+0.001,+0.000,-0.161,+0.200
DRV,69698,+0.0000,+0.0000,+0.0000,+0.0000,+0.0000,+0.0000,+0.000,+0.000,-0.00041,+0.0020,+0.0000,-0.081,2,1,+0.000,+0.000,-0.05672,+0.000,-1.418,+0.000,+0.000,-0.007,-1.424,2,+0.000,+0.000,+0.05077,+0.000,+1.269,+0.000,+0.000,-0.007,+1.263,2,+0.000,+0.000,-0.04237,+0.000,-1.059,+0.000,+0.000,-0.007,-1.066,2,+0.000,+0.000,+0.05078,+0.000,+1.269,+0.000,+0.000,-0.007,+1.263,2,+0.000,+0.000,-0.162,+0.197
DRV,69702,+0.0000,+0.0000,+0.0000,+0.0000,+0.0000,+0.0000,+0.000,+0.000,-0.00040,+0.0026,+0.0000,-0.103,2,1,+0.000,+0.000,-0.05672,+0.000,-1.418,+0.000,+0.000,-0.008,-1.426,2,+0.000,+0.000,+0.05077,+0.000,+1.269,+0.000,+0.000,-0.008,+1.261,0,+0.000,+0.000,-0.04237,+0.000,-1.059,+0.000,+0.000,-0.008,-1.067,2,+0.000,+0.000,+0.05078,+0.000,+1.269,+0.000,+0.000,-0.008,+1.261,2,+0.000,+0.000,-0.165,+0.194
DRV,69706,+0.0000,+0.0000,+0.0000,+0.0000,+0.0000,+0.0000,+0.000,+0.000,-0.00039,+0.0015,+0.0000,-0.060,2,1,+0.000,+0.001,-0.05672,+0.001,-1.418,-0.003,+0.000,-0.005,-1.426,0,+0.000,+0.000,+0.05077,+0.000,+1.269,+0.000,+0.000,-0.005,+1.264,2,+0.000,+0.000,-0.04237,+0.000,-1.059,+0.000,+0.000,-0.005,-1.064,2,+0.000,+0.000,+0.05078,+0.000,+1.269,+0.000,+0.000,-0.005,+1.265,2,+0.001,+0.000,-0.161,+0.201
DRV,69710,+0.0000,+0.0000,+0.0000,+0.0000,+0.0000,+0.0000,+0.000,+0.000,-0.00039,+0.0004,+0.0000,-0.017,2,1,+0.000,+0.000,-0.05672,+0.000,-1.418,+0.000,+0.000,-0.001,-1.419,0,+0.000,+0.000,+0.05077,+0.000,+1.269,+0.000,+0.000,-0.001,+1.268,2,+0.000,+0.000,-0.04237,+0.000,-1.059,+0.000,+0.000,-0.001,-1.061,2,+0.000,+0.000,+0.05078,+0.000,+1.269,+0.000,+0.000,-0.001,+1.268,0,+0.000,+0.000,-0.151,+0.207
DRV,69714,+0.0000,+0.0000,+0.0000,+0.0000,+0.0000,+0.0000,+0.000,+0.000,-0.00039,+0.0004,+0.0000,-0.017,2,1,+0.000,+0.000,-0.05672,+0.000,-1.418,+0.000,+0.000,-0.001,-1.419,2,+0.000,+0.000,+0.05077,+0.000,+1.269,+0.000,+0.000,-0.001,+1.268,2,+0.000,+0.000,-0.04237,+0.000,-1.059,+0.000,+0.000,-0.001,-1.061,0,+0.000,+0.000,+0.05078,+0.000,+1.269,+0.000,+0.000,-0.001,+1.268,0,+0.000,+0.000,-0.151,+0.207
DRV,69718,+0.0000,+0.0000,+0.0000,+0.0000,+0.0000,+0.0000,+0.000,+0.000,-0.00039,+0.0004,+0.0000,-0.017,2,1,+0.000,+0.000,-0.05664,+0.000,-1.416,+0.000,+0.000,-0.001,-1.417,2,+0.000,+0.000,+0.05047,+0.000,+1.262,+0.000,+0.000,-0.001,+1.260,2,+0.000,+0.000,-0.04229,+0.000,-1.057,+0.000,+0.000,-0.001,-1.059,0,+0.000,+0.000,+0.05086,+0.000,+1.271,+0.000,+0.000,-0.001,+1.270,2,+0.000,+0.000,-0.147,+0.202
DRV,69722,+0.0000,+0.0000,+0.0000,+0.0000,+0.0000,+0.0000,+0.000,+0.000,-0.00038,+0.0004,+0.0000,-0.017,2,1,+0.000,+0.000,-0.05672,+0.000,-1.418,+0.000,+0.000,-0.001,-1.419,2,+0.000,-0.000,+0.05077,-0.000,+1.269,+0.001,+0.000,-0.001,+1.269,2,+0.000,+0.000,-0.04237,+0.000,-1.059,+0.000,+0.000,-0.001,-1.061,2,+0.000,+0.000,+0.05078,+0.000,+1.269,+0.000,+0.000,-0.001,+1.268,2,+0.000,-0.000,-0.151,+0.208
DRV,69726,+0.0000,+0.0000,+0.0000,+0.0000,+0.0000,+0.0000,+0.000,+0.000,-0.00038,+0.0004,+0.0000,-0.017,2,1,+0.000,+0.000,-0.05672,+0.000,-1.418,+0.000,+0.000,-0.001,-1.419,2,+0.000,+0.005,+0.05077,+0.005,+1.269,-0.010,+0.000,-0.001,+1.258,2,+0.000,+0.000,-0.04237,+0.000,-1.059,+0.000,+0.000,-0.001,-1.061,2,+0.000,+0.000,+0.05078,+0.000,+1.269,+0.000,+0.000,-0.001,+1.268,2,+0.000,+0.005,-0.151,+0.198
DRV,69730,+0.0000,+0.0000,+0.0000,+0.0000,+0.0000,+0.0000,+0.000,+0.000,-0.00038,+0.0002,+0.0000,-0.006,2,1,+0.000,+0.000,-0.05672,+0.000,-1.418,+0.000,+0.000,-0.001,-1.418,2,+0.000,-0.007,+0.05077,-0.007,+1.269,+0.013,+0.000,-0.001,+1.282,2,+0.000,+0.000,-0.04237,+0.000,-1.059,+0.000,+0.000,-0.001,-1.060,2,+0.000,+0.000,+0.05078,+0.000,+1.269,+0.000,+0.000,-0.001,+1.269,2,+0.000,-0.007,-0.150,+0.222
DRV,69734,+0.0000,+0.0000,+0.0000,+0.0000,+0.0000,+0.0000,+0.000,+0.000,-0.00038,-0.0001,+0.0000,+0.004,2,1,+0.000,+0.000,-0.05672,+0.000,-1.418,+0.000,+0.000,+0.000,-1.418,2,+0.000,+0.001,+0.05077,+0.001,+1.269,-0.003,+0.000,+0.000,+1.267,0,+0.000,+0.000,-0.04237,+0.000,-1.059,+0.000,+0.000,+0.000,-1.059,2,+0.000,+0.000,+0.05078,+0.000,+1.269,+0.000,+0.000,+0.000,+1.270,2,+0.000,+0.001,-0.148,+0.208
DRV,69738,+0.0000,+0.0000,+0.0000,+0.0000,+0.0000,+0.0000,+0.000,+0.000,-0.00038,+0.0004,+0.0000,-0.017,2,1,+0.000,+0.000,-0.05672,+0.000,-1.418,+0.000,+0.000,-0.001,-1.419,2,+0.000,+0.000,+0.05077,+0.000,+1.269,+0.000,+0.000,-0.001,+1.268,0,+0.000,+0.000,-0.04237,+0.000,-1.059,+0.000,+0.000,-0.001,-1.061,2,+0.000,+0.000,+0.05078,+0.000,+1.269,+0.000,+0.000,-0.001,+1.268,2,+0.000,+0.000,-0.151,+0.207
DRV,69742,+0.0000,+0.0000,+0.0000,+0.0000,+0.0000,+0.0000,+0.000,+0.000,-0.00038,+0.0010,+0.0000,-0.038,2,1,+0.000,+0.001,-0.05672,+0.001,-1.418,-0.002,+0.000,-0.003,-1.423,0,+0.000,+0.000,+0.05077,+0.000,+1.269,+0.000,+0.000,-0.003,+1.266,0,+0.000,+0.000,-0.04237,+0.000,-1.059,+0.000,+0.000,-0.003,-1.062,2,+0.000,+0.000,+0.05078,+0.000,+1.269,+0.000,+0.000,-0.003,+1.266,2,+0.001,+0.000,-0.157,+0.204
DRV,69746,+0.0000,+0.0000,+0.0000,+0.0000,+0.0000,+0.0000,+0.000,+0.000,-0.00037,+0.0010,+0.0000,-0.038,2,1,+0.000,-0.002,-0.05672,-0.002,-1.418,+0.005,+0.000,-0.003,-1.416,0,+0.000,+0.000,+0.05077,+0.000,+1.269,+0.000,+0.000,-0.003,+1.266,2,+0.000,+0.000,-0.04237,+0.000,-1.059,+0.000,+0.000,-0.003,-1.062,2,+0.000,+0.000,+0.05078,+0.000,+1.269,+0.000,+0.000,-0.003,+1.266,0,-0.002,+0.000,-0.150,+0.204
DRV,69750,+0.0000,+0.0000,+0.0000,+0.0000,+0.0000,+0.0000,+0.000,+0.000,-0.00037,+0.0010,+0.0000,-0.038,2,1,+0.000,+0.000,-0.05672,+0.000,-1.418,+0.000,+0.000,-0.003,-1.421,2,+0.000,+0.001,+0.05077,+0.001,+1.269,-0.002,+0.000,-0.003,+1.264,2,+0.000,+0.000,-0.04237,+0.000,-1.059,+0.000,+0.000,-0.003,-1.062,0,+0.000,+0.000,+0.05078,+0.000,+1.269,+0.000,+0.000,-0.003,+1.266,0,+0.000,+0.001,-0.155,+0.202
DRV,69754,+0.0000,+0.0000,+0.0000,+0.0000,+0.0000,+0.0000,+0.000,+0.000,-0.00037,+0.0004,+0.0000,-0.017,2,1,+0.000,+0.000,-0.05672,+0.000,-1.418,+0.000,+0.000,-0.001,-1.419,2,+0.000,+0.000,+0.05077,+0.000,+1.269,+0.000,+0.000,-0.001,+1.268,2,+0.000,+0.000,-0.04237,+0.000,-1.059,+0.000,+0.000,-0.001,-1.060,0,+0.000,+0.000,+0.05078,+0.000,+1.269,+0.000,+0.000,-0.001,+1.268,2,+0.000,+0.000,-0.151,+0.207
DRV,69758,+0.0000,+0.0000,+0.0000,+0.0000,+0.0000,+0.0000,+0.000,+0.000,-0.00037,-0.0001,+0.0000,+0.005,2,1,+0.000,+0.000,-0.05672,+0.000,-1.418,+0.000,+0.000,+0.000,-1.418,2,+0.000,+0.000,+0.05077,+0.000,+1.269,+0.000,+0.000,+0.000,+1.270,2,+0.000,+0.000,-0.04237,+0.000,-1.059,+0.000,+0.000,+0.000,-1.059,2,+0.000,+0.000,+0.05078,+0.000,+1.269,+0.000,+0.000,+0.000,+1.270,2,+0.000,+0.000,-0.148,+0.211
DRV,69762,+0.0000,+0.0000,+0.0000,+0.0000,+0.0000,+0.0000,+0.000,+0.000,-0.00037,+0.0004,+0.0000,-0.017,2,1,+0.000,+0.000,-0.05672,+0.000,-1.418,+0.000,+0.000,-0.001,-1.419,2,+0.000,+0.000,+0.05077,+0.000,+1.269,+0.000,+0.000,-0.001,+1.268,2,+0.000,+0.000,-0.04237,+0.000,-1.059,+0.000,+0.000,-0.001,-1.060,2,+0.000,+0.000,+0.05078,+0.000,+1.269,+0.000,+0.000,-0.001,+1.268,2,+0.000,+0.000,-0.151,+0.207
DRV,69766,+0.0000,+0.0000,+0.0000,+0.0000,+0.0000,+0.0000,+0.000,+0.000,-0.00036,+0.0009,+0.0000,-0.038,2,1,+0.000,+0.000,-0.05672,+0.000,-1.418,+0.000,+0.000,-0.003,-1.421,2,+0.000,+0.003,+0.05077,+0.003,+1.269,-0.007,+0.000,-0.003,+1.260,2,+0.000,+0.000,-0.04237,+0.000,-1.059,+0.000,+0.000,-0.003,-1.062,2,+0.000,+0.000,+0.05078,+0.000,+1.269,+0.000,+0.000,-0.003,+1.266,2,+0.000,+0.003,-0.155,+0.197
DRV,69770,+0.0000,+0.0000,+0.0000,+0.0000,+0.0000,+0.0000,+0.000,+0.000,-0.00036,+0.0004,+0.0000,-0.017,2,1,+0.000,+0.000,-0.05672,+0.000,-1.418,+0.000,+0.000,-0.001,-1.419,2,+0.000,+0.000,+0.05077,+0.000,+1.269,+0.000,+0.000,-0.001,+1.268,2,+0.000,+0.000,-0.04237,+0.000,-1.059,+0.000,+0.000,-0.001,-1.060,2,+0.000,+0.000,+0.05078,+0.000,+1.269,+0.000,+0.000,-0.001,+1.268,2,+0.000,+0.000,-0.151,+0.207
DRV,69774,+0.0000,+0.0000,+0.0000,+0.0000,+0.0000,+0.0000,+0.000,+0.000,-0.00036,-0.0001,+0.0000,+0.005,2,1,+0.000,+0.000,-0.05672,+0.000,-1.418,+0.000,+0.000,+0.000,-1.418,2,+0.000,+0.000,+0.05077,+0.000,+1.269,+0.000,+0.000,+0.000,+1.270,0,+0.000,+0.000,-0.04237,+0.000,-1.059,+0.000,+0.000,+0.000,-1.059,2,+0.000,+0.000,+0.05078,+0.000,+1.269,+0.000,+0.000,+0.000,+1.270,2,+0.000,+0.000,-0.148,+0.211
DRV,69778,+0.0000,+0.0000,+0.0000,+0.0000,+0.0000,+0.0000,+0.000,+0.000,-0.00036,-0.0007,+0.0000,+0.026,2,1,+0.000,+0.000,-0.05672,+0.000,-1.418,+0.000,+0.000,+0.002,-1.416,0,+0.000,+0.000,+0.05077,+0.000,+1.269,+0.000,+0.000,+0.002,+1.271,0,+0.000,+0.000,-0.04237,+0.000,-1.059,+0.000,+0.000,+0.002,-1.057,2,+0.000,+0.000,+0.05078,+0.000,+1.269,+0.000,+0.000,+0.002,+1.271,2,+0.000,+0.000,-0.144,+0.214
DRV,69782,+0.0000,+0.0000,+0.0000,+0.0000,+0.0000,+0.0000,+0.000,+0.000,-0.00037,-0.0012,+0.0000,+0.047,2,1,+0.000,+0.000,-0.05672,+0.000,-1.418,+0.000,+0.000,+0.004,-1.414,0,+0.000,+0.000,+0.05077,+0.000,+1.269,+0.000,+0.000,+0.004,+1.273,2,+0.000,+0.000,-0.04237,+0.000,-1.059,+0.000,+0.000,+0.004,-1.055,2,+0.000,+0.000,+0.05078,+0.000,+1.269,+0.000,+0.000,+0.004,+1.273,0,+0.000,+0.000,-0.141,+0.218
DRV,69786,+0.0000,+0.0000,+0.0000,+0.0000,+0.0000,+0.0000,+0.000,+0.000,-0.00037,-0.0009,+0.0000,+0.037,2,1,+0.000,+0.000,-0.05672,+0.000,-1.418,+0.000,+0.000,+0.003,-1.415,2,+0.000,-0.004,+0.05077,-0.004,+1.269,+0.008,+0.000,+0.003,+1.280,2,+0.000,+0.000,-0.04237,+0.000,-1.059,+0.000,+0.000,+0.003,-1.056,0,+0.000,+0.000,+0.05078,+0.000,+1.269,+0.000,+0.000,+0.003,+1.272,0,+0.000,-0.004,-0.143,+0.224
DRV,69790,+0.0000,+0.0000,+0.0000,+0.0000,+0.0000,+0.0000,+0.000,+0.000,-0.00037,-0.0006,+0.0000,+0.026,2,1,+0.000,+0.000,-0.05672,+0.000,-1.418,+0.000,+0.000,+0.002,-1.416,2,+0.000,+0.000,+0.05077,+0.000,+1.269,+0.000,+0.000,+0.002,+1.271,2,+0.000,+0.000,-0.04237,+0.000,-1.059,+0.000,+0.000,+0.002,-1.057,0,+0.000,+0.000,+0.05078,+0.000,+1.269,+0.000,+0.000,+0.002,+1.271,0,+0.000,+0.000,-0.144,+0.214
DRV,69794,+0.0000,+0.0000,+0.0000,+0.0000,+0.0000,+0.0000,+0.000,+0.000,-0.00037,+0.0004,+0.0000,-0.017,2,1,+0.000,+0.000,-0.05672,+0.000,-1.418,+0.000,+0.000,-0.001,-1.419,2,+0.000,+0.000,+0.05077,+0.000,+1.269,+0.000,+0.000,-0.001,+1.268,2,+0.000,+0.000,-0.04237,+0.000,-1.059,+0.000,+0.000,-0.001,-1.061,2,+0.000,+0.000,+0.05078,+0.000,+1.269,+0.000,+0.000,-0.001,+1.268,2,+0.000,+0.000,-0.151,+0.207
DRV,69798,+0.0000,+0.0000,+0.0000,+0.0000,+0.0000,+0.0000,+0.000,+0.000,-0.00037,+0.0015,+0.0000,-0.059,2,1,+0.000,+0.000,-0.05672,+0.000,-1.418,+0.000,+0.000,-0.005,-1.423,2,+0.000,+0.000,+0.05077,+0.000,+1.269,+0.000,+0.000,-0.005,+1.265,2,+0.000,+0.000,-0.04237,+0.000,-1.059,+0.000,+0.000,-0.005,-1.064,2,+0.000,+0.000,+0.05078,+0.000,+1.269,-0.001,+0.000,-0.005,+1.264,2,+0.000,+0.000,-0.159,+0.201
DRV,69802,+0.0000,+0.0000,+0.0000,+0.0000,+0.0000,+0.0000,+0.000,+0.000,-0.00036,+0.0009,+0.0000,-0.038,2,1,+0.000,+0.000,-0.05672,+0.000,-1.418,+0.000,+0.000,-0.003,-1.421,2,+0.000,+0.000,+0.05077,+0.000,+1.269,+0.000,+0.000,-0.003,+1.266,2,+0.000,+0.000,-0.04237,+0.000,-1.059,+0.000,+0.000,-0.003,-1.062,2,+0.000,+0.000,+0.05078,+0.000,+1.269,+0.000,+0.000,-0.003,+1.266,2,+0.000,+0.000,-0.155,+0.204
DRV,69806,+0.0000,+0.0000,+0.0000,+0.0000,+0.0000,+0.0000,+0.000,+0.000,-0.00036,+0.0004,+0.0000,-0.017,2,1,+0.000,+0.000,-0.05672,+0.000,-1.418,+0.000,+0.000,-0.001,-1.419,2,+0.000,+0.000,+0.05077,+0.000,+1.269,+0.000,+0.000,-0.001,+1.268,2,+0.000,+0.000,-0.04237,+0.000,-1.059,+0.000,+0.000,-0.001,-1.060,2,+0.000,+0.000,+0.05078,+0.000,+1.269,+0.000,+0.000,-0.001,+1.268,2,+0.000,+0.000,-0.151,+0.207
DRV,69810,+0.0000,+0.0000,+0.0000,+0.0000,+0.0000,+0.0000,+0.000,+0.000,-0.00036,+0.0004,+0.0000,-0.017,2,1,+0.000,+0.000,-0.05672,+0.000,-1.418,+0.000,+0.000,-0.001,-1.419,2,+0.000,+0.000,+0.05077,+0.000,+1.269,+0.000,+0.000,-0.001,+1.268,0,+0.000,+0.000,-0.04237,+0.000,-1.059,+0.000,+0.000,-0.001,-1.060,2,+0.000,+0.000,+0.05078,+0.000,+1.269,+0.000,+0.000,-0.001,+1.268,2,+0.000,+0.000,-0.151,+0.207
DRV,69814,+0.0000,+0.0000,+0.0000,+0.0000,+0.0000,+0.0000,+0.000,+0.000,-0.00036,+0.0004,+0.0000,-0.017,2,1,+0.000,+0.000,-0.05672,+0.000,-1.418,+0.000,+0.000,-0.001,-1.419,2,+0.000,+0.000,+0.05077,+0.000,+1.269,+0.000,+0.000,-0.001,+1.268,0,+0.000,+0.000,-0.04237,+0.000,-1.059,+0.000,+0.000,-0.001,-1.060,2,+0.000,+0.000,+0.05078,+0.000,+1.269,+0.000,+0.000,-0.001,+1.268,2,+0.000,+0.000,-0.151,+0.207
DRV,69818,+0.0000,+0.0000,+0.0000,+0.0000,+0.0000,+0.0000,+0.000,+0.000,-0.00036,-0.0004,+0.0000,+0.015,2,1,+0.000,+0.000,-0.05672,+0.000,-1.418,+0.000,+0.000,+0.001,-1.417,0,+0.000,+0.000,+0.05077,+0.000,+1.269,+0.000,+0.000,+0.001,+1.271,0,+0.000,+0.000,-0.04237,+0.000,-1.059,+0.000,+0.000,+0.001,-1.058,2,+0.000,+0.000,+0.05078,+0.000,+1.269,+0.000,+0.000,+0.001,+1.271,2,+0.000,+0.000,-0.146,+0.213
DRV,69822,+0.0000,+0.0000,+0.0000,+0.0000,+0.0000,+0.0000,+0.000,+0.000,-0.00036,-0.0012,+0.0000,+0.047,2,1,+0.000,+0.000,-0.05672,+0.000,-1.418,+0.000,+0.000,+0.004,-1.414,2,+0.000,+0.000,+0.05077,+0.000,+1.269,+0.000,+0.000,+0.004,+1.273,2,+0.000,+0.000,-0.04237,+0.000,-1.059,+0.000,+0.000,+0.004,-1.055,2,+0.000,+0.000,+0.05078,+0.000,+1.269,+0.000,+0.000,+0.004,+1.273,0,+0.000,+0.000,-0.141,+0.218
DRV,69826,+0.0000,+0.0000,+0.0000,+0.0000,+0.0000,+0.0000,+0.000,+0.000,-0.00037,-0.0014,+0.0000,+0.058,2,1,+0.000,+0.000,-0.05672,+0.000,-1.418,+0.000,+0.000,+0.005,-1.413,2,+0.000,+0.000,+0.05077,+0.000,+1.269,+0.000,+0.000,+0.005,+1.274,2,+0.000,+0.000,-0.04237,+0.000,-1.059,+0.000,+0.000,+0.005,-1.055,0,+0.000,+0.000,+0.05078,+0.000,+1.269,+0.000,+0.000,+0.005,+1.274,0,+0.000,+0.000,-0.139,+0.219
DRV,69830,+0.0000,+0.0000,+0.0000,+0.0000,+0.0000,+0.0000,+0.000,+0.000,-0.00038,-0.0017,+0.0000,+0.068,2,1,+0.000,+0.000,-0.05672,+0.000,-1.418,+0.000,+0.000,+0.005,-1.412,2,+0.000,+0.000,+0.05077,+0.000,+1.269,+0.000,+0.000,+0.005,+1.275,2,+0.000,+0.000,-0.04237,+0.000,-1.059,+0.000,+0.000,+0.005,-1.054,0,+0.000,+0.000,+0.05078,+0.000,+1.269,+0.000,+0.000,+0.005,+1.275,2,+0.000,+0.000,-0.138,+0.221
DRV,69834,+0.0000,+0.0000,+0.0000,+0.0000,+0.0000,+0.0000,+0.000,+0.000,-0.00038,-0.0014,+0.0000,+0.058,2,1,+0.000,+0.000,-0.05672,+0.000,-1.418,+0.000,+0.000,+0.005,-1.413,2,+0.000,-0.000,+0.05077,-0.000,+1.269,+0.001,+0.000,+0.005,+1.275,2,+0.000,+0.000,-0.04237,+0.000,-1.059,+0.000,+0.000,+0.005,-1.055,2,+0.000,+0.000,+0.05078,+0.000,+1.269,+0.000,+0.000,+0.005,+1.274,2,+0.000,-0.000,-0.139,+0.220
DRV,69838,+0.0000,+0.0000,+0.0000,+0.0000,+0.0000,+0.0000,+0.000,+0.000,-0.00039,-0.0012,+0.0000,+0.047,2,1,+0.000,+0.000,-0.05672,+0.000,-1.418,+0.000,+0.000,+0.004,-1.414,2,+0.000,+0.000,+0.05077,+0.000,+1.269,+0.000,+0.000,+0.004,+1.273,2,+0.000,+0.000,-0.04237,+0.000,-1.059,+0.000,+0.000,+0.004,-1.055,2,+0.000,+0.000,+0.05078,+0.000,+1.269,+0.000,+0.000,+0.004,+1.273,2,+0.000,+0.000,-0.141,+0.218
DRV,69842,+0.0000,+0.0000,+0.0000,+0.0000,+0.0000,+0.0000,+0.000,+0.000,-0.00039,-0.0001,+0.0000,+0.004,2,1,+0.000,+0.000,-0.05672,+0.000,-1.418,+0.000,+0.000,+0.000,-1.418,2,+0.000,+0.000,+0.05077,+0.000,+1.269,+0.000,+0.000,+0.000,+1.270,2,+0.000,+0.000,-0.04237,+0.000,-1.059,+0.000,+0.000,+0.000,-1.059,2,+0.000,+0.000,+0.05078,+0.000,+1.269,+0.000,+0.000,+0.000,+1.270,2,+0.000,+0.000,-0.148,+0.211
DRV,69846,+0.0000,+0.0000,+0.0000,+0.0000,+0.0000,+0.0000,+0.000,+0.000,-0.00039,+0.0010,+0.0000,-0.038,2,1,+0.000,+0.000,-0.05672,+0.000,-1.418,+0.000,+0.000,-0.003,-1.421,2,+0.000,+0.000,+0.05077,+0.000,+1.269,+0.000,+0.000,-0.003,+1.266,2,+0.000,+0.000,-0.04237,+0.000,-1.059,+0.000,+0.000,-0.003,-1.062,2,+0.000,+0.000,+0.05078,+0.000,+1.269,+0.000,+0.000,-0.003,+1.266,2,+0.000,+0.000,-0.155,+0.204
DRV,69850,+0.0000,+0.0000,+0.0000,+0.0000,+0.0000,+0.0000,+0.000,+0.000,-0.00038,+0.0007,+0.0000,-0.028,2,1,+0.000,+0.000,-0.05672,+0.000,-1.418,+0.000,+0.000,-0.002,-1.420,0,+0.000,+0.000,+0.05077,+0.000,+1.269,+0.000,+0.000,-0.002,+1.267,0,+0.000,+0.000,-0.04237,+0.000,-1.059,+0.000,+0.000,-0.002,-1.061,2,+0.000,+0.000,+0.05078,+0.000,+1.269,-0.001,+0.000,-0.002,+1.266,2,+0.000,+0.000,-0.154,+0.206
DRV,69854,+0.0000,+0.0000,+0.0000,+0.0000,+0.0000,+0.0000,+0.000,+0.000,-0.00038,+0.0004,+0.0000,-0.017,2,1,+0.000,+0.009,-0.05672,+0.009,-1.418,-0.017,+0.000,-0.001,-1.436,0,+0.000,+0.000,+0.05077,+0.000,+1.269,+0.000,+0.000,-0.001,+1.268,0,+0.000,+0.000,-0.04237,+0.000,-1.059,+0.000,+0.000,-0.001,-1.061,2,+0.000,+0.000,+0.05078,+0.000,+1.269,+0.000,+0.000,-0.001,+1.268,2,+0.009,+0.000,-0.168,+0.207
DRV,69858,+0.0000,+0.0000,+0.0000,+0.0000,+0.0000,+0.0000,+0.000,+0.000,-0.00038,+0.0007,+0.0000,-0.028,2,1,+0.000,+0.000,-0.05672,+0.000,-1.418,+0.000,+0.000,-0.002,-1.420,0,+0.000,+0.000,+0.05077,+0.000,+1.269,+0.000,+0.000,-0.002,+1.267,2,+0.000,+0.000,-0.04237,+0.000,-1.059,+0.000,+0.000,-0.002,-1.061,2,+0.000,+0.000,+0.05078,+0.000,+1.269,+0.000,+0.000,-0.002,+1.267,0,+0.000,+0.000,-0.153,+0.206
DRV,69862,+0.0000,+0.0000,+0.0000,+0.0000,+0.0000,+0.0000,+0.000,+0.000,-0.00037,+0.0010,+0.0000,-0.038,2,1,+0.000,-0.003,-0.05672,-0.003,-1.418,+0.007,+0.000,-0.003,-1.414,2,+0.000,+0.000,+0.05077,+0.000,+1.269,+0.000,+0.000,-0.003,+1.266,2,+0.000,+0.000,-0.04237,+0.000,-1.059,+0.000,+0.000,-0.003,-1.062,0,+0.000,+0.000,+0.05078,+0.000,+1.269,+0.000,+0.000,-0.003,+1.266,0,-0.003,+0.000,-0.148,+0.204
DRV,69866,+0.0000,+0.0000,+0.0000,+0.0000,+0.0000,+0.0000,+0.000,+0.000,-0.00037,+0.0002,+0.0000,-0.006,2,1,+0.000,+0.000,-0.05672,+0.000,-1.418,+0.000,+0.000,-0.000,-1.418,2,+0.000,+0.000,+0.05077,+0.000,+1.269,+0.000,+0.000,-0.000,+1.269,2,+0.000,+0.000,-0.04237,+0.000,-1.059,+0.000,+0.000,-0.000,-1.060,0,+0.000,+0.000,+0.05078,+0.000,+1.269,+0.000,+0.000,-0.000,+1.269,2,+0.000,+0.000,-0.150,+0.209
DRV,69870,+0.0000,+0.0000,+0.0000,+0.0000,+0.0000,+0.0000,+0.000,+0.000,-0.00037,-0.0006,+0.0000,+0.026,2,1,+0.000,-0.004,-0.05672,-0.004,-1.418,+0.008,+0.000,+0.002,-1.408,2,+0.000,+0.000,+0.05077,+0.000,+1.269,+0.000,+0.000,+0.002,+1.271,2,+0.000,+0.000,-0.04237,+0.000,-1.059,+0.000,+0.000,+0.002,-1.057,2,+0.000,+0.000,+0.05078,+0.000,+1.269,+0.000,+0.000,+0.002,+1.271,2,-0.004,+0.000,-0.137,+0.214
DRV,69874,+0.0000,+0.0000,+0.0000,+0.0000,+0.0000,+0.0000,+0.000,+0.000,-0.00038,-0.0006,+0.0000,+0.026,2,1,+0.000,+0.000,-0.05672,+0.000,-1.418,+0.000,+0.000,+0.002,-1.416,2,+0.000,+0.000,+0.05077,+0.000,+1.269,+0.000,+0.000,+0.002,+1.271,2,+0.000,+0.000,-0.04237,+0.000,-1.059,+0.000,+0.000,+0.002,-1.057,2,+0.000,+0.000,+0.05078,+0.000,+1.269,+0.000,+0.000,+0.002,+1.271,2,+0.000,+0.000,-0.144,+0.214
DRV,69878,+0.0000,+0.0000,+0.0000,+0.0000,+0.0000,+0.0000,+0.000,+0.000,-0.00038,-0.0006,+0.0000,+0.026,2,1,+0.000,+0.000,-0.05672,+0.000,-1.418,+0.000,+0.000,+0.002,-1.416,2,+0.000,+0.000,+0.05077,+0.000,+1.269,+0.000,+0.000,+0.002,+1.271,2,+0.000,+0.000,-0.04237,+0.000,-1.059,+0.000,+0.000,+0.002,-1.057,2,+0.000,+0.000,+0.05078,+0.000,+1.269,+0.000,+0.000,+0.002,+1.271,2,+0.000,+0.000,-0.144,+0.214
DRV,69882,+0.0000,+0.0000,+0.0000,+0.0000,+0.0000,+0.0000,+0.000,+0.000,-0.00038,-0.0009,+0.0000,+0.036,2,1,+0.000,+0.000,-0.05664,+0.000,-1.416,+0.000,+0.000,+0.003,-1.413,2,+0.000,+0.000,+0.05047,+0.000,+1.262,+0.000,+0.000,+0.003,+1.265,2,+0.000,+0.000,-0.04229,+0.000,-1.057,+0.000,+0.000,+0.003,-1.054,2,+0.000,+0.000,+0.05086,+0.000,+1.271,+0.000,+0.000,+0.003,+1.274,2,+0.000,+0.000,-0.139,+0.210
DRV,69886,+0.0000,+0.0000,+0.0000,+0.0000,+0.0000,+0.0000,+0.000,+0.000,-0.00039,-0.0012,+0.0000,+0.047,2,1,+0.000,+0.002,-0.05672,+0.002,-1.418,-0.005,+0.000,+0.004,-1.419,2,+0.000,+0.000,+0.05077,+0.000,+1.269,+0.000,+0.000,+0.004,+1.273,0,+0.000,+0.000,-0.04237,+0.000,-1.059,+0.000,+0.000,+0.004,-1.055,2,+0.000,+0.000,+0.05078,+0.000,+1.269,+0.000,+0.000,+0.004,+1.273,2,+0.002,+0.000,-0.146,+0.218
DRV,69890,+0.0000,+0.0000,+0.0000,+0.0000,+0.0000,+0.0000,+0.000,+0.000,-0.00039,-0.0004,+0.0000,+0.015,2,1,+0.000,+0.000,-0.05672,+0.000,-1.418,+0.000,+0.000,+0.001,-1.417,0,+0.000,+0.002,+0.05077,+0.002,+1.269,-0.004,+0.000,+0.001,+1.267,0,+0.000,+0.000,-0.04237,+0.000,-1.059,+0.000,+0.000,+0.001,-1.058,2,+0.000,+0.000,+0.05078,+0.000,+1.269,+0.000,+0.000,+0.001,+1.271,2,+0.000,+0.002,-0.146,+0.209
DRV,69894,+0.0000,+0.0000,+0.0000,+0.0000,+0.0000,+0.0000,+0.000,+0.000,-0.00039,+0.0004,+0.0000,-0.017,2,1,+0.000,+0.000,-0.05672,+0.000,-1.418,+0.000,+0.000,-0.001,-1.419,0,+0.000,-0.004,+0.05077,-0.004,+1.269,+0.009,+0.000,-0.001,+1.276,2,+0.000,+0.000,-0.04237,+0.000,-1.059,+0.000,+0.000,-0.001,-1.061,2,+0.000,+0.000,+0.05078,+0.000,+1.269,+0.000,+0.000,-0.001,+1.268,0,+0.000,-0.004,-0.151,+0.216
DRV,69898,+0.0000,+0.0000,+0.0000,+0.0000,+0.0000,+0.0000,+0.000,+0.000,-0.00039,+0.0004,+0.0000,-0.017,2,1,+0.000,+0.000,-0.05672,+0.000,-1.418,+0.000,+0.000,-0.001,-1.419,2,+0.000,+0.004,+0.05077,+0.004,+1.269,-0.009,+0.000,-0.001,+1.259,2,+0.000,+0.000,-0.04237,+0.000,-1.059,+0.000,+0.000,-0.001,-1.061,0,+0.000,+0.000,+0.05078,+0.000,+1.269,+0.000,+0.000,-0.001,+1.268,0,+0.000,+0.004,-0.151,+0.199
DRV,69902,+0.0000,+0.0000,+0.0000,+0.0000,+0.0000,+0.0000,+0.000,+0.000,-0.00039,+0.0004,+0.0000,-0.017,2,1,+0.000,+0.003,-0.05672,+0.003,-1.418,-0.007,+0.000,-0.001,-1.426,2,+0.000,-0.005,+0.05077,-0.005,+1.269,+0.010,+0.000,-0.001,+1.277,2,+0.000,+0.000,-0.04237,+0.000,-1.059,+0.000,+0.000,-0.001,-1.061,0,+0.000,+0.000,+0.05078,+0.000,+1.269,+0.000,+0.000,-0.001,+1.268,2,+0.003,-0.005,-0.158,+0.217
DRV,69906,+0.0000,+0.0000,+0.0000,+0.0000,+0.0000,+0.0000,+0.000,+0.000,-0.00038,+0.0020,+0.0000,-0.081,2,1,+0.000,+0.000,-0.05672,+0.000,-1.418,+0.000,+0.000,-0.006,-1.424,2,+0.000,+0.002,+0.05077,+0.002,+1.269,-0.004,+0.000,-0.006,+1.259,2,+0.000,+0.000,-0.04237,+0.000,-1.059,+0.000,+0.000,-0.006,-1.066,2,+0.000,+0.000,+0.05078,+0.000,+1.269,+0.000,+0.000,-0.006,+1.263,2,+0.000,+0.002,-0.162,+0.193
DRV,69910,+0.0000,+0.0000,+0.0000,+0.0000,+0.0000,+0.0000,+0.000,+0.000,-0.00037,+0.0020,+0.0000,-0.081,2,1,+0.000,+0.000,-0.05672,+0.000,-1.418,+0.000,+0.000,-0.006,-1.424,2,+0.000,+0.000,+0.05077,+0.000,+1.269,+0.000,+0.000,-0.006,+1.263,2,+0.000,+0.000,-0.04237,+0.000,-1.059,+0.000,+0.000,-0.006,-1.066,2,+0.000,+0.000,+0.05078,+0.000,+1.269,+0.000,+0.000,-0.006,+1.263,2,+0.000,+0.000,-0.161,+0.197
DRV,69914,+0.0000,+0.0000,+0.0000,+0.0000,+0.0000,+0.0000,+0.000,+0.000,-0.00036,+0.0015,+0.0000,-0.059,2,1,+0.000,+0.000,-0.05672,+0.000,-1.418,+0.000,+0.000,-0.005,-1.423,2,+0.000,+0.000,+0.05077,+0.000,+1.269,+0.000,+0.000,-0.005,+1.265,2,+0.000,+0.000,-0.04237,+0.000,-1.059,+0.000,+0.000,-0.005,-1.064,2,+0.000,+0.001,+0.05078,+0.001,+1.269,-0.002,+0.000,-0.005,+1.263,2,+0.001,+0.000,-0.160,+0.201
DRV,69918,+0.0000,+0.0000,+0.0000,+0.0000,+0.0000,+0.0000,+0.000,+0.000,-0.00036,+0.0015,+0.0000,-0.059,2,1,+0.000,+0.000,-0.05672,+0.000,-1.418,+0.000,+0.000,-0.005,-1.423,2,+0.000,+0.000,+0.05077,+0.000,+1.269,+0.000,+0.000,-0.005,+1.265,2,+0.000,+0.000,-0.04237,+0.000,-1.059,+0.000,+0.000,-0.005,-1.064,2,+0.000,+0.000,+0.05078,+0.000,+1.269,+0.000,+0.000,-0.005,+1.265,2,+0.000,+0.000,-0.158,+0.201
DRV,69922,+0.0000,+0.0000,+0.0000,+0.0000,+0.0000,+0.0000,+0.000,+0.000,-0.00036,-0.0012,+0.0000,+0.047,2,1,+0.000,+0.000,-0.05672,+0.000,-1.418,+0.000,+0.000,+0.004,-1.414,2,+0.000,-0.002,+0.05077,-0.002,+1.269,+0.005,+0.000,+0.004,+1.278,0,+0.000,+0.000,-0.04237,+0.000,-1.059,+0.000,+0.000,+0.004,-1.055,2,+0.000,+0.000,+0.05078,+0.000,+1.269,+0.000,+0.000,+0.004,+1.273,2,+0.000,-0.002,-0.141,+0.222
DRV,69926,+0.0000,+0.0000,+0.0000,+0.0000,+0.0000,+0.0000,+0.000,+0.000,-0.00037,-0.0012,+0.0000,+0.047,2,1,+0.000,+0.000,-0.05672,+0.000,-1.418,+0.000,+0.000,+0.004,-1.414,0,+0.000,+0.000,+0.05077,+0.000,+1.269,+0.000,+0.000,+0.004,+1.273,0,+0.000,+0.000,-0.04237,+0.000,-1.059,+0.000,+0.000,+0.004,-1.055,2,+0.000,+0.000,+0.05078,+0.000,+1.269,+0.000,+0.000,+0.004,+1.273,2,+0.000,+0.000,-0.141,+0.218
DRV,69930,+0.0000,+0.0000,+0.0000,+0.0000,+0.0000,+0.0000,+0.000,+0.000,-0.00037,-0.0022,+0.0000,+0.090,2,1,+0.000,+0.000,-0.05672,+0.000,-1.418,+0.000,+0.000,+0.007,-1.411,0,+0.000,+0.000,+0.05077,+0.000,+1.269,+0.000,+0.000,+0.007,+1.276,0,+0.000,+0.000,-0.04237,+0.000,-1.059,+0.000,+0.000,+0.007,-1.052,2,+0.000,+0.000,+0.05078,+0.000,+1.269,+0.000,+0.000,+0.007,+1.277,0,+0.000,+0.000,-0.134,+0.224
DRV,69934,+0.0000,+0.0000,+0.0000,+0.0000,+0.0000,+0.0000,+0.000,+0.000,-0.00038,-0.0022,+0.0000,+0.090,2,1,+0.000,+0.000,-0.05672,+0.000,-1.418,+0.000,+0.000,+0.007,-1.411,2,+0.000,+0.000,+0.05077,+0.000,+1.269,+0.000,+0.000,+0.007,+1.276,2,+0.000,+0.000,-0.04237,+0.000,-1.059,+0.000,+0.000,+0.007,-1.052,2,+0.000,-0.001,+0.05078,-0.001,+1.269,+0.003,+0.000,+0.007,+1.279,0,-0.001,+0.000,-0.131,+0.224
DRV,69938,+0.0000,+0.0000,+0.0000,+0.0000,+0.0000,+0.0000,+0.000,+0.000,-0.00038,-0.0001,+0.0000,+0.004,2,1,+0.000,+0.000,-0.05672,+0.000,-1.418,+0.000,+0.000,+0.000,-1.418,2,+0.000,+0.000,+0.05077,+0.000,+1.269,+0.000,+0.000,+0.000,+1.270,2,+0.000,+0.000,-0.04237,+0.000,-1.059,+0.000,+0.000,+0.000,-1.059,0,+0.000,+0.000,+0.05078,+0.000,+1.269,+0.000,+0.000,+0.000,+1.270,2,+0.000,+0.000,-0.148,+0.211
DRV,69942,+0.0000,+0.0000,+0.0000,+0.0000,+0.0000,+0.0000,+0.000,+0.000,-0.00039,-0.0001,+0.0000,+0.004,2,1,+0.000,+0.000,-0.05672,+0.000,-1.418,+0.000,+0.000,+0.000,-1.418,2,+0.000,+0.000,+0.05077,+0.000,+1.269,+0.000,+0.000,+0.000,+1.270,2,+0.000,+0.000,-0.04237,+0.000,-1.059,+0.000,+0.000,+0.000,-1.059,2,+0.000,+0.000,+0.05078,+0.000,+1.269,+0.000,+0.000,+0.000,+1.270,2,+0.000,+0.000,-0.148,+0.211
DRV,69946,+0.0000,+0.0000,+0.0000,+0.0000,+0.0000,+0.0000,+0.000,+0.000,-0.00039,-0.0001,+0.0000,+0.004,2,1,+0.000,+0.000,-0.05672,+0.000,-1.418,+0.000,+0.000,+0.000,-1.418,2,+0.000,+0.002,+0.05077,+0.002,+1.269,-0.004,+0.000,+0.000,+1.266,2,+0.000,+0.000,-0.04237,+0.000,-1.059,+0.000,+0.000,+0.000,-1.059,2,+0.000,+0.000,+0.05078,+0.000,+1.269,+0.000,+0.000,+0.000,+1.270,2,+0.000,+0.002,-0.148,+0.207
DRV,69950,+0.0000,+0.0000,+0.0000,+0.0000,+0.0000,+0.0000,+0.000,+0.000,-0.00039,-0.0001,+0.0000,+0.004,2,1,+0.000,+0.000,-0.05672,+0.000,-1.418,+0.000,+0.000,+0.000,-1.418,2,+0.000,+0.000,+0.05077,+0.000,+1.269,+0.000,+0.000,+0.000,+1.270,2,+0.000,+0.000,-0.04237,+0.000,-1.059,+0.000,+0.000,+0.000,-1.059,2,+0.000,+0.000,+0.05078,+0.000,+1.269,+0.000,+0.000,+0.000,+1.270,2,+0.000,+0.000,-0.148,+0.211
DRV,69954,+0.0000,+0.0000,+0.0000,+0.0000,+0.0000,+0.0000,+0.000,+0.000,-0.00038,+0.0026,+0.0000,-0.102,2,1,+0.000,+0.000,-0.05672,+0.000,-1.418,+0.000,+0.000,-0.008,-1.426,2,+0.000,+0.000,+0.05077,+0.000,+1.269,+0.000,+0.000,-0.008,+1.261,2,+0.000,+0.000,-0.04237,+0.000,-1.059,+0.000,+0.000,-0.008,-1.067,2,+0.000,+0.000,+0.05078,+0.000,+1.269,+0.000,+0.000,-0.008,+1.261,2,+0.000,+0.000,-0.165,+0.194
DRV,69958,+0.0000,+0.0000,+0.0000,+0.0000,+0.0000,+0.0000,+0.000,+0.000,-0.00037,+0.0025,+0.0000,-0.102,2,1,+0.000,+0.000,-0.05672,+0.000,-1.418,+0.000,+0.000,-0.008,-1.426,2,+0.000,+0.000,+0.05077,+0.000,+1.269,+0.000,+0.000,-0.008,+1.261,2,+0.000,+0.000,-0.04237,+0.000,-1.059,+0.000,+0.000,-0.008,-1.067,2,+0.000,+0.000,+0.05078,+0.000,+1.269,+0.000,+0.000,-0.008,+1.261,2,+0.000,+0.000,-0.165,+0.194
DRV,69962,+0.0000,+0.0000,+0.0000,+0.0000,+0.0000,+0.0000,+0.000,+0.000,-0.00036,+0.0020,+0.0000,-0.080,2,1,+0.000,+0.000,-0.05672,+0.000,-1.418,+0.000,+0.000,-0.006,-1.424,0,+0.000,+0.000,+0.05077,+0.000,+1.269,+0.000,+0.000,-0.006,+1.263,0,+0.000,+0.000,-0.04237,+0.000,-1.059,+0.000,+0.000,-0.006,-1.066,2,+0.000,+0.000,+0.05078,+0.000,+1.269,+0.000,+0.000,-0.006,+1.263,2,+0.000,+0.000,-0.161,+0.197
DRV,69966,+0.0000,+0.0000,+0.0000,+0.0000,+0.0000,+0.0000,+0.000,+0.000,-0.00035,+0.0020,+0.0000,-0.080,2,1,+0.000,+0.000,-0.05672,+0.000,-1.418,+0.000,+0.000,-0.006,-1.424,0,+0.000,+0.000,+0.05077,+0.000,+1.269,+0.000,+0.000,-0.006,+1.263,2,+0.000,+0.000,-0.04237,+0.000,-1.059,+0.000,+0.000,-0.006,-1.066,2,+0.000,+0.000,+0.05078,+0.000,+1.269,+0.000,+0.000,-0.006,+1.263,2,+0.000,+0.000,-0.161,+0.197
DRV,69970,+0.0000,+0.0000,+0.0000,+0.0000,+0.0000,+0.0000,+0.000,+0.000,-0.00035,-0.0007,+0.0000,+0.026,2,1,+0.000,+0.000,-0.05672,+0.000,-1.418,+0.000,+0.000,+0.002,-1.416,0,+0.000,+0.000,+0.05077,+0.000,+1.269,+0.000,+0.000,+0.002,+1.271,2,+0.000,+0.000,-0.04237,+0.000,-1.059,+0.000,+0.000,+0.002,-1.057,2,+0.000,+0.000,+0.05078,+0.000,+1.269,+0.000,+0.000,+0.002,+1.271,0,+0.000,+0.000,-0.144,+0.214
DRV,69974,+0.0000,+0.0000,+0.0000,+0.0000,+0.0000,+0.0000,+0.000,+0.000,-0.00035,-0.0007,+0.0000,+0.026,2,1,+0.000,-0.004,-0.05672,-0.004,-1.418,+0.008,+0.000,+0.002,-1.408,2,+0.000,+0.000,+0.05077,+0.000,+1.269,+0.000,+0.000,+0.002,+1.271,2,+0.000,+0.000,-0.04237,+0.000,-1.059,+0.000,+0.000,+0.002,-1.057,0,+0.000,+0.000,+0.05078,+0.000,+1.269,+0.000,+0.000,+0.002,+1.271,0,-0.004,+0.000,-0.137,+0.214
DRV,69978,+0.0000,+0.0000,+0.0000,+0.0000,+0.0000,+0.0000,+0.000,+0.000,-0.00036,-0.0028,+0.0000,+0.111,2,1,+0.000,+0.000,-0.05672,+0.000,-1.418,+0.000,+0.000,+0.009,-1.409,2,+0.000,+0.000,+0.05077,+0.000,+1.269,+0.000,+0.000,+0.009,+1.278,2,+0.000,+0.000,-0.04237,+0.000,-1.059,+0.000,+0.000,+0.009,-1.050,0,+0.000,+0.000,+0.05078,+0.000,+1.269,+0.000,+0.000,+0.009,+1.278,2,+0.000,+0.000,-0.131,+0.228
DRV,69982,+0.0000,+0.0000,+0.0000,+0.0000,+0.0000,+0.0000,+0.000,+0.000,-0.00037,-0.0028,+0.0000,+0.111,2,1,+0.000,+0.000,-0.05672,+0.000,-1.418,+0.000,+0.000,+0.009,-1.409,2,+0.000,-0.000,+0.05077,-0.000,+1.269,+0.001,+0.000,+0.009,+1.279,2,+0.000,+0.000,-0.04237,+0.000,-1.059,+0.000,+0.000,+0.009,-1.050,2,+0.000,+0.000,+0.05078,+0.000,+1.269,+0.000,+0.000,+0.009,+1.278,2,+0.000,-0.000,-0.131,+0.229
DRV,69986,+0.0000,+0.0000,+0.0000,+0.0000,+0.0000,+0.0000,+0.000,+0.000,-0.00039,-0.0033,+0.0000,+0.132,2,1,+0.000,+0.000,-0.05672,+0.000,-1.418,+0.000,+0.000,+0.011,-1.407,2,+0.000,+0.000,+0.05077,+0.000,+1.269,+0.000,+0.000,+0.011,+1.280,2,+0.000,+0.000,-0.04237,+0.000,-1.059,+0.000,+0.000,+0.011,-1.049,2,+0.000,+0.000,+0.05078,+0.000,+1.269,+0.000,+0.000,+0.011,+1.280,2,+0.000,+0.000,-0.127,+0.231
DRV,69990,+0.0000,+0.0000,+0.0000,+0.0000,+0.0000,+0.0000,+0.000,+0.000,-0.00040,-0.0033,+0.0000,+0.132,2,1,+0.000,+0.000,-0.05672,+0.000,-1.418,+0.000,+0.000,+0.011,-1.407,2,+0.000,-0.002,+0.05077,-0.002,+1.269,+0.004,+0.000,+0.011,+1.284,2,+0.000,+0.000,-0.04237,+0.000,-1.059,+0.000,+0.000,+0.011,-1.049,2,+0.000,+0.000,+0.05078,+0.000,+1.269,+0.000,+0.000,+0.011,+1.280,2,+0.000,-0.002,-0.127,+0.235
DRV,69994,+0.0000,+0.0000,+0.0000,+0.0000,+0.0000,+0.0000,+0.000,+0.000,-0.00040,-0.0001,+0.0000,+0.004,2,1,+0.000,+0.001,-0.05672,+0.001,-1.418,-0.002,+0.000,+0.000,-1.420,2,+0.000,+0.007,+0.05077,+0.007,+1.269,-0.013,+0.000,+0.000,+1.256,2,+0.000,+0.000,-0.04237,+0.000,-1.059,+0.000,+0.000,+0.000,-1.059,2,+0.000,+0.000,+0.05078,+0.000,+1.269,+0.000,+0.000,+0.000,+1.270,2,+0.001,+0.007,-0.150,+0.197
DRV,69998,+0.0000,+0.0000,+0.0000,+0.0000,+0.0000,+0.0000,+0.000,+0.000,-0.00040,-0.0001,+0.0000,+0.004,2,1,+0.000,+0.000,-0.05672,+0.000,-1.418,+0.000,+0.000,+0.000,-1.418,2,+0.000,+0.000,+0.05077,+0.000,+1.269,+0.000,+0.000,+0.000,+1.270,0,+0.000,+0.000,-0.04237,+0.000,-1.059,+0.000,+0.000,+0.000,-1.059,2,+0.000,+0.001,+0.05078,+0.001,+1.269,-0.003,+0.000,+0.000,+1.267,2,+0.001,+0.000,-0.151,+0.211
DRV,70002,+0.0000,+0.0000,+0.0000,+0.0000,+0.0000,+0.0000,+0.000,+0.000,-0.00039,+0.0042,+0.0000,-0.166,2,1,+0.000,+0.004,-0.05672,+0.004,-1.418,-0.008,+0.000,-0.013,-1.439,0,+0.000,+0.000,+0.05077,+0.000,+1.269,+0.000,+0.000,-0.013,+1.256,0,+0.000,+0.000,-0.04237,+0.000,-1.059,+0.000,+0.000,-0.013,-1.072,2,+0.000,+0.000,+0.05078,+0.000,+1.269,+0.000,+0.000,-0.013,+1.256,2,+0.004,+0.000,-0.183,+0.183
DRV,70006,+0.0000,+0.0000,+0.0000,+0.0000,+0.0000,+0.0000,+0.000,+0.000,-0.00038,+0.0041,+0.0000,-0.166,2,1,+0.000,-0.004,-0.05664,-0.004,-1.416,+0.009,+0.000,-0.013,-1.421,0,+0.000,+0.002,+0.05047,+0.002,+1.262,-0.005,+0.000,-0.013,+1.244,0,+0.000,+0.000,-0.04229,+0.000,-1.057,+0.000,+0.000,-0.013,-1.070,2,+0.000,+0.004,+0.05086,+0.004,+1.271,-0.008,+0.000,-0.013,+1.250,0,-0.000,+0.002,-0.170,+0.173
DRV,70010,+0.0000,+0.0000,+0.0000,+0.0000,+0.0000,+0.0000,+0.000,+0.000,-0.00036,+0.0031,+0.0000,-0.123,2,1,+0.000,+0.000,-0.05664,+0.000,-1.416,+0.000,+0.000,-0.010,-1.426,2,+0.000,+0.000,+0.05047,+0.000,+1.262,+0.000,+0.000,-0.010,+1.252,2,+0.000,+0.000,-0.04229,+0.000,-1.057,+0.000,+0.000,-0.010,-1.067,0,+0.000,+0.000,+0.05086,+0.000,+1.271,+0.000,+0.000,-0.010,+1.262,0,+0.000,+0.000,-0.164,+0.185
DRV,70014,+0.0000,+0.0000,+0.0000,+0.0000,+0.0000,+0.0000,+0.000,+0.000,-0.00035,+0.0031,+0.0000,-0.123,2,1,+0.000,+0.000,-0.05664,+0.000,-1.416,+0.000,+0.000,-0.010,-1.426,2,+0.000,+0.000,+0.05047,+0.000,+1.262,+0.000,+0.000,-0.010,+1.252,2,+0.000,+0.000,-0.04229,+0.000,-1.057,+0.000,+0.000,-0.010,-1.067,0,+0.000,+0.000,+0.05086,+0.000,+1.271,+0.000,+0.000,-0.010,+1.262,2,+0.000,+0.000,-0.164,+0.185
DRV,70018,+0.0000,+0.0000,+0.0000,+0.0000,+0.0000,+0.0000,+0.000,+0.000,-0.00035,-0.0012,+0.0000,+0.048,2,1,+0.000,+0.000,-0.05664,+0.000,-1.416,+0.000,+0.000,+0.004,-1.412,2,+0.000,+0.000,+0.05047,+0.000,+1.262,+0.000,+0.000,+0.004,+1.265,2,+0.000,+0.000,-0.04229,+0.000,-1.057,+0.000,+0.000,+0.004,-1.053,2,+0.000,-0.003,+0.05086,-0.003,+1.271,+0.006,+0.000,+0.004,+1.281,2,-0.003,+0.000,-0.131,+0.212
DRV,70022,+0.0000,+0.0000,+0.0000,+0.0000,+0.0000,+0.0000,+0.000,+0.000,-0.00035,-0.0012,+0.0000,+0.047,2,1,+0.000,+0.000,-0.05664,+0.000,-1.416,+0.000,+0.000,+0.004,-1.412,2,+0.000,-0.004,+0.05047,-0.004,+1.262,+0.008,+0.000,+0.004,+1.273,2,+0.000,+0.000,-0.04229,+0.000,-1.057,+0.000,+0.000,+0.004,-1.053,2,+0.000,+0.000,+0.05086,+0.000,+1.271,+0.000,+0.000,+0.004,+1.275,2,+0.000,-0.004,-0.137,+0.220
DRV,70026,+0.0000,+0.0000,+0.0000,+0.0000,+0.0000,+0.0000,+0.000,+0.000,-0.00037,-0.0054,+0.0000,+0.218,2,1,+0.000,-0.004,-0.05672,-0.004,-1.418,+0.008,+0.000,+0.017,-1.393,2,+0.000,-0.003,+0.05077,-0.003,+1.269,+0.007,+0.000,+0.017,+1.293,2,+0.000,+0.000,-0.04237,+0.000,-1.059,+0.000,+0.000,+0.017,-1.042,2,+0.000,-0.005,+0.05078,-0.005,+1.269,+0.010,+0.000,+0.017,+1.296,2,-0.009,-0.003,-0.097,+0.252
DRV,70030,+0.0000,+0.0000,+0.0000,+0.0000,+0.0000,+0.0000,+0.000,+0.000,-0.00039,-0.0054,+0.0000,+0.217,2,1,+0.000,+0.000,-0.05672,+0.000,-1.418,+0.000,+0.000,+0.017,-1.401,2,+0.000,+0.000,+0.05077,+0.000,+1.269,+0.000,+0.000,+0.017,+1.287,2,+0.000,+0.000,-0.04237,+0.000,-1.059,+0.000,+0.000,+0.017,-1.042,2,+0.000,+0.000,+0.05078,+0.000,+1.269,+0.000,+0.000,+0.017,+1.287,2,+0.000,+0.000,-0.114,+0.245
DRV,70034,+0.0000,+0.0000,+0.0000,+0.0000,+0.0000,+0.0000,+0.000,+0.000,-0.00041,-0.0038,+0.0000,+0.153,2,1,+0.000,+0.000,-0.05672,+0.000,-1.418,+0.000,+0.000,+0.012,-1.406,2,+0.000,+0.000,+0.05077,+0.000,+1.269,+0.000,+0.000,+0.012,+1.282,0,+0.000,-0.001,-0.04237,-0.001,-1.059,+0.003,+0.000,+0.012,-1.044,2,+0.000,+0.000,+0.05078,+0.000,+1.269,+0.000,+0.000,+0.012,+1.282,2,+0.000,-0.001,-0.124,+0.237
DRV,70038,+0.0000,+0.0000,+0.0000,+0.0000,+0.0000,+0.0000,+0.000,+0.000,-0.00043,-0.0038,+0.0000,+0.153,2,1,+0.000,+0.000,-0.05672,+0.000,-1.418,+0.000,+0.000,+0.012,-1.406,0,+0.000,+0.000,+0.05077,+0.000,+1.269,+0.000,+0.000,+0.012,+1.281,0,+0.000,+0.000,-0.04237,+0.000,-1.059,+0.000,+0.000,+0.012,-1.047,2,+0.000,-0.002,+0.05078,-0.002,+1.269,+0.004,+0.000,+0.012,+1.285,2,-0.002,+0.000,-0.120,+0.235
DRV,70042,+0.0000,+0.0000,+0.0000,+0.0000,+0.0000,+0.0000,+0.000,+0.000,-0.00043,+0.0004,+0.0000,-0.018,2,1,+0.000,+0.000,-0.05672,+0.000,-1.418,+0.000,+0.000,-0.001,-1.419,0,+0.000,+0.000,+0.05077,+0.000,+1.269,+0.000,+0.000,-0.001,+1.268,2,+0.000,+0.000,-0.04237,+0.000,-1.059,+0.000,+0.000,-0.001,-1.061,2,+0.000,+0.000,+0.05078,+0.000,+1.269,+0.000,+0.000,-0.001,+1.268,0,+0.000,+0.000,-0.151,+0.207
DRV,70046,+0.0000,+0.0000,+0.0000,+0.0000,+0.0000,+0.0000,+0.000,+0.000,-0.00043,+0.0004,+0.0000,-0.018,2,1,+0.000,+0.000,-0.05664,+0.000,-1.416,+0.000,+0.000,-0.001,-1.417,2,+0.000,+0.000,+0.05047,+0.000,+1.262,+0.000,+0.000,-0.001,+1.260,2,+0.000,+0.000,-0.04229,+0.000,-1.057,+0.000,+0.000,-0.001,-1.059,0,+0.000,+0.003,+0.05086,+0.003,+1.271,-0.006,+0.000,-0.001,+1.264,0,+0.003,+0.000,-0.153,+0.202
DRV,70050,+0.0000,+0.0000,+0.0000,+0.0000,+0.0000,+0.0000,+0.000,+0.000,-0.00042,+0.0036,+0.0000,-0.145,2,1,+0.000,+0.004,-0.05664,+0.004,-1.416,-0.008,+0.000,-0.012,-1.435,2,+0.000,+0.000,+0.05047,+0.000,+1.262,+0.000,+0.000,-0.012,+1.250,2,+0.000,+0.000,-0.04229,+0.000,-1.057,-0.001,+0.000,-0.012,-1.070,0,+0.000,+0.000,+0.05086,+0.000,+1.271,+0.000,+0.000,-0.012,+1.260,2,+0.004,+0.000,-0.176,+0.180
DRV,70054,+0.0000,+0.0000,+0.0000,+0.0000,+0.0000,+0.0000,+0.000,+0.000,-0.00040,+0.0036,+0.0000,-0.145,2,1,+0.000,+0.000,-0.05664,+0.000,-1.416,+0.000,+0.000,-0.012,-1.428,2,+0.000,+0.004,+0.05047,+0.004,+1.262,-0.008,+0.000,-0.012,+1.242,2,+0.000,+0.000,-0.04229,+0.000,-1.057,+0.000,+0.000,-0.012,-1.069,2,+0.000,+0.006,+0.05086,+0.006,+1.271,-0.011,+0.000,-0.012,+1.248,2,+0.006,+0.004,-0.179,+0.174
DRV,70058,+0.0000,+0.0000,+0.0000,+0.0000,+0.0000,+0.0000,+0.000,+0.000,-0.00039,+0.0042,+0.0000,-0.166,2,1,+0.000,+0.000,-0.05664,+0.000,-1.416,+0.000,+0.000,-0.013,-1.429,2,+0.000,+0.000,+0.05047,+0.000,+1.262,+0.000,+0.000,-0.013,+1.248,2,+0.000,+0.000,-0.04229,+0.000,-1.057,+0.000,+0.000,-0.013,-1.070,2,+0.000,+0.000,+0.05086,+0.000,+1.271,+0.000,+0.000,-0.013,+1.258,2,+0.000,+0.000,-0.171,+0.178
DRV,70062,+0.0000,+0.0000,+0.0000,+0.0000,+0.0000,+0.0000,+0.000,+0.000,-0.00037,+0.0041,+0.0000,-0.166,2,1,+0.000,+0.000,-0.05664,+0.000,-1.416,+0.000,+0.000,-0.013,-1.429,2,+0.000,+0.000,+0.05047,+0.000,+1.262,+0.000,+0.000,-0.013,+1.248,2,+0.000,+0.000,-0.04229,+0.000,-1.057,+0.000,+0.000,-0.013,-1.070,2,+0.000,+0.000,+0.05086,+0.000,+1.271,+0.000,+0.000,-0.013,+1.258,2,+0.000,+0.000,-0.171,+0.178
DRV,70066,+0.0000,+0.0000,+0.0000,+0.0000,+0.0000,+0.0000,+0.000,+0.000,-0.00036,+0.0009,+0.0000,-0.038,2,1,+0.000,+0.000,-0.05664,+0.000,-1.416,+0.000,+0.000,-0.003,-1.419,2,+0.000,+0.000,+0.05047,+0.000,+1.262,+0.000,+0.000,-0.003,+1.259,2,+0.000,+0.000,-0.04229,+0.000,-1.057,+0.000,+0.000,-0.003,-1.060,2,+0.000,+0.000,+0.05086,+0.000,+1.271,+0.000,+0.000,-0.003,+1.268,2,+0.000,+0.000,-0.151,+0.198
DRV,70070,+0.0000,+0.0000,+0.0000,+0.0000,+0.0000,+0.0000,+0.000,+0.000,-0.00036,+0.0009,+0.0000,-0.038,2,1,+0.000,+0.000,-0.05664,+0.000,-1.416,+0.000,+0.000,-0.003,-1.419,2,+0.000,+0.000,+0.05047,+0.000,+1.262,+0.000,+0.000,-0.003,+1.259,2,+0.000,+0.000,-0.04229,+0.000,-1.057,+0.000,+0.000,-0.003,-1.060,2,+0.000,+0.000,+0.05086,+0.000,+1.271,+0.000,+0.000,-0.003,+1.268,2,+0.000,+0.000,-0.151,+0.198
DRV,70074,+0.0000,+0.0000,+0.0000,+0.0000,+0.0000,+0.0000,+0.000,+0.000,-0.00037,-0.0038,+0.0000,+0.154,2,1,+0.000,-0.002,-0.05672,-0.002,-1.418,+0.005,+0.000,+0.012,-1.401,2,+0.000,-0.003,+0.05077,-0.003,+1.269,+0.006,+0.000,+0.012,+1.287,0,+0.000,+0.000,-0.04237,+0.000,-1.059,+0.000,+0.000,+0.012,-1.047,2,+0.000,-0.001,+0.05078,-0.001,+1.269,+0.002,+0.000,+0.012,+1.284,2,-0.003,-0.003,-0.117,+0.240
DRV,70078,+0.0000,+0.0000,+0.0000,+0.0000,+0.0000,+0.0000,+0.000,+0.000,-0.00038,-0.0038,+0.0000,+0.153,2,1,+0.000,+0.000,-0.05672,+0.000,-1.418,+0.000,+0.000,+0.012,-1.406,0,+0.000,+0.000,+0.05077,+0.000,+1.269,+0.000,+0.000,+0.012,+1.282,0,+0.000,+0.000,-0.04237,+0.000,-1.059,+0.000,+0.000,+0.012,-1.047,2,+0.000,+0.000,+0.05078,+0.000,+1.269,+0.000,+0.000,+0.012,+1.282,2,+0.000,+0.000,-0.124,+0.235
DRV,70082,+0.0000,+0.0000,+0.0000,+0.0000,+0.0000,+0.0000,+0.000,+0.000,-0.00040,-0.0049,+0.0000,+0.196,2,1,+0.000,+0.000,-0.05672,+0.000,-1.418,+0.000,+0.000,+0.016,-1.402,0,+0.000,+0.000,+0.05077,+0.000,+1.269,+0.000,+0.000,+0.016,+1.285,2,+0.000,+0.000,-0.04237,+0.000,-1.059,+0.000,+0.000,+0.016,-1.044,2,+0.000,-0.007,+0.05078,-0.007,+1.269,+0.013,+0.000,+0.016,+1.298,0,-0.007,+0.000,-0.104,+0.241
DRV,70086,+0.0000,+0.0000,+0.0000,+0.0000,+0.0000,+0.0000,+0.000,+0.000,-0.00042,-0.0049,+0.0000,+0.195,2,1,+0.000,+0.000,-0.05672,+0.000,-1.418,+0.000,+0.000,+0.016,-1.402,2,+0.000,-0.002,+0.05077,-0.002,+1.269,+0.005,+0.000,+0.016,+1.290,2,+0.000,+0.000,-0.04237,+0.000,-1.059,+0.000,+0.000,+0.016,-1.044,0,+0.000,+0.000,+0.05078,+0.000,+1.269,+0.000,+0.000,+0.016,+1.285,0,+0.000,-0.002,-0.117,+0.246
DRV,70090,+0.0000,+0.0000,+0.0000,+0.0000,+0.0000,+0.0000,+0.000,+0.000,-0.00043,-0.0006,+0.0000,+0.025,2,1,+0.000,+0.000,-0.05672,+0.000,-1.418,+0.000,+0.000,+0.002,-1.416,2,+0.000,+0.005,+0.05077,+0.005,+1.269,-0.010,+0.000,+0.002,+1.262,2,+0.000,+0.000,-0.04237,+0.000,-1.059,+0.000,+0.000,+0.002,-1.057,0,+0.000,+0.000,+0.05078,+0.000,+1.269,+0.000,+0.000,+0.002,+1.271,2,+0.000,+0.005,-0.145,+0.205
DRV,70094,+0.0000,+0.0000,+0.0000,+0.0000,+0.0000,+0.0000,+0.000,+0.000,-0.00043,-0.0006,+0.0000,+0.025,2,1,+0.000,+0.000,-0.05672,+0.000,-1.418,+0.000,+0.000,+0.002,-1.416,2,+0.000,+0.000,+0.05077,+0.000,+1.269,+0.000,+0.000,+0.002,+1.271,2,+0.000,+0.000,-0.04237,+0.000,-1.059,+0.000,+0.000,+0.002,-1.057,2,+0.000,+0.003,+0.05078,+0.003,+1.269,-0.007,+0.000,+0.002,+1.265,2,+0.003,+0.000,-0.151,+0.214
DRV,70098,+0.0000,+0.0000,+0.0000,+0.0000,+0.0000,+0.0000,+0.000,+0.000,-0.00043,+0.0020,+0.0000,-0.082,2,1,+0.000,+0.001,-0.05672,+0.001,-1.418,-0.003,+0.000,-0.007,-1.427,2,+0.000,+0.000,+0.05077,+0.000,+1.269,+0.000,+0.000,-0.007,+1.263,2,+0.000,+0.000,-0.04237,+0.000,-1.059,+0.000,+0.000,-0.007,-1.066,2,+0.000,+0.000,+0.05078,+0.000,+1.269,+0.000,+0.000,-0.007,+1.263,2,+0.001,+0.000,-0.165,+0.197
DRV,70102,+0.0000,+0.0000,+0.0000,+0.0000,+0.0000,+0.0000,+0.000,+0.000,-0.00042,+0.0020,+0.0000,-0.082,2,1,+0.000,+0.000,-0.05672,+0.000,-1.418,+0.000,+0.000,-0.007,-1.424,2,+0.000,+0.000,+0.05077,+0.000,+1.269,+0.000,+0.000,-0.007,+1.263,2,+0.000,+0.000,-0.04237,+0.000,-1.059,+0.000,+0.000,-0.007,-1.066,2,+0.000,+0.002,+0.05078,+0.002,+1.269,-0.004,+0.000,-0.007,+1.259,2,+0.002,+0.000,-0.165,+0.197
DRV,70106,+0.0000,+0.0000,+0.0000,+0.0000,+0.0000,+0.0000,+0.000,+0.000,-0.00040,+0.0063,+0.0000,-0.252,2,1,+0.000,+0.000,-0.05672,+0.000,-1.418,+0.000,+0.000,-0.020,-1.438,2,+0.000,+0.000,+0.05077,+0.000,+1.269,+0.000,+0.000,-0.020,+1.249,0,+0.000,+0.000,-0.04237,+0.000,-1.059,-0.001,+0.000,-0.020,-1.080,2,+0.000,+0.000,+0.05078,+0.000,+1.269,+0.000,+0.000,-0.020,+1.249,2,+0.000,+0.000,-0.189,+0.169
DRV,70110,+0.0000,+0.0000,+0.0000,+0.0000,+0.0000,+0.0000,+0.000,+0.000,-0.00037,+0.0063,+0.0000,-0.251,2,1,+0.000,+0.000,-0.05664,+0.000,-1.416,+0.000,+0.000,-0.020,-1.436,2,+0.000,+0.000,+0.05047,+0.000,+1.262,+0.000,+0.000,-0.020,+1.242,0,+0.000,+0.000,-0.04229,+0.000,-1.057,+0.000,+0.000,-0.020,-1.077,2,+0.000,+0.000,+0.05086,+0.000,+1.271,+0.000,+0.000,-0.020,+1.251,2,+0.000,+0.000,-0.185,+0.164
DRV,70114,+0.0000,+0.0000,+0.0000,+0.0000,+0.0000,+0.0000,+0.000,+0.000,-0.00036,+0.0031,+0.0000,-0.123,2,1,+0.000,+0.000,-0.05664,+0.000,-1.416,+0.000,+0.000,-0.010,-1.426,0,+0.000,+0.000,+0.05047,+0.000,+1.262,+0.000,+0.000,-0.010,+1.252,0,+0.000,+0.000,-0.04229,+0.000,-1.057,+0.000,+0.000,-0.010,-1.067,2,+0.000,+0.000,+0.05086,+0.000,+1.271,+0.000,+0.000,-0.010,+1.262,2,+0.000,+0.000,-0.164,+0.185
DRV,70118,+0.0000,+0.0000,+0.0000,+0.0000,+0.0000,+0.0000,+0.000,+0.000,-0.00035,+0.0007,+0.0000,-0.027,2,1,+0.000,+0.000,-0.05664,+0.000,-1.416,+0.000,+0.000,-0.002,-1.418,0,+0.000,+0.000,+0.05047,+0.000,+1.262,+0.000,+0.000,-0.002,+1.260,2,+0.000,+0.000,-0.04229,+0.000,-1.057,+0.000,+0.000,-0.002,-1.059,2,+0.000,+0.000,+0.05086,+0.000,+1.271,+0.000,+0.000,-0.002,+1.269,0,+0.000,+0.000,-0.149,+0.200
DRV,70122,+0.0000,+0.0000,+0.0000,+0.0000,+0.0000,+0.0000,+0.000,+0.000,-0.00036,-0.0017,+0.0000,+0.069,2,1,+0.000,-0.006,-0.05664,-0.006,-1.416,+0.011,+0.000,+0.006,-1.399,2,+0.000,+0.000,+0.05047,+0.000,+1.262,+0.000,+0.000,+0.006,+1.267,2,+0.000,+0.000,-0.04229,+0.000,-1.057,+0.000,+0.000,+0.006,-1.052,0,+0.000,+0.000,+0.05086,+0.000,+1.271,+0.000,+0.000,+0.006,+1.277,0,-0.006,+0.000,-0.122,+0.216
DRV,70126,+0.0000,+0.0000,+0.0000,+0.0000,+0.0000,+0.0000,+0.000,+0.000,-0.00036,-0.0030,+0.0000,+0.122,2,1,+0.000,+0.000,-0.05672,+0.000,-1.418,+0.000,+0.000,+0.010,-1.408,2,+0.000,-0.001,+0.05077,-0.001,+1.269,+0.002,+0.000,+0.010,+1.281,2,+0.000,+0.000,-0.04237,+0.000,-1.059,+0.000,+0.000,+0.010,-1.049,0,+0.000,-0.001,+0.05078,-0.001,+1.269,+0.003,+0.000,+0.010,+1.282,2,-0.001,-0.001,-0.126,+0.232
DRV,70130,+0.0000,+0.0000,+0.0000,+0.0000,+0.0000,+0.0000,+0.000,+0.000,-0.00038,-0.0044,+0.0000,+0.175,2,1,+0.000,-0.004,-0.05672,-0.004,-1.418,+0.009,+0.000,+0.014,-1.395,2,+0.000,-0.006,+0.05077,-0.006,+1.269,+0.012,+0.000,+0.014,+1.296,2,+0.000,-0.001,-0.04237,-0.001,-1.059,+0.002,+0.000,+0.014,-1.043,2,+0.000,-0.002,+0.05078,-0.002,+1.269,+0.005,+0.000,+0.014,+1.288,2,-0.007,-0.007,-0.107,+0.252
DRV,70134,+0.0000,+0.0000,+0.0000,+0.0000,+0.0000,+0.0000,+0.000,+0.000,-0.00040,-0.0038,+0.0000,+0.153,2,1,+0.000,+0.000,-0.05672,+0.000,-1.418,+0.000,+0.000,+0.012,-1.406,2,+0.000,+0.000,+0.05077,+0.000,+1.269,+0.000,+0.000,+0.012,+1.282,2,+0.000,+0.000,-0.04237,+0.000,-1.059,+0.000,+0.000,+0.012,-1.047,2,+0.000,+0.000,+0.05078,+0.000,+1.269,+0.000,+0.000,+0.012,+1.282,2,+0.000,+0.000,-0.124,+0.235
DRV,70138,+0.0000,+0.0000,+0.0000,+0.0000,+0.0000,+0.0000,+0.000,+0.000,-0.00041,-0.0033,+0.0000,+0.132,2,1,+0.000,+0.000,-0.05672,+0.000,-1.418,+0.000,+0.000,+0.011,-1.407,2,+0.000,-0.002,+0.05077,-0.002,+1.269,+0.004,+0.000,+0.011,+1.284,2,+0.000,-0.001,-0.04237,-0.001,-1.059,+0.002,+0.000,+0.011,-1.047,2,+0.000,+0.000,+0.05078,+0.000,+1.269,+0.000,+0.000,+0.011,+1.280,2,+0.000,-0.003,-0.128,+0.237
DRV,70142,+0.0000,+0.0000,+0.0000,+0.0000,+0.0000,+0.0000,+0.000,+0.000,-0.00042,-0.0022,+0.0000,+0.089,2,1,+0.000,+0.000,-0.05672,+0.000,-1.418,+0.000,+0.000,+0.007,-1.411,2,+0.000,+0.000,+0.05077,+0.000,+1.269,+0.000,+0.000,+0.007,+1.276,2,+0.000,+0.000,-0.04237,+0.000,-1.059,+0.000,+0.000,+0.007,-1.052,2,+0.000,+0.000,+0.05078,+0.000,+1.269,+0.000,+0.000,+0.007,+1.276,2,+0.000,+0.000,-0.134,+0.224
DRV,70146,+0.0000,+0.0000,+0.0000,+0.0000,+0.0000,+0.0000,+0.000,+0.000,-0.00043,-0.0012,+0.0000,+0.046,2,1,+0.000,+0.000,-0.05672,+0.000,-1.418,+0.000,+0.000,+0.004,-1.414,2,+0.000,+0.000,+0.05077,+0.000,+1.269,+0.000,+0.000,+0.004,+1.273,0,+0.000,+0.000,-0.04237,+0.000,-1.059,+0.000,+0.000,+0.004,-1.055,2,+0.000,+0.002,+0.05078,+0.002,+1.269,-0.005,+0.000,+0.004,+1.268,2,+0.002,+0.000,-0.146,+0.217
DRV,70150,+0.0000,+0.0000,+0.0000,+0.0000,+0.0000,+0.0000,+0.000,+0.000,-0.00043,+0.0012,+0.0000,-0.050,2,1,+0.000,+0.008,-0.05672,+0.008,-1.418,-0.015,+0.000,-0.004,-1.437,0,+0.000,+0.000,+0.05077,+0.000,+1.269,+0.000,+0.000,-0.004,+1.265,0,+0.000,+0.000,-0.04237,+0.000,-1.059,+0.000,+0.000,-0.004,-1.063,2,+0.000,+0.000,+0.05078,+0.000,+1.269,+0.000,+0.000,-0.004,+1.265,2,+0.008,+0.000,-0.172,+0.202
DRV,70154,+0.0000,+0.0000,+0.0000,+0.0000,+0.0000,+0.0000,+0.000,+0.000,-0.00041,+0.0036,+0.0000,-0.145,2,1,+0.000,+0.000,-0.05672,+0.000,-1.418,+0.000,+0.000,-0.012,-1.430,0,+0.000,+0.006,+0.05077,+0.006,+1.269,-0.011,+0.000,-0.012,+1.246,2,+0.000,+0.002,-0.04237,+0.002,-1.059,-0.005,+0.000,-0.012,-1.076,2,+0.000,+0.000,+0.05078,+0.000,+1.269,+0.000,+0.000,-0.012,+1.258,0,+0.000,+0.008,-0.172,+0.171
DRV,70158,+0.0000,+0.0000,+0.0000,+0.0000,+0.0000,+0.0000,+0.000,+0.000,-0.00040,+0.0039,+0.0000,-0.156,2,1,+0.000,+0.000,-0.05664,+0.000,-1.416,+0.000,+0.000,-0.012,-1.428,2,+0.000,+0.000,+0.05047,+0.000,+1.262,+0.000,+0.000,-0.012,+1.249,2,+0.000,+0.000,-0.04229,+0.000,-1.057,+0.000,+0.000,-0.012,-1.070,0,+0.000,+0.004,+0.05086,+0.004,+1.271,-0.009,+0.000,-0.012,+1.250,0,+0.004,+0.000,-0.178,+0.180
DRV,70162,+0.0000,+0.0000,+0.0000,+0.0000,+0.0000,+0.0000,+0.000,+0.000,-0.00038,+0.0042,+0.0000,-0.166,2,1,+0.000,+0.006,-0.05664,+0.006,-1.416,-0.011,+0.000,-0.013,-1.441,2,+0.000,+0.000,+0.05047,+0.000,+1.262,+0.000,+0.000,-0.013,+1.248,2,+0.000,+0.000,-0.04229,+0.000,-1.057,+0.000,+0.000,-0.013,-1.070,0,+0.000,+0.000,+0.05086,+0.000,+1.271,+0.000,+0.000,-0.013,+1.258,2,+0.006,+0.000,-0.183,+0.178
DRV,70166,+0.0000,+0.0000,+0.0000,+0.0000,+0.0000,+0.0000,+0.000,+0.000,-0.00037,+0.0028,+0.0000,-0.113,2,1,+0.000,-0.005,-0.05664,-0.005,-1.416,+0.010,+0.000,-0.009,-1.415,2,+0.000,+0.000,+0.05047,+0.000,+1.262,+0.000,+0.000,-0.009,+1.253,2,+0.000,+0.000,-0.04229,+0.000,-1.057,+0.000,+0.000,-0.009,-1.066,2,+0.000,+0.000,+0.05086,+0.000,+1.271,+0.000,+0.000,-0.009,+1.262,2,-0.005,+0.000,-0.152,+0.187
DRV,70170,+0.0000,+0.0000,+0.0000,+0.0000,+0.0000,+0.0000,+0.000,+0.000,-0.00036,+0.0015,+0.0000,-0.059,2,1,+0.000,+0.000,-0.05664,+0.000,-1.416,+0.000,+0.000,-0.005,-1.421,2,+0.000,+0.000,+0.05047,+0.000,+1.262,+0.000,+0.000,-0.005,+1.257,2,+0.000,+0.000,-0.04229,+0.000,-1.057,+0.000,+0.000,-0.005,-1.062,2,+0.000,+0.000,+0.05086,+0.000,+1.271,+0.000,+0.000,-0.005,+1.267,2,+0.000,+0.000,-0.154,+0.195
DRV,70174,+0.0000,+0.0000,+0.0000,+0.0000,+0.0000,+0.0000,+0.000,+0.000,-0.00036,-0.0009,+0.0000,+0.037,2,1,+0.000,+0.000,-0.05672,+0.000,-1.418,+0.000,+0.000,+0.003,-1.415,2,+0.000,-0.002,+0.05077,-0.002,+1.269,+0.005,+0.000,+0.003,+1.277,2,+0.000,+0.000,-0.04237,+0.000,-1.059,+0.000,+0.000,+0.003,-1.056,2,+0.000,+0.000,+0.05078,+0.000,+1.269,+0.000,+0.000,+0.003,+1.272,2,+0.000,-0.002,-0.143,+0.221
DRV,70178,+0.0000,+0.0000,+0.0000,+0.0000,+0.0000,+0.0000,+0.000,+0.000,-0.00037,-0.0033,+0.0000,+0.132,2,1,+0.000,+0.000,-0.05672,+0.000,-1.418,+0.000,+0.000,+0.011,-1.407,2,+0.000,-0.003,+0.05077,-0.003,+1.269,+0.006,+0.000,+0.011,+1.286,2,+0.000,+0.000,-0.04237,+0.000,-1.059,+0.000,+0.000,+0.011,-1.049,2,+0.000,+0.000,+0.05078,+0.000,+1.269,+0.000,+0.000,+0.011,+1.280,2,+0.000,-0.003,-0.127,+0.237
DRV,70182,+0.0000,+0.0000,+0.0000,+0.0000,+0.0000,+0.0000,+0.000,+0.000,-0.00039,-0.0036,+0.0000,+0.143,2,1,+0.000,+0.000,-0.05672,+0.000,-1.418,+0.000,+0.000,+0.011,-1.407,2,+0.000,+0.000,+0.05077,+0.000,+1.269,+0.000,+0.000,+0.011,+1.281,0,+0.000,-0.001,-0.04237,-0.001,-1.059,+0.002,+0.000,+0.011,-1.046,2,+0.000,+0.000,+0.05078,+0.000,+1.269,+0.000,+0.000,+0.011,+1.281,2,+0.000,-0.001,-0.126,+0.235
DRV,70186,+0.0000,+0.0000,+0.0000,+0.0000,+0.0000,+0.0000,+0.000,+0.000,-0.00040,-0.0038,+0.0000,+0.153,2,1,+0.000,+0.000,-0.05672,+0.000,-1.418,+0.000,+0.000,+0.012,-1.406,2,+0.000,-0.002,+0.05077,-0.002,+1.269,+0.005,+0.000,+0.012,+1.286,0,+0.000,+0.000,-0.04237,+0.000,-1.059,+0.000,+0.000,+0.012,-1.047,2,+0.000,+0.000,+0.05078,+0.000,+1.269,+0.000,+0.000,+0.012,+1.282,2,+0.000,-0.002,-0.124,+0.239
DRV,70190,+0.0000,+0.0000,+0.0000,+0.0000,+0.0000,+0.0000,+0.000,+0.000,-0.00042,-0.0033,+0.0000,+0.131,2,1,+0.000,+0.000,-0.05672,+0.000,-1.418,+0.000,+0.000,+0.011,-1.407,0,+0.000,+0.000,+0.05077,+0.000,+1.269,+0.000,+0.000,+0.011,+1.280,2,+0.000,-0.001,-0.04237,-0.001,-1.059,+0.003,+0.000,+0.011,-1.046,2,+0.000,+0.000,+0.05078,+0.000,+1.269,+0.000,+0.000,+0.011,+1.280,2,+0.000,-0.001,-0.128,+0.234
DRV,70194,+0.0000,+0.0000,+0.0000,+0.0000,+0.0000,+0.0000,+0.000,+0.000,-0.00043,-0.0027,+0.0000,+0.110,2,1,+0.000,+0.000,-0.05672,+0.000,-1.418,+0.000,+0.000,+0.009,-1.409,2,+0.000,+0.000,+0.05077,+0.000,+1.269,+0.000,+0.000,+0.009,+1.278,2,+0.000,-0.001,-0.04237,-0.001,-1.059,+0.002,+0.000,+0.009,-1.048,2,+0.000,+0.000,+0.05078,+0.000,+1.269,+0.000,+0.000,+0.009,+1.278,0,+0.000,-0.001,-0.131,+0.230
DRV,70198,+0.0000,+0.0000,+0.0000,+0.0000,+0.0000,+0.0000,+0.000,+0.000,-0.00043,-0.0003,+0.0000,+0.014,2,1,+0.000,+0.008,-0.05672,+0.008,-1.418,-0.016,+0.000,+0.001,-1.433,2,+0.000,+0.000,+0.05077,+0.000,+1.269,+0.000,+0.000,+0.001,+1.270,2,+0.000,+0.000,-0.04237,+0.000,-1.059,+0.000,+0.000,+0.001,-1.058,0,+0.000,+0.000,+0.05078,+0.000,+1.269,+0.000,+0.000,+0.001,+1.271,0,+0.008,+0.000,-0.163,+0.212
DRV,70202,+0.0000,+0.0000,+0.0000,+0.0000,+0.0000,+0.0000,+0.000,+0.000,-0.00043,+0.0020,+0.0000,-0.082,2,1,+0.000,+0.000,-0.05672,+0.000,-1.418,-0.001,+0.000,-0.007,-1.425,2,+0.000,+0.001,+0.05077,+0.001,+1.269,-0.003,+0.000,-0.007,+1.260,2,+0.000,+0.000,-0.04237,+0.000,-1.059,+0.000,+0.000,-0.007,-1.066,0,+0.000,+0.000,+0.05078,+0.000,+1.269,+0.000,+0.000,-0.007,+1.263,2,+0.000,+0.001,-0.163,+0.194
DRV,70206,+0.0000,+0.0000,+0.0000,+0.0000,+0.0000,+0.0000,+0.000,+0.000,-0.00042,+0.0028,+0.0000,-0.114,2,1,+0.000,+0.000,-0.05672,+0.000,-1.418,+0.000,+0.000,-0.009,-1.427,2,+0.000,+0.000,+0.05077,+0.000,+1.269,+0.000,+0.000,-0.009,+1.260,2,+0.000,+0.000,-0.04237,+0.000,-1.059,+0.000,+0.000,-0.009,-1.068,2,+0.000,+0.000,+0.05078,+0.000,+1.269,+0.000,+0.000,-0.009,+1.260,2,+0.000,+0.000,-0.167,+0.192
DRV,70210,+0.0000,+0.0000,+0.0000,+0.0000,+0.0000,+0.0000,+0.000,+0.000,-0.00040,+0.0036,+0.0000,-0.145,2,1,+0.000,+0.000,-0.05664,+0.000,-1.416,+0.000,+0.000,-0.012,-1.428,2,+0.000,+0.004,+0.05047,+0.004,+1.262,-0.008,+0.000,-0.012,+1.242,2,+0.000,+0.000,-0.04229,+0.000,-1.057,+0.000,+0.000,-0.012,-1.069,2,+0.000,+0.004,+0.05086,+0.004,+1.271,-0.009,+0.000,-0.012,+1.251,2,+0.004,+0.004,-0.176,+0.174
DRV,70214,+0.0000,+0.0000,+0.0000,+0.0000,+0.0000,+0.0000,+0.000,+0.000,-0.00039,+0.0031,+0.0000,-0.124,2,1,+0.000,+0.000,-0.05664,+0.000,-1.416,+0.000,+0.000,-0.010,-1.426,2,+0.000,+0.000,+0.05047,+0.000,+1.262,+0.000,+0.000,-0.010,+1.252,2,+0.000,+0.004,-0.04229,+0.004,-1.057,-0.008,+0.000,-0.010,-1.075,2,+0.000,+0.000,+0.05086,+0.000,+1.271,+0.000,+0.000,-0.010,+1.261,2,+0.000,+0.004,-0.164,+0.177
DRV,70218,+0.0000,+0.0000,+0.0000,+0.0000,+0.0000,+0.0000,+0.000,+0.000,-0.00038,+0.0026,+0.0000,-0.102,2,1,+0.000,+0.000,-0.05664,+0.000,-1.416,-0.001,+0.000,-0.008,-1.425,2,+0.000,+0.000,+0.05047,+0.000,+1.262,+0.000,+0.000,-0.008,+1.254,0,+0.000,+0.000,-0.04229,+0.000,-1.057,+0.000,+0.000,-0.008,-1.065,2,+0.000,+0.000,+0.05086,+0.000,+1.271,+0.000,+0.000,-0.008,+1.263,2,+0.000,+0.000,-0.162,+0.188
DRV,70222,+0.0000,+0.0000,+0.0000,+0.0000,+0.0000,+0.0000,+0.000,+0.000,-0.00037,+0.0004,+0.0000,-0.017,2,1,+0.000,+0.000,-0.05664,+0.000,-1.416,+0.000,+0.000,-0.001,-1.417,0,+0.000,+0.000,+0.05047,+0.000,+1.262,+0.000,+0.000,-0.001,+1.260,0,+0.000,+0.000,-0.04229,+0.000,-1.057,+0.000,+0.000,-0.001,-1.059,2,+0.000,+0.000,+0.05086,+0.000,+1.271,+0.000,+0.000,-0.001,+1.270,2,+0.000,+0.000,-0.147,+0.202
DRV,70226,+0.0000,+0.0000,+0.0000,+0.0000,+0.0000,+0.0000,+0.000,+0.000,-0.00038,-0.0017,+0.0000,+0.068,2,1,+0.000,+0.000,-0.05664,+0.000,-1.416,+0.000,+0.000,+0.005,-1.411,0,+0.000,+0.000,+0.05047,+0.000,+1.262,+0.000,+0.000,+0.005,+1.267,0,+0.000,+0.000,-0.04229,+0.000,-1.057,+0.000,+0.000,+0.005,-1.052,2,+0.000,+0.000,+0.05086,+0.000,+1.271,+0.000,+0.000,+0.005,+1.277,2,+0.000,+0.000,-0.134,+0.215
DRV,70230,+0.0000,+0.0000,+0.0000,+0.0000,+0.0000,+0.0000,+0.000,+0.000,-0.00039,-0.0022,+0.0000,+0.089,2,1,+0.000,+0.000,-0.05672,+0.000,-1.418,+0.000,+0.000,+0.007,-1.411,0,+0.000,-0.002,+0.05077,-0.002,+1.269,+0.004,+0.000,+0.007,+1.280,2,+0.000,+0.000,-0.04237,+0.000,-1.059,+0.000,+0.000,+0.007,-1.052,2,+0.000,-0.005,+0.05078,-0.005,+1.269,+0.010,+0.000,+0.007,+1.286,0,-0.005,-0.002,-0.125,+0.228
DRV,70234,+0.0000,+0.0000,+0.0000,+0.0000,+0.0000,+0.0000,+0.000,+0.000,-0.00040,-0.0028,+0.0000,+0.111,2,1,+0.000,+0.000,-0.05672,+0.000,-1.418,+0.000,+0.000,+0.009,-1.409,2,+0.000,+0.000,+0.05077,+0.000,+1.269,+0.000,+0.000,+0.009,+1.278,2,+0.000,+0.000,-0.04237,+0.000,-1.059,+0.000,+0.000,+0.009,-1.050,0,+0.000,+0.000,+0.05078,+0.000,+1.269,+0.000,+0.000,+0.009,+1.278,0,+0.000,+0.000,-0.131,+0.228
DRV,70238,+0.0000,+0.0000,+0.0000,+0.0000,+0.0000,+0.0000,+0.000,+0.000,-0.00041,-0.0025,+0.0000,+0.100,2,1,+0.000,-0.005,-0.05672,-0.005,-1.418,+0.010,+0.000,+0.008,-1.400,2,+0.000,+0.000,+0.05077,+0.000,+1.269,+0.000,+0.000,+0.008,+1.277,2,+0.000,-0.002,-0.04237,-0.002,-1.059,+0.005,+0.000,+0.008,-1.046,0,+0.000,+0.000,+0.05078,+0.000,+1.269,+0.000,+0.000,+0.008,+1.277,2,-0.005,-0.002,-0.123,+0.231
DRV,70242,+0.0000,+0.0000,+0.0000,+0.0000,+0.0000,+0.0000,+0.000,+0.000,-0.00042,-0.0022,+0.0000,+0.089,2,1,+0.000,+0.000,-0.05672,+0.000,-1.418,+0.000,+0.000,+0.007,-1.411,2,+0.000,+0.000,+0.05077,+0.000,+1.269,+0.000,+0.000,+0.007,+1.276,2,+0.000,+0.000,-0.04237,+0.000,-1.059,+0.000,+0.000,+0.007,-1.052,2,+0.000,+0.000,+0.05078,+0.000,+1.269,+0.000,+0.000,+0.007,+1.277,2,+0.000,+0.000,-0.134,+0.224
DRV,70246,+0.0000,+0.0000,+0.0000,+0.0000,+0.0000,+0.0000,+0.000,+0.000,-0.00042,-0.0012,+0.0000,+0.046,2,1,+0.000,+0.000,-0.05672,+0.000,-1.418,+0.000,+0.000,+0.004,-1.414,2,+0.000,+0.000,+0.05077,+0.000,+1.269,+0.000,+0.000,+0.004,+1.273,2,+0.000,+0.000,-0.04237,+0.000,-1.059,+0.000,+0.000,+0.004,-1.055,2,+0.000,+0.000,+0.05078,+0.000,+1.269,+0.000,+0.000,+0.004,+1.273,2,+0.000,+0.000,-0.141,+0.217
DRV,70250,+0.0000,+0.0000,+0.0000,+0.0000,+0.0000,+0.0000,+0.000,+0.000,-0.00042,-0.0001,+0.0000,+0.003,2,1,+0.000,+0.000,-0.05672,+0.000,-1.418,+0.000,+0.000,+0.000,-1.418,2,+0.000,+0.000,+0.05077,+0.000,+1.269,+0.000,+0.000,+0.000,+1.270,2,+0.000,+0.000,-0.04237,+0.000,-1.059,+0.000,+0.000,+0.000,-1.059,2,+0.000,+0.000,+0.05078,+0.000,+1.269,+0.000,+0.000,+0.000,+1.270,2,+0.000,+0.000,-0.148,+0.211
DRV,70254,+0.0000,+0.0000,+0.0000,+0.0000,+0.0000,+0.0000,+0.000,+0.000,-0.00042,+0.0010,+0.0000,-0.039,2,1,+0.000,+0.002,-0.05672,+0.002,-1.418,-0.005,+0.000,-0.003,-1.426,2,+0.000,+0.000,+0.05077,+0.000,+1.269,+0.000,+0.000,-0.003,+1.266,2,+0.000,+0.000,-0.04237,+0.000,-1.059,+0.000,+0.000,-0.003,-1.062,2,+0.000,+0.000,+0.05078,+0.000,+1.269,+0.000,+0.000,-0.003,+1.266,2,+0.002,+0.000,-0.160,+0.204
DRV,70258,+0.0000,+0.0000,+0.0000,+0.0000,+0.0000,+0.0000,+0.000,+0.000,-0.00041,+0.0020,+0.0000,-0.082,2,1,+0.000,+0.000,-0.05672,+0.000,-1.418,+0.000,+0.000,-0.007,-1.424,2,+0.000,+0.005,+0.05077,+0.005,+1.269,-0.010,+0.000,-0.007,+1.253,0,+0.000,+0.000,-0.04237,+0.000,-1.059,+0.000,+0.000,-0.007,-1.066,2,+0.000,+0.009,+0.05078,+0.009,+1.269,-0.017,+0.000,-0.007,+1.246,2,+0.009,+0.005,-0.179,+0.188
DRV,70262,+0.0000,+0.0000,+0.0000,+0.0000,+0.0000,+0.0000,+0.000,+0.000,-0.00040,+0.0026,+0.0000,-0.103,2,1,+0.000,+0.000,-0.05664,+0.000,-1.416,+0.000,+0.000,-0.008,-1.424,0,+0.000,+0.000,+0.05047,+0.000,+1.262,+0.000,+0.000,-0.008,+1.253,0,+0.000,+0.000,-0.04229,+0.000,-1.057,+0.000,+0.000,-0.008,-1.065,2,+0.000,+0.000,+0.05086,+0.000,+1.271,+0.000,+0.000,-0.008,+1.263,2,+0.000,+0.000,-0.161,+0.188
DRV,70266,+0.0000,+0.0000,+0.0000,+0.0000,+0.0000,+0.0000,+0.000,+0.000,-0.00039,+0.0031,+0.0000,-0.124,2,1,+0.000,+0.000,-0.05664,+0.000,-1.416,+0.000,+0.000,-0.010,-1.426,0,+0.000,+0.000,+0.05047,+0.000,+1.262,+0.000,+0.000,-0.010,+1.252,2,+0.000,+0.000,-0.04229,+0.000,-1.057,+0.000,+0.000,-0.010,-1.067,2,+0.000,+0.000,+0.05086,+0.000,+1.271,+0.000,+0.000,-0.010,+1.261,0,+0.000,+0.000,-0.164,+0.185
DRV,70270,+0.0000,+0.0000,+0.0000,+0.0000,+0.0000,+0.0000,+0.000,+0.000,-0.00038,+0.0023,+0.0000,-0.092,2,1,+0.000,+0.000,-0.05664,+0.000,-1.416,+0.000,+0.000,-0.007,-1.423,0,+0.000,+0.000,+0.05047,+0.000,+1.262,+0.000,+0.000,-0.007,+1.254,2,+0.000,+0.000,-0.04229,+0.000,-1.057,+0.000,+0.000,-0.007,-1.064,0,+0.000,+0.000,+0.05086,+0.000,+1.271,+0.000,+0.000,-0.007,+1.264,0,+0.000,+0.000,-0.159,+0.190
DRV,70274,+0.0000,+0.0000,+0.0000,+0.0000,+0.0000,+0.0000,+0.000,+0.000,-0.00038,+0.0015,+0.0000,-0.059,2,1,+0.000,+0.000,-0.05664,+0.000,-1.416,+0.000,+0.000,-0.005,-1.421,2,+0.000,+0.000,+0.05047,+0.000,+1.262,+0.000,+0.000,-0.005,+1.257,2,+0.000,+0.000,-0.04229,+0.000,-1.057,+0.000,+0.000,-0.005,-1.062,0,+0.000,+0.000,+0.05086,+0.000,+1.271,+0.000,+0.000,-0.005,+1.267,2,+0.000,+0.000,-0.154,+0.195
DRV,70278,+0.0000,+0.0000,+0.0000,+0.0000,+0.0000,+0.0000,+0.000,+0.000,-0.00037,+0.0007,+0.0000,-0.027,2,1,+0.000,+0.000,-0.05664,+0.000,-1.416,+0.000,+0.000,-0.002,-1.418,2,+0.000,+0.000,+0.05047,+0.000,+1.262,+0.000,+0.000,-0.002,+1.259,2,+0.000,+0.000,-0.04229,+0.000,-1.057,+0.000,+0.000,-0.002,-1.059,2,+0.000,+0.000,+0.05086,+0.000,+1.271,+0.000,+0.000,-0.002,+1.269,2,+0.000,+0.000,-0.149,+0.200
DRV,70282,+0.0000,+0.0000,+0.0000,+0.0000,+0.0000,+0.0000,+0.000,+0.000,-0.00037,-0.0001,+0.0000,+0.005,2,1,+0.000,+0.000,-0.05672,+0.000,-1.418,+0.000,+0.000,+0.000,-1.418,2,+0.000,-0.005,+0.05077,-0.005,+1.269,+0.010,+0.000,+0.000,+1.279,2,+0.000,+0.000,-0.04237,+0.000,-1.059,+0.000,+0.000,+0.000,-1.059,2,+0.000,-0.001,+0.05078,-0.001,+1.269,+0.002,+0.000,+0.000,+1.272,2,-0.001,-0.005,-0.146,+0.220
DRV,70286,+0.0000,+0.0000,+0.0000,+0.0000,+0.0000,+0.0000,+0.000,+0.000,-0.00037,-0.0012,+0.0000,+0.047,2,1,+0.000,-0.003,-0.05672,-0.003,-1.418,+0.007,+0.000,+0.004,-1.408,2,+0.000,-0.002,+0.05077,-0.002,+1.269,+0.004,+0.000,+0.004,+1.277,2,+0.000,+0.000,-0.04237,+0.000,-1.059,+0.000,+0.000,+0.004,-1.055,2,+0.000,+0.000,+0.05078,+0.000,+1.269,+0.000,+0.000,+0.004,+1.273,2,-0.003,-0.002,-0.134,+0.221
DRV,70290,+0.0000,+0.0000,+0.0000,+0.0000,+0.0000,+0.0000,+0.000,+0.000,-0.00038,-0.0022,+0.0000,+0.090,2,1,+0.000,-0.001,-0.05672,-0.001,-1.418,+0.003,+0.000,+0.007,-1.408,2,+0.000,+0.000,+0.05077,+0.000,+1.269,+0.000,+0.000,+0.007,+1.276,2,+0.000,+0.000,-0.04237,+0.000,-1.059,+0.000,+0.000,+0.007,-1.052,2,+0.000,+0.000,+0.05078,+0.000,+1.269,+0.000,+0.000,+0.007,+1.277,2,-0.001,+0.000,-0.131,+0.224
DRV,70294,+0.0000,+0.0000,+0.0000,+0.0000,+0.0000,+0.0000,+0.000,+0.000,-0.00039,-0.0025,+0.0000,+0.100,2,1,+0.000,+0.000,-0.05672,+0.000,-1.418,+0.000,+0.000,+0.008,-1.410,2,+0.000,+0.000,+0.05077,+0.000,+1.269,+0.000,+0.000,+0.008,+1.277,0,+0.000,-0.001,-0.04237,-0.001,-1.059,+0.002,+0.000,+0.008,-1.049,2,+0.000,+0.000,+0.05078,+0.000,+1.269,+0.000,+0.000,+0.008,+1.277,2,+0.000,-0.001,-0.133,+0.228
DRV,70298,+0.0000,+0.0000,+0.0000,+0.0000,+0.0000,+0.0000,+0.000,+0.000,-0.00040,-0.0028,+0.0000,+0.110,2,1,+0.000,+0.000,-0.05672,+0.000,-1.418,+0.000,+0.000,+0.009,-1.409,0,+0.000,-0.004,+0.05077,-0.004,+1.269,+0.009,+0.000,+0.009,+1.287,0,+0.000,+0.000,-0.04237,+0.000,-1.059,+0.000,+0.000,+0.009,-1.050,2,+0.000,+0.000,+0.05078,+0.000,+1.269,+0.000,+0.000,+0.009,+1.278,2,+0.000,-0.004,-0.131,+0.236
DRV,70302,+0.0000,+0.0000,+0.0000,+0.0000,+0.0000,+0.0000,+0.000,+0.000,-0.00041,-0.0014,+0.0000,+0.057,2,1,+0.000,+0.000,-0.05672,+0.000,-1.418,+0.000,+0.000,+0.005,-1.413,0,+0.000,+0.005,+0.05077,+0.005,+1.269,-0.010,+0.000,+0.005,+1.263,0,+0.000,+0.000,-0.04237,+0.000,-1.059,+0.000,+0.000,+0.005,-1.055,2,+0.000,+0.000,+0.05078,+0.000,+1.269,+0.000,+0.000,+0.005,+1.274,0,+0.000,+0.005,-0.139,+0.209
DRV,70306,+0.0000,+0.0000,+0.0000,+0.0000,+0.0000,+0.0000,+0.000,+0.000,-0.00041,-0.0001,+0.0000,+0.004,2,1,+0.000,+0.001,-0.05672,+0.001,-1.418,-0.003,+0.000,+0.000,-1.421,2,+0.000,+0.000,+0.05077,+0.000,+1.269,+0.000,+0.000,+0.000,+1.270,2,+0.000,+0.000,-0.04237,+0.000,-1.059,+0.000,+0.000,+0.000,-1.059,0,+0.000,+0.000,+0.05078,+0.000,+1.269,+0.000,+0.000,+0.000,+1.270,0,+0.001,+0.000,-0.151,+0.211
DRV,70310,+0.0000,+0.0000,+0.0000,+0.0000,+0.0000,+0.0000,+0.000,+0.000,-0.00041,+0.0004,+0.0000,-0.018,2,1,+0.000,+0.000,-0.05672,+0.000,-1.418,+0.000,+0.000,-0.001,-1.419,2,+0.000,+0.002,+0.05077,+0.002,+1.269,-0.004,+0.000,-0.001,+1.264,2,+0.000,+0.000,-0.04237,+0.000,-1.059,+0.000,+0.000,-0.001,-1.061,0,+0.000,+0.001,+0.05078,+0.001,+1.269,-0.002,+0.000,-0.001,+1.266,0,+0.001,+0.002,-0.153,+0.203
DRV,70314,+0.0000,+0.0000,+0.0000,+0.0000,+0.0000,+0.0000,+0.000,+0.000,-0.00041,+0.0010,+0.0000,-0.039,2,1,+0.000,+0.006,-0.05672,+0.006,-1.418,-0.011,+0.000,-0.003,-1.433,2,+0.000,+0.000,+0.05077,+0.000,+1.269,+0.000,+0.000,-0.003,+1.266,2,+0.000,+0.000,-0.04237,+0.000,-1.059,+0.000,+0.000,-0.003,-1.062,0,+0.000,+0.000,+0.05078,+0.000,+1.269,+0.000,+0.000,-0.003,+1.266,2,+0.006,+0.000,-0.166,+0.204
DRV,70318,+0.0000,+0.0000,+0.0000,+0.0000,+0.0000,+0.0000,+0.000,+0.000,-0.00040,+0.0026,+0.0000,-0.103,2,1,+0.000,+0.000,-0.05672,+0.000,-1.418,+0.000,+0.000,-0.008,-1.426,2,+0.000,+0.001,+0.05077,+0.001,+1.269,-0.002,+0.000,-0.008,+1.259,2,+0.000,+0.000,-0.04237,+0.000,-1.059,+0.000,+0.000,-0.008,-1.067,2,+0.000,+0.002,+0.05078,+0.002,+1.269,-0.005,+0.000,-0.008,+1.256,2,+0.002,+0.001,-0.170,+0.192
DRV,70322,+0.0000,+0.0000,+0.0000,+0.0000,+0.0000,+0.0000,+0.000,+0.000,-0.00038,+0.0042,+0.0000,-0.166,2,1,+0.000,+0.000,-0.05664,+0.000,-1.416,+0.000,+0.000,-0.013,-1.429,2,+0.000,+0.000,+0.05047,+0.000,+1.262,+0.000,+0.000,-0.013,+1.248,2,+0.000,+0.000,-0.04229,+0.000,-1.057,+0.000,+0.000,-0.013,-1.070,2,+0.000,+0.000,+0.05086,+0.000,+1.271,+0.000,+0.000,-0.013,+1.258,2,+0.000,+0.000,-0.171,+0.178
DRV,70326,+0.0000,+0.0000,+0.0000,+0.0000,+0.0000,+0.0000,+0.000,+0.000,-0.00037,+0.0031,+0.0000,-0.123,2,1,+0.000,+0.000,-0.05664,+0.000,-1.416,+0.000,+0.000,-0.010,-1.426,2,+0.000,+0.000,+0.05047,+0.000,+1.262,+0.000,+0.000,-0.010,+1.252,2,+0.000,+0.000,-0.04229,+0.000,-1.057,+0.000,+0.000,-0.010,-1.067,2,+0.000,+0.000,+0.05086,+0.000,+1.271,+0.000,+0.000,-0.010,+1.262,2,+0.000,+0.000,-0.164,+0.185
DRV,70330,+0.0000,+0.0000,+0.0000,+0.0000,+0.0000,+0.0000,+0.000,+0.000,-0.00036,+0.0020,+0.0000,-0.080,2,1,+0.000,+0.000,-0.05664,+0.000,-1.416,+0.000,+0.000,-0.006,-1.422,2,+0.000,+0.000,+0.05047,+0.000,+1.262,+0.000,+0.000,-0.006,+1.255,2,+0.000,+0.000,-0.04229,+0.000,-1.057,+0.000,+0.000,-0.006,-1.064,2,+0.000,+0.000,+0.05086,+0.000,+1.271,+0.000,+0.000,-0.006,+1.265,2,+0.000,+0.000,-0.157,+0.192
DRV,70334,+0.0000,+0.0000,+0.0000,+0.0000,+0.0000,+0.0000,+0.000,+0.000,-0.00036,+0.0001,+0.0000,-0.006,2,1,+0.000,-0.002,-0.05664,-0.002,-1.416,+0.004,+0.000,-0.000,-1.413,0,+0.000,+0.000,+0.05047,+0.000,+1.262,+0.000,+0.000,-0.000,+1.261,0,+0.000,+0.000,-0.04229,+0.000,-1.057,+0.000,+0.000,-0.000,-1.058,2,+0.000,+0.000,+0.05086,+0.000,+1.271,+0.000,+0.000,-0.000,+1.271,2,-0.002,+0.000,-0.142,+0.204
DRV,70338,+0.0000,+0.0000,+0.0000,+0.0000,+0.0000,+0.0000,+0.000,+0.000,-0.00036,-0.0017,+0.0000,+0.069,2,1,+0.000,+0.000,-0.05672,+0.000,-1.418,+0.000,+0.000,+0.005,-1.412,0,+0.000,-0.001,+0.05077,-0.001,+1.269,+0.003,+0.000,+0.005,+1.278,0,+0.000,+0.000,-0.04237,+0.000,-1.059,+0.000,+0.000,+0.005,-1.054,2,+0.000,+0.000,+0.05078,+0.000,+1.269,+0.000,+0.000,+0.005,+1.275,2,+0.000,-0.001,-0.138,+0.224
DRV,70342,+0.0000,+0.0000,+0.0000,+0.0000,+0.0000,+0.0000,+0.000,+0.000,-0.00038,-0.0044,+0.0000,+0.175,2,1,+0.000,+0.000,-0.05672,+0.000,-1.418,+0.000,+0.000,+0.014,-1.404,0,+0.000,+0.000,+0.05077,+0.000,+1.269,+0.000,+0.000,+0.014,+1.283,2,+0.000,+0.000,-0.04237,+0.000,-1.059,+0.000,+0.000,+0.014,-1.045,2,+0.000,+0.000,+0.05078,+0.000,+1.269,+0.000,+0.000,+0.014,+1.283,0,+0.000,+0.000,-0.121,+0.238
DRV,70346,+0.0000,+0.0000,+0.0000,+0.0000,+0.0000,+0.0000,+0.000,+0.000,-0.00040,-0.0044,+0.0000,+0.174,2,1,+0.000,+0.000,-0.05672,+0.000,-1.418,+0.000,+0.000,+0.014,-1.404,2,+0.000,-0.003,+0.05077,-0.003,+1.269,+0.006,+0.000,+0.014,+1.289,2,+0.000,+0.000,-0.04237,+0.000,-1.059,+0.000,+0.000,+0.014,-1.045,0,+0.000,+0.000,+0.05078,+0.000,+1.269,+0.000,+0.000,+0.014,+1.283,0,+0.000,-0.003,-0.121,+0.244
DRV,70350,+0.0000,+0.0000,+0.0000,+0.0000,+0.0000,+0.0000,+0.000,+0.000,-0.00041,-0.0022,+0.0000,+0.089,2,1,+0.000,+0.000,-0.05672,+0.000,-1.418,+0.000,+0.000,+0.007,-1.411,2,+0.000,+0.000,+0.05077,+0.000,+1.269,+0.000,+0.000,+0.007,+1.276,2,+0.000,+0.000,-0.04237,+0.000,-1.059,+0.000,+0.000,+0.007,-1.052,2,+0.000,+0.000,+0.05078,+0.000,+1.269,+0.000,+0.000,+0.007,+1.277,2,+0.000,+0.000,-0.134,+0.224
DRV,70354,+0.0000,+0.0000,+0.0000,+0.0000,+0.0000,+0.0000,+0.000,+0.000,-0.00042,-0.0022,+0.0000,+0.089,2,1,+0.000,+0.000,-0.05672,+0.000,-1.418,+0.000,+0.000,+0.007,-1.411,2,+0.000,+0.002,+0.05077,+0.002,+1.269,-0.004,+0.000,+0.007,+1.273,2,+0.000,+0.000,-0.04237,+0.000,-1.059,+0.000,+0.000,+0.007,-1.052,2,+0.000,+0.000,+0.05078,+0.000,+1.269,+0.000,+0.000,+0.007,+1.277,2,+0.000,+0.002,-0.134,+0.221
DRV,70358,+0.0000,+0.0000,+0.0000,+0.0000,+0.0000,+0.0000,+0.000,+0.000,-0.00042,-0.0006,+0.0000,+0.025,2,1,+0.000,+0.000,-0.05672,+0.000,-1.418,+0.000,+0.000,+0.002,-1.416,2,+0.000,+0.000,+0.05077,+0.000,+1.269,+0.000,+0.000,+0.002,+1.271,2,+0.000,+0.000,-0.04237,+0.000,-1.059,+0.000,+0.000,+0.002,-1.057,2,+0.000,+0.000,+0.05078,+0.000,+1.269,+0.000,+0.000,+0.002,+1.271,2,+0.000,+0.000,-0.145,+0.214
DRV,70362,+0.0000,+0.0000,+0.0000,+0.0000,+0.0000,+0.0000,+0.000,+0.000,-0.00042,-0.0006,+0.0000,+0.025,2,1,+0.000,+0.000,-0.05672,+0.000,-1.418,+0.000,+0.000,+0.002,-1.416,2,+0.000,+0.000,+0.05077,+0.000,+1.269,+0.000,+0.000,+0.002,+1.271,2,+0.000,+0.000,-0.04237,+0.000,-1.059,+0.000,+0.000,+0.002,-1.057,2,+0.000,+0.000,+0.05078,+0.000,+1.269,+0.000,+0.000,+0.002,+1.271,2,+0.000,+0.000,-0.145,+0.214
DRV,70366,+0.0000,+0.0000,+0.0000,+0.0000,+0.0000,+0.0000,+0.000,+0.000,-0.00041,+0.0036,+0.0000,-0.145,2,1,+0.000,+0.003,-0.05672,+0.003,-1.418,-0.006,+0.000,-0.012,-1.435,2,+0.000,+0.000,+0.05077,+0.000,+1.269,+0.000,+0.000,-0.012,+1.258,2,+0.000,+0.000,-0.04237,+0.000,-1.059,+0.000,+0.000,-0.012,-1.071,2,+0.000,+0.000,+0.05078,+0.000,+1.269,+0.000,+0.000,-0.012,+1.258,2,+0.003,+0.000,-0.178,+0.187
DRV,70370,+0.0000,+0.0000,+0.0000,+0.0000,+0.0000,+0.0000,+0.000,+0.000,-0.00040,+0.0036,+0.0000,-0.145,2,1,+0.000,+0.000,-0.05664,+0.000,-1.416,+0.000,+0.000,-0.012,-1.428,2,+0.000,+0.000,+0.05047,+0.000,+1.262,+0.000,+0.000,-0.012,+1.250,0,+0.000,+0.000,-0.04229,+0.000,-1.057,+0.000,+0.000,-0.012,-1.069,2,+0.000,+0.000,+0.05086,+0.000,+1.271,+0.000,+0.000,-0.012,+1.260,2,+0.000,+0.000,-0.168,+0.181
DRV,70374,+0.0000,+0.0000,+0.0000,+0.0000,+0.0000,+0.0000,+0.000,+0.000,-0.00039,+0.0015,+0.0000,-0.060,2,1,+0.000,+0.000,-0.05664,+0.000,-1.416,+0.000,+0.000,-0.005,-1.421,0,+0.000,+0.000,+0.05047,+0.000,+1.262,+0.000,+0.000,-0.005,+1.257,0,+0.000,+0.000,-0.04229,+0.000,-1.057,+0.000,+0.000,-0.005,-1.062,2,+0.000,+0.001,+0.05086,+0.001,+1.271,-0.003,+0.000,-0.005,+1.264,2,+0.001,+0.000,-0.157,+0.195
DRV,70378,+0.0000,+0.0000,+0.0000,+0.0000,+0.0000,+0.0000,+0.000,+0.000,-0.00038,+0.0015,+0.0000,-0.060,2,1,+0.000,+0.000,-0.05664,+0.000,-1.416,+0.000,+0.000,-0.005,-1.421,0,+0.000,+0.000,+0.05047,+0.000,+1.262,+0.000,+0.000,-0.005,+1.257,2,+0.000,+0.000,-0.04229,+0.000,-1.057,+0.000,+0.000,-0.005,-1.062,2,+0.000,+0.000,+0.05086,+0.000,+1.271,+0.000,+0.000,-0.005,+1.267,0,+0.000,+0.000,-0.154,+0.195
DRV,70382,+0.0000,+0.0000,+0.0000,+0.0000,+0.0000,+0.0000,+0.000,+0.000,-0.00038,-0.0006,+0.0000,+0.026,2,1,+0.000,+0.000,-0.05664,+0.000,-1.416,+0.000,+0.000,+0.002,-1.414,2,+0.000,+0.000,+0.05047,+0.000,+1.262,+0.000,+0.000,+0.002,+1.264,2,+0.000,+0.000,-0.04229,+0.000,-1.057,+0.000,+0.000,+0.002,-1.055,0,+0.000,+0.000,+0.05086,+0.000,+1.271,+0.000,+0.000,+0.002,+1.273,0,+0.000,+0.000,-0.141,+0.209
DRV,70386,+0.0000,+0.0000,+0.0000,+0.0000,+0.0000,+0.0000,+0.000,+0.000,-0.00039,-0.0006,+0.0000,+0.026,2,1,+0.000,+0.000,-0.05664,+0.000,-1.416,+0.000,+0.000,+0.002,-1.414,2,+0.000,+0.000,+0.05047,+0.000,+1.262,+0.000,+0.000,+0.002,+1.264,2,+0.000,+0.000,-0.04229,+0.000,-1.057,+0.000,+0.000,+0.002,-1.055,0,+0.000,+0.000,+0.05086,+0.000,+1.271,+0.000,+0.000,+0.002,+1.273,2,+0.000,+0.000,-0.141,+0.209
DRV,70390,+0.0000,+0.0000,+0.0000,+0.0000,+0.0000,+0.0000,+0.000,+0.000,-0.00040,-0.0033,+0.0000,+0.132,2,1,+0.000,+0.000,-0.05664,+0.000,-1.416,+0.000,+0.000,+0.011,-1.405,2,+0.000,-0.001,+0.05047,-0.001,+1.262,+0.002,+0.000,+0.011,+1.274,2,+0.000,+0.000,-0.04229,+0.000,-1.057,+0.000,+0.000,+0.011,-1.047,2,+0.000,+0.000,+0.05086,+0.000,+1.271,+0.000,+0.000,+0.011,+1.282,2,+0.000,-0.001,-0.124,+0.228
DRV,70394,+0.0000,+0.0000,+0.0000,+0.0000,+0.0000,+0.0000,+0.000,+0.000,-0.00041,-0.0033,+0.0000,+0.132,2,1,+0.000,-0.004,-0.05672,-0.004,-1.418,+0.008,+0.000,+0.011,-1.400,2,+0.000,+0.000,+0.05077,+0.000,+1.269,+0.000,+0.000,+0.011,+1.280,2,+0.000,+0.000,-0.04237,+0.000,-1.059,+0.000,+0.000,+0.011,-1.049,2,+0.000,-0.005,+0.05078,-0.005,+1.269,+0.010,+0.000,+0.011,+1.290,2,-0.009,+0.000,-0.109,+0.231
DRV,70398,+0.0000,+0.0000,+0.0000,+0.0000,+0.0000,+0.0000,+0.000,+0.000,-0.00042,-0.0022,+0.0000,+0.089,2,1,+0.000,+0.000,-0.05672,+0.000,-1.418,+0.000,+0.000,+0.007,-1.411,2,+0.000,+0.000,+0.05077,+0.000,+1.269,+0.000,+0.000,+0.007,+1.276,2,+0.000,+0.000,-0.04237,+0.000,-1.059,+0.000,+0.000,+0.007,-1.052,2,+0.000,+0.000,+0.05078,+0.000,+1.269,+0.000,+0.000,+0.007,+1.277,2,+0.000,+0.000,-0.134,+0.224
DRV,70402,+0.0000,+0.0000,+0.0000,+0.0000,+0.0000,+0.0000,+0.000,+0.000,-0.00043,-0.0022,+0.0000,+0.089,2,1,+0.000,+0.000,-0.05672,+0.000,-1.418,+0.000,+0.000,+0.007,-1.411,2,+0.000,-0.004,+0.05077,-0.004,+1.269,+0.008,+0.000,+0.007,+1.284,2,+0.000,+0.000,-0.04237,+0.000,-1.059,+0.000,+0.000,+0.007,-1.052,2,+0.000,+0.000,+0.05078,+0.000,+1.269,+0.000,+0.000,+0.007,+1.276,2,+0.000,-0.004,-0.134,+0.232
DRV,70406,+0.0000,+0.0000,+0.0000,+0.0000,+0.0000,+0.0000,+0.000,+0.000,-0.00043,-0.0006,+0.0000,+0.025,2,1,+0.000,+0.000,-0.05664,+0.000,-1.416,+0.000,+0.000,+0.002,-1.414,2,+0.000,+0.003,+0.05047,+0.003,+1.262,-0.007,+0.000,+0.002,+1.257,0,+0.000,+0.000,-0.04229,+0.000,-1.057,+0.000,+0.000,+0.002,-1.055,2,+0.000,+0.000,+0.05086,+0.000,+1.271,+0.000,+0.000,+0.002,+1.273,2,+0.000,+0.003,-0.141,+0.202
DRV,70410,+0.0000,+0.0000,+0.0000,+0.0000,+0.0000,+0.0000,+0.000,+0.000,-0.00044,-0.0006,+0.0000,+0.025,2,1,+0.000,+0.000,-0.05672,+0.000,-1.418,-0.001,+0.000,+0.002,-1.417,0,+0.000,-0.002,+0.05077,-0.002,+1.269,+0.004,+0.000,+0.002,+1.275,0,+0.000,+0.000,-0.04237,+0.000,-1.059,+0.000,+0.000,+0.002,-1.057,2,+0.000,+0.000,+0.05078,+0.000,+1.269,+0.000,+0.000,+0.002,+1.271,2,+0.000,-0.002,-0.146,+0.218
DRV,70414,+0.0000,+0.0000,+0.0000,+0.0000,+0.0000,+0.0000,+0.000,+0.000,-0.00043,+0.0036,+0.0000,-0.146,2,1,+0.000,+0.000,-0.05664,+0.000,-1.416,+0.000,+0.000,-0.012,-1.428,0,+0.000,+0.004,+0.05047,+0.004,+1.262,-0.008,+0.000,-0.012,+1.242,0,+0.000,+0.000,-0.04229,+0.000,-1.057,+0.000,+0.000,-0.012,-1.069,2,+0.000,+0.000,+0.05086,+0.000,+1.271,+0.000,+0.000,-0.012,+1.260,0,+0.000,+0.004,-0.168,+0.174
DRV,70418,+0.0000,+0.0000,+0.0000,+0.0000,+0.0000,+0.0000,+0.000,+0.000,-0.00041,+0.0036,+0.0000,-0.145,2,1,+0.000,+0.000,-0.05664,+0.000,-1.416,+0.000,+0.000,-0.012,-1.428,2,+0.000,+0.000,+0.05047,+0.000,+1.262,+0.000,+0.000,-0.012,+1.250,2,+0.000,+0.000,-0.04229,+0.000,-1.057,+0.000,+0.000,-0.012,-1.069,0,+0.000,+0.000,+0.05086,+0.000,+1.271,+0.000,+0.000,-0.012,+1.260,0,+0.000,+0.000,-0.168,+0.181
DRV,70422,+0.0000,+0.0000,+0.0000,+0.0000,+0.0000,+0.0000,+0.000,+0.000,-0.00040,+0.0026,+0.0000,-0.103,2,1,+0.000,+0.000,-0.05664,+0.000,-1.416,+0.000,+0.000,-0.008,-1.424,2,+0.000,+0.000,+0.05047,+0.000,+1.262,+0.000,+0.000,-0.008,+1.253,2,+0.000,+0.000,-0.04229,+0.000,-1.057,+0.000,+0.000,-0.008,-1.065,0,+0.000,+0.000,+0.05086,+0.000,+1.271,+0.000,+0.000,-0.008,+1.263,2,+0.000,+0.000,-0.161,+0.188
DRV,70426,+0.0000,+0.0000,+0.0000,+0.0000,+0.0000,+0.0000,+0.000,+0.000,-0.00039,+0.0026,+0.0000,-0.102,2,1,+0.000,+0.000,-0.05664,+0.000,-1.416,+0.000,+0.000,-0.008,-1.424,2,+0.000,+0.000,+0.05047,+0.000,+1.262,+0.000,+0.000,-0.008,+1.253,2,+0.000,+0.000,-0.04229,+0.000,-1.057,+0.000,+0.000,-0.008,-1.065,2,+0.000,+0.000,+0.05086,+0.000,+1.271,+0.000,+0.000,-0.008,+1.263,2,+0.000,+0.000,-0.161,+0.188
DRV,70430,+0.0000,+0.0000,+0.0000,+0.0000,+0.0000,+0.0000,+0.000,+0.000,-0.00038,+0.0010,+0.0000,-0.038,2,1,+0.000,+0.000,-0.05664,+0.000,-1.416,+0.000,+0.000,-0.003,-1.419,2,+0.000,-0.002,+0.05047,-0.002,+1.262,+0.005,+0.000,-0.003,+1.263,2,+0.000,+0.000,-0.04229,+0.000,-1.057,+0.000,+0.000,-0.003,-1.060,2,+0.000,-0.002,+0.05086,-0.002,+1.271,+0.004,+0.000,-0.003,+1.272,2,-0.002,-0.002,-0.147,+0.203
DRV,70434,+0.0000,+0.0000,+0.0000,+0.0000,+0.0000,+0.0000,+0.000,+0.000,-0.00038,+0.0010,+0.0000,-0.038,2,1,+0.000,+0.000,-0.05664,+0.000,-1.416,+0.000,+0.000,-0.003,-1.419,2,+0.000,+0.000,+0.05047,+0.000,+1.262,+0.000,+0.000,-0.003,+1.259,2,+0.000,+0.000,-0.04229,+0.000,-1.057,+0.000,+0.000,-0.003,-1.060,2,+0.000,+0.000,+0.05086,+0.000,+1.271,+0.000,+0.000,-0.003,+1.268,2,+0.000,+0.000,-0.151,+0.198
DRV,70438,+0.0000,+0.0000,+0.0000,+0.0000,+0.0000,+0.0000,+0.000,+0.000,-0.00039,-0.0033,+0.0000,+0.132,2,1,+0.000,-0.003,-0.05672,-0.003,-1.418,+0.006,+0.000,+0.011,-1.402,2,+0.000,+0.000,+0.05077,+0.000,+1.269,+0.000,+0.000,+0.011,+1.280,2,+0.000,+0.000,-0.04237,+0.000,-1.059,+0.000,+0.000,+0.011,-1.049,2,+0.000,-0.003,+0.05078,-0.003,+1.269,+0.006,+0.000,+0.011,+1.286,2,-0.006,+0.000,-0.116,+0.231
DRV,70442,+0.0000,+0.0000,+0.0000,+0.0000,+0.0000,+0.0000,+0.000,+0.000,-0.00040,-0.0033,+0.0000,+0.132,2,1,+0.000,+0.000,-0.05672,+0.000,-1.418,+0.000,+0.000,+0.011,-1.407,2,+0.000,-0.001,+0.05077,-0.001,+1.269,+0.003,0.000,+0.011,+1.283,2,+0.000,+0.000,-0.04237,+0.000,-1.059,+0.000,+0.000,+0.011,-1.049,2,+0.000,+0000,+0.05078,+0.000,+1.269,+0.000,+0.00,+0.011,+1.280,2,+0.000,-0.001-.127,+0.234
DRV,70446,+0.0000,+0.0000,+0.0000,+0.0000,+0.0000,+0.0000,+0.000,+0.000,-0.00041,-0.0028,+0.0000,+0.110,2,1,+0.000,+0.000,-0.05672,+0.000,-1.418,+0.000,+0.000,+0.009,-1.409,0,+0.000,-0.003,+0.05077,-0.003,+1.269,+0.007,+0.000,+0.009,+1.285,0,+0.000,-0.002,-0.04237,-0.002,-1.059,+0.005,+0.000,+0.009,-1.046,2,+0.000,+0.000,+0.05078,+0.000,+1.269,-0.001,+0.000,+0.009,+1.277,2,+0.000,-0.006,-0.132,+0.239
DRV,70450,+0.0000,+0.0000,+0.0000,+0.0000,+0.0000,+0.0000,+0.000,+0.000,-0.00043,-0.0027,+0.0000,+0.110,2,1,+0.000,+0.000,-0.05672,+0.000,-1.418,+0.000,+0.000,+0.009,-1.409,0,+0.000,+0.009,+0.05077,+0.009,+1.269,-0.017,+0.000,+0.009,+1.261,2,+0.000,+0.000,-0.04237,+0.000,-1.059,+0.000,+0.000,+0.009,-1.050,2,+0.000,+0.000,+0.05078,+0.000,+1.269,+0.000,+0.000,+0.009,+1.278,2,+0.000,+0.009,-0.131,+0.211
DRV,70454,+0.0000,+0.0000,+0.0000,+0.0000,+0.0000,+0.0000,+0.000,+0.000,-0.00044,-0.0027,+0.0000,+0.110,2,1,+0.000,+0.000,-0.05672,+0.000,-1.418,+0.000,+0.000,+0.009,-1.409,0,+0.000,+0.000,+0.05077,+0.000,+1.269,+0.000,+0.000,+0.009,+1.278,2,+0.000,+0.000,-0.04237,+0.000,-1.059,+0.000,+0.000,+0.009,-1.050,0,+0.000,+0.000,+0.05078,+0.000,+1.269,+0.000,+0.000,+0.009,+1.278,0,+0.000,+0.000,-0.131,+0.228
DRV,70458,+0.0000,+0.0000,+0.0000,+0.0000,+0.0000,+0.0000,+0.000,+0.000,-0.00045,-0.0027,+0.0000,+0.110,2,1,+0.000,+0.000,-0.05672,+0.000,-1.418,+0.000,+0.000,+0.009,-1.409,2,+0.000,+0.006,+0.05077,+0.006,+1.269,-0.012,+0.000,+0.009,+1.266,2,+0.000,+0.000,-0.04237,+0.000,-1.059,+0.000,+0.000,+0.009,-1.050,0,+0.000,+0.000,+0.05078,+0.000,+1.269,+0.000,+0.000,+0.009,+1.278,0,+0.000,+0.006,-0.131,+0.215
DRV,70462,+0.0000,+0.0000,+0.0000,+0.0000,+0.0000,+0.0000,+0.000,+0.000,-0.00045,+0.0015,+0.0000,-0.061,2,1,+0.000,+0.004,-0.05672,+0.004,-1.418,-0.009,+0.000,-0.005,-1.431,2,+0.000,-0.001,+0.05077,-0.001,+1.269,+0.003,+0.000,-0.005,+1.267,2,+0.000,+0.000,-0.04237,+0.000,-1.059,+0.000,+0.000,-0.005,-1.064,0,+0.000,+0.000,+0.05078,+0.000,+1.269,+0.000,+0.000,-0.005,+1.265,2,+0.004,-0.001,-0.167,+0.203
DRV,70466,+0.0000,+0.0000,+0.0000,+0.0000,+0.0000,+0.0000,+0.000,+0.000,-0.00044,+0.0015,+0.0000,-0.061,2,1,+0.000,+0.000,-0.05672,+0.000,-1.418,+0.000,+0.000,-0.005,-1.423,2,+0.000,+0.000,+0.05077,+0.000,+1.269,+0.000,+0.000,-0.005,+1.264,2,+0.000,+0.000,-0.04237,+0.000,-1.059,+0.000,+0.000,-0.005,-1.064,2,+0.000,+0.000,+0.05078,+0.000,+1.269,+0.000,+0.000,-0.005,+1.265,2,+0.000,+0.000,-0.158,+0.200
DRV,70470,+0.0000,+0.0000,+0.0000,+0.0000,+0.0000,+0.0000,+0.000,+0.000,-0.00043,+0.0036,+0.0000,-0.146,2,1,+0.000,+0.000,-0.05672,+0.000,-1.418,+0.000,+0.000,-0.012,-1.430,2,+0.000,+0.001,+0.05077,+0.001,+1.269,-0.003,+0.000,-0.012,+1.255,2,+0.000,+0.000,-0.04237,+0.000,-1.059,+0.000,+0.000,-0.012,-1.071,2,+0.000,+0.004,+0.05078,+0.004,+1.269,-0.008,+0.000,-0.012,+1.250,2,+0.004,+0.001,-0.180,+0.184
DRV,70474,+0.0000,+0.0000,+0.0000,+0.0000,+0.0000,+0.0000,+0.000,+0.000,-0.00041,+0.0036,+0.0000,-0.145,2,1,+0.000,+0.000,-0.05672,+0.000,-1.418,+0.000,+0.000,-0.012,-1.430,2,+0.000,+0.000,+0.05077,+0.000,+1.269,+0.000,+0.000,-0.012,+1.258,2,+0.000,+0.000,-0.04237,+0.000,-1.059,+0.000,+0.000,-0.012,-1.071,2,+0.000,+0.000,+0.05078,+0.000,+1.269,+0.000,+0.000,-0.012,+1.258,2,+0.000,+0.000,-0.172,+0.187
DRV,70478,+0.0000,+0.0000,+0.0000,+0.0000,+0.0000,+0.0000,+0.000,+0.000,-0.00040,+0.0026,+0.0000,-0.103,2,1,+0.000,+0.000,-0.05672,+0.000,-1.418,+0.000,+0.000,-0.008,-1.426,2,+0.000,+0.000,+0.05077,+0.000,+1.269,+0.000,+0.000,-0.008,+1.261,0,+0.000,+0.000,-0.04237,+0.000,-1.059,+0.000,+0.000,-0.008,-1.067,2,+0.000,+0.000,+0.05078,+0.000,+1.269,+0.000,+0.000,-0.008,+1.261,2,+0.000,+0.000,-0.165,+0.194
DRV,70482,+0.0000,+0.0000,+0.0000,+0.0000,+0.0000,+0.0000,+0.000,+0.000,-0.00039,+0.0026,+0.0000,-0.102,2,1,+0.000,+0.000,-0.05672,+0.000,-1.418,+0.000,+0.000,-0.008,-1.426,2,+0.000,+0.000,+0.05077,+0.000,+1.269,+0.000,+0.000,-0.008,+1.261,0,+0.000,+0.000,-0.04237,+0.000,-1.059,+0.000,+0.000,-0.008,-1.067,2,+0.000,+0.000,+0.05078,+0.000,+1.269,+0.000,+0.000,-0.008,+1.261,2,+0.000,+0.000,-0.165,+0.194
DRV,70486,+0.0000,+0.0000,+0.0000,+0.0000,+0.0000,+0.0000,+0.000,+0.000,-0.00039,-0.0012,+0.0000,+0.047,2,1,+0.000,+0.000,-0.05672,+0.000,-1.418,+0.000,+0.000,+0.004,-1.414,0,+0.000,+0.000,+0.05077,+0.000,+1.269,+0.000,+0.000,+0.004,+1.273,0,+0.000,+0.000,-0.04237,+0.000,-1.059,+0.000,+0.000,+0.004,-1.055,2,+0.000,+0.000,+0.05078,+0.000,+1.269,+0.000,+0.000,+0.004,+1.273,2,+0.000,+0.000,-0.141,+0.218
DRV,70490,+0.0000,+0.0000,+0.0000,+0.0000,+0.0000,+0.0000,+0.000,+0.000,-0.00040,-0.0012,+0.0000,+0.047,2,1,+0.000,+0.000,-0.05672,+0.000,-1.418,+0.000,+0.000,+0.004,-1.414,0,+0.000,+0.000,+0.05077,+0.000,+1.269,+0.000,+0.000,+0.004,+1.273,2,+0.000,+0.000,-0.04237,+0.000,-1.059,+0.000,+0.000,+0.004,-1.055,2,+0.000,+0.000,+0.05078,+0.000,+1.269,+0.000,+0.000,+0.004,+1.273,0,+0.000,+0.000,-0.141,+0.218
DRV,70494,+0.0000,+0.0000,+0.0000,+0.0000,+0.0000,+0.0000,+0.000,+0.000,-0.00040,-0.0022,+0.0000,+0.089,2,1,+0.000,+0.000,-0.05672,+0.000,-1.418,+0.000,+0.000,+0.007,-1.411,2,+0.000,-0.003,+0.05077,-0.003,+1.269,+0.006,+0.000,+0.007,+1.282,2,+0.000,+0.000,-0.04237,+0.000,-1.059,+0.000,+0.000,+0.007,-1.052,0,+0.000,-0.007,+0.05078,-0.007,+1.269,+0.013,+0.000,+0.007,+1.290,0,-0.007,-0.003,-0.121,+0.230
DRV,70498,+0.0000,+0.0000,+0.0000,+0.0000,+0.0000,+0.0000,+0.000,+0.000,-0.00041,-0.0022,+0.0000,+0.089,2,1,+0.000,+0.000,-0.05672,+0.000,-1.418,+0.000,+0.000,+0.007,-1.411,2,+0.000,+0.000,+0.05077,+0.000,+1.269,+0.000,+0.000,+0.007,+1.276,2,+0.000,+0.000,-0.04237,+0.000,-1.059,+0.000,+0.000,+0.007,-1.052,0,+0.000,+0.000,+0.05078,+0.000,+1.269,+0.000,+0.000,+0.007,+1.277,2,+0.000,+0.000,-0.134,+0.224
DRV,70502,+0.0000,+0.0000,+0.0000,+0.0000,+0.0000,+0.0000,+0.000,+0.000,-0.00042,-0.0028,+0.0000,+0.110,2,1,+0.000,+0.000,-0.05672,+0.000,-1.418,+0.000,+0.000,+0.009,-1.409,2,+0.000,+0.000,+0.05077,+0.000,+1.269,+0.000,+0.000,+0.009,+1.278,2,+0.000,+0.000,-0.04237,+0.000,-1.059,+0.000,+0.000,+0.009,-1.050,2,+0.000,+0.000,+0.05078,+0.000,+1.269,+0.000,+0.000,+0.009,+1.278,2,+0.000,+0.000,-0.131,+0.228
DRV,70506,+0.0000,+0.0000,+0.0000,+0.0000,+0.0000,+0.0000,+0.000,+0.000,-0.00043,-0.0027,+0.0000,+0.110,2,1,+0.000,-0.002,-0.05672,-0.002,-1.418,+0.004,+0.000,+0.009,-1.405,2,+0.000,+0.000,+0.05077,+0.000,+1.269,-0.001,+0.000,+0.009,+1.277,2,+0.000,+0.000,-0.04237,+0.000,-1.059,+0.000,+0.000,+0.009,-1.050,2,+0.000,+0.000,+0.05078,+0.000,+1.269,+0.000,+0.000,+0.009,+1.278,2,-0.002,+0.000,-0.127,+0.227
DRV,70510,+0.0000,+0.0000,+0.0000,+0.0000,+0.0000,+0.0000,+0.000,+0.000,-0.00044,-0.0006,+0.0000,+0.024,2,1,+0.000,+0.000,-0.05672,+0.000,-1.418,+0.000,+0.000,+0.002,-1.416,2,+0.000,+0.000,+0.05077,+0.000,+1.269,+0.000,+0.000,+0.002,+1.271,2,+0.000,+0.000,-0.04237,+0.000,-1.059,+0.000,+0.000,+0.002,-1.057,2,+0.000,+0.000,+0.05078,+0.000,+1.269,+0.000,+0.000,+0.002,+1.271,2,+0.000,+0.000,-0.145,+0.214
DRV,70514,+0.0000,+0.0000,+0.0000,+0.0000,+0.0000,+0.0000,+0.000,+0.000,-0.00044,-0.0006,+0.0000,+0.024,2,1,+0.000,+0.000,-0.05672,+0.000,-1.418,+0.000,+0.000,+0.002,-1.416,2,+0.000,+0.000,+0.05077,+0.000,+1.269,+0.000,+0.000,+0.002,+1.271,2,+0.000,+0.000,-0.04237,+0.000,-1.059,+0.000,+0.000,+0.002,-1.057,2,+0.000,+0.000,+0.05078,+0.000,+1.269,+0.000,+0.000,+0.002,+1.271,2,+0.000,+0.000,-0.145,+0.214
DRV,70518,+0.0000,+0.0000,+0.0000,+0.0000,+0.0000,+0.0000,+0.000,+0.000,-0.00044,+0.0020,+0.0000,-0.082,2,1,+0.000,+0.000,-0.05672,+0.000,-1.418,+0.000,+0.000,-0.007,-1.425,2,+0.000,+0.000,+0.05077,+0.000,+1.269,+0.000,+0.000,-0.007,+1.263,0,+0.000,+0.000,-0.04237,+0.000,-1.059,+0.000,+0.000,-0.007,-1.066,2,+0.000,+0.000,+0.05078,+0.000,+1.269,+0.000,+0.000,-0.007,+1.263,2,+0.000,+0.000,-0.162,+0.197
DRV,70522,+0.0000,+0.0000,+0.0000,+0.0000,+0.0000,+0.0000,+0.000,+0.000,-0.00043,+0.0020,+0.0000,-0.082,2,1,+0.000,+0.000,-0.05672,+0.000,-1.418,+0.000,+0.000,-0.007,-1.425,0,+0.000,+0.000,+0.05077,+0.000,+1.269,+0.000,+0.000,-0.007,+1.263,0,+0.000,+0.000,-0.04237,+0.000,-1.059,+0.000,+0.000,-0.007,-1.066,2,+0.000,+0.007,+0.05078,+0.007,+1.269,-0.014,+0.000,-0.007,+1.249,2,+0.007,+0.000,-0.176,+0.197
DRV,70526,+0.0000,+0.0000,+0.0000,+0.0000,+0.0000,+0.0000,+0.000,+0.000,-0.00042,+0.0031,+0.0000,-0.124,2,1,+0.000,+0.002,-0.05672,+0.002,-1.418,-0.005,+0.000,-0.010,-1.433,0,+0.000,+0.000,+0.05077,+0.000,+1.269,+0.000,+0.000,-0.010,+1.259,2,+0.000,+0.004,-0.04237,+0.004,-1.059,-0.008,+0.000,-0.010,-1.077,2,+0.000,+0.000,+0.05078,+0.000,+1.269,+0.000,+0.000,-0.010,+1.259,0,+0.002,+0.004,-0.173,+0.183
DRV,70530,+0.0000,+0.0000,+0.0000,+0.0000,+0.0000,+0.0000,+0.000,+0.000,-0.00040,+0.0031,+0.0000,-0.124,2,1,+0.000,+0.001,-0.05672,+0.001,-1.418,-0.002,+0.000,-0.010,-1.430,2,+0.000,+0.000,+0.05077,+0.000,+1.269,+0.000,+0.000,-0.010,+1.259,2,+0.000,+0.000,-0.04237,+0.000,-1.059,+0.000,+0.000,-0.010,-1.069,0,+0.000,+0.000,+0.05078,+0.000,+1.269,+0.000,+0.000,-0.010,+1.259,0,+0.001,+0.000,-0.170,+0.190
DRV,70534,+0.0000,+0.0000,+0.0000,+0.0000,+0.0000,+0.0000,+0.000,+0.000,-0.00040,+0.0010,+0.0000,-0.039,2,1,+0.000,-0.002,-0.05672,-0.002,-1.418,+0.004,+0.000,-0.003,-1.417,2,+0.000,+0.001,+0.05077,+0.001,+1.269,-0.003,+0.000,-0.003,+1.263,2,+0.000,+0.000,-0.04237,+0.000,-1.059,+0.000,+0.000,-0.003,-1.062,0,+0.000,+0.000,+0.05078,+0.000,+1.269,+0.000,+0.000,-0.003,+1.266,2,-0.002,+0.001,-0.151,+0.201
DRV,70538,+0.0000,+0.0000,+0.0000,+0.0000,+0.0000,+0.0000,+0.000,+0.000,-0.00039,+0.0010,+0.0000,-0.039,2,1,+0.000,+0.000,-0.05672,+0.000,-1.418,+0.000,+0.000,-0.003,-1.421,2,+0.000,+0.000,+0.05077,+0.000,+1.269,+0.000,+0.000,-0.003,+1.266,2,+0.000,+0.000,-0.04237,+0.000,-1.059,+0.000,+0.000,-0.003,-1.062,2,+0.000,+0.000,+0.05078,+0.000,+1.269,+0.000,+0.000,-0.003,+1.266,2,+0.000,+0.000,-0.155,+0.204
DRV,70542,+0.0000,+0.0000,+0.0000,+0.0000,+0.0000,+0.0000,+0.000,+0.000,-0.00040,-0.0022,+0.0000,+0.089,2,1,+0.000,+0.000,-0.05672,+0.000,-1.418,+0.000,+0.000,+0.007,-1.411,2,+0.000,+0.000,+0.05077,+0.000,+1.269,+0.000,+0.000,+0.007,+1.276,2,+0.000,+0.000,-0.04237,+0.000,-1.059,+0.000,+0.000,+0.007,-1.052,2,+0.000,-0.004,+0.05078,-0.004,+1.269,+0.009,+0.000,+0.007,+1.285,2,-0.004,+0.000,-0.126,+0.224
DRV,70546,+0.0000,+0.0000,+0.0000,+0.0000,+0.0000,+0.0000,+0.000,+0.000,-0.00041,-0.0022,+0.0000,+0.089,2,1,+0.000,-0.002,-0.05672,-0.002,-1.418,+0.004,+0.000,+0.007,-1.407,2,+0.000,+0.000,+0.05077,+0.000,+1.269,+0.000,+0.000,+0.007,+1.276,2,+0.000,+0.000,-0.04237,+0.000,-1.059,+0.000,+0.000,+0.007,-1.052,2,+0.000,+0.000,+0.05078,+0.000,+1.269,+0.000,+0.000,+0.007,+1.277,2,-0.002,+0.000,-0.131,+0.224
DRV,70550,+0.0000,+0.0000,+0.0000,+0.0000,+0.0000,+0.0000,+0.000,+0.000,-0.00042,-0.0028,+0.0000,+0.110,2,1,+0.000,+0.000,-0.05672,+0.000,-1.418,+0.000,+0.000,+0.009,-1.409,2,+0.000,-0.005,+0.05077,-0.005,+1.269,+0.010,+0.000,+0.009,+1.288,2,+0.000,+0.000,-0.04237,+0.000,-1.059,+0.000,+0.000,+0.009,-1.050,2,+0.000,+0.000,+0.05078,+0.000,+1.269,+0.000,+0.000,+0.009,+1.278,2,+0.000,-0.005,-0.131,+0.237
DRV,70554,+0.0000,+0.0000,+0.0000,+0.0000,+0.0000,+0.0000,+0.000,+0.000,-0.00043,-0.0025,+0.0000,+0.099,2,1,+0.000,+0.000,-0.05672,+0.000,-1.418,+0.000,+0.000,+0.008,-1.410,2,+0.000,+0.000,+0.05077,+0.000,+1.269,-0.001,+0.000,+0.008,+1.276,0,+0.000,+0.000,-0.04237,+0.000,-1.059,+0.000,+0.000,+0.008,-1.051,2,+0.000,-0.001,+0.05078,-0.001,+1.269,+0.002,+0.000,+0.008,+1.279,2,-0.001,+0.000,-0.131,+0.225
DRV,70558,+0.0000,+0.0000,+0.0000,+0.0000,+0.0000,+0.0000,+0.000,+0.000,-0.00044,-0.0022,+0.0000,+0.088,2,1,+0.000,+0.000,-0.05672,+0.000,-1.418,+0.000,+0.000,+0.007,-1.411,2,+0.000,-0.008,+0.05077,-0.008,+1.269,+0.015,+0.000,+0.007,+1.292,0,+0.000,+0.000,-0.04237,+0.000,-1.059,+0.000,+0.000,+0.007,-1.052,2,+0.000,+0.000,+0.05078,+0.000,+1.269,+0.000,+0.000,+0.007,+1.276,2,+0.000,-0.008,-0.134,+0.240
DRV,70562,+0.0000,+0.0000,+0.0000,+0.0000,+0.0000,+0.0000,+0.000,+0.000,-0.00044,-0.0001,+0.0000,+0.003,2,1,+0.000,+0.000,-0.05672,+0.000,-1.418,+0.000,+0.000,+0.000,-1.418,0,+0.000,+0.000,+0.05077,+0.000,+1.269,+0.000,+0.000,+0.000,+1.270,2,+0.000,+0.000,-0.04237,+0.000,-1.059,+0.000,+0.000,+0.000,-1.059,2,+0.000,+0.000,+0.05078,+0.000,+1.269,+0.000,+0.000,+0.000,+1.270,0,+0.000,+0.000,-0.148,+0.211
DRV,70566,+0.0000,+0.0000,+0.0000,+0.0000,+0.0000,+0.0000,+0.000,+0.000,-0.00043,+0.0020,+0.0000,-0.082,2,1,+0.000,+0.000,-0.05672,+0.000,-1.418,+0.000,+0.000,-0.007,-1.425,0,+0.000,+0.001,+0.05077,+0.001,+1.269,-0.003,+0.000,-0.007,+1.260,2,+0.000,+0.000,-0.04237,+0.000,-1.059,+0.000,+0.000,-0.007,-1.066,2,+0.000,+0.000,+0.05078,+0.000,+1.269,+0.000,+0.000,-0.007,+1.263,0,+0.000,+0.001,-0.162,+0.194
DRV,70570,+0.0000,+0.0000,+0.0000,+0.0000,+0.0000,+0.0000,+0.000,+0.000,-0.00043,+0.0023,+0.0000,-0.092,2,1,+0.000,+0.000,-0.05672,+0.000,-1.418,+0.000,+0.000,-0.007,-1.425,2,+0.000,+0.000,+0.05077,+0.000,+1.269,+0.000,+0.000,-0.007,+1.262,2,+0.000,+0.000,-0.04237,+0.000,-1.059,+0.000,+0.000,-0.007,-1.067,0,+0.000,+0.004,+0.05078,+0.004,+1.269,-0.008,+0.000,-0.007,+1.254,0,+0.004,+0.000,-0.171,+0.195
DRV,70574,+0.0000,+0.0000,+0.0000,+0.0000,+0.0000,+0.0000,+0.000,+0.000,-0.00042,+0.0026,+0.0000,-0.103,2,1,+0.000,+0.005,-0.05672,+0.005,-1.418,-0.010,+0.000,-0.008,-1.437,2,+0.000,+0.000,+0.05077,+0.000,+1.269,+0.000,+0.000,-0.008,+1.261,2,+0.000,+0.000,-0.04237,+0.000,-1.059,+0.000,+0.000,-0.008,-1.067,0,+0.000,+0.000,+0.05078,+0.000,+1.269,+0.000,+0.000,-0.008,+1.261,2,+0.005,+0.000,-0.176,+0.194
DRV,70578,+0.0000,+0.0000,+0.0000,+0.0000,+0.0000,+0.0000,+0.000,+0.000,-0.00041,+0.0023,+0.0000,-0.092,2,1,+0.000,+0.000,-0.05672,+0.000,-1.418,+0.000,+0.000,-0.007,-1.425,2,+0.000,+0.000,+0.05077,+0.000,+1.269,+0.000,+0.000,-0.007,+1.262,2,+0.000,+0.000,-0.04237,+0.000,-1.059,+0.000,+0.000,-0.007,-1.067,2,+0.000,+0.000,+0.05078,+0.000,+1.269,+0.000,+0.000,-0.007,+1.262,2,+0.000,+0.000,-0.163,+0.195
DRV,70582,+0.0000,+0.0000,+0.0000,+0.0000,+0.0000,+0.0000,+0.000,+0.000,-0.00040,+0.0020,+0.0000,-0.081,2,1,+0.000,+0.000,-0.05672,+0.000,-1.418,+0.000,+0.000,-0.006,-1.424,2,+0.000,+0.000,+0.05077,+0.000,+1.269,+0.000,+0.000,-0.006,+1.263,2,+0.000,+0.000,-0.04237,+0.000,-1.059,+0.000,+0.000,-0.006,-1.066,2,+0.000,+0.000,+0.05078,+0.000,+1.269,+0.000,+0.000,-0.006,+1.263,2,+0.000,+0.000,-0.162,+0.197
DRV,70586,+0.0000,+0.0000,+0.0000,+0.0000,+0.0000,+0.0000,+0.000,+0.000,-0.00039,+0.0012,+0.0000,-0.049,2,1,+0.000,+0.000,-0.05672,+0.000,-1.418,+0.000,+0.000,-0.004,-1.422,2,+0.000,+0.000,+0.05077,+0.000,+1.269,+0.000,+0.000,-0.004,+1.265,2,+0.000,+0.000,-0.04237,+0.000,-1.059,+0.000,+0.000,-0.004,-1.063,2,+0.000,+0.000,+0.05078,+0.000,+1.269,+0.000,+0.000,-0.004,+1.265,2,+0.000,+0.000,-0.156,+0.202
DRV,70590,+0.0000,+0.0000,+0.0000,+0.0000,+0.0000,+0.0000,+0.000,+0.000,-0.00039,+0.0004,+0.0000,-0.017,2,1,+0.000,+0.000,-0.05672,+0.000,-1.418,+0.000,+0.000,-0.001,-1.419,2,+0.000,+0.000,+0.05077,+0.000,+1.269,+0.000,+0.000,-0.001,+1.268,0,+0.000,+0.000,-0.04237,+0.000,-1.059,+0.000,+0.000,-0.001,-1.061,2,+0.000,+0.000,+0.05078,+0.000,+1.269,+0.000,+0.000,-0.001,+1.268,2,+0.000,+0.000,-0.151,+0.207
DRV,70594,+0.0000,+0.0000,+0.0000,+0.0000,+0.0000,+0.0000,+0.000,+0.000,-0.00039,-0.0006,+0.0000,+0.025,2,1,+0.000,+0.000,-0.05672,+0.000,-1.418,+0.000,+0.000,+0.002,-1.416,2,+0.000,-0.004,+0.05077,-0.004,+1.269,+0.009,+0.000,+0.002,+1.280,0,+0.000,+0.000,-0.04237,+0.000,-1.059,+0.000,+0.000,+0.002,-1.057,2,+0.000,-0.002,+0.05078,-0.002,+1.269,+0.004,+0.000,+0.002,+1.275,2,-0.002,-0.004,-0.141,+0.223
DRV,70598,+0.0000,+0.0000,+0.0000,+0.0000,+0.0000,+0.0000,+0.000,+0.000,-0.00040,-0.0017,+0.0000,+0.068,2,1,+0.000,+0.000,-0.05672,+0.000,-1.418,+0.000,+0.000,+0.005,-1.413,0,+0.000,+0.000,+0.05077,+0.000,+1.269,+0.000,+0.000,+0.005,+1.275,0,+0.000,+0.000,-0.04237,+0.000,-1.059,+0.000,+0.000,+0.005,-1.054,2,+0.000,+0.000,+0.05078,+0.000,+1.269,+0.000,+0.000,+0.005,+1.275,2,+0.000,+0.000,-0.138,+0.221
DRV,70602,+0.0000,+0.0000,+0.0000,+0.0000,+0.0000,+0.0000,+0.000,+0.000,-0.00041,-0.0025,+0.0000,+0.100,2,1,+0.000,+0.000,-0.05672,+0.000,-1.418,+0.000,+0.000,+0.008,-1.410,0,+0.000,+0.000,+0.05077,+0.000,+1.269,+0.000,+0.000,+0.008,+1.277,2,+0.000,+0.000,-0.04237,+0.000,-1.059,+0.000,+0.000,+0.008,-1.051,2,+0.000,+0.000,+0.05078,+0.000,+1.269,+0.000,+0.000,+0.008,+1.277,0,+0.000,+0.000,-0.133,+0.226
DRV,70606,+0.0000,+0.0000,+0.0000,+0.0000,+0.0000,+0.0000,+0.000,+0.000,-0.00042,-0.0033,+0.0000,+0.131,2,1,+0.000,+0.000,-0.05672,+0.000,-1.418,+0.000,+0.000,+0.011,-1.407,2,+0.000,+0.000,+0.05077,+0.000,+1.269,+0.000,+0.000,+0.011,+1.280,2,+0.000,+0.000,-0.04237,+0.000,-1.059,+0.000,+0.000,+0.011,-1.049,0,+0.000,+0.000,+0.05078,+0.000,+1.269,+0.000,+0.000,+0.011,+1.280,0,+0.000,+0.000,-0.128,+0.231
DRV,70610,+0.0000,+0.0000,+0.0000,+0.0000,+0.0000,+0.0000,+0.000,+0.000,-0.00043,-0.0027,+0.0000,+0.110,2,1,+0.000,+0.000,-0.05672,+0.000,-1.418,+0.000,+0.000,+0.009,-1.409,2,+0.000,+0.000,+0.05077,+0.000,+1.269,+0.000,+0.000,+0.009,+1.278,2,+0.000,+0.000,-0.04237,+0.000,-1.059,+0.000,+0.000,+0.009,-1.050,0,+0.000,-0.003,+0.05078,-0.003,+1.269,+0.006,+0.000,+0.009,+1.284,2,-0.003,+0.000,-0.125,+0.228
DRV,70614,+0.0000,+0.0000,+0.0000,+0.0000,+0.0000,+0.0000,+0.000,+0.000,-0.00044,-0.0022,+0.0000,+0.088,2,1,+0.000,+0.000,-0.05672,+0.000,-1.418,+0.000,+0.000,+0.007,-1.411,2,+0.000,+0.002,+0.05077,+0.002,+1.269,-0.004,+0.000,+0.007,+1.273,2,+0.000,+0.000,-0.04237,+0.000,-1.059,+0.000,+0.000,+0.007,-1.052,0,+0.000,+0.000,+0.05078,+0.000,+1.269,+0.000,+0.000,+0.007,+1.276,2,+0.000,+0.002,-0.134,+0.220
DRV,70618,+0.0000,+0.0000,+0.0000,+0.0000,+0.0000,+0.0000,+0.000,+0.000,-0.00045,-0.0009,+0.0000,+0.035,2,1,+0.000,+0.000,-0.05672,+0.000,-1.418,+0.000,+0.000,+0.003,-1.415,2,+0.000,+0.000,+0.05077,+0.000,+1.269,+0.000,+0.000,+0.003,+1.272,2,+0.000,+0.000,-0.04237,+0.000,-1.059,+0.000,+0.000,+0.003,-1.056,2,+0.000,+0.000,+0.05078,+0.000,+1.269,+0.000,+0.000,+0.003,+1.272,2,+0.000,+0.000,-0.143,+0.216
DRV,70622,+0.0000,+0.0000,+0.0000,+0.0000,+0.0000,+0.0000,+0.000,+0.000,-0.00044,+0.0005,+0.0000,-0.018,2,1,+0.000,+0.002,-0.05672,+0.002,-1.418,-0.005,+0.000,-0.001,-1.424,2,+0.000,+0.006,+0.05077,+0.006,+1.269,-0.012,+0.000,-0.001,+1.255,2,+0.000,+0.000,-0.04237,+0.000,-1.059,+0.000,+0.000,-0.001,-1.061,2,+0.000,+0.000,+0.05078,+0.000,+1.269,+0.000,+0.000,-0.001,+1.268,2,+0.002,+0.006,-0.156,+0.195
DRV,70626,+0.0000,+0.0000,+0.0000,+0.0000,+0.0000,+0.0000,+0.000,+0.000,-0.00044,+0.0021,+0.0000,-0.082,2,1,+0.000,+0.003,-0.05672,+0.003,-1.418,-0.006,+0.000,-0.007,-1.430,2,+0.000,+0.000,+0.05077,+0.000,+1.269,+0.000,+0.000,-0.007,+1.263,2,+0.000,+0.000,-0.04237,+0.000,-1.059,+0.000,+0.000,-0.007,-1.066,2,+0.000,+0.000,+0.05078,+0.000,+1.269,+0.000,+0.000,-0.007,+1.263,2,+0.003,+0.000,-0.167,+0.197
DRV,70630,+0.0000,+0.0000,+0.0000,+0.0000,+0.0000,+0.0000,+0.000,+0.000,-0.00042,+0.0036,+0.0000,-0.146,2,1,+0.000,+0.002,-0.05672,+0.002,-1.418,-0.005,+0.000,-0.012,-1.434,2,+0.000,+0.000,+0.05077,+0.000,+1.269,+0.000,+0.000,-0.012,+1.258,0,+0.000,+0.001,-0.04237,+0.001,-1.059,-0.003,+0.000,-0.012,-1.074,2,+0.000,+0.000,+0.05078,+0.000,+1.269,+0.000,+0.000,-0.012,+1.258,2,+0.002,+0.001,-0.177,+0.184
DRV,70634,+0.0000,+0.0000,+0.0000,+0.0000,+0.0000,+0.0000,+0.000,+0.000,-0.00041,+0.0028,+0.0000,-0.113,2,1,+0.000,-0.002,-0.05664,-0.002,-1.416,+0.004,+0.000,-0.009,-1.421,0,+0.000,+0.000,+0.05047,+0.000,+1.262,+0.000,+0.000,-0.009,+1.253,0,+0.000,+0.000,-0.04229,+0.000,-1.057,+0.000,+0.000,-0.009,-1.066,2,+0.000,+0.000,+0.05086,+0.000,+1.271,+0.000,+0.000,-0.009,+1.262,2,-0.002,+0.000,-0.159,+0.186
DRV,70638,+0.0000,+0.0000,+0.0000,+0.0000,+0.0000,+0.0000,+0.000,+0.000,-0.00040,+0.0020,+0.0000,-0.081,2,1,+0.000,+0.000,-0.05664,+0.000,-1.416,+0.000,+0.000,-0.007,-1.422,0,+0.000,+0.000,+0.05047,+0.000,+1.262,+0.000,+0.000,-0.007,+1.255,2,+0.000,+0.000,-0.04229,+0.000,-1.057,+0.000,+0.000,-0.007,-1.064,2,+0.000,+0.003,+0.05086,+0.003,+1.271,-0.007,+0.000,-0.007,+1.258,0,+0.003,+0.000,-0.164,+0.191
DRV,70642,+0.0000,+0.0000,+0.0000,+0.0000,+0.0000,+0.0000,+0.000,+0.000,-0.00040,+0.0012,+0.0000,-0.049,2,1,+0.000,+0.000,-0.05664,+0.000,-1.416,+0.000,+0.000,-0.004,-1.420,2,+0.000,+0.000,+0.05047,+0.000,+1.262,+0.000,+0.000,-0.004,+1.258,2,+0.000,+0.000,-0.04229,+0.000,-1.057,+0.000,+0.000,-0.004,-1.061,0,+0.000,-0.004,+0.05086,-0.004,+1.271,+0.009,+0.000,-0.004,+1.276,0,-0.004,+0.000,-0.144,+0.197
DRV,70646,+0.0000,+0.0000,+0.0000,+0.0000,+0.0000,+0.0000,+0.000,+0.000,-0.00039,+0.0004,+0.0000,-0.017,2,1,+0.000,+0.000,-0.05664,+0.000,-1.416,+0.000,+0.000,-0.001,-1.417,2,+0.000,+0.000,+0.05047,+0.000,+1.262,+0.000,+0.000,-0.001,+1.260,2,+0.000,+0.000,-0.04229,+0.000,-1.057,+0.000,+0.000,-0.001,-1.059,0,+0.000,+0.000,+0.05086,+0.000,+1.271,+0.000,+0.000,-0.001,+1.270,2,+0.000,+0.000,-0.147,+0.202
DRV,70650,+0.0000,+0.0000,+0.0000,+0.0000,+0.0000,+0.0000,+0.000,+0.000,-0.00040,-0.0014,+0.0000,+0.057,2,1,+0.000,+0.000,-0.05672,+0.000,-1.418,+0.000,+0.000,+0.005,-1.413,2,+0.000,-0.002,+0.05077,-0.002,+1.269,+0.004,+0.000,+0.005,+1.278,2,+0.000,+0.000,-0.04237,+0.000,-1.059,+0.000,+0.000,+0.005,-1.055,2,+0.000,+0.000,+0.05078,+0.000,+1.269,+0.000,+0.000,+0.005,+1.274,2,+0.000,-0.002,-0.139,+0.223
DRV,70654,+0.0000,+0.0000,+0.0000,+0.0000,+0.0000,+0.0000,+0.000,+0.000,-0.00041,-0.0033,+0.0000,+0.132,2,1,+0.000,+0.000,-0.05672,+0.000,-1.418,+0.000,+0.000,+0.011,-1.407,2,+0.000,+0.000,+0.05077,+0.000,+1.269,+0.000,+0.000,+0.011,+1.280,2,+0.000,+0.000,-0.04237,+0.000,-1.059,+0.000,+0.000,+0.011,-1.049,2,+0.000,+0.000,+0.05078,+0.000,+1.269,+0.000,+0.000,+0.011,+1.280,2,+0.000,+0.000,-0.128,+0.231
DRV,70658,+0.0000,+0.0000,+0.0000,+0.0000,+0.0000,+0.0000,+0.000,+0.000,-0.00042,-0.0030,+0.0000,+0.121,2,1,+0.000,+0.000,-0.05672,+0.000,-1.418,+0.000,+0.000,+0.010,-1.408,2,+0.000,-0.001,+0.05077,-0.001,+1.269,+0.002,+0.000,+0.010,+1.281,2,+0.000,+0.000,-0.04237,+0.000,-1.059,+0.000,+0.000,+0.010,-1.050,2,+0.000,-0.007,+0.05078,-0.007,+1.269,+0.013,+0.000,+0.010,+1.292,2,-0.007,-0.001,-0.116,+0.231
DRV,70662,+0.0000,+0.0000,+0.0000,+0.0000,+0.0000,+0.0000,+0.000,+0.000,-0.00043,-0.0027,+0.0000,+0.110,2,1,+0.000,+0.000,-0.05672,+0.000,-1.418,+0.000,+0.000,+0.009,-1.409,2,+0.000,+0.000,+0.05077,+0.000,+1.269,+0.000,+0.000,+0.009,+1.278,2,+0.000,-0.002,-0.04237,-0.002,-1.059,+0.005,+0.000,+0.009,-1.046,2,+0.000,+0.000,+0.05078,+0.000,+1.269,+0.000,+0.000,+0.009,+1.278,2,+0.000,-0.002,-0.131,+0.232
DRV,70666,+0.0000,+0.0000,+0.0000,+0.0000,+0.0000,+0.0000,+0.000,+0.000,-0.00044,-0.0025,+0.0000,+0.099,2,1,+0.000,+0.000,-0.05672,+0.000,-1.418,+0.000,+0.000,+0.008,-1.410,2,+0.000,+0.000,+0.05077,+0.000,+1.269,+0.000,+0.000,+0.008,+1.277,0,+0.000,+0.000,-0.04237,+0.000,-1.059,+0.000,+0.000,+0.008,-1.051,2,+0.000,+0.000,+0.05078,+0.000,+1.269,+0.000,+0.000,+0.008,+1.277,2,+0.000,+0.000,-0.133,+0.226
DRV,70670,+0.0000,+0.0000,+0.0000,+0.0000,+0.0000,+0.0000,+0.000,+0.000,-0.00045,-0.0022,+0.0000,+0.088,2,1,+0.000,+0.000,-0.05672,+0.000,-1.418,+0.000,+0.000,+0.007,-1.411,0,+0.000,+0.000,+0.05077,+0.000,+1.269,+0.000,+0.000,+0.007,+1.276,0,+0.000,+0.000,-0.04237,+0.000,-1.059,+0.000,+0.000,+0.007,-1.052,2,+0.000,+0.000,+0.05078,+0.000,+1.269,+0.000,+0.000,+0.007,+1.276,2,+0.000,+0.000,-0.134,+0.224
DRV,70674,+0.0000,+0.0000,+0.0000,+0.0000,+0.0000,+0.0000,+0.000,+0.000,-0.00046,+0.0005,+0.0000,-0.018,2,1,+0.000,+0.003,-0.05672,+0.003,-1.418,-0.007,+0.000,-0.001,-1.426,0,+0.000,+0.000,+0.05077,+0.000,+1.269,+0.000,+0.000,-0.001,+1.268,2,+0.000,+0.000,-0.04237,+0.000,-1.059,+0.000,+0.000,-0.001,-1.061,2,+0.000,+0.000,+0.05078,+0.000,+1.269,+0.000,+0.000,-0.001,+1.268,0,+0.003,+0.000,-0.158,+0.207
DRV,70678,+0.0000,+0.0000,+0.0000,+0.0000,+0.0000,+0.0000,+0.000,+0.000,-0.00044,+0.0031,+0.0000,-0.125,2,1,+0.000,+0.000,-0.05672,+0.000,-1.418,+0.000,+0.000,-0.010,-1.428,0,+0.000,+0.000,+0.05077,+0.000,+1.269,+0.000,+0.000,-0.010,+1.259,2,+0.000,+0.000,-0.04237,+0.000,-1.059,+0.000,+0.000,-0.010,-1.069,0,+0.000,+0.000,+0.05078,+0.000,+1.269,+0.000,+0.000,-0.010,+1.259,0,+0.000,+0.000,-0.169,+0.190
DRV,70682,+0.0000,+0.0000,+0.0000,+0.0000,+0.0000,+0.0000,+0.000,+0.000,-0.00043,+0.0031,+0.0000,-0.124,2,1,+0.000,+0.000,-0.05672,+0.000,-1.418,+0.000,+0.000,-0.010,-1.428,2,+0.000,+0.000,+0.05077,+0.000,+1.269,+0.000,+0.000,-0.010,+1.259,2,+0.000,+0.000,-0.04237,+0.000,-1.059,+0.000,+0.000,-0.010,-1.069,0,+0.000,+0.000,+0.05078,+0.000,+1.269,-0.001,+0.000,-0.010,+1.258,2,+0.000,+0.000,-0.169,+0.190
DRV,70686,+0.0000,+0.0000,+0.0000,+0.0000,+0.0000,+0.0000,+0.000,+0.000,-0.00042,+0.0031,+0.0000,-0.124,2,1,+0.000,+0.000,-0.05672,+0.000,-1.418,+0.000,+0.000,-0.010,-1.428,2,+0.000,+0.000,+0.05077,+0.000,+1.269,+0.000,+0.000,-0.010,+1.259,2,+0.000,+0.000,-0.04237,+0.000,-1.059,+0.000,+0.000,-0.010,-1.069,0,+0.000,+0.006,+0.05078,+0.006,+1.269,-0.012,+0.000,-0.010,+1.247,2,+0.006,+0.000,-0.181,+0.190
DRV,70690,+0.0000,+0.0000,+0.0000,+0.0000,+0.0000,+0.0000,+0.000,+0.000,-0.00041,+0.0028,+0.0000,-0.113,2,1,+0.000,+0.000,-0.05664,+0.000,-1.416,+0.000,+0.000,-0.009,-1.425,2,+0.000,+0.000,+0.05047,+0.000,+1.262,+0.000,+0.000,-0.009,+1.253,2,+0.000,+0.005,-0.04229,+0.005,-1.057,-0.010,+0.000,-0.009,-1.076,2,+0.000,+0.000,+0.05086,+0.000,+1.271,+0.000,+0.000,-0.009,+1.262,2,+0.000,+0.005,-0.163,+0.177
DRV,70694,+0.0000,+0.0000,+0.0000,+0.0000,+0.0000,+0.0000,+0.000,+0.000,-0.00040,+0.0026,+0.0000,-0.102,2,1,+0.000,+0.000,-0.05664,+0.000,-1.416,+0.000,+0.000,-0.008,-1.424,2,+0.000,+0.000,+0.05047,+0.000,+1.262,+0.000,+0.000,-0.008,+1.253,2,+0.000,+0.000,-0.04229,+0.000,-1.057,+0.000,+0.000,-0.008,-1.065,2,+0.000,+0.000,+0.05086,+0.000,+1.271,+0.000,+0.000,-0.008,+1.263,2,+0.000,+0.000,-0.161,+0.188
DRV,70698,+0.0000,+0.0000,+0.0000,+0.0000,+0.0000,+0.0000,+0.000,+0.000,-0.00039,+0.0004,+0.0000,-0.017,2,1,+0.000,+0.000,-0.05664,+0.000,-1.416,+0.000,+0.000,-0.001,-1.417,2,+0.000,+0.000,+0.05047,+0.000,+1.262,+0.000,+0.000,-0.001,+1.260,2,+0.000,+0.000,-0.04229,+0.000,-1.057,+0.000,+0.000,-0.001,-1.059,2,+0.000,+0.000,+0.05086,+0.000,+1.271,+0.000,+0.000,-0.001,+1.270,2,+0.000,+0.000,-0.147,+0.202
DRV,70702,+0.0000,+0.0000,+0.0000,+0.0000,+0.0000,+0.0000,+0.000,+0.000,-0.00040,-0.0017,+0.0000,+0.068,2,1,+0.000,+0.000,-0.05672,+0.000,-1.418,+0.000,+0.000,+0.005,-1.413,2,+0.000,-0.001,+0.05077,-0.001,+1.269,+0.002,+0.000,+0.005,+1.277,0,+0.000,+0.000,-0.04237,+0.000,-1.059,+0.000,+0.000,+0.005,-1.054,2,+0.000,+0.000,+0.05078,+0.000,+1.269,+0.000,+0.000,+0.005,+1.275,2,+0.000,-0.001,-0.138,+0.223
DRV,70706,+0.0000,+0.0000,+0.0000,+0.0000,+0.0000,+0.0000,+0.000,+0.000,-0.00040,-0.0017,+0.0000,+0.068,2,1,+0.000,+0.000,-0.05672,+0.000,-1.418,+0.000,+0.000,+0.005,-1.413,0,+0.000,+0.000,+0.05077,+0.000,+1.269,+0.000,+0.000,+0.005,+1.275,0,+0.000,+0.000,-0.04237,+0.000,-1.059,+0.000,+0.000,+0.005,-1.054,2,+0.000,+0.000,+0.05078,+0.000,+1.269,+0.000,+0.000,+0.005,+1.275,2,+0.000,+0.000,-0.138,+0.221
DRV,70710,+0.0000,+0.0000,+0.0000,+0.0000,+0.0000,+0.0000,+0.000,+0.000,-0.00041,-0.0017,+0.0000,+0.068,2,1,+0.000,+0.000,-0.05672,+0.000,-1.418,+0.000,+0.000,+0.005,-1.413,0,+0.000,-0.003,+0.05077,-0.003,+1.269,+0.007,+0.000,+0.005,+1.281,0,+0.000,+0.000,-0.04237,+0.000,-1.059,+0.000,+0.000,+0.005,-1.054,2,+0.000,+0.000,+0.05078,+0.000,+1.269,+0.000,+0.000,+0.005,+1.275,2,+0.000,-0.003,-0.138,+0.228
DRV,70714,+0.0000,+0.0000,+0.0000,+0.0000,+0.0000,+0.0000,+0.000,+0.000,-0.00042,-0.0022,+0.0000,+0.089,2,1,+0.000,+0.000,-0.05672,+0.000,-1.418,+0.000,+0.000,+0.007,-1.411,0,+0.000,+0.000,+0.05077,+0.000,+1.269,+0.000,+0.000,+0.007,+1.276,2,+0.000,+0.000,-0.04237,+0.000,-1.059,+0.000,+0.000,+0.007,-1.052,2,+0.000,+0.000,+0.05078,+0.000,+1.269,+0.000,+0.000,+0.007,+1.277,0,+0.000,+0.000,-0.134,+0.224
DRV,70718,+0.0000,+0.0000,+0.0000,+0.0000,+0.0000,+0.0000,+0.000,+0.000,-0.00043,-0.0027,+0.0000,+0.110,2,1,+0.000,+0.000,-0.05672,+0.000,-1.418,+0.000,+0.000,+0.009,-1.409,0,+0.000,+0.005,+0.05077,+0.005,+1.269,-0.010,+0.000,+0.009,+1.268,2,+0.000,-0.002,-0.04237,-0.002,-1.059,+0.004,+0.000,+0.009,-1.047,0,+0.000,+0.000,+0.05078,+0.000,+1.269,+0.000,+0.000,+0.009,+1.278,0,+0.000,+0.003,-0.131,+0.221
DRV,70722,+0.0000,+0.0000,+0.0000,+0.0000,+0.0000,+0.0000,+0.000,+0.000,-0.00044,-0.0009,+0.0000,+0.035,2,1,+0.000,+0.000,-0.05672,+0.000,-1.418,+0.000,+0.000,+0.003,-1.415,2,+0.000,+0.000,+0.05077,+0.000,+1.269,+0.000,+0.000,+0.003,+1.272,2,+0.000,+0.000,-0.04237,+0.000,-1.059,+0.000,+0.000,+0.003,-1.056,0,+0.000,+0.000,+0.05078,+0.000,+1.269,+0.000,+0.000,+0.003,+1.272,2,+0.000,+0.000,-0.143,+0.216
DRV,70726,+0.0000,+0.0000,+0.0000,+0.0000,+0.0000,+0.0000,+0.000,+0.000,-0.00043,+0.0010,+0.0000,-0.039,2,1,+0.000,+0.000,-0.05672,+0.000,-1.418,+0.000,+0.000,-0.003,-1.421,2,+0.000,+0.000,+0.05077,+0.000,+1.269,+0.000,+0.000,-0.003,+1.266,2,+0.000,+0.000,-0.04237,+0.000,-1.059,+0.000,+0.000,-0.003,-1.062,2,+0.000,+0.000,+0.05078,+0.000,+1.269,+0.000,+0.000,-0.003,+1.266,2,+0.000,+0.000,-0.155,+0.204
DRV,70730,+0.0000,+0.0000,+0.0000,+0.0000,+0.0000,+0.0000,+0.000,+0.000,-0.00043,+0.0018,+0.0000,-0.071,2,1,+0.000,+0.000,-0.05672,+0.000,-1.418,+0.000,+0.000,-0.006,-1.424,2,+0.000,+0.000,+0.05077,+0.000,+1.269,+0.000,+0.000,-0.006,+1.264,2,+0.000,+0.000,-0.04237,+0.000,-1.059,+0.000,+0.000,-0.006,-1.065,2,+0.000,+0.000,+0.05078,+0.000,+1.269,+0.000,+0.000,-0.006,+1.264,2,+0.000,+0.000,-0.160,+0.199
DRV,70734,+0.0000,+0.0000,+0.0000,+0.0000,+0.0000,+0.0000,+0.000,+0.000,-0.00042,+0.0026,+0.0000,-0.103,2,1,+0.000,+0.000,-0.05672,+0.000,-1.418,+0.000,+0.000,-0.008,-1.426,2,+0.000,+0.000,+0.05077,+0.000,+1.269,+0.000,+0.000,-0.008,+1.261,2,+0.000,+0.000,-0.04237,+0.000,-1.059,+0.000,+0.000,-0.008,-1.067,2,+0.000,+0.000,+0.05078,+0.000,+1.269,+0.000,+0.000,-0.008,+1.261,2,+0.000,+0.000,-0.165,+0.194
DRV,70738,+0.0000,+0.0000,+0.0000,+0.0000,+0.0000,+0.0000,+0.000,+0.000,-0.00041,+0.0031,+0.0000,-0.124,2,1,+0.000,+0.000,-0.05664,+0.000,-1.416,+0.000,+0.000,-0.010,-1.426,2,+0.000,+0.000,+0.05047,+0.000,+1.262,+0.000,+0.000,-0.010,+1.252,2,+0.000,+0.000,-0.04229,+0.000,-1.057,+0.000,+0.000,-0.010,-1.067,2,+0.000,+0.002,+0.05086,+0.002,+1.271,-0.004,+0.000,-0.010,+1.258,2,+0.002,+0.000,-0.168,+0.185
DRV,70742,+0.0000,+0.0000,+0.0000,+0.0000,+0.0000,+0.0000,+0.000,+0.000,-0.00039,+0.0036,+0.0000,-0.145,2,1,+0.000,+0.004,-0.05664,+0.004,-1.416,-0.008,+0.000,-0.012,-1.435,2,+0.000,+0.000,+0.05047,+0.000,+1.262,+0.000,+0.000,-0.012,+1.250,0,+0.000,+0.001,-0.04229,+0.001,-1.057,-0.003,+0.000,-0.012,-1.072,2,+0.000,+0.000,+0.05086,+0.000,+1.271,+0.000,+0.000,-0.012,+1.260,2,+0.004,+0.001,-0.175,+0.178
DRV,70746,+0.0000,+0.0000,+0.0000,+0.0000,+0.0000,+0.0000,+0.000,+0.000,-0.00038,+0.0020,+0.0000,-0.081,2,1,+0.000,-0.002,-0.05664,-0.002,-1.416,+0.005,+0.000,-0.006,-1.418,0,+0.000,+0.000,+0.05047,+0.000,+1.262,+0.000,+0.000,-0.006,+1.255,0,+0.000,+0.000,-0.04229,+0.000,-1.057,+0.000,+0.000,-0.006,-1.064,2,+0.000,+0.000,+0.05086,+0.000,+1.271,+0.000,+0.000,-0.006,+1.265,2,-0.002,+0.000,-0.153,+0.192
DRV,70750,+0.0000,+0.0000,+0.0000,+0.0000,+0.0000,+0.0000,+0.000,+0.000,-0.00038,+0.0004,+0.0000,-0.017,2,1,+0.000,+0.000,-0.05664,+0.000,-1.416,+0.000,+0.000,-0.001,-1.417,0,+0.000,+0.000,+0.05047,+0.000,+1.262,+0.000,+0.000,-0.001,+1.260,2,+0.000,+0.000,-0.04229,+0.000,-1.057,+0.000,+0.000,-0.001,-1.059,2,+0.000,+0.000,+0.05086,+0.000,+1.271,+0.000,+0.000,-0.001,+1.270,0,+0.000,+0.000,-0.147,+0.202
DRV,70754,+0.0000,+0.0000,+0.0000,+0.0000,+0.0000,+0.0000,+0.000,+0.000,-0.00038,-0.0004,+0.0000,+0.015,2,1,+0.000,+0.000,-0.05664,+0.000,-1.416,+0.000,+0.000,+0.001,-1.415,2,+0.000,+0.000,+0.05047,+0.000,+1.262,+0.000,+0.000,+0.001,+1.263,2,+0.000,+0.000,-0.04229,+0.000,-1.057,+0.000,+0.000,+0.001,-1.056,0,+0.000,+0.000,+0.05086,+0.000,+1.271,+0.000,+0.000,+0.001,+1.273,0,+0.000,+0.000,-0.142,+0.207
DRV,70758,+0.0000,+0.0000,+0.0000,+0.0000,+0.0000,+0.0000,+0.000,+0.000,-0.00038,-0.0012,+0.0000,+0.047,2,1,+0.000,+0.000,-0.05672,+0.000,-1.418,+0.000,+0.000,+0.004,-1.414,2,+0.000,-0.001,+0.05077,-0.001,+1.269,+0.002,+0.000,+0.004,+1.275,2,+0.000,+0.000,-0.04237,+0.000,-1.059,+0.000,+0.000,+0.004,-1.055,0,+0.000,+0.000,+0.05078,+0.000,+1.269,+0.000,+0.000,+0.004,+1.273,2,+0.000,-0.001,-0.141,+0.220
DRV,70762,+0.0000,+0.0000,+0.0000,+0.0000,+0.0000,+0.0000,+0.000,+0.000,-0.00039,-0.0028,+0.0000,+0.111,2,1,+0.000,+0.000,-0.05672,+0.000,-1.418,+0.000,+0.000,+0.009,-1.409,2,+0.000,+0.000,+0.05077,+0.000,+1.269,+0.000,+0.000,+0.009,+1.278,2,+0.000,+0.000,-0.04237,+0.000,-1.059,+0.000,+0.000,+0.009,-1.050,2,+0.000,+0.000,+0.05078,+0.000,+1.269,+0.000,+0.000,+0.009,+1.278,2,+0.000,+0.000,-0.131,+0.228
DRV,70766,+0.0000,+0.0000,+0.0000,+0.0000,+0.0000,+0.0000,+0.000,+0.000,-0.00041,-0.0044,+0.0000,+0.174,2,1,+0.000,+0.000,-0.05672,+0.000,-1.418,+0.000,+0.000,+0.014,-1.404,2,+0.000,-0.000,+0.05077,-0.000,+1.269,+0.001,+0.000,+0.014,+1.284,2,+0.000,-0.001,-0.04237,-0.001,-1.059,+0.003,+0.000,+0.014,-1.042,2,+0.000,+0.000,+0.05078,+0.000,+1.269,+0.000,+0.000,+0.014,+1.283,2,+0.000,-0.002,-0.121,+0.242
DRV,70770,+0.0000,+0.0000,+0.0000,+0.0000,+0.0000,+0.0000,+0.000,+0.000,-0.00042,-0.0030,+0.0000,+0.121,2,1,+0.000,+0.000,-0.05672,+0.000,-1.418,+0.000,+0.000,+0.010,-1.408,2,+0.000,+0.000,+0.05077,+0.000,+1.269,+0.000,+0.000,+0.010,+1.279,2,+0.000,+0.000,-0.04237,+0.000,-1.059,+0.000,+0.000,+0.010,-1.050,2,+0.000,+0.000,+0.05078,+0.000,+1.269,+0.000,+0.000,+0.010,+1.279,2,+0.000,+0.000,-0.129,+0.229
DRV,70774,+0.0000,+0.0000,+0.0000,+0.0000,+0.0000,+0.0000,+0.000,+0.000,-0.00043,-0.0017,+0.0000,+0.067,2,1,+0.000,+0.000,-0.05672,+0.000,-1.418,+0.000,+0.000,+0.005,-1.413,2,+0.000,-0.001,+0.05077,-0.001,+1.269,+0.002,+0.000,+0.005,+1.277,2,+0.000,+0.000,-0.04237,+0.000,-1.059,+0.000,+0.000,+0.005,-1.054,2,+0.000,+0.000,+0.05078,+0.000,+1.269,+0.000,+0.000,+0.005,+1.275,2,+0.000,-0.001,-0.138,+0.223
DRV,70778,+0.0000,+0.0000,+0.0000,+0.0000,+0.0000,+0.0000,+0.000,+0.000,-0.00043,+0.0010,+0.0000,-0.039,2,1,+0.000,+0.000,-0.05672,+0.000,-1.418,+0.000,+0.000,-0.003,-1.421,2,+0.000,+0.000,+0.05077,+0.000,+1.269,+0.000,+0.000,-0.003,+1.266,0,+0.000,+0.000,-0.04237,+0.000,-1.059,+0.000,+0.000,-0.003,-1.062,2,+0.000,+0.002,+0.05078,+0.002,+1.269,-0.004,+0.000,-0.003,+1.262,2,+0.002,+0.000,-0.159,+0.204
DRV,70782,+0.0000,+0.0000,+0.0000,+0.0000,+0.0000,+0.0000,+0.000,+0.000,-0.00043,+0.0010,+0.0000,-0.039,2,1,+0.000,+0.000,-0.05672,+0.000,-1.418,+0.000,+0.000,-0.003,-1.421,0,+0.000,+0.000,+0.05077,+0.000,+1.269,+0.000,+0.000,-0.003,+1.266,0,+0.000,+0.000,-0.04237,+0.000,-1.059,+0.000,+0.000,-0.003,-1.062,2,+0.000,+0.000,+0.05078,+0.000,+1.269,+0.000,+0.000,-0.003,+1.266,2,+0.000,+0.000,-0.155,+0.204
DRV,70786,+0.0000,+0.0000,+0.0000,+0.0000,+0.0000,+0.0000,+0.000,+0.000,-0.00041,+0.0036,+0.0000,-0.145,2,1,+0.000,+0.005,-0.05672,+0.005,-1.418,-0.010,+0.000,-0.012,-1.439,0,+0.000,+0.000,+0.05077,+0.000,+1.269,+0.000,+0.000,-0.012,+1.258,2,+0.000,+0.000,-0.04237,+0.000,-1.059,+0.000,+0.000,-0.012,-1.071,2,+0.000,+0.000,+0.05078,+0.000,+1.269,-0.001,+0.000,-0.012,+1.257,0,+0.005,+0.000,-0.182,+0.187
DRV,70790,+0.0000,+0.0000,+0.0000,+0.0000,+0.0000,+0.0000,+0.000,+0.000,-0.00040,+0.0036,+0.0000,-0.145,2,1,+0.000,+0.000,-0.05672,+0.000,-1.418,+0.000,+0.000,-0.012,-1.430,2,+0.000,+0.000,+0.05077,+0.000,+1.269,+0.000,+0.000,-0.012,+1.258,2,+0.000,+0.000,-0.04237,+0.000,-1.059,+0.000,+0.000,-0.012,-1.071,0,+0.000,-0.001,+0.05078,-0.001,+1.269,+0.003,+0.000,-0.012,+1.261,0,-0.001,+0.000,-0.169,+0.187
DRV,70794,+0.0000,+0.0000,+0.0000,+0.0000,+0.0000,+0.0000,+0.000,+0.000,-0.00039,+0.0026,+0.0000,-0.102,2,1,+0.000,+0.000,-0.05672,+0.000,-1.418,+0.000,+0.000,-0.008,-1.426,2,+0.000,+0.000,+0.05077,+0.000,+1.269,+0.000,+0.000,-0.008,+1.261,2,+0.000,+0.000,-0.04237,+0.000,-1.059,+0.000,+0.000,-0.008,-1.067,0,+0.000,+0.000,+0.05078,+0.000,+1.269,+0.000,+0.000,-0.008,+1.261,2,+0.000,+0.000,-0.165,+0.194
DRV,70798,+0.0000,+0.0000,+0.0000,+0.0000,+0.0000,+0.0000,+0.000,+0.000,-0.00038,+0.0026,+0.0000,-0.102,2,1,+0.000,+0.000,-0.05672,+0.000,-1.418,+0.000,+0.000,-0.008,-1.426,2,+0.000,+0.000,+0.05077,+0.000,+1.269,+0.000,+0.000,-0.008,+1.261,2,+0.000,+0.000,-0.04237,+0.000,-1.059,+0.000,+0.000,-0.008,-1.067,2,+0.000,+0.000,+0.05078,+0.000,+1.269,+0.000,+0.000,-0.008,+1.261,2,+0.000,+0.000,-0.165,+0.194
DRV,70802,+0.0000,+0.0000,+0.0000,+0.0000,+0.0000,+0.0000,+0.000,+0.000,-0.00038,-0.0006,+0.0000,+0.026,2,1,+0.000,-0.004,-0.05672,-0.004,-1.418,+0.009,+0.000,+0.002,-1.407,2,+0.000,+0.000,+0.05077,+0.000,+1.269,+0.000,+0.000,+0.002,+1.271,2,+0.000,+0.000,-0.04237,+0.000,-1.059,+0.000,+0.000,+0.002,-1.057,2,+0.000,+0.000,+0.05078,+0.000,+1.269,+0.000,+0.000,+0.002,+1.271,2,-0.004,+0.000,-0.136,+0.214
DRV,70806,+0.0000,+0.0000,+0.0000,+0.0000,+0.0000,+0.0000,+0.000,+0.000,-0.00038,-0.0006,+0.0000,+0.026,2,1,+0.000,+0.000,-0.05672,+0.000,-1.418,+0.000,+0.000,+0.002,-1.416,2,+0.000,+0.000,+0.05077,+0.000,+1.269,+0.000,+0.000,+0.002,+1.271,2,+0.000,+0.000,-0.04237,+0.000,-1.059,+0.000,+0.000,+0.002,-1.057,2,+0.000,-0.004,+0.05078,-0.004,+1.269,+0.008,+0.000,+0.002,+1.279,2,-0.004,+0.000,-0.137,+0.214
DRV,70810,+0.0000,+0.0000,+0.0000,+0.0000,+0.0000,+0.0000,+0.000,+0.000,-0.00039,-0.0049,+0.0000,+0.196,2,1,+0.000,-0.002,-0.05672,-0.002,-1.418,+0.005,+0.000,+0.016,-1.398,2,+0.000,+0.000,+0.05077,+0.000,+1.269,+0.000,+0.000,+0.016,+1.285,2,+0.000,+0.000,-0.04237,+0.000,-1.059,+0.000,+0.000,+0.016,-1.043,2,+0.000,+0.000,+0.05078,+0.000,+1.269,+0.000,+0.000,+0.016,+1.285,2,-0.002,+0.000,-0.112,+0.241
DRV,70814,+0.0000,+0.0000,+0.0000,+0.0000,+0.0000,+0.0000,+0.000,+0.000,-0.00041,-0.0049,+0.0000,+0.195,2,1,+0.000,+0.000,-0.05672,+0.000,-1.418,+0.000,+0.000,+0.016,-1.402,2,+0.000,+0.000,+0.05077,+0.000,+1.269,+0.000,+0.000,+0.016,+1.285,2,+0.000,+0.000,-0.04237,+0.000,-1.059,+0.000,+0.000,+0.016,-1.044,2,+0.000,+0.000,+0.05078,+0.000,+1.269,+0.000,+0.000,+0.016,+1.285,2,+0.000,+0.000,-0.117,+0.241
DRV,70818,+0.0000,+0.0000,+0.0000,+0.0000,+0.0000,+0.0000,+0.000,+0.000,-0.00043,-0.0033,+0.0000,+0.131,2,1,+0.000,-0.000,-0.05672,-0.000,-1.418,+0.001,+0.000,+0.010,-1.407,0,+0.000,+0.000,+0.05077,+0.000,+1.269,+0.000,+0.000,+0.010,+1.280,0,+0.000,-0.001,-0.04237,-0.001,-1.059,+0.003,+0.000,+0.010,-1.046,2,+0.000,+0.000,+0.05078,+0.000,+1.269,+0.000,+0.000,+0.010,+1.280,2,-0.000,-0.001,-0.127,+0.234
DRV,70822,+0.0000,+0.0000,+0.0000,+0.0000,+0.0000,+0.0000,+0.000,+0.000,-0.00044,-0.0033,+0.0000,+0.131,2,1,+0.000,+0.000,-0.05672,+0.000,-1.418,+0.000,+0.000,+0.010,-1.407,0,+0.000,+0.000,+0.05077,+0.000,+1.269,+0.000,+0.000,+0.010,+1.280,0,+0.000,+0.000,-0.04237,+0.000,-1.059,+0.000,+0.000,+0.010,-1.049,2,+0.000,+0.000,+0.05078,+0.000,+1.269,+0.000,+0.000,+0.010,+1.280,2,+0.000,+0.000,-0.128,+0.231
DRV,70826,+0.0000,+0.0000,+0.0000,+0.0000,+0.0000,+0.0000,+0.000,+0.000,-0.00045,-0.0001,+0.0000,+0.003,2,1,+0.000,+0.000,-0.05672,+0.000,-1.418,+0.000,+0.000,+0.000,-1.418,0,+0.000,+0.000,+0.05077,+0.000,+1.269,+0.000,+0.000,+0.000,+1.270,2,+0.000,+0.000,-0.04237,+0.000,-1.059,+0.000,+0.000,+0.000,-1.059,2,+0.000,+0.000,+0.05078,+0.000,+1.269,+0.000,+0.000,+0.000,+1.270,0,+0.000,+0.000,-0.148,+0.211
DRV,70830,+0.0000,+0.0000,+0.0000,+0.0000,+0.0000,+0.0000,+0.000,+0.000,-0.00045,-0.0001,+0.0000,+0.003,2,1,+0.000,+0.001,-0.05672,+0.001,-1.418,-0.003,+0.000,+0.000,-1.421,2,+0.000,+0.000,+0.05077,+0.000,+1.269,+0.000,+0.000,+0.000,+1.270,2,+0.000,+0.000,-0.04237,+0.000,-1.059,+0.000,+0.000,+0.000,-1.059,0,+0.000,+0.000,+0.05078,+0.000,+1.269,+0.000,+0.000,+0.000,+1.270,0,+0.001,+0.000,-0.151,+0.211
DRV,70834,+0.0000,+0.0000,+0.0000,+0.0000,+0.0000,+0.0000,+0.000,+0.000,-0.00044,+0.0026,+0.0000,-0.103,2,1,+0.000,+0.000,-0.05672,+0.000,-1.418,+0.000,+0.000,-0.008,-1.426,2,+0.000,+0.002,+0.05077,+0.002,+1.269,-0.004,+0.000,-0.008,+1.257,2,+0.000,+0.000,-0.04237,+0.000,-1.059,+0.000,+0.000,-0.008,-1.067,0,+0.000,+0.000,+0.05078,+0.000,+1.269,+0.000,+0.000,-0.008,+1.261,2,+0.000,+0.002,-0.165,+0.190
DRV,70838,+0.0000,+0.0000,+0.0000,+0.0000,+0.0000,+0.0000,+0.000,+0.000,-0.00043,+0.0026,+0.0000,-0.103,2,1,+0.000,+0.000,-0.05672,+0.000,-1.418,+0.000,+0.000,-0.008,-1.426,2,+0.000,+0.000,+0.05077,+0.000,+1.269,+0.000,+0.000,-0.008,+1.261,2,+0.000,+0.000,-0.04237,+0.000,-1.059,+0.000,+0.000,-0.008,-1.067,2,+0.000,+0.000,+0.05078,+0.000,+1.269,+0.000,+0.000,-0.008,+1.261,2,+0.000,+0.000,-0.165,+0.194
DRV,70842,+0.0000,+0.0000,+0.0000,+0.0000,+0.0000,+0.0000,+0.000,+0.000,-0.00042,+0.0031,+0.0000,-0.124,2,1,+0.000,+0.000,-0.05664,+0.000,-1.416,+0.000,+0.000,-0.010,-1.426,2,+0.000,+0.000,+0.05047,+0.000,+1.262,-0.001,+0.000,-0.010,+1.251,2,+0.000,+0.000,-0.04229,+0.000,-1.057,+0.000,+0.000,-0.010,-1.067,2,+0.000,+0.000,+0.05086,+0.000,+1.271,+0.000,+0.000,-0.010,+1.261,2,+0.000,+0.000,-0.164,+0.184
DRV,70846,+0.0000,+0.0000,+0.0000,+0.0000,+0.0000,+0.0000,+0.000,+0.000,-0.00040,+0.0031,+0.0000,-0.124,2,1,+0.000,+0.000,-0.05664,+0.000,-1.416,+0.000,+0.000,-0.010,-1.426,2,+0.000,+0.000,+0.05047,+0.000,+1.262,+0.000,+0.000,-0.010,+1.252,2,+0.000,+0.000,-0.04229,+0.000,-1.057,+0.000,+0.000,-0.010,-1.067,2,+0.000,+0.000,+0.05086,+0.000,+1.271,+0.000,+0.000,-0.010,+1.261,2,+0.000,+0.000,-0.164,+0.185
DRV,70850,+0.0000,+0.0000,+0.0000,+0.0000,+0.0000,+0.0000,+0.000,+0.000,-0.00040,+0.0010,+0.0000,-0.039,2,1,+0.000,-0.000,-0.05664,-0.000,-1.416,+0.001,+0.000,-0.003,-1.418,2,+0.000,+0.000,+0.05047,+0.000,+1.262,+0.000,+0.000,-0.003,+1.259,2,+0.000,+0.000,-0.04229,+0.000,-1.057,+0.000,+0.000,-0.003,-1.060,2,+0.000,+0.000,+0.05086,+0.000,+1.271,+0.000,+0.000,-0.003,+1.268,2,-0.000,+0.000,-0.150,+0.198
DRV,70854,+0.0000,+0.0000,+0.0000,+0.0000,+0.0000,+0.0000,+0.000,+0.000,-0.00039,+0.0010,+0.0000,-0.039,2,1,+0.000,+0.000,-0.05664,+0.000,-1.416,+0.000,+0.000,-0.003,-1.419,2,+0.000,+0.000,+0.05047,+0.000,+1.262,+0.000,+0.000,-0.003,+1.259,0,+0.000,+0.000,-0.04229,+0.000,-1.057,+0.000,+0.000,-0.003,-1.060,2,+0.000,+0.000,+0.05086,+0.000,+1.271,+0.000,+0.000,-0.003,+1.268,2,+0.000,+0.000,-0.151,+0.198
DRV,70858,+0.0000,+0.0000,+0.0000,+0.0000,+0.0000,+0.0000,+0.000,+0.000,-0.00040,-0.0022,+0.0000,+0.089,2,1,+0.000,+0.000,-0.05672,+0.000,-1.418,+0.000,+0.000,+0.007,-1.411,0,+0.000,+0.000,+0.05077,+0.000,+1.269,+0.000,+0.000,+0.007,+1.276,0,+0.000,+0.000,-0.04237,+0.000,-1.059,+0.000,+0.000,+0.007,-1.052,2,+0.000,+0.000,+0.05078,+0.000,+1.269,+0.000,+0.000,+0.007,+1.277,2,+0.000,+0.000,-0.134,+0.224
DRV,70862,+0.0000,+0.0000,+0.0000,+0.0000,+0.0000,+0.0000,+0.000,+0.000,-0.00041,-0.0022,+0.0000,+0.089,2,1,+0.000,+0.000,-0.05672,+0.000,-1.418,+0.000,+0.000,+0.007,-1.411,0,+0.000,-0.000,+0.05077,-0.000,+1.269,+0.001,+0.000,+0.007,+1.277,2,+0.000,+0.000,-0.04237,+0.000,-1.059,+0.000,+0.000,+0.007,-1.052,2,+0.000,+0.000,+0.05078,+0.000,+1.269,+0.000,+0.000,+0.007,+1.277,0,+0.000,-0.000,-0.134,+0.225
DRV,70866,+0.0000,+0.0000,+0.0000,+0.0000,+0.0000,+0.0000,+0.000,+0.000,-0.00042,-0.0028,+0.0000,+0.110,2,1,+0.000,-0.001,-0.05672,-0.001,-1.418,+0.002,+0.000,+0.009,-1.407,2,+0.000,+0.000,+0.05077,+0.000,+1.269,+0.000,+0.000,+0.009,+1.278,2,+0.000,+0.000,-0.04237,+0.000,-1.059,+0.000,+0.000,+0.009,-1.050,0,+0.000,+0.000,+0.05078,+0.000,+1.269,+0.000,+0.000,+0.009,+1.278,2,-0.001,+0.000,-0.129,+0.228
DRV,70870,+0.0000,+0.0000,+0.0000,+0.0000,+0.0000,+0.0000,+0.000,+0.000,-0.00043,-0.0027,+0.0000,+0.110,2,1,+0.000,+0.000,-0.05672,+0.000,-1.418,+0.000,+0.000,+0.009,-1.409,2,+0.000,+0.000,+0.05077,+0.000,+1.269,+0.000,+0.000,+0.009,+1.278,2,+0.000,+0.000,-0.04237,+0.000,-1.059,+0.000,+0.000,+0.009,-1.050,0,+0.000,+0.000,+0.05078,+0.000,+1.269,+0.000,+0.000,+0.009,+1.278,2,+0.000,+0.000,-0.131,+0.228
DRV,70874,+0.0000,+0.0000,+0.0000,+0.0000,+0.0000,+0.0000,+0.000,+0.000,-0.00044,-0.0022,+0.0000,+0.088,2,1,+0.000,+0.000,-0.05672,+0.000,-1.418,+0.000,+0.000,+0.007,-1.411,2,+0.000,+0.000,+0.05077,+0.000,+1.269,+0.000,+0.000,+0.007,+1.276,2,+0.000,+0.000,-0.04237,+0.000,-1.059,+0.000,+0.000,+0.007,-1.052,2,+0.000,-0.002,+0.05078,-0.002,+1.269,+0.004,+0.000,+0.007,+1.280,2,-0.002,+0.000,-0.131,+0.224
DRV,70878,+0.0000,+0.0000,+0.0000,+0.0000,+0.0000,+0.0000,+0.000,+0.000,-0.00045,-0.0022,+0.0000,+0.088,2,1,+0.000,+0.000,-0.05672,+0.000,-1.418,+0.000,+0.000,+0.007,-1.411,2,+0.000,+0.000,+0.05077,+0.000,+1.269,+0.000,+0.000,+0.007,+1.276,2,+0.000,+0.000,-0.04237,+0.000,-1.059,+0.000,+0.000,+0.007,-1.052,2,+0.000,+0.002,+0.05078,+0.002,+1.269,-0.004,+0.000,+0.007,+1.273,2,+0.002,+0.000,-0.138,+0.224
DRV,70882,+0.0000,+0.0000,+0.0000,+0.0000,+0.0000,+0.0000,+0.000,+0.000,-0.00045,+0.0010,+0.0000,-0.040,2,1,+0.000,+0.000,-0.05672,+0.000,-1.418,+0.000,+0.000,-0.003,-1.421,2,+0.000,+0.000,+0.05077,+0.000,+1.269,+0.000,+0.000,-0.003,+1.266,2,+0.000,+0.000,-0.04237,+0.000,-1.059,+0.000,+0.000,-0.003,-1.062,2,+0.000,+0.000,+0.05078,+0.000,+1.269,+0.000,+0.000,-0.003,+1.266,2,+0.000,+0.000,-0.155,+0.204
DRV,70886,+0.0000,+0.0000,+0.0000,+0.0000,+0.0000,+0.0000,+0.000,+0.000,-0.00044,+0.0010,+0.0000,-0.039,2,1,+0.000,+0.000,-0.05672,+0.000,-1.418,+0.000,+0.000,-0.003,-1.421,2,+0.000,+0.000,+0.05077,+0.000,+1.269,+0.000,+0.000,-0.003,+1.266,2,+0.000,+0.000,-0.04237,+0.000,-1.059,+0.000,+0.000,-0.003,-1.062,2,+0.000,+0.000,+0.05078,+0.000,+1.269,+0.000,+0.000,-0.003,+1.266,2,+0.000,+0.000,-0.155,+0.204
DRV,70890,+0.0000,+0.0000,+0.0000,+0.0000,+0.0000,+0.0000,+0.000,+0.000,-0.00043,+0.0031,+0.0000,-0.125,2,1,+0.000,+0.001,-0.05672,+0.001,-1.418,-0.003,+0.000,-0.010,-1.431,2,+0.000,+0.000,+0.05077,+0.000,+1.269,+0.000,+0.000,-0.010,+1.259,0,+0.000,+0.000,-0.04237,+0.000,-1.059,+0.000,+0.000,-0.010,-1.069,2,+0.000,+0.000,+0.05078,+0.000,+1.269,+0.000,+0.000,-0.010,+1.259,2,+0.001,+0.000,-0.171,+0.190
DRV,70894,+0.0000,+0.0000,+0.0000,+0.0000,+0.0000,+0.0000,+0.000,+0.000,-0.00042,+0.0031,+0.0000,-0.124,2,1,+0.000,+0.000,-0.05664,+0.000,-1.416,+0.000,+0.000,-0.010,-1.426,0,+0.000,+0.003,+0.05047,+0.003,+1.262,-0.007,+0.000,-0.010,+1.245,0,+0.000,+0.000,-0.04229,+0.000,-1.057,+0.000,+0.000,-0.010,-1.067,2,+0.000,+0.000,+0.05086,+0.000,+1.271,+0.000,+0.000,-0.010,+1.261,2,+0.000,+0.003,-0.164,+0.178
DRV,70898,+0.0000,+0.0000,+0.0000,+0.0000,+0.0000,+0.0000,+0.000,+0.000,-0.00041,+0.0031,+0.0000,-0.124,2,1,+0.000,+0.000,-0.05664,+0.000,-1.416,+0.000,+0.000,-0.010,-1.426,0,+0.000,+0.000,+0.05047,+0.000,+1.262,+0.000,+0.000,-0.010,+1.252,2,+0.000,+0.000,-0.04229,+0.000,-1.057,+0.000,+0.000,-0.010,-1.067,2,+0.000,+0.000,+0.05086,+0.000,+1.271,+0.000,+0.000,-0.010,+1.261,0,+0.000,+0.000,-0.164,+0.185
DRV,70902,+0.0000,+0.0000,+0.0000,+0.0000,+0.0000,+0.0000,+0.000,+0.000,-0.00040,+0.0031,+0.0000,-0.124,2,1,+0.000,+0.000,-0.05664,+0.000,-1.416,+0.000,+0.000,-0.010,-1.426,2,+0.000,+0.000,+0.05047,+0.000,+1.262,+0.000,+0.000,-0.010,+1.252,2,+0.000,+0.000,-0.04229,+0.000,-1.057,+0.000,+0.000,-0.010,-1.067,0,+0.000,+0.000,+0.05086,+0.000,+1.271,+0.000,+0.000,-0.010,+1.261,0,+0.000,+0.000,-0.164,+0.185
DRV,70906,+0.0000,+0.0000,+0.0000,+0.0000,+0.0000,+0.0000,+0.000,+0.000,-0.00039,-0.0006,+0.0000,+0.025,2,1,+0.000,-0.002,-0.05664,-0.002,-1.416,+0.005,+0.000,+0.002,-1.409,2,+0.000,-0.002,+0.05047,-0.002,+1.262,+0.005,+0.000,+0.002,+1.268,2,+0.000,+0.000,-0.04229,+0.000,-1.057,+0.000,+0.000,+0.002,-1.055,0,+0.000,+0.000,+0.05086,+0.000,+1.271,+0.000,+0.000,+0.002,+1.273,2,-0.002,-0.002,-0.136,+0.213
DRV,70910,+0.0000,+0.0000,+0.0000,+0.0000,+0.0000,+0.0000,+0.000,+0.000,-0.00040,-0.0006,+0.0000,+0.025,2,1,+0.000,+0.000,-0.05672,+0.000,-1.418,+0.000,+0.000,+0.002,-1.416,2,+0.000,-0.003,+0.05077,-0.003,+1.269,+0.007,+0.000,+0.002,+1.278,2,+0.000,+0.000,-0.04237,+0.000,-1.059,+0.000,+0.000,+0.002,-1.057,2,+0.000,-0.003,+0.05078,-0.003,+1.269,+0.006,+0.000,+0.002,+1.277,2,-0.003,-0.003,-0.139,+0.221
DRV,70914,+0.0000,+0.0000,+0.0000,+0.0000,+0.0000,+0.0000,+0.000,+0.000,-0.00041,-0.0044,+0.0000,+0.174,2,1,+0.000,-0.004,-0.05672,-0.004,-1.418,+0.008,+0.000,+0.014,-1.396,2,+0.000,+0.000,+0.05077,+0.000,+1.269,+0.000,+0.000,+0.014,+1.283,2,+0.000,-0.006,-0.04237,-0.006,-1.059,+0.012,+0.000,+0.014,-1.033,2,+0.000,+0.000,+0.05078,+0.000,+1.269,+0.000,+0.000,+0.014,+1.283,2,-0.004,-0.006,-0.113,+0.250
DRV,70918,+0.0000,+0.0000,+0.0000,+0.0000,+0.0000,+0.0000,+0.000,+0.000,-0.00043,-0.0043,+0.0000,+0.174,2,1,+0.000,+0.000,-0.05672,+0.000,-1.418,+0.000,+0.000,+0.014,-1.404,2,+0.000,+0.000,+0.05077,+0.000,+1.269,+0.000,+0.000,+0.014,+1.283,2,+0.000,+0.000,-0.04237,+0.000,-1.059,+0.000,+0.000,+0.014,-1.045,2,+0.000,+0.000,+0.05078,+0.000,+1.269,+0.000,+0.000,+0.014,+1.283,2,+0.000,+0.000,-0.121,+0.238
DRV,70922,+0.0000,+0.0000,+0.0000,+0.0000,+0.0000,+0.0000,+0.000,+0.000,-0.00044,-0.0027,+0.0000,+0.110,2,1,+0.000,+0.000,-0.05672,+0.000,-1.418,+0.000,+0.000,+0.009,-1.409,2,+0.000,+0.000,+0.05077,+0.000,+1.269,+0.000,+0.000,+0.009,+1.278,2,+0.000,+0.000,-0.04237,+0.000,-1.059,+0.000,+0.000,+0.009,-1.050,2,+0.000,+0.000,+0.05078,+0.000,+1.269,+0.000,+0.000,+0.009,+1.278,2,+0.000,+0.000,-0.131,+0.228
DRV,70926,+0.0000,+0.0000,+0.0000,+0.0000,+0.0000,+0.0000,+0.000,+0.000,-0.00045,-0.0027,+0.0000,+0.109,2,1,+0.000,+0.000,-0.05672,+0.000,-1.418,+0.000,+0.000,+0.009,-1.409,2,+0.000,+0.000,+0.05077,+0.000,+1.269,+0.000,+0.000,+0.009,+1.278,0,+0.000,+0.000,-0.04237,+0.000,-1.059,+0.000,+0.000,+0.009,-1.050,2,+0.000,+0.000,+0.05078,+0.000,+1.269,+0.000,+0.000,+0.009,+1.278,2,+0.000,+0.000,-0.131,+0.228
DRV,70930,+0.0000,+0.0000,+0.0000,+0.0000,+0.0000,+0.0000,+0.000,+0.000,-0.00045,-0.0001,+0.0000,+0.003,2,1,+0.000,+0.000,-0.05672,+0.000,-1.418,+0.000,+0.000,+0.000,-1.418,0,+0.000,+0.002,+0.05077,+0.002,+1.269,-0.004,+0.000,+0.000,+1.266,0,+0.000,+0.000,-0.04237,+0.000,-1.059,+0.000,+0.000,+0.000,-1.059,2,+0.000,+0.000,+0.05078,+0.000,+1.269,+0.000,+0.000,+0.000,+1.270,2,+0.000,+0.002,-0.148,+0.207
DRV,70934,+0.0000,+0.0000,+0.0000,+0.0000,+0.0000,+0.0000,+0.000,+0.000,-0.00045,-0.0001,+0.0000,+0.003,2,1,+0.000,+0.000,-0.05672,+0.000,-1.418,+0.000,+0.000,+0.000,-1.418,0,+0.000,+0.000,+0.05077,+0.000,+1.269,+0.000,+0.000,+0.000,+1.270,2,+0.000,+0.000,-0.04237,+0.000,-1.059,+0.000,+0.000,+0.000,-1.059,2,+0.000,+0.000,+0.05078,+0.000,+1.269,+0.000,+0.000,+0.000,+1.270,0,+0.000,+0.000,-0.148,+0.211
DRV,70938,+0.0000,+0.0000,+0.0000,+0.0000,+0.0000,+0.0000,+0.000,+0.000,-0.00044,+0.0042,+0.0000,-0.167,2,1,+0.000,+0.009,-0.05672,+0.009,-1.418,-0.018,+0.000,-0.013,-1.449,0,+0.000,+0.000,+0.05077,+0.000,+1.269,+0.000,+0.000,-0.013,+1.256,2,+0.000,+0.001,-0.04237,+0.001,-1.059,-0.002,+0.000,-0.013,-1.074,2,+0.000,+0.000,+0.05078,+0.000,+1.269,+0.000,+0.000,-0.013,+1.256,0,+0.009,+0.001,-0.193,+0.181
DRV,70942,+0.0000,+0.0000,+0.0000,+0.0000,+0.0000,+0.0000,+0.000,+0.000,-0.00043,+0.0042,+0.0000,-0.167,2,1,+0.000,+0.000,-0.05664,+0.000,-1.416,+0.000,+0.000,-0.013,-1.429,2,+0.000,+0.006,+0.05047,+0.006,+1.262,-0.012,+0.000,-0.013,+1.236,2,+0.000,+0.000,-0.04229,+0.000,-1.057,+0.000,+0.000,-0.013,-1.071,0,+0.000,+0.004,+0.05086,+0.004,+1.271,-0.009,+0.000,-0.013,+1.249,0,+0.004,+0.006,-0.180,+0.165
DRV,70946,+0.0000,+0.0000,+0.0000,+0.0000,+0.0000,+0.0000,+0.000,+0.000,-0.00041,+0.0031,+0.0000,-0.124,2,1,+0.000,+0.000,-0.05664,+0.000,-1.416,+0.000,+0.000,-0.010,-1.426,2,+0.000,+0.000,+0.05047,+0.000,+1.262,+0.000,+0.000,-0.010,+1.252,2,+0.000,+0.000,-0.04229,+0.000,-1.057,+0.000,+0.000,-0.010,-1.067,0,+0.000,+0.000,+0.05086,+0.000,+1.271,+0.000,+0.000,-0.010,+1.261,2,+0.000,+0.000,-0.164,+0.185
DRV,70950,+0.0000,+0.0000,+0.0000,+0.0000,+0.0000,+0.0000,+0.000,+0.000,-0.00040,+0.0031,+0.0000,-0.124,2,1,+0.000,+0.002,-0.05664,+0.002,-1.416,-0.005,+0.000,-0.010,-1.431,2,+0.000,+0.000,+0.05047,+0.000,+1.262,+0.000,+0.000,-0.010,+1.252,2,+0.000,+0.000,-0.04229,+0.000,-1.057,+0.000,+0.000,-0.010,-1.067,2,+0.000,+0.003,+0.05086,+0.003,+1.271,-0.007,+0.000,-0.010,+1.255,2,+0.006,+0.000,-0.176,+0.185
DRV,70954,+0.0000,+0.0000,+0.0000,+0.0000,+0.0000,+0.0000,+0.000,+0.000,-0.00040,-0.0001,+0.0000,+0.004,2,1,+0.000,-0.006,-0.05664,-0.006,-1.416,+0.011,+0.000,+0.000,-1.404,2,+0.000,+0.000,+0.05047,+0.000,+1.262,+0.000,+0.000,+0.000,+1.262,2,+0.000,+0.000,-0.04229,+0.000,-1.057,+0.000,+0.000,+0.000,-1.057,2,+0.000,+0.000,+0.05086,+0.000,+1.271,+0.000,+0.000,+0.000,+1.272,2,-0.006,+0.000,-0.133,+0.205
DRV,70958,+0.0000,+0.0000,+0.0000,+0.0000,+0.0000,+0.0000,+0.000,+0.000,-0.00040,-0.0001,+0.0000,+0.004,2,1,+0.000,+0.000,-0.05672,+0.000,-1.418,+0.000,+0.000,+0.000,-1.418,2,+0.000,-0.005,+0.05077,-0.005,+1.269,+0.010,+0.000,+0.000,+1.279,2,+0.000,+0.000,-0.04237,+0.000,-1.059,+0.000,+0.000,+0.000,-1.059,2,+0.000,+0.000,+0.05078,+0.000,+1.269,+0.000,+0.000,+0.000,+1.270,2,+0.000,-0.005,-0.148,+0.220
DRV,70962,+0.0000,+0.0000,+0.0000,+0.0000,+0.0000,+0.0000,+0.000,+0.000,-0.00041,-0.0033,+0.0000,+0.132,2,1,+0.000,-0.003,-0.05672,-0.003,-1.418,+0.006,+0.000,+0.011,-1.402,2,+0.000,-0.001,+0.05077,-0.001,+1.269,+0.002,+0.000,+0.011,+1.282,0,+0.000,+0.000,-0.04237,+0.000,-1.059,+0.000,+0.000,+0.011,-1.049,2,+0.000,-0.006,+0.05078,-0.006,+1.269,+0.011,+0.000,+0.011,+1.291,2,-0.009,-0.001,-0.110,+0.233
DRV,70966,+0.0000,+0.0000,+0.0000,+0.0000,+0.0000,+0.0000,+0.000,+0.000,-0.00042,-0.0033,+0.0000,+0.131,2,1,+0.000,-0.002,-0.05672,-0.002,-1.418,+0.005,+0.000,+0.011,-1.403,2,+0.000,+0.001,+0.05077,+0.001,+1.269,-0.002,+0.000,+0.011,+1.278,0,+0.000,+0.000,-0.04237,+0.000,-1.059,+0.000,+0.000,+0.011,-1.049,2,+0.000,+0.000,+0.05078,+0.000,+1.269,+0.000,+0.000,+0.011,+1.280,2,-0.002,+0.001,-0.123,+0.229
DRV,70970,+0.0000,+0.0000,+0.0000,+0.0000,+0.0000,+0.0000,+0.000,+0.000,-0.00044,-0.0038,+0.0000,+0.152,2,1,+0.000,+0.000,-0.05672,+0.000,-1.418,+0.000,+0.000,+0.012,-1.406,0,+0.000,-0.009,+0.05077,-0.009,+1.269,+0.017,+0.000,+0.012,+1.299,0,+0.000,+0.000,-0.04237,+0.000,-1.059,+0.000,+0.000,+0.012,-1.047,2,+0.000,-0.003,+0.05078,-0.003,+1.269,+0.007,+0.000,+0.012,+1.288,0,-0.003,-0.009,-0.118,+0.252
DRV,70974,+0.0000,+0.0000,+0.0000,+0.0000,+0.0000,+0.0000,+0.000,+0.000,-0.00045,-0.0038,+0.0000,+0.152,2,1,+0.000,+0.000,-0.05672,+0.000,-1.418,+0.000,+0.000,+0.012,-1.406,0,+0.000,+0.000,+0.05077,+0.000,+1.269,+0.000,+0.000,+0.012,+1.281,2,+0.000,+0.000,-0.04237,+0.000,-1.059,+0.000,+0.000,+0.012,-1.047,2,+0.000,+0.000,+0.05078,+0.000,+1.269,+0.000,+0.000,+0.012,+1.282,0,+0.000,+0.000,-0.124,+0.234
DRV,70978,+0.0000,+0.0000,+0.0000,+0.0000,+0.0000,+0.0000,+0.000,+0.000,-0.00046,-0.0017,+0.0000,+0.067,2,1,+0.000,+0.000,-0.05672,+0.000,-1.418,+0.000,+0.000,+0.005,-1.413,2,+0.000,+0.000,+0.05077,+0.000,+1.269,+0.000,+0.000,+0.005,+1.275,2,+0.000,+0.000,-0.04237,+0.000,-1.059,+0.000,+0.000,+0.005,-1.054,0,+0.000,+0.000,+0.05078,+0.000,+1.269,+0.000,+0.000,+0.005,+1.275,0,+0.000,+0.000,-0.138,+0.221
DRV,70982,+0.0000,+0.0000,+0.0000,+0.0000,+0.0000,+0.0000,+0.000,+0.000,-0.00047,-0.0017,+0.0000,+0.067,2,1,+0.000,+0.000,-0.05672,+0.000,-1.418,+0.000,+0.000,+0.005,-1.413,2,+0.000,+0.000,+0.05077,+0.000,+1.269,+0.000,+0.000,+0.005,+1.275,2,+0.000,+0.000,-0.04237,+0.000,-1.059,+0.000,+0.000,+0.005,-1.054,0,+0.000,+0.000,+0.05078,+0.000,+1.269,+0.000,+0.000,+0.005,+1.275,2,+0.000,+0.000,-0.138,+0.221
DRV,70986,+0.0000,+0.0000,+0.0000,+0.0000,+0.0000,+0.0000,+0.000,+0.000,-0.00046,+0.0010,+0.0000,-0.040,2,1,+0.000,+0.008,-0.05672,+0.008,-1.418,-0.016,+0.000,-0.003,-1.437,2,+0.000,+0.000,+0.05077,+0.000,+1.269,+0.000,+0.000,-0.003,+1.266,2,+0.000,+0.000,-0.04237,+0.000,-1.059,+0.000,+0.000,-0.003,-1.062,2,+0.000,+0.001,+0.05078,+0.001,+1.269,-0.002,+0.000,-0.003,+1.264,2,+0.009,+0.000,-0.173,+0.204
DRV,70990,+0.0000,+0.0000,+0.0000,+0.0000,+0.0000,+0.0000,+0.000,+0.000,-0.00046,+0.0026,+0.0000,-0.104,2,1,+0.000,+0.000,-0.05672,+0.000,-1.418,+0.000,+0.000,-0.008,-1.426,2,+0.000,+0.000,+0.05077,+0.000,+1.269,+0.000,+0.000,-0.008,+1.261,2,+0.000,+0.000,-0.04237,+0.000,-1.059,+0.000,+0.000,-0.008,-1.067,2,+0.000,+0.000,+0.05078,+0.000,+1.269,+0.000,+0.000,-0.008,+1.261,2,+0.000,+0.000,-0.165,+0.194
DRV,70994,+0.0000,+0.0000,+0.0000,+0.0000,+0.0000,+0.0000,+0.000,+0.000,-0.00044,+0.0042,+0.0000,-0.167,2,1,+0.000,+0.000,-0.05672,+0.000,-1.418,+0.000,+0.000,-0.013,-1.431,2,+0.000,+0.000,+0.05077,+0.000,+1.269,+0.000,+0.000,-0.013,+1.256,2,+0.000,+0.000,-0.04237,+0.000,-1.059,+0.000,+0.000,-0.013,-1.073,2,+0.000,+0.000,+0.05078,+0.000,+1.269,+0.000,+0.000,-0.013,+1.256,2,+0.000,+0.000,-0.175,+0.183
DRV,70998,+0.0000,+0.0000,+0.0000,+0.0000,+0.0000,+0.0000,+0.000,+0.000,-0.00043,+0.0034,+0.0000,-0.135,2,1,+0.000,+0.000,-0.05672,+0.000,-1.418,+0.000,+0.000,-0.011,-1.429,2,+0.000,+0.002,+0.05077,+0.002,+1.269,-0.005,+0.000,-0.011,+1.254,2,+0.000,+0.000,-0.04237,+0.000,-1.059,+0.000,+0.000,-0.011,-1.070,2,+0.000,+0.000,+0.05078,+0.000,+1.269,+0.000,+0.000,-0.011,+1.259,2,+0.000,+0.002,-0.170,+0.184
DRV,71002,+0.0000,+0.0000,+0.0000,+0.0000,+0.0000,+0.0000,+0.000,+0.000,-0.00042,+0.0026,+0.0000,-0.103,2,1,+0.000,+0.000,-0.05672,+0.000,-1.418,+0.000,+0.000,-0.008,-1.426,2,+0.000,+0.000,+0.05077,+0.000,+1.269,+0.000,+0.000,-0.008,+1.261,0,+0.000,+0.000,-0.04237,+0.000,-1.059,+0.000,+0.000,-0.008,-1.067,2,+0.000,+0.000,+0.05078,+0.000,+1.269,+0.000,+0.000,-0.008,+1.261,2,+0.000,+0.000,-0.165,+0.194
DRV,71006,+0.0000,+0.0000,+0.0000,+0.0000,+0.0000,+0.0000,+0.000,+0.000,-0.00041,+0.0007,+0.0000,-0.028,2,1,+0.000,+0.000,-0.05672,+0.000,-1.418,+0.000,+0.000,-0.002,-1.420,0,+0.000,+0.000,+0.05077,+0.000,+1.269,+0.000,+0.000,-0.002,+1.267,0,+0.000,+0.000,-0.04237,+0.000,-1.059,+0.000,+0.000,-0.002,-1.061,2,+0.000,+0.000,+0.05078,+0.000,+1.269,+0.000,+0.000,-0.002,+1.267,2,+0.000,+0.000,-0.153,+0.206
DRV,71010,+0.0000,+0.0000,+0.0000,+0.0000,+0.0000,+0.0000,+0.000,+0.000,-0.00041,-0.0012,+0.0000,+0.046,2,1,+0.000,-0.001,-0.05672,-0.001,-1.418,+0.002,+0.000,+0.004,-1.412,0,+0.000,+0.000,+0.05077,+0.000,+1.269,+0.000,+0.000,+0.004,+1.273,2,+0.000,+0.000,-0.04237,+0.000,-1.059,+0.000,+0.000,+0.004,-1.055,2,+0.000,+0.000,+0.05078,+0.000,+1.269,+0.000,+0.000,+0.004,+1.273,0,-0.001,+0.000,-0.139,+0.218
DRV,71014,+0.0000,+0.0000,+0.0000,+0.0000,+0.0000,+0.0000,+0.000,+0.000,-0.00042,-0.0022,+0.0000,+0.089,2,1,+0.000,-0.002,-0.05672,-0.002,-1.418,+0.004,+0.000,+0.007,-1.407,2,+0.000,+0.000,+0.05077,+0.000,+1.269,+0.000,+0.000,+0.007,+1.276,2,+0.000,+0.000,-0.04237,+0.000,-1.059,+0.000,+0.000,+0.007,-1.052,0,+0.000,+0.000,+0.05078,+0.000,+1.269,+0.000,+0.000,+0.007,+1.277,0,-0.002,+0.000,-0.131,+0.224
DRV,71018,+0.0000,+0.0000,+0.0000,+0.0000,+0.0000,+0.0000,+0.000,+0.000,-0.00043,-0.0033,+0.0000,+0.131,2,1,+0.000,+0.000,-0.05672,+0.000,-1.418,+0.000,+0.000,+0.010,-1.407,2,+0.000,-0.006,+0.05077,-0.006,+1.269,+0.011,+0.000,+0.010,+1.291,2,+0.000,+0.000,-0.04237,+0.000,-1.059,+0.000,+0.000,+0.010,-1.049,0,+0.000,+0.000,+0.05078,+0.000,+1.269,+0.000,+0.000,+0.010,+1.280,2,+0.000,-0.006,-0.128,+0.243
DRV,71022,+0.0000,+0.0000,+0.0000,+0.0000,+0.0000,+0.0000,+0.000,+0.000,-0.00045,-0.0030,+0.0000,+0.120,2,1,+0.000,+0.000,-0.05672,+0.000,-1.418,+0.000,+0.000,+0.010,-1.408,2,+0.000,-0.000,+0.05077,-0.000,+1.269,+0.001,+0.000,+0.010,+1.280,2,+0.000,+0.000,-0.04237,+0.000,-1.059,+0.000,+0.000,+0.010,-1.050,2,+0.000,+0.000,+0.05078,+0.000,+1.269,+0.000,+0.000,+0.010,+1.279,2,+0.000,-0.000,-0.129,+0.230
DRV,71026,+0.0000,+0.0000,+0.0000,+0.0000,+0.0000,+0.0000,+0.000,+0.000,-0.00046,-0.0027,+0.0000,+0.109,2,1,+0.000,+0.000,-0.05672,+0.000,-1.418,+0.000,+0.000,+0.009,-1.409,2,+0.000,+0.000,+0.05077,+0.000,+1.269,+0.000,+0.000,+0.009,+1.278,2,+0.000,-0.000,-0.04237,-0.000,-1.059,+0.001,+0.000,+0.009,-1.049,2,+0.000,+0.000,+0.05078,+0.000,+1.269,+0.000,+0.000,+0.009,+1.278,2,+0.000,-0.000,-0.131,+0.229
DRV,71030,+0.0000,+0.0000,+0.0000,+0.0000,+0.0000,+0.0000,+0.000,+0.000,-0.00046,-0.0014,+0.0000,+0.056,2,1,+0.000,-0.002,-0.05672,-0.002,-1.418,+0.004,+0.000,+0.004,-1.410,2,+0.000,+0.000,+0.05077,+0.000,+1.269,+0.000,+0.000,+0.004,+1.274,2,+0.000,+0.000,-0.04237,+0.000,-1.059,+0.000,+0.000,+0.004,-1.055,2,+0.000,+0.000,+0.05078,+0.000,+1.269,+0.000,+0.000,+0.004,+1.274,2,-0.002,+0.000,-0.136,+0.219
DRV,71034,+0.0000,+0.0000,+0.0000,+0.0000,+0.0000,+0.0000,+0.000,+0.000,-0.00047,-0.0001,+0.0000,+0.003,2,1,+0.000,+0.000,-0.05672,+0.000,-1.418,+0.000,+0.000,+0.000,-1.418,2,+0.000,+0.000,+0.05077,+0.000,+1.269,+0.000,+0.000,+0.000,+1.269,2,+0.000,+0.000,-0.04237,+0.000,-1.059,+0.000,+0.000,+0.000,-1.059,2,+0.000,+0.000,+0.05078,+0.000,+1.269,+0.000,+0.000,+0.000,+1.270,2,+0.000,+0.000,-0.148,+0.211
DRV,71038,+0.0000,+0.0000,+0.0000,+0.0000,+0.0000,+0.0000,+0.000,+0.000,-0.00046,+0.0007,+0.0000,-0.029,2,1,+0.000,+0.003,-0.05672,+0.003,-1.418,-0.006,+0.000,-0.002,-1.426,2,+0.000,+0.000,+0.05077,+0.000,+1.269,+0.000,+0.000,-0.002,+1.267,0,+0.000,+0.000,-0.04237,+0.000,-1.059,+0.000,+0.000,-0.002,-1.062,2,+0.000,+0.003,+0.05078,+0.003,+1.269,-0.006,+0.000,-0.002,+1.261,2,+0.006,+0.000,-0.165,+0.205
DRV,71042,+0.0000,+0.0000,+0.0000,+0.0000,+0.0000,+0.0000,+0.000,+0.000,-0.00046,+0.0015,+0.0000,-0.061,2,1,+0.000,+0.000,-0.05672,+0.000,-1.418,+0.000,+0.000,-0.005,-1.423,0,+0.000,+0.004,+0.05077,+0.004,+1.269,-0.008,+0.000,-0.005,+1.257,0,+0.000,+0.000,-0.04237,+0.000,-1.059,+0.000,+0.000,-0.005,-1.064,2,+0.000,+0.000,+0.05078,+0.000,+1.269,+0.000,+0.000,-0.005,+1.265,2,+0.000,+0.004,-0.158,+0.193
DRV,71046,+0.0000,+0.0000,+0.0000,+0.0000,+0.0000,+0.0000,+0.000,+0.000,-0.00045,+0.0029,+0.0000,-0.114,2,1,+0.000,+0.000,-0.05672,+0.000,-1.418,+0.000,+0.000,-0.009,-1.427,0,+0.000,+0.000,+0.05077,+0.000,+1.269,+0.000,+0.000,-0.009,+1.260,2,+0.000,+0.000,-0.04237,+0.000,-1.059,+0.000,+0.000,-0.009,-1.068,2,+0.000,+0.004,+0.05078,+0.004,+1.269,-0.008,+0.000,-0.009,+1.253,0,+0.004,+0.000,-0.174,+0.192
DRV,71050,+0.0000,+0.0000,+0.0000,+0.0000,+0.0000,+0.0000,+0.000,+0.000,-0.00043,+0.0042,+0.0000,-0.167,2,1,+0.000,+0.000,-0.05672,+0.000,-1.418,+0.000,+0.000,-0.013,-1.431,0,+0.000,+0.004,+0.05077,+0.004,+1.269,-0.008,+0.000,-0.013,+1.248,2,+0.000,+0.000,-0.04237,+0.000,-1.059,+0.000,+0.000,-0.013,-1.073,0,+0.000,+0.000,+0.05078,+0.000,+1.269,+0.000,+0.000,-0.013,+1.256,0,+0.000,+0.004,-0.175,+0.176
DRV,71054,+0.0000,+0.0000,+0.0000,+0.0000,+0.0000,+0.0000,+0.000,+0.000,-0.00042,+0.0023,+0.0000,-0.092,2,1,+0.000,+0.000,-0.05672,+0.000,-1.418,+0.000,+0.000,-0.007,-1.425,2,+0.000,+0.000,+0.05077,+0.000,+1.269,+0.000,+0.000,-0.007,+1.262,2,+0.000,+0.000,-0.04237,+0.000,-1.059,+0.000,+0.000,-0.007,-1.067,0,+0.000,+0.000,+0.05078,+0.000,+1.269,+0.000,+0.000,-0.007,+1.262,2,+0.000,+0.000,-0.163,+0.195
DRV,71058,+0.0000,+0.0000,+0.0000,+0.0000,+0.0000,+0.0000,+0.000,+0.000,-0.00042,+0.0004,+0.0000,-0.018,2,1,+0.000,+0.000,-0.05672,+0.000,-1.418,+0.000,+0.000,-0.001,-1.419,2,+0.000,+0.000,+0.05077,+0.000,+1.269,+0.000,+0.000,-0.001,+1.268,2,+0.000,+0.000,-0.04237,+0.000,-1.059,+0.000,+0.000,-0.001,-1.061,2,+0.000,+0.000,+0.05078,+0.000,+1.269,+0.000,+0.000,-0.001,+1.268,2,+0.000,+0.000,-0.151,+0.207
DRV,71062,+0.0000,+0.0000,+0.0000,+0.0000,+0.0000,+0.0000,+0.000,+0.000,-0.00042,-0.0004,+0.0000,+0.014,2,1,+0.000,+0.000,-0.05672,+0.000,-1.418,+0.000,+0.000,+0.001,-1.417,2,+0.000,+0.000,+0.05077,+0.000,+1.269,+0.000,+0.000,+0.001,+1.270,2,+0.000,+0.000,-0.04237,+0.000,-1.059,+0.000,+0.000,+0.001,-1.058,2,+0.000,+0.000,+0.05078,+0.000,+1.269,+0.000,+0.000,+0.001,+1.271,2,+0.000,+0.000,-0.146,+0.212
DRV,71066,+0.0000,+0.0000,+0.0000,+0.0000,+0.0000,+0.0000,+0.000,+0.000,-0.00042,-0.0012,+0.0000,+0.046,2,1,+0.000,+0.000,-0.05672,+0.000,-1.418,+0.000,+0.000,+0.004,-1.414,2,+0.000,+0.000,+0.05077,+0.000,+1.269,+0.000,+0.000,+0.004,+1.273,2,+0.000,+0.000,-0.04237,+0.000,-1.059,+0.000,+0.000,+0.004,-1.055,2,+0.000,-0.003,+0.05078,-0.003,+1.269,+0.006,+0.000,+0.004,+1.279,2,-0.003,+0.000,-0.135,+0.217
DRV,71070,+0.0000,+0.0000,+0.0000,+0.0000,+0.0000,+0.0000,+0.000,+0.000,-0.00043,-0.0019,+0.0000,+0.078,2,1,+0.000,+0.000,-0.05672,+0.000,-1.418,+0.000,+0.000,+0.006,-1.412,2,+0.000,+0.000,+0.05077,+0.000,+1.269,+0.000,+0.000,+0.006,+1.276,2,+0.000,+0.000,-0.04237,+0.000,-1.059,+0.000,+0.000,+0.006,-1.053,2,+0.000,+0.000,+0.05078,+0.000,+1.269,+0.000,+0.000,+0.006,+1.276,2,+0.000,+0.000,-0.136,+0.223
DRV,71074,+0.0000,+0.0000,+0.0000,+0.0000,+0.0000,+0.0000,+0.000,+0.000,-0.00044,-0.0027,+0.0000,+0.110,2,1,+0.000,+0.000,-0.05672,+0.000,-1.418,+0.000,+0.000,+0.009,-1.409,2,+0.000,+0.000,+0.05077,+0.000,+1.269,+0.000,+0.000,+0.009,+1.278,0,+0.000,+0.000,-0.04237,+0.000,-1.059,+0.000,+0.000,+0.009,-1.050,2,+0.000,+0.000,+0.05078,+0.000,+1.269,+0.000,+0.000,+0.009,+1.278,2,+0.000,+0.000,-0.131,+0.228
DRV,71078,+0.0000,+0.0000,+0.0000,+0.0000,+0.0000,+0.0000,+0.000,+0.000,-0.00045,-0.0019,+0.0000,+0.078,2,1,+0.000,+0.000,-0.05672,+0.000,-1.418,+0.000,+0.000,+0.006,-1.412,2,+0.000,+0.000,+0.05077,+0.000,+1.269,+0.000,+0.000,+0.006,+1.275,0,+0.000,+0.000,-0.04237,+0.000,-1.059,+0.000,+0.000,+0.006,-1.053,2,+0.000,+0.000,+0.05078,+0.000,+1.269,+0.000,+0.000,+0.006,+1.276,2,+0.000,+0.000,-0.136,+0.223
DRV,71082,+0.0000,+0.0000,+0.0000,+0.0000,+0.0000,+0.0000,+0.000,+0.000,-0.00045,-0.0011,+0.0000,+0.046,2,1,+0.000,+0.000,-0.05672,+0.000,-1.418,+0.000,+0.000,+0.004,-1.414,0,+0.000,+0.000,+0.05077,+0.000,+1.269,+0.000,+0.000,+0.004,+1.273,0,+0.000,+0.000,-0.04237,+0.000,-1.059,+0.000,+0.000,+0.004,-1.056,2,+0.000,+0.000,+0.05078,+0.000,+1.269,+0.000,+0.000,+0.004,+1.273,2,+0.000,+0.000,-0.141,+0.217
DRV,71086,+0.0000,+0.0000,+0.0000,+0.0000,+0.0000,+0.0000,+0.000,+0.000,-0.00045,+0.0007,+0.0000,-0.029,2,1,+0.000,+0.000,-0.05672,+0.000,-1.418,+0.000,+0.000,-0.002,-1.420,0,+0.000,+0.000,+0.05077,+0.000,+1.269,+0.000,+0.000,-0.002,+1.267,2,+0.000,+0.000,-0.04237,+0.000,-1.059,+0.000,+0.000,-0.002,-1.061,2,+0.000,+0.000,+0.05078,+0.000,+1.269,+0.000,+0.000,-0.002,+1.267,0,+0.000,+0.000,-0.153,+0.205
DRV,71090,+0.0000,+0.0000,+0.0000,+0.0000,+0.0000,+0.0000,+0.000,+0.000,-0.00044,+0.0026,+0.0000,-0.103,2,1,+0.000,+0.000,-0.05672,+0.000,-1.418,+0.000,+0.000,-0.008,-1.426,2,+0.000,+0.000,+0.05077,+0.000,+1.269,+0.000,+0.000,-0.008,+1.261,2,+0.000,+0.000,-0.04237,+0.000,-1.059,+0.000,+0.000,-0.008,-1.067,0,+0.000,+0.000,+0.05078,+0.000,+1.269,-0.001,+0.000,-0.008,+1.260,0,+0.000,+0.000,-0.166,+0.194
DRV,71094,+0.0000,+0.0000,+0.0000,+0.0000,+0.0000,+0.0000,+0.000,+0.000,-0.00043,+0.0028,+0.0000,-0.114,2,1,+0.000,+0.000,-0.05672,+0.000,-1.418,+0.000,+0.000,-0.009,-1.427,2,+0.000,+0.000,+0.05077,+0.000,+1.269,+0.000,+0.000,-0.009,+1.260,2,+0.000,+0.000,-0.04237,+0.000,-1.059,+0.000,+0.000,-0.009,-1.068,0,+0.000,+0.000,+0.05078,+0.000,+1.269,+0.000,+0.000,-0.009,+1.260,2,+0.000,+0.000,-0.167,+0.192
DRV,71098,+0.0000,+0.0000,+0.0000,+0.0000,+0.0000,+0.0000,+0.000,+0.000,-0.00042,+0.0031,+0.0000,-0.124,2,1,+0.000,+0.000,-0.05672,+0.000,-1.418,+0.000,+0.000,-0.010,-1.428,2,+0.000,+0.000,+0.05077,+0.000,+1.269,+0.000,+0.000,-0.010,+1.259,2,+0.000,+0.000,-0.04237,+0.000,-1.059,+0.000,+0.000,-0.010,-1.069,2,+0.000,+0.003,+0.05078,+0.003,+1.269,-0.006,+0.000,-0.010,+1.254,2,+0.003,+0.000,-0.174,+0.190
DRV,71102,+0.0000,+0.0000,+0.0000,+0.0000,+0.0000,+0.0000,+0.000,+0.000,-0.00041,+0.0028,+0.0000,-0.113,2,1,+0.000,+0.000,-0.05672,+0.000,-1.418,+0.000,+0.000,-0.009,-1.427,2,+0.000,+0.000,+0.05077,+0.000,+1.269,+0.000,+0.000,-0.009,+1.260,2,+0.000,+0.001,-0.04237,+0.001,-1.059,-0.002,+0.000,-0.009,-1.070,2,+0.000,-0.000,+0.05078,-0.000,+1.269,+0.001,+0.000,-0.009,+1.261,2,-0.000,+0.001,-0.166,+0.190
DRV,71106,+0.0000,+0.0000,+0.0000,+0.0000,+0.0000,+0.0000,+0.000,+0.000,-0.00040,+0.0026,+0.0000,-0.103,2,1,+0.000,+0.000,-0.05672,+0.000,-1.418,+0.000,+0.000,-0.008,-1.426,2,+0.000,+0.000,+0.05077,+0.000,+1.269,+0.000,+0.000,-0.008,+1.261,2,+0.000,+0.000,-0.04237,+0.000,-1.059,+0.000,+0.000,-0.008,-1.067,2,+0.000,+0.000,+0.05078,+0.000,+1.269,+0.000,+0.000,-0.008,+1.261,2,+0.000,+0.000,-0.165,+0.194
DRV,71110,+0.0000,+0.0000,+0.0000,+0.0000,+0.0000,+0.0000,+0.000,+0.000,-0.00039,+0.0004,+0.0000,-0.017,2,1,+0.000,+0.000,-0.05672,+0.000,-1.418,+0.000,+0.000,-0.001,-1.419,2,+0.000,+0.000,+0.05077,+0.000,+1.269,+0.000,+0.000,-0.001,+1.268,2,+0.000,+0.000,-0.04237,+0.000,-1.059,+0.000,+0.000,-0.001,-1.061,2,+0.000,-0.004,+0.05078,-0.004,+1.269,+0.008,+0.000,-0.001,+1.276,2,-0.004,+0.000,-0.144,+0.207
DRV,71114,+0.0000,+0.0000,+0.0000,+0.0000,+0.0000,+0.0000,+0.000,+0.000,-0.00040,-0.0017,+0.0000,+0.068,2,1,+0.000,+0.000,-0.05672,+0.000,-1.418,+0.000,+0.000,+0.005,-1.413,2,+0.000,+0.000,+0.05077,+0.000,+1.269,+0.000,+0.000,+0.005,+1.275,0,+0.000,+0.000,-0.04237,+0.000,-1.059,+0.000,+0.000,+0.005,-1.054,2,+0.000,+0.000,+0.05078,+0.000,+1.269,+0.000,+0.000,+0.005,+1.275,2,+0.000,+0.000,-0.138,+0.221
DRV,71118,+0.0000,+0.0000,+0.0000,+0.0000,+0.0000,+0.0000,+0.000,+0.000,-0.00041,-0.0020,+0.0000,+0.078,2,1,+0.000,+0.000,-0.05672,+0.000,-1.418,+0.000,+0.000,+0.006,-1.412,0,+0.000,-0.006,+0.05077,-0.006,+1.269,+0.011,+0.000,+0.006,+1.287,0,+0.000,+0.000,-0.04237,+0.000,-1.059,+0.000,+0.000,+0.006,-1.053,2,+0.000,-0.007,+0.05078,-0.007,+1.269,+0.013,+0.000,+0.006,+1.289,2,-0.007,-0.006,-0.123,+0.234
DRV,71122,+0.0000,+0.0000,+0.0000,+0.0000,+0.0000,+0.0000,+0.000,+0.000,-0.00042,-0.0022,+0.0000,+0.089,2,1,+0.000,+0.000,-0.05672,+0.000,-1.418,+0.000,+0.000,+0.007,-1.411,0,+0.000,+0.000,+0.05077,+0.000,+1.269,+0.000,+0.000,+0.007,+1.276,2,+0.000,+0.000,-0.04237,+0.000,-1.059,+0.000,+0.000,+0.007,-1.052,2,+0.000,+0.000,+0.05078,+0.000,+1.269,+0.000,+0.000,+0.007,+1.277,0,+0.000,+0.000,-0.134,+0.224
DRV,71126,+0.0000,+0.0000,+0.0000,+0.0000,+0.0000,+0.0000,+0.000,+0.000,-0.00042,-0.0025,+0.0000,+0.099,2,1,+0.000,+0.000,-0.05672,+0.000,-1.418,+0.000,+0.000,+0.008,-1.410,2,+0.000,+0.000,+0.05077,+0.000,+1.269,+0.000,+0.000,+0.008,+1.277,2,+0.000,-0.001,-0.04237,-0.001,-1.059,+0.003,+0.000,+0.008,-1.048,0,+0.000,+0.000,+0.05078,+0.000,+1.269,+0.000,+0.000,+0.008,+1.277,0,+0.000,-0.001,-0.133,+0.229
DRV,71130,+0.0000,+0.0000,+0.0000,+0.0000,+0.0000,+0.0000,+0.000,+0.000,-0.00044,-0.0027,+0.0000,+0.110,2,1,+0.000,+0.000,-0.05672,+0.000,-1.418,+0.000,+0.000,+0.009,-1.409,2,+0.000,+0.000,+0.05077,+0.000,+1.269,+0.000,+0.000,+0.009,+1.278,2,+0.000,+0.000,-0.04237,+0.000,-1.059,+0.000,+0.000,+0.009,-1.050,0,+0.000,+0.000,+0.05078,+0.000,+1.269,+0.000,+0.000,+0.009,+1.278,2,+0.000,+0.000,-0.131,+0.228
DRV,71134,+0.0000,+0.0000,+0.0000,+0.0000,+0.0000,+0.0000,+0.000,+0.000,-0.00044,-0.0011,+0.0000,+0.046,2,1,+0.000,+0.000,-0.05672,+0.000,-1.418,+0.000,+0.000,+0.004,-1.414,2,+0.000,+0.000,+0.05077,+0.000,+1.269,+0.000,+0.000,+0.004,+1.273,2,+0.000,+0.000,-0.04237,+0.000,-1.059,+0.000,+0.000,+0.004,-1.056,0,+0.000,+0.000,+0.05078,+0.000,+1.269,+0.000,+0.000,+0.004,+1.273,2,+0.000,+0.000,-0.141,+0.217
DRV,71138,+0.0000,+0.0000,+0.0000,+0.0000,+0.0000,+0.0000,+0.000,+0.000,-0.00044,+0.0005,+0.0000,-0.018,2,1,+0.000,+0.000,-0.05672,+0.000,-1.418,+0.000,+0.000,-0.001,-1.419,2,+0.000,+0.000,+0.05077,+0.000,+1.269,+0.000,+0.000,-0.001,+1.268,2,+0.000,+0.000,-0.04237,+0.000,-1.059,+0.000,+0.000,-0.001,-1.061,2,+0.000,+0.000,+0.05078,+0.000,+1.269,+0.000,+0.000,-0.001,+1.268,2,+0.000,+0.000,-0.151,+0.207
DRV,71142,+0.0000,+0.0000,+0.0000,+0.0000,+0.0000,+0.0000,+0.000,+0.000,-0.00044,+0.0015,+0.0000,-0.061,2,1,+0.000,+0.000,-0.05672,+0.000,-1.418,-0.001,+0.000,-0.005,-1.424,2,+0.000,+0.000,+0.05077,+0.000,+1.269,+0.000,+0.000,-0.005,+1.264,2,+0.000,+0.000,-0.04237,+0.000,-1.059,+0.000,+0.000,-0.005,-1.064,2,+0.000,+0.005,+0.05078,+0.005,+1.269,-0.010,+0.000,-0.005,+1.254,2,+0.006,+0.000,-0.170,+0.200
DRV,71146,+0.0000,+0.0000,+0.0000,+0.0000,+0.0000,+0.0000,+0.000,+0.000,-0.00043,+0.0026,+0.0000,-0.103,2,1,+0.000,+0.000,-0.05672,+0.000,-1.418,+0.000,+0.000,-0.008,-1.426,2,+0.000,+0.004,+0.05077,+0.004,+1.269,-0.008,+0.000,-0.008,+1.253,2,+0.000,+0.001,-0.04237,+0.001,-1.059,-0.003,+0.000,-0.008,-1.070,2,+0.000,+0.000,+0.05078,+0.000,+1.269,+0.000,+0.000,-0.008,+1.261,2,+0.000,+0.005,-0.165,+0.183
DRV,71150,+0.0000,+0.0000,+0.0000,+0.0000,+0.0000,+0.0000,+0.000,+0.000,-0.00042,+0.0028,+0.0000,-0.114,2,1,+0.000,+0.000,-0.05672,+0.000,-1.418,+0.000,+0.000,-0.009,-1.427,2,+0.000,+0.000,+0.05077,+0.000,+1.269,+0.000,+0.000,-0.009,+1.260,0,+0.000,+0.000,-0.04237,+0.000,-1.059,+0.000,+0.000,-0.009,-1.068,2,+0.000,+0.000,+0.05078,+0.000,+1.269,+0.000,+0.000,-0.009,+1.260,2,+0.000,+0.000,-0.167,+0.192
DRV,71154,+0.0000,+0.0000,+0.0000,+0.0000,+0.0000,+0.0000,+0.000,+0.000,-0.00040,+0.0031,+0.0000,-0.124,2,1,+0.000,+0.001,-0.05672,+0.001,-1.418,-0.003,+0.000,-0.010,-1.431,0,+0.000,+0.000,+0.05077,+0.000,+1.269,+0.000,+0.000,-0.010,+1.259,0,+0.000,+0.000,-0.04237,+0.000,-1.059,+0.000,+0.000,-0.010,-1.069,2,+0.000,+0.000,+0.05078,+0.000,+1.269,+0.000,+0.000,-0.010,+1.259,2,+0.001,+0.000,-0.171,+0.190
DRV,71158,+0.0000,+0.0000,+0.0000,+0.0000,+0.0000,+0.0000,+0.000,+0.000,-0.00039,+0.0018,+0.0000,-0.070,2,1,+0.000,-0.002,-0.05672,-0.002,-1.418,+0.005,+0.000,-0.006,-1.419,0,+0.000,+0.000,+0.05077,+0.000,+1.269,+0.000,+0.000,-0.006,+1.264,2,+0.000,+0.000,-0.04237,+0.000,-1.059,+0.000,+0.000,-0.006,-1.065,2,+0.000,+0.000,+0.05078,+0.000,+1.269,+0.000,+0.000,-0.006,+1.264,0,-0.002,+0.000,-0.155,+0.199
DRV,71162,+0.0000,+0.0000,+0.0000,+0.0000,+0.0000,+0.0000,+0.000,+0.000,-0.00039,+0.0004,+0.0000,-0.017,2,1,+0.000,+0.000,-0.05672,+0.000,-1.418,+0.000,+0.000,-0.001,-1.419,2,+0.000,+0.000,+0.05077,+0.000,+1.269,+0.000,+0.000,-0.001,+1.268,2,+0.000,+0.000,-0.04237,+0.000,-1.059,+0.000,+0.000,-0.001,-1.061,0,+0.000,+0.000,+0.05078,+0.000,+1.269,+0.000,+0.000,-0.001,+1.268,0,+0.000,+0.000,-0.151,+0.207
DRV,71166,+0.0000,+0.0000,+0.0000,+0.0000,+0.0000,+0.0000,+0.000,+0.000,-0.00039,-0.0012,+0.0000,+0.047,2,1,+0.000,+0.000,-0.05672,+0.000,-1.418,+0.000,+0.000,+0.004,-1.414,2,+0.000,+0.000,+0.05077,+0.000,+1.269,+0.000,+0.000,+0.004,+1.273,2,+0.000,+0.000,-0.04237,+0.000,-1.059,+0.000,+0.000,+0.004,-1.055,0,+0.000,+0.000,+0.05078,+0.000,+1.269,+0.000,+0.000,+0.004,+1.273,2,+0.000,+0.000,-0.141,+0.218
DRV,71170,+0.0000,+0.0000,+0.0000,+0.0000,+0.0000,+0.0000,+0.000,+0.000,-0.00041,-0.0028,+0.0000,+0.110,2,1,+0.000,-0.003,-0.05672,-0.003,-1.418,+0.007,+0.000,+0.009,-1.402,2,+0.000,-0.002,+0.05077,-0.002,+1.269,+0.005,+0.000,+0.009,+1.283,2,+0.000,+0.000,-0.04237,+0.000,-1.059,+0.000,+0.000,+0.009,-1.050,2,+0.000,-0.000,+0.05078,-0.000,+1.269,+0.001,+0.000,+0.009,+1.279,2,-0.004,-0.002,-0.123,+0.233
DRV,71174,+0.0000,+0.0000,+0.0000,+0.0000,+0.0000,+0.0000,+0.000,+0.000,-0.00042,-0.0030,+0.0000,+0.121,2,1,+0.000,+0.000,-0.05672,+0.000,-1.418,+0.000,+0.000,+0.010,-1.408,2,+0.000,+0.000,+0.05077,+0.000,+1.269,+0.000,+0.000,+0.010,+1.279,2,+0.000,+0.000,-0.04237,+0.000,-1.059,+0.000,+0.000,+0.010,-1.049,2,+0.000,+0.000,+0.05078,+0.000,+1.269,+0.000,+0.000,+0.010,+1.279,2,+0.000,+0.000,-0.129,+0.229
DRV,71178,+0.0000,+0.0000,+0.0000,+0.0000,+0.0000,+0.0000,+0.000,+0.000,-0.00043,-0.0033,+0.0000,+0.131,2,1,+0.000,+0.000,-0.05672,+0.000,-1.418,+0.000,+0.000,+0.010,-1.407,2,+0.000,+0.000,+0.05077,+0.000,+1.269,+0.000,+0.000,+0.010,+1.280,2,+0.000,+0.000,-0.04237,+0.000,-1.059,+0.000,+0.000,+0.010,-1.049,2,+0.000,+0.000,+0.05078,+0.000,+1.269,+0.000,+0.000,+0.010,+1.280,2,+0.000,+0.000,-0.128,+0.231
DRV,71182,+0.0000,+0.0000,+0.0000,+0.0000,+0.0000,+0.0000,+0.000,+0.000,-0.00044,-0.0019,+0.0000,+0.078,2,1,+0.000,+0.000,-0.05672,+0.000,-1.418,+0.000,+0.000,+0.006,-1.412,2,+0.000,+0.000,+0.05077,+0.000,+1.269,+0.000,+0.000,+0.006,+1.275,2,+0.000,+0.000,-0.04237,+0.000,-1.059,+0.000,+0.000,+0.006,-1.053,2,+0.000,+0.000,+0.05078,+0.000,+1.269,+0.000,+0.000,+0.006,+1.276,2,+0.000,+0.000,-0.136,+0.223
DRV,71186,+0.0000,+0.0000,+0.0000,+0.0000,+0.0000,+0.0000,+0.000,+0.000,-0.00044,-0.0006,+0.0000,+0.024,2,1,+0.000,+0.000,-0.05672,+0.000,-1.418,+0.000,+0.000,+0.002,-1.416,2,+0.000,+0.000,+0.05077,+0.000,+1.269,+0.000,+0.000,+0.002,+1.271,0,+0.000,+0.000,-0.04237,+0.000,-1.059,+0.000,+0.000,+0.002,-1.057,2,+0.000,+0.000,+0.05078,+0.000,+1.269,+0.000,+0.000,+0.002,+1.271,2,+0.000,+0.000,-0.145,+0.214
DRV,71190,+0.0000,+0.0000,+0.0000,+0.0000,+0.0000,+0.0000,+0.000,+0.000,-0.00044,+0.0007,+0.0000,-0.029,2,1,+0.000,+0.000,-0.05672,+0.000,-1.418,+0.000,+0.000,-0.002,-1.420,0,+0.000,+0.000,+0.05077,+0.000,+1.269,+0.000,+0.000,-0.002,+1.267,0,+0.000,+0.000,-0.04237,+0.000,-1.059,+0.000,+0.000,-0.002,-1.061,2,+0.000,+0.001,+0.05078,+0.001,+1.269,-0.002,+0.000,-0.002,+1.265,2,+0.001,+0.000,-0.155,+0.205
DRV,71194,+0.0000,+0.0000,+0.0000,+0.0000,+0.0000,+0.0000,+0.000,+0.000,-0.00043,+0.0020,+0.0000,-0.082,2,1,+0.000,+0.000,-0.05672,+0.000,-1.418,+0.000,+0.000,-0.007,-1.425,0,+0.000,+0.000,+0.05077,+0.000,+1.269,+0.000,+0.000,-0.007,+1.263,0,+0.000,+0.000,-0.04237,+0.000,-1.059,+0.000,+0.000,-0.007,-1.066,2,+0.000,+0.000,+0.05078,+0.000,+1.269,+0.000,+0.000,-0.007,+1.263,0,+0.000,+0.000,-0.162,+0.197
DRV,71198,+0.0000,+0.0000,+0.0000,+0.0000,+0.0000,+0.0000,+0.000,+0.000,-0.00043,+0.0023,+0.0000,-0.092,2,1,+0.000,-0.003,-0.05672,-0.003,-1.418,+0.006,+0.000,-0.007,-1.420,0,+0.000,+0.000,+0.05077,+0.000,+1.269,-0.001,+0.000,-0.007,+1.261,2,+0.000,+0.002,-0.04237,+0.002,-1.059,-0.005,+0.000,-0.007,-1.071,2,+0.000,+0.000,+0.05078,+0.000,+1.269,+0.000,+0.000,-0.007,+1.262,0,-0.003,+0.003,-0.158,+0.190
DRV,71202,+0.0000,+0.0000,+0.0000,+0.0000,+0.0000,+0.0000,+0.000,+0.000,-0.00042,+0.0026,+0.0000,-0.103,2,1,+0.000,+0.009,-0.05672,+0.009,-1.418,-0.017,+0.000,-0.008,-1.443,2,+0.000,+0.000,+0.05077,+0.000,+1.269,+0.000,+0.000,-0.008,+1.261,2,+0.000,+0.000,-0.04237,+0.000,-1.059,+0.000,+0.000,-0.008,-1.067,0,+0.000,+0.000,+0.05078,+0.000,+1.269,+0.000,+0.000,-0.008,+1.261,0,+0.009,+0.000,-0.182,+0.194
DRV,71206,+0.0000,+0.0000,+0.0000,+0.0000,+0.0000,+0.0000,+0.000,+0.000,-0.00041,+0.0023,+0.0000,-0.092,2,1,+0.000,+0.000,-0.05672,+0.000,-1.418,+0.000,+0.000,-0.007,-1.425,2,+0.000,+0.000,+0.05077,+0.000,+1.269,+0.000,+0.000,-0.007,+1.262,2,+0.000,+0.000,-0.04237,+0.000,-1.059,+0.000,+0.000,-0.007,-1.067,0,+0.000,+0.000,+0.05078,+0.000,+1.269,+0.000,+0.000,-0.007,+1.262,2,+0.000,+0.000,-0.163,+0.195
DRV,71210,+0.0000,+0.0000,+0.0000,+0.0000,+0.0000,+0.0000,+0.000,+0.000,-0.00040,+0.0020,+0.0000,-0.081,2,1,+0.000,+0.000,-0.05672,+0.000,-1.418,+0.000,+0.000,-0.006,-1.424,2,+0.000,+0.000,+0.05077,+0.000,+1.269,+0.000,+0.000,-0.006,+1.263,2,+0.000,+0.000,-0.04237,+0.000,-1.059,+0.000,+0.000,-0.006,-1.066,2,+0.000,+0.000,+0.05078,+0.000,+1.269,+0.000,+0.000,-0.006,+1.263,2,+0.000,+0.000,-0.162,+0.197
DRV,71214,+0.0000,+0.0000,+0.0000,+0.0000,+0.0000,+0.0000,+0.000,+0.000,-0.00040,-0.0001,+0.0000,+0.004,2,1,+0.000,+0.000,-0.05672,+0.000,-1.418,-0.001,+0.000,+0.000,-1.419,2,+0.000,+0.000,+0.05077,+0.000,+1.269,+0.000,+0.000,+0.000,+1.270,2,+0.000,+0.000,-0.04237,+0.000,-1.059,+0.000,+0.000,+0.000,-1.059,2,+0.000,+0.000,+0.05078,+0.000,+1.269,+0.000,+0.000,+0.000,+1.270,2,+0.000,+0.000,-0.149,+0.211
DRV,71218,+0.0000,+0.0000,+0.0000,+0.0000,+0.0000,+0.0000,+0.000,+0.000,-0.00040,-0.0001,+0.0000,+0.004,2,1,+0.000,-0.003,-0.05672,-0.003,-1.418,+0.007,+0.000,+0.000,-1.411,2,+0.000,+0.000,+0.05077,+0.000,+1.269,+0.000,+0.000,+0.000,+1.270,2,+0.000,+0.000,-0.04237,+0.000,-1.059,+0.000,+0.000,+0.000,-1.059,2,+0.000,+0.000,+0.05078,+0.000,+1.269,+0.000,+0.000,+0.000,+1.270,2,-0.003,+0.000,-0.141,+0.211
DRV,71222,+0.0000,+0.0000,+0.0000,+0.0000,+0.0000,+0.0000,+0.000,+0.000,-0.00041,-0.0038,+0.0000,+0.153,2,1,+0.000,+0.000,-0.05672,+0.000,-1.418,+0.000,+0.000,+0.012,-1.406,2,+0.000,+0.000,+0.05077,+0.000,+1.269,+0.000,+0.000,+0.012,+1.282,2,+0.000,+0.000,-0.04237,+0.000,-1.059,+0.000,+0.000,+0.012,-1.047,2,+0.000,+0.000,+0.05078,+0.000,+1.269,+0.000,+0.000,+0.012,+1.282,2,+0.000,+0.000,-0.124,+0.235
DRV,71226,+0.0000,+0.0000,+0.0000,+0.0000,+0.0000,+0.0000,+0.000,+0.000,-0.00042,-0.0038,+0.0000,+0.153,2,1,+0.000,+0.000,-0.05672,+0.000,-1.418,+0.000,+0.000,+0.012,-1.406,2,+0.000,+0.000,+0.05077,+0.000,+1.269,+0.000,+0.000,+0.012,+1.281,0,+0.000,+0.000,-0.04237,+0.000,-1.059,+0.000,+0.000,+0.012,-1.047,2,+0.000,+0.000,+0.05078,+0.000,+1.269,+0.000,+0.000,+0.012,+1.282,2,+0.000,+0.000,-0.124,+0.235
DRV,71230,+0.0000,+0.0000,+0.0000,+0.0000,+0.0000,+0.0000,+0.000,+0.000,-0.00043,-0.0017,+0.0000,+0.067,2,1,+0.000,+0.000,-0.05645,+0.000,-1.411,+0.000,+0.000,+0.005,-1.406,0,+0.000,+0.000,+0.05066,+0.000,+1.266,+0.000,+0.000,+0.005,+1.272,0,+0.000,+0.000,-0.04248,+0.000,-1.062,+0.000,+0.000,+0.005,-1.057,2,+0.000,+0.005,+0.05066,+0.005,+1.267,-0.010,+0.000,+0.005,+1.262,2,+0.005,+0.000,-0.143,+0.215
DRV,71234,+0.0000,+0.0000,+0.0000,+0.0000,+0.0000,+0.0000,+0.000,+0.000,-0.00044,-0.0017,+0.0000,+0.067,2,1,+0.000,+0.001,-0.05672,+0.001,-1.418,-0.003,+0.000,+0.005,-1.415,0,+0.000,-0.001,+0.05077,-0.001,+1.269,+0.003,+0.000,+0.005,+1.278,2,+0.000,+0.000,-0.04237,+0.000,-1.059,+0.000,+0.000,+0.005,-1.054,2,+0.000,-0.002,+0.05078,-0.002,+1.269,+0.005,+0.000,+0.005,+1.280,0,-0.001,-0.001,-0.136,+0.224
DRV,71238,+0.0000,+0.0000,+0.0000,+0.0000,+0.0000,+0.0000,+0.000,+0.000,-0.00044,+0.0010,+0.0000,-0.039,2,1,+0.000,+0.000,-0.05672,+0.000,-1.418,+0.000,+0.000,-0.003,-1.421,0,+0.000,+0.001,+0.05077,+0.001,+1.269,-0.002,+0.000,-0.003,+1.264,2,+0.000,+0.000,-0.04237,+0.000,-1.059,+0.000,+0.000,-0.003,-1.062,0,+0.000,+0.000,+0.05078,+0.000,+1.269,+0.000,+0.000,-0.003,+1.266,0,+0.000,+0.001,-0.155,+0.202
DRV,71242,+0.0000,+0.0000,+0.0000,+0.0000,+0.0000,+0.0000,+0.000,+0.000,-0.00043,+0.0010,+0.0000,-0.039,2,1,+0.000,+0.003,-0.05672,+0.003,-1.418,-0.006,+0.000,-0.003,-1.427,2,+0.000,+0.000,+0.05077,+0.000,+1.269,+0.000,+0.000,-0.003,+1.266,2,+0.000,+0.000,-0.04237,+0.000,-1.059,+0.000,+0.000,-0.003,-1.062,0,+0.000,+0.000,+0.05078,+0.000,+1.269,+0.000,+0.000,-0.003,+1.266,2,+0.003,+0.000,-0.161,+0.204
DRV,71246,+0.0000,+0.0000,+0.0000,+0.0000,+0.0000,+0.0000,+0.000,+0.000,-0.00042,+0.0026,+0.0000,-0.103,2,1,+0.000,+0.001,-0.05672,+0.001,-1.418,-0.002,+0.000,-0.008,-1.428,2,+0.000,+0.000,+0.05077,+0.000,+1.269,+0.000,+0.000,-0.008,+1.261,2,+0.000,+0.000,-0.04237,+0.000,-1.059,+0.000,+0.000,-0.008,-1.067,2,+0.000,+0.004,+0.05078,+0.004,+1.269,-0.009,+0.000,-0.008,+1.253,2,+0.005,+0.000,-0.176,+0.194
DRV,71250,+0.0000,+0.0000,+0.0000,+0.0000,+0.0000,+0.0000,+0.000,+0.000,-0.00041,+0.0026,+0.0000,-0.103,2,1,+0.000,+0.000,-0.05672,+0.000,-1.418,+0.000,+0.000,-0.008,-1.426,2,+0.000,+0.000,+0.05077,+0.000,+1.269,+0.000,+0.000,-0.008,+1.261,2,+0.000,+0.000,-0.04237,+0.000,-1.059,+0.000,+0.000,-0.008,-1.067,2,+0.000,+0.000,+0.05078,+0.000,+1.269,+0.000,+0.000,-0.008,+1.261,2,+0.000,+0.000,-0.165,+0.194
DRV,71254,+0.0000,+0.0000,+0.0000,+0.0000,+0.0000,+0.0000,+0.000,+0.000,-0.00041,+0.0010,+0.0000,-0.039,2,1,+0.000,+0.000,-0.05672,+0.000,-1.418,+0.000,+0.000,-0.003,-1.421,2,+0.000,+0.000,+0.05077,+0.000,+1.269,+0.000,+0.000,-0.003,+1.266,2,+0.000,+0.000,-0.04237,+0.000,-1.059,+0.000,+0.000,-0.003,-1.062,2,+0.000,+0.000,+0.05078,+0.000,+1.269,+0.000,+0.000,-0.003,+1.266,2,+0.000,+0.000,-0.155,+0.204
DRV,71258,+0.0000,+0.0000,+0.0000,+0.0000,+0.0000,+0.0000,+0.000,+0.000,-0.00040,+0.0010,+0.0000,-0.039,2,1,+0.000,+0.000,-0.05672,+0.000,-1.418,+0.000,+0.000,-0.003,-1.421,2,+0.000,+0.000,+0.05077,+0.000,+1.269,+0.000,+0.000,-0.003,+1.266,2,+0.000,+0.000,-0.04237,+0.000,-1.059,+0.000,+0.000,-0.003,-1.062,2,+0.000,+0.000,+0.05078,+0.000,+1.269,+0.000,+0.000,-0.003,+1.266,2,+0.000,+0.000,-0.155,+0.204
DRV,71262,+0.0000,+0.0000,+0.0000,+0.0000,+0.0000,+0.0000,+0.000,+0.000,-0.00040,+0.0004,+0.0000,-0.017,2,1,+0.000,+0.000,-0.05672,+0.000,-1.418,+0.000,+0.000,-0.001,-1.419,2,+0.000,+0.000,+0.05077,+0.000,+1.269,+0.000,+0.000,-0.001,+1.268,0,+0.000,+0.000,-0.04237,+0.000,-1.059,+0.000,+0.000,-0.001,-1.061,2,+0.000,+0.000,+0.05078,+0.000,+1.269,+0.000,+0.000,-0.001,+1.268,2,+0.000,+0.000,-0.151,+0.207
DRV,71266,+0.0000,+0.0000,+0.0000,+0.0000,+0.0000,+0.0000,+0.000,+0.000,-0.00040,+0.0004,+0.0000,-0.017,2,1,+0.000,+0.003,-0.05672,+0.003,-1.418,-0.007,+0.000,-0.001,-1.426,0,+0.000,+0.000,+0.05077,+0.000,+1.269,+0.000,+0.000,-0.001,+1.268,0,+0.000,+0.000,-0.04237,+0.000,-1.059,+0.000,+0.000,-0.001,-1.061,2,+0.000,+0.000,+0.05078,+0.000,+1.269,+0.000,+0.000,-0.001,+1.268,2,+0.003,+0.000,-0.158,+0.207
DRV,71270,+0.0000,+0.0000,+0.0000,+0.0000,+0.0000,+0.0000,+0.000,+0.000,-0.00041,-0.0028,+0.0000,+0.110,2,1,+0.000,+0.000,-0.05672,+0.000,-1.418,+0.000,+0.000,+0.009,-1.409,0,+0.000,+0.000,+0.05077,+0.000,+1.269,+0.000,+0.000,+0.009,+1.278,2,+0.000,+0.000,-0.04237,+0.000,-1.059,+0.000,+0.000,+0.009,-1.050,2,+0.000,-0.001,+0.05078,-0.001,+1.269,+0.002,+0.000,+0.009,+1.280,0,-0.001,+0.000,-0.129,+0.228
DRV,71274,+0.0000,+0.0000,+0.0000,+0.0000,+0.0000,+0.0000,+0.000,+0.000,-0.00042,-0.0028,+0.0000,+0.110,2,1,+0.000,+0.000,-0.05672,+0.000,-1.418,+0.000,+0.000,+0.009,-1.409,2,+0.000,-0.000,+0.05077,-0.000,+1.269,+0.001,+0.000,+0.009,+1.279,2,+0.000,+0.000,-0.04237,+0.000,-1.059,+0.000,+0.000,+0.009,-1.050,0,+0.000,+0.000,+0.05078,+0.000,+1.269,+0.000,+0.000,+0.009,+1.278,0,+0.000,-0.000,-0.131,+0.229
DRV,71278,+0.0000,+0.0000,+0.0000,+0.0000,+0.0000,+0.0000,+0.000,+0.000,-0.00043,-0.0017,+0.0000,+0.067,2,1,+0.000,+0.000,-0.05672,+0.000,-1.418,+0.000,+0.000,+0.005,-1.413,2,+0.000,+0.000,+0.05077,+0.000,+1.269,+0.000,+0.000,+0.005,+1.275,2,+0.000,+0.000,-0.04237,+0.000,-1.059,+0.000,+0.000,+0.005,-1.054,0,+0.000,+0.000,+0.05078,+0.000,+1.269,+0.000,+0.000,+0.005,+1.275,2,+0.000,+0.000,-0.138,+0.221
DRV,71282,+0.0000,+0.0000,+0.0000,+0.0000,+0.0000,+0.0000,+0.000,+0.000,-0.00043,-0.0017,+0.0000,+0.067,2,1,+0.000,+0.000,-0.05672,+0.000,-1.418,+0.000,+0.000,+0.005,-1.413,2,+0.000,-0.005,+0.05077,-0.005,+1.269,+0.010,+0.000,+0.005,+1.285,2,+0.000,+0.000,-0.04237,+0.000,-1.059,+0.000,+0.000,+0.005,-1.054,2,+0.000,+0.000,+0.05078,+0.000,+1.269,+0.000,+0.000,+0.005,+1.275,2,+0.000,-0.005,-0.138,+0.231
DRV,71286,+0.0000,+0.0000,+0.0000,+0.0000,+0.0000,+0.0000,+0.000,+0.000,-0.00044,-0.0001,+0.0000,+0.003,2,1,+0.000,+0.000,-0.05672,+0.000,-1.418,+0.000,+0.000,+0.000,-1.418,2,+0.000,+0.000,+0.05077,+0.000,+1.269,+0.000,+0.000,+0.000,+1.270,2,+0.000,+0.000,-0.04237,+0.000,-1.059,+0.000,+0.000,+0.000,-1.059,2,+0.000,+0.000,+0.05078,+0.000,+1.269,+0.000,+0.000,+0.000,+1.270,2,+0.000,+0.000,-0.148,+0.211
DRV,71290,+0.0000,+0.0000,+0.0000,+0.0000,+0.0000,+0.0000,+0.000,+0.000,-0.00044,-0.0001,+0.0000,+0.003,2,1,+0.000,+0.000,-0.05672,+0.000,-1.418,+0.000,+0.000,+0.000,-1.418,2,+0.000,+0.000,+0.05077,+0.000,+1.269,+0.000,+0.000,+0.000,+1.270,2,+0.000,+0.000,-0.04237,+0.000,-1.059,+0.000,+0.000,+0.000,-1.059,2,+0.000,+0.000,+0.05078,+0.000,+1.269,+0.000,+0.000,+0.000,+1.270,2,+0.000,+0.000,-0.148,+0.211
DRV,71294,+0.0000,+0.0000,+0.0000,+0.0000,+0.0000,+0.0000,+0.000,+0.000,-0.00043,+0.0026,+0.0000,-0.103,2,1,+0.000,+0.000,-0.05672,+0.000,-1.418,+0.000,+0.000,-0.008,-1.426,2,+0.000,+0.005,+0.05077,+0.005,+1.269,-0.010,+0.000,-0.008,+1.251,2,+0.000,+0.000,-0.04237,+0.000,-1.059,+0.000,+0.000,-0.008,-1.067,2,+0.000,+0.000,+0.05078,+0.000,+1.269,+0.000,+0.000,-0.008,+1.261,2,+0.000,+0.005,-0.165,+0.183
DRV,71298,+0.0000,+0.0000,+0.0000,+0.0000,+0.0000,+0.0000,+0.000,+0.000,-0.00042,+0.0026,+0.0000,-0.103,2,1,+0.000,+0.000,-0.05664,+0.000,-1.416,+0.000,+0.000,-0.008,-1.424,2,+0.000,+0.000,+0.05047,+0.000,+1.262,+0.000,+0.000,-0.008,+1.253,0,+0.000,+0.000,-0.04229,+0.000,-1.057,+0.000,+0.000,-0.008,-1.065,2,+0.000,+0.000,+0.05086,+0.000,+1.271,+0.000,+0.000,-0.008,+1.263,2,+0.000,+0.000,-0.161,+0.188
DRV,71302,+0.0000,+0.0000,+0.0000,+0.0000,+0.0000,+0.0000,+0.000,+0.000,-0.00041,+0.0020,+0.0000,-0.081,2,1,+0.000,+0.003,-0.05672,+0.003,-1.418,-0.006,+0.000,-0.007,-1.430,0,+0.000,+0.000,+0.05077,+0.000,+1.269,+0.000,+0.000,-0.007,+1.263,0,+0.000,+0.002,-0.04237,+0.002,-1.059,-0.004,+0.000,-0.007,-1.069,2,+0.000,+0.000,+0.05078,+0.000,+1.269,+0.000,+0.000,-0.007,+1.263,2,+0.003,+0.002,-0.167,+0.193
DRV,71306,+0.0000,+0.0000,+0.0000,+0.0000,+0.0000,+0.0000,+0.000,+0.000,-0.00040,+0.0020,+0.0000,-0.081,2,1,+0.000,+0.000,-0.05672,+0.000,-1.418,+0.000,+0.000,-0.007,-1.424,0,+0.000,+0.002,+0.05077,+0.002,+1.269,-0.004,+0.000,-0.007,+1.259,0,+0.000,+0.000,-0.04237,+0.000,-1.059,+0.000,+0.000,-0.007,-1.066,2,+0.000,+0.000,+0.05078,+0.000,+1.269,+0.000,+0.000,-0.007,+1.263,0,+0.000,+0.002,-0.162,+0.193
DRV,71310,+0.0000,+0.0000,+0.0000,+0.0000,+0.0000,+0.0000,+0.000,+0.000,-0.00040,+0.0010,+0.0000,-0.039,2,1,+0.000,-0.000,-0.05672,-0.000,-1.418,+0.001,+0.000,-0.003,-1.420,0,+0.000,+0.000,+0.05077,+0.000,+1.269,+0.000,+0.000,-0.003,+1.266,2,+0.000,+0.000,-0.04237,+0.000,-1.059,+0.000,+0.000,-0.003,-1.062,0,+0.000,+0.000,+0.05078,+0.000,+1.269,+0.000,+0.000,-0.003,+1.266,0,-0.000,+0.000,-0.154,+0.204
DRV,71314,+0.0000,+0.0000,+0.0000,+0.0000,+0.0000,+0.0000,+0.000,+0.000,-0.00039,+0.0010,+0.0000,-0.038,2,1,+0.000,+0.000,-0.05672,+0.000,-1.418,+0.000,+0.000,-0.003,-1.421,2,+0.000,+0.000,+0.05077,+0.000,+1.269,+0.000,+0.000,-0.003,+1.266,2,+0.000,+0.000,-0.04237,+0.000,-1.059,+0.000,+0.000,-0.003,-1.062,0,+0.000,+0.000,+0.05078,+0.000,+1.269,+0.000,+0.000,-0.003,+1.266,0,+0.000,+0.000,-0.155,+0.204
DRV,71318,+0.0000,+0.0000,+0.0000,+0.0000,+0.0000,+0.0000,+0.000,+0.000,-0.00040,-0.0028,+0.0000,+0.110,2,1,+0.000,+0.000,-0.05672,+0.000,-1.418,+0.000,+0.000,+0.009,-1.409,2,+0.000,+0.000,+0.05077,+0.000,+1.269,+0.000,+0.000,+0.009,+1.278,2,+0.000,+0.000,-0.04237,+0.000,-1.059,+0.000,+0.000,+0.009,-1.050,0,+0.000,-0.000,+0.05078,-0.000,+1.269,+0.001,+0.000,+0.009,+1.279,2,-0.000,+0.000,-0.130,+0.228
DRV,71322,+0.0000,+0.0000,+0.0000,+0.0000,+0.0000,+0.0000,+0.000,+0.000,-0.00041,-0.0028,+0.0000,+0.110,2,1,+0.000,-0.000,-0.05672,-0.000,-1.418,+0.001,+0.000,+0.009,-1.408,2,+0.000,+0.000,+0.05077,+0.000,+1.269,+0.000,+0.000,+0.009,+1.278,2,+0.000,+0.000,-0.04237,+0.000,-1.059,+0.000,+0.000,+0.009,-1.050,2,+0.000,+0.000,+0.05078,+0.000,+1.269,+0.000,+0.000,+0.009,+1.278,2,-0.000,+0.000,-0.130,+0.228
DRV,71326,+0.0000,+0.0000,+0.0000,+0.0000,+0.0000,+0.0000,+0.000,+0.000,-0.00042,-0.0033,+0.0000,+0.131,2,1,+0.000,+0.000,-0.05672,+0.000,-1.418,+0.000,+0.000,+0.011,-1.407,2,+0.000,-0.004,+0.05077,-0.004,+1.269,+0.009,+0.000,+0.011,+1.288,2,+0.000,-0.004,-0.04237,-0.004,-1.059,+0.009,+0.000,+0.011,-1.040,2,+0.000,+0.000,+0.05078,+0.000,+1.269,+0.000,+0.000,+0.011,+1.280,2,+0.000,-0.009,-0.128,+0.248
DRV,71330,+0.0000,+0.0000,+0.0000,+0.0000,+0.0000,+0.0000,+0.000,+0.000,-0.00044,-0.0033,+0.0000,+0.131,2,1,+0.000,+0.000,-0.05672,+0.000,-1.418,+0.000,+0.000,+0.010,-1.407,2,+0.000,+0.001,+0.05077,+0.001,+1.269,-0.002,+0.000,+0.010,+1.278,2,+0.000,+0.000,-0.04237,+0.000,-1.059,+0.000,+0.000,+0.010,-1.049,2,+0.000,+0.000,+0.05078,+0.000,+1.269,+0.000,+0.000,+0.010,+1.280,2,+0.000,+0.001,-0.128,+0.229
DRV,71334,+0.0000,+0.0000,+0.0000,+0.0000,+0.0000,+0.0000,+0.000,+0.000,-0.00044,-0.0001,+0.0000,+0.003,2,1,+0.000,+0.000,-0.05672,+0.000,-1.418,+0.000,+0.000,+0.000,-1.418,2,+0.000,+0.000,+0.05077,+0.000,+1.269,+0.000,+0.000,+0.000,+1.270,2,+0.000,+0.000,-0.04237,+0.000,-1.059,+0.000,+0.000,+0.000,-1.059,2,+0.000,+0.000,+0.05078,+0.000,+1.269,+0.000,+0.000,+0.000,+1.270,2,+0.000,+0.000,-0.148,+0.211
DRV,71338,+0.0000,+0.0000,+0.0000,+0.0000,+0.0000,+0.0000,+0.000,+0.000,-0.00044,-0.0001,+0.0000,+0.003,2,1,+0.000,+0.000,-0.05672,+0.000,-1.418,+0.000,+0.000,+0.000,-1.418,2,+0.000,+0.000,+0.05077,+0.000,+1.269,+0.000,+0.000,+0.000,+1.270,0,+0.000,+0.000,-0.04237,+0.000,-1.059,+0.000,+0.000,+0.000,-1.059,2,+0.000,+0.000,+0.05078,+0.000,+1.269,+0.000,+0.000,+0.000,+1.270,2,+0.000,+0.000,-0.148,+0.211
DRV,71342,+0.0000,+0.0000,+0.0000,+0.0000,+0.0000,+0.0000,+0.000,+0.000,-0.00043,+0.0026,+0.0000,-0.103,2,1,+0.000,+0.000,-0.05672,+0.000,-1.418,+0.000,+0.000,-0.008,-1.426,0,+0.000,+0.000,+0.05077,+0.000,+1.269,+0.000,+0.000,-0.008,+1.261,0,+0.000,+0.000,-0.04237,+0.000,-1.059,+0.000,+0.000,-0.008,-1.067,2,+0.000,+0.000,+0.05078,+0.000,+1.269,+0.000,+0.000,-0.008,+1.261,2,+0.000,+0.000,-0.165,+0.194
DRV,71346,+0.0000,+0.0000,+0.0000,+0.0000,+0.0000,+0.0000,+0.000,+0.000,-0.00042,+0.0026,+0.0000,-0.103,2,1,+0.000,+0.000,-0.05672,+0.000,-1.418,+0.000,+0.000,-0.008,-1.426,0,+0.000,+0.000,+0.05077,+0.000,+1.269,+0.000,+0.000,-0.008,+1.261,2,+0.000,+0.000,-0.04237,+0.000,-1.059,+0.000,+0.000,-0.008,-1.067,2,+0.000,+0.000,+0.05078,+0.000,+1.269,+0.000,+0.000,-0.008,+1.261,0,+0.000,+0.000,-0.165,+0.194
DRV,71350,+0.0000,+0.0000,+0.0000,+0.0000,+0.0000,+0.0000,+0.000,+0.000,-0.00042,+0.0015,+0.0000,-0.060,2,1,+0.000,+0.002,-0.05672,+0.002,-1.418,-0.005,+0.000,-0.005,-1.428,2,+0.000,+0.000,+0.05077,+0.000,+1.269,+0.000,+0.000,-0.005,+1.264,2,+0.000,+0.000,-0.04237,+0.000,-1.059,+0.000,+0.000,-0.005,-1.064,0,+0.000,+0.000,+0.05078,+0.000,+1.269,+0.000,+0.000,-0.005,+1.265,0,+0.002,+0.000,-0.163,+0.200
DRV,71354,+0.0000,+0.0000,+0.0000,+0.0000,+0.0000,+0.0000,+0.000,+0.000,-0.00041,+0.0015,+0.0000,-0.060,2,1,+0.000,+0.000,-0.05672,+0.000,-1.418,+0.000,+0.000,-0.005,-1.423,2,+0.000,+0.000,+0.05077,+0.000,+1.269,+0.000,+0.000,-0.005,+1.264,2,+0.000,+0.000,-0.04237,+0.000,-1.059,+0.000,+0.000,-0.005,-1.064,0,+0.000,+0.000,+0.05078,+0.000,+1.269,+0.000,+0.000,-0.005,+1.265,2,+0.000,+0.000,-0.158,+0.200
DRV,71358,+0.0000,+0.0000,+0.0000,+0.0000,+0.0000,+0.0000,+0.000,+0.000,-0.00041,-0.0006,+0.0000,+0.025,2,1,+0.000,+0.000,-0.05672,+0.000,-1.418,+0.000,+0.000,+0.002,-1.416,2,+0.000,+0.000,+0.05077,+0.000,+1.269,+0.000,+0.000,+0.002,+1.271,2,+0.000,+0.000,-0.04237,+0.000,-1.059,+0.000,+0.000,+0.002,-1.057,2,+0.000,+0.000,+0.05078,+0.000,+1.269,+0.000,+0.000,+0.002,+1.271,2,+0.000,+0.000,-0.145,+0.214
DRV,71362,+0.0000,+0.0000,+0.0000,+0.0000,+0.0000,+0.0000,+0.000,+0.000,-0.00041,-0.0006,+0.0000,+0.025,2,1,+0.000,+0.000,-0.05672,+0.000,-1.418,+0.000,+0.000,+0.002,-1.416,2,+0.000,+0.000,+0.05077,+0.000,+1.269,+0.000,+0.000,+0.002,+1.271,2,+0.000,+0.000,-0.04237,+0.000,-1.059,+0.000,+0.000,+0.002,-1.057,2,+0.000,+0.000,+0.05078,+0.000,+1.269,+0.000,+0.000,+0.002,+1.271,2,+0.000,+0.000,-0.145,+0.214
DRV,71366,+0.0000,+0.0000,+0.0000,+0.0000,+0.0000,+0.0000,+0.000,+0.000,-0.00042,-0.0012,+0.0000,+0.046,2,1,+0.000,+0.000,-0.05672,+0.000,-1.418,+0.000,+0.000,+0.004,-1.414,2,+0.000,+0.000,+0.05077,+0.000,+1.269,+0.000,+0.000,+0.004,+1.273,2,+0.000,+0.000,-0.04237,+0.000,-1.059,+0.000,+0.000,+0.004,-1.055,2,+0.000,+0.000,+0.05078,+0.000,+1.269,+0.000,+0.000,+0.004,+1.273,2,+0.000,+0.000,-0.141,+0.218
DRV,71370,+0.0000,+0.0000,+0.0000,+0.0000,+0.0000,+0.0000,+0.000,+0.000,-0.00042,-0.0012,+0.0000,+0.046,2,1,+0.000,+0.000,-0.05672,+0.000,-1.418,+0.000,+0.000,+0.004,-1.414,2,+0.000,-0.000,+0.05077,-0.000,+1.269,+0.001,+0.000,+0.004,+1.274,2,+0.000,+0.000,-0.04237,+0.000,-1.059,+0.000,+0.000,+0.004,-1.055,2,+0.000,+0.000,+0.05078,+0.000,+1.269,+0.000,+0.000,+0.004,+1.273,2,+0.000,-0.000,-0.141,+0.218
DRV,71374,+0.0000,+0.0000,+0.0000,+0.0000,+0.0000,+0.0000,+0.000,+0.000,-0.00043,-0.0027,+0.0000,+0.110,2,1,+0.000,-0.002,-0.05672,-0.002,-1.418,+0.005,+0.000,+0.009,-1.404,2,+0.000,+0.000,+0.05077,+0.000,+1.269,+0.000,+0.000,+0.009,+1.278,0,+0.000,+0.000,-0.04237,+0.000,-1.059,+0.000,+0.000,+0.009,-1.050,2,+0.000,+0.000,+0.05078,+0.000,+1.269,+0.000,+0.000,+0.009,+1.278,2,-0.002,+0.000,-0.126,+0.228
DRV,71378,+0.0000,+0.0000,+0.0000,+0.0000,+0.0000,+0.0000,+0.000,+0.000,-0.00044,-0.0027,+0.0000,+0.110,2,1,+0.000,+0.000,-0.05672,+0.000,-1.418,+0.000,+0.000,+0.009,-1.409,0,+0.000,+0.000,+0.05077,+0.000,+1.269,+0.000,+0.000,+0.009,+1.278,0,+0.000,+0.000,-0.04237,+0.000,-1.059,+0.000,+0.000,+0.009,-1.050,2,+0.000,+0.000,+0.05078,+0.000,+1.269,+0.000,+0.000,+0.009,+1.278,2,+0.000,+0.000,-0.131,+0.228
DRV,71382,+0.0000,+0.0000,+0.0000,+0.0000,+0.0000,+0.0000,+0.000,+0.000,-0.00045,-0.0006,+0.0000,+0.024,2,1,+0.000,+0.000,-0.05672,+0.000,-1.418,-0.001,+0.000,+0.002,-1.417,0,+0.000,-0.005,+0.05077,-0.005,+1.269,+0.010,+0.000,+0.002,+1.282,2,+0.000,+0.000,-0.04237,+0.000,-1.059,+0.000,+0.000,+0.002,-1.057,2,+0.000,-0.001,+0.05078,-0.001,+1.269,+0.003,+0.000,+0.002,+1.274,0,-0.001,-0.005,-0.143,+0.224
DRV,71386,+0.0000,+0.0000,+0.0000,+0.0000,+0.0000,+0.0000,+0.000,+0.000,-0.00045,-0.0006,+0.0000,+0.024,2,1,+0.000,+0.000,-0.05672,+0.000,-1.418,+0.000,+0.000,+0.002,-1.416,2,+0.000,+0.005,+0.05077,+0.005,+1.269,-0.010,+0.000,+0.002,+1.261,2,+0.000,+0.000,-0.04237,+0.000,-1.059,+0.000,+0.000,+0.002,-1.057,0,+0.000,+0.002,+0.05078,+0.002,+1.269,-0.005,+0.000,+0.002,+1.267,0,+0.002,+0.005,-0.149,+0.204
DRV,71390,+0.0000,+0.0000,+0.0000,+0.0000,+0.0000,+0.0000,+0.000,+0.000,-0.00045,+0.0010,+0.0000,-0.040,2,1,+0.000,+0.003,-0.05672,+0.003,-1.418,-0.007,+0.000,-0.003,-1.428,2,+0.000,+0.000,+0.05077,+0.000,+1.269,+0.000,+0.000,-0.003,+1.266,2,+0.000,+0.000,-0.04237,+0.000,-1.059,+0.000,+0.000,-0.003,-1.062,0,+0.000,+0.000,+0.05078,+0.000,+1.269,+0.000,+0.000,-0.003,+1.266,2,+0.003,+0.000,-0.162,+0.204
DRV,71394,+0.0000,+0.0000,+0.0000,+0.0000,+0.0000,+0.0000,+0.000,+0.000,-0.00044,+0.0010,+0.0000,-0.039,2,1,+0.000,+0.000,-0.05672,+0.000,-1.418,+0.000,+0.000,-0.003,-1.421,2,+0.000,+0.000,+0.05077,+0.000,+1.269,+0.000,+0.000,-0.003,+1.266,2,+0.000,+0.000,-0.04237,+0.000,-1.059,+0.000,+0.000,-0.003,-1.062,2,+0.000,+0.010,+0.05078,+0.010,+1.269,-0.020,+0.000,-0.003,+1.246,2,+0.010,+0.000,-0.175,+0.204
DRV,71398,+0.0000,+0.0000,+0.0000,+0.0000,+0.0000,+0.0000,+0.000,+0.000,-0.00044,+0.0020,+0.0000,-0.082,2,1,+0.000,+0.000,-0.05672,+0.000,-1.418,+0.000,+0.000,-0.007,-1.425,2,+0.000,+0.001,+0.05077,+0.001,+1.269,-0.002,+0.000,-0.007,+1.261,2,+0.000,+0.000,-0.04237,+0.000,-1.059,+0.000,+0.000,-0.007,-1.066,2,+0.000,-0.003,+0.05078,-0.003,+1.269,+0.006,+0.000,-0.007,+1.269,2,-0.003,+0.001,-0.156,+0.195
DRV,71402,+0.0000,+0.0000,+0.0000,+0.0000,+0.0000,+0.0000,+0.000,+0.000,-0.00043,+0.0020,+0.0000,-0.082,2,1,+0.000,+0.000,-0.05672,+0.000,-1.418,+0.000,+0.000,-0.007,-1.425,2,+0.000,+0.000,+0.05077,+0.000,+1.269,+0.000,+0.000,-0.007,+1.263,2,+0.000,+0.000,-0.04237,+0.000,-1.059,+0.000,+0.000,-0.007,-1.066,2,+0.000,+0.000,+0.05078,+0.000,+1.269,+0.000,+0.000,-0.007,+1.263,2,+0.000,+0.000,-0.162,+0.197
DRV,71406,+0.0000,+0.0000,+0.0000,+0.0000,+0.0000,+0.0000,+0.000,+0.000,-0.00042,+0.0010,+0.0000,-0.039,2,1,+0.000,+0.000,-0.05672,+0.000,-1.418,+0.000,+0.000,-0.003,-1.421,2,+0.000,+0.000,+0.05077,+0.000,+1.269,+0.000,+0.000,-0.003,+1.266,2,+0.000,+0.001,-0.04237,+0.001,-1.059,-0.003,+0.000,-0.003,-1.065,2,+0.000,+0.000,+0.05078,+0.000,+1.269,+0.000,+0.000,-0.003,+1.266,2,+0.000,+0.001,-0.155,+0.201
DRV,71410,+0.0000,+0.0000,+0.0000,+0.0000,+0.0000,+0.0000,+0.000,+0.000,-0.00042,+0.0010,+0.0000,-0.039,2,1,+0.000,+0.000,-0.05672,+0.000,-1.418,+0.000,+0.000,-0.003,-1.421,2,+0.000,+0.000,+0.05077,+0.000,+1.269,+0.000,+0.000,-0.003,+1.266,0,+0.000,+0.000,-0.04237,+0.000,-1.059,+0.000,+0.000,-0.003,-1.062,2,+0.000,+0.000,+0.05078,+0.000,+1.269,+0.000,+0.000,-0.003,+1.266,2,+0.000,+0.000,-0.155,+0.204
DRV,71414,+0.0000,+0.0000,+0.0000,+0.0000,+0.0000,+0.0000,+0.000,+0.000,-0.00042,-0.0001,+0.0000,+0.004,2,1,+0.000,+0.000,-0.05672,+0.000,-1.418,+0.000,+0.000,+0.000,-1.418,0,+0.000,+0.000,+0.05077,+0.000,+1.269,+0.000,+0.000,+0.000,+1.270,0,+0.000,+0.000,-0.04237,+0.000,-1.059,+0.000,+0.000,+0.000,-1.059,2,+0.000,+0.000,+0.05078,+0.000,+1.269,+0.000,+0.000,+0.000,+1.270,2,+0.000,+0.000,-0.148,+0.211
DRV,71418,+0.0000,+0.0000,+0.0000,+0.0000,+0.0000,+0.0000,+0.000,+0.000,-0.00042,-0.0001,+0.0000,+0.004,2,1,+0.000,+0.000,-0.05672,+0.000,-1.418,+0.000,+0.000,+0.000,-1.418,0,+0.000,+0.000,+0.05077,+0.000,+1.269,+0.000,+0.000,+0.000,+1.270,2,+0.000,+0.000,-0.04237,+0.000,-1.059,+0.000,+0.000,+0.000,-1.059,2,+0.000,+0.000,+0.05078,+0.000,+1.269,+0.000,+0.000,+0.000,+1.270,0,+0.000,+0.000,-0.148,+0.211
DRV,71422,+3.3000,+0.0000,+3.6300,+0.0018,+0.0219,+0.0000,+10.962,+0.004,-0.00042,-0.0017,+0.0000,+0.067,0,0,+0.108,-0.000,-0.05536,-0.108,-1.384,+0.217,+0.108,+0.005,-1.054,2,+0.088,-0.004,+0.05188,-0.092,+1.297,+0.184,+0.088,+0.005,+1.574,2,-0.088,+0.000,-0.04347,+0.088,-1.087,-0.176,-0.088,+0.005,-1.346,0,-0.108,+0.000,+0.04942,+0.108,+1.235,-0.216,-0.108,+0.005,+0.917,0,-0.000,-0.004,-0.137,+0.228
DRV,71426,+3.3000,+0.0000,+3.6300,+0.0018,+0.0463,+0.0000,+6.090,+0.002,-0.00043,-0.0017,+0.0000,+0.067,0,0,+0.228,+0.009,-0.05039,-0.219,-1.260,+0.439,+0.228,+0.005,-0.588,2,+0.186,+0.022,+0.05555,-0.164,+1.389,+0.327,+0.186,+0.005,+1.907,2,-0.186,-0.037,-0.04715,+0.149,-1.179,-0.299,-0.186,+0.005,-1.658,0,-0.228,-0.010,+0.04483,+0.217,+1.121,-0.435,-0.228,+0.005,+0.464,2,-0.002,-0.014,-0.124,+0.249
DRV,71430,+3.3000,+0.0000,+3.6300,+0.0019,+0.0706,+0.0000,+6.090,+0.002,-0.00044,-0.0017,+0.0000,+0.067,0,0,+0.348,+0.019,-0.04317,-0.329,-1.079,+0.657,+0.348,+0.005,-0.069,2,+0.284,+0.080,+0.06054,-0.204,+1.513,+0.408,+0.284,+0.005,+2.211,2,-0.284,-0.049,-0.05291,+0.235,-1.323,-0.471,-0.284,+0.005,-2.072,2,-0.348,-0.017,+0.03723,+0.331,+0.931,-0.661,-0.348,+0.005,-0.073,2,+0.002,+0.031,-0.141,+0.139
DRV,71434,+3.3000,+0.0000,+3.6300,+0.0019,+0.0950,+0.0000,+6.090,+0.002,-0.00044,-0.0014,+0.0000,+0.056,0,0,+0.468,+0.011,-0.03255,-0.456,-0.814,+0.913,+0.468,+0.005,+0.571,2,+0.382,+0.087,+0.06760,-0.295,+1.690,+0.590,+0.382,+0.005,+2.666,2,-0.382,-0.060,-0.06074,+0.322,-1.519,-0.645,-0.382,+0.005,-2.541,2,-0.468,-0.012,+0.02662,+0.455,+0.665,-0.910,-0.468,+0.005,-0.708,2,-0.001,+0.027,-0.137,+0.125
DRV,71438,+3.3000,+0.0000,+3.6300,+0.0019,+0.1194,+0.0000,+6.090,+0.002,-0.00045,-0.0011,+0.0000,+0.046,0,0,+0.588,+0.059,-0.01968,-0.529,-0.492,+1.057,+0.588,+0.004,+1.156,2,+0.480,+0.213,+0.07520,-0.266,+1.880,+0.533,+0.480,+0.004,+2.896,2,-0.480,-0.119,-0.06950,+0.361,-1.738,-0.721,-0.480,+0.004,-2.935,2,-0.587,-0.047,+0.01376,+0.540,+0.344,-1.081,-0.587,+0.004,-1.320,2,+0.012,+0.094,-0.164,-0.039
DRV,71442,+3.3000,+0.0000,+3.6300,+0.0019,+0.1437,+0.0001,+6.090,+0.002,-0.00045,-0.0003,+0.0000,+0.014,0,0,+0.708,+0.051,-0.00380,-0.657,-0.095,+1.313,+0.708,+0.001,+1.927,2,+0.577,+0.257,+0.08296,-0.321,+2.074,+0.642,+0.577,+0.001,+3.294,2,-0.578,-0.144,-0.08035,+0.434,-2.009,-0.868,-0.578,+0.001,-3.453,2,-0.707,-0.062,-0.00212,+0.645,-0.053,-1.290,-0.707,+0.001,-2.049,2,-0.011,+0.113,-0.122,-0.159
DRV,71446,+3.3000,+0.0000,+3.6300,+0.0019,+0.1681,+0.0001,+6.090,+0.002,-0.00045,+0.0005,+0.0000,-0.018,0,0,+0.828,+0.165,+0.01279,-0.662,+0.320,+1.324,+0.828,-0.001,+2.470,2,+0.675,+0.249,+0.09319,-0.426,+2.330,+0.853,+0.675,-0.001,+3.856,0,-0.676,-0.212,-0.09211,+0.464,-2.303,-0.927,-0.676,-0.001,-3.907,2,-0.827,-0.206,-0.01832,+0.621,-0.458,-1.242,-0.827,-0.001,-2.529,2,-0.041,+0.037,-0.059,-0.051
DRV,71450,+3.3000,+0.0000,+3.6300,+0.0020,+0.1924,+0.0001,+6.090,+0.002,-0.00046,-0.0065,+0.0000,+0.258,0,0,+0.948,+0.200,+0.03125,-0.747,+0.781,+1.495,+0.948,+0.021,+3.244,2,+0.773,+0.349,+0.10433,-0.424,+2.608,+0.848,+0.773,+0.021,+4.251,0,-0.774,-0.257,-0.10519,+0.517,-2.630,-1.034,-0.774,+0.021,-4.416,2,-0.947,-0.305,-0.03408,+0.642,-0.852,-1.285,-0.947,+0.021,-3.063,2,-0.104,+0.092,+0.181,-0.166
DRV,71454,+3.3000,+0.0000,+3.6300,+0.0022,+0.2168,+0.0001,+6.090,+0.003,-0.00051,-0.0134,+0.0000,+0.534,0,0,+1.067,+0.397,+0.04927,-0.671,+1.232,+1.342,+1.067,+0.043,+3.684,0,+0.871,+0.404,+0.11832,-0.467,+2.958,+0.933,+0.871,+0.043,+4.805,0,-0.872,-0.295,-0.11958,+0.577,-2.990,-1.153,-0.872,+0.043,-4.972,2,-1.067,-0.372,-0.05171,+0.695,-1.293,-1.389,-1.067,+0.043,-3.706,2,+0.024,+0.109,-0.023,-0.167
DRV,71458,+3.3000,+0.0000,+3.6300,+0.0025,+0.2412,+0.0001,+6.090,+0.003,-0.00059,-0.0226,+0.0000,+0.906,0,0,+1.187,+0.627,+0.06763,-0.560,+1.691,+1.121,+1.187,+0.072,+4.071,0,+0.969,+0.563,+0.12902,-0.406,+3.225,+0.812,+0.969,+0.072,+5.079,2,-0.970,-0.408,-0.13452,+0.562,-3.363,-1.124,-0.970,+0.072,-5.384,2,-1.187,-0.645,-0.06698,+0.542,-1.674,-1.083,-1.187,+0.072,-3.872,0,-0.018,+0.155,+0.199,-0.305
DRV,71462,+3.3000,+0.0000,+3.6300,+0.0031,+0.2655,+0.0002,+6.090,+0.004,-0.00071,-0.0319,+0.0000,+1.276,0,0,+1.308,+0.682,+0.08324,-0.626,+2.081,+1.251,+1.308,+0.102,+4.742,2,+1.067,+0.772,+0.13680,-0.295,+3.420,+0.590,+1.067,+0.102,+5.179,2,-1.068,-0.489,-0.14924,+0.579,-3.731,-1.157,-1.068,+0.102,-5.854,0,-1.307,-0.802,-0.08449,+0.505,-2.112,-1.010,-1.307,+0.102,-4.327,0,-0.120,+0.282,+0.415,-0.675
DRV,71466,+3.3000,+0.0000,+3.6300,+0.0036,+0.2899,+0.0002,+6.090,+0.004,-0.00083,-0.0278,+0.0000,+1.114,0,0,+1.428,+0.705,+0.10188,-0.723,+2.547,+1.446,+1.428,+0.089,+5.509,2,+1.164,+0.680,+0.14628,-0.484,+3.657,+0.968,+1.164,+0.089,+5.878,2,-1.166,-0.560,-0.16795,+0.606,-4.199,-1.211,-1.166,+0.089,-6.487,0,-1.426,-0.823,-0.10003,+0.603,-2.501,-1.206,-1.426,+0.089,-5.044,2,-0.119,+0.120,+0.465,-0.609
DRV,71470,+3.3000,+0.0000,+3.6300,+0.0040,+0.3142,+0.0003,+6.090,+0.005,-0.00093,-0.0238,+0.0000,+0.952,0,0,+1.548,+0.932,+0.11931,-0.616,+2.983,+1.232,+1.548,+0.076,+5.838,2,+1.262,+0.684,+0.16012,-0.578,+4.003,+1.156,+1.262,+0.076,+6.498,2,-1.264,-0.782,-0.18146,+0.482,-4.537,-0.963,-1.264,+0.076,-6.688,0,-1.546,-1.010,-0.11551,+0.536,-2.888,-1.071,-1.546,+0.076,-5.429,2,-0.079,-0.099,+0.409,-0.190
DRV,71474,+3.3000,+0.0000,+3.6300,+0.0042,+0.3386,+0.0003,+6.090,+0.005,-0.00097,+0.0026,+0.0000,-0.103,0,0,+1.668,+1.058,+0.13592,-0.610,+3.398,+1.220,+1.668,-0.008,+6.277,2,+1.360,+0.828,+0.17374,-0.532,+4.343,+1.064,+1.360,-0.008,+6.759,2,-1.362,-0.942,-0.19169,+0.420,-4.792,-0.840,-1.362,-0.008,-7.002,2,-1.666,-1.168,-0.12940,+0.498,-3.235,-0.996,-1.666,-0.008,-5.906,2,-0.110,-0.114,+0.372,-0.243
DRV,71478,+3.3000,+0.0000,+3.6300,+0.0037,+0.3630,+0.0003,+6.090,+0.004,-0.00085,+0.0289,+0.0000,-1.156,0,0,+1.787,+1.336,+0.14980,-0.451,+3.745,+0.903,+1.787,-0.092,+6.343,2,+1.458,+1.138,+0.18330,-0.320,+4.582,+0.639,+1.458,-0.092,+6.587,2,-1.460,-0.827,-0.20476,+0.633,-5.119,-1.265,-1.460,-0.092,-7.937,2,-1.786,-1.472,-0.14093,+0.314,-3.523,-0.629,-1.786,-0.092,-6.031,2,-0.135,+0.311,+0.312,-1.350
DRV,71482,+3.3000,+0.0000,+3.6300,+0.0030,+0.3873,+0.0002,+6.090,+0.003,-0.00071,+0.0437,+0.0000,-1.749,0,0,+1.907,+1.301,+0.16438,-0.606,+4.110,+1.213,+1.907,-0.140,+7.090,2,+1.556,+1.182,+0.19072,-0.374,+4.768,+0.748,+1.556,-0.140,+6.932,2,-1.558,-1.050,-0.21951,+0.508,-5.488,-1.015,-1.558,-0.140,-8.201,2,-1.906,-1.842,-0.14590,+0.064,-3.647,-0.129,-1.906,-0.140,-5.822,2,-0.541,+0.132,+1.268,-1.268
DRV,71486,+3.3000,+0.0000,+3.6300,+0.0020,+0.4117,+0.0001,+6.090,+0.002,-0.00048,+0.0585,+0.0000,-2.341,0,0,+2.027,+1.307,+0.18389,-0.720,+4.597,+1.441,+2.027,-0.187,+7.878,2,+1.654,+1.172,+0.20176,-0.482,+5.044,+0.965,+1.654,-0.187,+7.476,0,-1.655,-1.286,-0.22829,+0.369,-5.707,-0.738,-1.655,-0.187,-8.288,2,-2.026,-1.961,-0.15043,+0.065,-3.761,-0.131,-2.026,-0.187,-6.105,2,-0.654,-0.114,+1.773,-0.812
DRV,71490,+3.3000,+0.0000,+3.6300,+0.0008,+0.4360,+0.0000,+6.090,+0.001,-0.00019,+0.0858,+0.0000,-3.433,0,0,+2.147,+1.978,+0.19491,-0.169,+4.873,+0.337,+2.147,-0.275,+7.082,0,+1.752,+1.456,+0.21067,-0.296,+5.267,+0.592,+1.752,-0.275,+7.337,0,-1.753,-1.229,-0.23913,+0.523,-5.978,-1.047,-1.753,-0.275,-9.052,2,-2.146,-2.142,-0.15261,+0.004,-3.815,-0.009,-2.146,-0.275,-6.245,2,-0.164,+0.227,+0.837,-1.715
DRV,71494,+3.3000,+0.0000,+3.6300,-0.0011,+0.4604,-0.0002,+6.090,-0.001,+0.00027,+0.1130,+0.0000,-4.521,0,0,+2.266,+1.819,+0.20393,-0.447,+5.098,+0.894,+2.266,-0.362,+7.896,0,+1.851,+1.609,+0.22666,-0.242,+5.667,+0.485,+1.851,-0.362,+7.641,2,-1.850,-1.361,-0.25203,+0.489,-6.301,-0.978,-1.850,-0.362,-9.490,2,-2.267,-2.650,-0.14938,-0.383,-3.735,+0.766,-2.267,-0.362,-5.597,0,-0.831,+0.248,+2.299,-1.849
DRV,71498,+3.3000,+0.0000,+3.6300,-0.0034,+0.4848,-0.0004,+6.090,-0.004,+0.00079,+0.1508,+0.0000,-6.033,0,0,+2.385,+1.817,+0.22938,-0.568,+5.735,+1.136,+2.385,-0.483,+8.773,2,+1.950,+1.429,+0.23939,-0.522,+5.985,+1.043,+1.950,-0.483,+8.495,2,-1.947,-1.492,-0.26161,+0.455,-6.540,-0.909,-1.947,-0.483,-9.879,0,-2.388,-2.925,-0.13960,-0.538,-3.490,+1.076,-2.388,-0.483,-5.284,0,-1.108,-0.063,+3.488,-1.384
DRV,71502,+3.3000,+0.0000,+3.6300,-0.0066,+0.5091,-0.0008,+6.090,-0.008,+0.00155,+0.1885,+0.0000,-7.542,0,0,+2.504,+2.412,+0.23490,-0.092,+5.873,+0.183,+2.504,-0.603,+7.956,2,+2.050,+2.091,+0.24656,+0.041,+6.164,-0.083,+2.050,-0.603,+7.528,2,-2.043,-1.509,-0.27477,+0.534,-6.869,-1.069,-2.043,-0.603,-10.584,0,-2.509,-2.941,-0.14666,-0.432,-3.666,+0.864,-2.509,-0.603,-5.914,2,-0.528,+0.582,+2.042,-3.056
DRV,71506,+3.3000,+0.0000,+3.6300,-0.0106,+0.5335,-0.0014,+6.090,-0.012,+0.00247,+0.2733,+0.0000,-10.932,0,0,+2.622,+2.626,+0.23218,+0.004,+5.805,-0.007,+2.622,-0.875,+7.545,2,+2.150,+2.062,+0.24665,-0.088,+6.166,+0.176,+2.150,-0.875,+7.617,2,-2.139,-1.996,-0.29341,+0.143,-7.335,-0.285,-2.139,-0.875,-10.634,2,-2.630,-3.472,-0.12685,-0.842,-3.171,+1.685,-2.630,-0.875,-4.991,2,-0.846,+0.066,+2.554,-3.017
DRV,71510,+3.3000,+0.0000,+3.6300,-0.0167,+0.5578,-0.0022,+6.090,-0.020,+0.00390,+0.3578,+0.0000,-14.312,0,0,+2.740,+2.248,+0.23818,-0.492,+5.954,+0.984,+2.740,-1.145,+8.533,2,+2.251,+1.722,+0.25886,-0.529,+6.472,+1.057,+2.251,-1.145,+8.635,2,-2.233,-2.194,-0.29717,+0.039,-7.429,-0.078,-2.233,-1.145,-10.885,2,-2.752,-3.315,-0.10590,-0.563,-2.648,+1.126,-2.752,-1.145,-5.418,2,-1.068,-0.472,+3.115,-2.251
DRV,71514,+3.3000,+0.0000,+3.6299,-0.0235,+0.5822,-0.0032,+6.089,-0.028,+0.00549,+0.4350,+0.0000,-17.402,0,0,+2.857,+2.308,+0.25133,-0.549,+6.283,+1.098,+2.857,-1.392,+8.846,2,+2.353,+2.225,+0.26903,-0.127,+6.726,+0.255,+2.353,-1.392,+7.941,2,-2.327,-2.580,-0.29486,-0.253,-7.372,+0.505,-2.327,-1.392,-10.586,2,-2.875,-3.226,-0.09340,-0.351,-2.335,+0.703,-2.875,-1.392,-5.899,2,-0.918,-0.354,+2.947,-2.645
DRV,71518,+3.3000,+0.0000,+3.6299,-0.0323,+0.6065,-0.0045,+6.089,-0.038,+0.00754,+0.5120,+0.0000,-20.482,0,0,+2.973,+2.789,+0.25629,-0.184,+6.407,+0.368,+2.973,-1.639,+8.109,2,+2.456,+2.530,+0.26875,+0.074,+6.719,-0.148,+2.456,-1.639,+7.388,2,-2.420,-2.070,-0.29987,+0.349,-7.497,-0.698,-2.420,-1.639,-12.253,2,-2.999,-3.304,-0.08361,-0.305,-2.090,+0.610,-2.999,-1.639,-6.118,2,-0.515,+0.460,+1.991,-4.865
DRV,71522,+3.3000,+0.0000,+3.6298,-0.0417,+0.6309,-0.0061,+6.088,-0.049,+0.00972,+0.5791,+0.0000,-23.165,0,0,+3.088,+2.697,+0.26185,-0.391,+6.546,+0.783,+3.088,-1.853,+8.564,2,+2.560,+2.311,+0.27568,-0.249,+6.892,+0.498,+2.560,-1.853,+8.096,0,-2.511,-2.414,-0.30911,+0.097,-7.728,-0.194,-2.511,-1.853,-12.286,2,-3.123,-3.599,-0.06966,-0.476,-1.741,+0.952,-3.123,-1.853,-5.766,2,-0.902,-0.103,+2.798,-4.190
DRV,71526,+3.3000,+0.0000,+3.6297,-0.0528,+0.6552,-0.0079,+6.087,-0.062,+0.01230,+0.6460,+0.0000,-25.841,0,0,+3.203,+2.854,+0.27030,-0.349,+6.757,+0.698,+3.203,-2.067,+8.591,0,+2.665,+2.763,+0.27911,+0.098,+6.978,-0.196,+2.665,-2.067,+7.380,0,-2.602,-2.915,-0.30528,-0.314,-7.632,+0.628,-2.602,-2.067,-11.673,2,-3.248,-3.522,-0.05808,-0.274,-1.452,+0.549,-3.248,-2.067,-6.218,2,-0.669,-0.152,+2.373,-4.293
DRV,71530,+3.3000,+0.0000,+3.6296,-0.0641,+0.6795,-0.0100,+6.085,-0.076,+0.01493,+0.6687,+0.0000,-26.747,0,0,+3.317,+3.190,+0.29465,-0.127,+7.366,+0.254,+3.317,-2.140,+8.798,0,+2.771,+2.607,+0.29670,-0.164,+7.418,+0.328,+2.771,-2.140,+8.377,2,-2.691,-2.860,-0.30332,-0.168,-7.583,+0.337,-2.691,-2.140,-12.077,2,-3.373,-3.506,-0.05041,-0.132,-1.260,+0.265,-3.373,-2.140,-6.509,0,-0.316,-0.252,+2.289,-3.700
DRV,71534,+3.3000,+0.0000,+3.6294,-0.0759,+0.7038,-0.0122,+6.084,-0.090,+0.01770,+0.6913,-0.0503,-29.661,0,0,+3.407,+3.208,+0.30124,-0.199,+7.531,+0.398,+3.407,-2.373,+8.963,2,+2.855,+2.383,+0.30556,-0.472,+7.639,+0.944,+2.855,-2.373,+9.065,2,-2.803,-3.465,-0.29391,-0.662,-7.348,+1.325,-2.803,-2.373,-11.198,0,-3.522,-3.708,-0.04352,-0.186,-1.088,+0.371,-3.522,-2.373,-6.612,0,-0.500,-1.082,+2.351,-2.133
DRV,71538,+3.3000,+0.0000,+3.6292,-0.0877,+0.7281,-0.0146,+6.081,-0.103,+0.02044,+0.6784,-0.1508,-33.169,0,0,+3.474,+3.231,+0.30914,-0.243,+7.728,+0.487,+3.474,-2.654,+9.036,2,+2.916,+2.719,+0.31252,-0.197,+7.813,+0.394,+2.916,-2.654,+8.470,2,-2.937,-3.369,-0.28337,-0.432,-7.084,+0.864,-2.937,-2.654,-11.810,0,-3.694,-4.159,-0.05973,-0.465,-1.493,+0.930,-3.694,-2.654,-6.911,2,-0.928,-0.649,+2.125,-3.340
DRV,71542,+3.3000,+0.0000,+3.6290,-0.0991,+0.7524,-0.0170,+6.079,-0.117,+0.02310,+0.6656,-0.2513,-36.679,0,0,+3.541,+3.574,+0.31488,+0.033,+7.872,-0.065,+3.541,-2.934,+8.414,2,+2.978,+2.966,+0.31027,-0.012,+7.757,+0.024,+2.978,-2.934,+7.825,2,-3.070,-3.166,-0.29872,-0.096,-7.468,+0.192,-3.070,-2.934,-13.281,2,-3.866,-4.411,-0.04997,-0.545,-1.249,+1.090,-3.866,-2.934,-6.960,2,-0.837,-0.200,+1.454,-5.456
DRV,71546,+3.3000,+0.0000,+3.6288,-0.1110,+0.7767,-0.0196,+6.076,-0.132,+0.02589,+0.7279,-0.3519,-43.190,0,0,+3.608,+4.100,+0.30772,+0.493,+7.693,-0.986,+3.608,-3.455,+6.860,2,+3.040,+2.650,+0.31343,-0.390,+7.836,+0.780,+3.040,-3.455,+8.201,2,-3.203,-3.246,-0.29478,-0.043,-7.370,+0.087,-3.203,-3.455,-13.941,2,-4.039,-4.289,-0.04417,-0.250,-1.104,+0.500,-4.039,-3.455,-8.099,2,-0.188,-0.596,-1.239,-5.740
DRV,71550,+3.3000,+0.0000,+3.6285,-0.1246,+0.8009,-0.0226,+6.073,-0.148,+0.02905,+0.7900,-0.4524,-49.694,0,0,+3.672,+3.356,+0.30949,-0.316,+7.737,+0.632,+3.672,-3.976,+8.066,2,+3.104,+2.882,+0.31933,-0.222,+7.983,+0.445,+3.104,-3.976,+7.557,2,-3.334,-3.492,-0.28993,-0.159,-7.248,+0.317,-3.334,-3.976,-14.240,2,-4.213,-4.517,-0.04233,-0.304,-1.058,+0.608,-4.213,-3.976,-8.638,2,-1.160,-0.610,-0.572,-6.684
DRV,71554,+3.3000,+0.0000,+3.6281,-0.1380,+0.8251,-0.0258,+6.068,-0.164,+0.03217,+0.7708,-0.5529,-52.950,0,0,+3.737,+3.495,+0.32132,-0.242,+8.033,+0.483,+3.737,-4.236,+8.017,2,+3.169,+2.914,+0.32301,-0.255,+8.075,+0.509,+3.169,-4.236,+7.517,2,-3.464,-4.118,-0.27416,-0.654,-6.854,+1.309,-3.464,-4.236,-13.245,2,-4.386,-5.038,-0.03336,-0.652,-0.834,+1.304,-4.386,-4.236,-8.153,2,-1.543,-1.204,-0.135,-5.728
DRV,71558,+3.3000,+0.0000,+3.6278,-0.1509,+0.8493,-0.0290,+6.064,-0.179,+0.03518,+0.7517,-0.6535,-56.208,0,0,+3.801,+4.011,+0.32172,+0.210,+8.043,-0.419,+3.801,-4.497,+6.928,2,+3.233,+2.875,+0.32984,-0.358,+8.246,+0.716,+3.233,-4.497,+7.698,0,-3.594,-4.100,-0.25590,-0.506,-6.398,+1.012,-3.594,-4.497,-13.477,2,-4.560,-5.248,-0.01956,-0.687,-0.489,+1.375,-4.560,-4.497,-8.171,2,-1.237,-1.225,-1.243,-5.778
DRV,71562,+3.3000,+0.0000,+3.6274,-0.1632,+0.8734,-0.0322,+6.060,-0.194,+0.03804,+0.6813,-1.4386,-84.798,0,0,+3.554,+3.748,+0.31982,+0.195,+7.996,-0.389,+3.554,-6.784,+4.376,2,+2.986,+2.944,+0.33246,-0.041,+8.311,+0.083,+2.986,-6.784,+4.596,0,-4.035,-4.278,-0.24598,-0.242,-6.149,+0.485,-4.035,-6.784,-16.484,2,-5.045,-5.468,-0.01173,-0.423,-0.293,+0.846,-5.045,-6.784,-11.276,2,-1.720,-1.333,-6.900,-11.888
DRV,71566,+3.3000,+0.0000,+3.6270,-0.1736,+0.8976,-0.0352,+6.056,-0.207,+0.04049,+0.6111,-1.5217,-85.313,0,0,+3.626,+3.029,+0.32729,-0.598,+8.182,+1.195,+3.626,-6.825,+6.179,0,+3.057,+2.193,+0.34096,-0.864,+8.524,+1.727,+3.057,-6.825,+6.483,0,-4.158,-5.490,-0.21971,-1.332,-5.493,+2.663,-4.158,-6.825,-13.813,2,-5.210,-6.573,+0.00562,-1.363,+0.140,+2.726,-5.210,-6.825,-9.169,2,-3.544,-3.296,-2.990,-7.329
DRV,71570,+3.3000,+0.0000,+3.6267,-0.1832,+0.9217,-0.0381,+6.052,-0.219,+0.04272,+0.5054,-1.5937,-83.962,0,0,+3.704,+2.881,+0.36618,-0.824,+9.155,+1.647,+3.704,-6.717,+7.789,0,+3.133,+2.126,+0.38047,-1.007,+9.512,+2.013,+3.133,-6.717,+7.941,2,-4.276,-5.525,-0.17843,-1.248,-4.461,+2.497,-4.276,-6.717,-12.957,2,-5.370,-7.178,+0.04421,-1.808,+1.105,+3.617,-5.370,-6.717,-7.365,0,-4.298,-3.398,+0.424,-5.017
DRV,71574,+3.3000,+0.0000,+3.6264,-0.1901,+0.9458,-0.0404,+6.049,-0.227,+0.04432,+0.3999,-1.6434,-81.732,0,0,+3.794,+3.646,+0.37314,-0.148,+9.329,+0.296,+3.794,-6.539,+6.879,2,+3.217,+3.147,+0.39521,-0.070,+9.880,+0.139,+3.217,-6.539,+6.698,2,-4.386,-5.548,-0.14532,-1.162,-3.633,+2.324,-4.386,-6.539,-12.234,0,-5.518,-6.305,+0.03224,-0.787,+0.806,+1.573,-5.518,-6.539,-9.678,2,-2.659,-2.401,-2.798,-5.536
DRV,71578,+3.3000,+0.0000,+3.6262,-0.1960,+0.9700,-0.0427,+6.046,-0.234,+0.04571,+0.2943,-1.6853,-79.183,0,0,+3.887,+3.677,+0.37243,-0.210,+9.311,+0.420,+3.887,-6.335,+7.284,2,+3.304,+3.579,+0.39063,+0.275,+9.766,-0.551,+3.304,-6.335,+6.184,2,-4.493,-5.651,-0.15059,-1.158,-3.765,+2.315,-4.493,-6.335,-12.277,0,-5.662,-5.691,+0.04152,-0.028,+1.038,+0.056,-5.662,-6.335,-10.903,2,-2.014,-2.072,-3.619,-6.093
DRV,71582,+3.3000,+0.0000,+3.6261,-0.1993,+0.9941,-0.0444,+6.044,-0.239,+0.04646,+0.1890,-1.7077,-75.867,0,0,+3.991,+3.214,+0.38465,-0.777,+9.616,+1.553,+3.991,-6.069,+9.091,2,+3.397,+2.566,+0.40409,-0.832,+10.102,+1.663,+3.397,-6.069,+9.094,2,-4.594,-5.018,-0.13694,-0.424,-3.424,+0.849,-4.594,-6.069,-13.238,2,-5.796,-6.448,+0.05623,-0.652,+1.406,+1.304,-5.796,-6.069,-9.156,2,-3.234,-2.452,-0.065,-4.144
DRV,71586,+3.3000,+0.0000,+3.6260,-0.2012,+1.0183,-0.0458,+6.043,-0.241,+0.04691,+0.0335,-1.7207,-70.169,0,0,+4.100,+3.858,+0.39493,-0.242,+9.873,+0.485,+4.100,-5.614,+8.844,2,+3.494,+3.195,+0.41996,-0.299,+10.499,+0.598,+3.494,-5.614,+8.978,2,-4.691,-5.256,-0.13345,-0.565,-3.336,+1.129,-4.691,-5.614,-12.512,2,-5.925,-6.395,+0.07683,-0.470,+1.921,+0.940,-5.925,-5.614,-8.677,2,-2.538,-2.060,+0.167,-3.534
DRV,71590,+3.3000,+0.0000,+3.6261,-0.1991,+1.0425,-0.0462,+6.044,-0.239,+0.04642,-0.1215,-1.7065,-63.398,0,0,+4.224,+4.332,+0.39140,+0.107,+9.785,-0.215,+4.224,-5.072,+8.723,2,+3.600,+4.287,+0.41121,+0.687,+10.280,-1.374,+3.600,-5.072,+7.434,2,-4.780,-5.817,-0.11305,-1.037,-2.826,+2.074,-4.780,-5.072,-10.604,2,-6.039,-5.747,+0.08147,+0.292,+2.037,-0.583,-6.039,-5.072,-9.658,2,-1.416,-1.530,-0.935,-3.170
DRV,71594,+3.3000,+0.0000,+3.6262,-0.1959,+1.0667,-0.0464,+6.046,-0.236,+0.04568,-0.2474,-1.6846,-57.488,0,0,+4.353,+4.347,+0.38568,-0.006,+9.642,+0.012,+4.353,-4.599,+9.408,2,+3.708,+4.095,+0.40016,+0.387,+10.004,-0.775,+3.708,-4.599,+8.338,2,-4.867,-4.613,-0.11058,+0.254,-2.764,-0.508,-4.867,-4.599,-12.738,2,-6.149,-5.852,+0.07563,+0.297,+1.891,-0.594,-6.149,-4.599,-9.451,2,-1.505,-0.518,-0.043,-4.400
DRV,71598,+3.3000,+0.0000,+3.6265,-0.1895,+1.0909,-0.0457,+6.048,-0.228,+0.04419,-0.3729,-1.6395,-50.664,0,0,+4.495,+4.300,+0.38731,-0.195,+9.683,+0.390,+4.495,-4.053,+10.515,2,+3.823,+3.684,+0.40386,-0.139,+10.097,+0.278,+3.823,-4.053,+10.145,0,-4.946,-5.269,-0.11858,-0.323,-2.964,+0.645,-4.946,-4.053,-11.319,2,-6.246,-6.073,+0.07726,+0.173,+1.932,-0.346,-6.246,-4.053,-8.714,2,-1.773,-1.585,+1.801,-1.174
DRV,71602,+3.3000,+0.0000,+3.6267,-0.1822,+1.1152,-0.0448,+6.051,-0.220,+0.04248,-0.4828,-1.5862,-44.134,0,0,+4.641,+4.909,+0.38144,+0.268,+9.536,-0.535,+4.641,-3.531,+10.111,0,+3.941,+4.211,+0.40551,+0.270,+10.138,-0.540,+3.941,-3.531,+10.008,0,-5.024,-5.605,-0.10746,-0.581,-2.686,+1.163,-5.024,-3.531,-10.078,2,-6.338,-5.708,+0.06924,+0.630,+1.731,-1.261,-6.338,-3.531,-9.399,2,-0.799,-1.394,+0.712,-0.070
DRV,71606,+3.3000,+0.0000,+3.6271,-0.1720,+1.1395,-0.0429,+6.055,-0.208,+0.04011,-0.5924,-1.5092,-36.670,0,0,+4.801,+5.089,+0.36956,+0.288,+9.239,-0.576,+4.801,-2.934,+10.530,0,+4.066,+4.263,+0.42600,+0.196,+10.650,-0.393,+4.066,-2.934,+11.390,2,-5.094,-4.798,-0.11155,+0.295,-2.789,-0.591,-5.094,-2.934,-11.407,2,-6.418,-6.222,+0.06568,+0.196,+1.642,-0.391,-6.418,-2.934,-8.100,0,-1.133,-0.535,+2.430,-0.017
DRV,71610,+3.3000,+0.0000,+3.6274,-0.1618,+1.1639,-0.0410,+6.059,-0.196,+0.03773,-0.5979,-1.4277,-33.193,0,0,+4.964,+5.328,+0.39395,+0.364,+9.849,-0.728,+4.964,-2.655,+11.429,2,+4.194,+4.573,+0.41669,+0.380,+10.417,-0.760,+4.194,-2.655,+11.196,2,-5.162,-5.344,-0.11815,-0.182,-2.954,+0.363,-5.162,-2.655,-10.408,0,-6.495,-6.316,+0.06591,+0.179,+1.648,-0.358,-6.495,-2.655,-7.860,0,-0.988,-0.771,+3.568,+0.787
DRV,71614,+3.3000,+0.0000,+3.6277,-0.1515,+1.1882,-0.0389,+6.063,-0.184,+0.03531,-0.6033,-1.3400,-29.467,0,0,+5.129,+5.690,+0.38913,+0.561,+9.728,-1.121,+5.129,-2.357,+11.379,2,+4.323,+5.349,+0.39337,+1.026,+9.834,-2.052,+4.323,-2.357,+9.748,2,-5.229,-5.409,-0.11530,-0.181,-2.883,+0.361,-5.229,-2.357,-10.107,0,-6.569,-6.930,+0.02821,-0.361,+0.705,+0.722,-6.569,-2.357,-7.500,0,-1.240,-0.061,+3.879,-0.359
DRV,71618,+3.3000,+0.0000,+3.6280,-0.1418,+1.2126,-0.0370,+6.066,-0.174,+0.03307,-0.5215,-1.2528,-29.252,0,0,+5.294,+6.386,+0.37006,+1.092,+9.252,-2.184,+5.294,-2.340,+10.022,2,+4.452,+5.288,+0.36525,+0.836,+9.131,-1.671,+4.452,-2.340,+9.572,2,-5.295,-4.646,-0.15668,+0.649,-3.917,-1.298,-5.295,-2.340,-12.850,2,-6.644,-6.707,+0.02662,-0.063,+0.666,+0.126,-6.644,-2.340,-8.192,2,-0.320,+0.642,+1.829,-3.278
DRV,71622,+3.3000,+0.0000,+3.6282,-0.1343,+1.2369,-0.0355,+6.068,-0.166,+0.03131,-0.4399,-1.1801,-29.605,0,0,+5.451,+5.949,+0.35690,+0.498,+8.922,-0.996,+5.451,-2.368,+11.009,2,+4.577,+5.030,+0.34490,+0.452,+8.623,-0.905,+4.577,-2.368,+9.927,2,-5.365,-5.473,-0.15916,-0.107,-3.979,+0.214,-5.365,-2.368,-11.499,2,-6.726,-6.818,+0.02300,-0.092,+0.575,+0.183,-6.726,-2.368,-8.336,2,-0.868,-0.443,+2.673,-1.572
DRV,71626,+3.3000,+0.0000,+3.6284,-0.1278,+1.2612,-0.0342,+6.070,-0.159,+0.02980,-0.3151,-1.1139,-31.954,0,0,+5.605,+5.770,+0.35493,+0.166,+8.873,-0.331,+5.605,-2.556,+11.590,2,+4.700,+5.147,+0.33151,+0.447,+8.288,-0.894,+4.700,-2.556,+9.537,2,-5.438,-5.948,-0.14081,-0.510,-3.520,+1.020,-5.438,-2.556,-10.495,2,-6.812,-6.962,+0.01918,-0.150,+0.480,+0.300,-6.812,-2.556,-8.589,2,-1.192,-0.801,+3.001,-0.957
DRV,71630,+3.3000,+0.0000,+3.6285,-0.1245,+1.2855,-0.0339,+6.071,-0.156,+0.02903,-0.1906,-1.0790,-35.535,0,0,+5.741,+6.235,+0.35033,+0.494,+8.758,-0.988,+5.741,-2.843,+10.669,2,+4.813,+5.262,+0.31408,+0.449,+7.852,-0.899,+4.813,-2.843,+8.923,2,-5.521,-5.347,-0.13562,+0.175,-3.391,-0.349,-5.521,-2.843,-12.104,2,-6.915,-6.570,+0.01746,+0.345,+0.436,-0.691,-6.915,-2.843,-10.012,2,-0.335,-0.085,+0.657,-3.181
DRV,71634,+3.3000,+0.0000,+3.6285,-0.1223,+1.3098,-0.0338,+6.071,-0.154,+0.02850,-0.0748,-1.0540,-39.169,0,0,+5.872,+6.181,+0.34719,+0.308,+8.680,-0.617,+5.872,-3.134,+10.802,2,+4.921,+4.443,+0.31553,-0.478,+7.888,+0.956,+4.921,-3.134,+10.632,0,-5.608,-5.550,-0.13448,+0.057,-3.362,-0.115,-5.608,-3.134,-12.218,2,-7.023,-6.883,+0.00963,+0.140,+0.241,-0.280,-7.023,-3.134,-10.196,2,-0.702,-1.107,+0.606,-1.586
DRV,71638,+3.3000,+0.0000,+3.6285,-0.1230,+1.3341,-0.0347,+6.071,-0.156,+0.02867,+0.0407,-1.0617,-44.099,0,0,+5.986,+6.313,+0.34313,+0.327,+8.578,-0.655,+5.986,-3.528,+10.382,0,+5.019,+4.945,+0.31910,-0.074,+7.978,+0.148,+5.019,-3.528,+9.616,0,-5.706,-5.488,-0.13422,+0.218,-3.356,-0.435,-5.706,-3.528,-13.024,2,-7.149,-6.624,-0.00625,+0.525,-0.156,-1.050,-7.149,-3.528,-11.883,2,-0.310,-0.543,-1.501,-3.408
DRV,71642,+3.3000,+0.0000,+3.6285,-0.1243,+1.3584,-0.0357,+6.070,-0.159,+0.02897,+0.1117,-1.0761,-47.510,0,0,+6.096,+5.620,+0.38599,-0.476,+9.650,+0.953,+6.096,-3.801,+12.898,2,+5.114,+5.375,+0.34695,+0.261,+8.674,-0.522,+5.114,-3.801,+9.465,2,-5.805,-5.213,-0.13951,+0.593,-3.488,-1.185,-5.805,-3.801,-14.279,2,-7.278,-7.020,-0.02160,+0.258,-0.540,-0.516,-7.278,-3.801,-12.134,0,-1.400,+0.162,+0.763,-4.815
DRV,71646,+3.3000,+0.0000,+3.6284,-0.1274,+1.3826,-0.0374,+6.069,-0.163,+0.02970,+0.1824,-1.1096,-51.683,0,0,+6.195,+6.259,+0.38767,+0.064,+9.692,-0.127,+6.195,-4.135,+11.625,2,+5.203,+5.067,+0.35098,-0.136,+8.774,+0.272,+5.203,-4.135,+10.114,2,-5.912,-5.556,-0.14744,+0.356,-3.686,-0.712,-5.912,-4.135,-14.444,0,-7.417,-7.430,-0.03034,-0.013,-0.758,+0.026,-7.417,-4.135,-12.284,0,-1.171,-0.489,-0.658,-4.330
DRV,71650,+3.3000,+0.0000,+3.6283,-0.1301,+1.4069,-0.0389,+6.068,-0.167,+0.03032,+0.1470,-1.1375,-51.380,0,0,+6.298,+6.310,+0.37771,+0.013,+9.443,-0.026,+6.298,-4.110,+11.605,2,+5.294,+5.250,+0.35804,-0.043,+8.951,+0.086,+5.294,-4.110,+10.221,2,-6.016,-6.111,-0.14496,-0.095,-3.624,+0.190,-6.016,-4.110,-13.560,0,-7.553,-7.470,-0.07934,+0.084,-1.984,-0.167,-7.553,-4.110,-13.814,2,-1.159,-0.860,-2.210,-3.339
DRV,71654,+3.3000,+0.0000,+3.6283,-0.1326,+1.4311,-0.0404,+6.067,-0.171,+0.03091,+0.1467,-1.1632,-52.394,0,0,+6.401,+6.129,+0.37917,-0.272,+9.479,+0.545,+6.401,-4.192,+12.233,2,+5.386,+5.480,+0.36051,+0.094,+9.013,-0.189,+5.386,-4.192,+10.018,2,-6.119,-6.858,-0.17423,-0.740,-4.356,+1.479,-6.119,-4.192,-13.186,2,-7.689,-8.634,-0.05965,-0.945,-1.491,+1.890,-7.689,-4.192,-11.481,2,-2.505,-1.379,+0.752,-3.168
DRV,71658,+3.3000,+0.0000,+3.6282,-0.1335,+1.4554,-0.0414,+6.066,-0.172,+0.03114,+0.0257,-1.1728,-47.938,0,0,+6.513,+6.731,+0.37378,+0.217,+9.345,-0.435,+6.513,-3.835,+11.588,2,+5.483,+5.255,+0.36691,-0.228,+9.173,+0.456,+5.483,-3.835,+11.276,2,-6.216,-7.163,-0.15882,-0.947,-3.970,+1.893,-6.216,-3.835,-12.129,2,-7.815,-9.475,-0.01522,-1.660,-0.380,+3.319,-7.815,-3.835,-8.712,2,-2.744,-1.908,+2.877,-0.853
DRV,71662,+3.3000,+0.0000,+3.6282,-0.1340,+1.4796,-0.0422,+6.066,-0.173,+0.03124,+0.0256,-1.1772,-48.112,0,0,+6.628,+7.157,+0.35595,+0.529,+8.899,-1.058,+6.628,-3.849,+10.620,2,+5.582,+5.571,+0.37464,-0.010,+9.366,+0.020,+5.582,-3.849,+11.119,2,-6.313,-6.825,-0.14697,-0.513,-3.674,+1.026,-6.313,-3.849,-12.810,2,-7.939,-9.363,+0.03147,-1.424,+0.787,+2.847,-7.939,-3.849,-8.154,2,-2.205,-1.254,+2.466,-1.691
DRV,71666,+3.3000,+0.0000,+3.6282,-0.1354,+1.5039,-0.0434,+6.065,-0.176,+0.03157,+0.1027,-1.1913,-51.761,0,0,+6.738,+6.854,+0.34322,+0.116,+8.580,-0.232,+6.738,-4.141,+10.945,2,+5.677,+5.778,+0.37752,+0.100,+9.438,-0.201,+5.677,-4.141,+10.774,2,-6.412,-6.958,-0.13952,-0.547,-3.488,+1.094,-6.412,-4.141,-12.947,2,-8.068,-9.068,+0.06767,-1.000,+1.692,+2.001,-8.068,-4.141,-8.517,2,-2.214,-1.181,+2.428,-2.173
DRV,71670,+3.3000,+0.0000,+3.6281,-0.1372,+1.5281,-0.0448,+6.064,-0.179,+0.03198,+0.1025,-1.2085,-52.440,0,0,+6.846,+7.221,+0.33128,+0.376,+8.282,-0.751,+6.846,-4.195,+10.181,2,+5.772,+5.828,+0.38126,+0.056,+9.531,-0.111,+5.772,-4.195,+10.998,0,-6.512,-7.090,-0.13150,-0.579,-3.288,+1.157,-6.512,-4.195,-12.837,2,-8.199,-8.769,+0.09291,-0.569,+2.323,+1.139,-8.199,-4.195,-8.933,2,-1.547,-1.262,+1.248,-1.840
DRV,71674,+3.3000,+0.0000,+3.6280,-0.1411,+1.5523,-0.0469,+6.063,-0.185,+0.03289,+0.2698,-1.2459,-60.627,0,0,+6.942,+6.842,+0.32223,-0.100,+8.056,+0.200,+6.942,-4.850,+10.347,0,+5.861,+6.151,+0.38114,+0.289,+9.528,-0.579,+5.861,-4.850,+9.961,0,-6.617,-7.243,-0.11957,-0.625,-2.989,+1.251,-6.617,-4.850,-13.206,2,-8.341,-8.473,+0.10623,-0.132,+2.656,+0.264,-8.341,-4.850,-10.272,2,-1.632,-1.092,+0.076,-3.245
DRV,71678,+3.3000,+0.0000,+3.6279,-0.1457,+1.5765,-0.0493,+6.061,-0.192,+0.03397,+0.2693,-1.2886,-62.315,0,0,+7.034,+6.604,+0.32548,-0.431,+8.137,+0.861,+7.034,-4.985,+11.048,0,+5.949,+5.815,+0.41812,-0.134,+10.453,+0.268,+5.949,-4.985,+11.684,0,-6.724,-7.102,-0.11456,-0.378,-2.864,+0.757,-6.724,-4.985,-13.817,2,-8.487,-8.448,+0.11245,+0.039,+2.811,-0.078,-8.487,-4.985,-10.739,0,-1.844,-1.287,+0.308,-2.132
DRV,71682,+3.3000,+0.0000,+3.6277,-0.1521,+1.6007,-0.0525,+6.058,-0.201,+0.03546,+0.4075,-1.3456,-70.123,0,0,+7.118,+7.107,+0.37310,-0.011,+9.328,+0.022,+7.118,-5.610,+10.859,0,+6.033,+5.849,+0.41888,-0.184,+10.472,+0.368,+6.033,-5.610,+11.263,2,-6.834,-7.219,-0.10998,-0.384,-2.750,+0.769,-6.834,-5.610,-14.425,0,-8.641,-8.495,+0.11716,+0.145,+2.929,-0.291,-8.641,-5.610,-11.612,0,-1.388,-1.370,-0.753,-3.162
DRV,71686,+3.3000,+0.0000,+3.6275,-0.1591,+1.6248,-0.0560,+6.054,-0.211,+0.03709,+0.4067,-1.4050,-72.470,0,0,+7.200,+6.998,+0.38059,-0.202,+9.515,+0.405,+7.200,-5.798,+11.322,2,+6.117,+6.363,+0.41139,+0.247,+10.285,-0.494,+6.117,-5.798,+10.110,2,-6.945,-7.338,-0.10512,-0.393,-2.628,+0.787,-6.945,-5.798,-14.583,0,-8.796,-8.715,+0.06044,+0.081,+1.511,-0.162,-8.796,-5.798,-13.245,2,-1.717,-0.975,-1.923,-4.473
DRV,71690,+3.3000,+0.0000,+3.6273,-0.1661,+1.6489,-0.0595,+6.051,-0.221,+0.03872,+0.4086,-1.4623,-74.833,0,0,+7.283,+6.870,+0.39668,-0.413,+9.917,+0.826,+7.283,-5.987,+12.040,2,+6.202,+6.006,+0.40757,-0.195,+10.189,+0.391,+6.202,-5.987,+10.795,2,-7.053,-7.061,-0.14672,-0.008,-3.668,+0.016,-7.053,-5.987,-16.692,2,-8.951,-8.826,+0.04890,+0.125,+1.223,-0.250,-8.951,-5.987,-13.966,2,-1.956,-1.055,-1.926,-5.897
DRV,71694,+3.3000,+0.0000,+3.6270,-0.1731,+1.6730,-0.0631,+6.047,-0.230,+0.04035,+0.4077,-1.5173,-77.003,0,0,+7.366,+7.311,+0.40795,-0.055,+10.199,+0.110,+7.366,-6.160,+11.515,2,+6.288,+5.955,+0.41243,-0.333,+10.311,+0.666,+6.288,-6.160,+11.104,2,-7.161,-7.511,-0.13426,-0.350,-3.357,+0.701,-7.161,-6.160,-15.977,2,-9.105,-8.770,+0.03541,+0.334,+0.885,-0.669,-9.105,-6.160,-15.049,2,-1.459,-1.556,-3.534,-4.873
DRV,71698,+3.3000,+0.0000,+3.6269,-0.1784,+1.6971,-0.0661,+6.045,-0.237,+0.04159,+0.2761,-1.5577,-73.353,0,0,+7.458,+7.517,+0.41225,+0.059,+10.306,-0.118,+7.458,-5.868,+11.778,2,+6.379,+6.352,+0.40994,-0.027,+10.249,+0.053,+6.379,-5.868,+10.812,2,-7.264,-7.751,-0.11446,-0.488,-2.862,+0.975,-7.264,-5.868,-15.018,2,-9.251,-9.119,+0.01973,+0.132,+0.493,-0.264,-9.251,-5.868,-14.889,2,-1.602,-1.400,-3.111,-4.206
DRV,71702,+3.3000,+0.0000,+3.6267,-0.1831,+1.7212,-0.0690,+6.042,-0.244,+0.04269,+0.2755,-1.5929,-74.739,0,0,+7.553,+7.658,+0.41777,+0.105,+10.444,-0.210,+7.553,-5.979,+11.808,2,+6.471,+5.943,+0.41246,-0.528,+10.311,+1.056,+6.471,-5.979,+11.859,2,-7.365,-7.447,-0.10220,-0.082,-2.555,+0.164,-7.365,-5.979,-15.735,2,-9.393,-9.996,+0.02117,-0.603,+0.529,+1.205,-9.393,-5.979,-13.638,2,-2.338,-1.504,-1.830,-3.876
DRV,71706,+3.3000,+0.0000,+3.6266,-0.1844,+1.7454,-0.0705,+6.042,-0.245,+0.04301,+0.0128,-1.6028,-64.624,0,0,+7.663,+8.035,+0.41788,+0.373,+10.447,-0.745,+7.663,-5.170,+12.195,2,+6.570,+5.947,+0.42354,-0.623,+10.588,+1.246,+6.570,-5.170,+13.234,2,-7.461,-7.739,-0.09545,-0.278,-2.386,+0.556,-7.461,-5.170,-14.461,2,-9.521,-10.271,+0.03116,-0.750,+0.779,+1.499,-9.521,-5.170,-12.412,2,-2.235,-1.792,-0.218,-1.227
DRV,71710,+3.3000,+0.0000,+3.6266,-0.1847,+1.7695,-0.0716,+6.041,-0.246,+0.04306,+0.0128,-1.6044,-64.687,0,0,+7.778,+8.775,+0.40525,+0.997,+10.131,-1.994,+7.778,-5.175,+10.740,2,+6.670,+6.685,+0.42487,+0.015,+10.622,-0.030,+6.670,-5.175,+12.087,0,-7.554,-7.734,-0.08262,-0.180,-2.065,+0.360,-7.554,-5.175,-14.434,2,-9.644,-10.441,+0.04229,-0.797,+1.057,+1.594,-9.644,-5.175,-12.167,2,-1.666,-1.049,-1.427,-2.347
DRV,71714,+3.3000,+0.0000,+3.6267,-0.1820,+1.7938,-0.0714,+6.043,-0.242,+0.04245,-0.2085,-1.5851,-55.063,0,0,+7.906,+8.229,+0.39565,+0.323,+9.891,-0.646,+7.906,-4.405,+12.746,0,+6.776,+7.401,+0.45759,+0.625,+11.440,-1.249,+6.776,-4.405,+12.561,0,-7.643,-7.451,-0.07944,+0.193,-1.986,-0.385,-7.643,-4.405,-14.419,2,-9.754,-10.696,+0.05592,-0.943,+1.398,+1.885,-9.754,-4.405,-10.876,2,-2.467,-0.050,+1.870,-1.858
DRV,71718,+3.3000,+0.0000,+3.6269,-0.1785,+1.8180,-0.0709,+6.044,-0.239,+0.04161,-0.2081,-1.5585,-54.015,0,0,+8.039,+7.876,+0.44729,-0.163,+11.182,+0.325,+8.039,-4.321,+15.225,0,+6.883,+7.002,+0.45705,+0.119,+11.426,-0.238,+6.883,-4.321,+13.750,2,-7.731,-7.950,-0.06993,-0.219,-1.748,+0.438,-7.731,-4.321,-13.362,2,-9.859,-10.862,+0.07302,-1.002,+1.825,+2.005,-9.859,-4.321,-10.350,0,-2.985,-0.947,+4.875,+0.388
DRV,71722,+3.3000,+0.0000,+3.6270,-0.1748,+1.8422,-0.0703,+6.046,-0.235,+0.04076,-0.2146,-1.5307,-52.646,0,0,+8.173,+8.693,+0.43594,+0.520,+10.898,-1.040,+8.173,-4.212,+13.819,2,+6.991,+7.946,+0.44914,+0.956,+11.228,-1.911,+6.991,-4.212,+12.096,2,-7.818,-8.170,-0.05302,-0.352,-1.326,+0.704,-7.818,-4.212,-12.651,0,-9.964,-10.695,+0.01921,-0.730,+0.480,+1.460,-9.964,-4.212,-12.235,0,-2.002,-0.224,+1.584,-0.554
DRV,71726,+3.3000,+0.0000,+3.6271,-0.1711,+1.8665,-0.0696,+6.047,-0.231,+0.03990,-0.2142,-1.5023,-51.527,0,0,+8.307,+9.321,+0.40418,+1.014,+10.105,-2.028,+8.307,-4.122,+12.261,2,+7.099,+8.206,+0.42592,+1.108,+10.648,-2.215,+7.099,-4.122,+11.409,2,-7.905,-8.286,-0.09545,-0.381,-2.386,+0.763,-7.905,-4.122,-13.651,0,-10.069,-9.914,+0.02491,+0.155,+0.623,-0.309,-10.069,-4.122,-13.878,2,-0.594,-0.080,-1.616,-2.242
DRV,71730,+3.3000,+0.0000,+3.6272,-0.1700,+1.8907,-0.0700,+6.047,-0.232,+0.03963,-0.0212,-1.4930,-58.872,0,0,+8.429,+8.541,+0.38403,+0.112,+9.601,-0.223,+8.429,-4.710,+13.097,2,+7.202,+7.858,+0.41261,+0.656,+10.315,-1.312,+7.202,-4.710,+11.495,2,-7.997,-8.341,-0.09297,-0.344,-2.324,+0.689,-7.997,-4.710,-14.342,2,-10.185,-10.550,+0.03736,-0.365,+0.934,+0.729,-10.185,-4.710,-13.232,2,-2.009,-0.483,-0.135,-2.847
DRV,71734,+3.3000,+0.0000,+3.6272,-0.1696,+1.9149,-0.0708,+6.047,-0.233,+0.03954,-0.0212,-1.4902,-58.760,0,0,+8.547,+7.786,+0.38986,-0.761,+9.747,+1.523,+8.547,-4.701,+15.116,2,+7.303,+7.537,+0.40761,+0.234,+10.190,-0.468,+7.303,-4.701,+12.325,2,-8.089,-8.492,-0.09052,-0.402,-2.263,+0.804,-8.089,-4.701,-14.249,2,-10.305,-10.569,+0.05601,-0.264,+1.400,+0.528,-10.305,-4.701,-13.077,2,-2.783,-0.954,+2.039,-1.924
DRV,71738,+3.3000,+0.0000,+3.6271,-0.1719,+1.9390,-0.0728,+6.044,-0.239,+0.04008,+0.1874,-1.5083,-67.826,0,0,+8.652,+8.641,+0.39154,-0.011,+9.789,+0.023,+8.652,-5.426,+13.037,2,+7.400,+7.551,+0.41122,+0.151,+10.281,-0.301,+7.400,-5.426,+11.954,2,-8.187,-8.314,-0.09087,-0.127,-2.272,+0.255,-8.187,-5.426,-15.629,2,-10.438,-9.647,+0.05379,+0.790,+1.345,-1.581,-10.438,-5.426,-16.100,2,-1.007,-0.763,-3.062,-3.676
DRV,71742,+3.3000,+0.0000,+3.6270,-0.1751,+1.9631,-0.0752,+6.042,-0.244,+0.04083,+0.1870,-1.5330,-68.801,0,0,+8.753,+8.348,+0.38654,-0.405,+9.664,+0.810,+8.753,-5.504,+13.722,2,+7.496,+7.560,+0.41416,+0.064,+10.354,-0.128,+7.496,-5.504,+12.217,2,-8.285,-8.490,-0.09675,-0.205,-2.419,+0.409,-8.285,-5.504,-15.799,2,-10.575,-9.173,+0.02895,+1.401,+0.724,-2.802,-10.575,-5.504,-18.157,2,-0.825,-0.930,-4.436,-3.582
DRV,71746,+3.3000,+0.0000,+3.6268,-0.1787,+1.9872,-0.0779,+6.040,-0.251,+0.04167,+0.2180,-1.5604,-71.134,0,0,+8.851,+8.084,+0.40014,-0.767,+10.004,+1.534,+8.851,-5.691,+14.698,2,+7.591,+7.646,+0.42103,+0.055,+10.526,-0.111,+7.591,-5.691,+12.315,0,-8.384,-9.144,-0.08824,-0.760,-2.206,+1.520,-8.384,-5.691,-14.760,2,-10.713,-10.323,+0.01714,+0.390,+0.428,-0.780,-10.713,-5.691,-16.756,2,-2.239,-1.498,-2.057,-2.445
DRV,71750,+3.3000,+0.0000,+3.6267,-0.1825,+2.0113,-0.0806,+6.037,-0.257,+0.04254,+0.2176,-1.5882,-72.229,0,0,+8.949,+8.776,+0.40279,-0.173,+10.070,+0.347,+8.949,-5.778,+13.587,0,+7.686,+7.640,+0.42645,-0.046,+10.661,+0.092,+7.686,-5.778,+12.661,0,-8.482,-9.412,-0.07339,-0.930,-1.835,+1.860,-8.482,-5.778,-14.235,2,-10.852,-11.276,+0.02896,-0.424,+0.724,+0.848,-10.852,-5.778,-15.059,2,-2.500,-1.772,-1.471,-1.574
DRV,71754,+3.3000,+0.0000,+3.6266,-0.1845,+2.0354,-0.0827,+6.036,-0.260,+0.04303,+0.0895,-1.6035,-67.718,0,0,+9.055,+8.818,+0.40036,-0.237,+10.009,+0.475,+9.055,-5.417,+14.122,0,+7.784,+7.566,+0.47956,-0.218,+11.989,+0.435,+7.784,-5.417,+14.791,2,-8.578,-9.362,-0.05981,-0.784,-1.495,+1.569,-8.578,-5.417,-13.922,2,-10.984,-11.542,+0.05247,-0.559,+1.312,+1.117,-10.984,-5.417,-13.972,0,-2.724,-1.796,+0.150,+0.869
DRV,71758,+3.3000,+0.0000,+3.6266,-0.1861,+2.0595,-0.0844,+6.035,-0.263,+0.04339,+0.0893,-1.6146,-68.157,0,0,+9.164,+9.631,+0.45435,+0.467,+11.359,-0.934,+9.164,-5.453,+14.136,0,+7.883,+8.343,+0.46844,+0.460,+11.711,-0.920,+7.883,-5.453,+13.221,2,-8.673,-9.290,-0.04861,-0.617,-1.215,+1.234,-8.673,-5.453,-14.106,0,-11.112,-11.645,+0.07466,-0.532,+1.866,+1.065,-11.112,-5.453,-13.634,0,-2.014,-0.947,+0.502,-0.885
DRV,71762,+3.3000,+0.0000,+3.6265,-0.1872,+2.0836,-0.0861,+6.034,-0.266,+0.04366,+0.0620,-1.6232,-67.407,0,0,+9.274,+10.293,+0.44207,+1.019,+11.052,-2.039,+9.274,-5.393,+12.895,2,+7.983,+8.257,+0.45214,+0.275,+11.304,-0.550,+7.983,-5.393,+13.344,2,-8.767,-9.555,-0.04209,-0.788,-1.052,+1.577,-8.767,-5.393,-13.635,0,-11.240,-12.403,+0.02269,-1.163,+0.567,+2.327,-11.240,-5.393,-13.738,2,-2.110,-1.298,-0.844,-0.291
DRV,71766,+3.3000,+0.0000,+3.6265,-0.1883,+2.1078,-0.0877,+6.032,-0.268,+0.04391,+0.0619,-1.6308,-67.708,0,0,+9.385,+10.387,+0.42413,+1.002,+10.603,-2.004,+9.385,-5.417,+12.567,2,+8.082,+8.554,+0.43567,+0.472,+10.892,-0.944,+8.082,-5.417,+12.613,2,-8.861,-8.870,-0.09201,-0.009,-2.300,+0.018,-8.861,-5.417,-16.560,2,-11.366,-12.555,+0.04193,-1.188,+1.048,+2.377,-11.366,-5.417,-13.358,2,-2.168,-0.315,-0.791,-3.947
DRV,71770,+3.3000,+0.0000,+3.6264,-0.1905,+2.1318,-0.0898,+6.030,-0.274,+0.04441,+0.1479,-1.6463,-71.770,0,0,+9.490,+10.757,+0.40351,+1.267,+10.088,-2.535,+9.490,-5.742,+11.302,2,+8.181,+8.592,+0.41746,+0.411,+10.436,-0.823,+8.181,-5.742,+12.053,2,-8.956,-9.567,-0.07527,-0.611,-1.882,+1.222,-8.956,-5.742,-15.358,2,-11.498,-12.424,+0.05791,-0.926,+1.448,+1.851,-11.498,-5.742,-13.941,2,-1.666,-0.975,-2.639,-3.305
DRV,71774,+3.3000,+0.0000,+3.6263,-0.1930,+2.1559,-0.0922,+6.028,-0.279,+0.04501,+0.1476,-1.6643,-72.476,0,0,+9.594,+10.484,+0.38435,+0.890,+9.609,-1.780,+9.594,-5.798,+11.624,2,+8.279,+7.912,+0.40977,-0.367,+10.244,+0.734,+8.279,-5.798,+13.459,2,-9.051,-9.318,-0.05634,-0.267,-1.408,+0.533,-9.051,-5.798,-15.725,2,-11.631,-12.123,+0.06325,-0.491,+1.581,+0.983,-11.631,-5.798,-14.865,2,-1.639,-1.406,-3.241,-2.266
DRV,71778,+3.3000,+0.0000,+3.6262,-0.1960,+2.1799,-0.0948,+6.025,-0.285,+0.04570,+0.1819,-1.6851,-74.679,0,0,+9.695,+9.872,+0.38347,+0.177,+9.587,-0.354,+9.695,-5.974,+12.954,2,+8.377,+7.816,+0.41987,-0.561,+10.497,+1.121,+8.377,-5.974,+14.021,2,-9.147,-8.928,-0.04977,+0.219,-1.244,-0.438,-9.147,-5.974,-16.803,2,-11.767,-12.147,+0.06291,-0.381,+1.573,+0.762,-11.767,-5.974,-15.407,2,-2.275,-1.112,-2.453,-2.783
DRV,71782,+3.3000,+0.0000,+3.6261,-0.1991,+2.2039,-0.0976,+6.022,-0.291,+0.04643,+0.1815,-1.7066,-75.526,0,0,+9.796,+9.935,+0.38743,+0.140,+9.686,-0.279,+9.796,-6.042,+13.160,2,+8.474,+7.861,+0.42784,-0.613,+10.696,+1.226,+8.474,-6.042,+14.355,0,-9.242,-9.528,-0.04176,-0.286,-1.044,+0.572,-9.242,-6.042,-15.756,2,-11.902,-12.128,+0.06068,-0.225,+1.517,+0.451,-11.902,-6.042,-15.977,2,-2.192,-1.667,-2.816,-1.402
DRV,71786,+3.3000,+0.0000,+3.6260,-0.2009,+2.2280,-0.0997,+6.021,-0.293,+0.04684,+0.0791,-1.7189,-71.918,0,0,+9.903,+9.688,+0.39670,-0.215,+9.918,+0.429,+9.903,-5.753,+14.496,0,+8.574,+8.375,+0.48814,-0.199,+12.204,+0.398,+8.574,-5.753,+15.422,0,-9.336,-9.418,-0.02807,-0.082,-0.702,+0.163,-9.336,-5.753,-15.628,2,-12.032,-11.878,+0.04978,+0.155,+1.244,-0.310,-12.032,-5.753,-16.851,2,-2.190,-1.043,-2.355,-0.206
DRV,71790,+3.3000,+0.0000,+3.6260,-0.2022,+2.2520,-0.1016,+6.019,-0.297,+0.04716,+0.0789,-1.7281,-72.280,0,0,+10.011,+9.719,+0.41408,-0.293,+10.352,+0.585,+10.011,-5.782,+15.166,0,+8.674,+8.716,+0.49766,+0.042,+12.441,-0.084,+8.674,-5.782,+15.248,2,-9.429,-9.415,-0.02133,+0.014,-0.533,-0.028,-9.429,-5.782,-15.773,2,-12.160,-11.811,+0.03335,+0.349,+0.834,-0.698,-12.160,-5.782,-17.807,0,-2.092,-0.699,-2.641,-0.525
DRV,71794,+3.3000,+0.0000,+3.6259,-0.2031,+2.2761,-0.1032,+6.018,-0.299,+0.04737,+0.0426,-1.7341,-71.068,0,0,+10.122,+9.521,+0.48639,-0.602,+12.160,+1.204,+10.122,-5.685,+17.800,0,+8.775,+9.507,+0.49397,+0.732,+12.349,-1.464,+8.775,-5.685,+13.974,2,-9.522,-9.715,-0.01117,-0.193,-0.279,+0.386,-9.522,-5.685,-15.100,0,-12.286,-11.568,+0.00953,+0.719,+0.238,-1.437,-12.286,-5.685,-19.170,0,-2.047,-0.208,-1.370,-1.126
DRV,71798,+3.3000,+0.0000,+3.6259,-0.2039,+2.3001,-0.1048,+6.017,-0.302,+0.04754,+0.0425,-1.7390,-71.261,0,0,+10.234,+10.070,+0.49017,-0.164,+12.254,+0.327,+10.234,-5.701,+17.115,2,+8.875,+9.496,+0.48400,+0.620,+12.100,-1.241,+8.875,-5.701,+14.034,2,-9.614,-9.460,-0.00333,+0.154,-0.083,-0.309,-9.614,-5.701,-15.708,0,-12.411,-10.996,-0.09184,+1.415,-2.296,-2.830,-12.411,-5.701,-23.238,2,-0.926,+0.036,-6.124,-1.674
DRV,71802,+3.3000,+0.0000,+3.6259,-0.2042,+2.3242,-0.1062,+6.016,-0.304,+0.04762,+0.0137,-1.7415,-70.205,0,0,+10.347,+11.347,+0.46380,+0.999,+11.595,-1.999,+10.347,-5.616,+14.327,2,+8.977,+9.724,+0.47311,+0.748,+11.828,-1.495,+8.977,-5.616,+13.693,2,-9.707,-10.327,-0.05918,-0.620,-1.479,+1.241,-9.707,-5.616,-15.562,2,-12.535,-13.086,-0.08895,-0.551,-2.224,+1.103,-12.535,-5.616,-19.272,2,-1.740,-0.603,-4.945,-1.869
DRV,71806,+3.3000,+0.0000,+3.6259,-0.2044,+2.3483,-0.1076,+6.015,-0.306,+0.04767,+0.0137,-1.7430,-70.267,0,0,+10.461,+11.527,+0.42572,+1.066,+10.643,-2.132,+10.461,-5.621,+13.351,2,+9.078,+9.489,+0.46900,+0.411,+11.725,-0.821,+9.078,-5.621,+14.360,2,-9.799,-10.776,-0.04485,-0.977,-1.121,+1.954,-9.799,-5.621,-14.587,2,-12.658,-14.520,-0.03929,-1.862,-0.982,+3.724,-12.658,-5.621,-15.538,2,-2.993,-1.287,-2.187,-0.227
DRV,71810,+3.3000,+0.0000,+3.6259,-0.2033,+2.3723,-0.1081,+6.016,-0.305,+0.04740,-0.0959,-1.7351,-65.567,0,0,+10.582,+11.245,+0.39560,+0.663,+9.890,-1.326,+10.582,-5.245,+13.900,2,+9.181,+9.607,+0.46438,+0.426,+11.610,-0.852,+9.181,-5.245,+14.693,2,-9.889,-10.722,-0.03013,-0.832,-0.753,+1.664,-9.889,-5.245,-14.224,2,-12.774,-14.205,+0.01352,-1.431,+0.338,+2.862,-12.774,-5.245,-14.820,2,-2.961,-1.115,-0.919,+0.469
DRV,71814,+3.3000,+0.0000,+3.6260,-0.2016,+2.3965,-0.1084,+6.016,-0.304,+0.04702,-0.0957,-1.7240,-65.129,0,0,+10.705,+11.277,+0.37058,+0.573,+9.265,-1.145,+10.705,-5.210,+13.614,2,+9.284,+9.434,+0.46735,+0.150,+11.684,-0.301,+9.284,-5.210,+15.457,2,-9.980,-10.350,-0.02574,-0.370,-0.644,+0.739,-9.980,-5.210,-15.095,2,-12.889,-13.496,+0.04658,-0.607,+1.164,+1.214,-12.889,-5.210,-15.721,2,-2.219,-0.916,-2.107,+0.362
DRV,71818,+3.3000,+0.0000,+3.6261,-0.1995,+2.4206,-0.1085,+6.017,-0.303,+0.04651,-0.1354,-1.7093,-62.953,0,0,+10.830,+11.128,+0.35052,+0.298,+8.763,-0.596,+10.830,-5.036,+13.961,2,+9.388,+9.262,+0.47598,-0.126,+11.900,+0.252,+9.388,-5.036,+16.503,2,-10.070,-10.123,-0.02900,-0.052,-0.725,+0.105,-10.070,-5.036,-15.726,2,-13.001,-13.610,+0.07220,-0.609,+1.805,+1.218,-13.001,-5.036,-15.014,2,-2.482,-0.861,-1.054,+0.776
DRV,71822,+3.3000,+0.0000,+3.6262,-0.1972,+2.4447,-0.1083,+6.017,-0.301,+0.04597,-0.1352,-1.6933,-62.325,0,0,+10.956,+10.750,+0.34245,-0.207,+8.561,+0.413,+10.956,-4.986,+14.945,2,+9.491,+9.686,+0.48032,+0.194,+12.008,-0.388,+9.491,-4.986,+16.125,0,-10.160,-10.176,-0.03720,-0.015,-0.930,+0.031,-10.160,-4.986,-16.046,2,-13.112,-13.058,+0.08812,+0.054,+2.203,-0.108,-13.112,-4.986,-16.003,2,-2.308,-0.490,-1.059,+0.079
DRV,71826,+3.3000,+0.0000,+3.6262,-0.1952,+2.4688,-0.1084,+6.018,-0.301,+0.04552,-0.1051,-1.6799,-62.990,0,0,+11.081,+10.486,+0.34519,-0.595,+8.630,+1.190,+11.081,-5.039,+15.862,0,+9.595,+9.056,+0.54594,-0.539,+13.649,+1.078,+9.595,-5.039,+19.282,0,-10.251,-10.311,-0.04355,-0.060,-1.089,+0.121,-10.251,-5.039,-16.258,2,-13.225,-12.607,+0.08741,+0.618,+2.185,-1.237,-13.225,-5.039,-17.316,2,-2.121,-1.255,-1.454,+3.023
DRV,71830,+3.3000,+0.0000,+3.6263,-0.1934,+2.4929,-0.1086,+6.018,-0.300,+0.04510,-0.1049,-1.6673,-62.494,0,0,+11.205,+11.256,+0.41893,+0.051,+10.473,-0.102,+11.205,-5.000,+16.577,0,+9.698,+9.995,+0.54359,+0.297,+13.590,-0.595,+9.698,-5.000,+17.694,2,-10.341,-10.436,-0.04862,-0.094,-1.216,+0.188,-10.341,-5.000,-16.368,2,-13.338,-11.879,+0.06736,+1.460,+1.684,-2.919,-13.338,-5.000,-19.573,0,-0.623,-0.440,-2.996,+1.326
DRV,71834,+3.3000,+0.0000,+3.6263,-0.1929,+2.5170,-0.1095,+6.017,-0.303,+0.04497,-0.0100,-1.6632,-66.126,0,0,+11.323,+11.702,+0.42244,+0.379,+10.561,-0.759,+11.323,-5.290,+15.835,2,+9.800,+11.388,+0.50586,+1.588,+12.646,-3.176,+9.800,-5.290,+13.981,2,-10.433,-10.653,-0.05446,-0.220,-1.361,+0.440,-10.433,-5.290,-16.644,0,-13.458,-12.461,-0.03972,+0.997,-0.993,-1.994,-13.458,-5.290,-21.735,0,-0.759,+0.735,-5.900,-2.663
DRV,71838,+3.3000,+0.0000,+3.6263,-0.1927,+2.5411,-0.1106,+6.016,-0.305,+0.04493,-0.0100,-1.6620,-66.079,0,0,+11.439,+11.868,+0.42042,+0.429,+10.510,-0.859,+11.439,-5.286,+15.804,2,+9.902,+11.264,+0.45620,+1.362,+11.405,-2.724,+9.902,-5.286,+13.297,2,-10.525,-10.627,-0.11629,-0.103,-2.907,+0.205,-10.525,-5.286,-18.513,2,-13.579,-13.184,-0.07036,+0.395,-1.759,-0.789,-13.579,-5.286,-21.413,2,-1.316,+0.637,-5.609,-5.215
DRV,71842,+3.3000,+0.0000,+3.6264,-0.1918,+2.5652,-0.1113,+6.016,-0.305,+0.04473,-0.0637,-1.6559,-63.687,0,0,+11.558,+11.554,+0.42635,-0.004,+10.659,+0.007,+11.558,-5.095,+17.129,2,+10.005,+10.513,+0.42742,+0.509,+10.686,-1.018,+10.005,-5.095,+14.577,2,-10.616,-10.954,-0.10141,-0.338,-2.535,+0.676,-10.616,-5.095,-17.570,2,-13.697,-14.289,-0.07676,-0.592,-1.919,+1.185,-13.697,-5.095,-19.526,2,-2.735,-0.441,-2.397,-2.992
DRV,71846,+3.3000,+0.0000,+3.6264,-0.1907,+2.5893,-0.1119,+6.015,-0.305,+0.04447,-0.0636,-1.6481,-63.382,0,0,+11.678,+11.993,+0.43225,+0.315,+10.806,-0.630,+11.678,-5.071,+16.784,2,+10.107,+10.217,+0.41388,+0.110,+10.347,-0.219,+10.107,-5.071,+15.164,2,-10.707,-11.341,-0.07732,-0.634,-1.933,+1.268,-10.707,-5.071,-16.443,2,-13.813,-15.251,-0.06155,-1.437,-1.539,+2.875,-13.813,-5.071,-17.548,2,-3.257,-1.124,-0.764,-1.278
DRV,71850,+3.3000,+0.0000,+3.6265,-0.1877,+2.6134,-0.1112,+6.018,-0.300,+0.04376,-0.2161,-1.6263,-56.408,0,0,+11.809,+12.342,+0.43060,+0.533,+10.765,-1.067,+11.809,-4.513,+16.995,2,+10.212,+10.321,+0.40333,+0.109,+10.083,-0.218,+10.212,-4.513,+15.564,2,-10.796,-11.142,-0.05549,-0.345,-1.387,+0.691,-10.796,-4.513,-16.006,2,-13.920,-16.088,-0.02610,-2.168,-0.653,+4.335,-13.920,-4.513,-14.750,2,-3.746,-0.821,+2.245,-0.442
DRV,71854,+3.3000,+0.0000,+3.6267,-0.1840,+2.6376,-0.1102,+6.020,-0.296,+0.04290,-0.2156,-1.5994,-55.349,0,0,+11.943,+12.630,+0.42505,+0.686,+10.626,-1.372,+11.943,-4.428,+16.769,2,+10.317,+10.380,+0.39427,+0.064,+9.857,-0.127,+10.317,-4.428,+15.618,2,-10.886,-11.460,-0.03169,-0.575,-0.792,+1.149,-10.886,-4.428,-14.957,2,-14.024,-16.050,+0.01479,-2.026,+0.370,+4.053,-14.024,-4.428,-14.030,2,-3.421,-1.080,+2.740,+0.661
DRV,71858,+3.3000,+0.0000,+3.6268,-0.1792,+2.6618,-0.1084,+6.023,-0.290,+0.04179,-0.2961,-1.5643,-50.730,0,0,+12.083,+12.740,+0.41759,+0.657,+10.440,-1.313,+12.083,-4.058,+17.152,2,+10.423,+9.816,+0.39286,-0.607,+9.821,+1.214,+10.423,-4.058,+17.400,0,-10.974,-10.690,-0.02239,+0.284,-0.560,-0.568,-10.974,-4.058,-16.160,2,-14.122,-15.564,+0.04397,-1.442,+1.099,+2.883,-14.122,-4.058,-14.198,2,-2.824,-0.875,+2.953,+1.240
DRV,71862,+3.3000,+0.0000,+3.6270,-0.1742,+2.6860,-0.1064,+6.026,-0.284,+0.04061,-0.2955,-1.5258,-49.215,0,0,+12.226,+13.230,+0.40873,+1.004,+10.218,-2.009,+12.226,-3.937,+16.498,0,+10.530,+9.691,+0.41023,-0.839,+10.256,+1.678,+10.530,-3.937,+18.526,0,-11.062,-10.866,-0.02335,+0.196,-0.584,-0.393,-11.062,-3.937,-15.976,2,-14.218,-15.248,+0.06037,-1.029,+1.509,+2.059,-14.218,-3.937,-14.587,2,-2.017,-1.175,+1.911,+2.550
DRV,71866,+3.3000,+0.0000,+3.6271,-0.1716,+2.7102,-0.1059,+6.024,-0.287,+0.04002,-0.0986,-1.5062,-56.304,0,0,+12.355,+13.788,+0.38597,+1.433,+9.649,-2.865,+12.355,-4.504,+14.635,0,+10.634,+10.885,+0.48010,+0.251,+12.003,-0.502,+10.634,-4.504,+17.630,2,-11.152,-11.051,-0.01736,+0.101,-0.434,-0.203,-11.152,-4.504,-16.293,2,-14.327,-15.187,+0.07070,-0.860,+1.767,+1.719,-14.327,-4.504,-15.345,0,-1.399,-0.166,-0.710,+1.337
DRV,71870,+3.3000,+0.0000,+3.6271,-0.1714,+2.7343,-0.1069,+6.021,-0.293,+0.03997,+0.0708,-1.5044,-63.006,0,0,+12.472,+12.539,+0.45483,+0.067,+11.371,-0.134,+12.472,-5.040,+18.667,2,+10.736,+11.973,+0.46780,+1.238,+11.695,-2.476,+10.736,-5.040,+14.914,2,-11.244,-11.045,-0.01404,+0.200,-0.351,-0.399,-11.244,-5.040,-17.035,0,-14.448,-15.474,+0.08154,-1.026,+2.038,+2.052,-14.448,-5.040,-15.398,0,-2.935,+0.929,+3.270,-2.120
DRV,71874,+3.3000,+0.0000,+3.6270,-0.1755,+2.7582,-0.1108,+6.015,-0.306,+0.04092,+0.2397,-1.5361,-71.031,0,0,+12.564,+13.509,+0.43254,+0.945,+10.813,-1.890,+12.564,-5.682,+15.805,2,+10.833,+12.348,+0.43993,+1.515,+10.998,-3.031,+10.833,-5.682,+13.118,2,-11.339,-10.742,-0.01617,+0.597,-0.404,-1.194,-11.339,-5.682,-18.620,0,-14.591,-14.364,-0.00624,+0.227,-0.156,-0.455,-14.591,-5.682,-20.884,2,-0.854,+1.606,-5.079,-5.502
DRV,71878,+3.3000,+0.0000,+3.6268,-0.1806,+2.7821,-0.1153,+6.008,-0.321,+0.04211,+0.3547,-1.5745,-77.166,0,0,+12.652,+13.776,+0.39103,+1.125,+9.776,-2.250,+12.652,-6.173,+14.005,2,+10.930,+11.741,+0.42372,+0.811,+10.593,-1.623,+10.930,-6.173,+13.727,2,-11.435,-11.738,-0.08704,-0.304,-2.176,+0.607,-11.435,-6.173,-19.176,2,-14.739,-15.113,+0.00817,-0.374,+0.204,+0.748,-14.739,-6.173,-19.961,2,-1.337,+0.003,-5.956,-5.450
DRV,71882,+3.3000,+0.0000,+3.6265,-0.1887,+2.8059,-0.1219,+5.997,-0.340,+0.04399,+0.4693,-1.6334,-84.106,0,0,+12.723,+12.330,+0.37479,-0.394,+9.370,+0.787,+12.723,-6.728,+16.151,2,+11.025,+11.930,+0.41220,+0.905,+10.305,-1.811,+11.025,-6.728,+12.791,2,-11.530,-12.251,-0.08132,-0.721,-2.033,+1.442,-11.530,-6.728,-18.850,2,-14.902,-14.847,+0.02853,+0.055,+0.713,-0.110,-14.902,-6.728,-21.026,2,-2.517,-0.321,-4.875,-6.059
DRV,71886,+3.3000,+0.0000,+3.6262,-0.1960,+2.8297,-0.1282,+5.990,-0.354,+0.04571,+0.3917,-1.6855,-83.089,0,0,+12.799,+11.446,+0.39375,-1.353,+9.844,+2.705,+12.799,-6.647,+18.700,2,+11.122,+11.983,+0.39888,+0.861,+9.972,-1.723,+11.122,-6.647,+12.724,2,-11.625,-13.494,-0.05573,-1.870,-1.393,+3.739,-11.625,-6.647,-15.926,2,-15.060,-13.458,+0.01341,+1.602,+0.335,-3.204,-15.060,-6.647,-24.576,2,-2.012,-1.511,-5.876,-3.202
DRV,71890,+3.3000,+0.0000,+3.6260,-0.2014,+2.8534,-0.1332,+5.984,-0.365,+0.04697,+0.3144,-1.7226,-81.481,0,0,+12.884,+11.755,+0.41867,-1.130,+10.467,+2.259,+12.884,-6.518,+19.092,2,+11.221,+11.155,+0.40069,-0.066,+10.017,+0.132,+11.221,-6.518,+14.852,2,-11.717,-13.112,-0.02711,-1.395,-0.678,+2.791,-11.717,-6.518,-16.122,2,-15.208,-13.717,-0.01966,+1.491,-0.491,-2.983,-15.208,-6.518,-25.201,2,-1.962,-1.957,-6.109,-1.270
DRV,71894,+3.3000,+0.0000,+3.6258,-0.2052,+2.8773,-0.1372,+5.981,-0.369,+0.04784,+0.1212,-1.7478,-74.760,0,0,+12.979,+11.844,+0.43627,-1.135,+10.907,+2.271,+12.979,-5.981,+20.175,2,+11.321,+10.639,+0.41959,-0.682,+10.490,+1.364,+11.321,-5.981,+17.194,0,-11.808,-12.275,-0.01919,-0.467,-0.480,+0.934,-11.808,-5.981,-17.334,2,-15.348,-15.397,-0.02184,-0.049,-0.546,+0.098,-15.348,-5.981,-21.777,2,-3.553,-1.637,-1.601,-0.140
DRV,71898,+3.3000,+0.0000,+3.6259,-0.2039,+2.9012,-0.1378,+5.984,-0.365,+0.04755,-0.0715,-1.7396,-66.723,0,0,+13.099,+12.756,+0.44412,-0.343,+11.103,+0.685,+13.099,-5.338,+19.549,0,+11.424,+9.815,+0.51851,-1.608,+12.963,+3.217,+11.424,-5.338,+22.265,2,-11.898,-12.119,-0.01814,-0.221,-0.453,+0.442,-11.898,-5.338,-17.247,2,-15.464,-16.328,+0.00902,-0.864,+0.226,+1.728,-15.464,-5.338,-18.848,2,-3.572,-2.304,+0.701,+5.018
DRV,71902,+3.3000,+0.0000,+3.6260,-0.2022,+2.9252,-0.1381,+5.984,-0.364,+0.04715,-0.1334,-1.7277,-63.774,0,0,+13.222,+13.654,+0.42712,+0.433,+10.678,-0.865,+13.222,-5.102,+17.933,0,+11.526,+10.788,+0.53872,-0.739,+13.468,+1.477,+11.526,-5.102,+21.370,2,-11.988,-11.792,-0.03009,+0.196,-0.752,-0.392,-11.988,-5.102,-18.234,2,-15.578,-16.737,+0.04763,-1.160,+1.191,+2.320,-15.578,-5.102,-17.169,0,-3.083,-1.004,+0.764,+3.136
DRV,71906,+3.3000,+0.0000,+3.6261,-0.1988,+2.9493,-0.1372,+5.987,-0.359,+0.04636,-0.1950,-1.7048,-60.393,0,0,+13.353,+15.129,+0.48616,+1.776,+12.154,-3.552,+13.353,-4.831,+17.123,2,+11.630,+12.047,+0.52740,+0.417,+13.185,-0.834,+11.630,-4.831,+19.149,2,-12.078,-12.048,-0.04353,+0.029,-1.088,-0.059,-12.078,-4.831,-18.056,0,-15.683,-16.797,+0.09248,-1.114,+2.312,+2.228,-15.683,-4.831,-15.975,0,-1.668,-0.001,+1.148,+1.093
DRV,71910,+3.3000,+0.0000,+3.6262,-0.1962,+2.9733,-0.1369,+5.985,-0.362,+0.04576,-0.1076,-1.6869,-63.171,0,0,+13.480,+16.111,+0.43914,+2.631,+10.979,-5.261,+13.480,-5.054,+14.144,2,+11.733,+12.978,+0.49146,+1.245,+12.286,-2.489,+11.733,-5.054,+16.477,2,-12.168,-12.001,-0.05615,+0.166,-1.404,-0.333,-12.168,-5.054,-18.958,0,-15.792,-17.705,+0.02456,-1.913,+0.614,+3.825,-15.792,-5.054,-16.407,2,-1.594,+0.977,-2.263,-2.481
DRV,71914,+3.3000,+0.0000,+3.6262,-0.1959,+2.9972,-0.1381,+5.981,-0.369,+0.04568,-0.0205,-1.6845,-66.559,0,0,+13.596,+15.416,+0.39546,+1.820,+9.887,-3.641,+13.596,-5.325,+14.517,2,+11.836,+12.763,+0.45080,+0.927,+11.270,-1.854,+11.836,-5.325,+15.927,2,-12.258,-11.611,-0.14161,+0.647,-3.540,-1.293,-12.258,-5.325,-22.416,2,-15.913,-18.075,+0.06373,-2.162,+1.593,+4.324,-15.913,-5.325,-15.320,2,-2.658,+1.152,-0.803,-6.489
DRV,71918,+3.3000,+0.0000,+3.6262,-0.1960,+3.0212,-0.1397,+5.977,-0.376,+0.04571,+0.0349,-1.6853,-68.808,0,0,+13.709,+14.068,+0.38572,+0.359,+9.643,-0.718,+13.709,-5.505,+17.129,2,+11.938,+12.624,+0.42574,+0.686,+10.644,-1.372,+11.938,-5.505,+15.705,2,-12.348,-13.417,-0.12205,-1.069,-3.051,+2.138,-12.348,-5.505,-18.766,2,-16.035,-17.668,+0.09525,-1.633,+2.381,+3.266,-16.035,-5.505,-15.892,2,-3.601,-0.793,+1.236,-3.061
DRV,71922,+3.3000,+0.0000,+3.6261,-0.1976,+3.0450,-0.1423,+5.971,-0.386,+0.04607,+0.0901,-1.6960,-71.446,0,0,+13.814,+13.366,+0.40203,-0.447,+10.051,+0.895,+13.814,-5.716,+19.043,2,+12.039,+12.674,+0.39788,+0.635,+9.947,-1.269,+12.039,-5.716,+15.001,2,-12.438,-14.617,-0.06017,-2.179,-1.504,+4.359,-12.438,-5.716,-15.299,2,-16.165,-17.187,+0.11318,-1.022,+2.830,+2.044,-16.165,-5.716,-17.007,2,-3.820,-1.944,+2.036,-0.298
DRV,71926,+3.3000,+0.0000,+3.6261,-0.1994,+3.0688,-0.1452,+5.964,-0.396,+0.04650,+0.1288,-1.7090,-73.509,0,0,+13.917,+13.798,+0.41867,-0.119,+10.467,+0.238,+13.917,-5.881,+18.740,2,+12.141,+12.690,+0.37189,+0.549,+9.297,-1.099,+12.141,-5.881,+14.459,2,-12.528,-14.023,-0.00017,-1.495,-0.004,+2.991,-12.528,-5.881,-15.422,2,-16.296,-16.490,+0.11019,-0.194,+2.755,+0.388,-16.296,-5.881,-19.034,2,-2.692,-1.333,-0.294,-0.963
DRV,71930,+3.3000,+0.0000,+3.6260,-0.2023,+3.0925,-0.1489,+5.956,-0.409,+0.04717,+0.1673,-1.7285,-75.834,0,0,+14.014,+13.480,+0.43815,-0.534,+10.954,+1.069,+14.014,-6.067,+19.970,2,+12.242,+12.202,+0.35717,-0.040,+8.929,+0.080,+12.242,-6.067,+15.184,0,-12.617,-12.777,+0.02460,-0.160,+0.615,+0.319,-12.617,-6.067,-17.750,2,-16.432,-15.756,+0.09076,+0.676,+2.269,-1.352,-16.432,-6.067,-21.582,2,-2.276,-0.575,-1.612,-2.566
DRV,71934,+3.3000,+0.0000,+3.6258,-0.2054,+3.1162,-0.1528,+5.947,-0.423,+0.04790,+0.1960,-1.7495,-77.820,0,0,+14.110,+13.833,+0.46045,-0.277,+11.511,+0.554,+14.110,-6.226,+19.950,2,+12.344,+11.652,+0.35996,-0.692,+8.999,+1.384,+12.344,-6.226,+16.501,0,-12.706,-12.746,+0.03793,-0.040,+0.948,+0.079,-12.706,-6.226,-17.905,2,-16.570,-15.251,+0.04911,+1.319,+1.228,-2.638,-16.570,-6.226,-24.206,2,-1.418,-1.094,-4.256,-1.404
DRV,71938,+3.3000,+0.0000,+3.6257,-0.2093,+3.1398,-0.1574,+5.936,-0.440,+0.04880,+0.2245,-1.7752,-79.989,0,0,+14.202,+14.289,+0.47242,+0.087,+11.810,-0.175,+14.202,-6.399,+19.438,0,+12.445,+12.099,+0.44660,-0.346,+11.165,+0.693,+12.445,-6.399,+17.903,0,-12.795,-12.254,+0.04443,+0.541,+1.111,-1.082,-12.795,-6.399,-19.165,2,-16.710,-15.552,+0.00699,+1.159,+0.175,-2.318,-16.710,-6.399,-25.253,0,-1.263,-0.155,-5.814,-1.261
DRV,71942,+3.3000,+0.0000,+3.6255,-0.2129,+3.1634,-0.1618,+5.926,-0.453,+0.04965,+0.2025,-1.7992,-80.069,0,0,+14.294,+13.772,+0.56838,-0.522,+14.210,+1.044,+14.294,-6.406,+23.142,0,+12.547,+12.292,+0.46485,-0.255,+11.621,+0.510,+12.547,-6.406,+18.273,2,-12.882,-11.420,+0.02495,+1.462,+0.624,-2.924,-12.882,-6.406,-21.588,2,-16.850,-17.190,-0.01295,-0.340,-0.324,+0.681,-16.850,-6.406,-22.899,0,-3.418,+0.872,+0.243,-3.315
DRV,71946,+0.0000,+0.0000,+0.0000,+0.0000,+3.1329,-0.1626,-7.605,+0.376,+0.05038,+0.1806,-1.8193,-79.995,0,0,+14.132,+14.376,+0.55949,+0.243,+13.987,-0.487,+14.132,-6.400,+21.233,2,+12.418,+12.689,+0.47211,+0.270,+11.803,-0.541,+12.418,-6.400,+17.281,2,-12.765,-12.419,+0.01363,+0.346,+0.341,-0.692,-12.765,-6.400,-19.517,0,-16.711,-16.839,-0.11398,-0.128,-2.850,+0.256,-16.711,-6.400,-25.705,2,-2.463,+0.269,-4.472,-2.236
DRV,71950,+0.0000,+0.0000,+0.0000,+0.0000,+3.1024,-0.1630,-7.603,+0.382,+0.05097,+0.1183,-1.8357,-78.158,0,0,+13.974,+15.357,+0.51513,+1.384,+12.878,-2.768,+13.974,-6.253,+17.832,2,+12.289,+12.976,+0.46770,+0.686,+11.693,-1.372,+12.289,-6.253,+16.357,2,-12.649,-13.759,-0.05304,-1.110,-1.326,+2.219,-12.649,-6.253,-18.008,2,-16.570,-17.717,-0.08532,-1.148,-2.133,+2.296,-16.570,-6.253,-22.659,2,-2.360,-0.783,-4.828,-1.651
DRV,71954,+0.0000,+0.0000,+0.0000,+0.0000,+3.0719,-0.1621,-7.602,+0.384,+0.05120,+0.0561,-1.8418,-75.917,0,0,+13.823,+14.862,+0.47347,+1.039,+11.837,-2.077,+13.823,-6.073,+17.510,2,+12.161,+12.220,+0.46926,+0.059,+11.732,-0.118,+12.161,-6.073,+17.701,2,-12.533,-13.749,-0.03127,-1.216,-0.782,+2.433,-12.533,-6.073,-16.955,2,-16.420,-19.563,-0.00575,-3.143,-0.144,+6.286,-16.420,-6.073,-16.351,2,-4.701,-1.529,+1.159,+0.746
DRV,71958,+0.0000,+0.0000,+0.0000,+0.0000,+3.0415,-0.1613,-7.601,+0.386,+0.05144,+0.0637,-1.8484,-76.482,0,0,+13.673,+15.146,+0.42612,+1.473,+10.653,-2.947,+13.673,-6.119,+15.260,2,+12.032,+12.274,+0.47603,+0.241,+11.901,-0.483,+12.032,-6.119,+17.332,2,-12.417,-14.215,-0.00006,-1.798,-0.002,+3.596,-12.417,-6.119,-14.941,2,-16.271,-19.426,+0.09175,-3.155,+2.294,+6.310,-16.271,-6.119,-13.786,2,-4.280,-1.941,+1.475,+2.391
DRV,71962,+0.0000,+0.0000,+0.0000,+0.0000,+3.0110,-0.1606,-7.600,+0.388,+0.05172,+0.0713,-1.8561,-77.095,0,0,+13.521,+14.742,+0.37880,+1.220,+9.470,-2.441,+13.521,-6.168,+14.383,2,+11.904,+12.876,+0.46730,+0.972,+11.682,-1.944,+11.904,-6.168,+15.475,2,-12.300,-13.936,+0.03521,-1.636,+0.880,+3.271,-12.300,-6.168,-14.317,2,-16.123,-18.522,+0.17755,-2.399,+4.439,+4.798,-16.123,-6.168,-13.053,2,-3.780,-1.060,+1.330,+1.158
DRV,71966,+0.0000,+0.0000,+0.0000,+0.0000,+2.9805,-0.1606,-7.599,+0.390,+0.05224,+0.1887,-1.8701,-82.354,0,0,+13.365,+14.340,+0.33873,+0.975,+8.468,-1.950,+13.365,-6.588,+13.295,2,+11.775,+12.849,+0.44995,+1.074,+11.249,-2.148,+11.775,-6.588,+14.287,2,-12.184,-13.429,+0.06037,-1.244,+1.509,+2.489,-12.184,-6.588,-14.775,2,-15.979,-17.331,+0.23797,-1.352,+5.949,+2.704,-15.979,-6.588,-13.914,2,-2.991,-0.580,-0.619,-0.487
DRV,71970,+0.0000,+0.0000,+0.0000,+0.0000,+2.9500,-0.1627,-7.596,+0.398,+0.05347,+0.3058,-1.9027,-88.343,0,0,+13.194,+13.749,+0.30563,+0.555,+7.641,-1.110,+13.194,-7.067,+12.657,2,+11.645,+12.447,+0.43550,+0.802,+10.887,-1.603,+11.645,-7.067,+13.862,0,-12.068,-13.003,+0.07541,-0.935,+1.885,+1.871,-12.068,-7.067,-15.379,2,-15.849,-16.001,+0.26605,-0.152,+6.651,+0.304,-15.849,-7.067,-15.961,2,-2.253,-0.556,-3.303,-1.517
DRV,71974,+0.0000,+0.0000,+0.0000,+0.0000,+2.9194,-0.1649,-7.593,+0.407,+0.05476,+0.3417,-1.9366,-91.132,0,0,+13.022,+12.246,+0.29996,-0.775,+7.499,+1.551,+13.022,-7.291,+14.781,0,+11.516,+11.687,+0.43542,+0.171,+10.886,-0.342,+11.516,-7.291,+14.769,0,-11.952,-12.905,+0.08609,-0.953,+2.152,+1.906,-11.952,-7.291,-15.184,2,-15.720,-14.143,+0.25672,+1.578,+6.418,-3.155,-15.720,-7.291,-19.748,2,-1.896,-1.218,-4.967,-0.415
DRV,71978,+0.0000,+0.0000,+0.0000,+0.0000,+2.8888,-0.1676,-7.589,+0.418,+0.05627,+0.3774,-1.9754,-94.114,0,0,+12.845,+11.950,+0.31366,-0.895,+7.841,+1.790,+12.845,-7.529,+14.948,0,+11.386,+11.098,+0.50917,-0.288,+12.729,+0.575,+11.386,-7.529,+17.162,2,-11.835,-12.594,+0.09854,-0.759,+2.463,+1.518,-11.835,-7.529,-15.383,2,-15.595,-12.803,+0.20493,+2.792,+5.123,-5.583,-15.595,-7.529,-23.584,0,-0.853,-1.496,-8.636,+1.779
DRV,71982,+0.0000,+0.0000,+0.0000,+0.0000,+2.8582,-0.1699,-7.584,+0.429,+0.05765,+0.3109,-2.0101,-92.843,0,0,+12.673,+12.994,+0.39507,+0.321,+9.877,-0.642,+12.673,-7.427,+14.480,2,+11.257,+11.924,+0.49453,+0.668,+12.363,-1.335,+11.257,-7.427,+14.857,2,-11.719,-12.452,+0.10816,-0.733,+2.704,+1.465,-11.719,-7.427,-14.977,0,-15.467,-13.307,+0.15671,+2.160,+3.918,-4.320,-15.467,-7.427,-23.296,0,-0.313,-0.527,-8.816,-0.120
DRV,71986,+0.0000,+0.0000,+0.0000,+0.0000,+2.8277,-0.1709,-7.580,+0.437,+0.05863,+0.2447,-2.0345,-91.166,0,0,+12.509,+12.877,+0.39524,+0.369,+9.881,-0.738,+12.509,-7.293,+14.359,2,+11.127,+11.739,+0.46283,+0.612,+11.571,-1.223,+11.127,-7.293,+14.181,2,-11.603,-12.274,+0.04092,-0.671,+1.023,+1.342,-11.603,-7.293,-16.532,0,-15.330,-14.523,+0.03632,+0.807,+0.908,-1.615,-15.330,-7.293,-23.331,2,-1.646,-0.535,-8.972,-2.350
DRV,71990,+0.0000,+0.0000,+0.0000,+0.0000,+2.7973,-0.1709,-7.577,+0.445,+0.05923,+0.0561,-2.0493,-84.214,0,0,+12.352,+12.800,+0.39484,+0.447,+9.871,-0.895,+12.352,-6.737,+14.591,2,+10.998,+10.285,+0.46009,-0.712,+11.502,+1.425,+10.998,-6.737,+17.188,2,-11.488,-11.364,+0.04715,+0.124,+1.179,-0.248,-11.488,-6.737,-17.295,2,-15.187,-15.387,+0.01839,-0.200,+0.460,+0.400,-15.187,-6.737,-21.065,2,-2.587,-1.079,-6.474,-0.107
DRV,71994,+0.0000,+0.0000,+0.0000,+0.0000,+2.7671,-0.1676,-7.578,+0.444,+0.05870,-0.1319,-2.0363,-76.174,0,0,+12.219,+13.024,+0.38906,+0.805,+9.727,-1.610,+12.219,-6.094,+14.241,2,+10.869,+10.609,+0.46524,-0.261,+11.631,+0.521,+10.869,-6.094,+16.927,2,-11.374,-11.922,+0.06652,-0.549,+1.663,+1.097,-11.374,-6.094,-14.708,2,-15.023,-16.635,+0.03479,-1.612,+0.870,+3.224,-15.023,-6.094,-17.023,2,-3.612,-1.314,-2.782,+2.220
DRV,71998,+0.0000,+0.0000,+0.0000,+0.0000,+2.7369,-0.1638,-7.579,+0.440,+0.05796,-0.2365,-2.0180,-71.261,0,0,+12.089,+13.476,+0.36886,+1.387,+9.222,-2.774,+12.089,-5.701,+12.836,2,+10.741,+11.480,+0.44262,+0.739,+11.065,-1.478,+10.741,-5.701,+14.628,2,-11.259,-11.947,+0.09384,-0.688,+2.346,+1.375,-11.259,-5.701,-13.239,2,-14.856,-16.832,+0.06993,-1.977,+1.748,+3.953,-14.856,-5.701,-14.855,2,-3.356,-0.467,-2.019,+1.389
DRV,72002,+0.0000,+0.0000,+0.0000,+0.0000,+2.7068,-0.1584,-7.583,+0.432,+0.05660,-0.3408,-1.9838,-65.720,0,0,+11.972,+13.411,+0.34336,+1.439,+8.584,-2.878,+11.972,-5.258,+12.421,2,+10.614,+11.035,+0.42177,+0.421,+10.544,-0.843,+10.614,-5.258,+15.057,2,-11.145,-11.555,+0.11560,-0.410,+2.890,+0.821,-11.145,-5.258,-12.692,2,-14.676,-16.565,+0.10607,-1.889,+2.652,+3.777,-14.676,-5.258,-13.505,2,-3.154,-0.520,-1.085,+2.366
DRV,72006,+0.0000,+0.0000,+0.0000,+0.0000,+2.6766,-0.1528,-7.587,+0.422,+0.05517,-0.3760,-1.9471,-62.845,0,0,+11.856,+13.256,+0.31762,+1.399,+7.941,-2.799,+11.856,-5.028,+11.971,2,+10.487,+11.444,+0.39198,+0.957,+9.800,-1.914,+10.487,-5.028,+13.345,0,-11.029,-11.621,+0.13680,-0.592,+3.420,+1.183,-11.029,-5.028,-11.454,2,-14.496,-16.300,+0.13984,-1.805,+3.496,+3.609,-14.496,-5.028,-12.418,2,-3.045,-0.177,-0.447,+1.891
DRV,72010,+0.0000,+0.0000,+0.0000,+0.0000,+2.6465,-0.1467,-7.591,+0.411,+0.05352,-0.4111,-1.9042,-59.722,0,0,+11.745,+12.858,+0.29635,+1.113,+7.409,-2.226,+11.745,-4.778,+12.149,0,+10.361,+11.418,+0.35558,+1.057,+8.889,-2.115,+10.361,-4.778,+12.358,0,-10.913,-11.345,+0.15977,-0.432,+3.994,+0.864,-10.913,-4.778,-10.832,2,-14.311,-15.765,+0.16826,-1.454,+4.207,+2.908,-14.311,-4.778,-11.974,2,-2.907,+0.073,+0.176,+1.526
DRV,72014,+0.0000,+0.0000,+0.0000,+0.0000,+2.6164,-0.1410,-7.596,+0.399,+0.05195,-0.3760,-1.8622,-59.448,0,0,+11.632,+11.723,+0.36084,+0.091,+9.021,-0.181,+11.632,-4.756,+15.715,0,+10.236,+11.944,+0.39128,+1.709,+9.782,-3.417,+10.236,-4.756,+11.845,2,-10.796,-10.902,+0.17456,-0.106,+4.364,+0.213,-10.796,-4.756,-10.975,2,-14.127,-15.132,+0.18598,-1.005,+4.650,+2.010,-14.127,-4.756,-12.223,0,-3.409,+1.042,+3.493,+0.870
DRV,72018,+0.0000,+0.0000,+0.0000,+0.0000,+2.5862,-0.1359,-7.600,+0.388,+0.05058,-0.3409,-1.8250,-59.362,0,0,+11.515,+13.371,+0.25251,+1.857,+6.313,-3.714,+11.515,-4.749,+9.365,0,+10.111,+11.387,+0.36392,+1.276,+9.098,-2.552,+10.111,-4.749,+11.907,2,-10.678,-10.861,+0.18732,-0.183,+4.683,+0.365,-10.678,-4.749,-10.379,0,-13.947,-14.184,+0.18984,-0.237,+4.746,+0.475,-13.947,-4.749,-13.475,0,-0.813,+0.526,-4.110,+1.528
DRV,72022,+0.0000,+0.0000,+0.0000,+0.0000,+2.5559,-0.1310,-7.604,+0.378,+0.04930,-0.3006,-1.7893,-59.548,0,0,+11.396,+11.524,+0.30842,+0.128,+7.711,-0.256,+11.396,-4.764,+14.086,2,+9.986,+10.920,+0.34646,+0.934,+8.661,-1.868,+9.986,-4.764,+12.015,2,-10.560,-10.419,+0.19691,+0.141,+4.923,-0.281,-10.560,-4.764,-10.682,0,-13.768,-12.416,+0.08661,+1.351,+2.165,-2.703,-13.768,-4.764,-19.069,2,-0.893,+0.501,-4.983,+1.333
DRV,72026,+0.0000,+0.0000,+0.0000,+0.0000,+2.5256,-0.1269,-7.607,+0.370,+0.04826,-0.2604,-1.7598,-59.975,0,0,+11.272,+11.513,+0.29873,+0.241,+7.468,-0.482,+11.272,-4.798,+13.460,2,+9.861,+10.841,+0.33238,+0.980,+8.309,-1.961,+9.861,-4.798,+11.412,2,-10.441,-10.745,+0.13393,-0.304,+3.348,+0.607,-10.441,-4.798,-11.284,2,-13.593,-12.240,+0.06180,+1.354,+1.545,-2.707,-13.593,-4.798,-19.554,2,-0.727,+0.096,-6.094,+0.128
DRV,72030,+0.0000,+0.0000,+0.0000,+0.0000,+2.4953,-0.1229,-7.609,+0.363,+0.04726,-0.2413,-1.7309,-59.585,0,0,+11.147,+11.990,+0.27057,+0.843,+6.764,-1.685,+11.147,-4.767,+11.459,2,+9.736,+10.739,+0.31478,+1.003,+7.869,-2.005,+9.736,-4.767,+10.834,2,-10.323,-10.851,+0.13377,-0.529,+3.344,+1.058,-10.323,-4.767,-10.687,2,-13.420,-11.981,+0.03704,+1.438,+0.926,-2.877,-13.420,-4.767,-20.137,2,+0.008,-0.113,-8.678,+0.146
DRV,72034,+0.0000,+0.0000,+0.0000,+0.0000,+2.4650,-0.1193,-7.612,+0.356,+0.04637,-0.2222,-1.7049,-59.308,0,0,+11.020,+11.363,+0.24690,+0.343,+6.172,-0.686,+11.020,-4.745,+11.761,2,+9.612,+10.343,+0.30171,+0.731,+7.543,-1.462,+9.612,-4.745,+10.948,2,-10.203,-10.880,+0.14043,-0.676,+3.511,+1.352,-10.203,-4.745,-10.085,2,-13.248,-12.375,+0.02015,+0.873,+0.504,-1.746,-13.248,-4.745,-19.235,2,-1.012,-0.537,-7.474,+0.862
DRV,72038,+0.0000,+0.0000,+0.0000,+0.0000,+2.4347,-0.1152,-7.614,+0.350,+0.04528,-0.3218,-1.6725,-54.030,0,0,+10.897,+11.221,+0.23005,+0.324,+5.751,-0.648,+10.897,-4.322,+11.678,2,+9.488,+9.881,+0.29742,+0.394,+7.435,-0.787,+9.488,-4.322,+11.814,2,-10.083,-10.792,+0.14971,-0.709,+3.743,+1.417,-10.083,-4.322,-9.246,2,-13.073,-13.352,+0.02757,-0.280,+0.689,+0.559,-13.073,-4.322,-16.147,2,-2.131,-0.910,-4.469,+2.568
DRV,72042,+0.0000,+0.0000,+0.0000,+0.0000,+2.4044,-0.1097,-7.617,+0.339,+0.04359,-0.4211,-1.6211,-48.001,0,0,+10.787,+11.273,+0.20962,+0.486,+5.241,-0.972,+10.787,-3.840,+11.215,2,+9.368,+9.589,+0.29852,+0.221,+7.463,-0.442,+9.368,-3.840,+12.549,0,-9.960,-10.795,+0.16016,-0.835,+4.004,+1.670,-9.960,-3.840,-8.126,2,-12.885,-13.838,+0.05806,-0.953,+1.452,+1.906,-12.885,-3.840,-13.367,2,-2.565,-1.206,-2.152,+4.423
DRV,72046,+0.0000,+0.0000,+0.0000,+0.0000,+2.3741,-0.1039,-7.621,+0.327,+0.04171,-0.5232,-1.5615,-41.531,0,0,+10.681,+11.277,+0.18533,+0.596,+4.633,-1.191,+10.681,-3.322,+10.801,2,+9.250,+10.160,+0.29050,+0.910,+7.263,-1.821,+9.250,-3.322,+11.369,0,-9.835,-10.678,+0.17297,-0.843,+4.324,+1.686,-9.835,-3.322,-7.147,2,-12.692,-13.645,+0.09411,-0.953,+2.353,+1.906,-12.692,-3.322,-11.755,2,-2.368,-0.518,-0.955,+4.222
DRV,72050,+0.0000,+0.0000,+0.0000,+0.0000,+2.3439,-0.0967,-7.626,+0.310,+0.03920,-0.6250,-1.4787,-34.150,0,0,+10.591,+11.264,+0.15984,+0.674,+3.996,-1.347,+10.591,-2.732,+10.507,0,+9.137,+9.676,+0.33523,+0.539,+8.381,-1.078,+9.137,-2.732,+13.707,0,-9.704,-10.456,+0.18482,-0.752,+4.620,+1.503,-9.704,-2.732,-6.313,2,-12.485,-13.306,+0.12801,-0.821,+3.200,+1.641,-12.485,-2.732,-10.376,0,-2.041,-0.780,+0.131,+7.395
DRV,72054,+0.0000,+0.0000,+0.0000,+0.0000,+2.3136,-0.0898,-7.632,+0.292,+0.03676,-0.5974,-1.3932,-31.832,0,0,+10.500,+12.004,+0.20274,+1.504,+5.069,-3.008,+10.500,-2.547,+10.014,0,+9.026,+9.839,+0.31005,+0.813,+7.751,-1.626,+9.026,-2.547,+12.605,2,-9.571,-10.109,+0.19078,-0.537,+4.769,+1.075,-9.571,-2.547,-6.274,0,-12.277,-12.803,+0.15639,-0.525,+3.910,+1.050,-12.277,-2.547,-9.864,0,-0.799,-0.270,+0.150,+6.332
DRV,72058,+0.0000,+0.0000,+0.0000,+0.0000,+2.2832,-0.0834,-7.636,+0.275,+0.03448,-0.5699,-1.3083,-29.538,0,0,+10.407,+11.865,+0.17496,+1.458,+4.374,-2.916,+10.407,-2.363,+9.503,2,+8.917,+10.447,+0.26678,+1.529,+6.669,-3.059,+8.917,-2.363,+10.165,2,-9.437,-9.872,+0.19513,-0.435,+4.878,+0.871,-9.437,-2.363,-6.050,0,-12.071,-13.047,+0.09600,-0.975,+2.400,+1.951,-12.071,-2.363,-10.084,2,-1.182,+0.575,-0.581,+4.115
DRV,72062,+0.0000,+0.0000,+0.0000,+0.0000,+2.2528,-0.0774,-7.641,+0.259,+0.03229,-0.5275,-1.2212,-27.745,0,0,+10.315,+11.695,+0.14908,+1.381,+3.727,-2.762,+10.315,-2.220,+9.060,2,+8.810,+9.778,+0.22618,+0.968,+5.654,-1.936,+8.810,-2.220,+10.309,2,-9.299,-9.105,+0.13620,+0.194,+3.405,-0.388,-9.299,-2.220,-8.501,2,-11.865,-12.094,+0.09947,-0.229,+2.487,+0.459,-11.865,-2.220,-11.139,2,-0.399,+0.673,-2.079,+1.808
DRV,72066,+0.0000,+0.0000,+0.0000,+0.0000,+2.2224,-0.0720,-7.644,+0.244,+0.03034,-0.4853,-1.1384,-26.126,0,0,+10.218,+11.519,+0.12384,+1.302,+3.096,-2.604,+10.218,-2.090,+8.620,2,+8.704,+9.216,+0.20170,+0.512,+5.042,-1.024,+8.704,-2.090,+10.633,2,-9.161,-9.168,+0.14171,-0.008,+3.543,+0.015,-9.161,-2.090,-7.693,2,-11.662,-10.971,+0.08198,+0.691,+2.049,-1.383,-11.662,-2.090,-13.086,2,+0.548,+0.048,-4.466,+2.940
DRV,72070,+0.0000,+0.0000,+0.0000,+0.0000,+2.1920,-0.0670,-7.648,+0.230,+0.02849,-0.4447,-1.0531,-24.340,0,0,+10.121,+11.424,+0.09925,+1.303,+2.481,-2.606,+10.121,-1.947,+8.049,2,+8.600,+9.083,+0.18227,+0.483,+4.557,-0.966,+8.600,-1.947,+10.244,2,-9.020,-9.622,+0.16111,-0.602,+4.028,+1.205,-9.020,-1.947,-5.734,2,-11.459,-10.511,+0.05080,+0.948,+1.270,-1.897,-11.459,-1.947,-14.033,2,+0.913,-0.539,-5.984,+4.510
DRV,72074,+0.0000,+0.0000,+0.0000,+0.0000,+2.1615,-0.0626,-7.650,+0.217,+0.02687,-0.4042,-0.9729,-22.749,0,0,+10.020,+11.430,+0.07328,+1.410,+1.832,-2.820,+10.020,-1.820,+7.212,2,+8.497,+8.973,+0.16137,+0.476,+4.034,-0.952,+8.497,-1.820,+9.759,2,-8.878,-9.401,+0.18521,-0.523,+4.630,+1.046,-8.878,-1.820,-5.022,2,-11.260,-10.977,+0.02925,+0.283,+0.731,-0.567,-11.260,-1.820,-12.916,2,+0.453,-0.429,-5.704,+4.736
DRV,72078,+0.0000,+0.0000,+0.0000,+0.0000,+2.1310,-0.0583,-7.653,+0.206,+0.02527,-0.3943,-0.8866,-19.691,0,0,+9.921,+11.217,+0.04904,+1.296,+1.226,-2.591,+9.921,-1.575,+6.980,2,+8.396,+8.819,+0.14368,+0.423,+3.592,-0.846,+8.396,-1.575,+9.566,2,-8.734,-8.790,+0.19911,-0.056,+4.978,+0.112,-8.734,-1.575,-5.220,2,-11.059,-10.884,+0.01658,+0.174,+0.414,-0.349,-11.059,-1.575,-12.568,2,+0.332,+0.030,-5.588,+4.347
DRV,72082,+0.0000,+0.0000,+0.0000,+0.0000,+2.1004,-0.0542,-7.655,+0.194,+0.02373,-0.3845,-0.7946,-16.404,0,0,+9.824,+11.015,+0.02656,+1.191,+0.664,-2.383,+9.824,-1.312,+6.793,2,+8.299,+8.785,+0.12506,+0.486,+3.126,-0.972,+8.299,-1.312,+9.141,0,-8.585,-8.609,+0.20751,-0.024,+5.188,+0.048,-8.585,-1.312,-4.662,2,-10.855,-10.971,+0.00786,-0.116,+0.196,+0.231,-10.855,-1.312,-11.739,2,+0.045,+0.175,-4.947,+4.479
DRV,72086,+0.0000,+0.0000,+0.0000,+0.0000,+2.0699,-0.0497,-7.657,+0.182,+0.02194,-0.4704,-0.6714,-8.041,0,0,+9.743,+10.907,+0.00536,+1.165,+0.134,-2.329,+9.743,-0.643,+6.904,0,+8.214,+8.536,+0.16134,+0.322,+4.034,-0.644,+8.214,-0.643,+10.961,0,-8.425,-8.334,+0.21333,+0.091,+5.333,-0.182,-8.425,-0.643,-3.917,2,-10.636,-11.098,+0.00836,-0.462,+0.209,+0.924,-10.636,-0.643,-10.146,2,-0.191,+0.202,-3.242,+7.043
DRV,72090,+0.0000,+0.0000,+0.0000,+0.0000,+2.0393,-0.0452,-7.660,+0.169,+0.02006,-0.4695,-0.5118,-1.694,0,0,+9.678,+10.889,+0.05185,+1.211,+1.296,-2.423,+9.678,-0.135,+8.416,0,+8.145,+9.121,+0.14557,+0.975,+3.639,-1.951,+8.145,-0.135,+9.698,2,-8.248,-7.897,+0.21429,+0.350,+5.357,-0.701,-8.248,-0.135,-3.727,2,-10.400,-10.972,+0.01430,-0.572,+0.358,+1.143,-10.400,-0.135,-9.035,0,-0.082,+1.224,-0.619,+5.971
DRV,72094,+0.0000,+0.0000,+0.0000,+0.0000,+2.0088,-0.0404,-7.662,+0.155,+0.01802,-0.5228,-0.2389,+11.354,0,0,+9.665,+10.195,+0.03044,+0.530,+0.761,-1.061,+9.665,+0.908,+10.274,2,+8.128,+9.366,+0.12238,+1.238,+3.059,-2.477,+8.128,+0.908,+9.618,2,-8.020,-7.597,+0.21084,+0.423,+5.271,-0.845,-8.020,+0.908,-2.686,0,-10.112,-10.100,-0.04622,+0.012,-1.156,-0.023,-10.112,+0.908,-10.382,0,+0.095,+1.769,-0.108,+6.932
DRV,72098,+0.0000,+0.0000,+0.0000,+0.0000,+1.9782,-0.0357,-7.664,+0.139,+0.01593,-0.5217,+0.0000,+20.869,0,0,+9.637,+10.582,+0.00236,+0.946,+0.059,-1.892,+9.637,+1.670,+9.473,2,+8.094,+9.152,+0.10120,+1.058,+2.530,-2.115,+8.094,+1.670,+10.178,2,-7.808,-8.147,+0.16468,-0.340,+4.117,+0.679,-7.808,+1.670,-1.342,0,-9.839,-9.831,-0.03759,+0.008,-0.940,-0.017,-9.839,+1.670,-9.126,2,+0.751,+1.005,+0.347,+8.836
DRV,72102,+0.0000,+0.0000,+0.0000,+0.0000,+1.9476,-0.0314,-7.666,+0.124,+0.01402,-0.4648,+0.0000,+18.594,0,0,+9.498,+10.861,-0.03801,+1.363,-0.950,-2.726,+9.498,+1.488,+7.310,2,+7.954,+9.251,+0.07725,+1.297,+1.931,-2.593,+7.954,+1.488,+8.780,2,-7.702,-7.746,+0.16372,-0.044,+4.093,+0.089,-7.702,+1.488,-2.033,2,-9.676,-9.657,-0.02908,+0.019,-0.727,-0.038,-9.676,+1.488,-8.954,2,+1.204,+1.504,-1.644,+6.747
DRV,72106,+0.0000,+0.0000,+0.0000,+0.0000,+1.9170,-0.0273,-7.667,+0.111,+0.01216,-0.4639,+0.0000,+18.557,0,0,+9.359,+10.560,-0.08110,+1.201,-2.028,-2.402,+9.359,+1.485,+6.414,2,+7.815,+8.886,+0.05402,+1.071,+1.350,-2.142,+7.815,+1.485,+8.507,2,-7.595,-7.767,+0.15854,-0.172,+3.964,+0.343,-7.595,+1.485,-1.804,2,-9.514,-9.321,-0.02378,+0.193,-0.594,-0.387,-9.514,+1.485,-9.011,2,+1.239,+1.119,-2.597,+6.703
DRV,72110,+0.0000,+0.0000,+0.0000,+0.0000,+1.8864,-0.0244,-7.669,+0.099,+0.01085,-0.2838,+0.0000,+11.350,0,0,+9.216,+9.996,-0.11203,+0.779,-2.801,-1.559,+9.216,+0.908,+5.765,2,+7.680,+8.312,+0.04116,+0.632,+1.029,-1.265,+7.680,+0.908,+8.352,2,-7.484,-8.238,+0.16917,-0.754,+4.229,+1.508,-7.484,+0.908,-0.838,2,-9.355,-9.006,-0.02442,+0.350,-0.610,-0.699,-9.355,+0.908,-9.757,2,+0.990,+0.074,-3.992,+7.514
DRV,72114,+0.0000,+0.0000,+0.0000,+0.0000,+1.8557,-0.0219,-7.669,+0.090,+0.00971,-0.2832,+0.0000,+11.328,0,0,+9.073,+10.121,-0.14427,+1.048,-3.607,-2.096,+9.073,+0.906,+4.276,2,+7.547,+8.129,+0.03263,+0.583,+0.816,-1.165,+7.547,+0.906,+8.103,2,-7.371,-7.793,+0.17650,-0.423,+4.412,+0.846,-7.371,+0.906,-1.206,2,-9.197,-8.772,-0.02761,+0.425,-0.690,-0.849,-9.197,+0.906,-9.830,2,+1.348,+0.336,-5.555,+6.897
DRV,72118,+0.0000,+0.0000,+0.0000,+0.0000,+1.8250,-0.0208,-7.670,+0.084,+0.00929,-0.0454,+0.0000,+1.817,0,0,+8.925,+9.611,-0.17482,+0.686,-4.371,-1.373,+8.925,+0.145,+3.327,2,+7.419,+8.135,+0.02084,+0.717,+0.521,-1.433,+7.419,+0.145,+6.652,0,-7.252,-7.674,+0.18025,-0.422,+4.506,+0.844,-7.252,+0.145,-1.757,2,-9.043,-8.842,-0.02651,+0.201,-0.663,-0.402,-9.043,+0.145,-9.962,2,+0.769,+0.462,-6.635,+4.896
DRV,72122,+0.0000,+0.0000,+0.0000,+0.0000,+1.7944,-0.0201,-7.670,+0.083,+0.00911,-0.0453,+0.0000,+1.814,0,0,+8.776,+8.979,-0.19187,+0.203,-4.797,-0.406,+8.776,+0.145,+3.718,0,+7.293,+8.078,+0.00790,+0.785,+0.197,-1.570,+7.293,+0.145,+6.065,0,-7.131,-7.329,+0.18319,-0.198,+4.580,+0.397,-7.131,+0.145,-2.010,2,-8.890,-8.851,-0.02051,+0.039,-0.513,-0.079,-8.890,+0.145,-9.337,2,+0.128,+0.749,-5.619,+4.055
DRV,72126,+0.0000,+0.0000,+0.0000,+0.0000,+1.7637,-0.0200,-7.670,+0.082,+0.00923,+0.0558,+0.0000,-2.232,0,0,+8.625,+9.447,-0.14941,+0.822,-3.735,-1.644,+8.625,-0.179,+3.067,2,+7.169,+7.414,+0.04465,+0.245,+1.116,-0.491,+7.169,-0.179,+7.616,2,-7.008,-6.843,+0.17655,+0.166,+4.414,-0.331,-7.008,-0.179,-3.105,2,-8.739,-8.740,-0.01214,-0.001,-0.303,+0.003,-8.739,-0.179,-9.218,0,+0.707,+0.572,-6.151,+4.512
DRV,72130,+0.0000,+0.0000,+0.0000,+0.0000,+1.7330,-0.0201,-7.670,+0.084,+0.00946,+0.0557,+0.0000,-2.227,0,0,+8.474,+9.356,-0.16405,+0.882,-4.101,-1.764,+8.474,-0.178,+2.430,2,+7.046,+7.422,+0.02923,+0.376,+0.731,-0.753,+7.046,-0.178,+6.846,2,-6.885,-6.964,+0.16995,-0.079,+4.249,+0.158,-6.885,-0.178,-2.656,0,-8.588,-8.670,-0.00342,-0.082,-0.086,+0.164,-8.588,-0.178,-8.687,0,+0.686,+0.459,-6.258,+4.189
DRV,72134,+0.0000,+0.0000,+0.0000,+0.0000,+1.7023,-0.0198,-7.670,+0.085,+0.00950,-0.0024,+0.0000,+0.096,0,0,+8.323,+8.934,-0.17597,+0.610,-4.399,-1.220,+8.323,+0.008,+2.712,2,+6.922,+7.419,+0.01069,+0.497,+0.267,-0.995,+6.922,+0.008,+6.202,2,-6.762,-6.997,+0.17142,-0.234,+4.285,+0.468,-6.762,+0.008,-2.001,0,-8.436,-9.254,-0.04612,-0.818,-1.153,+1.637,-8.436,+0.008,-7.945,2,-0.321,+0.422,-5.233,+4.200
DRV,72138,+0.0000,+0.0000,+0.0000,+0.0000,+1.6716,-0.0194,-7.670,+0.085,+0.00949,-0.0024,+0.0000,+0.096,0,0,+8.173,+8.182,-0.17401,+0.009,-4.350,-0.017,+8.173,+0.008,+3.814,2,+6.797,+7.268,-0.00754,+0.471,-0.188,-0.942,+6.797,+0.008,+5.674,2,-6.641,-6.241,+0.12647,+0.400,+3.162,-0.799,-6.641,+0.008,-4.271,2,-8.284,-9.184,-0.03131,-0.900,-0.783,+1.800,-8.284,+0.008,-7.260,2,-1.002,+1.027,-3.446,+1.403
DRV,72142,+0.0000,+0.0000,+0.0000,+0.0000,+1.6410,-0.0187,-7.670,+0.084,+0.00925,-0.0811,+0.0000,+3.244,0,0,+8.025,+8.357,-0.17312,+0.332,-4.328,-0.664,+8.025,+0.260,+3.292,2,+6.671,+7.118,-0.02586,+0.448,-0.646,-0.895,+6.671,+0.260,+5.388,2,-6.520,-6.518,+0.12599,+0.002,+3.150,-0.004,-6.520,+0.260,-3.115,2,-8.131,-9.133,-0.01382,-1.002,-0.345,+2.005,-8.131,+0.260,-6.212,2,-0.777,+0.600,-2.920,+2.273
DRV,72146,+0.0000,+0.0000,+0.0000,+0.0000,+1.6103,-0.0178,-7.670,+0.082,+0.00893,-0.0809,+0.0000,+3.237,0,0,+7.876,+8.800,-0.18516,+0.924,-4.629,-1.848,+7.876,+0.259,+1.658,2,+6.544,+6.896,-0.04199,+0.353,-1.050,-0.705,+6.544,+0.259,+5.048,2,-6.400,-6.871,+0.14155,-0.470,+3.539,+0.941,-6.400,+0.259,-1.662,2,-7.977,-8.954,+0.00485,-0.977,+0.121,+1.953,-7.977,+0.259,-5.644,2,-0.154,+0.026,-3.986,+3.386
DRV,72150,+0.0000,+0.0000,+0.0000,+0.0000,+1.5796,-0.0168,-7.670,+0.079,+0.00845,-0.1308,+0.0000,+5.231,0,0,+7.728,+8.880,-0.20553,+1.152,-5.138,-2.303,+7.728,+0.418,+0.705,2,+6.416,+6.646,-0.05519,+0.229,-1.380,-0.459,+6.416,+0.418,+4.996,2,-6.282,-6.665,+0.15704,-0.383,+3.926,+0.766,-6.282,+0.418,-1.171,2,-7.823,-8.576,+0.01972,-0.753,+0.493,+1.506,-7.823,+0.418,-5.406,2,+0.303,-0.019,-4.701,+3.826
DRV,72154,+0.0000,+0.0000,+0.0000,+0.0000,+1.5489,-0.0156,-7.671,+0.076,+0.00793,-0.1305,+0.0000,+5.220,0,0,+7.580,+8.866,-0.22923,+1.286,-5.731,-2.572,+7.580,+0.418,-0.305,0,+6.288,+6.273,-0.06316,-0.016,-1.579,+0.031,+6.288,+0.418,+5.158,0,-6.163,-6.577,+0.17283,-0.414,+4.321,+0.828,-6.163,+0.418,-0.596,2,-7.669,-8.494,+0.03271,-0.825,+0.818,+1.649,-7.669,+0.418,-4.784,2,+0.372,-0.304,-5.089,+4.562
DRV,72158,+0.0000,+0.0000,+0.0000,+0.0000,+1.5183,-0.0141,-7.671,+0.071,+0.00713,-0.2228,+0.0000,+8.911,0,0,+7.434,+9.209,-0.26305,+1.775,-6.576,-3.551,+7.434,+0.713,-1.981,0,+6.159,+6.086,-0.06632,-0.073,-1.658,+0.145,+6.159,+0.713,+5.359,0,-6.046,-6.543,+0.19158,-0.497,+4.790,+0.994,-6.046,+0.713,+0.451,2,-7.514,-8.358,+0.04806,-0.845,+1.202,+1.689,-7.514,+0.713,-3.910,2,+0.851,-0.456,-5.891,+5.810
DRV,72162,+0.0000,+0.0000,+0.0000,+0.0000,+1.4876,-0.0125,-7.671,+0.065,+0.00624,-0.2223,+0.0000,+8.893,0,0,+7.287,+8.636,-0.29643,+1.349,-7.411,-2.697,+7.287,+0.711,-2.109,0,+6.029,+6.393,-0.03209,+0.364,-0.802,-0.728,+6.029,+0.711,+5.210,2,-5.929,-5.936,+0.20138,-0.007,+5.034,+0.014,-5.929,+0.711,-0.169,2,-7.358,-8.031,+0.06080,-0.673,+1.520,+1.346,-7.358,+0.711,-3.781,0,+0.605,+0.458,-5.890,+5.041
DRV,72166,+0.0000,+0.0000,+0.0000,+0.0000,+1.4569,-0.0105,-7.672,+0.057,+0.00504,-0.3277,+0.0000,+13.109,0,0,+7.142,+7.556,-0.26597,+0.414,-6.649,-0.829,+7.142,+1.049,+0.713,0,+5.898,+6.333,-0.03835,+0.435,-0.959,-0.870,+5.898,+1.049,+5.118,2,-5.814,-5.554,+0.20334,+0.259,+5.084,-0.519,-5.814,+1.049,-0.200,0,-7.202,-7.944,+0.07287,-0.742,+1.822,+1.484,-7.202,+1.049,-2.847,0,-0.387,+0.779,-2.134,+4.918
DRV,72170,+0.0000,+0.0000,+0.0000,+0.0000,+1.4262,-0.0084,-7.672,+0.048,+0.00373,-0.3271,+0.0000,+13.083,0,0,+6.997,+7.266,-0.27750,+0.269,-6.938,-0.538,+6.997,+1.047,+0.568,2,+5.766,+6.248,-0.04524,+0.481,-1.131,-0.963,+5.766,+1.047,+4.719,2,-5.699,-5.281,+0.19899,+0.418,+4.975,-0.836,-5.699,+1.047,-0.513,0,-7.045,-7.282,+0.03634,-0.238,+0.909,+0.475,-7.045,+1.047,-4.614,2,-0.016,+0.967,-4.046,+4.206
DRV,72174,+0.0000,+0.0000,+0.0000,+0.0000,+1.3956,-0.0057,-7.673,+0.037,+0.00198,-0.4732,+0.0000,+18.928,0,0,+6.853,+7.456,-0.29879,+0.603,-7.470,-1.206,+6.853,+1.514,-0.308,2,+5.632,+6.083,-0.05240,+0.451,-1.310,-0.901,+5.632,+1.514,+4.935,2,-5.586,-5.255,+0.15760,+0.331,+3.940,-0.662,-5.586,+1.514,-0.793,2,-6.886,-7.114,+0.04597,-0.228,+1.149,+0.456,-6.886,+1.514,-3.767,2,+0.342,+0.828,-4.075,+4.142
DRV,72178,+0.0000,+0.0000,+0.0000,+0.0000,+1.3649,-0.0030,-7.673,+0.023,+0.00009,-0.4723,+0.0000,+18.890,0,0,+6.710,+6.521,-0.30911,-0.189,-7.728,+0.379,+6.710,+1.511,+0.873,2,+5.498,+5.976,-0.06026,+0.478,-1.507,-0.956,+5.498,+1.511,+4.547,2,-5.474,-4.919,+0.14167,+0.555,+3.542,-1.110,-5.474,+1.511,-1.531,2,-6.727,-7.278,+0.06535,-0.551,+1.634,+1.101,-6.727,+1.511,-2.481,2,-0.757,+1.057,-1.609,+3.016
DRV,72182,+0.0000,+0.0000,+0.0000,+0.0000,+1.3342,-0.0003,-7.673,+0.009,-0.00187,-0.4947,+0.0000,+19.789,0,0,+6.567,+5.850,-0.29925,-0.717,-7.481,+1.434,+6.567,+1.583,+2.103,2,+5.364,+5.865,-0.06919,+0.501,-1.730,-1.002,+5.364,+1.583,+4.215,2,-5.361,-4.719,+0.12280,+0.642,+3.070,-1.284,-5.361,+1.583,-1.992,2,-6.569,-6.696,+0.07875,-0.128,+1.969,+0.255,-6.569,+1.583,-2.762,2,-0.846,+1.145,-0.659,+2.223
DRV,72186,+0.0000,+0.0000,+0.0000,+0.0000,+1.3035,+0.0023,-7.673,-0.006,-0.00384,-0.4937,+0.0000,+19.749,0,0,+6.423,+6.104,-0.29339,-0.319,-7.335,+0.638,+6.423,+1.580,+1.307,2,+5.230,+5.777,-0.07842,+0.547,-1.961,-1.094,+5.230,+1.580,+3.755,2,-5.248,-4.775,+0.10447,+0.474,+2.612,-0.948,-5.248,+1.580,-2.004,2,-6.410,-6.392,+0.08424,+0.018,+2.106,-0.035,-6.410,+1.580,-2.759,2,-0.288,+1.002,-1.453,+1.751
DRV,72190,+0.0000,+0.0000,+0.0000,+0.0000,+1.2728,+0.0050,-7.673,-0.021,-0.00595,-0.5363,+0.0000,+21.454,0,0,+6.280,+6.071,-0.29266,-0.209,-7.317,+0.418,+6.280,+1.716,+1.097,2,+5.096,+5.585,-0.08642,+0.489,-2.160,-0.978,+5.096,+1.716,+3.674,2,-5.136,-5.179,+0.09779,-0.043,+2.445,+0.087,-5.136,+1.716,-0.888,2,-6.251,-6.373,+0.09218,-0.122,+2.305,+0.244,-6.251,+1.716,-1.986,2,-0.303,+0.406,-0.889,+2.786
DRV,72194,+0.0000,+0.0000,+0.0000,+0.0000,+1.2421,+0.0075,-7.673,-0.036,-0.00809,-0.5353,+0.0000,+21.411,0,0,+6.136,+6.653,-0.30322,+0.517,-7.581,-1.034,+6.136,+1.713,-0.766,2,+4.962,+5.459,-0.09510,+0.497,-2.377,-0.994,+4.962,+1.713,+3.304,0,-5.023,-4.904,+0.09319,+0.118,+2.330,-0.237,-5.023,+1.713,-1.217,2,-6.093,-6.207,+0.09989,-0.114,+2.497,+0.228,-6.093,+1.713,-1.654,2,+0.446,+0.555,-2.421,+2.087
DRV,72198,+0.0000,+0.0000,+0.0000,+0.0000,+1.2114,+0.0099,-7.672,-0.052,-0.01017,-0.5156,+0.0000,+20.624,0,0,+5.991,+6.791,-0.32853,+0.800,-8.213,-1.600,+5.991,+1.650,-2.172,0,+4.829,+4.986,-0.06992,+0.157,-1.748,-0.315,+4.829,+1.650,+4.416,0,-4.909,-5.452,+0.09719,-0.543,+2.430,+1.086,-4.909,+1.650,+0.257,2,-5.935,-6.139,+0.11043,-0.204,+2.761,+0.409,-5.935,+1.650,-1.116,2,+0.652,-0.465,-3.287,+4.673
DRV,72202,+0.0000,+0.0000,+0.0000,+0.0000,+1.1807,+0.0121,-7.671,-0.067,-0.01223,-0.5146,+0.0000,+20.582,0,0,+5.846,+7.546,-0.31759,+1.700,-7.940,-3.400,+5.846,+1.647,-3.847,0,+4.697,+4.975,-0.07991,+0.278,-1.998,-0.556,+4.697,+1.647,+3.789,2,-4.794,-5.898,+0.11595,-1.104,+2.899,+2.207,-4.794,+1.647,+1.959,2,-5.777,-6.199,+0.12377,-0.422,+3.094,+0.844,-5.777,+1.647,-0.193,0,+1.347,-0.923,-4.039,+5.748
DRV,72206,+0.0000,+0.0000,+0.0000,+0.0000,+1.1500,+0.0143,-7.670,-0.083,-0.01432,-0.5263,+0.0000,+21.052,0,0,+5.701,+7.223,-0.35479,+1.522,-8.870,-3.043,+5.701,+1.684,-4.528,2,+4.565,+4.972,-0.09360,+0.407,-2.340,-0.815,+4.565,+1.684,+3.094,2,-4.679,-5.741,+0.14105,-1.061,+3.526,+2.122,-4.679,+1.684,+2.654,0,-5.620,-6.553,+0.10310,-0.933,+2.578,+1.866,-5.620,+1.684,+0.507,0,+0.670,-0.769,-4.020,+5.748
DRV,72210,+0.0000,+0.0000,+0.0000,+0.0000,+1.1193,+0.0163,-7.669,-0.099,-0.01642,-0.5252,+0.0000,+21.010,0,0,+5.556,+6.570,-0.37876,+1.014,-9.469,-2.029,+5.556,+1.681,-4.261,2,+4.433,+4.901,-0.11059,+0.468,-2.765,-0.937,+4.433,+1.681,+2.412,2,-4.564,-4.851,+0.12188,-0.287,+3.047,+0.573,-4.564,+1.681,+0.737,2,-5.463,-6.587,+0.12588,-1.124,+3.147,+2.247,-5.463,+1.681,+1.612,2,-0.017,+0.051,-2.649,+3.149
DRV,72214,+0.0000,+0.0000,+0.0000,+0.0000,+1.0886,+0.0182,-7.667,-0.114,-0.01852,-0.5221,+0.0930,+24.602,0,0,+5.452,+6.562,-0.40063,+1.109,-10.016,-2.219,+5.452,+1.968,-4.814,2,+4.344,+4.585,-0.12359,+0.240,-3.090,-0.481,+4.344,+1.968,+2.742,2,-4.406,-4.534,+0.13055,-0.128,+3.264,+0.256,-4.406,+1.968,+1.081,2,-5.265,-6.167,+0.14723,-0.902,+3.681,+1.805,-5.265,+1.968,+2.189,2,+0.395,+0.051,-2.624,+3.823
DRV,72218,+0.0000,+0.0000,+0.0000,+0.0000,+1.0579,+0.0199,-7.665,-0.130,-0.02060,-0.5210,+0.1935,+28.581,0,0,+5.352,+5.998,-0.41735,+0.646,-10.434,-1.292,+5.352,+2.287,-4.088,2,+4.260,+4.305,-0.12952,+0.045,-3.238,-0.090,+4.260,+2.287,+3.218,2,-4.244,-3.805,+0.13178,+0.439,+3.295,-0.878,-4.244,+2.287,+0.459,2,-5.063,-5.609,+0.16177,-0.546,+4.044,+1.093,-5.063,+2.287,+2.361,2,+0.389,+0.500,-1.727,+3.676
DRV,72222,+0.0000,+0.0000,+0.0000,+0.0000,+1.0272,+0.0213,-7.663,-0.145,-0.02245,-0.4439,+0.2940,+29.519,0,0,+5.251,+5.781,-0.42856,+0.530,-10.714,-1.060,+5.251,+2.362,-4.162,2,+4.176,+4.153,-0.13372,-0.024,-3.343,+0.047,+4.176,+2.362,+3.242,2,-4.080,-3.020,+0.11257,+1.060,+2.814,-2.120,-4.080,+2.362,-1.025,2,-4.862,-4.701,+0.15989,+0.161,+3.997,-0.322,-4.862,+2.362,+1.175,2,+1.080,+1.132,-2.987,+2.218
DRV,72226,+0.0000,+0.0000,+0.0000,+0.0000,+0.9965,+0.0225,-7.661,-0.158,-0.02423,-0.4430,+0.3946,+33.505,0,0,+5.149,+4.403,-0.41894,-0.745,-10.474,+1.491,+5.149,+2.680,-1.154,2,+4.094,+4.042,-0.13615,-0.052,-3.404,+0.104,+4.094,+2.680,+3.474,2,-3.916,-2.804,+0.08790,+1.112,+2.197,-2.225,-3.916,+2.680,-1.263,2,-4.662,-4.594,+0.15268,+0.068,+3.817,-0.136,-4.662,+2.680,+1.700,2,-0.191,+1.238,+0.546,+2.212
DRV,72230,+0.0000,+0.0000,+0.0000,+0.0000,+0.9658,+0.0238,-7.659,-0.172,-0.02622,-0.5171,+0.9388,+58.240,0,0,+5.249,+4.312,-0.39324,-0.937,-9.831,+1.873,+5.249,+4.659,+1.950,2,+4.213,+3.969,-0.13621,-0.244,-3.405,+0.489,+4.213,+4.659,+5.956,0,-3.551,-2.593,+0.06490,+0.958,+1.622,-1.916,-3.551,+4.659,+0.815,2,-4.260,-4.503,+0.15266,-0.244,+3.817,+0.487,-4.260,+4.659,+4.703,2,-0.191,+1.376,+6.654,+6.771
DRV,72234,+0.0000,+0.0000,+0.0000,+0.0000,+0.9351,+0.0250,-7.656,-0.188,-0.02829,-0.5161,+1.0436,+62.388,0,0,+5.149,+4.517,-0.36713,-0.632,-9.178,+1.264,+5.149,+4.991,+2.225,0,+4.132,+4.165,-0.13615,+0.032,-3.404,-0.065,+4.132,+4.991,+5.655,0,-3.385,-2.061,+0.03977,+1.324,+0.994,-2.647,-3.385,+4.991,-0.047,2,-4.057,-3.572,+0.14799,+0.485,+3.700,-0.970,-4.057,+4.991,+3.663,2,+0.945,+2.104,+5.889,+5.608
DRV,72238,+0.0000,+0.0000,+0.0000,+0.0000,+0.9044,+0.0264,-7.653,-0.204,-0.03059,-0.5970,+1.1494,+69.853,0,0,+5.050,+5.667,-0.36922,+0.617,-9.230,-1.234,+5.050,+5.588,+0.174,0,+4.052,+4.859,-0.12125,+0.807,-3.031,-1.614,+4.052,+5.588,+4.994,2,-3.219,-1.637,+0.00194,+1.582,+0.049,-3.163,-3.219,+5.588,-0.745,2,-3.855,-3.013,+0.12461,+0.842,+3.115,-1.684,-3.855,+5.588,+3.165,0,+2.654,+3.222,+3.339,+4.249
DRV,72242,+0.0000,+0.0000,+0.0000,+0.0000,+0.8738,+0.0277,-7.649,-0.222,-0.03298,-0.5958,+1.2493,+73.803,0,0,+4.948,+5.440,-0.34891,+0.492,-8.723,-0.985,+4.948,+5.904,+1.145,2,+3.969,+4.894,-0.14025,+0.925,-3.506,-1.850,+3.969,+5.904,+4.517,2,-3.055,-1.698,-0.03138,+1.356,-0.784,-2.713,-3.055,+5.904,-0.648,0,-3.655,-3.221,+0.10668,+0.434,+2.667,-0.868,-3.655,+5.904,+4.049,0,+2.220,+3.195,+5.193,+3.869
DRV,72246,+0.0000,+0.0000,+0.0000,+0.0000,+0.8431,+0.0285,-7.645,-0.239,-0.03503,-0.4850,+1.3292,+72.571,0,0,+4.836,+6.485,-0.38274,+1.650,-9.568,-3.299,+4.836,+5.806,-2.226,2,+3.879,+4.866,-0.16069,+0.987,-4.017,-1.974,+3.879,+5.806,+3.693,2,-2.899,-1.688,-0.06225,+1.211,-1.556,-2.422,-2.899,+5.806,-1.071,0,-3.465,-3.206,+0.07902,+0.259,+1.975,-0.517,-3.465,+5.806,+3.799,2,+3.279,+3.178,+1.572,+2.622
DRV,72250,+0.0000,+0.0000,+0.0000,+0.0000,+0.8125,+0.0291,-7.642,-0.254,-0.03697,-0.4841,+1.4006,+75.386,0,0,+4.719,+6.588,-0.43751,+1.869,-10.938,-3.738,+4.719,+6.031,-3.925,2,+3.786,+4.846,-0.18308,+1.061,-4.577,-2.121,+3.786,+6.031,+3.118,2,-2.746,-2.094,-0.09540,+0.652,-2.385,-1.304,-2.746,+6.031,-0.404,2,-3.280,-3.647,+0.08517,-0.367,+2.129,+0.735,-3.280,+6.031,+5.615,2,+2.941,+2.752,+1.690,+2.715
DRV,72254,+0.0000,+0.0000,+0.0000,+0.0000,+0.7819,+0.0293,-7.638,-0.268,-0.03853,-0.3587,+1.4555,+72.566,0,0,+4.594,+6.308,-0.48576,+1.714,-12.144,-3.427,+4.594,+5.805,-5.172,2,+3.687,+4.727,-0.20561,+1.041,-5.140,-2.081,+3.687,+5.805,+2.271,2,-2.599,-2.586,-0.10410,+0.012,-2.602,-0.024,-2.599,+5.805,+0.580,2,-3.104,-3.803,+0.10578,-0.699,+2.644,+1.398,-3.104,+5.805,+6.744,2,+2.505,+2.141,+1.572,+2.851
DRV,72258,+0.0000,+0.0000,+0.0000,+0.0000,+0.7513,+0.0293,-7.635,-0.279,-0.03996,-0.3579,+1.5042,+74.484,0,0,+4.466,+6.057,-0.53188,+1.591,-13.297,-3.182,+4.466,+5.959,-6.055,2,+3.586,+4.539,-0.22760,+0.953,-5.690,-1.905,+3.586,+5.959,+1.949,2,-2.454,-3.736,-0.08652,-1.283,-2.163,+2.566,-2.454,+5.959,+3.908,2,-2.931,-3.384,+0.12345,-0.453,+3.086,+0.905,-2.931,+5.959,+7.019,2,+2.673,+0.802,+0.964,+5.858
DRV,72262,+0.0000,+0.0000,+0.0000,+0.0000,+0.7207,+0.0290,-7.632,-0.290,-0.04116,-0.2806,+1.5437,+72.975,0,0,+4.332,+5.268,-0.56787,+0.935,-14.197,-1.870,+4.332,+5.838,-5.897,2,+3.482,+4.129,-0.24335,+0.647,-6.084,-1.294,+3.482,+5.838,+1.942,2,-2.312,-4.291,-0.04272,-1.979,-1.068,+3.959,-2.312,+5.838,+6.417,2,-2.763,-2.556,+0.12736,+0.208,+3.184,-0.415,-2.763,+5.838,+5.843,2,+2.712,-0.162,-0.053,+8.360
DRV,72266,+0.0000,+0.0000,+0.0000,+0.0000,+0.6902,+0.0287,-7.630,-0.299,-0.04228,-0.2801,+1.5798,+74.395,0,0,+4.197,+4.587,-0.58617,+0.390,-14.654,-0.780,+4.197,+5.952,-5.285,2,+3.377,+3.987,-0.25599,+0.610,-6.400,-1.219,+3.377,+5.952,+1.710,0,-2.171,-3.378,-0.00689,-1.207,-0.172,+2.414,-2.171,+5.952,+6.023,2,-2.598,-2.141,+0.12124,+0.456,+3.031,-0.912,-2.598,+5.952,+5.473,2,+2.446,+0.609,+0.187,+7.732
DRV,72270,+0.0000,+0.0000,+0.0000,+0.0000,+0.6597,+0.0279,-7.628,-0.307,-0.04297,-0.1375,+1.6017,+69.568,0,0,+4.055,+4.145,-0.59687,+0.090,-14.922,-0.181,+4.055,+5.565,-5.482,0,+3.267,+3.550,-0.24259,+0.283,-6.065,-0.565,+3.267,+5.565,+2.203,0,-2.035,-2.475,+0.00669,-0.440,+0.167,+0.879,-2.035,+5.565,+4.577,2,-2.440,-1.906,+0.11034,+0.534,+2.758,-1.067,-2.440,+5.565,+4.817,2,+2.239,+1.075,-0.665,+6.780
DRV,72274,+0.0000,+0.0000,+0.0000,+0.0000,+0.6291,+0.0270,-7.626,-0.311,-0.04352,-0.1372,+1.6188,+70.243,0,0,+3.910,+3.583,-0.59587,-0.326,-14.897,+0.653,+3.910,+5.619,-4.714,0,+3.156,+3.325,-0.25000,+0.169,-6.250,-0.338,+3.156,+5.619,+2.188,2,-1.901,-2.171,+0.01790,-0.269,+0.447,+0.539,-1.901,+5.619,+4.704,2,-2.284,-2.417,+0.10910,-0.133,+2.727,+0.265,-2.284,+5.619,+6.328,0,+1.167,+1.154,+1.614,+6.892
DRV,72278,+0.0000,+0.0000,+0.0000,+0.0000,+0.5986,+0.0255,-7.625,-0.314,-0.04311,+0.1837,+1.6059,+56.888,0,0,+3.750,+3.900,-0.57192,+0.150,-14.298,-0.300,+3.750,+4.551,-6.297,2,+3.034,+3.144,-0.25618,+0.110,-6.405,-0.221,+3.034,+4.551,+0.959,2,-1.778,-0.677,+0.00198,+1.101,+0.050,-2.203,-1.778,+4.551,+0.620,0,-2.144,-2.142,+0.11458,+0.002,+2.864,-0.004,-2.144,+4.551,+5.267,0,+1.758,+2.467,-1.030,+1.579
DRV,72282,+0.0000,+0.0000,+0.0000,+0.0000,+0.5682,+0.0238,-7.627,-0.309,-0.04237,+0.1834,+1.5828,+55.977,0,0,+3.584,+3.641,-0.57476,+0.057,-14.369,-0.114,+3.584,+4.478,-6.420,2,+2.907,+2.954,-0.26094,+0.047,-6.523,-0.094,+2.907,+4.478,+0.768,2,-1.660,-0.086,-0.03626,+1.573,-0.906,-3.147,-1.660,+4.478,-1.235,0,-2.009,-2.432,+0.10618,-0.423,+2.655,+0.846,-2.009,+4.478,+5.970,2,+1.209,+2.868,-0.450,-0.467
DRV,72286,+0.0000,+0.0000,+0.0000,+0.0000,+0.5377,+0.0217,-7.629,-0.302,-0.04079,+0.4675,+1.5316,+42.562,0,0,+3.405,+3.540,-0.57239,+0.135,-14.310,-0.270,+3.405,+3.405,-7.770,2,+2.770,+2.476,-0.25946,-0.294,-6.486,+0.588,+2.770,+3.405,+0.276,2,-1.552,-0.141,-0.07361,+1.411,-1.840,-2.822,-1.552,+3.405,-2.809,2,-1.888,-2.208,+0.11667,-0.320,+2.917,+0.639,-1.888,+3.405,+5.073,2,+1.332,+2.335,-2.697,-2.533
DRV,72290,+0.0000,+0.0000,+0.0000,+0.0000,+0.5072,+0.0196,-7.633,-0.289,-0.03892,+0.4666,+1.4690,+40.097,0,0,+3.220,+3.829,-0.58579,+0.608,-14.645,-1.216,+3.220,+3.208,-9.433,2,+2.628,+2.101,-0.25119,-0.527,-6.280,+1.054,+2.628,+3.208,+0.610,2,-1.449,-0.508,-0.10263,+0.941,-2.566,-1.883,-1.449,+3.208,-2.690,2,-1.773,-2.122,+0.12316,-0.349,+3.079,+0.698,-1.773,+3.208,+5.212,2,+1.707,+1.593,-4.221,-2.080
DRV,72294,+0.0000,+0.0000,+0.0000,+0.0000,+0.4767,+0.0175,-7.636,-0.275,-0.03704,+0.4715,+1.4032,+37.267,0,0,+3.034,+3.120,-0.58966,+0.086,-14.741,-0.171,+3.034,+2.981,-8.897,2,+2.484,+1.985,-0.23925,-0.498,-5.981,+0.997,+2.484,+2.981,+0.480,2,-1.348,-0.961,-0.11567,+0.387,-2.892,-0.774,-1.348,+2.981,-2.033,2,-1.659,-2.479,+0.13789,-0.820,+3.447,+1.641,-1.659,+2.981,+6.411,2,+0.641,+1.024,-2.486,-1.552
DRV,72298,+0.0000,+0.0000,+0.0000,+0.0000,+0.4462,+0.0156,-7.640,-0.262,-0.03516,+0.4706,+1.3340,+34.538,0,0,+2.847,+3.134,-0.59631,+0.287,-14.908,-0.574,+2.847,+2.763,-9.872,2,+2.337,+1.768,-0.22830,-0.570,-5.707,+1.139,+2.337,+2.763,+0.532,2,-1.249,-0.905,-0.12276,+0.344,-3.069,-0.688,-1.249,+2.763,-2.244,2,-1.545,-2.160,+0.15472,-0.615,+3.868,+1.230,-1.545,+2.763,+6.315,2,+0.974,+0.863,-3.556,-1.712
DRV,72302,+0.0000,+0.0000,+0.0000,+0.0000,+0.4156,+0.0140,-7.643,-0.250,-0.03387,+0.2718,+1.2847,+40.515,0,0,+2.670,+2.782,-0.59446,+0.112,-14.861,-0.224,+2.670,+3.241,-9.174,2,+2.198,+1.704,-0.21668,-0.494,-5.417,+0.988,+2.198,+3.241,+1.011,0,-1.143,-1.013,-0.12762,+0.129,-3.190,-0.259,-1.143,+3.241,-1.350,2,-1.422,-2.137,+0.17111,-0.715,+4.278,+1.430,-1.422,+3.241,+7.527,2,+0.645,+0.691,-1.648,-0.340
DRV,72306,+0.0000,+0.0000,+0.0000,+0.0000,+0.3850,+0.0127,-7.645,-0.243,-0.03307,+0.1294,+1.2529,+44.938,0,0,+2.501,+2.795,-0.60229,+0.294,-15.000,-0.587,+2.501,+3.595,-9.491,2,+2.066,+1.449,-0.20421,-0.617,-5.105,+1.234,+2.066,+3.595,+1.790,0,-1.029,-1.038,-0.12699,-0.009,-3.175,+0.017,-1.029,+3.595,-0.591,2,-1.290,-2.043,+0.18616,-0.754,+4.654,+1.507,-1.290,+3.595,+8.467,2,+0.751,+0.412,-1.024,+1.199
DRV,72310,+0.0000,+0.0000,+0.0000,+0.0000,+0.3545,+0.0118,-7.645,-0.242,-0.03312,-0.0125,+1.2549,+50.695,0,0,+2.349,+1.306,-0.58563,-1.043,-14.641,+2.087,+2.349,+4.056,-6.150,0,+1.948,+1.497,-0.18251,-0.451,-4.563,+0.902,+1.948,+4.056,+2.343,0,-0.901,-0.962,-0.12437,-0.060,-3.109,+0.121,-0.901,+4.056,+0.166,2,-1.141,-2.029,+0.20986,-0.888,+5.246,+1.776,-1.141,+4.056,+9.938,0,-0.723,+0.535,+3.788,+2.510
DRV,72314,+0.0000,+0.0000,+0.0000,+0.0000,+0.3239,+0.0109,-7.645,-0.243,-0.03331,-0.0819,+1.2624,+53.773,0,0,+2.199,+1.715,-0.55781,-0.485,-13.945,+0.969,+2.199,+4.302,-6.475,0,+1.832,+1.544,-0.17295,-0.288,-4.324,+0.575,+1.832,+4.302,+2.386,2,-0.771,-0.912,-0.12081,-0.140,-3.020,+0.281,-0.771,+4.302,+0.791,2,-0.989,-1.486,+0.22314,-0.496,+5.578,+0.993,-0.989,+4.302,+9.884,0,+0.229,+0.633,+3.409,+3.177
DRV,72318,+0.0000,+0.0000,+0.0000,+0.0000,+0.2933,+0.0101,-7.643,-0.248,-0.03391,-0.1511,+1.2863,+57.496,0,0,+2.057,+2.386,-0.56121,+0.328,-14.030,-0.657,+2.057,+4.600,-8.030,2,+1.723,+1.534,-0.16577,-0.189,-4.144,+0.378,+1.723,+4.600,+2.556,2,-0.634,-0.788,-0.11537,-0.154,-2.884,+0.308,-0.634,+4.600,+1.389,0,-0.830,-1.039,+0.22467,-0.208,+5.617,+0.417,-0.830,+4.600,+9.803,2,+1.347,+0.746,+1.773,+3.945
DRV,72322,+0.0000,+0.0000,+0.0000,+0.0000,+0.2627,+0.0092,-7.642,-0.253,-0.03448,-0.1343,+1.3084,+57.708,0,0,+1.914,+3.316,-0.59042,+1.402,-14.761,-2.803,+1.914,+4.617,-11.033,2,+1.614,+1.689,-0.16478,+0.075,-4.120,-0.150,+1.614,+4.617,+1.961,2,-0.498,-0.455,-0.11762,+0.043,-2.940,-0.085,-0.498,+4.617,+1.093,2,-0.672,-0.548,+0.22404,+0.124,+5.601,-0.248,-0.672,+4.617,+9.298,2,+2.768,+1.234,-1.735,+3.054
DRV,72326,+0.0000,+0.0000,+0.0000,+0.0000,+0.2322,+0.0083,-7.641,-0.259,-0.03495,-0.1176,+1.3263,+57.756,0,0,+1.770,+2.832,-0.62941,+1.062,-15.000,-2.125,+1.770,+4.620,-10.735,2,+1.503,+1.637,-0.16658,+0.134,-4.165,-0.267,+1.503,+4.620,+1.691,2,-0.363,-0.114,-0.12223,+0.249,-3.056,-0.499,-0.363,+4.620,+0.703,2,-0.516,-0.317,+0.22160,+0.199,+5.540,-0.399,-0.516,+4.620,+9.245,2,+2.515,+1.523,-1.489,+2.394
DRV,72330,+0.0000,+0.0000,+0.0000,+0.0000,+0.2016,+0.0074,-7.639,-0.264,-0.03551,-0.1612,+1.3473,+60.341,0,0,+1.626,+1.803,-0.64211,+0.177,-15.000,-0.354,+1.626,+4.827,-8.901,2,+1.393,+1.698,-0.17192,+0.305,-4.298,-0.610,+1.393,+4.827,+1.313,2,-0.227,+0.010,-0.12842,+0.237,-3.210,-0.474,-0.227,+4.827,+0.916,2,-0.359,+0.010,+0.21504,+0.368,+5.376,-0.737,-0.359,+4.827,+9.108,2,+1.812,+1.708,+0.207,+2.229
DRV,72334,+0.0000,+0.0000,+0.0000,+0.0000,+0.1710,+0.0065,-7.637,-0.272,-0.03633,-0.2048,+1.3775,+63.291,0,0,+1.487,+2.522,-0.65948,+1.035,-15.000,-2.070,+1.487,+5.063,-10.520,2,+1.288,+1.458,-0.17686,+0.170,-4.421,-0.340,+1.288,+5.063,+1.590,2,-0.087,+0.154,-0.13417,+0.241,-3.354,-0.482,-0.087,+5.063,+1.140,2,-0.197,-0.072,+0.20600,+0.125,+5.150,-0.250,-0.197,+5.063,+9.766,2,+2.450,+1.612,-0.754,+2.730
DRV,72338,+0.0000,+0.0000,+0.0000,+0.0000,+0.1405,+0.0055,-7.635,-0.280,-0.03727,-0.2639,+1.4113,+67.010,0,0,+1.349,+2.306,-0.69145,+0.957,-15.000,-1.914,+1.349,+5.361,-10.204,2,+1.184,+1.366,-0.17982,+0.182,-4.495,-0.364,+1.184,+5.361,+1.686,2,+0.055,+0.216,-0.13868,+0.161,-3.467,-0.321,+0.055,+5.361,+1.628,2,-0.034,-0.453,+0.21293,-0.419,+5.323,+0.839,-0.034,+5.361,+11.488,2,+1.853,+1.582,+1.284,+3.314
DRV,72342,+0.0000,+0.0000,+0.0000,+0.0000,+0.1099,+0.0045,-7.632,-0.293,-0.03856,-0.3230,+1.4566,+71.182,0,0,+1.216,+1.965,-0.71258,+0.748,-15.000,-1.496,+1.216,+5.695,-9.585,2,+1.086,+1.346,-0.18489,+0.260,-4.622,-0.519,+1.086,+5.695,+1.640,0,+0.202,+0.323,-0.14104,+0.121,-3.526,-0.241,+0.202,+5.695,+2.130,2,+0.134,-0.310,+0.22482,-0.444,+5.621,+0.889,+0.134,+5.695,+12.338,2,+1.654,+1.668,+2.753,+3.770
DRV,72346,+0.0000,+0.0000,+0.0000,+0.0000,+0.0794,+0.0034,-7.627,-0.307,-0.03996,-0.3795,+1.5043,+75.352,0,0,+1.085,+1.561,-0.73052,+0.476,-15.000,-0.953,+1.085,+6.028,-8.840,0,+0.989,+1.292,-0.19125,+0.303,-4.781,-0.606,+0.989,+6.028,+1.631,0,+0.351,+0.585,-0.14505,+0.234,-3.626,-0.467,+0.351,+6.028,+2.286,2,+0.303,-0.107,+0.23635,-0.410,+5.909,+0.820,+0.303,+6.028,+13.060,2,+1.454,+1.877,+4.220,+3.916
DRV,72350,+0.0000,+0.0000,+0.0000,+0.0000,+0.0489,+0.0023,-7.621,-0.328,-0.04171,-0.4359,+1.5615,+79.895,0,0,+0.957,+1.054,-0.73672,+0.096,-15.000,-0.193,+0.957,+6.392,-7.844,0,+0.898,+1.309,-0.19266,+0.412,-4.816,-0.824,+0.898,+6.392,+1.649,2,+0.504,+0.700,-0.14944,+0.196,-3.736,-0.392,+0.504,+6.392,+2.768,2,+0.476,+0.226,+0.24454,-0.249,+6.113,+0.498,+0.476,+6.392,+13.479,0,+1.280,+2.009,+5.635,+4.417
DRV,72354,+0.0000,+0.0000,+0.0000,+0.0000,+0.0185,+0.0010,-7.612,-0.356,-0.04343,-0.4260,+1.6160,+81.679,0,0,+0.828,+0.753,-0.73158,-0.075,-15.000,+0.150,+0.828,+6.534,-7.487,2,+0.805,+1.278,-0.20597,+0.473,-5.149,-0.945,+0.805,+6.534,+1.245,2,+0.657,+1.003,-0.15499,+0.346,-3.875,-0.692,+0.657,+6.534,+2.624,0,+0.647,+0.160,+0.25742,-0.487,+6.435,+0.974,+0.647,+6.534,+14.590,0,+0.913,+2.281,+7.103,+3.869
DRV,72358,+0.0000,+0.0000,+0.0000,+0.0000,+0.0000,+0.0000,+0.000,+0.000,-0.04510,-0.4161,+1.6670,+83.323,0,0,+0.758,+1.117,-0.73317,+0.359,-15.000,-0.717,+0.758,+6.666,-8.294,2,+0.758,+1.111,-0.21721,+0.353,-5.430,-0.706,+0.758,+6.666,+1.288,2,+0.758,+1.357,-0.15773,+0.599,-3.943,-1.198,+0.758,+6.666,+2.282,0,+0.758,+1.100,+0.26079,+0.342,+6.520,-0.684,+0.758,+6.666,+13.260,2,+2.217,+2.468,+4.966,+3.570
DRV,72362,+0.0000,+0.0000,+0.0000,+0.0000,+0.0000,+0.0000,+0.000,+0.000,-0.04654,-0.3043,+1.7099,+80.567,0,0,+0.778,+2.499,-0.76205,+1.722,-15.000,-3.443,+0.778,+6.445,-11.220,2,+0.778,+1.113,-0.22653,+0.335,-5.663,-0.671,+0.778,+6.445,+0.889,2,+0.778,+1.315,-0.17204,+0.538,-4.301,-1.075,+0.778,+6.445,+1.847,2,+0.778,+2.280,+0.23498,+1.503,+5.874,-3.005,+0.778,+6.445,+10.092,2,+4.779,+2.428,-1.128,+2.735
DRV,72366,+0.0000,+0.0000,+0.0000,+0.0000,+0.0000,+0.0000,+0.000,+0.000,-0.04731,-0.1929,+1.7324,+77.011,0,0,+0.788,+2.339,-0.80406,+1.552,-15.000,-3.103,+0.788,+6.161,-11.155,2,+0.788,+0.998,-0.23441,+0.210,-5.860,-0.420,+0.788,+6.161,+0.669,2,+0.788,+1.354,-0.18682,+0.566,-4.671,-1.132,+0.788,+6.161,+1.146,2,+0.788,+1.527,+0.20754,+0.739,+5.189,-1.478,+0.788,+6.161,+10.659,2,+3.866,+2.351,-0.495,+1.815
DRV,72370,+0.0000,+0.0000,+0.0000,+0.0000,+0.0000,+0.0000,+0.000,+0.000,-0.04810,-0.2029,+1.7552,+78.323,0,0,+0.798,+1.878,-0.83316,+1.080,-15.000,-2.160,+0.798,+6.266,-10.096,2,+0.798,+0.778,-0.23666,-0.020,-5.917,+0.041,+0.798,+6.266,+1.188,2,+0.798,+1.456,-0.20403,+0.658,-5.101,-1.316,+0.798,+6.266,+0.647,2,+0.798,+0.495,+0.20759,-0.303,+5.190,+0.605,+0.798,+6.266,+12.859,2,+2.374,+2.234,+2.763,+1.835
DRV,72374,+0.0000,+0.0000,+0.0000,+0.0000,+0.0000,+0.0000,+0.000,+0.000,-0.04895,-0.2128,+1.7794,+79.690,0,0,+0.809,+2.086,-0.85968,+1.277,-15.000,-2.553,+0.809,+6.375,-10.369,2,+0.809,+0.785,-0.23595,-0.024,-5.899,+0.049,+0.809,+6.375,+1.334,2,+0.809,+1.311,-0.21943,+0.502,-5.486,-1.003,+0.809,+6.375,+0.695,2,+0.809,+0.908,+0.21175,+0.099,+5.294,-0.197,+0.809,+6.375,+12.281,2,+2.994,+2.096,+1.912,+2.029
DRV,72378,+0.0000,+0.0000,+0.0000,+0.0000,+0.0000,+0.0000,+0.000,+0.000,-0.04988,-0.2550,+1.8057,+82.425,0,0,+0.821,+1.845,-0.88936,+1.024,-15.000,-2.049,+0.821,+6.594,-9.634,2,+0.821,+0.848,-0.23726,+0.027,-5.931,-0.054,+0.821,+6.594,+1.429,0,+0.821,+1.285,-0.23262,+0.464,-5.816,-0.927,+0.821,+6.594,+0.673,2,+0.821,+0.585,+0.21198,-0.236,+5.300,+0.472,+0.821,+6.594,+13.187,2,+2.430,+2.133,+3.553,+2.102
DRV,72382,+0.0000,+0.0000,+0.0000,+0.0000,+0.0000,+0.0000,+0.000,+0.000,-0.05107,-0.2970,+1.8384,+85.417,0,0,+0.836,+1.522,-0.90603,+0.686,-15.000,-1.372,+0.836,+6.833,-8.703,0,+0.836,+0.882,-0.23283,+0.046,-5.821,-0.091,+0.836,+6.833,+1.757,2,+0.836,+1.108,-0.24277,+0.272,-6.069,-0.543,+0.836,+6.833,+1.057,2,+0.836,+0.386,+0.22485,-0.450,+5.621,+0.900,+0.836,+6.833,+14.190,2,+1.908,+1.989,+5.487,+2.814
DRV,72386,+0.0000,+0.0000,+0.0000,+0.0000,+0.0000,+0.0000,+0.000,+0.000,-0.05236,-0.3445,+1.8732,+88.709,0,0,+0.852,+1.585,-0.92461,+0.733,-15.000,-1.465,+0.852,+7.097,-8.517,0,+0.852,+0.775,-0.23147,-0.077,-5.787,+0.154,+0.852,+7.097,+2.316,2,+0.852,+0.852,-0.24563,+0.000,-6.141,-0.001,+0.852,+7.097,+1.807,2,+0.852,+1.176,+0.22275,+0.325,+5.569,-0.649,+0.852,+7.097,+12.868,0,+2.761,+1.627,+4.351,+4.123
DRV,72390,+0.0000,+0.0000,+0.0000,+0.0000,+0.0000,+0.0000,+0.000,+0.000,-0.05392,-0.3920,+1.9148,+92.271,0,0,+0.871,+1.290,-0.92854,+0.419,-15.000,-0.838,+0.871,+7.382,-7.586,2,+0.871,+0.840,-0.22850,-0.031,-5.712,+0.061,+0.871,+7.382,+2.601,2,+0.871,+0.778,-0.24457,-0.093,-6.114,+0.186,+0.871,+7.382,+2.324,0,+0.871,+1.004,+0.21691,+0.133,+5.423,-0.266,+0.871,+7.382,+13.409,0,+2.294,+1.618,+5.823,+4.925
DRV,72394,+0.0000,+0.0000,+0.0000,+0.0000,+0.0000,+0.0000,+0.000,+0.000,-0.05541,-0.3497,+1.9533,+92.120,0,0,+0.888,+1.430,-0.94160,+0.541,-15.000,-1.083,+0.888,+7.370,-7.825,2,+0.888,+1.273,-0.23302,+0.385,-5.826,-0.770,+0.888,+7.370,+1.662,2,+0.888,+0.909,-0.24421,+0.021,-6.105,-0.041,+0.888,+7.370,+2.111,0,+0.888,+1.054,+0.22034,+0.166,+5.508,-0.331,+0.888,+7.370,+13.435,2,+2.483,+2.182,+5.610,+3.774
DRV,72398,+0.0000,+0.0000,+0.0000,+0.0000,+0.0000,+0.0000,+0.000,+0.000,-0.05664,-0.3075,+1.9848,+91.690,0,0,+0.903,+0.973,-0.95007,+0.070,-15.000,-0.140,+0.903,+7.335,-6.903,2,+0.903,+1.353,-0.24380,+0.450,-6.095,-0.901,+0.903,+7.335,+1.242,2,+0.903,+0.990,-0.24002,+0.087,-6.001,-0.175,+0.903,+7.335,+2.062,2,+0.903,+1.341,+0.21072,+0.439,+5.268,-0.878,+0.903,+7.335,+12.628,2,+2.314,+2.343,+5.725,+3.305
DRV,72402,+0.0000,+0.0000,+0.0000,+0.0000,+0.0000,+0.0000,+0.000,+0.000,-0.05764,-0.1949,+2.0100,+88.196,0,0,+0.914,+0.868,-0.94815,-0.046,-15.000,+0.091,+0.914,+7.056,-6.939,2,+0.914,+1.229,-0.25156,+0.315,-6.289,-0.631,+0.914,+7.056,+1.050,2,+0.914,+0.769,-0.23858,-0.145,-5.965,+0.291,+0.914,+7.056,+2.296,2,+0.914,+2.267,+0.18148,+1.353,+4.537,-2.707,+0.914,+7.056,+9.800,2,+3.136,+1.998,+2.861,+3.346
DRV,72406,+0.0000,+0.0000,+0.0000,+0.0000,+0.0000,+0.0000,+0.000,+0.000,-0.05797,-0.0826,+2.0183,+84.035,0,0,+0.918,+1.758,-0.96231,+0.840,-15.000,-1.680,+0.918,+6.723,-9.039,2,+0.918,+1.232,-0.25881,+0.314,-6.470,-0.628,+0.918,+6.723,+0.542,2,+0.918,+0.353,-0.22820,-0.565,-5.705,+1.130,+0.918,+6.723,+3.065,2,+0.918,+1.884,+0.14968,+0.966,+3.742,-1.931,+0.918,+6.723,+9.451,2,+3.641,+1.585,+0.412,+3.608
DRV,72410,+0.0000,+0.0000,+0.0000,+0.0000,+0.0000,+0.0000,+0.000,+0.000,-0.05816,-0.0095,+2.0229,+81.296,0,0,+0.920,+1.274,-0.97869,+0.354,-15.000,-0.708,+0.920,+6.504,-8.284,2,+0.920,+0.786,-0.25986,-0.134,-6.496,+0.267,+0.920,+6.504,+1.194,0,+0.920,-0.452,-0.20201,-1.372,-5.050,+2.744,+0.920,+6.504,+5.117,2,+0.920,+1.318,+0.13368,+0.398,+3.342,-0.795,+0.920,+6.504,+9.970,2,+2.591,+0.334,+1.686,+6.311
DRV,72414,+0.0000,+0.0000,+0.0000,+0.0000,+0.0000,+0.0000,+0.000,+0.000,-0.05790,+0.0633,+2.0165,+78.130,0,0,+0.917,+1.345,-0.98784,+0.428,-15.000,-0.855,+0.917,+6.250,-8.688,2,+0.917,+0.124,-0.24562,-0.793,-6.140,+1.587,+0.917,+6.250,+2.614,0,+0.917,-0.904,-0.15939,-1.821,-3.985,+3.642,+0.917,+6.250,+6.825,2,+0.917,+0.953,+0.12951,+0.036,+3.238,-0.072,+0.917,+6.250,+10.333,2,+2.298,-0.781,+1.645,+9.439
DRV,72418,+0.0000,+0.0000,+0.0000,+0.0000,+0.0000,+0.0000,+0.000,+0.000,-0.05750,+0.1385,+2.0065,+74.720,0,0,+0.912,+1.167,-0.99900,+0.254,-15.000,-0.509,+0.912,+5.978,-8.619,2,+0.912,+0.210,-0.22495,-0.703,-5.624,+1.405,+0.912,+5.978,+2.672,0,+0.912,-0.830,-0.11456,-1.742,-2.864,+3.484,+0.912,+5.978,+7.510,2,+0.912,+0.955,+0.12717,+0.043,+3.179,-0.085,+0.912,+5.978,+9.984,2,+2.122,-0.620,+1.365,+10.182
DRV,72422,+0.0000,+0.0000,+0.0000,+0.0000,+0.0000,+0.0000,+0.000,+0.000,-0.05665,+0.2134,+1.9850,+70.862,0,0,+0.903,+0.701,-0.99888,-0.201,-15.000,+0.402,+0.903,+5.669,-8.026,0,+0.903,+0.516,-0.21064,-0.386,-5.266,+0.772,+0.903,+5.669,+2.078,0,+0.903,-0.288,-0.07992,-1.191,-1.998,+2.382,+0.903,+5.669,+6.956,2,+0.903,+0.606,+0.13036,-0.297,+3.259,+0.593,+0.903,+5.669,+10.424,0,+1.307,+0.228,+2.398,+9.034
DRV,72426,+0.0000,+0.0000,+0.0000,+0.0000,+0.0000,+0.0000,+0.000,+0.000,-0.05543,+0.3963,+1.9538,+62.302,0,0,+0.888,+0.673,-0.98871,-0.216,-15.000,+0.431,+0.888,+4.984,-8.696,0,+0.888,+0.488,-0.20161,-0.401,-5.040,+0.801,+0.888,+4.984,+1.634,2,+0.888,+0.360,-0.06016,-0.528,-1.504,+1.057,+0.888,+4.984,+5.425,0,+0.888,+0.816,+0.13555,-0.072,+3.389,+0.144,+0.888,+4.984,+9.406,0,+1.489,+0.848,+0.710,+7.059
DRV,72430,+0.0000,+0.0000,+0.0000,+0.0000,+0.0000,+0.0000,+0.000,+0.000,-0.05311,+0.5786,+1.8933,+52.588,0,0,+0.861,+0.560,-0.98262,-0.301,-15.000,+0.601,+0.861,+4.207,-9.331,0,+0.861,+0.589,-0.19437,-0.272,-4.859,+0.543,+0.861,+4.207,+0.752,2,+0.861,+0.682,-0.05331,-0.179,-1.333,+0.358,+0.861,+4.207,+4.093,0,+0.861,+1.160,+0.12975,+0.299,+3.244,-0.597,+0.861,+4.207,+7.714,0,+1.720,+1.271,-1.616,+4.845
DRV,72434,+0.0000,+0.0000,+0.0000,+0.0000,+0.0000,+0.0000,+0.000,+0.000,-0.05041,+0.7749,+1.8201,+41.808,0,0,+0.828,-0.082,-0.96503,-0.910,-15.000,+1.820,+0.828,+3.345,-9.007,2,+0.828,+0.562,-0.18829,-0.266,-4.707,+0.532,+0.828,+3.345,-0.003,2,+0.828,+0.807,-0.04607,-0.020,-1.152,+0.041,+0.828,+3.345,+3.061,2,+0.828,+1.161,+0.12893,+0.333,+3.223,-0.666,+0.828,+3.345,+6.730,2,+1.078,+1.369,-2.278,+3.058
DRV,72438,+0.0000,+0.0000,+0.0000,+0.0000,+0.0000,+0.0000,+0.000,+0.000,-0.04652,+0.9705,+1.7094,+29.556,0,0,+0.777,-0.194,-0.94057,-0.971,-15.000,+1.943,+0.777,+2.365,-9.915,2,+0.777,+0.503,-0.18224,-0.274,-4.556,+0.549,+0.777,+2.365,-0.866,2,+0.777,+1.391,-0.05689,+0.614,-1.422,-1.228,+0.777,+2.365,+0.491,2,+0.777,+1.059,+0.12156,+0.281,+3.039,-0.562,+0.777,+2.365,+5.618,2,+0.865,+1.894,-4.297,-0.374
DRV,72442,+0.0000,+0.0000,+0.0000,+0.0000,+0.0000,+0.0000,+0.000,+0.000,-0.04249,+1.0450,+1.5866,+21.664,0,0,+0.721,-0.758,-0.90941,-1.479,-15.000,+2.958,+0.721,+1.733,-9.587,2,+0.721,+0.322,-0.17409,-0.399,-4.352,+0.798,+0.721,+1.733,-1.099,2,+0.721,+1.295,-0.07444,+0.574,-1.861,-1.147,+0.721,+1.733,-0.554,2,+0.721,+0.620,+0.12089,-0.102,+3.022,+0.203,+0.721,+1.733,+5.680,2,-0.138,+1.617,-3.907,-1.653
DRV,72446,+0.0000,+0.0000,+0.0000,+0.0000,+0.0000,+0.0000,+0.000,+0.000,-0.03801,+1.1191,+1.4377,+12.741,0,0,+0.654,-1.192,-0.86647,-1.845,-15.000,+3.691,+0.654,+1.019,-9.636,2,+0.654,+0.103,-0.16183,-0.551,-4.046,+1.102,+0.654,+1.019,-1.271,2,+0.654,+0.921,-0.08557,+0.267,-2.139,-0.534,+0.654,+1.019,-1.000,2,+0.654,+0.778,+0.12126,+0.124,+3.032,-0.249,+0.654,+1.019,+4.456,2,-0.413,+1.024,-5.180,-2.271
DRV,72450,+0.0000,+0.0000,+0.0000,+0.0000,+0.0000,+0.0000,+0.000,+0.000,-0.03371,+1.0328,+1.2785,+9.825,0,0,+0.581,-1.092,-0.82341,-1.674,-15.000,+3.348,+0.581,+0.786,-10.285,2,+0.581,-0.131,-0.14561,-0.712,-3.640,+1.424,+0.581,+0.786,-0.849,2,+0.581,+0.523,-0.08777,-0.058,-2.194,+0.117,+0.581,+0.786,-0.710,2,+0.581,+0.546,+0.11945,-0.035,+2.986,+0.071,+0.581,+0.786,+4.424,2,-0.546,+0.392,-5.861,-1.559
DRV,72454,+0.0000,+0.0000,+0.0000,+0.0000,+0.0000,+0.0000,+0.000,+0.000,-0.02992,+0.9468,+1.1196,+6.913,0,0,+0.509,-1.180,-0.78330,-1.689,-15.000,+3.378,+0.509,+0.553,-10.560,2,+0.509,-0.241,-0.12698,-0.750,-3.174,+1.500,+0.509,+0.553,-0.612,0,+0.509,+0.167,-0.08255,-0.342,-2.064,+0.684,+0.509,+0.553,-0.318,2,+0.509,+0.427,+0.12198,-0.082,+3.049,+0.165,+0.509,+0.553,+4.276,2,-0.753,-0.073,-6.284,-0.931
DRV,72458,+0.0000,+0.0000,+0.0000,+0.0000,+0.0000,+0.0000,+0.000,+0.000,-0.02646,+0.7837,+0.9517,+6.723,0,0,+0.433,-2.273,-0.72940,-2.706,-15.000,+5.412,+0.433,+0.538,-8.618,0,+0.433,-0.272,-0.10913,-0.705,-2.728,+1.410,+0.433,+0.538,-0.348,0,+0.433,-0.354,-0.06739,-0.787,-1.685,+1.574,+0.433,+0.538,+0.860,2,+0.433,+0.422,+0.12257,-0.011,+3.064,+0.022,+0.433,+0.538,+4.056,2,-1.851,-0.627,-4.561,+0.513
DRV,72462,+0.0000,+0.0000,+0.0000,+0.0000,+0.0000,+0.0000,+0.000,+0.000,-0.02398,+0.6210,+0.8099,+7.555,0,0,+0.368,-3.289,-0.66757,-3.657,-15.000,+7.314,+0.368,+0.604,-6.713,0,+0.368,-0.331,-0.09370,-0.699,-2.342,+1.398,+0.368,+0.604,+0.029,2,+0.368,-0.504,-0.04429,-0.872,-1.107,+1.745,+0.368,+0.604,+1.610,2,+0.368,+0.448,+0.12266,+0.080,+3.066,-0.160,+0.368,+0.604,+3.879,0,-2.841,-0.835,-2.834,+1.639
DRV,72466,+0.0000,+0.0000,+0.0000,+0.0000,+0.0000,+0.0000,+0.000,+0.000,-0.02178,+0.4785,+0.6595,+7.241,0,0,+0.300,-3.679,-0.57229,-3.979,-14.307,+7.958,+0.300,+0.579,-5.470,2,+0.300,-0.370,-0.07695,-0.669,-1.924,+1.339,+0.300,+0.579,+0.294,2,+0.300,-0.278,-0.02830,-0.578,-0.708,+1.157,+0.300,+0.579,+1.328,0,+0.300,+0.606,+0.11985,+0.306,+2.996,-0.611,+0.300,+0.579,+3.264,2,-3.074,-0.648,-2.206,+1.623
DRV,72470,+0.0000,+0.0000,+0.0000,+0.0000,+0.0000,+0.0000,+0.000,+0.000,-0.02043,+0.3364,+0.5474,+8.439,0,0,+0.249,-3.404,-0.46983,-3.653,-11.746,+7.305,+0.249,+0.675,-3.517,2,+0.249,-0.459,-0.06000,-0.708,-1.500,+1.415,+0.249,+0.675,+0.839,2,+0.249,-0.377,-0.01481,-0.626,-0.370,+1.251,+0.249,+0.675,+1.805,0,+0.249,+0.591,+0.11111,+0.342,+2.778,-0.684,+0.249,+0.675,+3.018,2,-2.813,-0.835,-0.499,+2.644
DRV,72474,+0.0000,+0.0000,+0.0000,+0.0000,+0.0000,+0.0000,+0.000,+0.000,-0.01916,+0.3025,+0.4138,+4.453,0,0,+0.188,-0.640,-0.41677,-0.828,-10.419,+1.656,+0.188,+0.356,-8.219,2,+0.188,-0.582,-0.04184,-0.770,-1.046,+1.540,+0.188,+0.356,+1.038,2,+0.188,-0.119,-0.00432,-0.307,-0.108,+0.614,+0.188,+0.356,+1.050,2,+0.188,+0.893,+0.09590,+0.705,+2.397,-1.410,+0.188,+0.356,+1.532,2,+0.253,-0.700,-6.687,+2.088
DRV,72478,+0.0000,+0.0000,+0.0000,+0.0000,+0.0000,+0.0000,+0.000,+0.000,-0.01808,+0.2687,+0.2513,-0.695,0,0,+0.114,+0.196,-0.42297,+0.082,-10.574,-0.164,+0.114,-0.056,-10.680,2,+0.114,-0.804,-0.02081,-0.918,-0.520,+1.836,+0.114,-0.056,+1.375,2,+0.114,-0.102,+0.00099,-0.216,+0.025,+0.432,+0.114,-0.056,+0.515,2,+0.114,+0.609,+0.07858,+0.495,+1.965,-0.989,+0.114,-0.056,+1.034,2,+0.805,-0.906,-9.646,+1.890
DRV,72482,+0.0000,+0.0000,+0.0000,+0.0000,+0.0000,+0.0000,+0.000,+0.000,-0.01722,+0.1625,+0.0000,-6.501,0,0,+0.000,-1.597,-0.39059,-1.597,-9.765,+3.194,+0.000,-0.520,-7.091,2,+0.000,-0.688,-0.00185,-0.688,-0.046,+1.375,+0.000,-0.520,+0.809,2,+0.000,-0.007,+0.00307,-0.007,+0.077,+0.014,+0.000,-0.520,-0.429,2,+0.000,+0.242,+0.06954,+0.242,+1.739,-0.484,+0.000,-0.520,+0.735,2,-1.355,-0.695,-6.356,+0.380
DRV,72486,+0.0000,+0.0000,+0.0000,+0.0000,+0.0000,+0.0000,+0.000,+0.000,-0.01699,+0.0567,+0.0000,-2.267,0,0,+0.000,-0.456,-0.36873,-0.456,-9.218,+0.913,+0.000,-0.181,-8.487,2,+0.000,-0.739,+0.01579,-0.739,+0.395,+1.478,+0.000,-0.181,+1.691,2,+0.000,+0.101,+0.00077,+0.101,+0.019,-0.201,+0.000,-0.181,-0.363,2,+0.000,+0.181,+0.06494,+0.181,+1.623,-0.361,+0.000,-0.181,+1.081,2,-0.276,-0.638,-7.406,+1.328
DRV,72490,+0.0000,+0.0000,+0.0000,+0.0000,+0.0000,+0.0000,+0.000,+0.000,-0.01711,-0.1132,+0.0000,+4.527,0,0,+0.000,-1.238,-0.34687,-1.238,-8.672,+2.476,+0.000,+0.362,-5.834,2,+0.000,-0.297,+0.02729,-0.297,+0.682,+0.593,+0.000,+0.362,+1.638,0,+0.000,-0.018,+0.00000,-0.018,+0.000,+0.036,+0.000,+0.362,+0.398,2,+0.000,+0.213,+0.05957,+0.213,+1.489,-0.426,+0.000,+0.362,+1.425,2,-1.025,-0.315,-4.409,+2.036
DRV,72494,+0.0000,+0.0000,+0.0000,+0.0000,+0.0000,+0.0000,+0.000,+0.000,-0.01824,-0.2825,+0.1005,+15.322,0,0,+0.046,-1.160,-0.31034,-1.205,-7.759,+2.411,+0.046,+1.226,-4.076,0,+0.046,+0.042,+0.03007,-0.004,+0.752,+0.008,+0.046,+1.226,+2.031,0,+0.046,-0.186,+0.00470,-0.232,+0.117,+0.463,+0.046,+1.226,+1.852,2,+0.046,+0.165,+0.05583,+0.119,+1.396,-0.238,+0.046,+1.226,+2.430,2,-0.995,-0.144,-1.647,+3.883
DRV,72498,+0.0000,+0.0000,+0.0000,+0.0000,+0.0000,+0.0000,+0.000,+0.000,-0.01986,-0.5283,+0.2011,+29.175,0,0,+0.091,-0.268,-0.29798,-0.359,-7.449,+0.718,+0.091,+2.334,-4.306,0,+0.091,+0.319,+0.02710,+0.228,+0.677,-0.456,+0.091,+2.334,+2.647,2,+0.091,-0.056,+0.00978,-0.148,+0.244,+0.295,+0.091,+2.334,+2.965,2,+0.091,+0.239,+0.05209,+0.147,+1.302,-0.295,+0.091,+2.334,+3.433,0,-0.029,+0.263,-0.873,+5.612
DRV,72502,+0.0000,+0.0000,+0.0000,+0.0000,+0.0000,+0.0000,+0.000,+0.000,-0.02295,-0.7734,+0.3016,+42.999,0,0,+0.137,-0.430,-0.28830,-0.567,-7.207,+1.134,+0.137,+3.440,-2.497,2,+0.137,+0.369,+0.02067,+0.232,+0.517,-0.464,+0.137,+3.440,+3.630,2,+0.137,+0.210,+0.01102,+0.073,+0.275,-0.146,+0.137,+3.440,+3.706,0,+0.137,+0.339,+0.04796,+0.201,+1.199,-0.403,+0.137,+3.440,+4.373,0,-0.091,+0.579,+1.876,+7.336
DRV,72506,+0.0000,+0.0000,+0.0000,+0.0000,+0.0000,+0.0000,+0.000,+0.000,-0.02630,-0.9027,+0.4021,+52.194,0,0,+0.183,-0.668,-0.26827,-0.851,-6.707,+1.702,+0.183,+4.176,-0.646,2,+0.183,+0.427,+0.01424,+0.244,+0.356,-0.488,+0.183,+4.176,+4.227,2,+0.183,+0.399,+0.00536,+0.216,+0.134,-0.433,+0.183,+4.176,+4.060,0,+0.183,+0.597,+0.04230,+0.414,+1.057,-0.828,+0.183,+4.176,+4.588,2,-0.071,+0.826,+3.941,+8.286
DRV,72510,+0.0000,+0.0000,+0.0000,+0.0000,+0.0000,+0.0000,+0.000,+0.000,-0.03043,-1.0317,+0.5027,+61.374,0,0,+0.229,-0.422,-0.25054,-0.650,-6.263,+1.300,+0.229,+4.910,+0.175,2,+0.229,+0.095,+0.01356,-0.134,+0.339,+0.267,+0.229,+4.910,+5.745,2,+0.229,+0.194,+0.00660,-0.034,+0.165,+0.069,+0.229,+4.910,+5.372,2,+0.229,+0.573,+0.03395,+0.344,+0.849,-0.688,+0.229,+4.910,+5.299,2,+0.151,+0.289,+5.474,+11.117
DRV,72514,+0.0000,+0.0000,+0.0000,+0.0000,+0.0000,+0.0000,+0.000,+0.000,-0.03442,-0.9623,+0.6032,+62.620,0,0,+0.274,-0.497,-0.23319,-0.771,-5.830,+1.542,+0.274,+5.010,+0.996,2,+0.274,-0.003,+0.02017,-0.277,+0.504,+0.554,+0.274,+5.010,+6.342,2,+0.274,+0.412,+0.00515,+0.138,+0.129,-0.276,+0.274,+5.010,+5.136,2,+0.274,+0.729,+0.02406,+0.454,+0.602,-0.909,+0.274,+5.010,+4.977,2,+0.232,+0.410,+5.973,+11.479
DRV,72518,+0.0000,+0.0000,+0.0000,+0.0000,+0.0000,+0.0000,+0.000,+0.000,-0.03799,-0.8932,+0.7037,+63.875,0,0,+0.320,-0.476,-0.21278,-0.796,-5.320,+1.592,+0.320,+5.110,+1.702,2,+0.320,+0.204,+0.02447,-0.116,+0.612,+0.232,+0.320,+5.110,+6.274,2,+0.320,+0.582,-0.00129,+0.262,-0.032,-0.523,+0.320,+5.110,+4.874,2,+0.320,+0.622,+0.01533,+0.302,+0.383,-0.605,+0.320,+5.110,+5.209,2,+0.146,+0.786,+6.911,+11.148
DRV,72522,+0.0000,+0.0000,+0.0000,+0.0000,+0.0000,+0.0000,+0.000,+0.000,-0.03980,-0.3053,+1.4989,+72.167,0,0,+0.682,-0.155,-0.19339,-0.837,-4.835,+1.673,+0.682,+5.773,+3.293,2,+0.682,+0.293,+0.03082,-0.389,+0.771,+0.778,+0.682,+5.773,+8.003,2,+0.682,+0.586,-0.00299,-0.096,-0.075,+0.191,+0.682,+5.773,+6.571,2,+0.682,+0.655,+0.01363,-0.026,+0.341,+0.053,+0.682,+5.773,+6.849,2,+0.500,+0.879,+10.142,+14.575
DRV,72526,+0.0000,+0.0000,+0.0000,+0.0000,+0.0000,+0.0000,+0.000,+0.000,-0.04102,-0.3047,+1.5392,+73.756,0,0,+0.700,+0.232,-0.17476,-0.468,-4.369,+0.936,+0.700,+5.901,+3.168,2,+0.700,+0.949,+0.03411,+0.249,+0.853,-0.498,+0.700,+5.901,+6.955,0,+0.700,+1.161,-0.00775,+0.461,-0.194,-0.922,+0.700,+5.901,+5.484,2,+0.700,+1.208,+0.00886,+0.508,+0.222,-1.016,+0.700,+5.901,+5.806,2,+1.440,+2.110,+8.974,+12.440
DRV,72530,+0.0000,+0.0000,+0.0000,+0.0000,+0.0000,+0.0000,+0.000,+0.000,-0.03989,+0.4793,+1.5018,+40.897,0,0,+0.683,+0.529,-0.17046,-0.154,-4.261,+0.308,+0.683,+3.272,+0.001,0,+0.683,+1.886,+0.00850,+1.203,+0.213,-2.406,+0.683,+3.272,+1.761,0,+0.683,+1.184,-0.02416,+0.502,-0.604,-1.003,+0.683,+3.272,+2.348,2,+0.683,+1.327,-0.00716,+0.644,-0.179,-1.287,+0.683,+3.272,+2.488,2,+1.855,+3.070,+2.490,+4.109
DRV,72534,+0.0000,+0.0000,+0.0000,+0.0000,+0.0000,+0.0000,+0.000,+0.000,-0.03797,+0.4784,+1.4363,+38.315,0,0,+0.653,-0.288,-0.15270,-0.942,-3.818,+1.883,+0.653,+3.065,+1.784,0,+0.653,+1.037,-0.00174,+0.384,-0.043,-0.767,+0.653,+3.065,+2.908,2,+0.653,+0.551,-0.02634,-0.102,-0.659,+0.204,+0.653,+3.065,+3.264,2,+0.653,+0.633,-0.01126,-0.020,-0.282,+0.040,+0.653,+3.065,+3.477,0,+0.345,+1.588,+5.260,+6.171
DRV,72538,+0.0000,+0.0000,+0.0000,+0.0000,+0.0000,+0.0000,+0.000,+0.000,-0.03387,+1.2092,+1.2845,+3.012,0,0,+0.584,-0.001,-0.13482,-0.586,-3.370,+1.171,+0.584,+0.241,-1.374,0,+0.584,-0.007,+0.00810,-0.591,+0.202,+1.183,+0.584,+0.241,+2.210,2,+0.584,+0.999,-0.03262,+0.415,-0.815,-0.831,+0.584,+0.241,-0.821,0,+0.584,+1.063,-0.01754,+0.479,-0.438,-0.958,+0.584,+0.241,-0.571,0,+1.061,+0.992,-1.945,+1.389
DRV,72542,+0.0000,+0.0000,+0.0000,+0.0000,+0.0000,+0.0000,+0.000,+0.000,-0.02904,+1.2068,+1.0791,-5.108,0,0,+0.491,+0.319,-0.12916,-0.172,-3.229,+0.344,+0.491,-0.409,-2.802,2,+0.491,+0.237,+0.01797,-0.254,+0.449,+0.507,+0.491,-0.409,+1.039,2,+0.491,+0.751,-0.04192,+0.260,-1.048,-0.521,+0.491,-0.409,-1.486,0,+0.491,+0.798,-0.02147,+0.308,-0.537,-0.615,+0.491,-0.409,-1.070,2,+1.117,+0.988,-3.872,-0.448
DRV,72546,+0.0000,+0.0000,+0.0000,+0.0000,+0.0000,+0.0000,+0.000,+0.000,-0.02274,+1.6979,+0.7287,-38.768,0,0,+0.331,-0.071,-0.12234,-0.402,-3.059,+0.805,+0.331,-3.101,-5.024,2,+0.331,+0.194,+0.02210,-0.137,+0.553,+0.275,+0.331,-3.101,-1.943,2,+0.331,+0.698,-0.04545,+0.367,-1.136,-0.733,+0.331,-3.101,-4.640,2,+0.331,+0.821,-0.03267,+0.490,-0.817,-0.979,+0.331,-3.101,-4.566,2,+0.750,+0.892,-9.590,-6.583
DRV,72550,+0.0000,+0.0000,+0.0000,+0.0000,+0.0000,+0.0000,+0.000,+0.000,-0.01595,+1.6945,+0.0000,-67.781,0,0,+0.000,-0.543,-0.11026,-0.543,-2.757,+1.086,+0.000,-5.423,-7.093,2,+0.000,+0.166,+0.01999,+0.166,+0.500,-0.333,+0.000,-5.423,-5.256,2,+0.000,+0.288,-0.05523,+0.288,-1.381,-0.576,+0.000,-5.423,-7.379,2,+0.000,+0.206,-0.04437,+0.206,-1.109,-0.412,+0.000,-5.423,-6.944,2,-0.337,+0.454,-14.037,-12.635
DRV,72554,+0.0000,+0.0000,+0.0000,+0.0000,+0.0000,+0.0000,+0.000,+0.000,-0.00936,+1.6316,+0.0000,-65.263,0,0,+0.000,-1.023,-0.08840,-1.023,-2.210,+2.047,+0.000,-5.221,-5.385,2,+0.000,-0.760,+0.02728,-0.760,+0.682,+1.519,+0.000,-5.221,-3.020,2,+0.000,-0.396,-0.05140,-0.396,-1.285,+0.792,+0.000,-5.221,-5.714,2,+0.000,-0.940,-0.03133,-0.940,-0.783,+1.880,+0.000,-5.221,-4.125,2,-1.963,-1.155,-9.509,-8.734
DRV,72558,+0.0000,+0.0000,+0.0000,+0.0000,+0.0000,+0.0000,+0.000,+0.000,-0.00285,+1.6283,+0.0000,-65.133,0,0,+0.000,-0.433,-0.06961,-0.433,-1.740,+0.867,+0.000,-5.211,-6.084,2,+0.000,-0.772,+0.05029,-0.772,+1.257,+1.543,+0.000,-5.211,-2.410,2,+0.000,-0.076,-0.04373,-0.076,-1.093,+0.152,+0.000,-5.211,-6.152,2,+0.000,-0.764,-0.00487,-0.764,-0.122,+1.528,+0.000,-5.211,-3.805,2,-1.197,-0.847,-9.889,-8.563
DRV,72562,+0.0000,+0.0000,+0.0000,+0.0000,+0.0000,+0.0000,+0.000,+0.000,+0.00210,+1.1065,+0.0000,-44.261,0,0,+0.000,-0.459,-0.06041,-0.459,-1.510,+0.918,+0.000,-3.541,-4.133,2,+0.000,-0.055,+0.05604,-0.055,+1.401,+0.111,+0.000,-3.541,-2.029,2,+0.000,+0.327,-0.04987,+0.327,-1.247,-0.654,+0.000,-3.541,-5.442,2,+0.000,+0.305,-0.00295,+0.305,-0.074,-0.609,+0.000,-3.541,-4.224,2,-0.154,+0.272,-8.357,-7.471
DRV,72566,+0.0000,+0.0000,+0.0000,+0.0000,+0.0000,+0.0000,+0.000,+0.000,+0.00652,+1.1043,+0.0000,-44.173,0,0,+0.000,-0.408,-0.04775,-0.408,-1.194,+0.816,+0.000,-3.534,-3.911,2,+0.000,-0.247,+0.05988,-0.247,+1.497,+0.494,+0.000,-3.534,-1.543,0,+0.000,+0.105,-0.05370,+0.105,-1.342,-0.211,+0.000,-3.534,-5.087,2,+0.000,+0.160,-0.01101,+0.160,-0.275,-0.319,+0.000,-3.534,-4.128,2,-0.248,-0.142,-8.040,-6.630
DRV,72570,+0.0000,+0.0000,+0.0000,+0.0000,+0.0000,+0.0000,+0.000,+0.000,+0.00750,-0.0392,+0.0000,+1.568,1,0,+0.000,-0.529,-0.03586,-0.529,-0.897,+1.058,+0.000,+0.125,+0.287,0,+0.000,-0.359,+0.06601,-0.359,+1.650,+0.718,+0.000,+0.125,+2.494,0,+0.000,-0.059,-0.05408,-0.059,-1.352,+0.118,+0.000,+0.125,-1.108,2,+0.000,-0.218,-0.00756,-0.218,-0.189,+0.436,+0.000,+0.125,+0.372,0,-0.747,-0.418,+0.659,+1.386
DRV,72574,+0.0000,+0.0000,+0.0000,+0.0000,+0.0000,+0.0000,+0.000,+0.000,+0.00735,-0.0391,+0.0000,+1.565,2,1,+0.000,-0.108,-0.01991,-0.108,-0.498,+0.216,+0.000,+0.125,-0.156,0,+0.000,-0.226,+0.08465,-0.226,+2.116,+0.453,+0.000,+0.125,+2.694,2,+0.000,+0.565,-0.05155,+0.565,-1.289,-1.129,+0.000,+0.125,-2.293,2,+0.000,+0.400,-0.00311,+0.400,-0.078,-0.800,+0.000,+0.125,-0.753,0,+0.292,+0.338,-0.909,+0.402
DRV,72578,+0.0000,+0.0000,+0.0000,+0.0000,+0.0000,+0.0000,+0.000,+0.000,+0.00466,-0.8820,+0.0000,+35.280,0,0,+0.000,-0.239,-0.01684,-0.239,-0.421,+0.479,+0.000,+2.822,+2.880,2,+0.000,+0.194,+0.08235,+0.194,+2.059,-0.388,+0.000,+2.822,+4.493,2,+0.000,+0.051,-0.05961,+0.051,-1.490,-0.102,+0.000,+2.822,+1.230,0,+0.000,+0.346,-0.01078,+0.346,-0.269,-0.691,+0.000,+2.822,+1.862,2,+0.106,+0.245,+4.742,+5.723
DRV,72582,+0.0000,+0.0000,+0.0000,+0.0000,+0.0000,+0.0000,+0.000,+0.000,+0.00114,-0.8802,+0.0000,+35.210,0,0,+0.000,-0.332,-0.00725,-0.332,-0.181,+0.664,+0.000,+2.817,+3.299,2,+0.000,+0.221,+0.07775,+0.221,+1.944,-0.443,+0.000,+2.817,+4.318,2,+0.000,-0.045,-0.05922,-0.045,-1.481,+0.090,+0.000,+2.817,+1.426,0,+0.000,+0.068,-0.01423,+0.068,-0.356,-0.135,+0.000,+2.817,+2.326,2,-0.264,+0.176,+5.625,+5.744
DRV,72586,+0.0000,+0.0000,+0.0000,+0.0000,+0.0000,+0.0000,+0.000,+0.000,-0.00312,-1.1253,+0.0000,+45.010,0,0,+0.000,+0.027,-0.00572,+0.027,-0.143,-0.054,+0.000,+3.601,+3.403,2,+0.000,+0.192,+0.07084,+0.192,+1.771,-0.384,+0.000,+3.601,+4.988,2,+0.000,-0.085,-0.05692,-0.085,-1.423,+0.170,+0.000,+3.601,+2.348,2,+0.000,+0.003,-0.01500,+0.003,-0.375,-0.006,+0.000,+3.601,+3.220,2,+0.030,+0.107,+6.624,+7.335
DRV,72590,+0.0000,+0.0000,+0.0000,+0.0000,+0.0000,+0.0000,+0.000,+0.000,-0.00761,-1.1230,+0.0000,+44.920,0,0,+0.000,-0.162,-0.00419,-0.162,-0.105,+0.324,+0.000,+3.594,+3.813,2,+0.000,+0.071,+0.06931,+0.071,+1.733,-0.142,+0.000,+3.594,+5.184,2,+0.000,+0.141,-0.05769,+0.141,-1.442,-0.281,+0.000,+3.594,+1.870,2,+0.000,+0.130,-0.01615,+0.130,-0.404,-0.260,+0.000,+3.594,+2.930,2,-0.032,+0.212,+6.743,+7.054
DRV,72594,+0.0000,+0.0000,+0.0000,+0.0000,+0.0000,+0.0000,+0.000,+0.000,-0.01095,-0.7389,+0.0000,+29.556,0,0,+0.000,-0.100,-0.00035,-0.100,-0.009,+0.199,+0.000,+2.364,+2.555,2,+0.000,+0.309,+0.06356,+0.309,+1.589,-0.617,+0.000,+2.364,+3.336,2,+0.000,+0.182,-0.06268,+0.182,-1.567,-0.364,+0.000,+2.364,+0.433,2,+0.000,+0.226,-0.02113,+0.226,-0.528,-0.451,+0.000,+2.364,+1.385,2,+0.126,+0.491,+3.940,+3.770
DRV,72598,+0.0000,+0.0000,+0.0000,+0.0000,+0.0000,+0.0000,+0.000,+0.000,-0.01390,-0.7374,+0.0000,+29.497,0,0,+0.000,-0.167,+0.00272,-0.167,+0.068,+0.335,+0.000,+2.360,+2.762,2,+0.000,-0.041,+0.06011,-0.041,+1.503,+0.082,+0.000,+2.360,+3.944,2,+0.000,+0.042,-0.06498,+0.042,-1.624,-0.084,+0.000,+2.360,+0.651,2,+0.000,-0.163,-0.02152,-0.163,-0.538,+0.325,+0.000,+2.360,+2.147,2,-0.330,+0.001,+4.909,+4.596
DRV,72602,+0.0000,+0.0000,+0.0000,+0.0000,+0.0000,+0.0000,+0.000,+0.000,-0.01497,-0.1100,+0.0000,+4.399,0,0,+0.000,+0.149,+0.00272,+0.149,+0.068,-0.298,+0.000,+0.352,+0.122,2,+0.000,+0.148,+0.06049,+0.148,+1.512,-0.297,+0.000,+0.352,+1.568,0,+0.000,+0.273,-0.06958,+0.273,-1.739,-0.546,+0.000,+0.352,-1.933,2,+0.000,+0.185,-0.02190,+0.185,-0.547,-0.371,+0.000,+0.352,-0.567,2,+0.334,+0.421,-0.444,-0.365
DRV,72606,+0.0000,+0.0000,+0.0000,+0.0000,+0.0000,+0.0000,+0.000,+0.000,-0.01541,-0.1098,+0.0000,+4.391,0,0,+0.000,-0.136,+0.00310,-0.136,+0.077,+0.272,+0.000,+0.351,+0.701,0,+0.000,-0.050,+0.05780,-0.050,+1.445,+0.099,+0.000,+0.351,+1.896,0,+0.000,+0.113,-0.07495,+0.113,-1.874,-0.226,+0.000,+0.351,-1.748,2,+0.000,+0.115,-0.02497,+0.115,-0.624,-0.231,+0.000,+0.351,-0.504,2,-0.021,+0.063,+0.197,+0.147
DRV,72610,+0.0000,+0.0000,+0.0000,+0.0000,+0.0000,+0.0000,+0.000,+0.000,-0.01434,+0.3930,+0.0000,-15.721,0,0,+0.000,-0.002,+0.00425,-0.002,+0.106,+0.004,+0.000,-1.258,-1.148,2,+0.000,-0.150,+0.06126,-0.150,+1.531,+0.300,+0.000,-1.258,+0.574,2,+0.000,+0.155,-0.07763,+0.155,-1.941,-0.310,+0.000,-1.258,-3.508,2,+0.000,+0.167,-0.02880,+0.167,-0.720,-0.334,+0.000,-1.258,-2.312,0,+0.165,+0.005,-3.459,-2.934
DRV,72614,+0.0000,+0.0000,+0.0000,+0.0000,+0.0000,+0.0000,+0.000,+0.000,-0.01277,+0.3922,+0.0000,-15.690,0,0,+0.000,+0.208,+0.00003,+0.208,+0.001,-0.416,+0.000,-1.255,-1.670,2,+0.000,+0.149,+0.05934,+0.149,+1.483,-0.298,+0.000,-1.255,-0.069,2,+0.000,-0.028,-0.07917,-0.028,-1.979,+0.056,+0.000,-1.255,-3.178,0,+0.000,-0.102,-0.02957,-0.102,-0.739,+0.203,+0.000,-1.255,-1.791,0,+0.106,+0.121,-3.462,-3.247
DRV,72618,+0.0000,+0.0000,+0.0000,+0.0000,+0.0000,+0.0000,+0.000,+0.000,-0.01080,+0.5255,+0.0000,-21.020,0,0,+0.000,+0.029,-0.00265,+0.029,-0.066,-0.057,+0.000,-1.682,-1.805,2,+0.000,+0.189,+0.05512,+0.189,+1.378,-0.378,+0.000,-1.682,-0.681,2,+0.000,+0.018,-0.07802,+0.018,-1.950,-0.035,+0.000,-1.682,-3.667,0,+0.000,-0.080,-0.02727,-0.080,-0.682,+0.159,+0.000,-1.682,-2.204,2,-0.051,+0.206,-4.009,-4.348
DRV,72622,+0.0000,+0.0000,+0.0000,+0.0000,+0.0000,+0.0000,+0.000,+0.000,-0.00870,+0.5244,+0.0000,-20.977,0,0,+0.000,+0.028,-0.00304,+0.028,-0.076,-0.056,+0.000,-1.678,-1.810,2,+0.000,+0.104,+0.05167,+0.104,+1.292,-0.208,+0.000,-1.678,-0.594,2,+0.000,+0.066,-0.07955,+0.066,-1.989,-0.132,+0.000,-1.678,-3.799,2,+0.000,+0.049,-0.02765,+0.049,-0.691,-0.098,+0.000,-1.678,-2.468,2,+0.077,+0.170,-4.278,-4.393
DRV,72626,+0.0000,+0.0000,+0.0000,+0.0000,+0.0000,+0.0000,+0.000,+0.000,-0.00709,+0.3606,+0.0000,-14.426,0,0,+0.000,+0.082,-0.00495,+0.082,-0.124,-0.165,+0.000,-1.154,-1.443,2,+0.000,+0.019,+0.05052,+0.019,+1.263,-0.037,+0.000,-1.154,+0.072,2,+0.000,-0.122,-0.07840,-0.122,-1.960,+0.244,+0.000,-1.154,-2.870,2,+0.000,-0.111,-0.02689,-0.111,-0.672,+0.222,+0.000,-1.154,-1.604,2,-0.029,-0.103,-3.047,-2.798
DRV,72630,+0.0000,+0.0000,+0.0000,+0.0000,+0.0000,+0.0000,+0.000,+0.000,-0.00565,+0.3599,+0.0000,-14.397,0,0,+0.000,+0.051,-0.00610,+0.051,-0.153,-0.102,+0.000,-1.152,-1.406,2,+0.000,-0.030,+0.05052,-0.030,+1.263,+0.059,+0.000,-1.152,+0.170,2,+0.000,-0.015,-0.07687,-0.015,-1.922,+0.030,+0.000,-1.152,-3.044,2,+0.000,-0.033,-0.02458,-0.033,-0.615,+0.066,+0.000,-1.152,-1.701,2,+0.018,-0.044,-3.107,-2.874
DRV,72634,+0.0000,+0.0000,+0.0000,+0.0000,+0.0000,+0.0000,+0.000,+0.000,-0.00511,+0.0619,+0.0000,-2.476,0,0,+0.000,+0.020,-0.00725,+0.020,-0.181,-0.039,+0.000,-0.198,-0.419,2,+0.000,-0.071,+0.05205,-0.071,+1.301,+0.142,+0.000,-0.198,+1.245,2,+0.000,-0.155,-0.07533,-0.155,-1.883,+0.310,+0.000,-0.198,-1.771,2,+0.000,-0.075,-0.02382,-0.075,-0.595,+0.151,+0.000,-0.198,-0.643,2,-0.056,-0.226,-1.061,-0.526
DRV,72638,+0.0000,+0.0000,+0.0000,+0.0000,+0.0000,+0.0000,+0.000,+0.000,-0.00486,+0.0618,+0.0000,-2.472,0,0,+0.000,+0.017,-0.00764,+0.017,-0.191,-0.033,+0.000,-0.198,-0.422,0,+0.000,-0.060,+0.05359,-0.060,+1.340,+0.120,+0.000,-0.198,+1.262,0,+0.000,-0.054,-0.07226,-0.054,-1.807,+0.108,+0.000,-0.198,-1.897,2,+0.000,-0.132,-0.02075,-0.132,-0.519,+0.264,+0.000,-0.198,-0.452,2,-0.115,-0.114,-0.874,-0.634
DRV,72642,+3.3000,+3.1410,-3.6300,-0.0206,-0.0153,-0.0001,-7.673,-0.041,-0.00539,-0.1952,+0.0000,+7.808,0,0,-0.076,-0.045,-0.00821,+0.030,-0.205,-0.061,-0.076,+0.625,+0.283,0,-0.061,-0.090,+0.05473,-0.028,+1.368,+0.057,-0.061,+0.625,+1.988,0,+0.062,-0.122,-0.06995,-0.184,-1.749,+0.367,+0.062,+0.625,-0.695,2,+0.075,-0.160,-0.01558,-0.236,-0.390,+0.471,+0.075,+0.625,+0.781,2,-0.206,-0.211,+1.064,+1.293
DRV,72646,+3.3000,+3.1410,-3.6299,-0.0239,-0.0324,-0.0002,-4.262,-0.027,-0.00616,-0.1948,+0.0000,+7.793,0,0,-0.160,-0.001,-0.01132,+0.159,-0.283,-0.317,-0.160,+0.623,-0.137,0,-0.129,-0.000,+0.05229,+0.129,+1.307,-0.258,-0.129,+0.623,+1.543,2,+0.131,-0.116,-0.06364,-0.247,-1.591,+0.494,+0.131,+0.623,-0.343,2,+0.159,-0.115,-0.00866,-0.274,-0.217,+0.548,+0.159,+0.623,+1.113,0,-0.116,-0.116,+0.977,+1.201
DRV,72650,+3.3000,+3.1410,-3.6299,-0.0281,-0.0494,-0.0004,-4.262,-0.032,-0.00715,-0.2630,+0.0000,+10.522,0,0,-0.244,-0.023,-0.01655,+0.222,-0.414,-0.443,-0.244,+0.842,-0.259,0,-0.197,-0.085,+0.04853,+0.112,+1.213,-0.224,-0.197,+0.842,+1.634,2,+0.200,-0.100,-0.05674,-0.300,-1.419,+0.600,+0.200,+0.842,+0.223,0,+0.242,-0.102,-0.00041,-0.344,-0.010,+0.689,+0.242,+0.842,+1.763,0,-0.125,-0.185,+1.503,+1.857
DRV,72654,+3.3000,+3.1410,-3.6299,-0.0326,-0.0665,-0.0006,-4.262,-0.037,-0.00820,-0.2625,+0.0000,+10.500,0,0,-0.329,+0.000,-0.02390,+0.329,-0.597,-0.658,-0.329,+0.840,-0.744,2,-0.265,-0.115,+0.04574,+0.150,+1.144,-0.300,-0.265,+0.840,+1.418,2,+0.269,-0.121,-0.04772,-0.391,-1.193,+0.781,+0.269,+0.840,+0.698,0,+0.326,-0.046,+0.00840,-0.372,+0.210,+0.744,+0.326,+0.840,+2.120,2,-0.046,-0.236,+1.376,+2.116
DRV,72658,+3.3000,+3.1410,-3.6299,-0.0365,-0.0835,-0.0008,-4.262,-0.041,-0.00910,-0.2120,+0.0000,+8.480,0,0,-0.413,+0.017,-0.03452,+0.431,-0.863,-0.861,-0.413,+0.678,-1.459,2,-0.333,-0.009,+0.03858,+0.324,+0.964,-0.647,-0.333,+0.678,+0.663,2,+0.339,-0.092,-0.03772,-0.430,-0.943,+0.861,+0.339,+0.678,+0.935,2,+0.409,+0.051,+0.01777,-0.358,+0.444,+0.715,+0.409,+0.678,+2.247,2,+0.069,-0.101,+0.787,+1.598
DRV,72662,+3.3000,+3.1410,-3.6298,-0.0401,-0.1006,-0.0010,-4.261,-0.045,-0.00994,-0.2116,+0.0000,+8.463,0,0,-0.498,+0.007,-0.04651,+0.505,-1.163,-1.010,-0.498,+0.677,-1.994,2,-0.400,-0.147,+0.03163,+0.253,+0.791,-0.507,-0.400,+0.677,+0.561,2,+0.408,-0.047,-0.02598,-0.455,-0.649,+0.910,+0.408,+0.677,+1.346,2,+0.492,+0.051,+0.02847,-0.442,+0.712,+0.883,+0.492,+0.677,+2.764,2,+0.058,-0.194,+0.770,+1.907
DRV,72666,+3.3000,+3.1410,-3.6298,-0.0424,-0.1176,-0.0013,-4.261,-0.048,-0.01048,-0.1069,+0.0000,+4.276,0,0,-0.583,-0.070,-0.06024,+0.513,-1.506,-1.026,-0.583,+0.342,-2.772,2,-0.468,-0.068,+0.02298,+0.399,+0.575,-0.799,-0.468,+0.342,-0.350,2,+0.478,+0.007,-0.01440,-0.471,-0.360,+0.941,+0.478,+0.342,+1.401,2,+0.575,+0.106,+0.04049,-0.470,+1.012,+0.939,+0.575,+0.342,+2.869,2,+0.036,-0.061,+0.096,+1.051
DRV,72670,+3.3000,+3.1410,-3.6298,-0.0442,-0.1347,-0.0015,-4.261,-0.050,-0.01090,-0.1067,+0.0000,+4.268,0,0,-0.667,-0.171,-0.07302,+0.497,-1.826,-0.993,-0.667,+0.341,-3.144,2,-0.535,-0.003,+0.01034,+0.532,+0.259,-1.065,-0.535,+0.341,-1.000,2,+0.547,+0.058,-0.00223,-0.490,-0.056,+0.979,+0.547,+0.341,+1.812,2,+0.659,+0.184,+0.05230,-0.475,+1.308,+0.949,+0.659,+0.341,+3.257,2,+0.013,+0.055,+0.112,+0.813
DRV,72674,+3.3000,+3.1410,-3.6298,-0.0446,-0.1517,-0.0017,-4.261,-0.050,-0.01100,+0.0036,+0.0000,-0.144,0,0,-0.752,-0.187,-0.08678,+0.564,-2.170,-1.129,-0.752,-0.012,-4.062,2,-0.603,-0.072,-0.00323,+0.531,-0.081,-1.062,-0.603,-0.012,-1.757,2,+0.617,+0.124,+0.01053,-0.493,+0.263,+0.986,+0.617,-0.012,+1.854,2,+0.742,+0.207,+0.06582,-0.535,+1.646,+1.070,+0.742,-0.012,+3.446,2,+0.020,+0.052,-0.616,+0.097
DRV,72678,+3.3000,+3.1410,-3.6298,-0.0446,-0.1688,-0.0019,-4.261,-0.050,-0.01099,+0.0036,+0.0000,-0.144,0,0,-0.836,-0.357,-0.09998,+0.479,-2.500,-0.958,-0.836,-0.012,-4.305,2,-0.670,-0.194,-0.01582,+0.477,-0.396,-0.954,-0.670,-0.012,-2.031,0,+0.686,+0.153,+0.02312,-0.533,+0.578,+1.066,+0.686,-0.012,+2.318,2,+0.825,+0.239,+0.08029,-0.586,+2.007,+1.172,+0.825,-0.012,+3.992,2,-0.118,-0.041,-0.313,+0.287
DRV,72682,+3.3000,+3.1410,-3.6298,-0.0437,-0.1858,-0.0021,-4.261,-0.049,-0.01077,+0.0690,+0.0000,-2.760,0,0,-0.921,-0.315,-0.11415,+0.606,-2.854,-1.212,-0.921,-0.221,-5.207,0,-0.738,-0.300,-0.02897,+0.438,-0.724,-0.876,-0.738,-0.221,-2.559,0,+0.755,+0.242,+0.03629,-0.513,+0.907,+1.027,+0.755,-0.221,+2.469,2,+0.909,+0.314,+0.09608,-0.594,+2.402,+1.189,+0.909,-0.221,+4.279,0,-0.000,-0.059,-0.928,-0.091
DRV,72686,+3.3000,+3.1410,-3.6298,-0.0425,-0.2028,-0.0022,-4.261,-0.048,-0.01050,+0.0689,+0.0000,-2.755,0,0,-1.005,-0.351,-0.13274,+0.653,-3.318,-1.307,-1.005,-0.220,-5.851,0,-0.806,-0.401,-0.04037,+0.405,-1.009,-0.811,-0.806,-0.220,-2.846,2,+0.824,+0.331,+0.04891,-0.493,+1.223,+0.987,+0.824,-0.220,+2.813,0,+0.992,+0.371,+0.11167,-0.621,+2.792,+1.242,+0.992,-0.220,+4.806,0,+0.020,-0.070,-1.045,-0.033
DRV,72690,+3.3000,+3.1410,-3.6298,-0.0408,-0.2199,-0.0023,-4.261,-0.046,-0.01011,+0.1065,+0.0000,-4.260,0,0,-1.089,-0.604,-0.14654,+0.485,-3.664,-0.971,-1.089,-0.341,-6.064,2,-0.874,-0.556,-0.04964,+0.319,-1.241,-0.638,-0.874,-0.341,-3.094,2,+0.893,+0.422,+0.06057,-0.471,+1.514,+0.942,+0.893,-0.341,+3.009,0,+1.076,+0.432,+0.13051,-0.644,+3.263,+1.288,+1.076,-0.341,+5.285,2,-0.172,-0.134,-0.779,-0.085
DRV,72694,+3.3000,+3.1410,-3.6298,-0.0390,-0.2369,-0.0024,-4.261,-0.044,-0.00969,+0.1063,+0.0000,-4.251,0,0,-1.173,-0.703,-0.15786,+0.470,-3.946,-0.941,-1.173,-0.340,-6.400,2,-0.943,-0.615,-0.05833,+0.328,-1.458,-0.656,-0.943,-0.340,-3.397,2,+0.962,+0.487,+0.07549,-0.475,+1.887,+0.950,+0.962,-0.340,+3.460,2,+1.159,+0.541,+0.14608,-0.619,+3.652,+1.237,+1.159,-0.340,+5.709,2,-0.162,-0.128,-0.692,+0.063
DRV,72698,+3.3000,+3.1410,-3.6299,-0.0375,-0.2540,-0.0025,-4.261,-0.042,-0.00933,+0.0827,+0.0000,-3.307,0,0,-1.257,-0.591,-0.17244,+0.666,-4.311,-1.332,-1.257,-0.265,-7.165,2,-1.011,-0.800,-0.06605,+0.211,-1.651,-0.421,-1.011,-0.265,-3.348,2,+1.031,+0.503,+0.08908,-0.528,+2.227,+1.056,+1.031,-0.265,+4.049,2,+1.243,+0.513,+0.16300,-0.731,+4.075,+1.461,+1.243,-0.265,+6.515,2,-0.079,-0.297,-0.651,+0.701
DRV,72702,+3.3000,+3.1410,-3.6299,-0.0361,-0.2710,-0.0026,-4.262,-0.040,-0.00900,+0.0825,+0.0000,-3.300,0,0,-1.341,-0.688,-0.18952,+0.654,-4.738,-1.308,-1.341,-0.264,-7.651,2,-1.079,-1.024,-0.06935,+0.055,-1.734,-0.109,-1.079,-0.264,-3.186,2,+1.100,+0.661,+0.10210,-0.439,+2.552,+0.878,+1.100,-0.264,+4.266,2,+1.327,+0.646,+0.18086,-0.681,+4.522,+1.362,+1.327,-0.264,+6.947,2,-0.042,-0.363,-0.705,+1.080
DRV,72706,+3.3000,+3.1410,-3.6299,-0.0358,-0.2881,-0.0027,-4.262,-0.040,-0.00893,-0.0028,+0.0000,+0.110,0,0,-1.426,-0.821,-0.20450,+0.605,-5.112,-1.209,-1.426,+0.009,-7.739,2,-1.147,-0.969,-0.07358,+0.177,-1.840,-0.355,-1.147,+0.009,-3.333,2,+1.169,+0.926,+0.11071,-0.243,+2.768,+0.486,+1.169,+0.009,+4.431,2,+1.410,+0.928,+0.19431,-0.482,+4.858,+0.964,+1.410,+0.009,+7.241,2,+0.107,-0.043,-0.498,+1.098
DRV,72710,+3.3000,+3.1410,-3.6299,-0.0358,-0.3051,-0.0029,-4.262,-0.040,-0.00894,-0.0028,+0.0000,+0.110,0,0,-1.510,-0.872,-0.22006,+0.638,-5.502,-1.276,-1.510,+0.009,-8.279,2,-1.215,-0.863,-0.08183,+0.352,-2.046,-0.704,-1.215,+0.009,-3.956,2,+1.238,+1.087,+0.11608,-0.151,+2.902,+0.302,+1.238,+0.009,+4.450,2,+1.494,+0.954,+0.20640,-0.540,+5.160,+1.080,+1.494,+0.009,+7.743,2,+0.082,+0.225,-0.536,+0.494
DRV,72714,+3.3000,+3.1410,-3.6299,-0.0370,-0.3222,-0.0031,-4.261,-0.042,-0.00922,-0.0921,+0.0000,+3.684,0,0,-1.595,-1.102,-0.23315,+0.492,-5.829,-0.985,-1.595,+0.295,-8.114,2,-1.282,-1.136,-0.08947,+0.146,-2.237,-0.292,-1.282,+0.295,-3.516,0,+1.307,+1.074,+0.12166,-0.233,+3.041,+0.466,+1.307,+0.295,+5.110,2,+1.577,+0.874,+0.22211,-0.703,+5.553,+1.406,+1.577,+0.295,+8.830,2,-0.228,-0.062,+0.717,+1.594
DRV,72718,+3.3000,+3.1410,-3.6299,-0.0386,-0.3392,-0.0034,-4.261,-0.043,-0.00958,-0.0919,+0.0000,+3.676,0,0,-1.680,-1.041,-0.24683,+0.639,-6.171,-1.277,-1.680,+0.294,-8.833,0,-1.350,-1.359,-0.09075,-0.009,-2.269,+0.019,-1.350,+0.294,-3.305,0,+1.377,+1.203,+0.12860,-0.175,+3.215,+0.349,+1.377,+0.294,+5.235,2,+1.660,+1.079,+0.23800,-0.581,+5.950,+1.163,+1.660,+0.294,+9.067,2,+0.038,-0.156,+0.234,+1.930
DRV,72722,+3.3000,+3.1410,-3.6298,-0.0403,-0.3563,-0.0037,-4.261,-0.045,-0.00999,-0.1029,+0.0000,+4.116,0,0,-1.764,-1.260,-0.26111,+0.504,-6.528,-1.008,-1.764,+0.329,-8.971,0,-1.417,-1.110,-0.10331,+0.307,-2.583,-0.613,-1.417,+0.329,-4.284,2,+1.447,+1.526,+0.13001,+0.079,+3.250,-0.158,+1.447,+0.329,+4.869,2,+1.743,+1.370,+0.24754,-0.373,+6.189,+0.745,+1.743,+0.329,+9.006,0,+0.110,+0.416,+0.035,+0.585
DRV,72726,+3.3000,+3.1410,-3.6298,-0.0421,-0.3733,-0.0041,-4.261,-0.047,-0.01040,-0.1027,+0.0000,+4.108,0,0,-1.849,-1.681,-0.27791,+0.168,-6.948,-0.337,-1.849,+0.329,-8.805,2,-1.484,-1.256,-0.11075,+0.228,-2.769,-0.455,-1.484,+0.329,-4.379,2,+1.517,+1.554,+0.12934,+0.037,+3.234,-0.074,+1.517,+0.329,+5.005,0,+1.826,+1.418,+0.26645,-0.408,+6.661,+0.817,+1.826,+0.329,+9.632,0,-0.263,+0.298,+0.828,+0.625
DRV,72730,+3.3000,+3.1410,-3.6298,-0.0436,-0.3903,-0.0044,-4.261,-0.049,-0.01076,-0.0855,+0.0000,+3.419,0,0,-1.934,-1.467,-0.28687,+0.467,-7.172,-0.934,-1.934,+0.273,-9.766,2,-1.551,-1.837,-0.10675,-0.286,-2.669,+0.571,-1.551,+0.273,-3.375,2,+1.587,+1.411,+0.14155,-0.176,+3.539,+0.351,+1.587,+0.273,+5.750,0,+1.909,+1.712,+0.27594,-0.197,+6.898,+0.394,+1.909,+0.273,+9.475,2,+0.245,-0.426,-0.291,+2.375
DRV,72734,+3.3000,+3.1410,-3.6298,-0.0451,-0.4074,-0.0047,-4.261,-0.051,-0.01110,-0.0853,+0.0000,+3.412,0,0,-2.019,-1.725,-0.30064,+0.294,-7.516,-0.587,-2.019,+0.273,-9.849,2,-1.618,-1.902,-0.09714,-0.284,-2.429,+0.568,-1.618,+0.273,-3.206,2,+1.656,+1.401,+0.14670,-0.256,+3.667,+0.511,+1.656,+0.273,+6.108,2,+1.992,+1.895,+0.27984,-0.097,+6.996,+0.194,+1.992,+0.273,+9.455,2,+0.170,-0.501,-0.395,+2.902
DRV,72738,+3.3000,+3.1410,-3.6298,-0.0456,-0.4244,-0.0050,-4.261,-0.051,-0.01122,-0.0144,+0.0000,+0.576,0,0,-2.103,-2.360,-0.29928,-0.256,-7.482,+0.513,-2.103,+0.046,-9.027,2,-1.686,-1.789,-0.09076,-0.103,-2.269,+0.206,-1.686,+0.046,-3.703,2,+1.726,+1.525,+0.15091,-0.201,+3.773,+0.402,+1.726,+0.046,+5.947,2,+2.075,+1.781,+0.28775,-0.294,+7.194,+0.587,+2.075,+0.046,+9.902,2,-0.578,-0.264,+0.875,+2.244
DRV,72742,+3.3000,+3.1410,-3.6298,-0.0453,-0.4415,-0.0052,-4.261,-0.051,-0.01116,+0.0476,+0.0000,-1.905,0,0,-2.188,-2.094,-0.30082,+0.094,-7.520,-0.188,-2.188,-0.152,-10.049,2,-1.754,-1.772,-0.08992,-0.019,-2.248,+0.038,-1.754,-0.152,-4.116,2,+1.795,+1.722,+0.15264,-0.073,+3.816,+0.146,+1.795,-0.152,+5.604,2,+2.158,+2.120,+0.29315,-0.038,+7.329,+0.077,+2.158,-0.152,+9.412,2,+0.026,-0.050,-0.637,+1.488
DRV,72746,+3.3000,+3.1410,-3.6298,-0.0434,-0.4585,-0.0052,-4.261,-0.049,-0.01072,+0.1095,+0.0000,-4.378,0,0,-2.272,-2.245,-0.30485,+0.027,-7.621,-0.054,-2.272,-0.350,-10.297,2,-1.822,-2.141,-0.08274,-0.318,-2.069,+0.637,-1.822,-0.350,-3.604,2,+1.864,+1.739,+0.15379,-0.125,+3.845,+0.249,+1.864,-0.350,+5.608,2,+2.242,+2.148,+0.29682,-0.094,+7.421,+0.188,+2.242,-0.350,+9.501,2,-0.097,-0.401,-0.796,+2.004
DRV,72750,+3.3000,+3.1410,-3.6298,-0.0411,-0.4756,-0.0051,-4.261,-0.046,-0.01018,+0.1598,+0.0000,-6.392,0,0,-2.356,-2.604,-0.30216,-0.248,-7.554,+0.497,-2.356,-0.511,-9.924,2,-1.891,-2.187,-0.07346,-0.296,-1.836,+0.592,-1.891,-0.511,-3.647,0,+1.932,+1.915,+0.15437,-0.017,+3.859,+0.034,+1.932,-0.511,+5.314,2,+2.326,+2.318,+0.29992,-0.008,+7.498,+0.016,+2.326,-0.511,+9.329,2,-0.286,-0.272,-0.595,+1.667
DRV,72754,+3.3000,+3.1410,-3.6299,-0.0375,-0.4926,-0.0049,-4.261,-0.042,-0.00934,+0.2100,+0.0000,-8.399,0,0,-2.439,-2.368,-0.30311,+0.070,-7.578,-0.141,-2.439,-0.672,-10.829,0,-1.960,-2.262,-0.07972,-0.301,-1.993,+0.603,-1.960,-0.672,-4.022,2,+2.000,+2.209,+0.14974,+0.209,+3.744,-0.418,+2.000,-0.672,+4.653,2,+2.411,+2.547,+0.29978,+0.136,+7.494,-0.272,+2.411,-0.672,+8.962,2,+0.178,-0.053,-1.867,+0.631
DRV,72758,+3.3000,+3.1410,-3.6299,-0.0337,-0.5097,-0.0046,-4.262,-0.038,-0.00845,+0.2348,+0.0000,-9.393,0,0,-2.522,-2.345,-0.30998,+0.177,-7.749,-0.355,-2.522,-0.751,-11.377,0,-2.030,-2.275,-0.05973,-0.246,-1.493,+0.491,-2.030,-0.751,-3.784,0,+2.067,+2.167,+0.14336,+0.100,+3.584,-0.200,+2.067,-0.751,+4.700,2,+2.496,+2.725,+0.29754,+0.229,+7.438,-0.458,+2.496,-0.751,+8.725,0,+0.380,-0.109,-2.653,+0.916
DRV,72762,+3.3000,+3.1410,-3.6299,-0.0293,-0.5267,-0.0042,-4.262,-0.032,-0.00741,+0.2596,+0.0000,-10.384,0,0,-2.605,-2.713,-0.32545,-0.108,-8.136,+0.216,-2.605,-0.831,-11.356,2,-2.100,-2.346,-0.06835,-0.246,-1.709,+0.492,-2.100,-0.831,-4.148,2,+2.134,+2.090,+0.14211,-0.044,+3.553,+0.088,+2.134,-0.831,+4.944,0,+2.581,+2.610,+0.29629,+0.029,+7.407,-0.059,+2.581,-0.831,+9.099,0,-0.103,-0.256,-2.257,+0.796
DRV,72766,+3.3000,+3.1410,-3.6299,-0.0250,-0.5438,-0.0038,-4.262,-0.028,-0.00643,+0.2346,+0.0000,-9.384,0,0,-2.688,-3.122,-0.31501,-0.435,-7.875,+0.870,-2.688,-0.751,-10.444,2,-2.170,-2.452,-0.06378,-0.282,-1.595,+0.563,-2.170,-0.751,-3.952,2,+2.201,+1.972,+0.14446,-0.229,+3.612,+0.458,+2.201,-0.751,+5.520,0,+2.666,+2.560,+0.31443,-0.106,+7.861,+0.213,+2.666,-0.751,+9.989,2,-0.563,-0.480,-0.455,+1.567
DRV,72770,+3.3000,+3.1410,-3.6300,-0.0214,-0.5608,-0.0034,-4.263,-0.023,-0.00559,+0.2097,+0.0000,-8.388,0,0,-2.770,-3.012,-0.30588,-0.241,-7.647,+0.483,-2.770,-0.671,-10.606,2,-2.240,-2.718,-0.05637,-0.478,-1.409,+0.955,-2.240,-0.671,-3.365,2,+2.268,+2.234,+0.16116,-0.034,+4.029,+0.068,+2.268,-0.671,+5.694,2,+2.751,+3.030,+0.30979,+0.279,+7.745,-0.559,+2.751,-0.671,+9.266,2,+0.019,-0.484,-1.340,+2.329
DRV,72774,+3.3000,+3.1410,-3.6300,-0.0182,-0.5779,-0.0031,-4.263,-0.020,-0.00483,+0.1696,+0.0000,-6.785,0,0,-2.853,-3.380,-0.29309,-0.527,-7.327,+1.054,-2.853,-0.543,-9.670,2,-2.310,-2.810,-0.04649,-0.499,-1.162,+0.999,-2.310,-0.543,-3.017,2,+2.335,+2.572,+0.15998,+0.237,+3.999,-0.474,+2.335,-0.543,+5.318,2,+2.836,+2.822,+0.30268,-0.014,+7.567,+0.028,+2.836,-0.543,+9.888,2,-0.558,-0.237,+0.218,+2.301
DRV,72778,+3.3000,+3.1410,-3.6300,-0.0159,-0.5949,-0.0029,-4.263,-0.017,-0.00431,+0.1297,+0.0000,-5.188,0,0,-2.937,-3.146,-0.28085,-0.209,-7.021,+0.419,-2.937,-0.415,-9.954,2,-2.380,-2.580,-0.03990,-0.200,-0.998,+0.400,-2.380,-0.415,-3.392,2,+2.403,+2.608,+0.15551,+0.205,+3.888,-0.410,+2.403,-0.415,+5.465,2,+2.920,+2.521,+0.30958,-0.399,+7.740,+0.799,+2.920,-0.415,+11.044,2,-0.625,+0.028,+1.090,+2.073
DRV,72782,+3.3000,+3.1410,-3.6300,-0.0135,-0.6120,-0.0026,-4.263,-0.014,-0.00374,+0.1574,+0.0000,-6.295,0,0,-3.020,-2.721,-0.28221,+0.299,-7.055,-0.598,-3.020,-0.504,-11.177,2,-2.449,-2.321,-0.04196,+0.129,-1.049,-0.257,-2.449,-0.504,-4.259,2,+2.470,+2.594,+0.15465,+0.124,+3.866,-0.248,+2.470,-0.504,+5.585,2,+3.005,+3.431,+0.30443,+0.426,+7.611,-0.851,+3.005,-0.504,+9.261,2,+0.710,+0.273,-1.916,+1.326
DRV,72786,+3.3000,+3.1410,-3.6300,-0.0103,-0.6290,-0.0022,-4.263,-0.011,-0.00300,+0.1850,+0.0000,-7.398,0,0,-3.103,-2.898,-0.28718,+0.204,-7.180,-0.409,-3.103,-0.592,-11.283,2,-2.520,-2.331,-0.05000,+0.188,-1.250,-0.377,-2.520,-0.592,-4.738,0,+2.537,+2.797,+0.15203,+0.260,+3.801,-0.520,+2.537,-0.592,+5.226,2,+3.090,+3.670,+0.28607,+0.580,+7.152,-1.160,+3.090,-0.592,+8.490,2,+0.772,+0.466,-2.793,+0.487
DRV,72790,+3.3000,+3.1410,-3.6300,-0.0072,-0.6461,-0.0017,-4.263,-0.007,-0.00226,+0.1811,+0.0000,-7.245,0,0,-3.185,-3.579,-0.27928,-0.393,-6.982,+0.787,-3.185,-0.580,-9.960,2,-2.590,-2.824,-0.04984,-0.234,-1.246,+0.468,-2.590,-0.580,-3.947,0,+2.604,+2.788,+0.14879,+0.184,+3.720,-0.369,+2.604,-0.580,+5.375,2,+3.175,+3.129,+0.27867,-0.046,+6.967,+0.092,+3.175,-0.580,+9.654,2,-0.449,-0.036,-0.306,+1.428
DRV,72794,+3.3000,+3.1410,-3.6300,-0.0041,-0.6631,-0.0013,-4.263,-0.004,-0.00155,+0.1773,+0.0000,-7.092,0,0,-3.268,-3.345,-0.27000,-0.077,-6.750,+0.154,-3.268,-0.567,-10.431,0,-2.660,-2.694,-0.06410,-0.034,-1.602,+0.068,-2.660,-0.567,-4.762,0,+2.671,+2.815,+0.14684,+0.144,+3.671,-0.289,+2.671,-0.567,+5.486,2,+3.261,+3.187,+0.27840,-0.073,+6.960,+0.147,+3.261,-0.567,+9.800,0,-0.158,+0.121,-0.631,+0.724
DRV,72798,+3.3000,+3.1410,-3.6300,-0.0013,-0.6802,-0.0009,-4.263,-0.000,-0.00091,+0.1461,+0.0000,-5.844,0,0,-3.351,-3.454,-0.29004,-0.103,-7.251,+0.206,-3.351,-0.468,-10.863,0,-2.730,-2.571,-0.06593,+0.160,-1.648,-0.319,-2.730,-0.468,-5.166,2,+2.737,+2.990,+0.14388,+0.252,+3.597,-0.505,+2.737,-0.468,+5.362,0,+3.346,+3.267,+0.27643,-0.079,+6.911,+0.157,+3.346,-0.468,+9.946,0,-0.186,+0.419,-0.917,+0.196
DRV,72802,+3.3000,+3.1410,-3.6300,+0.0006,-0.6972,-0.0005,-4.263,+0.003,-0.00045,+0.1150,+0.0000,-4.599,0,0,-3.434,-3.985,-0.28339,-0.551,-7.085,+1.102,-3.434,-0.368,-9.784,2,-2.800,-2.988,-0.06301,-0.188,-1.575,+0.375,-2.800,-0.368,-4.368,2,+2.805,+3.038,+0.14108,+0.234,+3.527,-0.468,+2.805,-0.368,+5.496,0,+3.431,+3.491,+0.29807,+0.061,+7.452,-0.121,+3.431,-0.368,+10.393,2,-0.494,+0.051,+0.609,+1.128
DRV,72806,+3.3000,+3.1410,-3.6300,+0.0025,-0.7143,-0.0002,-4.263,+0.007,-0.00001,+0.1046,+0.0000,-4.185,0,0,-3.517,-3.794,-0.27538,-0.277,-6.884,+0.554,-3.517,-0.335,-10.182,2,-2.870,-3.096,-0.05378,-0.226,-1.345,+0.451,-2.870,-0.335,-4.098,2,+2.872,+2.987,+0.15608,+0.116,+3.902,-0.231,+2.872,-0.335,+6.208,2,+3.516,+4.079,+0.29386,+0.564,+7.346,-1.128,+3.516,-0.335,+9.400,2,+0.286,-0.108,-0.782,+2.109
DRV,72810,+3.3000,+3.1410,-3.6300,+0.0041,-0.7313,+0.0001,-4.263,+0.011,+0.00037,+0.0943,+0.0000,-3.773,0,0,-3.600,-3.530,-0.27827,+0.070,-6.957,-0.140,-3.600,-0.302,-10.998,2,-2.940,-2.716,-0.05206,+0.224,-1.302,-0.449,-2.940,-0.302,-4.992,2,+2.939,+3.098,+0.14937,+0.159,+3.734,-0.319,+2.939,-0.302,+6.053,2,+3.600,+4.289,+0.27950,+0.688,+6.987,-1.377,+3.600,-0.302,+8.909,2,+0.759,+0.383,-2.089,+1.061
DRV,72814,+3.3000,+3.1410,-3.6300,+0.0056,-0.7484,+0.0004,-4.263,+0.008,+0.00072,+0.0792,+0.0000,-3.169,0,0,-3.683,-4.340,-0.27214,-0.657,-6.803,+1.314,-3.683,-0.254,-9.425,2,-3.010,-2.719,-0.05785,+0.291,-1.446,-0.581,-3.010,-0.254,-5.291,2,+3.006,+3.084,+0.14359,+0.078,+3.590,-0.155,+3.006,-0.254,+6.187,2,+3.685,+3.786,+0.27456,+0.101,+6.864,-0.202,+3.685,-0.254,+10.094,2,-0.554,+0.365,+0.668,+0.896
DRV,72818,+3.3000,+3.1410,-3.6300,+0.0067,-0.7654,+0.0006,-4.263,+0.009,+0.00097,+0.0642,+0.0000,-2.568,0,0,-3.766,-4.151,-0.26157,-0.385,-6.539,+0.770,-3.766,-0.205,-9.741,2,-3.079,-3.122,-0.05771,-0.043,-1.443,+0.086,-3.079,-0.205,-4.642,2,+3.074,+3.047,+0.14065,-0.027,+3.516,+0.054,+3.074,-0.205,+6.439,2,+3.770,+4.102,+0.27328,+0.332,+6.832,-0.664,+3.770,-0.205,+9.732,2,-0.050,-0.075,-0.009,+1.798
DRV,72822,+3.3000,+3.1410,-3.6300,+0.0080,-0.7825,+0.0009,-4.263,+0.010,+0.00126,+0.0808,+0.0000,-3.233,0,0,-3.849,-3.884,-0.26346,-0.034,-6.586,+0.069,-3.849,-0.259,-10.626,2,-3.149,-3.252,-0.05242,-0.103,-1.311,+0.207,-3.149,-0.259,-4.511,2,+3.142,+3.285,+0.13635,+0.144,+3.409,-0.288,+3.142,-0.259,+6.004,2,+3.854,+4.505,+0.26147,+0.650,+6.537,-1.301,+3.854,-0.259,+8.832,2,+0.621,+0.033,-1.794,+1.493
DRV,72826,+3.3000,+3.1410,-3.6300,+0.0096,-0.7995,+0.0012,-4.263,+0.012,+0.00165,+0.0974,+0.0000,-3.896,0,0,-3.932,-4.394,-0.25899,-0.462,-6.475,+0.923,-3.932,-0.312,-9.795,2,-3.219,-3.057,-0.05195,+0.162,-1.299,-0.324,-3.219,-0.312,-5.153,0,+3.209,+3.236,+0.13067,+0.028,+3.267,-0.055,+3.209,-0.312,+6.108,2,+3.939,+4.224,+0.25486,+0.285,+6.372,-0.570,+3.939,-0.312,+9.429,2,-0.170,+0.180,-0.366,+0.955
DRV,72830,+3.3000,+3.1410,-3.6300,+0.0114,-0.8166,+0.0016,-4.263,+0.014,+0.00207,+0.1100,+0.0000,-4.399,0,0,-4.015,-4.204,-0.25392,-0.189,-6.348,+0.378,-4.015,-0.352,-10.337,0,-3.289,-3.262,-0.07434,+0.027,-1.858,-0.054,-3.289,-0.352,-5.553,0,+3.276,+3.092,+0.13242,-0.184,+3.311,+0.368,+3.276,-0.352,+6.602,2,+4.024,+4.244,+0.25231,+0.219,+6.308,-0.439,+4.024,-0.352,+9.541,2,+0.040,-0.170,-0.796,+1.049
DRV,72834,+3.3000,+3.1410,-3.6300,+0.0135,-0.8336,+0.0021,-4.263,+0.017,+0.00256,+0.1225,+0.0000,-4.901,0,0,-4.098,-3.963,-0.28160,+0.134,-7.040,-0.269,-4.098,-0.392,-11.799,0,-3.359,-3.461,-0.07663,-0.102,-1.916,+0.204,-3.359,-0.392,-5.463,2,+3.342,+3.379,+0.13086,+0.037,+3.272,-0.073,+3.342,-0.392,+6.149,2,+4.110,+4.318,+0.25036,+0.209,+6.259,-0.417,+4.110,-0.392,+9.559,0,+0.355,-0.082,-2.239,+0.685
DRV,72838,+3.3000,+3.1410,-3.6300,+0.0157,-0.8507,+0.0026,-4.263,+0.020,+0.00307,+0.1356,+0.0000,-5.423,0,0,-4.180,-4.384,-0.27723,-0.204,-6.931,+0.408,-4.180,-0.434,-11.137,2,-3.430,-3.729,-0.07418,-0.300,-1.855,+0.599,-3.430,-0.434,-5.119,2,+3.409,+3.386,+0.12830,-0.023,+3.207,+0.045,+3.409,-0.434,+6.228,0,+4.195,+4.087,+0.27664,-0.108,+6.916,+0.216,+4.195,-0.434,+10.893,0,-0.297,-0.343,-0.244,+1.109
DRV,72842,+3.3000,+3.1410,-3.6300,+0.0183,-0.8677,+0.0032,-4.263,+0.023,+0.00367,+0.1486,+0.0000,-5.944,0,0,-4.262,-4.498,-0.26534,-0.236,-6.634,+0.472,-4.262,-0.476,-10.900,2,-3.501,-3.854,-0.06852,-0.354,-1.713,+0.707,-3.501,-0.476,-4.982,2,+3.475,+3.668,+0.14849,+0.193,+3.712,-0.387,+3.475,-0.476,+6.325,0,+4.281,+4.377,+0.27324,+0.096,+6.831,-0.193,+4.281,-0.476,+10.444,2,-0.122,-0.186,-0.456,+1.343
DRV,72846,+3.3000,+3.1410,-3.6300,+0.0208,-0.8848,+0.0038,-4.262,+0.026,+0.00427,+0.1507,+0.0000,-6.028,0,0,-4.345,-4.319,-0.26127,+0.026,-6.532,-0.052,-4.345,-0.482,-11.411,2,-3.572,-3.959,-0.06273,-0.387,-1.568,+0.774,-3.572,-0.482,-4.848,2,+3.541,+3.676,+0.14771,+0.136,+3.693,-0.271,+3.541,-0.482,+6.480,2,+4.366,+4.411,+0.26700,+0.045,+6.675,-0.090,+4.366,-0.482,+10.469,2,+0.093,-0.282,-0.941,+1.633
DRV,72850,+3.3000,+3.1410,-3.6299,+0.0235,-0.9018,+0.0045,-4.262,+0.029,+0.00488,+0.1528,+0.0000,-6.111,0,0,-4.427,-4.748,-0.25389,-0.322,-6.347,+0.643,-4.427,-0.489,-10.620,2,-3.643,-3.997,-0.05719,-0.354,-1.430,+0.708,-3.643,-0.489,-4.853,2,+3.607,+3.686,+0.14897,+0.080,+3.724,-0.159,+3.607,-0.489,+6.683,2,+4.452,+4.474,+0.26369,+0.022,+6.592,-0.044,+4.452,-0.489,+10.511,2,-0.274,-0.310,-0.108,+1.830
DRV,72854,+3.3000,+3.1410,-3.6299,+0.0261,-0.9189,+0.0052,-4.262,+0.032,+0.00550,+0.1570,+0.0000,-6.280,0,0,-4.509,-4.972,-0.23860,-0.464,-5.965,+0.928,-4.509,-0.502,-10.049,2,-3.714,-3.979,-0.05344,-0.265,-1.336,+0.530,-3.714,-0.502,-5.022,2,+3.673,+3.893,+0.14805,+0.221,+3.701,-0.442,+3.673,-0.502,+6.430,2,+4.538,+4.776,+0.25525,+0.238,+6.381,-0.475,+4.538,-0.502,+9.942,2,-0.197,-0.086,-0.107,+1.408
DRV,72858,+3.3000,+3.1410,-3.6299,+0.0289,-0.9359,+0.0059,-4.262,+0.035,+0.00614,+0.1612,+0.0000,-6.448,0,0,-4.590,-4.755,-0.22806,-0.165,-5.701,+0.329,-4.590,-0.516,-10.479,2,-3.785,-4.089,-0.04957,-0.303,-1.239,+0.607,-3.785,-0.516,-4.934,2,+3.738,+4.013,+0.14456,+0.274,+3.614,-0.549,+3.738,-0.516,+6.287,2,+4.624,+4.760,+0.24743,+0.136,+6.186,-0.272,+4.624,-0.516,+10.022,2,+0.005,-0.076,-0.457,+1.354
DRV,72862,+3.3000,+3.1410,-3.6299,+0.0320,-0.9530,+0.0067,-4.262,+0.039,+0.00686,+0.1965,+0.0000,-7.862,0,0,-4.672,-4.865,-0.21994,-0.193,-5.499,+0.386,-4.672,-0.629,-10.413,2,-3.857,-4.062,-0.04635,-0.205,-1.159,+0.410,-3.857,-0.629,-5.235,0,+3.803,+3.856,+0.14464,+0.053,+3.616,-0.106,+3.803,-0.629,+6.684,2,+4.710,+4.666,+0.24255,-0.044,+6.064,+0.088,+4.710,-0.629,+10.233,2,-0.199,-0.206,-0.181,+1.449
DRV,72866,+3.3000,+3.1410,-3.6299,+0.0359,-0.9700,+0.0078,-4.261,+0.044,+0.00779,+0.2318,+0.0000,-9.270,0,0,-4.753,-4.783,-0.21272,-0.030,-5.318,+0.061,-4.753,-0.742,-10.752,0,-3.930,-3.786,-0.07180,+0.144,-1.795,-0.289,-3.930,-0.742,-6.755,2,+3.868,+3.989,+0.14594,+0.121,+3.649,-0.242,+3.868,-0.742,+6.532,2,+4.797,+4.715,+0.24100,-0.082,+6.025,+0.164,+4.797,-0.742,+10.244,2,-0.068,+0.203,-0.508,-0.223
DRV,72870,+3.3000,+3.1410,-3.6298,+0.0402,-0.9870,+0.0089,-4.261,+0.049,+0.00877,+0.2611,+0.0000,-10.444,0,0,-4.833,-4.515,-0.24319,+0.319,-6.080,-0.638,-4.833,-0.836,-12.386,0,-4.003,-4.046,-0.06993,-0.043,-1.748,+0.086,-4.003,-0.836,-6.501,2,+3.931,+4.199,+0.14310,+0.268,+3.578,-0.535,+3.931,-0.836,+6.138,2,+4.884,+4.900,+0.23703,+0.015,+5.926,-0.031,+4.884,-0.836,+9.944,0,+0.385,+0.153,-2.443,-0.363
DRV,72874,+3.3000,+3.1410,-3.6298,+0.0452,-1.0041,+0.0103,-4.260,+0.055,+0.00993,+0.2903,+0.0000,-11.614,0,0,-4.913,-5.216,-0.24460,-0.303,-6.115,+0.605,-4.913,-0.929,-11.352,2,-4.077,-4.103,-0.06455,-0.026,-1.614,+0.052,-4.077,-0.929,-6.568,2,+3.994,+3.968,+0.14377,-0.027,+3.594,+0.053,+3.994,-0.929,+6.713,0,+4.972,+4.921,+0.23488,-0.050,+5.872,+0.101,+4.972,-0.929,+10.016,0,-0.295,-0.135,-1.337,+0.145
DRV,72878,+3.3000,+3.1410,-3.6298,+0.0500,-1.0211,+0.0117,-4.260,+0.060,+0.01106,+0.2722,+0.0000,-10.888,0,0,-4.993,-5.383,-0.23806,-0.390,-5.951,+0.779,-4.993,-0.871,-11.037,2,-4.151,-4.329,-0.05758,-0.178,-1.440,+0.357,-4.151,-0.871,-6.105,2,+4.057,+4.185,+0.14679,+0.127,+3.670,-0.255,+4.057,-0.871,+6.601,0,+5.060,+5.394,+0.26216,+0.334,+6.554,-0.669,+5.060,-0.871,+10.074,2,+0.011,-0.144,-0.963,+0.496
DRV,72882,+3.3000,+3.1410,-3.6297,+0.0543,-1.0381,+0.0130,-4.259,+0.066,+0.01207,+0.2541,+0.0000,-10.165,0,0,-5.073,-5.126,-0.23927,-0.053,-5.982,+0.106,-5.073,-0.813,-11.763,2,-4.225,-4.341,-0.05093,-0.116,-1.273,+0.232,-4.225,-0.813,-6.079,2,+4.120,+4.030,+0.17286,-0.090,+4.322,+0.181,+4.120,-0.813,+7.809,2,+5.147,+5.412,+0.25943,+0.265,+6.486,-0.529,+5.147,-0.813,+10.291,2,+0.285,-0.310,-1.472,+1.731
DRV,72886,+3.3000,+3.1410,-3.6297,+0.0583,-1.0552,+0.0142,-4.259,+0.070,+0.01299,+0.2041,+0.0000,-8.165,0,0,-5.154,-5.721,-0.23561,-0.567,-5.890,+1.135,-5.154,-0.653,-10.562,2,-4.298,-4.412,-0.04497,-0.114,-1.124,+0.227,-4.298,-0.653,-5.848,2,+4.184,+4.377,+0.16794,+0.193,+4.198,-0.386,+4.184,-0.653,+7.343,2,+5.234,+5.433,+0.25890,+0.198,+6.472,-0.396,+5.234,-0.653,+10.657,2,-0.288,-0.035,+0.095,+1.495
DRV,72890,+3.3000,+3.1410,-3.6296,+0.0609,-1.0722,+0.0151,-4.258,+0.073,+0.01361,+0.1543,+0.0000,-6.171,0,0,-5.235,-5.721,-0.22400,-0.486,-5.600,+0.972,-5.235,-0.494,-10.356,2,-4.370,-4.594,-0.03624,-0.224,-0.906,+0.447,-4.370,-0.494,-5.322,2,+4.249,+4.362,+0.15964,+0.114,+3.991,-0.227,+4.249,-0.494,+7.519,2,+5.321,+5.332,+0.26399,+0.012,+6.600,-0.023,+5.321,-0.494,+11.404,2,-0.389,-0.232,+1.048,+2.196
DRV,72894,+3.3000,+3.1410,-3.6296,+0.0634,-1.0892,+0.0161,-4.258,+0.076,+0.01419,+0.1391,+0.0000,-5.563,0,0,-5.316,-5.319,-0.22632,-0.003,-5.658,+0.005,-5.316,-0.445,-11.414,2,-4.442,-4.356,-0.03200,+0.086,-0.800,-0.173,-4.442,-0.445,-5.860,0,+4.313,+4.398,+0.15451,+0.085,+3.863,-0.169,+4.313,-0.445,+7.562,2,+5.407,+5.966,+0.25784,+0.558,+6.446,-1.117,+5.407,-0.445,+10.292,2,+0.647,+0.042,-1.122,+1.701
DRV,72898,+3.3000,+3.1410,-3.6296,+0.0656,-1.1062,+0.0169,-4.258,+0.079,+0.01469,+0.1239,+0.0000,-4.956,0,0,-5.397,-6.011,-0.22072,-0.614,-5.518,+1.227,-5.397,-0.397,-10.085,2,-4.514,-4.272,-0.03379,+0.243,-0.845,-0.485,-4.514,-0.397,-6.241,0,+4.378,+4.705,+0.14487,+0.327,+3.622,-0.653,+4.378,-0.397,+6.950,2,+5.494,+5.787,+0.25347,+0.294,+6.337,-0.588,+5.494,-0.397,+10.846,2,-0.224,+0.433,+0.761,+0.709
DRV,72902,+3.3000,+3.1410,-3.6295,+0.0678,-1.1232,+0.0178,-4.257,+0.081,+0.01522,+0.1420,+0.0000,-5.681,0,0,-5.479,-5.570,-0.21754,-0.091,-5.439,+0.183,-5.479,-0.454,-11.189,0,-4.586,-4.434,-0.03470,+0.153,-0.867,-0.305,-4.586,-0.454,-6.213,0,+4.443,+4.491,+0.13685,+0.048,+3.421,-0.096,+4.443,-0.454,+7.314,2,+5.580,+6.338,+0.24360,+0.758,+6.090,-1.515,+5.580,-0.454,+9.700,2,+0.768,+0.057,-1.489,+1.101
DRV,72906,+3.3000,+3.1410,-3.6295,+0.0706,-1.1403,+0.0189,-4.257,+0.085,+0.01586,+0.1601,+0.0000,-6.403,0,0,-5.559,-5.709,-0.22061,-0.150,-5.515,+0.300,-5.559,-0.512,-11.287,0,-4.659,-4.532,-0.03552,+0.127,-0.888,-0.253,-4.659,-0.512,-6.312,0,+4.507,+4.520,+0.13353,+0.013,+3.338,-0.026,+4.507,-0.512,+7.307,2,+5.667,+6.144,+0.23322,+0.477,+5.831,-0.954,+5.667,-0.512,+10.031,0,+0.434,-0.012,-1.256,+0.995
DRV,72910,+3.3000,+3.1410,-3.6295,+0.0735,-1.1573,+0.0200,-4.256,+0.088,+0.01653,+0.1741,+0.0000,-6.965,0,0,-5.640,-5.543,-0.25601,+0.097,-6.400,-0.193,-5.640,-0.557,-12.791,2,-4.732,-5.044,-0.06156,-0.313,-1.539,+0.625,-4.732,-0.557,-6.202,2,+4.571,+4.670,+0.12836,+0.099,+3.209,-0.198,+4.571,-0.557,+7.024,0,+5.754,+5.854,+0.23347,+0.100,+5.837,-0.200,+5.754,-0.557,+10.833,0,+0.310,-0.374,-1.958,+0.822
DRV,72914,+3.3000,+3.1410,-3.6294,+0.0767,-1.1743,+0.0212,-4.256,+0.092,+0.01728,+0.1881,+0.0000,-7.525,0,0,-5.720,-5.638,-0.25545,+0.082,-6.386,-0.164,-5.720,-0.602,-12.872,2,-4.805,-5.059,-0.05991,-0.254,-1.498,+0.508,-4.805,-0.602,-6.397,2,+4.634,+4.570,+0.12440,-0.064,+3.110,+0.129,+4.634,-0.602,+7.271,0,+5.841,+5.839,+0.26965,-0.002,+6.741,+0.004,+5.841,-0.602,+11.984,2,+0.201,-0.489,-0.888,+0.875
DRV,72918,+3.3000,+3.1410,-3.6294,+0.0798,-1.1913,+0.0225,-4.255,+0.096,+0.01801,+0.1750,-0.1005,-11.020,0,0,-5.846,-6.069,-0.24780,-0.223,-6.195,+0.446,-5.846,-0.882,-12.476,2,-4.924,-5.204,-0.05713,-0.280,-1.428,+0.559,-4.924,-0.882,-6.675,2,+4.652,+4.908,+0.15108,+0.256,+3.777,-0.511,+4.652,-0.882,+7.036,2,+5.882,+6.213,+0.25885,+0.330,+6.471,-0.661,+5.882,-0.882,+10.811,2,+0.144,-0.296,-1.665,+0.361
DRV,72922,+3.3000,+3.1410,-3.6293,+0.0826,-1.2083,+0.0236,-4.254,+0.099,+0.01866,+0.1619,-0.3478,-20.386,0,0,-6.039,-6.135,-0.23803,-0.096,-5.951,+0.191,-6.039,-1.631,-13.429,2,-5.110,-5.263,-0.05702,-0.154,-1.426,+0.307,-5.110,-1.631,-7.859,2,+4.603,+4.966,+0.14670,+0.363,+3.667,-0.725,+4.603,-1.631,+5.915,2,+5.857,+5.924,+0.24747,+0.067,+6.187,-0.135,+5.857,-1.631,+10.278,2,-0.210,-0.298,-3.151,-1.944
DRV,72926,+3.3000,+3.1410,-3.6293,+0.0851,-1.2253,+0.0248,-4.254,+0.102,+0.01925,+0.1357,-0.4252,-22.436,0,0,-6.155,-6.431,-0.22979,-0.277,-5.745,+0.553,-6.155,-1.795,-13.141,2,-5.218,-5.745,-0.05213,-0.527,-1.303,+1.055,-5.218,-1.795,-7.261,2,+4.632,+4.975,+0.14094,+0.343,+3.524,-0.686,+4.632,-1.795,+5.675,2,+5.909,+5.224,+0.25449,-0.685,+6.362,+1.370,+5.909,-1.795,+11.846,2,-1.207,-0.770,-1.295,-1.587
DRV,72930,+3.3000,+3.1410,-3.6293,+0.0870,-1.2423,+0.0257,-4.253,+0.105,+0.01969,+0.1097,-0.4742,-23.356,0,0,-6.258,-6.737,-0.21269,-0.479,-5.317,+0.959,-6.258,-1.869,-12.485,2,-5.312,-5.905,-0.04162,-0.593,-1.041,+1.186,-5.312,-1.869,-7.035,2,+4.674,+4.697,+0.14194,+0.023,+3.549,-0.047,+4.674,-1.869,+6.308,2,+5.973,+5.755,+0.26240,-0.218,+6.560,+0.436,+5.973,-1.869,+11.100,2,-0.982,-1.208,-1.385,-0.728
DRV,72934,+3.3000,+3.1410,-3.6292,+0.0888,-1.2593,+0.0267,-4.253,+0.107,+0.02012,+0.1028,-0.5173,-24.804,0,0,-6.358,-6.490,-0.20083,-0.131,-5.021,+0.263,-6.358,-1.984,-13.101,2,-5.404,-5.962,-0.03306,-0.558,-0.826,+1.117,-5.404,-1.984,-7.098,2,+4.719,+4.921,+0.14329,+0.202,+3.582,-0.405,+4.719,-1.984,+5.912,2,+6.040,+6.004,+0.25921,-0.036,+6.480,+0.071,+6.040,-1.984,+10.607,2,-0.486,-1.041,-2.494,-1.186
DRV,72938,+3.3000,+3.1410,-3.6292,+0.0905,-1.2763,+0.0276,-4.253,+0.109,+0.02050,+0.0960,-0.5534,-25.973,0,0,-6.456,-6.878,-0.18951,-0.423,-4.738,+0.845,-6.456,-2.078,-12.426,2,-5.492,-6.129,-0.02289,-0.636,-0.572,+1.273,-5.492,-2.078,-6.870,0,+4.767,+5.098,+0.13969,+0.331,+3.492,-0.662,+4.767,-2.078,+5.519,2,+6.109,+5.980,+0.25623,-0.130,+6.406,+0.260,+6.109,-2.078,+10.697,2,-0.899,-1.030,-1.729,-1.350
DRV,72942,+3.3000,+3.1410,-3.6292,+0.0916,-1.2933,+0.0284,-4.252,+0.110,+0.02075,+0.0306,-0.5759,-24.259,0,0,-6.548,-7.107,-0.16992,-0.560,-4.248,+1.119,-6.548,-1.941,-11.617,0,-5.574,-6.138,-0.01294,-0.564,-0.324,+1.128,-5.574,-1.941,-6.710,0,+4.822,+4.897,+0.13970,+0.074,+3.493,-0.149,+4.822,-1.941,+6.225,2,+6.185,+5.913,+0.25662,-0.272,+6.416,+0.544,+6.185,-1.941,+11.204,0,-1.194,-1.241,-0.413,-0.485
DRV,72946,+3.3000,+3.1410,-3.6292,+0.0910,-1.3103,+0.0286,-4.253,+0.109,+0.02061,-0.0346,-0.5637,-21.163,0,0,-6.625,-7.153,-0.20095,-0.527,-5.024,+1.055,-6.625,-1.693,-12.287,0,-5.638,-5.764,-0.04340,-0.126,-1.085,+0.252,-5.638,-1.693,-8.164,2,+4.895,+4.975,+0.14224,+0.080,+3.556,-0.160,+4.895,-1.693,+6.598,0,+6.275,+5.996,+0.25883,-0.279,+6.471,+0.558,+6.275,-1.693,+11.611,0,-1.156,-0.789,-0.676,-1.566
DRV,72950,+3.3000,+3.1410,-3.6292,+0.0900,-1.3273,+0.0287,-4.253,+0.108,+0.02038,-0.0813,-0.5426,-18.450,0,0,-6.699,-6.857,-0.20205,-0.158,-5.051,+0.317,-6.699,-1.476,-12.909,2,-5.697,-6.031,-0.03361,-0.334,-0.840,+0.668,-5.697,-1.476,-7.346,2,+4.973,+5.092,+0.14321,+0.119,+3.580,-0.238,+4.973,-1.476,+6.839,0,+6.369,+6.696,+0.29710,+0.327,+7.428,-0.655,+6.369,-1.476,+11.666,2,-0.161,-0.939,-1.243,-0.507
DRV,72954,+3.3000,+3.1410,-3.6292,+0.0878,-1.3444,+0.0285,-4.253,+0.105,+0.01987,-0.1280,-0.4929,-14.597,0,0,-6.761,-7.461,-0.19325,-0.700,-4.831,+1.399,-6.761,-1.168,-11.360,2,-5.742,-6.135,-0.01734,-0.393,-0.433,+0.786,-5.742,-1.168,-6.557,2,+5.065,+4.869,+0.17672,-0.195,+4.418,+0.390,+5.065,-1.168,+8.706,2,+6.475,+6.864,+0.29310,+0.389,+7.328,-0.778,+6.475,-1.168,+11.856,2,-0.597,-1.266,+0.496,+2.148
DRV,72958,+3.3000,+3.1410,-3.6293,+0.0843,-1.3614,+0.0278,-4.254,+0.100,+0.01906,-0.2272,-0.4019,-6.992,0,0,-6.805,-6.830,-0.19071,-0.025,-4.768,+0.050,-6.805,-0.559,-12.083,2,-5.766,-5.367,-0.01413,+0.400,-0.353,-0.799,-5.766,-0.559,-7.478,2,+5.177,+4.960,+0.17877,-0.217,+4.469,+0.434,+5.177,-0.559,+9.522,2,+6.598,+6.794,+0.29128,+0.196,+7.282,-0.392,+6.598,-0.559,+12.928,2,-0.036,-0.407,+0.846,+2.044
DRV,72962,+3.3000,+3.1410,-3.6294,+0.0804,-1.3784,+0.0269,-4.255,+0.095,+0.01815,-0.2267,-0.2652,-1.541,0,0,-6.829,-6.898,-0.19695,-0.068,-4.924,+0.137,-6.829,-0.123,-11.740,2,-5.769,-5.221,-0.02377,+0.548,-0.594,-1.097,-5.769,-0.123,-7.583,2,+5.311,+5.375,+0.17456,+0.064,+4.364,-0.128,+5.311,-0.123,+9.424,2,+6.741,+6.875,+0.29602,+0.134,+7.400,-0.267,+6.741,-0.123,+13.751,2,-0.023,+0.154,+2.012,+1.841
DRV,72966,+3.3000,+3.1410,-3.6294,+0.0755,-1.3955,+0.0257,-4.256,+0.089,+0.01702,-0.3028,+0.0000,+12.113,0,0,-6.796,-6.907,-0.19768,-0.111,-4.942,+0.222,-6.796,+0.969,-10.547,2,-5.712,-5.513,-0.02771,+0.199,-0.693,-0.398,-5.712,+0.969,-5.834,2,+5.505,+5.533,+0.16905,+0.027,+4.226,-0.055,+5.505,+0.969,+10.646,2,+6.943,+7.489,+0.29207,+0.546,+7.302,-1.092,+6.943,+0.969,+14.121,2,+0.581,+0.020,+3.574,+4.812
DRV,72970,+3.3000,+3.1410,-3.6295,+0.0704,-1.4125,+0.0244,-4.257,+0.083,+0.01581,-0.3022,+0.0000,+12.089,0,0,-6.884,-6.523,-0.20946,+0.361,-5.236,-0.722,-6.884,+0.967,-11.875,2,-5.775,-5.332,-0.03095,+0.443,-0.774,-0.887,-5.775,+0.967,-6.469,2,+5.579,+6.228,+0.15503,+0.649,+3.876,-1.297,+5.579,+0.967,+9.125,2,+7.023,+8.059,+0.27670,+1.036,+6.918,-2.073,+7.023,+0.967,+12.835,2,+1.536,+0.896,+0.959,+2.656
DRV,72974,+3.3000,+3.1410,-3.6296,+0.0661,-1.4296,+0.0233,-4.258,+0.078,+0.01481,-0.2325,+0.0000,+9.299,0,0,-6.971,-7.021,-0.21806,-0.050,-5.452,+0.101,-6.971,+0.744,-11.578,2,-5.840,-5.285,-0.04078,+0.554,-1.020,-1.109,-5.840,+0.744,-7.224,0,+5.652,+6.358,+0.13096,+0.705,+3.274,-1.411,+5.652,+0.744,+8.260,2,+7.104,+7.749,+0.26336,+0.645,+6.584,-1.290,+7.104,+0.744,+13.141,2,+0.727,+1.072,+1.563,+1.036
DRV,72978,+3.3000,+3.1410,-3.6296,+0.0621,-1.4467,+0.0222,-4.258,+0.073,+0.01388,-0.2320,+0.0000,+9.281,0,0,-7.058,-7.434,-0.21657,-0.376,-5.414,+0.752,-7.058,+0.742,-10.978,0,-5.904,-5.733,-0.04341,+0.170,-1.085,-0.341,-5.904,+0.742,-6.588,0,+5.725,+5.933,+0.11715,+0.208,+2.929,-0.416,+5.725,+0.742,+8.980,2,+7.185,+7.472,+0.26202,+0.288,+6.551,-0.575,+7.185,+0.742,+13.902,2,+0.038,+0.200,+2.924,+2.392
DRV,72982,+3.3000,+3.1410,-3.6296,+0.0604,-1.4637,+0.0220,-4.258,+0.072,+0.01348,-0.0560,+0.0000,+2.242,0,0,-7.143,-7.379,-0.26172,-0.236,-6.543,+0.472,-7.143,+0.179,-13.035,0,-5.971,-6.233,-0.07916,-0.262,-1.979,+0.524,-5.971,+0.179,-7.247,2,+5.795,+6.199,+0.10551,+0.404,+2.638,-0.808,+5.795,+0.179,+7.804,0,+7.268,+8.319,+0.24818,+1.052,+6.204,-2.104,+7.268,+0.179,+11.548,0,+0.941,-0.034,-1.487,+0.557
DRV,72986,+3.3000,+3.1410,-3.6297,+0.0594,-1.4807,+0.0219,-4.259,+0.071,+0.01326,-0.0559,+0.0000,+2.237,0,0,-7.227,-7.329,-0.25682,-0.103,-6.421,+0.205,-7.227,+0.179,-13.263,2,-6.040,-6.415,-0.07645,-0.376,-1.911,+0.752,-6.040,+0.179,-7.020,2,+5.863,+6.353,+0.08830,+0.489,+2.208,-0.979,+5.863,+0.179,+7.271,0,+7.351,+8.362,+0.22724,+1.011,+5.681,-2.022,+7.351,+0.179,+11.189,0,+1.033,-0.062,-2.074,+0.251
DRV,72990,+3.3000,+3.1410,-3.6296,+0.0614,-1.4978,+0.0229,-4.258,+0.074,+0.01372,+0.1745,+0.0000,-6.978,0,0,-7.308,-7.338,-0.24670,-0.030,-6.168,+0.060,-7.308,-0.558,-13.974,2,-6.112,-6.505,-0.07159,-0.394,-1.790,+0.787,-6.112,-0.558,-7.673,2,+5.928,+6.013,+0.11532,+0.086,+2.883,-0.171,+5.928,-0.558,+8.081,0,+7.438,+7.600,+0.26636,+0.162,+6.659,-0.324,+7.438,-0.558,+13.215,2,+0.262,-0.492,-0.759,+0.409
DRV,72994,+3.3000,+3.1410,-3.6296,+0.0644,-1.5148,+0.0243,-4.258,+0.078,+0.01442,+0.1741,+0.0000,-6.964,0,0,-7.388,-7.133,-0.24664,+0.255,-6.166,-0.510,-7.388,-0.557,-14.621,2,-6.186,-6.405,-0.07012,-0.220,-1.753,+0.439,-6.186,-0.557,-8.057,2,+5.991,+6.162,+0.11286,+0.171,+2.821,-0.343,+5.991,-0.557,+7.912,2,+7.526,+8.080,+0.24939,+0.554,+6.235,-1.109,+7.526,-0.557,+12.094,2,+0.947,-0.243,-2.527,-0.145
DRV,72998,+3.3000,+3.1410,-3.6296,+0.0670,-1.5318,+0.0255,-4.257,+0.081,+0.01503,+0.1456,+0.0000,-5.823,0,0,-7.468,-7.731,-0.23901,-0.263,-5.975,+0.526,-7.468,-0.466,-13.383,2,-6.259,-6.548,-0.06782,-0.289,-1.696,+0.578,-6.259,-0.466,-7.842,2,+6.054,+5.826,+0.11812,-0.228,+2.953,+0.456,+6.054,-0.466,+8.998,2,+7.613,+7.307,+0.23960,-0.306,+5.990,+0.612,+7.613,-0.466,+13.749,2,-0.424,-0.722,+0.366,+1.155
DRV,73002,+3.3000,+3.1410,-3.6295,+0.0695,-1.5488,+0.0267,-4.257,+0.084,+0.01561,+0.1453,+0.0000,-5.811,0,0,-7.548,-7.666,-0.22648,-0.118,-5.662,+0.236,-7.548,-0.465,-13.439,2,-6.332,-6.382,-0.06851,-0.050,-1.713,+0.100,-6.332,-0.465,-8.410,2,+6.118,+6.150,+0.12574,+0.032,+3.143,-0.064,+6.118,-0.465,+8.732,2,+7.700,+7.096,+0.24811,-0.604,+6.203,+1.208,+7.700,-0.465,+14.646,2,-0.570,-0.233,+1.206,+0.322
DRV,73006,+3.3000,+3.1410,-3.6295,+0.0715,-1.5658,+0.0278,-4.256,+0.087,+0.01607,+0.1035,+0.0000,-4.140,0,0,-7.629,-7.473,-0.22136,+0.156,-5.534,-0.312,-7.629,-0.331,-13.806,2,-6.405,-6.588,-0.07065,-0.183,-1.766,+0.367,-6.405,-0.331,-8.136,2,+6.182,+6.368,+0.12653,+0.186,+3.163,-0.373,+6.182,-0.331,+8.641,2,+7.787,+7.475,+0.25267,-0.312,+6.317,+0.624,+7.787,-0.331,+14.396,2,+0.002,-0.220,+0.590,+0.505
DRV,73010,+3.3000,+3.1410,-3.6295,+0.0732,-1.5828,+0.0288,-4.256,+0.089,+0.01648,+0.1033,+0.0000,-4.132,0,0,-7.710,-7.596,-0.21980,+0.113,-5.495,-0.227,-7.710,-0.331,-13.762,2,-6.478,-6.681,-0.07077,-0.203,-1.769,+0.407,-6.478,-0.331,-8.170,0,+6.246,+6.561,+0.12741,+0.315,+3.185,-0.629,+6.246,-0.331,+8.471,2,+7.873,+7.718,+0.25174,-0.156,+6.293,+0.312,+7.873,-0.331,+14.148,2,+0.121,-0.120,+0.386,+0.301
DRV,73014,+3.3000,+3.1410,-3.6294,+0.0751,-1.5998,+0.0298,-4.256,+0.091,+0.01692,+0.1121,+0.0000,-4.486,0,0,-7.791,-7.683,-0.21720,+0.108,-5.430,-0.215,-7.791,-0.359,-13.795,0,-6.550,-6.788,-0.07118,-0.238,-1.780,+0.476,-6.550,-0.359,-8.212,0,+6.310,+6.780,+0.12223,+0.469,+3.056,-0.939,+6.310,-0.359,+8.068,2,+7.960,+7.789,+0.24877,-0.171,+6.219,+0.343,+7.960,-0.359,+14.163,2,+0.106,-0.009,+0.369,-0.144
DRV,73018,+3.3000,+3.1410,-3.6294,+0.0771,-1.6168,+0.0309,-4.255,+0.094,+0.01737,+0.1119,+0.0000,-4.477,0,0,-7.871,-8.058,-0.20858,-0.186,-5.214,+0.373,-7.871,-0.358,-13.071,0,-6.623,-6.618,-0.11139,+0.005,-2.785,-0.010,-6.623,-0.358,-9.775,2,+6.374,+6.766,+0.11751,+0.392,+2.938,-0.784,+6.374,-0.358,+8.169,2,+8.047,+8.041,+0.24644,-0.006,+6.161,+0.012,+8.047,-0.358,+13.862,0,-0.017,+0.148,+0.791,-1.606
DRV,73022,+3.3000,+3.1410,-3.6294,+0.0790,-1.6339,+0.0320,-4.255,+0.096,+0.01782,+0.1122,-0.1005,-8.510,0,0,-7.997,-8.641,-0.24925,-0.644,-6.231,+1.288,-7.997,-0.681,-13.622,2,-6.741,-7.105,-0.10213,-0.364,-2.553,+0.728,-6.741,-0.681,-9.248,2,+6.392,+6.815,+0.11314,+0.423,+2.829,-0.845,+6.392,-0.681,+7.695,0,+8.088,+8.842,+0.22473,+0.753,+5.618,-1.507,+8.088,-0.681,+11.519,0,+0.200,-0.290,-2.103,-1.553
DRV,73026,+3.3000,+3.1410,-3.6294,+0.0809,-1.6509,+0.0332,-4.254,+0.099,+0.01827,+0.1120,-0.2859,-15.917,0,0,-8.162,-8.821,-0.24079,-0.659,-6.020,+1.319,-8.162,-1.273,-14.137,2,-6.899,-7.880,-0.07615,-0.981,-1.904,+1.962,-6.899,-1.273,-8.113,2,+6.372,+6.671,+0.10861,+0.300,+2.715,-0.599,+6.372,-1.273,+7.215,0,+8.091,+8.744,+0.26094,+0.653,+6.524,-1.306,+8.091,-1.273,+12.035,2,-0.078,-1.208,-2.102,-0.899
DRV,73030,+3.3000,+3.1410,-3.6293,+0.0829,-1.6679,+0.0343,-4.254,+0.101,+0.01872,+0.1155,-0.3575,-18.922,0,0,-8.275,-9.161,-0.22948,-0.886,-5.737,+1.772,-8.275,-1.514,-13.754,2,-7.004,-8.001,-0.04329,-0.997,-1.082,+1.993,-7.004,-1.514,-7.607,2,+6.403,+6.095,+0.15121,-0.308,+3.780,+0.616,+6.403,-1.514,+9.286,2,+8.145,+7.922,+0.26665,-0.223,+6.666,+0.446,+8.145,-1.514,+13.744,2,-1.239,-1.906,-0.011,+1.679
DRV,73034,+3.3000,+3.1410,-3.6293,+0.0848,-1.6849,+0.0355,-4.254,+0.104,+0.01919,+0.1153,-0.4174,-21.306,0,0,-8.383,-9.302,-0.21284,-0.919,-5.321,+1.839,-8.383,-1.705,-13.569,2,-7.104,-7.885,-0.01567,-0.781,-0.392,+1.561,-7.104,-1.705,-7.639,2,+6.439,+6.556,+0.14829,+0.116,+3.707,-0.232,+6.439,-1.705,+8.210,2,+8.205,+8.540,+0.27191,+0.335,+6.798,-0.670,+8.205,-1.705,+12.628,2,-0.762,-1.329,-0.941,+0.570
DRV,73038,+3.3000,+3.1410,-3.6293,+0.0868,-1.7019,+0.0367,-4.253,+0.106,+0.01965,+0.1150,-0.4696,-23.384,0,0,-8.487,-8.690,-0.20650,-0.203,-5.163,+0.406,-8.487,-1.871,-15.114,2,-7.201,-7.617,+0.00491,-0.415,+0.123,+0.830,-7.201,-1.871,-8.119,2,+6.479,+6.535,+0.13906,+0.055,+3.477,-0.111,+6.479,-1.871,+7.974,2,+8.268,+8.734,+0.26838,+0.466,+6.710,-0.932,+8.268,-1.871,+12.175,2,+0.044,-1.082,-2.938,-0.145
DRV,73042,+3.3000,+3.1410,-3.6292,+0.0888,-1.7188,+0.0379,-4.253,+0.109,+0.02011,+0.1148,-0.5164,-25.249,0,0,-8.588,-8.865,-0.21040,-0.277,-5.260,+0.553,-8.588,-2.020,-15.315,2,-7.296,-7.365,+0.01503,-0.069,+0.376,+0.139,-7.296,-2.020,-8.801,2,+6.521,+6.045,+0.14162,-0.476,+3.541,+0.952,+6.521,-2.020,+8.994,2,+8.334,+8.472,+0.26727,+0.138,+6.682,-0.277,+8.334,-2.020,+12.719,2,-0.392,-1.320,-2.595,+0.193
DRV,73046,+3.3000,+3.1410,-3.6292,+0.0904,-1.7358,+0.0390,-4.252,+0.111,+0.02048,+0.0853,-0.5513,-25.466,0,0,-8.685,-9.208,-0.20449,-0.523,-5.112,+1.046,-8.685,-2.037,-14.788,2,-7.384,-7.195,+0.01867,+0.189,+0.467,-0.379,-7.384,-2.037,-9.333,2,+6.569,+6.124,+0.14956,-0.445,+3.739,+0.890,+6.569,-2.037,+9.161,2,+8.405,+8.252,+0.27672,-0.153,+6.918,+0.307,+8.405,-2.037,+13.592,2,-0.956,-1.070,-1.196,-0.173
DRV,73050,+3.3000,+3.1410,-3.6292,+0.0918,-1.7528,+0.0401,-4.252,+0.113,+0.02082,+0.0852,-0.5816,-26.669,0,0,-8.779,-8.984,-0.20480,-0.205,-5.120,+0.410,-8.779,-2.134,-15.623,2,-7.471,-7.115,+0.01707,+0.356,+0.427,-0.711,-7.471,-2.134,-9.889,0,+6.620,+6.204,+0.15608,-0.416,+3.902,+0.831,+6.620,-2.134,+9.219,2,+8.478,+8.811,+0.28032,+0.333,+7.008,-0.665,+8.478,-2.134,+12.687,2,-0.174,-0.911,-2.935,-0.669
DRV,73054,+3.3000,+3.1410,-3.6291,+0.0929,-1.7698,+0.0409,-4.252,+0.114,+0.02107,+0.0547,-0.6027,-26.295,0,0,-8.870,-9.265,-0.20511,-0.396,-5.128,+0.791,-8.870,-2.104,-15.310,0,-7.552,-7.689,-0.03110,-0.137,-0.778,+0.275,-7.552,-2.104,-10.158,0,+6.675,+6.405,+0.15972,-0.269,+3.993,+0.539,+6.675,-2.104,+9.103,2,+8.554,+8.856,+0.27969,+0.301,+6.992,-0.603,+8.554,-2.104,+12.840,0,-0.410,-1.284,-2.470,-1.055
DRV,73058,+3.3000,+3.1410,-3.6291,+0.0938,-1.7868,+0.0418,-4.251,+0.115,+0.02129,+0.0546,-0.6207,-27.009,0,0,-8.959,-8.914,-0.25868,+0.045,-6.467,-0.090,-8.959,-2.161,-17.676,0,-7.632,-8.032,-0.03104,-0.400,-0.776,+0.801,-7.632,-2.161,-9.768,2,+6.732,+6.461,+0.16057,-0.270,+4.014,+0.541,+6.732,-2.161,+9.126,0,+8.632,+8.944,+0.28024,+0.312,+7.006,-0.623,+8.632,-2.161,+12.854,0,+0.030,-1.571,-4.822,-0.642
DRV,73062,+3.3000,+3.1410,-3.6291,+0.0929,-1.8038,+0.0418,-4.252,+0.113,+0.02106,-0.0934,-0.6021,-20.348,0,0,-9.034,-9.254,-0.25021,-0.219,-6.255,+0.438,-9.034,-1.628,-16.479,2,-7.692,-8.516,-0.02078,-0.824,-0.519,+1.647,-7.692,-1.628,-8.192,2,+6.808,+6.638,+0.16127,-0.170,+4.032,+0.340,+6.808,-1.628,+9.552,0,+8.725,+8.383,+0.33668,-0.342,+8.417,+0.684,+8.725,-1.628,+16.198,2,-0.871,-1.878,-0.282,+1.360
DRV,73066,+3.3000,+3.1410,-3.6292,+0.0913,-1.8209,+0.0416,-4.252,+0.111,+0.02069,-0.0932,-0.5701,-19.076,0,0,-9.104,-9.922,-0.22394,-0.818,-5.599,+1.635,-9.104,-1.526,-14.594,2,-7.745,-8.568,-0.00494,-0.823,-0.123,+1.646,-7.745,-1.526,-7.748,2,+6.892,+7.416,+0.19896,+0.524,+4.974,-1.047,+6.892,-1.526,+9.293,2,+8.822,+8.844,+0.33623,+0.022,+8.406,-0.044,+8.822,-1.526,+15.658,2,-1.078,-1.153,+1.064,+1.544
DRV,73070,+3.3000,+3.1410,-3.6292,+0.0885,-1.8379,+0.0409,-4.253,+0.106,+0.02003,-0.1861,-0.5094,-12.934,0,0,-9.163,-9.409,-0.20317,-0.246,-5.079,+0.492,-9.163,-1.035,-14.785,2,-7.783,-8.347,+0.00445,-0.564,+0.111,+1.128,-7.783,-1.035,-7.578,2,+6.991,+7.648,+0.18955,+0.657,+4.739,-1.314,+6.991,-1.035,+9.382,2,+8.932,+9.184,+0.32107,+0.252,+8.027,-0.504,+8.932,-1.035,+15.419,2,-0.225,-0.699,+0.635,+1.803
DRV,73074,+3.3000,+3.1410,-3.6293,+0.0853,-1.8549,+0.0399,-4.254,+0.102,+0.01929,-0.1857,-0.4299,-9.767,0,0,-9.213,-9.455,-0.18975,-0.241,-4.744,+0.483,-9.213,-0.781,-14.255,2,-7.811,-8.242,+0.01002,-0.431,+0.250,+0.861,-7.811,-0.781,-7.481,2,+7.100,+7.810,+0.17861,+0.710,+4.465,-1.421,+7.100,-0.781,+9.363,2,+9.049,+8.557,+0.32034,-0.492,+8.008,+0.983,+9.049,-0.781,+17.260,2,-0.897,-0.432,+3.004,+1.882
DRV,73078,+3.3000,+3.1410,-3.6294,+0.0810,-1.8720,+0.0384,-4.255,+0.096,+0.01829,-0.2720,-0.2900,-0.717,0,0,-9.238,-9.520,-0.17524,-0.282,-4.381,+0.564,-9.238,-0.057,-13.113,2,-7.810,-8.190,+0.01306,-0.380,+0.326,+0.760,-7.810,-0.057,-6.782,2,+7.238,+7.810,+0.16935,+0.572,+4.234,-1.144,+7.238,-0.057,+10.271,2,+9.192,+8.843,+0.32490,-0.350,+8.123,+0.699,+9.192,-0.057,+17.957,2,-0.677,-0.381,+4.844,+3.489
DRV,73082,+3.3000,+3.1410,-3.6294,+0.0763,-1.8891,+0.0368,-4.256,+0.090,+0.01720,-0.2715,+0.0000,+10.860,0,0,-9.195,-9.037,-0.16553,+0.158,-4.138,-0.315,-9.195,+0.869,-12.779,2,-7.740,-7.992,+0.01428,-0.251,+0.357,+0.503,-7.740,+0.869,-6.012,2,+7.445,+8.319,+0.15904,+0.874,+3.976,-1.748,+7.445,+0.869,+10.542,2,+9.404,+9.385,+0.32122,-0.018,+8.031,+0.037,+9.404,+0.869,+18.340,2,+0.348,+0.327,+5.560,+4.530
DRV,73086,+3.3000,+3.1410,-3.6295,+0.0736,-1.9061,+0.0359,-4.256,+0.088,+0.01656,-0.1226,+0.0000,+4.903,0,0,-9.281,-8.744,-0.17007,+0.537,-4.252,-1.074,-9.281,+0.392,-14.215,2,-7.805,-7.744,+0.00951,+0.061,+0.238,-0.122,-7.805,+0.392,-7.298,0,+7.517,+8.817,+0.13775,+1.300,+3.444,-2.601,+7.517,+0.392,+8.752,2,+9.485,+10.058,+0.30483,+0.573,+7.621,-1.147,+9.485,+0.392,+16.351,2,+1.315,+1.073,+2.136,+1.454
DRV,73090,+3.3000,+3.1410,-3.6295,+0.0715,-1.9232,+0.0353,-4.257,+0.085,+0.01607,-0.1223,+0.0000,+4.893,0,0,-9.367,-8.637,-0.17944,+0.729,-4.486,-1.458,-9.367,+0.391,-14.919,0,-7.872,-7.472,-0.00306,+0.400,-0.077,-0.799,-7.872,+0.391,-8.356,0,+7.588,+8.432,+0.11746,+0.845,+2.937,-1.689,+7.588,+0.391,+9.227,2,+9.567,+10.019,+0.28283,+0.452,+7.071,-0.904,+9.567,+0.391,+16.125,2,+1.382,+0.960,+1.206,+0.871
DRV,73094,+3.3000,+3.1410,-3.6295,+0.0715,-1.9402,+0.0356,-4.256,+0.087,+0.01608,+0.0412,+0.0000,-1.648,0,0,-9.449,-9.206,-0.24690,+0.243,-6.173,-0.486,-9.449,-0.132,-16.240,2,-7.941,-6.881,-0.06913,+1.061,-1.728,-2.121,-7.941,-0.132,-11.923,2,+7.655,+8.027,+0.11193,+0.372,+2.798,-0.744,+7.655,-0.132,+9.577,2,+9.652,+10.581,+0.25681,+0.929,+6.420,-1.859,+9.652,-0.132,+14.082,0,+1.375,+1.146,-2.158,-2.346
DRV,73098,+3.3000,+3.1410,-3.6295,+0.0722,-1.9572,+0.0363,-4.256,+0.087,+0.01624,+0.0411,+0.0000,-1.644,0,0,-9.531,-9.802,-0.25354,-0.271,-6.338,+0.541,-9.531,-0.132,-15.460,2,-8.013,-7.622,-0.08291,+0.390,-2.073,-0.781,-8.013,-0.132,-10.997,2,+7.721,+7.964,+0.11036,+0.243,+2.759,-0.486,+7.721,-0.132,+9.862,0,+9.738,+10.262,+0.29507,+0.525,+7.377,-1.050,+9.738,-0.132,+15.933,0,+0.461,+0.341,+0.473,-1.136
DRV,73102,+3.3000,+3.1410,-3.6295,+0.0743,-1.9742,+0.0376,-4.256,+0.091,+0.01673,+0.1495,+0.0000,-5.981,0,0,-9.611,-10.086,-0.24839,-0.474,-6.210,+0.949,-9.611,-0.478,-15.351,2,-8.086,-8.321,-0.07283,-0.235,-1.821,+0.469,-8.086,-0.478,-9.916,2,+7.784,+7.936,+0.11307,+0.152,+2.827,-0.304,+7.784,-0.478,+9.828,0,+9.825,+10.717,+0.27875,+0.892,+6.969,-1.784,+9.825,-0.478,+14.531,0,+0.632,-0.385,-0.820,-0.088
DRV,73106,+3.3000,+3.1410,-3.6294,+0.0769,-1.9912,+0.0392,-4.255,+0.095,+0.01733,+0.1492,+0.0000,-5.969,0,0,-9.690,-9.964,-0.24830,-0.274,-6.207,+0.548,-9.690,-0.478,-15.827,2,-8.161,-7.993,-0.06615,+0.168,-1.654,-0.336,-8.161,-0.478,-10.628,2,+7.846,+7.425,+0.16605,-0.421,+4.151,+0.842,+7.846,-0.478,+12.361,2,+9.913,+10.981,+0.25966,+1.068,+6.492,-2.136,+9.913,-0.478,+13.792,2,+1.017,-0.568,-2.036,+1.733
DRV,73110,+3.3000,+3.1410,-3.6294,+0.0791,-2.0082,+0.0406,-4.255,+0.098,+0.01784,+0.1218,-0.1005,-8.893,0,0,-9.816,-10.443,-0.24570,-0.627,-6.143,+1.254,-9.816,-0.711,-15.416,2,-8.280,-8.141,-0.06527,+0.140,-1.632,-0.280,-8.280,-0.711,-10.904,2,+7.863,+8.097,+0.16030,+0.235,+4.007,-0.469,+7.863,-0.711,+10.689,2,+9.955,+10.522,+0.24805,+0.567,+6.201,-1.134,+9.955,-0.711,+14.311,2,+0.080,-0.043,-1.105,-0.214
DRV,73114,+3.3000,+3.1410,-3.6294,+0.0812,-2.0252,+0.0420,-4.254,+0.100,+0.01833,+0.1216,-0.2966,-16.725,0,0,-9.985,-10.702,-0.23606,-0.717,-5.902,+1.435,-9.985,-1.338,-15.790,2,-8.443,-8.742,-0.05529,-0.299,-1.382,+0.598,-8.443,-1.338,-10.566,2,+7.836,+8.358,+0.14263,+0.522,+3.566,-1.045,+7.836,-1.338,+9.020,2,+9.954,+10.147,+0.24846,+0.193,+6.211,-0.386,+9.954,-1.338,+14.441,2,-0.556,-0.384,-1.348,-1.546
DRV,73118,+3.3000,+3.1410,-3.6293,+0.0822,-2.0422,+0.0429,-4.254,+0.101,+0.01857,+0.0415,-0.3357,-15.090,0,0,-10.084,-10.458,-0.23196,-0.374,-5.799,+0.748,-10.084,-1.207,-16.342,2,-8.533,-9.235,-0.03453,-0.702,-0.863,+1.403,-8.533,-1.207,-9.200,2,+7.883,+7.833,+0.13141,-0.050,+3.285,+0.100,+7.883,-1.207,+10.062,2,+10.022,+9.920,+0.25482,-0.102,+6.370,+0.204,+10.022,-1.207,+15.390,2,-0.537,-1.402,-0.953,+0.861
DRV,73122,+3.3000,+3.1410,-3.6293,+0.0829,-2.0592,+0.0436,-4.254,+0.102,+0.01874,+0.0415,-0.3597,-16.046,0,0,-10.176,-10.716,-0.22828,-0.540,-5.707,+1.079,-10.176,-1.284,-16.087,0,-8.616,-9.293,-0.00788,-0.677,-0.197,+1.354,-8.616,-1.284,-8.742,0,+7.938,+7.928,+0.12846,-0.010,+3.211,+0.019,+7.938,-1.284,+9.885,2,+10.097,+9.876,+0.26766,-0.221,+6.692,+0.442,+10.097,-1.284,+15.947,2,-0.840,-1.365,-0.141,+1.143
DRV,73126,+3.3000,+3.1410,-3.6293,+0.0845,-2.0762,+0.0448,-4.253,+0.105,+0.01911,+0.1094,-0.4081,-20.703,0,0,-10.279,-10.707,-0.22555,-0.429,-5.639,+0.858,-10.279,-1.656,-16.716,0,-8.711,-9.114,-0.04440,-0.404,-1.110,+0.807,-8.711,-1.656,-10.670,0,+7.979,+8.106,+0.11783,+0.127,+2.946,-0.254,+7.979,-1.656,+9.015,2,+10.162,+10.109,+0.27800,-0.053,+6.950,+0.105,+10.162,-1.656,+15.561,2,-0.598,-1.008,-1.154,-1.655
DRV,73130,+3.3000,+3.1410,-3.6293,+0.0864,-2.0932,+0.0462,-4.253,+0.107,+0.01955,+0.1092,-0.4588,-22.721,0,0,-10.381,-10.566,-0.22926,-0.184,-5.731,+0.369,-10.381,-1.818,-17.562,0,-8.807,-9.771,-0.02853,-0.964,-0.713,+1.928,-8.807,-1.818,-9.410,0,+8.019,+8.065,+0.10896,+0.046,+2.724,-0.092,+8.019,-1.818,+8.833,2,+10.227,+9.994,+0.29070,-0.233,+7.268,+0.465,+10.227,-1.818,+16.141,0,-0.572,-1.706,-1.421,-0.577
DRV,73134,+3.3000,+3.1410,-3.6292,+0.0889,-2.1102,+0.0478,-4.252,+0.111,+0.02013,+0.1574,-0.5186,-27.041,0,0,-10.488,-10.407,-0.29428,+0.080,-7.357,-0.160,-10.488,-2.163,-20.168,2,-8.909,-9.978,-0.00942,-1.069,-0.236,+2.138,-8.909,-2.163,-9.171,2,+8.053,+7.977,+0.10292,-0.076,+2.573,+0.152,+8.053,-2.163,+8.615,0,+10.288,+10.520,+0.29846,+0.232,+7.461,-0.464,+10.288,-2.163,+15.122,0,+0.112,-2.001,-5.046,-0.556
DRV,73138,+3.3000,+3.1410,-3.6292,+0.0916,-2.1272,+0.0496,-4.251,+0.115,+0.02076,+0.1571,-0.5763,-29.337,0,0,-10.592,-11.761,-0.26914,-1.169,-6.729,+2.338,-10.592,-2.347,-17.330,2,-9.011,-9.832,+0.00519,-0.821,+0.130,+1.642,-9.011,-2.347,-9.587,2,+8.088,+7.728,+0.15143,-0.361,+3.786,+0.721,+8.088,-2.347,+10.248,0,+10.350,+10.145,+0.36375,-0.205,+9.094,+0.411,+10.350,-2.347,+17.508,2,-1.616,-2.104,+0.178,+0.661
DRV,73142,+3.3000,+3.1410,-3.6291,+0.0941,-2.1441,+0.0513,-4.251,+0.119,+0.02134,+0.1435,-0.6255,-30.758,0,0,-10.693,-11.969,-0.22548,-1.276,-5.637,+2.552,-10.693,-2.461,-16.239,2,-9.109,-9.693,+0.01388,-0.584,+0.347,+1.168,-9.109,-2.461,-10.054,2,+8.127,+8.193,+0.15755,+0.066,+3.939,-0.132,+8.127,-2.461,+9.473,2,+10.416,+10.920,+0.35283,+0.504,+8.821,-1.008,+10.416,-2.461,+15.768,2,-1.049,-1.500,-0.471,-0.581
DRV,73146,+3.3000,+3.1410,-3.6291,+0.0966,-2.1611,+0.0530,-4.250,+0.122,+0.02192,+0.1432,-0.6700,-32.526,0,0,-10.792,-11.270,-0.19696,-0.477,-4.924,+0.955,-10.792,-2.602,-17.363,2,-9.204,-9.725,+0.01939,-0.521,+0.485,+1.042,-9.204,-2.602,-10.279,2,+8.168,+8.111,+0.16354,-0.057,+4.088,+0.115,+8.168,-2.602,+9.769,2,+10.484,+11.474,+0.32214,+0.989,+8.053,-1.979,+10.484,-2.602,+13.957,2,+0.204,-1.614,-3.406,-0.510
DRV,73150,+3.3000,+3.1410,-3.6290,+0.0983,-2.1781,+0.0544,-4.250,+0.124,+0.02231,+0.0844,-0.6991,-31.339,0,0,-10.885,-11.648,-0.17198,-0.763,-4.300,+1.525,-10.885,-2.507,-16.167,2,-9.291,-9.104,+0.02265,+0.187,+0.566,-0.374,-9.291,-2.507,-11.606,2,+8.218,+8.220,+0.17109,+0.002,+4.277,-0.004,+8.218,-2.507,+9.984,2,+10.559,+11.105,+0.29173,+0.547,+7.293,-1.093,+10.559,-2.507,+14.252,2,-0.543,-0.884,-1.915,-1.621
DRV,73154,+3.3000,+3.1410,-3.6290,+0.0997,-2.1951,+0.0556,-4.249,+0.126,+0.02265,+0.0842,-0.7229,-32.285,0,0,-10.976,-11.002,-0.15197,-0.026,-3.799,+0.051,-10.976,-2.583,-17.307,2,-9.375,-9.594,+0.02112,-0.219,+0.528,+0.438,-9.375,-2.583,-10.992,2,+8.270,+8.283,+0.17728,+0.013,+4.432,-0.026,+8.270,-2.583,+10.094,2,+10.635,+10.678,+0.27896,+0.043,+6.974,-0.086,+10.635,-2.583,+14.940,2,-0.324,-1.311,-2.367,-0.898
DRV,73158,+3.3000,+3.1410,-3.6290,+0.1002,-2.2121,+0.0564,-4.249,+0.126,+0.02277,+0.0107,-0.7309,-29.664,0,0,-11.061,-10.609,-0.15333,+0.452,-3.833,-0.905,-11.061,-2.373,-18.172,2,-9.450,-9.507,+0.01685,-0.057,+0.421,+0.115,-9.450,-2.373,-11.287,2,+8.332,+8.486,+0.18110,+0.154,+4.528,-0.308,+8.332,-2.373,+10.178,2,+10.717,+10.638,+0.26974,-0.079,+6.743,+0.158,+10.717,-2.373,+15.246,2,+0.029,-1.021,-2.927,-1.109
DRV,73162,+3.3000,+3.1410,-3.6290,+0.1004,-2.2291,+0.0570,-4.249,+0.126,+0.02281,+0.0107,-0.7339,-29.780,0,0,-11.144,-11.065,-0.14949,+0.079,-3.737,-0.159,-11.144,-2.382,-17.423,2,-9.522,-9.665,+0.01116,-0.143,+0.279,+0.286,-9.522,-2.382,-11.339,0,+8.396,+8.667,+0.18156,+0.270,+4.539,-0.540,+8.396,-2.382,+10.013,2,+10.801,+10.504,+0.26531,-0.297,+6.633,+0.593,+10.801,-2.382,+15.645,2,-0.561,-0.998,-1.778,-1.326
DRV,73166,+3.3000,+3.1410,-3.6290,+0.0988,-2.2461,+0.0566,-4.250,+0.122,+0.02243,-0.1298,-0.7074,-23.107,0,0,-11.217,-11.160,-0.14296,+0.057,-3.574,-0.115,-11.217,-1.849,-16.754,0,-9.577,-9.356,-0.05089,+0.220,-1.272,-0.441,-9.577,-1.849,-13.139,0,+8.478,+8.777,+0.18163,+0.299,+4.541,-0.598,+8.478,-1.849,+10.573,2,+10.896,+10.205,+0.27171,-0.690,+6.793,+1.381,+10.896,-1.849,+17.221,0,-0.955,-0.579,+0.467,-2.566
DRV,73170,+3.3000,+3.1410,-3.6291,+0.0965,-2.2631,+0.0559,-4.251,+0.119,+0.02191,-0.1295,-0.6696,-21.604,0,0,-11.286,-11.832,-0.20768,-0.546,-5.192,+1.093,-11.286,-1.728,-17.113,0,-9.625,-9.923,-0.04246,-0.298,-1.062,+0.595,-9.625,-1.728,-11.820,2,+8.567,+8.985,+0.17970,+0.418,+4.493,-0.837,+8.567,-1.728,+10.494,0,+10.995,+10.551,+0.27590,-0.444,+6.898,+0.888,+10.995,-1.728,+17.052,0,-1.281,-0.938,-0.061,-1.326
DRV,73174,+3.3000,+3.1410,-3.6292,+0.0923,-2.2802,+0.0542,-4.252,+0.111,+0.02093,-0.2830,-0.5916,-12.346,0,0,-11.339,-11.846,-0.20550,-0.507,-5.138,+1.013,-11.339,-0.988,-16.451,2,-9.651,-10.949,-0.00879,-1.298,-0.220,+2.596,-9.651,-0.988,-8.263,2,+8.678,+9.003,+0.17769,+0.325,+4.442,-0.650,+8.678,-0.988,+11.483,0,+11.109,+11.085,+0.34880,-0.024,+8.720,+0.048,+11.109,-0.988,+18.890,2,-0.761,-1.946,+2.439,+3.219
DRV,73178,+3.3000,+3.1410,-3.6292,+0.0876,-2.2972,+0.0521,-4.253,+0.104,+0.01982,-0.2755,-0.4876,-8.486,0,0,-11.382,-12.115,-0.19755,-0.733,-4.939,+1.466,-11.382,-0.679,-15.534,2,-9.664,-10.795,+0.03103,-1.130,+0.776,+2.261,-9.664,-0.679,-7.306,2,+8.802,+8.553,+0.23360,-0.249,+5.840,+0.498,+8.802,-0.679,+14.462,2,+11.235,+10.948,+0.36229,-0.287,+9.057,+0.574,+11.235,-0.679,+20.186,2,-1.167,-2.242,+4.652,+7.156
DRV,73182,+3.3000,+3.1410,-3.6293,+0.0830,-2.3143,+0.0500,-4.255,+0.098,+0.01875,-0.2680,-0.3605,-3.699,0,0,-11.414,-11.871,-0.19432,-0.457,-4.858,+0.914,-11.414,-0.296,-15.654,2,-9.667,-10.261,+0.06036,-0.594,+1.509,+1.189,-9.667,-0.296,-7.265,2,+8.937,+9.583,+0.22033,+0.646,+5.508,-1.292,+8.937,-0.296,+12.857,2,+11.370,+11.975,+0.36722,+0.605,+9.180,-1.210,+11.370,-0.296,+19.045,2,+0.104,-0.678,+3.391,+5.593
DRV,73186,+3.3000,+3.1410,-3.6294,+0.0790,-2.3314,+0.0482,-4.255,+0.093,+0.01782,-0.1932,-0.1931,+0.008,0,0,-11.427,-11.894,-0.19227,-0.467,-4.807,+0.934,-11.427,+0.001,-15.299,2,-9.652,-9.728,+0.07503,-0.076,+1.876,+0.152,-9.652,+0.001,-7.624,2,+9.089,+10.209,+0.18512,+1.120,+4.628,-2.240,+9.089,+0.001,+11.478,2,+11.526,+12.906,+0.34720,+1.380,+8.680,-2.760,+11.526,+0.001,+17.446,2,+1.011,+0.481,+2.147,+3.854
DRV,73190,+3.3000,+3.1410,-3.6294,+0.0770,-2.3484,+0.0475,-4.256,+0.092,+0.01735,-0.1187,+0.0000,+4.748,0,0,-11.425,-11.719,-0.19345,-0.293,-4.836,+0.587,-11.425,+0.380,-15.295,2,-9.630,-9.405,+0.07973,+0.225,+1.993,-0.450,-9.630,+0.380,-7.707,2,+9.248,+9.750,+0.15911,+0.502,+3.978,-1.005,+9.248,+0.380,+12.601,2,+11.695,+13.034,+0.32472,+1.339,+8.118,-2.678,+11.695,+0.380,+17.515,2,+1.316,+0.346,+2.220,+4.894
DRV,73194,+3.3000,+3.1410,-3.6294,+0.0756,-2.3655,+0.0471,-4.256,+0.091,+0.01704,-0.0381,+0.0000,+1.525,0,0,-11.510,-11.582,-0.19804,-0.072,-4.951,+0.143,-11.510,+0.122,-16.196,2,-9.697,-9.089,+0.07576,+0.607,+1.894,-1.215,-9.697,+0.122,-8.895,2,+9.318,+9.582,+0.14398,+0.263,+3.600,-0.527,+9.318,+0.122,+12.513,2,+11.778,+12.981,+0.30420,+1.203,+7.605,-2.406,+11.778,+0.122,+17.099,2,+1.399,+0.492,+0.903,+3.617
DRV,73198,+3.3000,+3.1410,-3.6294,+0.0763,-2.3825,+0.0479,-4.255,+0.093,+0.01720,+0.0422,+0.0000,-1.689,0,0,-11.592,-11.525,-0.20852,+0.067,-5.213,-0.133,-11.592,-0.135,-17.073,2,-9.768,-8.795,+0.06234,+0.973,+1.559,-1.947,-9.768,-0.135,-10.292,0,+9.383,+9.546,+0.13012,+0.163,+3.253,-0.326,+9.383,-0.135,+12.175,2,+11.864,+13.134,+0.28506,+1.271,+7.127,-2.541,+11.864,-0.135,+16.314,2,+1.609,+0.751,-0.759,+1.884
DRV,73202,+3.3000,+3.1410,-3.6294,+0.0779,-2.3995,+0.0491,-4.255,+0.097,+0.01757,+0.1406,-0.0503,-7.634,0,0,-11.695,-11.663,-0.21825,+0.032,-5.456,-0.064,-11.695,-0.611,-17.825,0,-9.864,-9.244,-0.01416,+0.620,-0.354,-1.241,-9.864,-0.611,-12.070,0,+9.424,+9.559,+0.12028,+0.135,+3.007,-0.271,+9.424,-0.611,+11.549,2,+11.928,+12.806,+0.26781,+0.878,+6.695,-1.755,+11.928,-0.611,+16.258,2,+1.143,+0.315,-1.568,-0.521
DRV,73206,+3.3000,+3.1410,-3.6293,+0.0820,-2.4164,+0.0518,-4.253,+0.105,+0.01853,+0.2386,-0.1508,-15.577,0,0,-11.816,-12.033,-0.30009,-0.216,-7.502,+0.432,-11.816,-1.246,-20.132,0,-9.989,-9.650,-0.03280,+0.339,-0.820,-0.678,-9.989,-1.246,-12.734,2,+9.435,+9.188,+0.11574,-0.248,+2.893,+0.495,+9.435,-1.246,+11.578,2,+11.974,+12.516,+0.26166,+0.543,+6.542,-1.085,+11.974,-1.246,+16.184,0,+0.484,-0.463,-3.948,-1.155
DRV,73210,+3.3000,+3.1410,-3.6293,+0.0864,-2.4334,+0.0548,-4.252,+0.112,+0.01956,+0.2781,-0.2513,-21.176,0,0,-11.937,-11.601,-0.30328,+0.336,-7.582,-0.672,-11.937,-1.694,-21.886,2,-10.115,-10.160,-0.04347,-0.045,-1.087,+0.090,-10.115,-1.694,-12.806,2,+9.446,+9.233,+0.11416,-0.213,+2.854,+0.427,+9.446,-1.694,+11.033,0,+12.020,+11.544,+0.33873,-0.476,+8.468,+0.952,+12.020,-1.694,+19.747,0,-0.057,-0.927,-2.139,-1.773
DRV,73214,+3.3000,+3.1410,-3.6292,+0.0919,-2.4503,+0.0584,-4.250,+0.121,+0.02083,+0.3174,-0.5825,-35.994,0,0,-12.161,-12.677,-0.28868,-0.516,-7.217,+1.032,-12.161,-2.880,-21.226,2,-10.348,-10.521,-0.05035,-0.173,-1.259,+0.347,-10.348,-2.880,-14.139,2,+9.349,+9.843,+0.16696,+0.494,+4.174,-0.988,+9.349,-2.880,+9.655,0,+11.963,+11.694,+0.34115,-0.269,+8.529,+0.538,+11.963,-2.880,+18.150,2,-0.983,-0.678,-3.076,-4.484
DRV,73218,+3.3000,+3.1410,-3.6291,+0.0971,-2.4672,+0.0618,-4.249,+0.128,+0.02204,+0.2891,-0.6791,-38.726,0,0,-12.278,-12.835,-0.26443,-0.557,-6.611,+1.113,-12.278,-3.098,-20.874,2,-10.474,-11.629,-0.04015,-1.155,-1.004,+2.310,-10.474,-3.098,-12.265,2,+9.359,+9.718,+0.16394,+0.359,+4.098,-0.718,+9.359,-3.098,+9.641,2,+12.012,+12.270,+0.32633,+0.258,+8.158,-0.516,+12.012,-3.098,+16.557,2,-0.565,-1.911,-4.317,-2.624
DRV,73222,+3.3000,+3.1410,-3.6290,+0.1016,-2.4842,+0.0649,-4.247,+0.134,+0.02308,+0.2609,-0.7524,-40.530,0,0,-12.386,-13.052,-0.23796,-0.665,-5.949,+1.331,-12.386,-3.242,-20.247,2,-10.588,-11.579,-0.00909,-0.991,-0.227,+1.982,-10.588,-3.242,-12.076,2,+9.381,+9.527,+0.16525,+0.146,+4.131,-0.292,+9.381,-3.242,+9.979,2,+12.071,+11.245,+0.32445,-0.826,+8.111,+1.652,+12.071,-3.242,+18.592,2,-1.807,-2.051,-1.654,-2.097
DRV,73226,+3.3000,+3.1410,-3.6289,+0.1051,-2.5011,+0.0676,-4.246,+0.138,+0.02392,+0.1568,-0.8062,-38.523,0,0,-12.486,-13.049,-0.21063,-0.562,-5.266,+1.124,-12.486,-3.082,-19.710,2,-10.691,-12.253,+0.02262,-1.562,+0.565,+3.124,-10.691,-3.082,-10.083,2,+9.414,+9.446,+0.16997,+0.031,+4.249,-0.063,+9.414,-3.082,+10.519,2,+12.137,+10.961,+0.34487,-1.176,+8.622,+2.352,+12.137,-3.082,+20.030,2,-2.088,-2.807,+0.320,+0.436
DRV,73230,+3.3000,+3.1410,-3.6289,+0.1061,-2.5181,+0.0687,-4.246,+0.138,+0.02413,+0.0531,-0.8194,-34.901,0,0,-12.573,-13.233,-0.18400,-0.660,-4.600,+1.321,-12.573,-2.792,-18.644,2,-10.769,-12.076,+0.04736,-1.307,+1.184,+2.613,-10.769,-2.792,-9.764,2,+9.472,+9.772,+0.17421,+0.300,+4.355,-0.599,+9.472,-2.792,+10.436,2,+12.218,+12.024,+0.35154,-0.194,+8.788,+0.387,+12.218,-2.792,+18.601,2,-1.209,-2.304,-0.043,+0.672
DRV,73234,+3.3000,+3.1410,-3.6289,+0.1069,-2.5350,+0.0697,-4.246,+0.139,+0.02433,+0.0480,-0.8317,-35.187,0,0,-12.659,-13.231,-0.15800,-0.572,-3.950,+1.145,-12.659,-2.815,-18.279,2,-10.847,-11.757,+0.06438,-0.909,+1.610,+1.819,-10.847,-2.815,-10.234,0,+9.531,+9.801,+0.17445,+0.271,+4.361,-0.542,+9.531,-2.815,+10.535,2,+12.299,+12.456,+0.33991,+0.158,+8.498,-0.315,+12.299,-2.815,+17.667,2,-0.775,-1.956,-0.613,+0.301
DRV,73238,+3.3000,+3.1410,-3.6289,+0.1077,-2.5520,+0.0707,-4.246,+0.140,+0.02451,+0.0428,-0.8420,-35.393,0,0,-12.744,-13.013,-0.13530,-0.268,-3.382,+0.537,-12.744,-2.831,-18.421,0,-10.924,-10.830,-0.00030,+0.094,-0.008,-0.189,-10.924,-2.831,-13.952,2,+9.590,+9.930,+0.17426,+0.340,+4.357,-0.679,+9.590,-2.831,+10.436,2,+12.381,+12.368,+0.32880,-0.013,+8.220,+0.026,+12.381,-2.831,+17.795,2,-0.645,-0.900,-0.626,-3.516
DRV,73242,+3.3000,+3.1410,-3.6288,+0.1084,-2.5690,+0.0717,-4.245,+0.141,+0.02469,+0.0483,-0.8528,-36.045,0,0,-12.830,-12.755,-0.12433,+0.075,-3.108,-0.149,-12.830,-2.884,-18.971,0,-11.002,-11.310,+0.01016,-0.308,+0.254,+0.616,-11.002,-2.884,-13.015,2,+9.649,+9.880,+0.17710,+0.231,+4.428,-0.462,+9.649,-2.884,+10.732,2,+12.462,+12.757,+0.31475,+0.295,+7.869,-0.589,+12.462,-2.884,+16.858,0,+0.001,-1.430,-2.113,-2.283
DRV,73246,+3.3000,+3.1410,-3.6288,+0.1094,-2.5859,+0.0729,-4.245,+0.143,+0.02490,+0.0538,-0.8654,-36.769,0,0,-12.916,-13.812,-0.19529,-0.896,-4.882,+1.791,-12.916,-2.942,-18.949,2,-11.080,-11.391,+0.03055,-0.311,+0.764,+0.622,-11.080,-2.942,-12.636,2,+9.707,+9.934,+0.17834,+0.227,+4.458,-0.454,+9.707,-2.942,+10.770,0,+12.543,+12.648,+0.29852,+0.105,+7.463,-0.209,+12.543,-2.942,+16.856,0,-1.164,-1.457,-2.093,-1.866
DRV,73250,+3.3000,+3.1410,-3.6288,+0.1099,-2.6029,+0.0738,-4.245,+0.143,+0.02503,+0.0114,-0.8729,-35.374,0,0,-13.000,-13.711,-0.18633,-0.711,-4.658,+1.422,-13.000,-2.830,-19.066,2,-11.155,-10.725,+0.03634,+0.430,+0.909,-0.861,-11.155,-2.830,-13.937,2,+9.768,+9.891,+0.18337,+0.122,+4.584,-0.244,+9.768,-2.830,+11.278,0,+12.626,+13.178,+0.37112,+0.553,+9.278,-1.105,+12.626,-2.830,+17.969,2,-0.533,-0.834,-1.097,-2.659
DRV,73254,+3.3000,+3.1410,-3.6288,+0.1094,-2.6199,+0.0740,-4.245,+0.142,+0.02491,-0.0309,-0.8658,-33.397,0,0,-13.080,-13.349,-0.18753,-0.269,-4.688,+0.538,-13.080,-2.672,-19.902,2,-11.221,-10.269,+0.02395,+0.952,+0.599,-1.904,-11.221,-2.672,-15.199,2,+9.839,+9.310,+0.25226,-0.529,+6.306,+1.058,+9.839,-2.672,+14.532,2,+12.713,+13.020,+0.37294,+0.306,+9.323,-0.612,+12.713,-2.672,+18.753,2,-0.329,-0.959,-1.149,-0.667
DRV,73258,+3.3000,+3.1410,-3.6288,+0.1080,-2.6369,+0.0738,-4.246,+0.138,+0.02460,-0.1263,-0.8474,-28.841,0,0,-13.156,-13.763,-0.18791,-0.607,-4.698,+1.215,-13.156,-2.307,-18.947,2,-11.280,-10.507,+0.01038,+0.773,+0.259,-1.546,-11.280,-2.307,-14.874,2,+9.917,+10.109,+0.24631,+0.192,+6.158,-0.384,+9.917,-2.307,+13.383,2,+12.805,+12.810,+0.37815,+0.005,+9.454,-0.010,+12.805,-2.307,+19.941,2,-0.954,-0.398,+0.994,-1.492
DRV,73262,+3.3000,+3.1410,-3.6289,+0.1042,-2.6540,+0.0719,-4.248,+0.130,+0.02371,-0.2215,-0.7930,-22.861,0,0,-13.221,-14.060,-0.18038,-0.839,-4.510,+1.679,-13.221,-1.829,-17.880,2,-11.317,-11.384,+0.01381,-0.068,+0.345,+0.135,-11.317,-1.829,-12.665,2,+10.017,+10.501,+0.22669,+0.484,+5.667,-0.968,+10.017,-1.829,+12.887,2,+12.908,+12.440,+0.39627,-0.468,+9.907,+0.936,+12.908,-1.829,+21.922,2,-1.620,-0.883,+4.042,+0.222
DRV,73266,+3.3000,+3.1410,-3.6290,+0.0999,-2.6710,+0.0697,-4.250,+0.121,+0.02270,-0.2838,-0.7262,-17.694,0,0,-13.280,-13.805,-0.17440,-0.525,-4.360,+1.049,-13.280,-1.415,-18.007,2,-11.346,-11.627,+0.02908,-0.281,+0.727,+0.562,-11.346,-1.415,-11.473,2,+10.125,+10.553,+0.20739,+0.428,+5.185,-0.856,+10.125,-1.415,+13.039,2,+13.016,+13.311,+0.40862,+0.294,+10.215,-0.589,+13.016,-1.415,+21.227,2,-0.494,-1.074,+3.220,+1.566
DRV,73270,+3.3000,+3.1410,-3.6291,+0.0940,-2.6881,+0.0665,-4.252,+0.110,+0.02131,-0.3460,-0.6230,-11.080,0,0,-13.327,-13.846,-0.17350,-0.519,-4.337,+1.038,-13.327,-0.886,-17.513,2,-11.355,-11.338,+0.04210,+0.017,+1.053,-0.034,-11.355,-0.886,-11.223,0,+10.254,+10.901,+0.18432,+0.648,+4.608,-1.295,+10.254,-0.886,+12.680,2,+13.138,+14.326,+0.39864,+1.187,+9.966,-2.375,+13.138,-0.886,+19.843,2,+0.480,-0.436,+2.330,+1.457
DRV,73274,+3.3000,+3.1410,-3.6292,+0.0886,-2.7052,+0.0635,-4.254,+0.103,+0.02006,-0.2796,-0.5123,-9.307,0,0,-13.369,-13.736,-0.17098,-0.367,-4.274,+0.734,-13.369,-0.745,-17.654,0,-11.361,-11.148,+0.04924,+0.213,+1.231,-0.427,-11.361,-0.745,-11.302,0,+10.385,+11.200,+0.15575,+0.816,+3.894,-1.631,+10.385,-0.745,+11.902,2,+13.264,+14.080,+0.38493,+0.816,+9.623,-1.631,+13.264,-0.745,+20.512,2,+0.344,+0.052,+2.858,+0.600
DRV,73278,+3.3000,+3.1410,-3.6293,+0.0849,-2.7223,+0.0616,-4.254,+0.099,+0.01921,-0.2134,-0.4202,-8.273,0,0,-13.417,-13.215,-0.18306,+0.202,-4.577,-0.404,-13.417,-0.662,-19.059,0,-11.380,-11.662,-0.02000,-0.282,-0.500,+0.563,-11.380,-0.662,-11.979,2,+10.503,+11.105,+0.12903,+0.602,+3.226,-1.203,+10.503,-0.662,+11.863,2,+13.385,+14.506,+0.37388,+1.121,+9.347,-2.243,+13.385,-0.662,+19.827,0,+1.292,-0.557,+0.768,-0.116
DRV,73282,+3.3000,+3.1410,-3.6293,+0.0817,-2.7394,+0.0600,-4.255,+0.095,+0.01846,-0.1600,-0.3187,-6.346,0,0,-13.459,-13.016,-0.27484,+0.443,-6.871,-0.886,-13.459,-0.508,-21.724,2,-11.396,-11.756,-0.02020,-0.360,-0.505,+0.719,-11.396,-0.508,-11.690,2,+10.624,+11.119,+0.10539,+0.495,+2.635,-0.989,+10.624,-0.508,+11.762,0,+13.510,+15.190,+0.34871,+1.680,+8.718,-3.360,+13.510,-0.508,+18.361,0,+2.174,-0.637,-3.363,+0.073
DRV,73286,+3.3000,+3.1410,-3.6294,+0.0799,-2.7564,+0.0592,-4.255,+0.094,+0.01804,-0.1068,-0.2420,-5.409,0,0,-13.511,-13.241,-0.27431,+0.270,-6.858,-0.539,-13.511,-0.433,-21.340,2,-11.427,-11.672,-0.02073,-0.246,-0.518,+0.492,-11.427,-0.433,-11.886,2,+10.731,+11.013,+0.08716,+0.282,+2.179,-0.563,+10.731,-0.433,+11.914,0,+13.627,+14.317,+0.41471,+0.690,+10.368,-1.379,+13.627,-0.433,+22.182,2,+1.076,-0.660,+0.842,+0.027
DRV,73290,+3.3000,+3.1410,-3.6294,+0.0782,-2.7735,+0.0585,-4.256,+0.091,+0.01764,-0.0920,-0.1365,-1.782,0,0,-13.549,-13.749,-0.25871,-0.200,-6.468,+0.400,-13.549,-0.143,-19.759,2,-11.444,-11.338,-0.02870,+0.106,-0.717,-0.212,-11.444,-0.143,-12.517,2,+10.850,+11.459,+0.14586,+0.609,+3.646,-1.217,+10.850,-0.143,+13.137,2,+13.757,+14.738,+0.38225,+0.981,+9.556,-1.963,+13.757,-0.143,+21.208,2,+0.989,+0.121,+1.449,+0.620
DRV,73294,+3.3000,+3.1410,-3.6294,+0.0769,-2.7905,+0.0580,-4.256,+0.089,+0.01733,-0.0771,+0.0000,+3.086,0,0,-13.572,-13.887,-0.23833,-0.316,-5.958,+0.631,-13.572,+0.247,-18.652,2,-11.449,-11.155,-0.04405,+0.294,-1.101,-0.587,-11.449,+0.247,-12.890,2,+10.983,+11.065,+0.14692,+0.082,+3.673,-0.163,+10.983,+0.247,+14.739,2,+13.901,+14.706,+0.34844,+0.804,+8.711,-1.609,+13.901,+0.247,+21.250,2,+0.818,-0.091,+2.598,+1.849
DRV,73298,+3.3000,+3.1410,-3.6294,+0.0753,-2.8076,+0.0573,-4.256,+0.086,+0.01697,-0.1033,+0.0000,+4.133,0,0,-13.658,-13.621,-0.22400,+0.037,-5.600,-0.073,-13.658,+0.331,-19.000,2,-11.515,-11.152,-0.06266,+0.363,-1.567,-0.726,-11.515,+0.331,-13.476,2,+11.054,+11.171,+0.15392,+0.117,+3.848,-0.234,+11.054,+0.331,+14.999,2,+13.983,+14.443,+0.32392,+0.460,+8.098,-0.920,+13.983,+0.331,+21.492,2,+0.823,+0.019,+2.491,+1.523
DRV,73302,+3.3000,+3.1410,-3.6295,+0.0731,-2.8246,+0.0562,-4.257,+0.082,+0.01645,-0.1294,+0.0000,+5.178,0,0,-13.745,-14.084,-0.20764,-0.340,-5.191,+0.679,-13.745,+0.414,-17.842,2,-11.579,-11.637,-0.07369,-0.059,-1.842,+0.117,-11.579,+0.414,-12.890,2,+11.127,+11.412,+0.15968,+0.285,+3.992,-0.570,+11.127,+0.414,+14.963,2,+14.064,+14.110,+0.30641,+0.046,+7.660,-0.091,+14.064,+0.414,+22.047,2,+0.025,-0.225,+4.205,+2.074
DRV,73306,+3.3000,+3.1410,-3.6295,+0.0714,-2.8417,+0.0553,-4.257,+0.080,+0.01604,-0.0757,+0.0000,+3.028,0,0,-13.831,-13.736,-0.19230,+0.095,-4.808,-0.190,-13.831,+0.242,-18.586,2,-11.644,-11.817,-0.08059,-0.173,-2.015,+0.345,-11.644,+0.242,-13.071,2,+11.199,+11.959,+0.15537,+0.760,+3.884,-1.519,+11.199,+0.242,+13.806,2,+14.146,+14.207,+0.29824,+0.062,+7.456,-0.124,+14.146,+0.242,+21.720,2,+0.471,+0.142,+3.134,+0.735
DRV,73310,+3.3000,+3.1410,-3.6295,+0.0710,-2.8587,+0.0554,-4.257,+0.081,+0.01595,-0.0221,+0.0000,+0.885,0,0,-13.915,-13.083,-0.19711,+0.831,-4.928,-1.662,-13.915,+0.071,-20.434,2,-11.713,-11.998,-0.08537,-0.286,-2.134,+0.571,-11.713,+0.071,-13.205,0,+11.267,+12.331,+0.13937,+1.064,+3.484,-2.129,+11.267,+0.071,+12.694,2,+14.230,+15.052,+0.26915,+0.822,+6.729,-1.644,+14.230,+0.071,+19.385,2,+1.968,+0.333,-1.049,-0.511
DRV,73314,+3.3000,+3.1410,-3.6295,+0.0715,-2.8757,+0.0561,-4.257,+0.085,+0.01607,+0.0814,+0.0000,-3.256,0,0,-13.997,-12.934,-0.21166,+1.063,-5.292,-2.126,-13.997,-0.260,-21.674,0,-11.784,-11.728,-0.15863,+0.055,-3.966,-0.111,-11.784,-0.260,-16.121,0,+11.333,+12.375,+0.12352,+1.042,+3.088,-2.085,+11.333,-0.260,+12.075,2,+14.315,+14.470,+0.24527,+0.154,+6.132,-0.309,+14.315,-0.260,+19.878,0,+1.536,+0.647,-1.796,-4.045
DRV,73318,+3.3000,+3.1410,-3.6295,+0.0747,-2.8927,+0.0586,-4.255,+0.094,+0.01681,+0.1846,+0.0000,-7.385,0,0,-14.073,-14.199,-0.30563,-0.126,-7.641,+0.251,-14.073,-0.591,-22.053,0,-11.862,-12.474,-0.14266,-0.612,-3.566,+1.224,-11.862,-0.591,-14.795,2,+11.391,+12.513,+0.10418,+1.122,+2.604,-2.244,+11.391,-0.591,+11.160,0,+14.406,+14.124,+0.23707,-0.282,+5.927,+0.564,+14.406,-0.591,+20.306,0,-0.075,+0.039,-1.747,-3.635
DRV,73322,+3.3000,+3.1410,-3.6294,+0.0777,-2.9097,+0.0610,-4.254,+0.100,+0.01752,+0.1715,-0.0503,-8.870,0,0,-14.172,-15.124,-0.30018,-0.952,-7.504,+1.904,-14.172,-0.710,-20.483,2,-11.963,-13.834,-0.09394,-1.872,-2.349,+3.743,-11.963,-0.710,-11.278,2,+11.427,+12.137,+0.09186,+0.710,+2.296,-1.421,+11.427,-0.710,+11.593,0,+14.474,+14.703,+0.32683,+0.230,+8.171,-0.459,+14.474,-0.710,+21.476,2,-0.421,-1.698,+0.993,+0.315
DRV,73326,+3.3000,+3.1410,-3.6294,+0.0804,-2.9266,+0.0633,-4.253,+0.104,+0.01816,+0.1584,-0.1508,-12.368,0,0,-14.295,-15.787,-0.27912,-1.491,-6.978,+2.983,-14.295,-0.989,-19.280,2,-12.086,-13.824,-0.03681,-1.738,-0.920,+3.476,-12.086,-0.989,-10.520,2,+11.440,+11.153,+0.16261,-0.287,+4.065,+0.574,+11.440,-0.989,+15.090,2,+14.518,+14.699,+0.33362,+0.181,+8.340,-0.363,+14.518,-0.989,+21.506,2,-1.087,-2.671,+2.226,+4.570
DRV,73330,+3.3000,+3.1410,-3.6293,+0.0832,-2.9436,+0.0657,-4.252,+0.110,+0.01881,+0.1700,-0.3696,-21.587,0,0,-14.472,-15.886,-0.25358,-1.414,-6.339,+2.828,-14.472,-1.727,-19.710,2,-12.263,-13.319,+0.00627,-1.056,+0.157,+2.113,-12.263,-1.727,-11.721,2,+11.399,+11.289,+0.16025,-0.111,+4.006,+0.221,+11.399,-1.727,+13.900,2,+14.509,+14.826,+0.33634,+0.317,+8.408,-0.634,+14.509,-1.727,+20.556,2,-1.060,-2.031,+0.846,+2.179
DRV,73334,+3.3000,+3.1410,-3.6293,+0.0864,-2.9606,+0.0683,-4.251,+0.116,+0.01954,+0.1817,-0.4579,-25.584,0,0,-14.588,-16.268,-0.22564,-1.680,-5.641,+3.360,-14.588,-2.047,-18.916,2,-12.382,-13.022,+0.03636,-0.640,+0.909,+1.280,-12.382,-2.047,-12.240,2,+11.417,+11.644,+0.14639,+0.227,+3.660,-0.454,+11.417,-2.047,+12.576,2,+14.559,+14.518,+0.34527,-0.042,+8.632,+0.083,+14.559,-2.047,+21.228,2,-1.750,-1.378,+2.312,+0.336
DRV,73338,+3.3000,+3.1410,-3.6292,+0.0902,-2.9775,+0.0714,-4.249,+0.127,+0.02042,+0.2611,-0.5465,-32.306,0,0,-14.703,-16.327,-0.19557,-1.624,-4.889,+3.248,-14.703,-2.585,-18.928,2,-12.503,-12.926,+0.06081,-0.423,+1.520,+0.846,-12.503,-2.585,-12.722,2,+11.432,+11.075,+0.13875,-0.357,+3.469,+0.713,+11.432,-2.585,+13.029,2,+14.611,+14.740,+0.35745,+0.129,+8.936,-0.257,+14.611,-2.585,+20.706,2,-1.587,-1.850,+1.778,+0.308
DRV,73342,+3.3000,+3.1410,-3.6291,+0.0960,-2.9944,+0.0760,-4.246,+0.141,+0.02179,+0.3403,-0.6600,-40.014,0,0,-14.824,-15.171,-0.18735,-0.346,-4.684,+0.693,-14.824,-3.201,-22.017,2,-12.641,-12.543,+0.07454,+0.098,+1.863,-0.196,-12.641,-3.201,-14.175,2,+11.430,+10.790,+0.14299,-0.640,+3.575,+1.280,+11.430,-3.201,+13.083,2,+14.656,+15.445,+0.35504,+0.789,+8.876,-1.579,+14.656,-3.201,+18.752,2,+0.275,-1.753,-3.264,-1.092
DRV,73346,+0.0000,+0.0000,+0.0000,+0.0000,-2.9505,+0.0801,+10.946,-0.191,+0.02340,+0.4684,-0.7734,-49.673,0,0,-14.648,-15.490,-0.18343,-0.842,-4.586,+1.684,-14.648,-3.974,-21.524,2,-12.532,-11.786,+0.07226,+0.747,+1.807,-1.493,-12.532,-3.974,-16.193,0,+11.185,+10.931,+0.14613,-0.254,+3.653,+0.508,+11.185,-3.974,+11.372,2,+14.400,+15.424,+0.34275,+1.024,+8.569,-2.048,+14.400,-3.974,+16.947,2,-0.066,-0.854,-4.577,-4.821
DRV,73350,+0.0000,+0.0000,+0.0000,+0.0000,-2.9065,+0.0863,+10.943,-0.207,+0.02579,+0.5961,-0.9154,-60.462,0,0,-14.479,-14.860,-0.18024,-0.382,-4.506,+0.763,-14.479,-4.837,-23.059,0,-12.445,-12.410,-0.01213,+0.035,-0.303,-0.070,-12.445,-4.837,-17.655,2,+10.919,+10.670,+0.14264,-0.249,+3.566,+0.499,+10.919,-4.837,+10.147,2,+14.136,+15.012,+0.32921,+0.876,+8.230,-1.752,+14.136,-4.837,+15.778,2,+0.152,-1.740,-7.281,-7.508
DRV,73354,+0.0000,+0.0000,+0.0000,+0.0000,-2.8625,+0.0920,+10.939,-0.226,+0.02809,+0.5548,-1.0341,-63.553,0,0,-14.300,-14.333,-0.26887,-0.033,-6.722,+0.067,-14.300,-5.084,-26.039,0,-12.345,-12.933,-0.01473,-0.587,-0.368,+1.175,-12.345,-5.084,-16.623,2,+10.665,+10.200,+0.14226,-0.465,+3.557,+0.930,+10.665,-5.084,+10.068,2,+13.882,+14.208,+0.32726,+0.325,+8.181,-0.651,+13.882,-5.084,+16.329,0,-0.125,-2.733,-9.710,-6.555
DRV,73358,+0.0000,+0.0000,+0.0000,+0.0000,-2.8186,+0.0969,+10.936,-0.243,+0.03014,+0.5135,-1.1295,-65.723,0,0,-14.113,-16.192,-0.22246,-2.080,-5.561,+4.159,-14.113,-5.258,-20.773,2,-12.232,-13.966,+0.00694,-1.734,+0.174,+3.467,-12.232,-5.258,-13.849,2,+10.425,+9.948,+0.14692,-0.478,+3.673,+0.955,+10.425,-5.258,+9.796,0,+13.637,+13.752,+0.42225,+0.115,+10.556,-0.231,+13.637,-5.258,+18.704,0,-2.440,-4.018,-2.069,-4.053
DRV,73362,+0.0000,+0.0000,+0.0000,+0.0000,-2.7747,+0.1007,+10.932,-0.259,+0.03186,+0.3428,-1.2033,-61.842,0,0,-13.920,-15.914,-0.15399,-1.995,-3.850,+3.990,-13.920,-4.947,-18.727,2,-12.104,-14.418,+0.04892,-2.313,+1.223,+4.627,-12.104,-4.947,-11.202,2,+10.200,+10.510,+0.21019,+0.310,+5.255,-0.620,+10.200,-4.947,+9.887,0,+13.398,+12.845,+0.42680,-0.553,+10.670,+1.106,+13.398,-4.947,+20.227,2,-3.070,-3.907,+1.500,-1.315
DRV,73366,+0.0000,+0.0000,+0.0000,+0.0000,-2.7309,+0.1016,+10.930,-0.268,+0.03255,+0.1725,-1.2318,-56.172,0,0,-13.715,-15.360,-0.09537,-1.646,-2.384,+3.292,-13.715,-4.494,-17.301,2,-11.945,-14.181,+0.09517,-2.236,+2.379,+4.472,-11.945,-4.494,-9.587,2,+10.008,+10.300,+0.21096,+0.292,+5.274,-0.585,+10.008,-4.494,+10.204,2,+13.172,+13.529,+0.41372,+0.357,+10.343,-0.714,+13.172,-4.494,+18.307,2,-1.832,-3.881,+1.006,+0.617
DRV,73370,+0.0000,+0.0000,+0.0000,+0.0000,-2.6871,+0.1017,+10.928,-0.275,+0.03298,+0.0468,-1.2496,-51.856,0,0,-13.507,-14.656,-0.04882,-1.149,-1.220,+2.298,-13.507,-4.148,-16.578,2,-11.777,-13.680,+0.13556,-1.903,+3.389,+3.806,-11.777,-4.148,-8.730,2,+9.824,+10.217,+0.21007,+0.393,+5.252,-0.786,+9.824,-4.148,+10.141,2,+12.948,+13.548,+0.38465,+0.600,+9.616,-1.200,+12.948,-4.148,+17.216,2,-1.108,-3.464,+0.639,+1.410
DRV,73374,+0.0000,+0.0000,+0.0000,+0.0000,-2.6435,+0.0997,+10.928,-0.276,+0.03267,-0.0784,-1.2369,-46.337,0,0,-13.292,-13.909,-0.01415,-0.617,-0.354,+1.234,-13.292,-3.707,-16.118,2,-11.588,-12.810,+0.16297,-1.222,+4.074,+2.443,-11.588,-3.707,-8.777,2,+9.662,+10.235,+0.20387,+0.573,+5.097,-1.147,+9.662,-3.707,+9.905,2,+12.734,+12.984,+0.36279,+0.251,+9.070,-0.501,+12.734,-3.707,+17.595,2,-0.925,-2.575,+1.477,+1.127
DRV,73378,+0.0000,+0.0000,+0.0000,+0.0000,-2.5998,+0.0978,+10.928,-0.275,+0.03234,-0.0847,-1.2235,-45.555,0,0,-13.076,-13.252,+0.00484,-0.176,+0.121,+0.352,-13.076,-3.644,-16.247,2,-11.399,-12.197,+0.17712,-0.798,+4.428,+1.597,-11.399,-3.644,-9.018,2,+9.500,+10.184,+0.19590,+0.684,+4.898,-1.369,+9.500,-3.644,+9.384,2,+12.519,+13.176,+0.34015,+0.657,+8.504,-1.315,+12.519,-3.644,+16.064,2,-0.076,-2.013,-0.184,+0.366
DRV,73382,+0.0000,+0.0000,+0.0000,+0.0000,-2.5561,+0.0957,+10.929,-0.274,+0.03198,-0.0909,-1.2085,-44.706,0,0,-12.860,-13.156,+0.02312,-0.296,+0.578,+0.593,-12.860,-3.576,-15.266,2,-11.208,-11.819,+0.18569,-0.611,+4.642,+1.222,-11.208,-3.576,-8.920,0,+9.339,+10.106,+0.18466,+0.767,+4.616,-1.533,+9.339,-3.576,+8.846,2,+12.305,+13.116,+0.30791,+0.811,+7.698,-1.622,+12.305,-3.576,+14.804,2,-0.040,-1.713,-0.462,-0.074
DRV,73386,+0.0000,+0.0000,+0.0000,+0.0000,-2.5124,+0.0938,+10.929,-0.273,+0.03167,-0.0665,-1.1954,-45.155,0,0,-12.644,-12.974,+0.04261,-0.330,+1.065,+0.660,-12.644,-3.612,-14.532,0,-11.019,-11.301,+0.18792,-0.282,+4.698,+0.564,-11.019,-3.612,-9.369,0,+9.177,+10.113,+0.16975,+0.935,+4.244,-1.871,+9.177,-3.612,+7.938,2,+12.091,+12.513,+0.28217,+0.422,+7.054,-0.844,+12.091,-3.612,+14.689,2,-0.462,-1.188,+0.157,-1.431
DRV,73390,+0.0000,+0.0000,+0.0000,+0.0000,-2.4687,+0.0923,+10.929,-0.273,+0.03150,-0.0422,-1.1882,-45.843,0,0,-12.430,-12.504,+0.05790,-0.074,+1.447,+0.147,-12.430,-3.667,-14.503,0,-10.834,-9.977,+0.11121,+0.857,+2.780,-1.713,-10.834,-3.667,-13.434,2,+9.011,+9.822,+0.15604,+0.811,+3.901,-1.622,+9.011,-3.667,+7.623,2,+11.875,+12.407,+0.25906,+0.533,+6.477,-1.066,+11.875,-3.667,+13.618,0,-0.097,-0.155,-0.885,-5.811
DRV,73394,+0.0000,+0.0000,+0.0000,+0.0000,-2.4250,+0.0909,+10.929,-0.273,+0.03135,-0.0362,-1.1818,-45.825,0,0,-12.217,-13.365,-0.00466,-1.149,-0.116,+2.297,-12.217,-3.666,-13.702,2,-10.649,-9.576,+0.09091,+1.073,+2.273,-2.146,-10.649,-3.666,-14.189,2,+8.844,+9.818,+0.14045,+0.973,+3.511,-1.947,+8.844,-3.666,+6.743,0,+11.658,+13.045,+0.31143,+1.387,+7.786,-2.774,+11.658,-3.666,+13.004,2,-0.320,+0.241,-0.698,-7.446
DRV,73398,+0.0000,+0.0000,+0.0000,+0.0000,-2.3813,+0.0894,+10.929,-0.274,+0.03120,-0.0362,-1.1757,-45.581,0,0,-12.003,-13.341,+0.01745,-1.339,+0.436,+2.677,-12.003,-3.646,-12.536,2,-10.465,-10.572,+0.09241,-0.107,+2.310,+0.214,-10.465,-3.646,-11.588,2,+8.677,+9.429,+0.18010,+0.752,+4.503,-1.505,+8.677,-3.646,+8.029,0,+11.442,+12.754,+0.28828,+1.312,+7.207,-2.624,+11.442,-3.646,+12.378,2,-0.587,-1.143,-0.158,-3.559
DRV,73402,+0.0000,+0.0000,+0.0000,+0.0000,-2.3377,+0.0871,+10.929,-0.274,+0.03068,-0.1611,-1.1533,-39.688,0,0,-11.784,-13.114,+0.04166,-1.330,+1.041,+2.661,-11.784,-3.175,-11.257,2,-10.270,-10.685,+0.11185,-0.415,+2.796,+0.831,-10.270,-3.175,-9.818,2,+8.521,+9.366,+0.15247,+0.845,+3.812,-1.690,+8.521,-3.175,+7.468,2,+11.230,+12.428,+0.26620,+1.197,+6.655,-2.395,+11.230,-3.175,+12.315,2,-0.687,-1.319,+1.058,-2.350
DRV,73406,+0.0000,+0.0000,+0.0000,+0.0000,-2.2940,+0.0845,+10.929,-0.271,+0.03004,-0.1607,-1.1249,-38.565,0,0,-11.564,-12.702,+0.06220,-1.138,+1.555,+2.276,-11.564,-3.085,-10.818,2,-10.071,-10.083,+0.12555,-0.012,+3.139,+0.024,-10.071,-3.085,-9.994,2,+8.369,+9.384,+0.11947,+1.015,+2.987,-2.029,+8.369,-3.085,+6.241,2,+11.021,+12.121,+0.24652,+1.100,+6.163,-2.199,+11.021,-3.085,+11.899,2,-0.581,-0.700,+1.081,-3.753
DRV,73410,+0.0000,+0.0000,+0.0000,+0.0000,-2.2504,+0.0806,+10.931,-0.266,+0.02878,-0.3646,-1.0673,-28.107,0,0,-11.334,-12.320,+0.07999,-0.986,+2.000,+1.971,-11.334,-2.249,-9.612,2,-9.854,-9.945,+0.13496,-0.091,+3.374,+0.182,-9.854,-2.249,-8.547,2,+8.236,+9.099,+0.08718,+0.863,+2.180,-1.727,+8.236,-2.249,+6.440,2,+10.821,+12.012,+0.22596,+1.191,+5.649,-2.381,+10.821,-2.249,+11.840,2,-0.308,-0.846,+2.229,-2.107
DRV,73414,+0.0000,+0.0000,+0.0000,+0.0000,-2.2068,+0.0763,+10.933,-0.257,+0.02733,-0.3639,-0.9964,-25.298,0,0,-11.099,-12.073,+0.09562,-0.974,+2.391,+1.948,-11.099,-2.024,-8.785,2,-9.629,-9.695,+0.14580,-0.065,+3.645,+0.131,-9.629,-2.024,-7.877,2,+8.110,+8.823,+0.05977,+0.713,+1.494,-1.426,+8.110,-2.024,+6.154,2,+10.627,+11.829,+0.20433,+1.203,+5.108,-2.405,+10.627,-2.024,+11.305,2,-0.244,-0.872,+2.520,-1.723
DRV,73418,+0.0000,+0.0000,+0.0000,+0.0000,-2.1631,+0.0717,+10.935,-0.247,+0.02570,-0.4228,-0.9103,-19.503,0,0,-10.858,-11.887,+0.11266,-1.029,+2.816,+2.057,-10.858,-1.560,-7.545,2,-9.396,-9.509,+0.15744,-0.113,+3.936,+0.225,-9.396,-1.560,-6.795,2,+7.992,+8.518,+0.03701,+0.526,+0.925,-1.051,+7.992,-1.560,+6.306,2,+10.438,+11.523,+0.18481,+1.085,+4.620,-2.169,+10.438,-1.560,+11.329,2,-0.364,-0.991,+3.784,-0.489
DRV,73422,+0.0000,+0.0000,+0.0000,+0.0000,-2.1195,+0.0671,+10.937,-0.237,+0.02401,-0.4219,-0.8117,-15.594,0,0,-10.612,-11.431,+0.12627,-0.819,+3.157,+1.639,-10.612,-1.247,-7.064,2,-9.158,-9.114,+0.16661,+0.044,+4.165,-0.088,-9.158,-1.247,-6.328,0,+7.880,+8.312,+0.01841,+0.432,+0.460,-0.864,+7.880,-1.247,+6.229,2,+10.255,+11.484,+0.16374,+1.229,+4.093,-2.457,+10.255,-1.247,+10.644,2,+0.052,-0.802,+3.580,-0.099
DRV,73426,+0.0000,+0.0000,+0.0000,+0.0000,-2.0759,+0.0629,+10.939,-0.226,+0.02247,-0.3716,-0.7102,-13.546,0,0,-10.363,-11.061,+0.13577,-0.698,+3.394,+1.396,-10.363,-1.084,-6.656,0,-8.919,-9.403,+0.11698,-0.483,+2.924,+0.967,-8.919,-1.084,-6.112,0,+7.767,+8.545,-0.00426,+0.777,-0.106,-1.555,+7.767,-1.084,+5.023,2,+10.074,+11.163,+0.14348,+1.089,+3.587,-2.177,+10.074,-1.084,+10.400,0,+0.103,-0.858,+3.744,-1.089
DRV,73430,+0.0000,+0.0000,+0.0000,+0.0000,-2.0322,+0.0590,+10.941,-0.217,+0.02099,-0.3709,-0.5960,-9.006,0,0,-10.107,-10.252,+0.07841,-0.145,+1.960,+0.289,-10.107,-0.721,-8.578,0,-8.676,-9.067,+0.12096,-0.391,+3.024,+0.782,-8.676,-0.721,-5.591,2,+7.660,+8.467,-0.03313,+0.807,-0.828,-1.614,+7.660,-0.721,+4.497,0,+9.900,+10.932,+0.12608,+1.032,+3.152,-2.064,+9.900,-0.721,+10.267,0,+0.681,-0.600,+1.689,-1.093
DRV,73434,+0.0000,+0.0000,+0.0000,+0.0000,-1.9885,+0.0554,+10.943,-0.208,+0.01960,-0.3371,-0.4651,-5.116,0,0,-9.843,-10.397,+0.09551,-0.554,+2.388,+1.109,-9.843,-0.409,-6.756,2,-8.426,-8.533,+0.12006,-0.106,+3.002,+0.212,-8.426,-0.409,-5.622,2,+7.558,+8.287,-0.05999,+0.729,-1.500,-1.457,+7.558,-0.409,+4.192,0,+9.734,+10.285,+0.17387,+0.551,+4.347,-1.102,+9.734,-0.409,+12.570,2,-0.112,-0.246,+5.814,-1.430
DRV,73438,+0.0000,+0.0000,+0.0000,+0.0000,-1.9448,+0.0519,+10.944,-0.199,+0.01826,-0.3365,-0.2844,+2.081,0,0,-9.555,-10.516,+0.12616,-0.960,+3.154,+1.921,-9.555,+0.166,-4.314,2,-8.155,-8.241,+0.11546,-0.086,+2.886,+0.172,-8.155,+0.166,-4.929,2,+7.479,+8.572,-0.03112,+1.093,-0.778,-2.187,+7.479,+0.166,+4.680,2,+9.592,+10.301,+0.15116,+0.710,+3.779,-1.419,+9.592,+0.166,+12.118,2,-0.215,+0.331,+7.804,-0.249
DRV,73442,+0.0000,+0.0000,+0.0000,+0.0000,-1.9011,+0.0486,+10.946,-0.191,+0.01695,-0.3236,+0.0000,+12.943,0,0,-9.220,-10.266,+0.16397,-1.046,+4.099,+2.092,-9.220,+1.035,-1.993,2,-7.836,-8.054,+0.11490,-0.218,+2.873,+0.435,-7.836,+1.035,-3.493,2,+7.446,+9.004,-0.05842,+1.558,-1.461,-3.116,+7.446,+1.035,+3.904,2,+9.496,+10.763,+0.11366,+1.266,+2.841,-2.533,+9.496,+1.035,+10.841,2,+0.496,+0.950,+8.847,+0.411
DRV,73446,+0.0000,+0.0000,+0.0000,+0.0000,-1.8574,+0.0454,+10.947,-0.183,+0.01566,-0.3229,+0.0000,+12.917,0,0,-9.014,-9.110,+0.18540,-0.096,+4.635,+0.192,-9.014,+1.033,-3.153,2,-7.648,-7.525,+0.11096,+0.123,+2.774,-0.246,-7.648,+1.033,-4.086,2,+7.283,+8.889,-0.09296,+1.606,-2.324,-3.212,+7.283,+1.033,+2.780,2,+9.272,+10.828,+0.06584,+1.556,+1.646,-3.112,+9.272,+1.033,+8.840,2,+1.718,+1.364,+5.686,-1.306
DRV,73450,+0.0000,+0.0000,+0.0000,+0.0000,-1.8136,+0.0428,+10.948,-0.175,+0.01462,-0.2393,+0.0000,+9.572,0,0,-8.806,-8.517,+0.18827,+0.289,+4.707,-0.578,-8.806,+0.766,-3.911,2,-7.461,-7.062,+0.09676,+0.399,+2.419,-0.799,-7.461,+0.766,-5.075,2,+7.117,+8.209,-0.12013,+1.092,-3.003,-2.184,+7.117,+0.766,+2.696,2,+9.049,+10.587,+0.01778,+1.538,+0.445,-3.075,+9.049,+0.766,+7.185,2,+2.069,+1.147,+3.274,-2.379
DRV,73454,+0.0000,+0.0000,+0.0000,+0.0000,-1.7699,+0.0404,+10.949,-0.170,+0.01366,-0.2388,+0.0000,+9.553,0,0,-8.597,-8.154,+0.18603,+0.444,+4.651,-0.887,-8.597,+0.764,-4.070,2,-7.276,-6.989,+0.08339,+0.286,+2.085,-0.573,-7.276,+0.764,-4.999,2,+6.951,+7.679,-0.13536,+0.727,-3.384,-1.455,+6.951,+0.764,+2.877,2,+8.827,+10.076,-0.02627,+1.249,-0.657,-2.498,+8.827,+0.764,+6.436,2,+1.922,+0.689,+2.367,-2.123
DRV,73458,+0.0000,+0.0000,+0.0000,+0.0000,-1.7261,+0.0389,+10.950,-0.165,+0.01318,-0.0820,+0.0000,+3.280,0,0,-8.386,-7.730,+0.17910,+0.656,+4.477,-1.313,-8.386,+0.262,-4.959,2,-7.094,-7.000,+0.07463,+0.093,+1.866,-0.187,-7.094,+0.262,-5.152,0,+6.781,+7.463,-0.14832,+0.682,-3.708,-1.363,+6.781,+0.262,+1.972,2,+8.607,+9.432,-0.05977,+0.825,-1.494,-1.649,+8.607,+0.262,+5.726,2,+1.702,+0.463,+0.767,-3.180
DRV,73462,+0.0000,+0.0000,+0.0000,+0.0000,-1.6823,+0.0376,+10.950,-0.164,+0.01285,-0.0818,+0.0000,+3.273,0,0,-8.174,-7.612,+0.16945,+0.562,+4.236,-1.124,-8.174,+0.262,-4.800,0,-6.913,-7.011,+0.07003,-0.098,+1.751,+0.196,-6.913,+0.262,-4.704,0,+6.610,+7.099,-0.15790,+0.489,-3.948,-0.978,+6.610,+0.262,+1.947,2,+8.388,+8.830,-0.08228,+0.441,-2.057,-0.883,+8.388,+0.262,+5.710,2,+1.217,+0.088,+0.910,-2.757
DRV,73466,+0.0000,+0.0000,+0.0000,+0.0000,-1.6385,+0.0366,+10.950,-0.163,+0.01264,-0.0418,+0.0000,+1.671,0,0,-7.961,-8.286,+0.11988,-0.325,+2.997,+0.650,-7.961,+0.134,-4.181,2,-6.733,-6.572,+0.02624,+0.161,+0.656,-0.321,-6.733,+0.134,-6.264,2,+6.438,+7.340,-0.17104,+0.902,-4.276,-1.804,+6.438,+0.134,+0.492,2,+8.170,+8.402,-0.09724,+0.233,-2.431,-0.465,+8.170,+0.134,+5.407,0,+0.116,+0.768,+1.226,-5.773
DRV,73470,+0.0000,+0.0000,+0.0000,+0.0000,-1.5947,+0.0357,+10.950,-0.164,+0.01248,-0.0417,+0.0000,+1.668,0,0,-7.749,-8.665,+0.13051,-0.917,+3.263,+1.833,-7.749,+0.133,-2.519,2,-6.553,-6.842,+0.03529,-0.289,+0.882,+0.578,-6.553,+0.133,-4.959,2,+6.266,+6.967,-0.18735,+0.701,-4.684,-1.402,+6.266,+0.133,+0.313,0,+7.952,+8.741,-0.05902,+0.789,-1.475,-1.579,+7.952,+0.133,+5.031,0,+0.076,+0.125,+2.512,-4.646
DRV,73474,+0.0000,+0.0000,+0.0000,+0.0000,-1.5509,+0.0345,+10.950,-0.163,+0.01211,-0.1081,+0.0000,+4.324,0,0,-7.536,-9.037,+0.15683,-1.500,+3.921,+3.000,-7.536,+0.346,-0.270,2,-6.372,-7.028,+0.05540,-0.656,+1.385,+1.311,-6.372,+0.346,-3.330,2,+6.095,+6.413,-0.15658,+0.318,-3.915,-0.636,+6.095,+0.346,+1.890,0,+7.732,+8.614,-0.07422,+0.881,-1.856,-1.762,+7.732,+0.346,+4.461,2,-0.423,-0.615,+4.191,-1.440
DRV,73478,+0.0000,+0.0000,+0.0000,+0.0000,-1.5071,+0.0332,+10.950,-0.162,+0.01168,-0.1079,+0.0000,+4.315,0,0,-7.325,-9.377,+0.19729,-2.052,+4.932,+4.104,-7.325,+0.345,+2.057,2,-6.191,-6.707,+0.07776,-0.516,+1.944,+1.032,-6.191,+0.345,-2.870,2,+5.924,+6.992,-0.18073,+1.068,-4.518,-2.135,+5.924,+0.345,-0.384,2,+7.513,+8.512,-0.09226,+0.999,-2.307,-1.998,+7.513,+0.345,+3.554,2,-0.865,+0.285,+5.611,-3.254
DRV,73482,+0.0000,+0.0000,+0.0000,+0.0000,-1.4633,+0.0317,+10.951,-0.160,+0.01111,-0.1545,+0.0000,+6.179,0,0,-7.113,-8.969,+0.24038,-1.856,+6.010,+3.712,-7.113,+0.494,+3.102,2,-6.009,-6.287,+0.09280,-0.278,+2.320,+0.556,-6.009,+0.494,-2.639,2,+5.754,+6.908,-0.21912,+1.154,-5.478,-2.308,+5.754,+0.494,-1.538,2,+7.293,+8.202,-0.11006,+0.909,-2.752,-1.817,+7.293,+0.494,+3.219,2,-0.767,+0.622,+6.321,-4.177
DRV,73486,+0.0000,+0.0000,+0.0000,+0.0000,-1.4196,+0.0302,+10.951,-0.157,+0.01049,-0.1542,+0.0000,+6.166,0,0,-6.902,-7.723,+0.26616,-0.821,+6.654,+1.642,-6.902,+0.493,+1.887,2,-5.827,-5.859,+0.10207,-0.033,+2.552,+0.065,-5.827,+0.493,-2.716,2,+5.584,+6.204,-0.24530,+0.620,-6.132,-1.239,+5.584,+0.493,-1.294,2,+7.074,+7.882,-0.12611,+0.808,-3.153,-1.616,+7.074,+0.493,+2.798,2,+0.158,+0.345,+4.685,-4.011
DRV,73490,+0.0000,+0.0000,+0.0000,+0.0000,-1.3758,+0.0289,+10.951,-0.154,+0.01004,-0.0975,+0.0000,+3.899,0,0,-6.690,-6.837,+0.27079,-0.147,+6.770,+0.293,-6.690,+0.312,+0.685,2,-5.646,-5.638,+0.10746,+0.008,+2.686,-0.015,-5.646,+0.312,-2.663,2,+5.413,+5.810,-0.26233,+0.396,-6.558,-0.793,+5.413,+0.312,-1.626,2,+6.854,+7.311,-0.13654,+0.457,-3.414,-0.914,+6.854,+0.312,+2.839,2,+0.474,+0.172,+3.524,-4.288
DRV,73494,+0.0000,+0.0000,+0.0000,+0.0000,-1.3320,+0.0278,+10.952,-0.153,+0.00965,-0.0973,+0.0000,+3.891,0,0,-6.478,-5.890,+0.25813,+0.587,+6.453,-1.175,-6.478,+0.311,-0.888,2,-5.465,-5.544,+0.11355,-0.079,+2.839,+0.158,-5.465,+0.311,-2.157,0,+5.242,+5.514,-0.27486,+0.272,-6.871,-0.544,+5.242,+0.311,-1.863,2,+6.636,+6.794,-0.13790,+0.159,-3.448,-0.318,+6.636,+0.311,+3.182,2,+0.904,-0.030,+2.294,-4.020
DRV,73498,+0.0000,+0.0000,+0.0000,+0.0000,-1.2882,+0.0269,+10.952,-0.152,+0.00950,-0.0194,+0.0000,+0.777,0,0,-6.265,-5.098,+0.22897,+1.167,+5.724,-2.333,-6.265,+0.062,-2.811,0,-5.286,-5.156,+0.11726,+0.130,+2.931,-0.260,-5.286,+0.062,-2.553,0,+5.069,+5.161,-0.28328,+0.092,-7.082,-0.184,+5.069,+0.062,-2.135,2,+6.418,+6.202,-0.13094,-0.215,-3.274,+0.431,+6.418,+0.062,+3.637,2,+1.104,+0.006,+0.826,-4.687
DRV,73502,+0.0000,+0.0000,+0.0000,+0.0000,-1.2444,+0.0262,+10.952,-0.153,+0.00942,-0.0194,+0.0000,+0.776,0,0,-6.051,-5.490,+0.20479,+0.561,+5.120,-1.122,-6.051,+0.062,-1.991,0,-5.107,-5.484,+0.08864,-0.377,+2.216,+0.754,-5.107,+0.062,-2.075,2,+4.896,+4.532,-0.28301,-0.364,-7.075,+0.728,+4.896,+0.062,-1.389,0,+6.200,+5.874,-0.11900,-0.326,-2.975,+0.652,+6.200,+0.062,+3.939,0,+0.384,-0.952,+1.947,-3.464
DRV,73506,+0.0000,+0.0000,+0.0000,+0.0000,-1.2006,+0.0252,+10.951,-0.154,+0.00910,-0.1018,+0.0000,+4.072,0,0,-5.838,-5.519,+0.16133,+0.319,+4.033,-0.638,-5.838,+0.326,-2.117,2,-4.927,-5.506,+0.09791,-0.579,+2.448,+1.158,-4.927,+0.326,-0.996,2,+4.724,+4.258,-0.27595,-0.466,-6.899,+0.932,+4.724,+0.326,-0.917,0,+5.982,+5.697,-0.10766,-0.285,-2.691,+0.569,+5.982,+0.326,+4.185,0,+0.177,-1.247,+2.068,-1.913
DRV,73510,+0.0000,+0.0000,+0.0000,+0.0000,-1.1568,+0.0241,+10.952,-0.153,+0.00869,-0.1016,+0.0000,+4.064,0,0,-5.626,-6.433,+0.17737,-0.807,+4.434,+1.615,-5.626,+0.325,+0.748,2,-4.746,-5.441,+0.11057,-0.695,+2.764,+1.390,-4.746,+0.325,-0.267,2,+4.552,+3.973,-0.26592,-0.579,-6.648,+1.159,+4.552,+0.325,-0.612,0,+5.763,+5.274,-0.06384,-0.489,-1.596,+0.977,+5.763,+0.325,+5.469,2,-1.159,-1.468,+6.217,-0.879
DRV,73514,+0.0000,+0.0000,+0.0000,+0.0000,-1.1130,+0.0227,+10.952,-0.151,+0.00796,-0.2104,+0.0000,+8.416,0,0,-5.414,-6.258,+0.20679,-0.844,+5.170,+1.687,-5.414,+0.673,+2.116,2,-4.564,-5.389,+0.12739,-0.824,+3.185,+1.649,-4.564,+0.673,+0.942,2,+4.382,+4.128,-0.23027,-0.254,-5.757,+0.508,+4.382,+0.673,-0.194,2,+5.543,+5.237,-0.05891,-0.307,-1.473,+0.613,+5.543,+0.673,+5.357,2,-1.021,-1.260,+7.473,+0.748
DRV,73518,+0.0000,+0.0000,+0.0000,+0.0000,-1.0692,+0.0212,+10.952,-0.147,+0.00712,-0.2100,+0.0000,+8.400,0,0,-5.203,-5.626,+0.22580,-0.423,+5.645,+0.845,-5.203,+0.672,+1.959,2,-4.382,-4.987,+0.14151,-0.605,+3.538,+1.210,-4.382,+0.672,+1.037,2,+4.212,+4.719,-0.23110,+0.506,-5.777,-1.013,+4.212,+0.672,-1.906,2,+5.323,+5.246,-0.05988,-0.077,-1.497,+0.154,+5.323,+0.672,+4.652,2,-0.380,-0.268,+6.612,-0.869
DRV,73522,+0.0000,+0.0000,+0.0000,+0.0000,-1.0254,+0.0203,+10.953,-0.144,+0.00683,-0.0240,+0.0000,+0.958,0,0,-4.990,-5.533,+0.24439,-0.543,+6.110,+1.086,-4.990,+0.077,+2.282,2,-4.203,-4.499,+0.14828,-0.297,+3.707,+0.593,-4.203,+0.077,+0.174,2,+4.040,+5.116,-0.25120,+1.076,-6.280,-2.151,+4.040,+0.077,-4.315,2,+5.105,+5.225,-0.06597,+0.120,-1.649,-0.240,+5.105,+0.077,+3.293,2,-0.308,+0.616,+5.575,-4.141
DRV,73526,+0.0000,+0.0000,+0.0000,+0.0000,-0.9816,+0.0196,+10.953,-0.145,+0.00674,-0.0239,+0.0000,+0.956,0,0,-4.776,-4.794,+0.25494,-0.017,+6.373,+0.035,-4.776,+0.077,+1.709,2,-4.024,-4.479,+0.15417,-0.455,+3.854,+0.910,-4.024,+0.077,+0.817,2,+3.866,+5.007,-0.27604,+1.140,-6.901,-2.281,+3.866,+0.077,-5.239,2,+4.888,+5.598,-0.08366,+0.710,-2.091,-1.421,+4.888,+0.077,+1.452,2,+0.804,+0.528,+3.161,-4.422
DRV,73530,+0.0000,+0.0000,+0.0000,+0.0000,-0.9377,+0.0198,+10.952,-0.149,+0.00758,+0.2873,+0.0000,-11.490,0,0,-4.560,-4.587,+0.25901,-0.027,+6.475,+0.055,-4.560,-0.919,+1.051,2,-3.849,-4.254,+0.16334,-0.406,+4.084,+0.811,-3.849,-0.919,+0.127,2,+3.689,+4.770,-0.29955,+1.080,-7.489,-2.161,+3.689,-0.919,-6.879,2,+4.672,+5.473,-0.10792,+0.801,-2.698,-1.601,+4.672,-0.919,-0.546,2,+0.886,+0.515,+0.505,-6.753
DRV,73534,+0.0000,+0.0000,+0.0000,+0.0000,-0.8939,+0.0203,+10.951,-0.160,+0.00872,+0.2867,+0.0000,-11.467,0,0,-4.343,-4.718,+0.26738,-0.375,+6.685,+0.750,-4.343,-0.917,+2.174,2,-3.674,-4.061,+0.16961,-0.387,+4.240,+0.774,-3.674,-0.917,+0.422,0,+3.511,+4.275,-0.32139,+0.764,-8.035,-1.528,+3.511,-0.917,-6.968,2,+4.458,+5.143,-0.13298,+0.685,-3.324,-1.370,+4.458,-0.917,-1.154,2,+0.425,+0.214,+1.020,-6.546
DRV,73538,+0.0000,+0.0000,+0.0000,+0.0000,-0.8501,+0.0208,+10.949,-0.172,+0.01014,+0.3760,+0.0000,-15.040,0,0,-4.125,-4.934,+0.29119,-0.808,+7.280,+1.617,-4.125,-1.203,+3.568,0,-3.500,-3.778,+0.15379,-0.278,+3.845,+0.555,-3.500,-1.203,-0.304,2,+3.333,+3.597,-0.32893,+0.264,-8.223,-0.528,+3.333,-1.203,-6.621,2,+4.244,+5.052,-0.15575,+0.808,-3.894,-1.616,+4.244,-1.203,-2.470,0,+0.118,-0.181,+1.098,-6.925
DRV,73542,+0.0000,+0.0000,+0.0000,+0.0000,-0.8063,+0.0214,+10.947,-0.186,+0.01164,+0.3752,+0.0000,-15.010,0,0,-3.908,-4.971,+0.28594,-1.062,+7.149,+2.125,-3.908,-1.201,+4.164,0,-3.326,-3.988,+0.17072,-0.661,+4.268,+1.323,-3.326,-1.201,+1.063,2,+3.155,+3.260,-0.33021,+0.105,-8.255,-0.210,+3.155,-1.201,-6.511,0,+4.030,+4.335,-0.17470,+0.306,-4.367,-0.612,+4.030,-1.201,-2.150,0,-0.635,-0.728,+2.014,-5.447
DRV,73546,+0.0000,+0.0000,+0.0000,+0.0000,-0.7625,+0.0213,+10.944,-0.199,+0.01254,+0.1740,+0.0000,-6.959,0,0,-3.693,-4.491,+0.30568,-0.798,+7.642,+1.596,-3.693,-0.557,+4.989,2,-3.150,-3.814,+0.19389,-0.664,+4.847,+1.327,-3.150,-0.557,+2.467,2,+2.979,+3.187,-0.33285,+0.208,-8.321,-0.416,+2.979,-0.557,-6.315,0,+3.814,+3.831,-0.15227,+0.017,-3.807,-0.034,+3.814,-0.557,-0.584,2,-0.660,-0.627,+4.405,-3.848
DRV,73550,+0.0000,+0.0000,+0.0000,+0.0000,-0.7187,+0.0210,+10.943,-0.209,+0.01323,+0.1736,+0.0000,-6.946,0,0,-3.478,-3.709,+0.31433,-0.231,+7.858,+0.462,-3.478,-0.556,+4.287,2,-2.973,-3.689,+0.21547,-0.716,+5.387,+1.433,-2.973,-0.556,+3.291,2,+2.804,+2.907,-0.31842,+0.103,-7.960,-0.206,+2.804,-0.556,-5.918,2,+3.597,+3.180,-0.14333,-0.417,-3.583,+0.835,+3.597,-0.556,+0.293,2,-0.529,-0.782,+4.580,-2.627
DRV,73554,+0.0000,+0.0000,+0.0000,+0.0000,-0.6749,+0.0203,+10.941,-0.217,+0.01343,+0.0095,+0.0000,-0.380,0,0,-3.265,-2.665,+0.30495,+0.600,+7.624,-1.200,-3.265,-0.030,+3.129,2,-2.794,-3.520,+0.23846,-0.726,+5.961,+1.452,-2.794,-0.030,+4.589,2,+2.631,+2.566,-0.32100,-0.065,-8.025,+0.131,+2.631,-0.030,-5.294,2,+3.380,+2.429,-0.12183,-0.951,-3.046,+1.902,+3.380,-0.030,+2.206,2,-0.236,-0.954,+5.334,-0.705
DRV,73558,+0.0000,+0.0000,+0.0000,+0.0000,-0.6312,+0.0194,+10.940,-0.222,+0.01347,+0.0095,+0.0000,-0.379,0,0,-3.052,-1.711,+0.27677,+1.341,+6.919,-2.682,-3.052,-0.030,+1.156,2,-2.615,-2.744,+0.25176,-0.129,+6.294,+0.258,-2.615,-0.030,+3.907,2,+2.459,+2.357,-0.32025,-0.102,-8.006,+0.204,+2.459,-0.030,-5.373,2,+3.162,+2.322,-0.09851,-0.840,-2.463,+1.680,+3.162,-0.030,+2.349,2,+0.611,-0.387,+3.504,-1.467
DRV,73562,+0.0000,+0.0000,+0.0000,+0.0000,-0.5874,+0.0187,+10.939,-0.228,+0.01374,+0.0876,+0.0000,-3.505,0,0,-2.838,-1.835,+0.24590,+1.004,+6.147,-2.007,-2.838,-0.280,+1.022,2,-2.436,-2.589,+0.25653,-0.153,+6.413,+0.307,-2.436,-0.280,+4.003,2,+2.286,+2.282,-0.32308,-0.004,-8.077,+0.008,+2.286,-0.280,-6.063,2,+2.945,+2.234,-0.07798,-0.710,-1.950,+1.420,+2.945,-0.280,+2.135,2,+0.400,-0.308,+3.156,-2.060
DRV,73566,+0.0000,+0.0000,+0.0000,+0.0000,-0.5436,+0.0179,+10.937,-0.237,+0.01409,+0.0875,+0.0000,-3.498,0,0,-2.625,-1.736,+0.22230,+0.889,+5.558,-1.779,-2.625,-0.280,+0.874,2,-2.257,-2.573,+0.26733,-0.315,+6.683,+0.631,-2.257,-0.280,+4.777,2,+2.113,+2.210,-0.32871,+0.097,-8.218,-0.194,+2.113,-0.280,-6.579,2,+2.727,+2.172,-0.06138,-0.556,-1.535,+1.111,+2.727,-0.280,+2.024,2,+0.436,-0.362,+2.898,-1.802
DRV,73570,+0.0000,+0.0000,+0.0000,+0.0000,-0.4999,+0.0174,+10.935,-0.247,+0.01495,+0.2569,+0.0000,-10.277,0,0,-2.411,-1.361,+0.19717,+1.050,+4.929,-2.100,-2.411,-0.822,-0.404,2,-2.079,-2.016,+0.27033,+0.064,+6.758,-0.127,-2.079,-0.822,+3.730,0,+1.939,+1.569,-0.32299,-0.370,-8.075,+0.740,+1.939,-0.822,-6.218,2,+2.510,+2.272,-0.05177,-0.238,-1.294,+0.476,+2.510,-0.822,+0.870,2,+0.911,-0.446,+0.466,-2.488
DRV,73574,+0.0000,+0.0000,+0.0000,+0.0000,-0.4561,+0.0169,+10.931,-0.262,+0.01598,+0.2564,+0.0000,-10.257,0,0,-2.197,-1.308,+0.17205,+0.889,+4.301,-1.778,-2.197,-0.821,-0.494,0,-1.901,-2.094,+0.25978,-0.193,+6.494,+0.385,-1.901,-0.821,+4.158,0,+1.765,+1.648,-0.31664,-0.117,-7.916,+0.234,+1.765,-0.821,-6.737,2,+2.293,+2.218,-0.04685,-0.076,-1.171,+0.151,+2.293,-0.821,+0.453,2,+0.909,-0.445,-0.042,-2.579
DRV,73578,+0.0000,+0.0000,+0.0000,+0.0000,-0.4124,+0.0163,+10.927,-0.279,+0.01721,+0.3240,+0.0000,-12.959,0,0,-1.984,-1.431,+0.14693,+0.552,+3.673,-1.104,-1.984,-1.037,-0.451,2,-1.723,-1.974,+0.26674,-0.251,+6.669,+0.502,-1.723,-1.037,+4.410,2,+1.592,+1.276,-0.31581,-0.316,-7.895,+0.632,+1.592,-1.037,-6.708,2,+2.076,+1.937,-0.04392,-0.140,-1.098,+0.279,+2.076,-1.037,+0.221,0,+0.505,-0.698,-0.231,-2.298
DRV,73582,+0.0000,+0.0000,+0.0000,+0.0000,-0.3687,+0.0157,+10.922,-0.300,+0.01850,+0.3233,-0.1005,-16.955,0,0,-1.816,-2.244,+0.14933,-0.428,+3.733,+0.855,-1.816,-1.356,+1.416,2,-1.591,-1.448,+0.26543,+0.142,+6.636,-0.285,-1.591,-1.356,+3.404,2,+1.373,+1.333,-0.31368,-0.040,-7.842,+0.080,+1.373,-1.356,-7.745,0,+1.814,+1.640,-0.02890,-0.173,-0.722,+0.347,+1.814,-1.356,+0.082,2,-0.603,-0.115,+1.497,-4.341
DRV,73586,+0.0000,+0.0000,+0.0000,+0.0000,-0.3250,+0.0148,+10.916,-0.321,+0.01949,+0.2216,-0.2011,-16.908,0,0,-1.649,-3.354,+0.18238,-1.705,+4.559,+3.410,-1.649,-1.353,+4.967,2,-1.457,-1.120,+0.25674,+0.337,+6.418,-0.675,-1.457,-1.353,+2.934,2,+1.155,+1.170,-0.30475,+0.014,-7.619,-0.028,+1.155,-1.353,-7.844,2,+1.550,+1.640,-0.03008,+0.090,-0.752,-0.180,+1.550,-1.353,-0.734,2,-1.714,+0.050,+4.233,-4.910
DRV,73590,+0.0000,+0.0000,+0.0000,+0.0000,-0.2813,+0.0137,+10.910,-0.343,+0.02038,+0.2212,-0.5420,-30.527,0,0,-1.592,-3.672,+0.23703,-2.080,+5.926,+4.159,-1.592,-2.442,+6.051,2,-1.432,-1.667,+0.25579,-0.235,+6.395,+0.470,-1.432,-2.442,+2.990,2,+0.829,+1.552,-0.31454,+0.723,-7.863,-1.446,+0.829,-2.442,-10.922,2,+1.177,+2.147,-0.04540,+0.969,-1.135,-1.939,+1.177,-2.442,-4.338,2,-1.525,-0.115,+1.712,-7.932
DRV,73594,+0.0000,+0.0000,+0.0000,+0.0000,-0.2377,+0.0125,+10.902,-0.368,+0.02117,+0.1915,-0.6113,-32.113,0,0,-1.413,-3.643,+0.29434,-2.230,+7.359,+4.460,-1.413,-2.569,+7.836,2,-1.284,-2.082,+0.26937,-0.798,+6.734,+1.597,-1.284,-2.569,+4.478,2,+0.627,+2.089,-0.34775,+1.462,-8.694,-2.923,+0.627,-2.569,-13.559,2,+0.928,+2.557,-0.08764,+1.630,-2.191,-3.259,+0.928,-2.569,-7.092,2,-1.085,+0.007,+0.745,-9.081
DRV,73598,+0.0000,+0.0000,+0.0000,+0.0000,-0.1941,+0.0111,+10.891,-0.398,+0.02194,+0.1911,-0.6713,-34.496,0,0,-1.229,-3.572,+0.35586,-2.343,+8.897,+4.686,-1.229,-2.760,+9.594,2,-1.130,-2.027,+0.29177,-0.897,+7.294,+1.794,-1.130,-2.760,+5.199,2,+0.430,+1.302,-0.37214,+0.872,-9.303,-1.744,+0.430,-2.760,-13.376,2,+0.682,+1.408,-0.11882,+0.726,-2.970,-1.452,+0.682,-2.760,-6.500,2,-2.165,-0.725,+3.094,-8.178
DRV,73602,+0.0000,+0.0000,+0.0000,+0.0000,-0.1506,+0.0095,+10.877,-0.436,+0.02250,+0.1243,-0.7123,-33.461,0,0,-1.038,-2.726,+0.41101,-1.688,+10.275,+3.376,-1.038,-2.677,+9.936,2,-0.967,-2.200,+0.31628,-1.232,+7.907,+2.465,-0.967,-2.677,+6.728,2,+0.243,+2.021,-0.40781,+1.778,-10.195,-3.556,+0.243,-2.677,-16.185,2,+0.444,+0.268,-0.12305,-0.177,-3.076,+0.354,+0.444,-2.677,-4.955,2,-2.459,-0.178,+4.981,-9.457
DRV,73606,+0.0000,+0.0000,+0.0000,+0.0000,-0.1071,+0.0077,+10.857,-0.486,+0.02300,+0.1240,-0.7465,-34.819,0,0,-0.845,-0.753,+0.42767,+0.092,+10.692,-0.183,-0.845,-2.785,+6.878,0,-0.801,-2.074,+0.34917,-1.273,+8.729,+2.546,-0.801,-2.785,+7.689,0,+0.060,+1.051,-0.44312,+0.991,-11.078,-1.982,+0.060,-2.785,-15.785,2,+0.210,-1.152,-0.10096,-1.361,-2.524,+2.723,+0.210,-2.785,-2.377,2,-1.905,-1.022,+4.501,-8.096
DRV,73610,+0.0000,+0.0000,+0.0000,+0.0000,-0.0638,+0.0055,+10.820,-0.565,+0.02323,+0.0365,-0.7620,-31.943,0,0,-0.645,+0.839,+0.40252,+1.484,+10.063,-2.968,-0.645,-2.555,+3.895,0,-0.625,-1.445,+0.36379,-0.820,+9.095,+1.639,-0.625,-2.555,+7.554,0,-0.112,-0.652,-0.44219,-0.540,-11.055,+1.080,-0.112,-2.555,-12.642,2,-0.017,-1.547,-0.06009,-1.531,-1.502,+3.061,-0.017,-2.555,-1.013,2,-0.709,-2.097,+2.882,-5.088
DRV,73614,+0.0000,+0.0000,+0.0000,+0.0000,-0.0208,+0.0028,+10.724,-0.732,+0.02331,+0.0061,-0.7676,-30.951,0,0,-0.443,+1.504,+0.35789,+1.947,+8.947,-3.895,-0.443,-2.476,+2.133,0,-0.444,-0.813,+0.37679,-0.369,+9.420,+0.737,-0.444,-2.476,+7.237,2,-0.277,+0.324,-0.44429,+0.601,-11.107,-1.202,-0.277,-2.476,-15.062,2,-0.239,-1.433,-0.02713,-1.194,-0.678,+2.388,-0.239,-2.476,-1.005,0,+0.071,-0.488,+1.128,-7.825
DRV,73618,+0.0000,+0.0000,+0.0000,+0.0000,+0.0000,+0.0000,+0.000,+0.000,+0.02322,-0.0242,-0.7613,-29.484,0,0,-0.346,+1.767,+0.31701,+2.113,+7.925,-4.226,-0.346,-2.359,+0.995,2,-0.346,-0.389,+0.38224,-0.043,+9.556,+0.086,-0.346,-2.359,+6.937,2,-0.346,-1.363,-0.44003,-1.017,-11.001,+2.034,-0.346,-2.359,-11.671,0,-0.346,-1.363,+0.00022,-1.017,+0.005,+2.033,-0.346,-2.359,-0.666,0,+0.404,-1.752,+0.328,-4.735
DRV,73622,+0.0000,+0.0000,+0.0000,+0.0000,+0.0000,+0.0000,+0.000,+0.000,+0.02288,-0.1433,-0.7388,-23.820,0,0,-0.336,+1.404,+0.27010,+1.740,+6.753,-3.480,-0.336,-1.906,+1.031,2,-0.336,-0.419,+0.38327,-0.083,+9.582,+0.165,-0.336,-1.906,+7.506,2,-0.336,-3.975,-0.39528,-3.639,-9.882,+7.279,-0.336,-1.906,-4.845,0,-0.336,-1.249,+0.01621,-0.913,+0.405,+1.826,-0.336,-1.906,-0.011,2,+0.155,-4.394,+1.021,+2.661
DRV,73626,+0.0000,+0.0000,+0.0000,+0.0000,+0.0000,+0.0000,+0.000,+0.000,+0.02183,-0.2621,-0.6636,-16.062,0,0,-0.302,+1.131,+0.23315,+1.433,+5.829,-2.866,-0.302,-1.285,+1.376,2,-0.302,-0.195,+0.38390,+0.107,+9.598,-0.213,-0.302,-1.285,+7.797,2,-0.302,-2.903,-0.31411,-2.602,-7.853,+5.203,-0.302,-1.285,-4.236,2,-0.302,-1.082,+0.03563,-0.781,+0.891,+1.561,-0.302,-1.285,+0.865,2,+0.049,-3.098,+2.242,+3.561
DRV,73630,+0.0000,+0.0000,+0.0000,+0.0000,+0.0000,+0.0000,+0.000,+0.000,+0.02083,-0.2414,-0.5824,-13.644,0,0,-0.265,+1.060,+0.19942,+1.324,+4.985,-2.649,-0.265,-1.091,+0.980,2,-0.265,-0.245,+0.38238,+0.020,+9.560,-0.040,-0.265,-1.091,+8.163,2,-0.265,-0.792,-0.28265,-0.527,-7.066,+1.054,-0.265,-1.091,-7.368,2,-0.265,-0.825,+0.05137,-0.561,+1.284,+1.121,-0.265,-1.091,+1.049,2,+0.234,-1.037,+2.029,+0.795
DRV,73634,+0.0000,+0.0000,+0.0000,+0.0000,+0.0000,+0.0000,+0.000,+0.000,+0.01994,-0.2207,-0.5005,-11.191,0,0,-0.228,+0.927,+0.16968,+1.155,+4.242,-2.309,-0.228,-0.895,+0.810,2,-0.228,-0.030,+0.38179,+0.198,+9.545,-0.395,-0.228,-0.895,+8.027,2,-0.228,-1.318,-0.26522,-1.091,-6.630,+2.182,-0.228,-0.895,-5.572,2,-0.228,-0.399,+0.05883,-0.172,+1.471,+0.343,-0.228,-0.895,+0.691,2,+0.528,-1.348,+1.501,+2.455
DRV,73638,+0.0000,+0.0000,+0.0000,+0.0000,+0.0000,+0.0000,+0.000,+0.000,+0.01923,-0.1386,-0.4222,-11.347,0,0,-0.192,+0.900,+0.14320,+1.092,+3.580,-2.185,-0.192,-0.908,+0.296,2,-0.192,+0.523,+0.36911,+0.715,+9.228,-1.430,-0.192,-0.908,+6.698,2,-0.192,-2.409,-0.21845,-2.217,-5.461,+4.433,-0.192,-0.908,-2.128,2,-0.192,-0.150,+0.05957,+0.042,+1.489,-0.084,-0.192,-0.908,+0.306,2,+0.750,-1.885,+0.602,+4.570
DRV,73642,+0.0000,+0.0000,+0.0000,+0.0000,+0.0000,+0.0000,+0.000,+0.000,+0.01900,-0.0567,-0.3943,-13.505,0,0,-0.179,+0.975,+0.11522,+1.154,+2.880,-2.308,-0.179,-1.080,-0.687,2,-0.179,+0.748,+0.34497,+0.927,+8.624,-1.855,-0.179,-1.080,+5.510,0,-0.179,-2.079,-0.16321,-1.899,-4.080,+3.798,-0.179,-1.080,-1.541,2,-0.179,-0.002,+0.05614,+0.177,+1.403,-0.354,-0.179,-1.080,-0.210,2,+0.972,-1.330,-0.897,+3.968
DRV,73646,+0.0000,+0.0000,+0.0000,+0.0000,+0.0000,+0.0000,+0.000,+0.000,+0.01906,+0.0860,-0.4017,-19.511,0,0,-0.183,+0.697,+0.09043,+0.880,+2.261,-1.760,-0.183,-1.561,-1.243,0,-0.183,+0.332,+0.32708,+0.515,+8.177,-1.029,-0.183,-1.561,+5.404,0,-0.183,-0.965,-0.12971,-0.782,-3.243,+1.564,-0.183,-1.561,-3.422,2,-0.183,+0.134,+0.04937,+0.316,+1.234,-0.632,-0.183,-1.561,-1.142,2,+0.831,-0.633,-2.384,+1.982
DRV,73650,+0.0000,+0.0000,+0.0000,+0.0000,+0.0000,+0.0000,+0.000,+0.000,+0.01997,+0.2283,-0.5032,-29.262,0,0,-0.229,+0.194,+0.07536,+0.423,+1.884,-0.846,-0.229,-2.341,-1.532,0,-0.229,+0.347,+0.31623,+0.575,+7.906,-1.151,-0.229,-2.341,+4.185,2,-0.229,+1.550,-0.14899,+1.779,-3.725,-3.558,-0.229,-2.341,-9.853,2,-0.229,+0.142,+0.04006,+0.371,+1.001,-0.742,-0.229,-2.341,-2.310,0,+0.336,+1.897,-3.842,-5.668
DRV,73654,+0.0000,+0.0000,+0.0000,+0.0000,+0.0000,+0.0000,+0.000,+0.000,+0.02111,+0.3417,-0.6065,-37.929,0,0,-0.276,-0.266,+0.07107,+0.010,+1.777,-0.020,-0.276,-3.034,-1.554,2,-0.276,-0.141,+0.30849,+0.135,+7.712,-0.269,-0.276,-3.034,+4.133,2,-0.276,+2.497,-0.21925,+2.773,-5.481,-5.545,-0.276,-3.034,-14.336,0,-0.276,-0.202,+0.03539,+0.074,+0.885,-0.147,-0.276,-3.034,-2.573,0,-0.468,+2.356,-4.126,-10.203
DRV,73658,+0.0000,+0.0000,+0.0000,+0.0000,+0.0000,+0.0000,+0.000,+0.000,+0.02293,+0.4548,-0.7422,-47.879,0,0,-0.337,-0.572,+0.07485,-0.235,+1.871,+0.469,-0.337,-3.830,-1.827,2,-0.337,-0.495,+0.30881,-0.158,+7.720,+0.316,-0.337,-3.830,+3.869,2,-0.337,+0.985,-0.26686,+1.322,-6.671,-2.644,-0.337,-3.830,-13.484,0,-0.337,-0.437,+0.03418,-0.100,+0.854,+0.200,-0.337,-3.830,-3.114,2,-1.009,+0.489,-4.941,-9.615
DRV,73662,+0.0000,+0.0000,+0.0000,+0.0000,+0.0000,+0.0000,+0.000,+0.000,+0.02443,+0.2927,-0.8373,-45.197,0,0,-0.381,-2.305,+0.10153,-1.924,+2.538,+3.84,-0.381,-3.616+2.389,2,-0.381,-1.035,+0.31786,-0.654,7.946,+1.308,-0.381,-3.616,+5.258,2,-0.31,+0.637,-0.28888,+1.018,-7.222,-2.036,-0.381,-3.616,-13.254,2,-0.381,-0.755,+0.04130,-0.374,+1.033,+0.748,-0.381,-3.616,-2.216,2,-3.059,-0.398,+0.174,-7.996
DRV,73666,+0.0000,+0.0000,+0.0000,+0.0000,+0.0000,+0.0000,+0.000,+0.000,+0.02495,+0.1310,-0.8682,-39.968,0,0,-0.395,-5.174,+0.20713,-4.779,+5.178,+9.559,-0.395,-3.197,+11.145,2,-0.395,-1.776,+0.34676,-1.381,+8.669,+2.763,-0.395,-3.197,+7.840,2,-0.395,+1.029,-0.31981,+1.424,-7.995,-2.849,-0.395,-3.197,-14.436,2,-0.395,+0.620,+0.03377,+1.015,+0.844,-2.029,-0.395,-3.197,-4.777,2,-4.554,-0.747,+6.368,-6.596
DRV,73670,+0.0000,+0.0000,+0.0000,+0.0000,+0.0000,+0.0000,+0.000,+0.000,+0.02513,-0.0411,-0.8785,-33.496,0,0,-0.399,-1.807,+0.28297,-1.408,+7.074,+2.815,-0.399,-2.680,+6.811,2,-0.399,-0.133,+0.35778,+0.267,+8.945,-0.534,-0.399,-2.680,+5.332,2,-0.399,+0.506,-0.34751,+0.906,-8.688,-1.812,-0.399,-2.680,-13.579,2,-0.399,+2.741,-0.03191,+3.140,-0.798,-6.281,-0.399,-2.680,-10.157,2,+0.934,+0.374,-3.347,-8.247
DRV,73674,+0.0000,+0.0000,+0.0000,+0.0000,+0.0000,+0.0000,+0.000,+0.000,+0.02428,-0.2127,-0.8284,-24.626,0,0,-0.377,-2.525,+0.32359,-2.148,+8.090,+4.296,-0.377,-1.970,+10.039,2,-0.377,+0.030,+0.34510,+0.406,+8.628,-0.812,-0.377,-1.970,+5.468,2,-0.377,+0.258,-0.36288,+0.635,-9.072,-1.270,-0.377,-1.970,-12.689,2,-0.377,+1.334,-0.09444,+1.711,-2.361,-3.422,-0.377,-1.970,-8.129,2,-1.191,+0.288,+1.910,-7.221
DRV,73678,+0.0000,+0.0000,+0.0000,+0.0000,+0.0000,+0.0000,+0.000,+0.000,+0.02293,-0.4597,-0.7423,-11.303,0,0,-0.338,-1.623,+0.37344,-1.285,+9.336,+2.570,-0.338,-0.904,+10.665,2,-0.338,+0.004,+0.33628,+0.342,+8.407,-0.684,-0.338,-0.904,+6.481,2,-0.338,+0.588,-0.38628,+0.925,-9.657,-1.851,-0.338,-0.904,-12.750,2,-0.338,-0.678,-0.10633,-0.341,-2.658,+0.681,-0.338,-0.904,-3.219,2,-2.301,+0.592,+7.445,-6.268
DRV,73682,+0.0000,+0.0000,+0.0000,+0.0000,+0.0000,+0.0000,+0.000,+0.000,+0.02011,-0.7060,-0.5167,+7.571,0,0,-0.235,+1.750,+0.35648,+1.984,+8.912,-3.969,-0.235,+0.606,+5.314,2,-0.235,-0.017,+0.33082,+0.218,+8.271,-0.436,-0.235,+0.606,+8.206,0,-0.235,-0.159,-0.39518,+0.076,-9.880,-0.152,-0.235,+0.606,-9.661,2,-0.235,-1.642,-0.07536,-1.407,-1.884,+2.814,-0.235,+0.606,+1.300,2,+0.108,-0.176,+6.614,-1.456
DRV,73686,+0.0000,+0.0000,+0.0000,+0.0000,+0.0000,+0.0000,+0.000,+0.000,+0.01710,-0.7969,+0.0000,+31.876,0,0,+0.000,+3.718,+0.26932,+3.718,+6.733,-7.436,+0.000,+2.550,+1.847,0,+0.000,+0.231,+0.32573,+0.231,+8.143,-0.462,+0.000,+2.550,+10.232,0,+0.000,-0.179,-0.39145,-0.179,-9.786,+0.358,+0.000,+2.550,-6.879,2,+0.000,-1.064,-0.04210,-1.064,-1.052,+2.128,+0.000,+2.550,+3.625,0,+2.654,+0.052,+5.473,+3.353
DRV,73690,+0.0000,+0.0000,+0.0000,+0.0000,+0.0000,+0.0000,+0.000,+0.000,+0.01355,-0.8875,+0.0000,+35.501,0,0,+0.000,+3.569,+0.20106,+3.569,+5.027,-7.138,+0.000,+2.840,+0.728,0,+0.000,-0.011,+0.32458,-0.011,+8.115,+0.023,+0.000,+2.840,+10.978,2,+0.000,-0.055,-0.39030,-0.055,-9.758,+0.111,+0.000,+2.840,-6.807,0,+0.000,+0.227,-0.03404,+0.227,-0.851,-0.454,+0.000,+2.840,+1.535,0,+3.796,-0.067,+2.263,+4.171
DRV,73694,+0.0000,+0.0000,+0.0000,+0.0000,+0.0000,+0.0000,+0.000,+0.000,+0.00988,-0.9509,+0.0000,+38.037,0,0,+0.000,+2.967,+0.12321,+2.967,+3.080,-5.935,+0.000,+3.043,+0.189,2,+0.000,+0.142,+0.32190,+0.142,+8.047,-0.283,+0.000,+3.043,+10.807,2,+0.000,-0.947,-0.37650,-0.947,-9.412,+1.893,+0.000,+3.043,-4.476,0,+0.000,+0.823,-0.04747,+0.823,-1.187,-1.645,+0.000,+3.043,+0.211,2,+3.790,-0.805,+0.400,+6.331
DRV,73698,+0.0000,+0.0000,+0.0000,+0.0000,+0.0000,+0.0000,+0.000,+0.000,+0.00582,-1.0141,+0.0000,+40.566,0,0,+0.000,+2.283,+0.06147,+2.283,+1.537,-4.565,+0.000,+3.245,+0.217,2,+0.000,+0.198,+0.31883,+0.198,+7.971,-0.397,+0.000,+3.245,+10.819,2,+0.000,-1.261,-0.35234,-1.261,-8.808,+2.522,+0.000,+3.245,-3.042,2,+0.000,+0.751,-0.06703,+0.751,-1.676,-1.503,+0.000,+3.245,+0.067,2,+3.034,-1.062,+0.283,+7.778
DRV,73702,+0.0000,+0.0000,+0.0000,+0.0000,+0.0000,+0.0000,+0.000,+0.000,+0.00206,-0.8653,+0.0000,+34.610,0,0,+0.000,+1.900,+0.01123,+1.900,+0.281,-3.800,+0.000,+2.769,-0.751,2,+0.000,+1.253,+0.29927,+1.253,+7.482,-2.506,+0.000,+2.769,+7.744,2,+0.000,+0.105,-0.34160,+0.105,-8.540,-0.211,+0.000,+2.769,-5.982,2,+0.000,+0.636,-0.08352,+0.636,-2.088,-1.271,+0.000,+2.769,-0.590,2,+2.536,+1.359,-1.341,+1.762
DRV,73706,+0.0000,+0.0000,+0.0000,+0.0000,+0.0000,+0.0000,+0.000,+0.000,-0.00081,-0.7168,+0.0000,+28.673,0,0,+0.000,+1.228,-0.02559,+1.228,-0.640,-2.456,+0.000,+2.294,-0.802,2,+0.000,+2.029,+0.25057,+2.029,+6.264,-4.059,+0.000,+2.294,+4.499,2,+0.000,+0.289,-0.35157,+0.289,-8.789,-0.579,+0.000,+2.294,-7.074,2,+0.000,+0.626,-0.09847,+0.626,-2.462,-1.252,+0.000,+2.294,-1.420,2,+1.854,+2.319,-2.222,-2.575
DRV,73710,+0.0000,+0.0000,+0.0000,+0.0000,+0.0000,+0.0000,+0.000,+0.000,-0.00336,-0.5619,+0.0000,+22.475,0,0,+0.000,+0.753,-0.04706,+0.753,-1.177,-1.507,+0.000,+1.798,-0.885,2,+0.000,+0.819,+0.21643,+0.819,+5.411,-1.638,+0.000,+1.798,+5.570,2,+0.000,-0.358,-0.34735,-0.358,-8.684,+0.715,+0.000,+1.798,-6.171,2,+0.000,+0.458,-0.11190,+0.458,-2.797,-0.916,+0.000,+1.798,-1.916,2,+1.212,+0.462,-2.801,-0.600
DRV,73714,+0.0000,+0.0000,+0.0000,+0.0000,+0.0000,+0.0000,+0.000,+0.000,-0.00499,-0.4074,+0.0000,+16.296,0,0,+0.000,+0.511,-0.06202,+0.511,-1.551,-1.022,+0.000,+1.304,-1.269,2,+0.000,+0.634,+0.19994,+0.634,+4.999,-1.268,+0.000,+1.304,+5.034,2,+0.000,+0.212,-0.34620,+0.212,-8.655,-0.424,+0.000,+1.304,-7.776,2,+0.000,+0.060,-0.11726,+0.060,-2.932,-0.119,+0.000,+1.304,-1.747,2,+0.571,+0.846,-3.016,-2.742
DRV,73718,+0.0000,+0.0000,+0.0000,+0.0000,+0.0000,+0.0000,+0.000,+0.000,-0.00659,-0.3938,+0.0000,+15.752,0,0,+0.000,+0.033,-0.06662,+0.033,-1.666,-0.066,+0.000,+1.260,-0.471,2,+0.000,+0.360,+0.18921,+0.360,+4.730,-0.721,+0.000,+1.260,+5.269,0,+0.000,+0.034,-0.35080,+0.034,-8.770,-0.068,+0.000,+1.260,-7.578,2,+0.000,-0.305,-0.11228,-0.305,-2.807,+0.610,+0.000,+1.260,-0.936,2,-0.272,+0.394,-1.408,-2.308
DRV,73722,+0.0000,+0.0000,+0.0000,+0.0000,+0.0000,+0.0000,+0.000,+0.000,-0.00812,-0.3803,+0.0000,+15.211,0,0,+0.000,-0.127,-0.06471,-0.127,-1.618,+0.254,+0.000,+1.217,-0.147,0,+0.000,+0.649,+0.17808,+0.649,+4.452,-1.298,+0.000,+1.217,+4.371,2,+0.000,+0.550,-0.35771,+0.550,-8.943,-1.101,+0.000,+1.217,-8.826,2,+0.000,-0.124,-0.10729,-0.124,-2.682,+0.247,+0.000,+1.217,-1.218,2,-0.250,+1.199,-1.366,-4.455
DRV,73726,+0.0000,+0.0000,+0.0000,+0.0000,+0.0000,+0.0000,+0.000,+0.000,-0.00983,-0.4782,+0.0000,+19.128,0,0,+0.000,-0.196,-0.06164,-0.196,-1.541,+0.392,+0.000,+1.530,+0.381,0,+0.000,-0.249,+0.17348,-0.249,+4.337,+0.498,+0.000,+1.530,+6.365,2,+0.000,+0.956,-0.38072,+0.956,-9.518,-1.911,+0.000,+1.530,-9.899,2,+0.000,+0.000,-0.10614,+0.000,-2.654,+0.000,+0.000,+1.530,-1.123,0,-0.196,+0.707,-0.742,-3.534
DRV,73730,+0.0000,+0.0000,+0.0000,+0.0000,+0.0000,+0.0000,+0.000,+0.000,-0.01214,-0.5759,+0.0000,+23.034,0,0,+0.000,-0.221,-0.05665,-0.221,-1.416,+0.443,+0.000,+1.843,+0.869,2,+0.000,-1.398,+0.19956,-1.398,+4.989,+2.796,+0.000,+1.843,+9.628,2,+0.000,+0.445,-0.39759,+0.445,-9.940,-0.890,+0.000,+1.843,-8.987,0,+0.000,+0.079,-0.10729,+0.079,-2.682,-0.158,+0.000,+1.843,-0.998,0,-0.142,-0.953,-0.129,+0.641
DRV,73734,+0.0000,+0.0000,+0.0000,+0.0000,+0.0000,+0.0000,+0.000,+0.000,-0.01469,-0.7005,+0.0000,+28.022,0,0,+0.000,-0.708,-0.04553,-0.708,-1.138,+1.415,+0.000,+2.242,+2.519,2,+0.000,-0.657,+0.22564,-0.657,+5.641,+1.314,+0.000,+2.242,+9.197,2,+0.000,-0.250,-0.39797,-0.250,-9.949,+0.501,+0.000,+2.242,-7.207,0,+0.000,+0.182,-0.11113,+0.182,-2.778,-0.364,+0.000,+2.242,-0.901,2,-0.525,-0.907,+1.618,+1.990
DRV,73738,+0.0000,+0.0000,+0.0000,+0.0000,+0.0000,+0.0000,+0.000,+0.000,-0.01799,-0.8249,+0.0503,+35.005,0,0,+0.023,-2.636,+0.00308,-2.659,+0.077,+5.318,+0.023,+2.800,+8.218,2,+0.023,-0.006,+0.22976,-0.029,+5.744,+0.058,+0.023,+2.800,+8.625,2,+0.023,-0.822,-0.37928,-0.844,-9.482,+1.689,+0.023,+2.800,-4.970,2,+0.023,+0.337,-0.11698,+0.314,-2.924,-0.628,+0.023,+2.800,-0.729,2,-2.299,-0.828,+7.489,+3.656
DRV,73742,+0.0000,+0.0000,+0.0000,+0.0000,+0.0000,+0.0000,+0.000,+0.000,-0.02126,-0.8134,+0.1508,+38.567,0,0,+0.069,-1.718,+0.06702,-1.786,+1.676,+3.572,+0.069,+3.085,+8.402,2,+0.069,+0.226,+0.22890,+0.157,+5.722,-0.314,+0.069,+3.085,+8.562,2,+0.069,+0.391,-0.37477,+0.323,-9.369,-0.646,+0.069,+3.085,-6.861,2,+0.069,+1.195,-0.13740,+1.127,-3.435,-2.254,+0.069,+3.085,-2.535,2,-0.522,+0.617,+5.867,+1.701
DRV,73746,+0.0000,+0.0000,+0.0000,+0.0000,+0.0000,+0.0000,+0.000,+0.000,-0.02447,-0.8019,+0.2513,+42.130,0,0,+0.114,-0.840,+0.09262,-0.954,+2.315,+1.908,+0.114,+3.370,+7.708,2,+0.114,+1.603,+0.20655,+1.489,+5.164,-2.978,+0.114,+3.370,+5.671,2,+0.114,+1.438,-0.40172,+1.324,-10.043,-2.648,+0.114,+3.370,-9.206,2,+0.114,+1.367,-0.17278,+1.252,-4.320,-2.505,+0.114,+3.370,-3.340,2,+0.527,+3.041,+4.369,-3.535
DRV,73750,+0.0000,+0.0000,+0.0000,+0.0000,+0.0000,+0.0000,+0.000,+0.000,-0.02738,-0.6505,+0.3519,+40.095,0,0,+0.160,-0.647,+0.11975,-0.807,+2.994,+1.613,+0.160,+3.208,+7.974,2,+0.160,+2.457,+0.15468,+2.297,+3.867,-4.594,+0.160,+3.208,+2.640,2,+0.160,+0.790,-0.42445,+0.630,-10.611,-1.260,+0.160,+3.208,-8.504,2,+0.160,+0.707,-0.19321,+0.547,-4.830,-1.093,+0.160,+3.208,-2.556,2,+0.060,+3.247,+5.419,-5.863
DRV,73754,+0.0000,+0.0000,+0.0000,+0.0000,+0.0000,+0.0000,+0.000,+0.000,-0.02938,-0.4996,+0.4524,+38.079,0,0,+0.206,+0.611,+0.11926,+0.405,+2.982,-0.810,+0.206,+3.046,+5.423,2,+0.206,+0.728,+0.12198,+0.522,+3.049,-1.044,+0.206,+3.046,+5.258,0,+0.206,+0.223,-0.42877,+0.017,-10.719,-0.035,+0.206,+3.046,-7.502,2,+0.206,+0.593,-0.20558,+0.387,-5.140,-0.774,+0.206,+3.046,-2.662,2,+1.204,+0.951,+2.762,-2.244
DRV,73758,+0.0000,+0.0000,+0.0000,+0.0000,+0.0000,+0.0000,+0.000,+0.000,-0.03117,-0.3991,+0.5529,+38.080,0,0,+0.251,+0.136,+0.11494,-0.116,+2.873,+0.231,+0.251,+3.046,+6.402,0,+0.251,-0.748,+0.13837,-0.999,+3.459,+1.998,+0.251,+3.046,+8.755,0,+0.251,+0.128,-0.42619,-0.123,-10.655,+0.246,+0.251,+3.046,-7.111,2,+0.251,-0.060,-0.20454,-0.311,-5.113,+0.622,+0.251,+3.046,-1.194,2,+0.076,-0.619,+5.209,+1.645
DRV,73762,+0.0000,+0.0000,+0.0000,+0.0000,+0.0000,+0.0000,+0.000,+0.000,-0.03237,-0.2989,+1.2245,+60.937,0,0,+0.557,+0.463,+0.11886,-0.094,+2.972,+0.189,+0.557,+4.875,+8.592,0,+0.557,-0.088,+0.15495,-0.645,+3.874,+1.289,+0.557,+4.875,+10.595,2,+0.557,+0.082,-0.41881,-0.474,-10.470,+0.949,+0.557,+4.875,-4.090,2,+0.557,-0.229,-0.18834,-0.786,-4.709,+1.572,+0.557,+4.875,+2.296,0,+0.233,-0.005,+10.888,+6.505
DRV,73766,+0.0000,+0.0000,+0.0000,+0.0000,+0.0000,+0.0000,+0.000,+0.000,-0.03345,-0.2427,+1.2682,+60.435,0,0,+0.577,+1.586,+0.11254,+1.010,+2.813,-2.020,+0.577,+4.835,+6.205,2,+0.577,+0.166,+0.16703,-0.411,+4.176,+0.821,+0.577,+4.835,+10.409,2,+0.577,+0.532,-0.40980,-0.045,-10.245,+0.089,+0.577,+4.835,-4.744,0,+0.577,+0.181,-0.17242,-0.395,-4.311,+0.791,+0.577,+4.835,+1.892,0,+1.768,+0.698,+8.097,+5.664
DRV,73770,+0.0000,+0.0000,+0.0000,+0.0000,+0.0000,+0.0000,+0.000,+0.000,-0.03420,-0.1866,+1.2975,+59.364,0,0,+0.590,+4.100,+0.04560,+3.510,+1.140,-7.020,+0.590,+4.749,-0.541,2,+0.590,+0.339,+0.17410,-0.251,+4.353,+0.502,+0.590,+4.749,+10.194,2,+0.590,+0.582,-0.41269,-0.008,-10.317,+0.017,+0.590,+4.749,-4.962,0,+0.590,+0.546,-0.16612,-0.044,-4.153,+0.089,+0.590,+4.749,+1.275,2,+4.645,+0.921,+0.735,+5.232
DRV,73774,+0.0000,+0.0000,+0.0000,+0.0000,+0.0000,+0.0000,+0.000,+0.000,-0.03462,-0.0229,+1.3136,+53.460,0,0,+0.597,+3.500,-0.03566,+2.903,-0.892,-5.806,+0.597,+4.277,-1.824,2,+0.597,+0.563,+0.17683,-0.034,+4.421,+0.068,+0.597,+4.277,+9.363,2,+0.597,+0.167,-0.40229,-0.430,-10.057,+0.860,+0.597,+4.277,-4.323,2,+0.597,+0.537,-0.16492,-0.060,-4.123,+0.121,+0.597,+4.277,+0.872,2,+4.037,+0.731,-0.952,+5.040
DRV,73778,+0.0000,+0.0000,+0.0000,+0.0000,+0.0000,+0.0000,+0.000,+0.000,-0.03406,+0.1403,+1.2919,+46.064,0,0,+0.587,+1.496,-0.07567,+0.909,-1.892,-1.818,+0.587,+3.685,+0.563,2,+0.587,+0.892,+0.17210,+0.305,+4.303,-0.609,+0.587,+3.685,+7.966,2,+0.587,+0.417,-0.39437,-0.170,-9.859,+0.340,+0.587,+3.685,-5.246,2,+0.587,+0.389,-0.16121,-0.199,-4.030,+0.398,+0.587,+3.685,+0.640,2,+1.885,+1.309,+1.203,+2.720
DRV,73782,+0.0000,+0.0000,+0.0000,+0.0000,+0.0000,+0.0000,+0.000,+0.000,-0.03318,+0.2994,+1.2572,+38.314,0,0,+0.572,+0.570,-0.07996,-0.001,-1.999,+0.003,+0.572,+3.065,+1.641,2,+0.572,+1.203,+0.15784,+0.631,+3.946,-1.263,+0.572,+3.065,+6.320,2,+0.572,+0.613,-0.39482,+0.042,-9.871,-0.083,+0.572,+3.065,-6.317,2,+0.572,+0.214,-0.15323,-0.358,-3.831,+0.715,+0.572,+3.065,+0.521,2,+0.784,+1.816,+2.162,+0.003
DRV,73786,+0.0000,+0.0000,+0.0000,+0.0000,+0.0000,+0.0000,+0.000,+0.000,-0.03134,+0.4580,+1.1817,+28.948,0,0,+0.537,+0.448,-0.07774,-0.089,-1.944,+0.178,+0.537,+2.316,+1.088,2,+0.537,+1.324,+0.13744,+0.787,+3.436,-1.574,+0.537,+2.316,+4.715,2,+0.537,+0.659,-0.39836,+0.122,-9.959,-0.244,+0.537,+2.316,-7.350,2,+0.537,+0.074,-0.14257,-0.463,-3.564,+0.926,+0.537,+2.316,+0.215,2,+0.523,+1.984,+1.303,-2.635
DRV,73790,+0.0000,+0.0000,+0.0000,+0.0000,+0.0000,+0.0000,+0.000,+0.000,-0.02933,+0.5491,+1.0927,+21.742,0,0,+0.497,+0.384,-0.07494,-0.113,-1.874,+0.225,+0.497,+1.739,+0.588,2,+0.497,+0.987,+0.12259,+0.490,+3.065,-0.979,+0.497,+1.739,+4.322,2,+0.497,+0.416,-0.39786,-0.081,-9.946,+0.161,+0.497,+1.739,-7.549,2,+0.497,-0.031,-0.13019,-0.528,-3.255,+1.056,+0.497,+1.739,+0.037,2,+0.353,+1.403,+0.625,-3.227
DRV,73794,+0.0000,+0.0000,+0.0000,+0.0000,+0.0000,+0.0000,+0.000,+0.000,-0.02677,+0.6400,+0.9677,+13.109,0,0,+0.440,+0.171,-0.07004,-0.269,-1.751,+0.539,+0.440,+1.049,+0.277,2,+0.440,+0.647,+0.11178,+0.207,+2.794,-0.414,+0.440,+1.049,+3.869,0,+0.440,+0.352,-0.39640,-0.088,-9.910,+0.175,+0.440,+1.049,-8.246,2,+0.440,-0.119,-0.11646,-0.559,-2.911,+1.119,+0.440,+1.049,-0.304,2,+0.051,+0.999,-0.028,-4.377
DRV,73798,+0.0000,+0.0000,+0.0000,+0.0000,+0.0000,+0.0000,+0.000,+0.000,-0.02431,+0.5922,+0.8300,+9.513,0,0,+0.377,-0.478,-0.05517,-0.856,-1.379,+1.711,+0.377,+0.761,+1.471,0,+0.377,-0.030,+0.11821,-0.407,+2.955,+0.814,+0.377,+0.761,+4.908,0,+0.377,+0.223,-0.39342,-0.154,-9.836,+0.309,+0.377,+0.761,-8.389,2,+0.377,-0.106,-0.10351,-0.483,-2.588,+0.967,+0.377,+0.761,-0.483,0,-0.584,+0.194,+0.988,-3.481
DRV,73802,+0.0000,+0.0000,+0.0000,+0.0000,+0.0000,+0.0000,+0.000,+0.000,-0.02213,+0.5445,+0.6854,+5.639,0,0,+0.312,-0.679,-0.03425,-0.991,-0.856,+1.982,+0.312,+0.451,+1.889,0,+0.312,-0.159,+0.13184,-0.470,+3.296,+0.941,+0.312,+0.451,+5.000,2,+0.312,+0.143,-0.38976,-0.169,-9.744,+0.338,+0.312,+0.451,-8.643,0,+0.312,+0.277,-0.09755,-0.035,-2.439,+0.069,+0.312,+0.451,-1.607,0,-0.402,-0.016,+0.282,-3.643
DRV,73806,+0.0000,+0.0000,+0.0000,+0.0000,+0.0000,+0.0000,+0.000,+0.000,-0.02013,+0.4543,+0.5188,+2.581,0,0,+0.236,-0.227,-0.01788,-0.463,-0.447,+0.926,+0.236,+0.206,+0.921,2,+0.236,+0.194,+0.13632,-0.042,+3.408,+0.085,+0.236,+0.206,+3.935,2,+0.236,+0.112,-0.38567,-0.124,-9.642,+0.248,+0.236,+0.206,-8.952,2,+0.236,+0.370,-0.09844,+0.134,-2.461,-0.267,+0.236,+0.206,-2.286,2,+0.143,+0.306,-1.365,-5.017
DRV,73810,+0.0000,+0.0000,+0.0000,+0.0000,+0.0000,+0.0000,+0.000,+0.000,-0.01867,+0.3643,+0.3501,-0.569,0,0,+0.159,-0.299,-0.00645,-0.459,-0.161,+0.917,+0.159,-0.046,+0.870,2,+0.159,+0.044,+0.13816,-0.115,+3.454,+0.231,+0.159,-0.046,+3.798,2,+0.159,-0.005,-0.38229,-0.164,-9.557,+0.328,+0.159,-0.046,-9.116,2,+0.159,-0.109,-0.09621,-0.268,-2.405,+0.537,+0.159,-0.046,-1.755,2,-0.409,+0.039,-0.885,-5.317
DRV,73814,+0.0000,+0.0000,+0.0000,+0.0000,+0.0000,+0.0000,+0.000,+0.000,-0.01753,+0.2077,+0.0874,-4.813,0,0,+0.040,-0.044,-0.00085,-0.084,-0.021,+0.168,+0.040,-0.385,-0.198,2,+0.040,+0.198,+0.13686,+0.158,+3.422,-0.316,+0.040,-0.385,+2.760,2,+0.040,-0.205,-0.37822,-0.245,-9.455,+0.490,+0.040,-0.385,-9.311,2,+0.040,-0.285,-0.08754,-0.325,-2.188,+0.650,+0.040,-0.385,-1.884,2,-0.329,-0.007,-2.082,-6.551
DRV,73818,+0.0000,+0.0000,+0.0000,+0.0000,+0.0000,+0.0000,+0.000,+0.000,-0.01732,+0.0515,+0.0000,-2.061,0,0,+0.000,-0.058,-0.00008,-0.058,-0.002,+0.116,+0.000,-0.165,-0.050,2,+0.000,+0.058,+0.13303,+0.058,+3.326,-0.115,+0.000,-0.165,+3.045,2,+0.000,-0.737,-0.36479,-0.737,-9.120,+1.473,+0.000,-0.165,-7.811,2,+0.000,-0.389,-0.07872,-0.389,-1.968,+0.777,+0.000,-0.165,-1.356,2,-0.447,-0.679,-1.406,-4.766
DRV,73822,+0.0000,+0.0000,+0.0000,+0.0000,+0.0000,+0.0000,+0.000,+0.000,-0.01750,-0.1423,+0.0503,+7.702,0,0,+0.023,-0.083,+0.00251,-0.106,+0.063,+0.213,+0.023,+0.616,+0.914,2,+0.023,-0.138,+0.13523,-0.161,+3.381,+0.321,+0.023,+0.616,+4.341,2,+0.023,-0.670,-0.34648,-0.693,-8.662,+1.386,+0.023,+0.616,-6.637,2,+0.023,-0.408,-0.06769,-0.431,-1.692,+0.861,+0.023,+0.616,-0.192,2,-0.491,-0.808,+0.722,-2.296
DRV,73826,+0.0000,+0.0000,+0.0000,+0.0000,+0.0000,+0.0000,+0.000,+0.000,-0.01885,-0.3355,+0.1508,+19.451,0,0,+0.069,-0.044,+0.00586,-0.112,+0.147,+0.225,+0.069,+1.556,+1.996,2,+0.069,+0.060,+0.13782,-0.009,+3.446,+0.018,+0.069,+1.556,+5.088,2,+0.069,-0.547,-0.33047,-0.616,-8.262,+1.231,+0.069,+1.556,-5.406,2,+0.069,-0.349,-0.05667,-0.418,-1.417,+0.835,+0.069,+1.556,+1.043,2,-0.393,-0.487,+3.039,-0.318
DRV,73830,+0.0000,+0.0000,+0.0000,+0.0000,+0.0000,+0.0000,+0.000,+0.000,-0.02132,-0.7113,+0.2513,+38.507,0,0,+0.114,+0.139,+0.00615,+0.025,+0.154,-0.050,+0.114,+3.081,+3.299,2,+0.114,+0.229,+0.13465,+0.115,+3.366,-0.230,+0.114,+3.081,+6.331,0,+0.114,-0.417,-0.31753,-0.532,-7.938,+1.063,+0.114,+3.081,-3.680,2,+0.114,-0.171,-0.04756,-0.285,-1.189,+0.571,+0.114,+3.081,+2.577,2,-0.032,-0.188,+5.875,+2.651
DRV,73834,+0.0000,+0.0000,+0.0000,+0.0000,+0.0000,+0.0000,+0.000,+0.000,-0.02416,-0.7099,+0.3519,+42.471,0,0,+0.160,+0.275,+0.00566,+0.115,+0.142,-0.230,+0.160,+3.398,+3.469,0,+0.160,+0.162,+0.13532,+0.002,+3.383,-0.004,+0.160,+3.398,+6.936,2,+0.160,-0.168,-0.30690,-0.328,-7.672,+0.656,+0.160,+3.398,-3.459,2,+0.160,+0.335,-0.04728,+0.175,-1.182,-0.349,+0.160,+3.398,+2.026,2,+0.610,-0.006,+5.495,+3.477
DRV,73838,+0.0000,+0.0000,+0.0000,+0.0000,+0.0000,+0.0000,+0.000,+0.000,-0.02745,-0.8606,+0.4524,+52.520,0,0,+0.206,+0.228,+0.00402,+0.023,+0.101,-0.045,+0.206,+4.202,+4.463,0,+0.206,+0.345,+0.13292,+0.139,+3.323,-0.278,+0.206,+4.202,+7.452,2,+0.206,-0.148,-0.29895,-0.354,-7.474,+0.707,+0.206,+4.202,-2.359,2,+0.206,+0.447,-0.05429,+0.242,-1.357,-0.483,+0.206,+4.202,+2.567,0,+0.676,+0.197,+7.030,+5.093
DRV,73842,+0.0000,+0.0000,+0.0000,+0.0000,+0.0000,+0.0000,+0.000,+0.000,-0.03089,-0.8589,+0.5529,+56.472,0,0,+0.251,+0.288,+0.00469,+0.037,+0.117,-0.073,+0.251,+4.518,+4.813,2,+0.251,+0.562,+0.12668,+0.310,+3.167,-0.621,+0.251,+4.518,+7.316,2,+0.251,-0.139,-0.28870,-0.390,-7.217,+0.780,+0.251,+4.518,-1.668,0,+0.251,+0.281,-0.05439,+0.029,-1.360,-0.059,+0.251,+4.518,+3.351,2,+0.569,+0.423,+8.164,+5.648
DRV,73846,+0.0000,+0.0000,+0.0000,+0.0000,+0.0000,+0.0000,+0.000,+0.000,-0.03366,-0.6397,+0.6535,+51.724,0,0,+0.297,+0.524,+0.00075,+0.226,+0.019,-0.453,+0.297,+4.138,+4.001,2,+0.297,+0.854,+0.11468,+0.557,+2.867,-1.115,+0.297,+4.138,+6.187,2,+0.297,-0.075,-0.27998,-0.372,-7.000,+0.744,+0.297,+4.138,-1.820,2,+0.297,+0.020,-0.05028,-0.277,-1.257,+0.554,+0.297,+4.138,+3.732,2,+0.544,+0.780,+7.733,+4.367
DRV,73850,+0.0000,+0.0000,+0.0000,+0.0000,+0.0000,+0.0000,+0.000,+0.000,-0.03622,-0.6384,+1.3735,+80.477,0,0,+0.625,+0.356,+0.00505,-0.269,+0.126,+0.538,+0.625,+6.438,+7.727,2,+0.625,+1.123,+0.10249,+0.498,+2.562,-0.997,+0.625,+6.438,+8.628,2,+0.625,-0.160,-0.26149,-0.784,-6.537,+1.569,+0.625,+6.438,+2.094,2,+0.625,-0.277,-0.02987,-0.902,-0.747,+1.803,+0.625,+6.438,+8.119,2,+0.079,+0.963,+15.846,+10.723
DRV,73854,+0.0000,+0.0000,+0.0000,+0.0000,+0.0000,+0.0000,+0.000,+0.000,-0.03719,-0.1106,+1.4086,+60.767,0,0,+0.641,+1.388,-0.00152,+0.748,-0.038,-1.495,+0.641,+4.861,+3.969,2,+0.641,+2.008,+0.07790,+1.368,+1.947,-2.736,+0.641,+4.861,+4.713,2,+0.641,+0.264,-0.24697,-0.376,-6.174,+0.753,+0.641,+4.861,+0.080,2,+0.641,+0.735,-0.02148,+0.094,-0.537,-0.189,+0.641,+4.861,+4.776,2,+2.123,+2.273,+8.745,+4.794
DRV,73858,+0.0000,+0.0000,+0.0000,+0.0000,+0.0000,+0.0000,+0.000,+0.000,-0.03763,-0.1104,+1.4243,+61.385,0,0,+0.648,+0.571,-0.01022,-0.077,-0.255,+0.154,+0.648,+4.911,+5.457,2,+0.648,+1.703,+0.04274,+1.055,+1.068,-2.110,+0.648,+4.911,+4.517,2,+0.648,+0.193,-0.23764,-0.455,-5.941,+0.909,+0.648,+4.911,+0.527,2,+0.648,+0.333,-0.02097,-0.315,-0.524,+0.630,+0.648,+4.911,+5.664,2,+0.904,+1.896,+11.120,+5.043
DRV,73862,+0.0000,+0.0000,+0.0000,+0.0000,+0.0000,+0.0000,+0.000,+0.000,-0.03584,+0.6339,+1.3596,+29.027,0,0,+0.618,+1.122,-0.01167,+0.504,-0.292,-1.008,+0.618,+2.322,+1.641,2,+0.618,+0.970,+0.02863,+0.352,+0.716,-0.703,+0.618,+2.322,+2.953,0,+0.618,+0.154,-0.22529,-0.465,-5.632,+0.929,+0.618,+2.322,-1.763,2,+0.618,+0.258,-0.00862,-0.360,-0.216,+0.720,+0.618,+2.322,+3.444,2,+1.380,+1.123,+5.085,+1.190
DRV,73866,+0.0000,+0.0000,+0.0000,+0.0000,+0.0000,+0.0000,+0.000,+0.000,-0.03331,+0.6326,+1.2625,+25.194,0,0,+0.574,+1.013,-0.02688,+0.439,-0.672,-0.878,+0.574,+2.016,+1.039,2,+0.574,+0.611,+0.02340,+0.037,+0.585,-0.074,+0.574,+2.016,+3.100,0,+0.574,+0.181,-0.21595,-0.393,-5.399,+0.786,+0.574,+2.016,-2.023,2,+0.574,+0.118,+0.00033,-0.456,+0.008,+0.913,+0.574,+2.016,+3.511,2,+1.131,+0.793,+4.550,+1.077
DRV,73870,+0.0000,+0.0000,+0.0000,+0.0000,+0.0000,+0.0000,+0.000,+0.000,-0.02831,+1.4546,+1.0448,-16.395,0,0,+0.475,+0.867,-0.03489,+0.392,-0.872,-0.785,+0.475,-1.312,-2.493,0,+0.475,+0.613,+0.02152,+0.138,+0.538,-0.276,+0.475,-1.312,-0.575,0,+0.475,+0.178,-0.20786,-0.297,-5.196,+0.593,+0.475,-1.312,-5.439,2,+0.475,+0.296,+0.00842,-0.179,+0.211,+0.358,+0.475,-1.312,-0.268,2,+1.163,+0.792,-2.761,-6.014
DRV,73874,+0.0000,+0.0000,+0.0000,+0.0000,+0.0000,+0.0000,+0.000,+0.000,-0.02250,+1.4517,+0.7124,-29.575,0,0,+0.324,+0.522,-0.04412,+0.198,-1.103,-0.396,+0.324,-2.366,-3.542,0,+0.324,+0.411,+0.02149,+0.087,+0.537,-0.174,+0.324,-2.366,-1.679,2,+0.324,-0.498,-0.19408,-0.822,-4.852,+1.643,+0.324,-2.366,-5.250,2,+0.324,-0.044,+0.01530,-0.368,+0.383,+0.737,+0.324,-2.366,-0.923,0,+0.478,-0.087,-4.464,-6.929
DRV,73878,+0.0000,+0.0000,+0.0000,+0.0000,+0.0000,+0.0000,+0.000,+0.000,-0.01572,+1.7748,+0.0000,-70.994,0,0,+0.000,+0.138,-0.04551,+0.138,-1.138,-0.277,+0.000,-5.680,-7.094,0,+0.000,+0.115,+0.01857,+0.115,+0.464,-0.230,+0.000,-5.680,-5.445,2,+0.000,-0.412,-0.17744,-0.412,-4.436,+0.824,+0.000,-5.680,-9.292,0,+0.000,+0.043,+0.01813,+0.043,+0.453,-0.087,+0.000,-5.680,-5.313,0,+0.182,-0.297,-12.407,-14.737
DRV,73882,+0.0000,+0.0000,+0.0000,+0.0000,+0.0000,+0.0000,+0.000,+0.000,-0.00864,+1.7713,+0.0000,-70.852,0,0,+0.000,-0.083,-0.04666,-0.083,-1.167,+0.167,+0.000,-5.668,-6.668,2,+0.000,-0.580,+0.02394,-0.580,+0.598,+1.160,+0.000,-5.668,-3.910,2,+0.000,-0.702,-0.16747,-0.702,-4.187,+1.404,+0.000,-5.668,-8.451,0,+0.000,-0.467,+0.02235,-0.467,+0.559,+0.934,+0.000,-5.668,-4.176,2,-0.550,-1.282,-10.844,-12.361
DRV,73886,+0.0000,+0.0000,+0.0000,+0.0000,+0.0000,+0.0000,+0.000,+0.000,-0.00225,+1.5380,+0.0000,-61.520,0,0,+0.000,+0.033,-0.04359,+0.033,-1.090,-0.067,+0.000,-4.922,-6.078,2,+0.000,-0.943,+0.04771,-0.943,+1.193,+1.886,+0.000,-4.922,-1.842,2,+0.000,-0.936,-0.14408,-0.936,-3.602,+1.872,+0.000,-4.922,-6.651,2,+0.000,-1.140,+0.04843,-1.140,+1.211,+2.280,+0.000,-4.922,-1.431,2,-1.107,-1.879,-7.509,-8.494
DRV,73890,+0.0000,+0.0000,+0.0000,+0.0000,+0.0000,+0.0000,+0.000,+0.000,+0.00389,+1.5349,+0.0000,-61.397,0,0,+0.000,+0.447,-0.05357,+0.447,-1.339,-0.895,+0.000,-4.912,-7.145,2,+0.000,+0.090,+0.05538,+0.090,+1.385,-0.179,+0.000,-4.912,-3.706,2,+0.000,-0.308,-0.13104,-0.308,-3.276,+0.616,+0.000,-4.912,-7.572,2,+0.000,-0.343,+0.06722,-0.343,+1.680,+0.687,+0.000,-4.912,-2.545,2,+0.104,-0.218,-9.690,-11.278
DRV,73894,+0.0000,+0.0000,+0.0000,+0.0000,+0.0000,+0.0000,+0.000,+0.000,+0.00709,+0.5549,+0.0000,-22.195,0,0,+0.000,-0.267,-0.05280,-0.267,-1.320,+0.533,+0.000,-1.776,-2.562,2,+0.000,-0.082,+0.05231,-0.082,+1.308,+0.163,+0.000,-1.776,-0.305,2,+0.000,-0.675,-0.11992,-0.675,-2.998,+1.350,+0.000,-1.776,-3.423,2,+0.000,-0.186,+0.07029,-0.186,+1.757,+0.373,+0.000,-1.776,+0.354,2,-0.453,-0.757,-2.208,-3.728
DRV,73898,+0.0000,+0.0000,+0.0000,+0.0000,+0.0000,+0.0000,+0.000,+0.000,+0.00931,+0.5538,+0.0000,-22.151,0,0,+0.000,+0.484,-0.05778,+0.484,-1.445,-0.969,+0.000,-1.772,-4.186,2,+0.000,-0.084,+0.05692,-0.084,+1.423,+0.168,+0.000,-1.772,-0.181,2,+0.000,-0.407,-0.10419,-0.407,-2.605,+0.813,+0.000,-1.772,-3.563,2,+0.000,-0.380,+0.07949,-0.380,+1.987,+0.759,+0.000,-1.772,+0.974,2,+0.105,-0.491,-3.211,-3.745
DRV,73902,+0.0000,+0.0000,+0.0000,+0.0000,+0.0000,+0.0000,+0.000,+0.000,+0.00793,-0.6429,+0.0000,+25.716,0,0,+0.000,-0.190,-0.06239,-0.190,-1.560,+0.381,+0.000,+2.057,+0.878,2,+0.000,+0.066,+0.05615,+0.066,+1.404,-0.133,+0.000,+2.057,+3.328,0,+0.000,-0.277,-0.09882,-0.277,-2.471,+0.554,+0.000,+2.057,+0.141,2,+0.000,-0.505,+0.09176,-0.505,+2.294,+1.010,+0.000,+2.057,+5.361,2,-0.695,-0.211,+6.239,+3.469
DRV,73906,+0.0000,+0.0000,+0.0000,+0.0000,+0.0000,+0.0000,+0.000,+0.000,+0.00536,-0.6416,+0.0000,+25.664,0,0,+0.000,+0.096,-0.06008,+0.096,-1.502,-0.193,+0.000,+2.053,+0.358,2,+0.000,+0.596,+0.04848,+0.596,+1.212,-1.191,+0.000,+2.053,+2.074,0,+0.000,-0.098,-0.09461,-0.098,-2.365,+0.196,+0.000,+2.053,-0.116,2,+0.000,+0.377,+0.09138,+0.377,+2.285,-0.754,+0.000,+2.053,+3.583,2,+0.473,+0.497,+3.942,+1.958
DRV,73910,+0.0000,+0.0000,+0.0000,+0.0000,+0.0000,+0.0000,+0.000,+0.000,+0.00096,-1.2525,+0.0000,+50.099,0,0,+0.000,+0.014,-0.06239,+0.014,-1.560,-0.028,+0.000,+4.008,+2.421,0,+0.000,+0.853,+0.03276,+0.853,+0.819,-1.706,+0.000,+4.008,+3.121,2,+0.000,-0.366,-0.08885,-0.366,-2.221,+0.731,+0.000,+4.008,+2.518,2,+0.000,+0.028,+0.08371,+0.028,+2.093,-0.056,+0.000,+4.008,+6.044,0,+0.042,+0.487,+8.465,+5.639
DRV,73914,+0.0000,+0.0000,+0.0000,+0.0000,+0.0000,+0.0000,+0.000,+0.000,-0.00404,-1.2500,+0.0000,+49.999,0,0,+0.000,-0.022,-0.06162,-0.022,-1.540,+0.044,+0.000,+4.000,+2.503,2,+0.000,+0.509,+0.01627,+0.509,+0.407,-1.018,+0.000,+4.000,+3.389,2,+0.000,-0.326,-0.07850,-0.326,-1.962,+0.652,+0.000,+4.000,+2.690,0,+0.000,-0.049,+0.08716,-0.049,+2.179,+0.097,+0.000,+4.000,+6.276,0,-0.071,+0.183,+8.779,+6.079
DRV,73918,+0.0000,+0.0000,+0.0000,+0.0000,+0.0000,+0.0000,+0.000,+0.000,-0.00894,-1.2161,+0.0000,+48.644,0,0,+0.000,+0.154,-0.06507,+0.154,-1.627,-0.309,+0.000,+3.891,+1.956,2,+0.000,+0.282,+0.00668,+0.282,+0.167,-0.565,+0.000,+3.891,+3.494,2,+0.000,-0.174,-0.07390,-0.174,-1.847,+0.348,+0.000,+3.891,+2.392,0,+0.000,+0.007,+0.08678,+0.007,+2.169,-0.013,+0.000,+3.891,+6.048,2,+0.161,+0.108,+8.003,+5.886
DRV,73922,+0.0000,+0.0000,+0.0000,+0.0000,+0.0000,+0.0000,+0.000,+0.000,-0.01379,-1.2137,+0.0000,+48.546,0,0,+0.000,+0.031,-0.06660,+0.031,-1.665,-0.063,+0.000,+3.884,+2.156,2,+0.000,+0.045,+0.00323,+0.045,+0.081,-0.090,+0.000,+3.884,+3.875,2,+0.000,-0.288,-0.06929,-0.288,-1.732,+0.576,+0.000,+3.884,+2.727,2,+0.000,-0.043,+0.08755,-0.043,+2.189,+0.087,+0.000,+3.884,+6.159,2,-0.012,-0.243,+8.315,+6.602
DRV,73926,+0.0000,+0.0000,+0.0000,+0.0000,+0.0000,+0.0000,+0.000,+0.000,-0.01705,-0.6805,+0.0000,+27.218,0,0,+0.000,+0.251,-0.07044,+0.251,-1.761,-0.503,+0.000,+2.177,-0.086,2,+0.000,+0.126,+0.00169,+0.126,+0.042,-0.253,+0.000,+2.177,+1.967,2,+0.000,-0.133,-0.06316,-0.133,-1.579,+0.266,+0.000,+2.177,+0.865,2,+0.000,+0.061,+0.08755,+0.061,+2.189,-0.121,+0.000,+2.177,+4.245,2,+0.312,-0.007,+4.159,+2.832
DRV,73930,+0.0000,+0.0000,+0.0000,+0.0000,+0.0000,+0.0000,+0.000,+0.000,-0.01977,-0.6791,+0.1005,+31.185,0,0,+0.046,+0.159,-0.07418,+0.114,-1.854,-0.227,+0.046,+2.495,+0.459,2,+0.046,-0.076,+0.00064,-0.122,+0.016,+0.244,+0.046,+2.495,+2.800,2,+0.046,-0.147,-0.06000,-0.193,-1.500,+0.386,+0.046,+2.495,+1.427,2,+0.046,-0.047,+0.08764,-0.093,+2.191,+0.186,+0.046,+2.495,+4.917,2,+0.112,-0.224,+5.376,+4.227
DRV,73934,+0.0000,+0.0000,+0.0000,+0.0000,+0.0000,+0.0000,+0.000,+0.000,-0.02037,+0.0248,+0.2011,+7.050,0,0,+0.091,+0.388,-0.07946,+0.297,-1.986,-0.593,+0.091,+0.564,-1.924,2,+0.091,-0.010,+0.00572,-0.101,+0.143,+0.202,+0.091,+0.564,+1.000,2,+0.091,-0.065,-0.05415,-0.157,-1.354,+0.314,+0.091,+0.564,-0.385,2,+0.091,+0.242,+0.08812,+0.150,+2.203,-0.301,+0.091,+0.564,+2.558,2,+0.630,-0.075,+0.633,+0.615
DRV,73938,+0.0000,+0.0000,+0.0000,+0.0000,+0.0000,+0.0000,+0.000,+0.000,-0.02027,+0.0248,+0.5322,+20.297,0,0,+0.242,+0.169,-0.08188,-0.073,-2.047,+0.146,+0.242,+1.624,-0.035,2,+0.242,-0.021,+0.00866,-0.263,+0.216,+0.527,+0.242,+1.624,+2.609,2,+0.242,+0.170,-0.05159,-0.072,-1.290,+0.144,+0.242,+1.624,+0.720,2,+0.242,-0.023,+0.08953,-0.265,+2.238,+0.530,+0.242,+1.624,+4.634,2,+0.146,+0.149,+4.599,+3.329
DRV,73942,+0.0000,+0.0000,+0.0000,+0.0000,+0.0000,+0.0000,+0.000,+0.000,-0.01875,+0.4980,+0.3612,-5.472,0,0,+0.164,+0.527,-0.08589,+0.363,-2.147,-0.725,+0.164,-0.438,-3.146,2,+0.164,+0.149,+0.01462,-0.015,+0.365,+0.031,+0.164,-0.438,+0.123,0,+0.164,+0.281,-0.05330,+0.117,-1.333,-0.234,+0.164,-0.438,-1.840,2,+0.164,+0.471,+0.08935,+0.307,+2.234,-0.614,+0.164,-0.438,+1.347,2,+0.998,+0.430,-1.800,-1.717
DRV,73946,+0.0000,+0.0000,+0.0000,+0.0000,+0.0000,+0.0000,+0.000,+0.000,-0.01676,+0.4970,+0.0000,-19.882,0,0,+0.000,-0.022,-0.09065,-0.022,-2.266,+0.045,+0.000,-1.591,-3.812,0,+0.000,+0.223,+0.01063,+0.223,+0.266,-0.446,+0.000,-1.591,-1.771,0,+0.000,+0.022,-0.05576,+0.022,-1.394,-0.044,+0.000,-1.591,-3.028,2,+0.000,-0.157,+0.08689,-0.157,+2.172,+0.315,+0.000,-1.591,+0.897,0,-0.180,+0.245,-2.915,-4.799
DRV,73950,+0.0000,+0.0000,+0.0000,+0.0000,+0.0000,+0.0000,+0.000,+0.000,-0.01438,+0.6274,+0.0000,-25.097,0,0,+0.000,-0.094,-0.08796,-0.094,-2.199,+0.188,+0.000,-2.008,-4.019,2,+0.000,-0.132,+0.01025,-0.132,+0.256,+0.263,+0.000,-2.008,-1.488,2,+0.000,-0.229,-0.05154,-0.229,-1.288,+0.458,+0.000,-2.008,-2.838,0,+0.000,-0.129,+0.09188,-0.129,+2.297,+0.257,+0.000,-2.008,+0.547,0,-0.223,-0.360,-3.472,-4.327
DRV,73954,+0.0000,+0.0000,+0.0000,+0.0000,+0.0000,+0.0000,+0.000,+0.000,-0.01188,+0.6262,+0.0000,-25.046,0,0,+0.000,+0.225,-0.09180,+0.225,-2.295,-0.450,+0.000,-2.004,-4.749,2,+0.000,-0.251,+0.01638,-0.251,+0.410,+0.503,+0.000,-2.004,-1.092,2,+0.000,-0.062,-0.04770,-0.062,-1.193,+0.124,+0.000,-2.004,-3.072,0,+0.000,+0.103,+0.09150,+0.103,+2.287,-0.206,+0.000,-2.004,+0.078,2,+0.328,-0.313,-4.671,-4.164
DRV,73958,+0.0000,+0.0000,+0.0000,+0.0000,+0.0000,+0.0000,+0.000,+0.000,-0.00950,+0.5845,+0.0000,-23.380,0,0,+0.000,-0.139,-0.09180,-0.139,-2.295,+0.278,+0.000,-1.870,-3.888,2,+0.000,+0.007,+0.01868,+0.007,+0.467,-0.013,+0.000,-1.870,-1.417,2,+0.000,+0.041,-0.04770,+0.041,-1.193,-0.082,+0.000,-1.870,-3.145,2,+0.000,+0.114,+0.08766,+0.114,+2.192,-0.229,+0.000,-1.870,+0.092,2,-0.024,+0.048,-3.796,-4.562
DRV,73962,+0.0000,+0.0000,+0.0000,+0.0000,+0.0000,+0.0000,+0.000,+0.000,-0.00716,+0.5833,+0.0000,-23.333,0,0,+0.000,-0.015,-0.08950,-0.015,-2.237,+0.030,+0.000,-1.867,-4.075,2,+0.000,+0.019,+0.01677,+0.019,+0.419,-0.038,+0.000,-1.867,-1.486,2,+0.000,+0.000,-0.04847,+0.000,-1.212,+0.000,+0.000,-1.867,-3.078,2,+0.000,-0.054,+0.08766,-0.054,+2.192,+0.109,+0.000,-1.867,+0.434,2,-0.069,+0.019,-3.641,-4.564
DRV,73966,+0.0000,+0.0000,+0.0000,+0.0000,+0.0000,+0.0000,+0.000,+0.000,-0.00618,+0.1344,+0.0000,-5.374,0,0,+0.000,-0.221,-0.08643,-0.221,-2.161,+0.443,+0.000,-0.430,-2.148,2,+0.000,-0.251,+0.02098,-0.251,+0.525,+0.502,+0.000,-0.430,+0.596,2,+0.000,-0.114,-0.04617,-0.114,-1.154,+0.229,+0.000,-0.430,-1.355,2,+0.000,-0.094,+0.08996,-0.094,+2.249,+0.189,+0.000,-0.430,+2.008,2,-0.316,-0.365,-0.140,-0.759
DRV,73970,+0.0000,+0.0000,+0.0000,+0.0000,+0.0000,+0.0000,+0.000,+0.000,-0.00564,+0.1341,+0.0000,-5.363,0,0,+0.000,+0.005,-0.08298,+0.005,-2.074,-0.010,+0.000,-0.429,-2.514,2,+0.000,-0.130,+0.02559,-0.130,+0.640,+0.260,+0.000,-0.429,+0.471,2,+0.000,+0.116,-0.04578,+0.116,-1.145,-0.233,+0.000,-0.429,-1.806,2,+0.000,-0.037,+0.09188,-0.037,+2.297,+0.074,+0.000,-0.429,+1.942,2,-0.032,-0.014,-0.572,-1.335
DRV,73974,+0.0000,+0.0000,+0.0000,+0.0000,+0.0000,+0.0000,+0.000,+0.000,-0.00635,-0.2815,+0.0000,+11.262,0,0,+0.000,-0.286,-0.08029,-0.286,-2.007,+0.571,+0.000,+0.901,-0.535,2,+0.000,-0.114,+0.02827,-0.114,+0.707,+0.228,+0.000,+0.901,+1.836,2,+0.000,-0.082,-0.04693,-0.082,-1.173,+0.165,+0.000,+0.901,-0.107,2,+0.000,-0.109,+0.09341,-0.109,+2.335,+0.217,+0.000,+0.901,+3.454,2,-0.394,-0.196,+2.919,+1.728
DRV,73978,+0.0000,+0.0000,+0.0000,+0.0000,+0.0000,+0.0000,+0.000,+0.000,-0.00748,-0.2810,+0.0000,+11.239,0,0,+0.000,-0.110,-0.07493,-0.110,-1.873,+0.219,+0.000,+0.899,-0.755,0,+0.000,-0.019,+0.03019,-0.019,+0.755,+0.038,+0.000,+0.899,+1.692,0,+0.000,-0.109,-0.04387,-0.109,-1.097,+0.217,+0.000,+0.899,+0.020,2,+0.000,+0.062,+0.09418,+0.062,+2.355,-0.123,+0.000,+0.899,+3.131,2,-0.048,-0.128,+2.376,+1.712
DRV,73982,+0.0000,+0.0000,+0.0000,+0.0000,+0.0000,+0.0000,+0.000,+0.000,-0.00924,-0.4942,+0.0000,+19.769,0,0,+0.000,-0.149,-0.07186,-0.149,-1.796,+0.299,+0.000,+1.582,+0.084,0,+0.000,+0.006,+0.02980,+0.006,+0.745,-0.011,+0.000,+1.582,+2.315,0,+0.000,-0.058,-0.04233,-0.058,-1.058,+0.115,+0.000,+1.582,+0.639,2,+0.000,-0.065,+0.09380,-0.065,+2.345,+0.130,+0.000,+1.582,+4.056,2,-0.214,-0.052,+4.140,+2.954
DRV,73986,+0.0000,+0.0000,+0.0000,+0.0000,+0.0000,+0.0000,+0.000,+0.000,-0.01121,-0.4932,+0.0000,+19.729,0,0,+0.000,-0.150,-0.06764,-0.150,-1.691,+0.299,+0.000,+1.578,+0.187,0,+0.000,-0.027,+0.03019,-0.027,+0.755,+0.053,+0.000,+1.578,+2.386,2,+0.000,+0.001,-0.04195,+0.001,-1.049,-0.003,+0.000,+1.578,+0.527,2,+0.000,+0.090,+0.09380,+0.090,+2.345,-0.180,+0.000,+1.578,+3.743,0,-0.060,-0.025,+3.930,+2.913
DRV,73990,+0.0000,+0.0000,+0.0000,+0.0000,+0.0000,+0.0000,+0.000,+0.000,-0.01280,-0.3635,+0.0000,+14.542,0,0,+0.000,-0.091,-0.06572,-0.091,-1.643,+0.181,+0.000,+1.163,-0.298,2,+0.000,+0.092,+0.02865,+0.092,+0.716,-0.183,+0.000,+1.163,+1.697,2,+0.000,+0.072,-0.04310,+0.072,-1.077,-0.143,+0.000,+1.163,-0.057,0,+0.000,+0.116,+0.09150,+0.116,+2.287,-0.233,+0.000,+1.163,+3.218,0,+0.026,+0.163,+2.920,+1.639
DRV,73994,+0.0000,+0.0000,+0.0000,+0.0000,+0.0000,+0.0000,+0.000,+0.000,-0.01425,-0.3628,+0.0000,+14.513,0,0,+0.000,-0.047,-0.06419,-0.047,-1.605,+0.094,+0.000,+1.161,-0.349,2,+0.000,-0.034,+0.02789,-0.034,+0.697,+0.068,+0.000,+1.161,+1.926,2,+0.000,+0.142,-0.04578,+0.142,-1.145,-0.284,+0.000,+1.161,-0.268,0,+0.000,-0.018,+0.09111,-0.018,+2.278,+0.036,+0.000,+1.161,+3.475,2,-0.065,+0.108,+3.126,+1.658
DRV,73998,+0.0000,+0.0000,+0.0000,+0.0000,+0.0000,+0.0000,+0.000,+0.000,-0.01488,-0.0893,+0.0000,+3.570,0,0,+0.000,+0.008,-0.06419,+0.008,-1.605,-0.015,+0.000,+0.286,-1.334,2,+0.000,-0.040,+0.02980,-0.040,+0.745,+0.079,+0.000,+0.286,+1.110,2,+0.000,+0.163,-0.04885,+0.163,-1.221,-0.326,+0.000,+0.286,-1.262,2,+0.000,+0.188,+0.08881,+0.188,+2.220,-0.376,+0.000,+0.286,+2.130,2,+0.196,+0.124,+0.796,-0.152
DRV,74002,+0.0000,+0.0000,+0.0000,+0.0000,+0.0000,+0.0000,+0.000,+0.000,-0.01524,-0.0891,+0.0000,+3.563,0,0,+0.000,+0.028,-0.06457,+0.028,-1.614,-0.055,+0.000,+0.285,-1.385,2,+0.000,+0.040,+0.02904,+0.040,+0.726,-0.079,+0.000,+0.285,+0.932,2,+0.000,+0.137,-0.05307,+0.137,-1.327,-0.275,+0.000,+0.285,-1.316,2,+0.000,+0.012,+0.08574,+0.012,+2.144,-0.025,+0.000,+0.285,+2.404,2,+0.040,+0.177,+1.019,-0.385
DRV,74006,+0.0000,+0.0000,+0.0000,+0.0000,+0.0000,+0.0000,+0.000,+0.000,-0.01482,+0.1680,+0.0000,-6.719,0,0,+0.000,+0.082,-0.06610,+0.082,-1.653,-0.165,+0.000,-0.538,-2.355,2,+0.000,-0.055,+0.02980,-0.055,+0.745,+0.110,+0.000,-0.538,+0.317,2,+0.000,+0.136,-0.05614,+0.136,-1.403,-0.273,+0.000,-0.538,-2.214,2,+0.000,+0.090,+0.08574,+0.090,+2.144,-0.179,+0.000,-0.538,+1.427,2,+0.172,+0.082,-0.928,-1.896
DRV,74010,+0.0000,+0.0000,+0.0000,+0.0000,+0.0000,+0.0000,+0.000,+0.000,-0.01415,+0.1676,+0.0000,-6.705,0,0,+0.000,-0.058,-0.06610,-0.058,-1.653,+0.116,+0.000,-0.536,-2.073,2,+0.000,+0.013,+0.03019,+0.013,+0.755,-0.026,+0.000,-0.536,+0.193,2,+0.000,+0.031,-0.05882,+0.031,-1.471,-0.062,+0.000,-0.536,-2.069,2,+0.000,+0.059,+0.08268,+0.059,+2.067,-0.118,+0.000,-0.536,+1.412,2,+0.001,+0.044,-0.661,-1.876
DRV,74014,+0.0000,+0.0000,+0.0000,+0.0000,+0.0000,+0.0000,+0.000,+0.000,-0.01311,+0.2918,+0.0000,-11.670,0,0,+0.000,+0.101,-0.06687,+0.101,-1.672,-0.202,+0.000,-0.934,-2.808,2,+0.000,+0.076,+0.02827,+0.076,+0.707,-0.153,+0.000,-0.934,-0.379,0,+0.000,+0.081,-0.05997,+0.081,-1.499,-0.162,+0.000,-0.934,-2.595,2,+0.000,+0.000,+0.08268,+0.000,+2.067,+0.000,+0.000,-0.934,+1.133,2,+0.101,+0.157,-1.674,-2.974
DRV,74018,+0.0000,+0.0000,+0.0000,+0.0000,+0.0000,+0.0000,+0.000,+0.000,-0.01194,+0.2912,+0.0000,-11.647,0,0,+0.000,-0.125,-0.06610,-0.125,-1.653,+0.250,+0.000,-0.932,-2.334,0,+0.000,+0.000,+0.02750,+0.000,+0.688,+0.000,+0.000,-0.932,-0.244,0,+0.000,+0.022,-0.06189,+0.022,-1.547,-0.044,+0.000,-0.932,-2.523,2,+0.000,+0.021,+0.08191,+0.021,+2.048,-0.042,+0.000,-0.932,+1.074,2,-0.104,+0.022,-1.260,-2.767
DRV,74022,+0.0000,+0.0000,+0.0000,+0.0000,+0.0000,+0.0000,+0.000,+0.000,-0.01103,+0.2066,+0.0000,-8.262,0,0,+0.000,+0.031,-0.06534,+0.031,-1.633,-0.062,+0.000,-0.661,-2.356,0,+0.000,-0.038,+0.02827,-0.038,+0.707,+0.076,+0.000,-0.661,+0.122,2,+0.000,-0.040,-0.06074,-0.040,-1.519,+0.080,+0.000,-0.661,-2.099,2,+0.000,-0.003,+0.08191,-0.003,+2.048,+0.007,+0.000,-0.661,+1.393,0,+0.028,-0.078,-0.963,-1.977
DRV,74026,+0.0000,+0.0000,+0.0000,+0.0000,+0.0000,+0.0000,+0.000,+0.000,-0.01021,+0.2061,+0.0000,-8.246,0,0,+0.000,-0.048,-0.06534,-0.048,-1.633,+0.095,+0.000,-0.660,-2.198,2,+0.000,-0.034,+0.02904,-0.034,+0.726,+0.068,+0.000,-0.660,+0.134,2,+0.000,+0.035,-0.06151,+0.035,-1.538,-0.070,+0.000,-0.660,-2.267,0,+0.000,-0.049,+0.08268,-0.049,+2.067,+0.097,+0.000,-0.660,+1.505,0,-0.096,+0.001,-0.693,-2.133
DRV,74030,+0.0000,+0.0000,+0.0000,+0.0000,+0.0000,+0.0000,+0.000,+0.000,-0.00996,+0.0127,+0.0000,-0.507,1,0,+0.000,-0.075,-0.06265,-0.075,-1.566,+0.151,+0.000,-0.041,-1.456,2,+0.000,-0.082,+0.03057,-0.082,+0.764,+0.164,+0.000,-0.041,+0.888,2,+0.000,-0.132,-0.05921,-0.132,-1.480,+0.263,+0.000,-0.041,-1.258,0,+0.000,-0.067,+0.08383,-0.067,+2.096,+0.134,+0.000,-0.041,+2.189,2,-0.142,-0.214,+0.732,-0.370
DRV,74034,+0.0000,+0.0000,+0.0000,+0.0000,+0.0000,+0.0000,+0.000,+0.000,-0.00991,+0.0127,+0.0000,-0.506,2,1,+0.000,+0.020,-0.06366,+0.020,-1.591,-0.039,+0.000,-0.040,-1.671,2,+0.000,-0.074,+0.03110,-0.074,+0.778,+0.149,+0.000,-0.040,+0.886,2,+0.000,+0.000,-0.05983,+0.000,-1.496,-0.001,+0.000,-0.040,-1.537,2,+0.000,-0.043,+0.08397,-0.043,+2.099,+0.087,+0.000,-0.040,+2.146,2,-0.024,-0.074,+0.475,-0.651
DRV,74038,+0.0000,+0.0000,+0.0000,+0.0000,+0.0000,+0.0000,+0.000,+0.000,-0.01038,-0.1608,+0.0000,+6.430,0,0,+0.000,-0.124,-0.06212,-0.124,-1.553,+0.249,+0.000,+0.514,-0.790,2,+0.000,-0.072,+0.03302,-0.072,+0.825,+0.144,+0.000,+0.514,+1.484,2,+0.000,-0.093,-0.05983,-0.093,-1.496,+0.187,+0.000,+0.514,-0.794,2,+0.000,-0.066,+0.08512,-0.066,+2.128,+0.132,+0.000,+0.514,+2.774,2,-0.190,-0.165,+1.984,+0.689
DRV,74042,+0.0000,+0.0000,+0.0000,+0.0000,+0.0000,+0.0000,+0.000,+0.000,-0.01102,-0.1604,+0.0000,+6.417,0,0,+0.000,+0.033,-0.06097,+0.033,-1.524,-0.066,+0.000,+0.513,-1.077,2,+0.000,+0.000,+0.03379,+0.000,+0.845,+0.000,+0.000,+0.513,+1.358,2,+0.000,-0.070,-0.05676,-0.070,-1.419,+0.139,+0.000,+0.513,-0.766,2,+0.000,-0.021,+0.08704,-0.021,+2.176,+0.043,+0.000,+0.513,+2.732,2,+0.011,-0.070,+1.656,+0.592
DRV,74046,+0.0000,+0.0000,+0.0000,+0.0000,+0.0000,+0.0000,+0.000,+0.000,-0.01179,-0.2016,+0.0000,+8.064,0,0,+0.000,-0.060,-0.06097,-0.060,-1.524,+0.120,+0.000,+0.645,-0.759,2,+0.000,-0.005,+0.03340,-0.005,+0.835,+0.010,+0.000,+0.645,+1.491,2,+0.000,+0.000,-0.05638,+0.000,-1.409,+0.000,+0.000,+0.645,-0.764,2,+0.000,+0.000,+0.08666,+0.000,+2.166,-0.001,+0.000,+0.645,+2.811,2,-0.060,-0.005,+2.051,+0.726
DRV,74050,+0.0000,+0.0000,+0.0000,+0.0000,+0.0000,+0.0000,+0.000,+0.000,-0.01250,-0.1528,+0.0000,+6.111,0,0,+0.000,+0.050,-0.06059,+0.050,-1.515,-0.099,+0.000,+0.489,-1.125,2,+0.000,+0.000,+0.03417,+0.000,+0.854,+0.000,+0.000,+0.489,+1.343,2,+0.000,-0.029,-0.05599,-0.029,-1.400,+0.058,+0.000,+0.489,-0.853,2,+0.000,-0.007,+0.08704,-0.007,+2.176,+0.014,+0.000,+0.489,+2.679,2,+0.042,-0.029,+1.554,+0.490
DRV,74054,+0.0000,+0.0000,+0.0000,+0.0000,+0.0000,+0.0000,+0.000,+0.000,-0.01291,-0.1041,+0.0000,+4.164,0,0,+0.000,+0.023,-0.06174,+0.023,-1.544,-0.047,+0.000,+0.333,-1.257,2,+0.000,+0.030,+0.03302,+0.030,+0.825,-0.059,+0.000,+0.333,+1.099,0,+0.000,+0.039,-0.05599,+0.039,-1.400,-0.078,+0.000,+0.333,-1.145,2,+0.000,+0.021,+0.08627,+0.021,+2.157,-0.043,+0.000,+0.333,+2.447,2,+0.045,+0.069,+1.190,-0.046
DRV,74058,+0.0000,+0.0000,+0.0000,+0.0000,+0.0000,+0.0000,+0.000,+0.000,-0.01318,-0.0275,+0.0000,+1.101,1,0,+0.000,+0.092,-0.06327,+0.092,-1.582,-0.184,+0.000,+0.088,-1.678,0,+0.000,+0.000,+0.03302,+0.000,+0.825,+0.000,+0.000,+0.088,+0.914,0,+0.000,+0.023,-0.05676,+0.023,-1.419,-0.047,+0.000,+0.088,-1.378,2,+0.000,+0.018,+0.08627,+0.018,+2.157,-0.035,+0.000,+0.088,+2.210,0,+0.110,+0.023,+0.532,-0.464
DRV,74062,+0.0000,+0.0000,+0.0000,+0.0000,+0.0000,+0.0000,+0.000,+0.000,-0.01298,+0.0488,+0.0000,-1.952,2,1,+0.000,+0.057,-0.06533,+0.057,-1.633,-0.113,+0.000,-0.156,-1.903,2,+0.000,+0.061,+0.03173,+0.061,+0.793,-0.122,+0.000,-0.156,+0.515,2,+0.000,+0.040,-0.05843,+0.040,-1.461,-0.080,+0.000,-0.156,-1.697,0,+0.000,+0.039,+0.08422,+0.039,+2.105,-0.077,+0.000,-0.156,+1.872,0,+0.095,+0.101,-0.031,-1.182
DRV,74066,+0.0000,+0.0000,+0.0000,+0.0000,+0.0000,+0.0000,+0.000,+0.000,-0.01268,+0.1011,+0.0000,-4.045,0,0,+0.000,+0.034,-0.06544,+0.034,-1.636,-0.069,+0.000,-0.324,-2.028,2,+0.000,+0.057,+0.03047,+0.057,+0.762,-0.114,+0.000,-0.324,+0.324,2,+0.000,+0.025,-0.05816,+0.025,-1.454,-0.050,+0.000,-0.324,-1.827,0,+0.000,-0.022,+0.08449,-0.022,+2.112,+0.045,+0.000,-0.324,+1.833,2,+0.012,+0.082,-0.195,-1.504
DRV,74070,+0.0000,+0.0000,+0.0000,+0.0000,+0.0000,+0.0000,+0.000,+0.000,-0.01207,+0.1533,+0.0000,-6.131,0,0,+0.000,+0.074,-0.06813,+0.074,-1.703,-0.148,+0.000,-0.490,-2.342,2,+0.000,+0.032,+0.02931,+0.032,+0.733,-0.064,+0.000,-0.490,+0.178,2,+0.000,+0.059,-0.05931,+0.059,-1.483,-0.118,+0.000,-0.490,-2.092,2,+0.000,+0.085,+0.08334,+0.085,+2.083,-0.171,+0.000,-0.490,+1.422,2,+0.159,+0.091,-0.919,-1.913
DRV,74074,+0.0000,+0.0000,+0.0000,+0.0000,+0.0000,+0.0000,+0.000,+0.000,-0.01146,+0.1490,+0.0000,-5.959,0,0,+0.000,-0.042,-0.06736,-0.042,-1.684,+0.085,+0.000,-0.477,-2.076,2,+0.000,+0.029,+0.02855,+0.029,+0.714,-0.057,+0.000,-0.477,+0.180,2,+0.000,-0.034,-0.05931,-0.034,-1.483,+0.069,+0.000,-0.477,-1.891,2,+0.000,-0.033,+0.08295,-0.033,+2.074,+0.067,+0.000,-0.477,+1.664,2,-0.076,-0.006,-0.412,-1.711
DRV,74078,+0.0000,+0.0000,+0.0000,+0.0000,+0.0000,+0.0000,+0.000,+0.000,-0.01088,+0.1447,+0.0000,-5.788,0,0,+0.000,+0.077,-0.06851,+0.077,-1.713,-0.154,+0.000,-0.463,-2.330,2,+0.000,+0.007,+0.02816,+0.007,+0.704,-0.014,+0.000,-0.463,+0.227,2,+0.000,+0.041,-0.05970,+0.041,-1.492,-0.083,+0.000,-0.463,-2.038,2,+0.000,+0.014,+0.08334,+0.014,+2.083,-0.029,+0.000,-0.463,+1.592,2,+0.092,+0.049,-0.739,-1.812
DRV,74082,+0.0000,+0.0000,+0.0000,+0.0000,+0.0000,+0.0000,+0.000,+0.000,-0.01040,+0.0960,+0.0000,-3.839,0,0,+0.000,-0.080,-0.06774,-0.080,-1.694,+0.160,+0.000,-0.307,-1.841,2,+0.000,-0.024,+0.02816,-0.024,+0.704,+0.048,+0.000,-0.307,+0.445,2,+0.000,-0.049,-0.05970,-0.049,-1.492,+0.098,+0.000,-0.307,-1.701,2,+0.000,-0.043,+0.08334,-0.043,+2.083,+0.087,+0.000,-0.307,+1.863,2,-0.124,-0.073,+0.022,-1.257
DRV,74086,+0.0000,+0.0000,+0.0000,+0.0000,+0.0000,+0.0000,+0.000,+0.000,-0.01021,+0.0474,+0.0000,-1.897,2,1,+0.000,+0.062,-0.06667,+0.062,-1.667,-0.125,+0.000,-0.152,-1.944,2,+0.000,-0.026,+0.03039,-0.026,+0.760,+0.052,+0.000,-0.152,+0.660,2,+0.000,+0.000,-0.05709,+0.000,-1.427,+0.000,+0.000,-0.152,-1.579,2,+0.000,-0.010,+0.08556,-0.010,+2.139,+0.020,+0.000,-0.152,+2.007,2,+0.052,-0.026,+0.064,-0.919
DRV,74090,+0.0000,+0.0000,+0.0000,+0.0000,+0.0000,+0.0000,+0.000,+0.000,-0.01013,-0.0059,+0.0000,+0.235,2,1,+0.000,-0.104,-0.06597,-0.104,-1.649,+0.208,+0.000,+0.019,-1.423,0,+0.000,-0.039,+0.03070,-0.039,+0.768,+0.078,+0.000,+0.019,+0.865,0,+0.000,-0.014,-0.05792,-0.014,-1.448,+0.029,+0.000,+0.019,-1.401,2,+0.000,-0.035,+0.08549,-0.035,+2.137,+0.070,+0.000,+0.019,+2.226,2,-0.139,-0.053,+0.803,-0.536
DRV,74094,+0.0000,+0.0000,+0.0000,+0.0000,+0.0000,+0.0000,+0.000,+0.000,-0.01037,-0.0590,+0.0000,+2.361,0,0,+0.000,+0.056,-0.06559,+0.056,-1.640,-0.112,+0.000,+0.189,-1.562,0,+0.000,-0.034,+0.03147,-0.034,+0.787,+0.068,+0.000,+0.189,+1.043,2,+0.000,-0.020,-0.05639,-0.020,-1.410,+0.040,+0.000,+0.189,-1.181,2,+0.000,-0.018,+0.08664,-0.018,+2.166,+0.036,+0.000,+0.189,+2.391,2,+0.038,-0.054,+0.829,-0.137
DRV,74098,+0.0000,+0.0000,+0.0000,+0.0000,+0.0000,+0.0000,+0.000,+0.000,-0.01063,-0.0741,+0.0000,+2.963,0,0,+0.000,-0.086,-0.06559,-0.086,-1.640,+0.172,+0.000,+0.237,-1.231,0,+0.000,-0.010,+0.03185,-0.010,+0.796,+0.021,+0.000,+0.237,+1.054,2,+0.000,+0.017,-0.05716,+0.017,-1.429,-0.034,+0.000,+0.237,-1.226,2,+0.000,+0.000,+0.08626,+0.000,+2.156,-0.001,+0.000,+0.237,+2.393,0,-0.085,+0.007,+1.162,-0.172
DRV,74102,+0.0000,+0.0000,+0.0000,+0.0000,+0.0000,+0.0000,+0.000,+0.000,-0.01099,-0.0891,+0.0000,+3.563,0,0,+0.000,-0.004,-0.06444,-0.004,-1.611,+0.009,+0.000,+0.285,-1.317,2,+0.000,-0.018,+0.03224,-0.018,+0.806,+0.035,+0.000,+0.285,+1.126,2,+0.000,-0.034,-0.05601,-0.034,-1.400,+0.069,+0.000,+0.285,-1.046,0,+0.000,-0.024,+0.08703,-0.024,+2.176,+0.048,+0.000,+0.285,+2.508,2,-0.028,-0.052,+1.191,+0.080
DRV,74106,+0.0000,+0.0000,+0.0000,+0.0000,+0.0000,+0.0000,+0.000,+0.000,-0.01130,-0.0639,+0.0000,+2.556,0,0,+0.000,+0.004,-0.06559,+0.004,-1.640,-0.009,+0.000,+0.204,-1.444,2,+0.000,+0.000,+0.03262,+0.000,+0.816,-0.001,+0.000,+0.204,+1.019,2,+0.000,+0.057,-0.05639,+0.057,-1.410,-0.114,+0.000,+0.204,-1.320,2,+0.000,+0.048,+0.08588,+0.048,+2.147,-0.096,+0.000,+0.204,+2.255,2,+0.052,+0.058,+0.811,-0.301
DRV,74110,+0.0000,+0.0000,+0.0000,+0.0000,+0.0000,+0.0000,+0.000,+0.000,-0.01145,-0.0388,+0.0000,+1.551,2,1,+0.000,-0.008,-0.06583,-0.008,-1.646,+0.015,+0.000,+0.124,-1.506,2,+0.000,+0.010,+0.03123,+0.010,+0.781,-0.020,+0.000,+0.124,+0.885,2,+0.000,+0.003,-0.05816,+0.003,-1.454,-0.007,+0.000,+0.124,-1.337,2,+0.000,-0.009,+0.08487,-0.009,+2.122,+0.018,+0.000,+0.124,+2.264,2,-0.017,+0.013,+0.758,-0.452
DRV,74114,+0.0000,+0.0000,+0.0000,+0.0000,+0.0000,+0.0000,+0.000,+0.000,-0.01152,+0.0015,+0.0000,-0.059,2,1,+0.000,+0.032,-0.06626,+0.032,-1.656,-0.064,+0.000,-0.005,-1.725,2,+0.000,+0.028,+0.03157,+0.028,+0.789,-0.056,+0.000,-0.005,+0.728,2,+0.000,+0.042,-0.05783,+0.042,-1.446,-0.085,+0.000,-0.005,-1.535,2,+0.000,+0.058,+0.08482,+0.058,+2.121,-0.115,+0.000,-0.005,+2.000,2,+0.090,+0.071,+0.275,-0.807
DRV,74118,+0.0000,+0.0000,+0.0000,+0.0000,+0.0000,+0.0000,+0.000,+0.000,-0.01136,+0.0416,+0.0000,-1.664,2,1,+0.000,-0.005,-0.06544,-0.005,-1.636,+0.010,+0.000,-0.133,-1.759,2,+0.000,+0.028,+0.03162,+0.028,+0.790,-0.056,+0.000,-0.133,+0.601,2,+0.000,+0.036,-0.05855,+0.036,-1.464,-0.072,+0.000,-0.133,-1.669,2,+0.000,+0.018,+0.08449,+0.018,+2.112,-0.035,+0.000,-0.133,+1.944,2,+0.012,+0.064,+0.185,-1.068
DRV,74122,+0.0000,+0.0000,+0.0000,+0.0000,+0.0000,+0.0000,+0.000,+0.000,-0.01115,+0.0636,+0.0000,-2.544,0,0,+0.000,+0.035,-0.06610,+0.035,-1.652,-0.071,+0.000,-0.204,-1.927,2,+0.000,+0.024,+0.03135,+0.024,+0.784,-0.048,+0.000,-0.204,+0.532,2,+0.000,-0.007,-0.05805,-0.007,-1.451,+0.013,+0.000,-0.204,-1.641,2,+0.000,+0.000,+0.08460,+0.000,+2.115,+0.000,+0.000,-0.204,+1.911,2,+0.035,+0.017,-0.015,-1.109
DRV,74126,+0.0000,+0.0000,+0.0000,+0.0000,+0.0000,+0.0000,+0.000,+0.000,-0.01081,+0.0855,+0.0000,-3.421,0,0,+0.000,+0.000,-0.06610,+0.000,-1.652,+0.000,+0.000,-0.274,-1.926,2,+0.000,+0.014,+0.03096,+0.014,+0.774,-0.028,+0.000,-0.274,+0.473,0,+0.000,+0.050,-0.05920,+0.050,-1.480,-0.099,+0.000,-0.274,-1.853,2,+0.000,+0.030,+0.08345,+0.030,+2.086,-0.060,+0.000,-0.274,+1.752,2,+0.030,+0.063,-0.174,-1.380
DRV,74130,+0.0000,+0.0000,+0.0000,+0.0000,+0.0000,+0.0000,+0.000,+0.000,-0.01048,+0.0774,+0.0000,-3.095,0,0,+0.000,+0.019,-0.06648,+0.019,-1.662,-0.038,+0.000,-0.248,-1.948,0,+0.000,+0.001,+0.03096,+0.001,+0.774,-0.002,+0.000,-0.248,+0.525,0,+0.000,-0.028,-0.05920,-0.028,-1.480,+0.055,+0.000,-0.248,-1.672,2,+0.000,-0.021,+0.08383,-0.021,+2.096,+0.041,+0.000,-0.248,+1.889,2,-0.001,-0.027,-0.059,-1.148
DRV,74134,+0.0000,+0.0000,+0.0000,+0.0000,+0.0000,+0.0000,+0.000,+0.000,-0.01020,+0.0693,+0.0000,-2.770,0,0,+0.000,-0.011,-0.06648,-0.011,-1.662,+0.022,+0.000,-0.222,-1.862,0,+0.000,+0.000,+0.03096,+0.000,+0.774,+0.000,+0.000,-0.222,+0.552,2,+0.000,+0.018,-0.05920,+0.018,-1.480,-0.035,+0.000,-0.222,-1.737,2,+0.000,+0.016,+0.08345,+0.016,+2.086,-0.032,+0.000,-0.222,+1.832,0,+0.005,+0.018,-0.030,-1.184
DRV,74138,+0.0000,+0.0000,+0.0000,+0.0000,+0.0000,+0.0000,+0.000,+0.000,-0.00998,+0.0420,+0.0000,-1.679,1,0,+0.000,-0.003,-0.06610,-0.003,-1.652,+0.006,+0.000,-0.134,-1.781,2,+0.000,-0.010,+0.03096,-0.010,+0.774,+0.020,+0.000,-0.134,+0.660,2,+0.000,-0.041,-0.05882,-0.041,-1.470,+0.082,+0.000,-0.134,-1.523,0,+0.000,-0.040,+0.08383,-0.040,+2.096,+0.079,+0.000,-0.134,+2.041,0,-0.042,-0.051,+0.260,-0.863
DRV,74142,+0.0000,+0.0000,+0.0000,+0.0000,+0.0000,+0.0000,+0.000,+0.000,-0.00992,+0.0148,+0.0000,-0.591,2,1,+0.000,-0.017,-0.06579,-0.017,-1.645,+0.034,+0.000,-0.047,-1.658,2,+0.000,-0.019,+0.03165,-0.019,+0.791,+0.037,+0.000,-0.047,+0.781,2,+0.000,+0.000,-0.05813,+0.000,-1.453,+0.000,+0.000,-0.047,-1.501,0,+0.000,-0.003,+0.08452,-0.003,+2.113,+0.006,+0.000,-0.047,+2.071,2,-0.020,-0.019,+0.414,-0.719
DRV,74146,+0.0000,+0.0000,+0.0000,+0.0000,+0.0000,+0.0000,+0.000,+0.000,-0.00991,-0.0105,+0.0000,+0.421,2,1,+0.000,-0.005,-0.06560,-0.005,-1.640,+0.010,+0.000,+0.034,-1.596,2,+0.000,-0.016,+0.03184,-0.016,+0.796,+0.032,+0.000,+0.034,+0.862,2,+0.000,+0.000,-0.05832,+0.000,-1.458,+0.000,+0.000,+0.034,-1.424,2,+0.000,-0.031,+0.08433,-0.031,+2.108,+0.063,+0.000,+0.034,+2.205,2,-0.037,-0.016,+0.609,-0.562
DRV,74150,+0.0000,+0.0000,+0.0000,+0.0000,+0.0000,+0.0000,+0.000,+0.000,-0.01006,-0.0357,+0.0000,+1.430,2,1,+0.000,-0.008,-0.06614,-0.008,-1.654,+0.015,+0.000,+0.114,-1.524,2,+0.000,-0.010,+0.03168,-0.010,+0.792,+0.020,+0.000,+0.114,+0.926,2,+0.000,-0.043,-0.05771,-0.043,-1.443,+0.087,+0.000,+0.114,-1.242,2,+0.000,-0.010,+0.08455,-0.010,+2.114,+0.019,+0.000,+0.114,+2.247,2,-0.017,-0.053,+0.723,-0.315
DRV,74154,+0.0000,+0.0000,+0.0000,+0.0000,+0.0000,+0.0000,+0.000,+0.000,-0.01021,-0.0391,+0.0000,+1.565,2,1,+0.000,+0.000,-0.06614,+0.000,-1.654,+0.000,+0.000,+0.125,-1.528,2,+0.000,+0.000,+0.03207,+0.000,+0.802,+0.000,+0.000,+0.125,+0.927,2,+0.000,+0.030,-0.05810,+0.030,-1.452,-0.060,+0.000,+0.125,-1.387,2,+0.000,+0.006,+0.08455,+0.006,+2.114,-0.012,+0.000,+0.125,+2.227,2,+0.006,+0.030,+0.698,-0.460
DRV,74158,+0.0000,+0.0000,+0.0000,+0.0000,+0.0000,+0.0000,+0.000,+0.000,-0.01038,-0.0425,+0.0000,+1.700,2,1,+0.000,+0.000,-0.06607,+0.000,-1.652,+0.000,+0.000,+0.136,-1.516,2,+0.000,+0.000,+0.03176,+0.000,+0.794,+0.000,+0.000,+0.136,+0.930,2,+0.000,-0.040,-0.05802,-0.040,-1.450,+0.080,+0.000,+0.136,-1.234,2,+0.000,-0.013,+0.08463,-0.013,+2.116,+0.026,+0.000,+0.136,+2.278,2,-0.013,-0.040,+0.762,-0.304
DRV,74162,+0.0000,+0.0000,+0.0000,+0.0000,+0.0000,+0.0000,+0.000,+0.000,-0.01051,-0.0259,+0.0000,+1.037,2,1,+0.000,+0.005,-0.06603,+0.005,-1.651,-0.010,+0.000,+0.083,-1.577,2,+0.000,+0.008,+0.03218,+0.008,+0.804,-0.016,+0.000,+0.083,+0.871,2,+0.000,+0.043,-0.05798,+0.043,-1.450,-0.087,+0.000,+0.083,-1.453,2,+0.000,+0.020,+0.08428,+0.020,+2.107,-0.040,+0.000,+0.083,+2.150,2,+0.025,+0.051,+0.573,-0.582
DRV,74166,+0.0000,+0.0000,+0.0000,+0.0000,+0.0000,+0.0000,+0.000,+0.000,-0.01055,-0.0094,+0.0000,+0.376,2,1,+0.000,+0.017,-0.06599,+0.017,-1.650,-0.033,+0.000,+0.030,-1.653,2,+0.000,+0.018,+0.03184,+0.018,+0.796,-0.036,+0.000,+0.030,+0.790,0,+0.000,+0.000,-0.05832,+0.000,-1.458,+0.000,+0.000,+0.030,-1.428,2,+0.000,-0.006,+0.08471,-0.006,+2.118,+0.011,+0.000,+0.030,+2.159,2,+0.011,+0.018,+0.506,-0.638
DRV,74170,+0.0000,+0.0000,+0.0000,+0.0000,+0.0000,+0.0000,+0.000,+0.000,-0.01054,+0.0132,+0.0000,-0.529,2,1,+0.000,+0.006,-0.06595,+0.006,-1.649,-0.011,+0.000,-0.042,-1.703,0,+0.000,+0.020,+0.03187,+0.020,+0.797,-0.039,+0.000,-0.042,+0.715,0,+0.000,+0.020,-0.05791,+0.020,-1.448,-0.039,+0.000,-0.042,-1.529,2,+0.000,+0.039,+0.08436,+0.039,+2.109,-0.078,+0.000,-0.042,+1.988,0,+0.045,+0.039,+0.286,-0.814
DRV,74174,+0.0000,+0.0000,+0.0000,+0.0000,+0.0000,+0.0000,+0.000,+0.000,-0.01040,+0.0358,+0.0000,-1.432,2,1,+0.000,+0.007,-0.06572,+0.007,-1.643,-0.014,+0.000,-0.115,-1.772,0,+0.000,+0.018,+0.03173,+0.018,+0.793,-0.035,+0.000,-0.115,+0.643,2,+0.000,+0.021,-0.05843,+0.021,-1.461,-0.041,+0.000,-0.115,-1.616,0,+0.000,+0.000,+0.08460,+0.000,+2.115,+0.000,+0.000,-0.115,+2.000,0,+0.007,+0.038,+0.229,-0.973
DRV,74178,+0.0000,+0.0000,+0.0000,+0.0000,+0.0000,+0.0000,+0.000,+0.000,-0.01024,+0.0442,+0.0000,-1.770,2,1,+0.000,+0.001,-0.06607,+0.001,-1.652,-0.003,+0.000,-0.142,-1.796,2,+0.000,+0.006,+0.03176,+0.006,+0.794,-0.011,+0.000,-0.142,+0.641,2,+0.000,-0.009,-0.05802,-0.009,-1.450,+0.018,+0.000,-0.142,-1.574,0,+0.000,+0.031,+0.08463,+0.031,+2.116,-0.061,+0.000,-0.142,+1.913,2,+0.032,-0.003,+0.117,-0.933
DRV,74182,+0.0000,+0.0000,+0.0000,+0.0000,+0.0000,+0.0000,+0.000,+0.000,-0.01003,+0.0527,+0.0000,-2.106,0,0,+0.000,+0.013,-0.06607,+0.013,-1.652,-0.027,+0.000,-0.169,-1.847,2,+0.000,+0.004,+0.03138,+0.004,+0.784,-0.008,+0.000,-0.169,+0.608,2,+0.000,+0.057,-0.05878,+0.057,-1.470,-0.113,+0.000,-0.169,-1.752,2,+0.000,+0.000,+0.08425,+0.000,+2.106,+0.000,+0.000,-0.169,+1.938,2,+0.013,+0.061,+0.091,-1.143
DRV,74186,+0.0000,+0.0000,+0.0000,+0.0000,+0.0000,+0.0000,+0.000,+0.000,-0.00984,+0.0440,+0.0000,-1.762,1,0,+0.000,-0.000,-0.06607,-0.000,-1.652,+0.001,+0.000,-0.141,-1.792,2,+0.000,+0.000,+0.03138,+0.000,+0.784,+0.000,+0.000,-0.141,+0.644,2,+0.000,-0.055,-0.05878,-0.055,-1.470,+0.111,+0.000,-0.141,-1.500,2,+0.000,+0.000,+0.08425,+0.000,+2.106,+0.000,+0.000,-0.141,+1.965,2,-0.000,-0.055,+0.174,-0.856
DRV,74190,+0.0000,+0.0000,+0.0000,+0.0000,+0.0000,+0.0000,+0.000,+0.000,-0.00969,+0.0354,+0.0000,-1.418,2,1,+0.000,+0.000,-0.06568,+0.000,-1.642,+0.000,+0.000,-0.113,-1.755,2,+0.000,-0.001,+0.03176,-0.001,+0.794,+0.003,+0.000,-0.113,+0.683,2,+0.000,+0.023,-0.05802,+0.023,-1.450,-0.046,+0.000,-0.113,-1.610,2,+0.000,+0.000,+0.08425,+0.000,+2.106,+0.000,+0.000,-0.113,+1.993,2,+0.000,+0.021,+0.237,-0.926
DRV,74194,+0.0000,+0.0000,+0.0000,+0.0000,+0.0000,+0.0000,+0.000,+0.000,-0.00958,+0.0191,+0.0000,-0.766,2,1,+0.000,-0.018,-0.06579,-0.018,-1.645,+0.036,+0.000,-0.061,-1.670,2,+0.000,-0.023,+0.03203,-0.023,+0.801,+0.046,+0.000,-0.061,+0.785,2,+0.000,-0.010,-0.05851,-0.010,-1.463,+0.019,+0.000,-0.061,-1.505,2,+0.000,-0.011,+0.08452,-0.011,+2.113,+0.023,+0.000,-0.061,+2.075,2,-0.030,-0.032,+0.405,-0.720
DRV,74198,+0.0000,+0.0000,+0.0000,+0.0000,+0.0000,+0.0000,+0.000,+0.000,-0.00957,+0.0029,+0.0000,-0.116,2,1,+0.000,+0.000,-0.06576,+0.000,-1.644,+0.000,+0.000,-0.009,-1.653,2,+0.000,-0.002,+0.03207,-0.002,+0.802,+0.004,+0.000,-0.009,+0.796,2,+0.000,-0.018,-0.05810,-0.018,-1.452,+0.035,+0.000,-0.009,-1.426,2,+0.000,+0.000,+0.08417,+0.000,+2.104,+0.000,+0.000,-0.009,+2.095,2,+0.000,-0.020,+0.442,-0.630
DRV,74202,+0.0000,+0.0000,+0.0000,+0.0000,+0.0000,+0.0000,+0.000,+0.000,-0.00959,-0.0096,+0.0000,+0.385,2,1,+0.000,-0.024,-0.06560,-0.024,-1.640,+0.048,+0.000,+0.031,-1.562,2,+0.000,-0.021,+0.03222,-0.021,+0.806,+0.043,+0.000,+0.031,+0.879,0,+0.000,+0.001,-0.05871,+0.001,-1.468,-0.002,+0.000,+0.031,-1.439,2,+0.000,-0.013,+0.08433,-0.013,+2.108,+0.026,+0.000,+0.031,+2.165,2,-0.037,-0.021,+0.603,-0.559
DRV,74206,+0.0000,+0.0000,+0.0000,+0.0000,+0.0000,+0.0000,+0.000,+0.000,-0.00967,-0.0221,+0.0000,+0.884,2,1,+0.000,+0.000,-0.06576,+0.000,-1.644,+0.000,+0.000,+0.071,-1.573,0,+0.000,-0.007,+0.03207,-0.007,+0.802,+0.014,+0.000,+0.071,+0.887,2,+0.000,-0.023,-0.05810,-0.023,-1.452,+0.047,+0.000,+0.071,-1.335,2,+0.000,+0.000,+0.08417,+0.000,+2.104,+0.000,+0.000,+0.071,+2.175,0,+0.000,-0.031,+0.602,-0.448
DRV,74210,+0.0000,+0.0000,+0.0000,+0.0000,+0.0000,+0.0000,+0.000,+0.000,-0.00976,-0.0218,+0.0000,+0.871,2,1,+0.000,-0.009,-0.06568,-0.009,-1.642,+0.018,+0.000,+0.070,-1.554,0,+0.000,-0.000,+0.03214,-0.000,+0.804,+0.001,+0.000,+0.070,+0.874,2,+0.000,+0.026,-0.05840,+0.026,-1.460,-0.052,+0.000,+0.070,-1.443,2,+0.000,-0.012,+0.08425,-0.012,+2.106,+0.024,+0.000,+0.070,+2.200,0,-0.021,+0.026,+0.646,-0.569
DRV,74214,+0.0000,+0.0000,+0.0000,+0.0000,+0.0000,+0.0000,+0.000,+0.000,-0.00985,-0.0215,+0.0000,+0.859,2,1,+0.000,+0.000,-0.06595,+0.000,-1.649,+0.000,+0.000,+0.069,-1.580,2,+0.000,-0.006,+0.03226,-0.006,+0.806,+0.011,+0.000,+0.069,+0.887,2,+0.000,-0.028,-0.05829,-0.028,-1.457,+0.055,+0.000,+0.069,-1.333,0,+0.000,+0.000,+0.08436,+0.000,+2.109,+0.000,+0.000,+0.069,+2.178,0,+0.000,-0.033,+0.598,-0.447
DRV,74218,+0.0000,+0.0000,+0.0000,+0.0000,+0.0000,+0.0000,+0.000,+0.000,-0.00992,-0.0134,+0.0000,+0.538,2,1,+0.000,+0.000,-0.06584,+0.000,-1.646,+0.000,+0.000,+0.043,-1.603,2,+0.000,+0.004,+0.03237,+0.004,+0.809,-0.009,+0.000,+0.043,+0.844,2,+0.000,+0.029,-0.05818,+0.029,-1.454,-0.057,+0.000,+0.043,-1.469,0,+0.000,+0.001,+0.08409,+0.001,+2.102,-0.003,+0.000,+0.043,+2.142,2,+0.001,+0.033,+0.539,-0.625
DRV,74222,+0.0000,+0.0000,+0.0000,+0.0000,+0.0000,+0.0000,+0.000,+0.000,-0.00994,-0.0054,+0.0000,+0.218,2,1,+0.000,+0.002,-0.06576,+0.002,-1.644,-0.004,+0.000,+0.017,-1.630,2,+0.000,+0.002,+0.03245,+0.002,+0.811,-0.004,+0.000,+0.017,+0.825,2,+0.000,+0.000,-0.05848,+0.000,-1.462,+0.000,+0.000,+0.017,-1.445,2,+0.000,+0.012,+0.08417,+0.012,+2.104,-0.024,+0.000,+0.017,+2.098,2,+0.014,+0.002,+0.467,-0.620
DRV,74226,+0.0000,+0.0000,+0.0000,+0.0000,+0.0000,+0.0000,+0.000,+0.000,-0.00994,+0.0044,+0.0000,-0.176,2,1,+0.000,+0.007,-0.06568,+0.007,-1.642,-0.013,+0.000,-0.014,-1.670,2,+0.000,+0.010,+0.03214,+0.010,+0.804,-0.020,+0.000,-0.014,+0.769,2,+0.000,+0.000,-0.05840,+0.000,-1.460,+0.000,+0.000,-0.014,-1.474,2,+0.000,+0.000,+0.08425,+0.000,+2.106,-0.001,+0.000,-0.014,+2.091,2,+0.007,+0.010,+0.422,-0.705
DRV,74230,+0.0000,+0.0000,+0.0000,+0.0000,+0.0000,+0.0000,+0.000,+0.000,-0.00988,+0.0142,+0.0000,-0.569,2,1,+0.000,+0.000,-0.06533,+0.000,-1.633,+0.000,+0.000,-0.046,-1.679,2,+0.000,+0.000,+0.03211,+0.000,+0.803,+0.000,+0.000,-0.046,+0.757,2,+0.000,+0.018,-0.05882,+0.018,-1.470,-0.036,+0.000,-0.046,-1.552,2,+0.000,+0.007,+0.08422,+0.007,+2.105,-0.013,+0.000,-0.046,+2.046,2,+0.007,+0.018,+0.368,-0.795
DRV,74234,+0.0000,+0.0000,+0.0000,+0.0000,+0.0000,+0.0000,+0.000,+0.000,-0.00982,+0.0198,+0.0000,-0.792,2,1,+0.000,+0.012,-0.06568,+0.012,-1.642,-0.025,+0.000,-0.063,-1.730,2,+0.000,+0.011,+0.03214,+0.011,+0.804,-0.022,+0.000,-0.063,+0.718,0,+0.000,-0.017,-0.05840,-0.017,-1.460,+0.034,+0.000,-0.063,-1.489,2,+0.000,+0.007,+0.08425,+0.007,+2.106,-0.013,+0.000,-0.063,+2.030,2,+0.019,-0.006,+0.299,-0.771
DRV,74238,+0.0000,+0.0000,+0.0000,+0.0000,+0.0000,+0.0000,+0.000,+0.000,-0.00972,+0.0253,+0.0000,-1.013,2,1,+0.000,+0.000,-0.06552,+0.000,-1.638,+0.000,+0.000,-0.081,-1.719,2,+0.000,+0.008,+0.03192,+0.008,+0.798,-0.015,+0.000,-0.081,+0.702,0,+0.000,+0.022,-0.05863,+0.022,-1.466,-0.045,+0.000,-0.081,-1.592,2,+0.000,+0.005,+0.08441,+0.005,+2.110,-0.010,+0.000,-0.081,+2.019,2,+0.005,+0.030,+0.299,-0.890
DRV,74242,+0.0000,+0.0000,+0.0000,+0.0000,+0.0000,+0.0000,+0.000,+0.000,-0.00962,+0.0234,+0.0000,-0.937,2,1,+0.000,+0.007,-0.06541,+0.007,-1.635,-0.014,+0.000,-0.075,-1.725,0,+0.000,+0.000,+0.03203,+0.000,+0.801,+0.000,+0.000,-0.075,+0.726,0,+0.000,-0.017,-0.05851,-0.017,-1.463,+0.034,+0.000,-0.075,-1.503,2,+0.000,+0.000,+0.08414,+0.000,+2.103,+0.000,+0.000,-0.075,+2.028,2,+0.007,-0.017,+0.304,-0.778
DRV,74246,+0.0000,+0.0000,+0.0000,+0.0000,+0.0000,+0.0000,+0.000,+0.000,-0.00953,+0.0215,+0.0000,-0.861,2,1,+0.000,+0.000,-0.06541,+0.000,-1.635,+0.000,+0.000,-0.069,-1.704,0,+0.000,+0.000,+0.03203,+0.000,+0.801,+0.000,+0.000,-0.069,+0.732,2,+0.000,+0.004,-0.05851,+0.004,-1.463,-0.008,+0.000,-0.069,-1.539,2,+0.000,+0.000,+0.08414,+0.000,+2.103,+0.000,+0.000,-0.069,+2.035,0,+0.000,+0.004,+0.330,-0.807
DRV,74250,+0.0000,+0.0000,+0.0000,+0.0000,+0.0000,+0.0000,+0.000,+0.000,-0.00946,+0.0146,+0.0000,-0.582,2,1,+0.000,+0.000,-0.06541,+0.000,-1.635,+0.000,+0.000,-0.047,-1.682,2,+0.000,-0.005,+0.03203,-0.005,+0.801,+0.010,+0.000,-0.047,+0.765,2,+0.000,-0.012,-0.05851,-0.012,-1.463,+0.025,+0.000,-0.047,-1.485,0,+0.000,+0.000,+0.08414,+0.000,+2.103,+0.000,+0.000,-0.047,+2.057,0,+0.000,-0.018,+0.375,-0.720
DRV,74254,+0.0000,+0.0000,+0.0000,+0.0000,+0.0000,+0.0000,+0.000,+0.000,-0.00943,+0.0076,+0.0000,-0.305,2,1,+0.000,+0.000,-0.06568,+0.000,-1.642,+0.000,+0.000,-0.024,-1.666,2,+0.000,-0.007,+0.03214,-0.007,+0.804,+0.013,+0.000,-0.024,+0.793,2,+0.000,-0.005,-0.05840,-0.005,-1.460,+0.010,+0.000,-0.024,-1.475,0,+0.000,-0.004,+0.08425,-0.004,+2.106,+0.009,+0.000,-0.024,+2.090,2,-0.004,-0.011,+0.424,-0.682
DRV,74258,+0.0000,+0.0000,+0.0000,+0.0000,+0.0000,+0.0000,+0.000,+0.000,-0.00941,+0.0012,+0.0000,-0.049,2,1,+0.000,-0.001,-0.06568,-0.001,-1.642,+0.002,+0.000,-0.004,-1.644,2,+0.000,-0.008,+0.03214,-0.008,+0.804,+0.016,+0.000,-0.004,+0.816,2,+0.000,+0.010,-0.05840,+0.010,-1.460,-0.020,+0.000,-0.004,-1.484,2,+0.000,-0.017,+0.08425,-0.017,+2.106,+0.033,+0.000,-0.004,+2.136,2,-0.018,+0.002,+0.492,-0.668
DRV,74262,+0.0000,+0.0000,+0.0000,+0.0000,+0.0000,+0.0000,+0.000,+0.000,-0.00943,-0.0052,+0.0000,+0.207,2,1,+0.000,-0.002,-0.06584,-0.002,-1.646,+0.005,+0.000,+0.017,-1.625,2,+0.000,-0.011,+0.03237,-0.011,+0.809,+0.022,+0.000,+0.017,+0.848,2,+0.000,-0.023,-0.05818,-0.023,-1.454,+0.046,+0.000,+0.017,-1.392,2,+0.000,-0.002,+0.08409,-0.002,+2.102,+0.005,+0.000,+0.017,+2.124,2,-0.005,-0.034,+0.499,-0.544
DRV,74266,+0.0000,+0.0000,+0.0000,+0.0000,+0.0000,+0.0000,+0.000,+0.000,-0.00947,-0.0115,+0.0000,+0.462,2,1,+0.000,-0.001,-0.06584,-0.001,-1.646,+0.002,+0.000,+0.037,-1.607,2,+0.000,-0.001,+0.03237,-0.001,+0.809,+0.003,+0.000,+0.037,+0.849,2,+0.000,+0.004,-0.05818,+0.004,-1.454,-0.009,+0.000,+0.037,-1.426,2,+0.000,+0.000,+0.08409,+0.000,+2.102,+0.000,+0.000,+0.037,+2.139,2,-0.001,+0.003,+0.532,-0.577
DRV,74270,+0.0000,+0.0000,+0.0000,+0.0000,+0.0000,+0.0000,+0.000,+0.000,-0.00952,-0.0115,+0.0000,+0.461,2,1,+0.000,+0.000,-0.06560,+0.000,-1.640,+0.000,+0.000,+0.037,-1.603,2,+0.000,+0.000,+0.03222,+0.000,+0.806,+0.000,+0.000,+0.037,+0.842,2,+0.000,+0.000,-0.05871,+0.000,-1.468,+0.000,+0.000,+0.037,-1.431,2,+0.000,+0.000,+0.08433,+0.000,+2.108,+0.000,+0.000,+0.037,+2.145,2,+0.000,+0.000,+0.542,-0.588
DRV,74274,+0.0000,+0.0000,+0.0000,+0.0000,+0.0000,+0.0000,+0.000,+0.000,-0.00955,-0.0056,+0.0000,+0.226,2,1,+0.000,+0.000,-0.06557,+0.000,-1.639,+0.000,+0.000,+0.018,-1.621,2,+0.000,+0.000,+0.03226,+0.000,+0.806,+0.000,+0.000,+0.018,+0.824,0,+0.000,+0.000,-0.05829,+0.000,-1.457,+0.000,+0.000,+0.018,-1.439,2,+0.000,+0.000,+0.08398,+0.000,+2.099,+0.000,+0.000,+0.018,+2.117,2,+0.000,+0.000,+0.496,-0.615
DRV,74278,+0.0000,+0.0000,+0.0000,+0.0000,+0.0000,+0.0000,+0.000,+0.000,-0.00957,-0.0056,+0.0000,+0.225,2,1,+0.000,+0.000,-0.06560,+0.000,-1.640,+0.000,+0.000,+0.018,-1.622,2,+0.000,+0.000,+0.03222,+0.000,+0.806,+0.000,+0.000,+0.018,+0.824,0,+0.000,+0.003,-0.05871,+0.003,-1.468,-0.007,+0.000,+0.018,-1.456,2,+0.000,-0.001,+0.08433,-0.001,+2.108,+0.003,+0.000,+0.018,+2.129,2,-0.001,+0.003,+0.507,-0.633
DRV,74282,+0.0000,+0.0000,+0.0000,+0.0000,+0.0000,+0.0000,+0.000,+0.000,-0.00955,+0.0071,+0.0000,-0.286,2,1,+0.000,+0.000,-0.06549,+0.000,-1.637,+0.000,+0.000,-0.023,-1.660,0,+0.000,+0.002,+0.03234,+0.002,+0.808,-0.005,+0.000,-0.023,+0.781,0,+0.000,-0.001,-0.05859,-0.001,-1.465,+0.003,+0.000,-0.023,-1.485,2,+0.000,+0.013,+0.08406,+0.013,+2.101,-0.027,+0.000,-0.023,+2.052,0,+0.013,+0.001,+0.392,-0.704
DRV,74286,+0.0000,+0.0000,+0.0000,+0.0000,+0.0000,+0.0000,+0.000,+0.000,-0.00952,+0.0071,+0.0000,-0.285,2,1,+0.000,-0.000,-0.06549,-0.000,-1.637,+0.001,+0.000,-0.023,-1.659,0,+0.000,+0.002,+0.03234,+0.002,+0.808,-0.005,+0.000,-0.023,+0.781,2,+0.000,+0.012,-0.05859,+0.012,-1.465,-0.024,+0.000,-0.023,-1.511,0,+0.000,+0.000,+0.08406,+0.000,+2.101,+0.000,+0.000,-0.023,+2.079,0,-0.000,+0.014,+0.419,-0.731
DRV,74290,+0.0000,+0.0000,+0.0000,+0.0000,+0.0000,+0.0000,+0.000,+0.000,-0.00947,+0.0146,+0.0000,-0.582,2,1,+0.000,+0.007,-0.06549,+0.007,-1.637,-0.013,+0.000,-0.047,-1.697,2,+0.000,+0.000,+0.03234,+0.000,+0.808,+0.000,+0.000,-0.047,+0.762,2,+0.000,+0.000,-0.05859,+0.000,-1.465,+0.000,+0.000,-0.047,-1.511,0,+0.000,+0.009,+0.08406,+0.009,+2.101,-0.017,+0.000,-0.047,+2.038,2,+0.015,+0.000,+0.340,-0.750
DRV,74294,+0.0000,+0.0000,+0.0000,+0.0000,+0.0000,+0.0000,+0.000,+0.000,-0.00942,+0.0145,+0.0000,-0.581,2,1,+0.000,+0.002,-0.06530,+0.002,-1.632,-0.005,+0.000,-0.047,-1.684,2,+0.000,+0.000,+0.03253,+0.000,+0.813,-0.001,+0.000,-0.047,+0.766,2,+0.000,+0.007,-0.05878,+0.007,-1.470,-0.014,+0.000,-0.047,-1.530,2,+0.000,+0.000,+0.08387,+0.000,+2.097,+0.000,+0.000,-0.047,+2.050,2,+0.002,+0.008,+0.366,-0.765
DRV,74298,+0.0000,+0.0000,+0.0000,+0.0000,+0.0000,+0.0000,+0.000,+0.000,-0.00936,+0.0129,+0.0000,-0.516,2,1,+0.000,+0.000,-0.06549,+0.000,-1.637,+0.000,+0.000,-0.041,-1.679,2,+0.000,+0.000,+0.03234,+0.000,+0.808,+0.000,+0.000,-0.041,+0.767,2,+0.000,+0.000,-0.05859,+0.000,-1.465,+0.000,+0.000,-0.041,-1.506,2,+0.000,+0.000,+0.08406,+0.000,+2.101,+0.000,+0.000,-0.041,+2.060,2,+0.000,+0.000,+0.382,-0.739
DRV,74302,+0.0000,+0.0000,+0.0000,+0.0000,+0.0000,+0.0000,+0.000,+0.000,-0.00931,+0.0129,+0.0000,-0.515,2,1,+0.000,+0.000,-0.06557,+0.000,-1.639,+0.000,+0.000,-0.041,-1.680,2,+0.000,+0.000,+0.03226,+0.000,+0.806,+0.000,+0.000,-0.041,+0.765,2,+0.000,-0.004,-0.05829,-0.004,-1.457,+0.008,+0.000,-0.041,-1.491,2,+0.000,+0.000,+0.08398,+0.000,+2.099,+0.000,+0.000,-0.041,+2.058,2,+0.000,-0.004,+0.378,-0.726
DRV,74306,+0.0000,+0.0000,+0.0000,+0.0000,+0.0000,+0.0000,+0.000,+0.000,-0.00929,+0.0038,+0.0000,-0.153,2,1,+0.000,+0.000,-0.06568,+0.000,-1.642,+0.000,+0.000,-0.012,-1.654,2,+0.000,+0.000,+0.03214,+0.000,+0.804,+0.000,+0.000,-0.012,+0.791,2,+0.000,+0.000,-0.05840,+0.000,-1.460,+0.000,+0.000,-0.012,-1.472,2,+0.000,-0.007,+0.08425,-0.007,+2.106,+0.013,+0.000,-0.012,+2.107,2,-0.007,+0.000,+0.453,-0.681
DRV,74310,+0.0000,+0.0000,+0.0000,+0.0000,+0.0000,+0.0000,+0.000,+0.000,-0.00927,+0.0038,+0.0000,-0.152,2,1,+0.000,+0.000,-0.06576,+0.000,-1.644,+0.000,+0.000,-0.012,-1.656,2,+0.000,+0.000,+0.03207,+0.000,+0.802,+0.000,+0.000,-0.012,+0.789,2,+0.000,-0.010,-0.05810,-0.010,-1.452,+0.019,+0.000,-0.012,-1.446,2,+0.000,-0.005,+0.08417,-0.005,+2.104,+0.010,+0.000,-0.012,+2.103,2,-0.005,-0.010,+0.446,-0.656
DRV,74314,+0.0000,+0.0000,+0.0000,+0.0000,+0.0000,+0.0000,+0.000,+0.000,-0.00929,-0.0063,+0.0000,+0.252,2,1,+0.000,+0.000,-0.06599,+0.000,-1.650,+0.000,+0.000,+0.020,-1.630,2,+0.000,+0.000,+0.03184,+0.000,+0.796,+0.000,+0.000,+0.020,+0.816,0,+0.000,-0.009,-0.05832,-0.009,-1.458,+0.018,+0.000,+0.020,-1.420,2,+0.000,-0.014,+0.08471,-0.014,+2.118,+0.029,+0.000,+0.020,+2.167,2,-0.014,-0.009,+0.537,-0.604
DRV,74318,+0.0000,+0.0000,+0.0000,+0.0000,+0.0000,+0.0000,+0.000,+0.000,-0.00931,-0.0063,+0.0000,+0.252,2,1,+0.000,+0.000,-0.06580,+0.000,-1.645,+0.000,+0.000,+0.020,-1.625,0,+0.000,-0.002,+0.03165,-0.002,+0.791,+0.004,+0.000,+0.020,+0.815,2,+0.000,-0.013,-0.05813,-0.013,-1.453,+0.026,+0.000,+0.020,-1.407,2,+0.000,-0.006,+0.08452,-0.006,+2.113,+0.011,+0.000,+0.020,+2.145,0,-0.006,-0.015,+0.520,-0.592
DRV,74322,+0.0000,+0.0000,+0.0000,+0.0000,+0.0000,+0.0000,+0.000,+0.000,-0.00936,-0.0132,+0.0000,+0.528,2,1,+0.000,+0.000,-0.06591,+0.000,-1.648,+0.000,+0.000,+0.042,-1.605,0,+0.000,+0.000,+0.03154,+0.000,+0.788,+0.000,+0.000,+0.042,+0.831,2,+0.000,-0.010,-0.05824,-0.010,-1.456,+0.020,+0.000,+0.042,-1.394,0,+0.000,-0.026,+0.08479,-0.026,+2.120,+0.051,+0.000,+0.042,+2.214,0,-0.026,-0.010,+0.608,-0.563
DRV,74326,+0.0000,+0.0000,+0.0000,+0.0000,+0.0000,+0.0000,+0.000,+0.000,-0.00941,-0.0132,+0.0000,+0.527,2,1,+0.000,-0.001,-0.06591,-0.001,-1.648,+0.002,+0.000,+0.042,-1.604,2,+0.000,-0.001,+0.03154,-0.001,+0.788,+0.003,+0.000,+0.042,+0.833,2,+0.000,-0.007,-0.05824,-0.007,-1.456,+0.014,+0.000,+0.042,-1.400,0,+0.000,+0.000,+0.08479,+0.000,+2.120,+0.000,+0.000,+0.042,+2.162,2,-0.001,-0.009,+0.558,-0.566
DRV,74330,+0.0000,+0.0000,+0.0000,+0.0000,+0.0000,+0.0000,+0.000,+0.000,-0.00946,-0.0110,+0.0000,+0.441,2,1,+0.000,+0.000,-0.06618,+0.000,-1.654,+0.000,+0.000,+0.035,-1.619,2,+0.000,+0.000,+0.03165,+0.000,+0.791,+0.000,+0.000,+0.035,+0.826,2,+0.000,-0.008,-0.05813,-0.008,-1.453,+0.016,+0.000,+0.035,-1.402,0,+0.000,-0.026,+0.08490,-0.026,+2.123,+0.052,+0.000,+0.035,+2.210,2,-0.026,-0.008,+0.591,-0.575
DRV,74334,+0.0000,+0.0000,+0.0000,+0.0000,+0.0000,+0.0000,+0.000,+0.000,-0.00950,-0.0110,+0.0000,+0.440,2,1,+0.000,+0.000,-0.06621,+0.000,-1.655,+0.000,+0.000,+0.035,-1.620,2,+0.000,+0.004,+0.03123,+0.004,+0.781,-0.009,+0.000,+0.035,+0.807,2,+0.000,-0.009,-0.05816,-0.009,-1.454,+0.018,+0.000,+0.035,-1.401,2,+0.000,+0.000,+0.08525,+0.000,+2.131,+0.000,+0.000,+0.035,+2.167,2,+0.000,-0.005,+0.546,-0.593
DRV,74338,+0.0000,+0.0000,+0.0000,+0.0000,+0.0000,+0.0000,+0.000,+0.000,-0.00952,-0.0041,+0.0000,+0.162,2,1,+0.000,+0.010,-0.06629,+0.010,-1.657,-0.019,+0.000,+0.013,-1.663,2,+0.000,+0.004,+0.03115,+0.004,+0.779,-0.008,+0.000,+0.013,+0.784,2,+0.000,-0.010,-0.05786,-0.010,-1.446,+0.021,+0.000,+0.013,-1.413,2,+0.000,-0.024,+0.08517,-0.024,+2.129,+0.048,+0.000,+0.013,+2.190,2,-0.014,-0.007,+0.527,-0.628
DRV,74342,+0.0000,+0.0000,+0.0000,+0.0000,+0.0000,+0.0000,+0.000,+0.000,-0.00954,-0.0040,+0.0000,+0.162,2,1,+0.000,+0.001,-0.06667,+0.001,-1.667,-0.003,+0.000,+0.013,-1.657,2,+0.000,+0.005,+0.03115,+0.005,+0.779,-0.010,+0.000,+0.013,+0.782,2,+0.000,+0.004,-0.05786,+0.004,-1.446,-0.009,+0.000,+0.013,-1.442,2,+0.000,+0.000,+0.08556,+0.000,+2.139,+0.000,+0.000,+0.013,+2.152,2,+0.001,+0.009,+0.495,-0.660
DRV,74346,+0.0000,+0.0000,+0.0000,+0.0000,+0.0000,+0.0000,+0.000,+0.000,-0.00953,+0.0045,+0.0000,-0.179,2,1,+0.000,+0.014,-0.06702,+0.014,-1.676,-0.028,+0.000,-0.014,-1.718,2,+0.000,+0.003,+0.03119,+0.003,+0.780,-0.006,+0.000,-0.014,+0.760,0,+0.000,-0.021,-0.05744,-0.021,-1.436,+0.043,+0.000,-0.014,-1.407,2,+0.000,+0.000,+0.08559,+0.000,+2.140,+0.000,+0.000,-0.014,+2.125,2,+0.014,-0.019,+0.408,-0.648
DRV,74350,+0.0000,+0.0000,+0.0000,+0.0000,+0.0000,+0.0000,+0.000,+0.000,-0.00951,+0.0045,+0.0000,-0.178,2,1,+0.000,+0.009,-0.06722,+0.009,-1.680,-0.018,+0.000,-0.014,-1.713,2,+0.000,+0.006,+0.03099,+0.006,+0.775,-0.012,+0.000,-0.014,+0.748,0,+0.000,+0.000,-0.05725,+0.000,-1.431,+0.000,+0.000,-0.014,-1.446,2,+0.000,+0.000,+0.08578,+0.000,+2.145,+0.000,+0.000,-0.014,+2.130,2,+0.009,+0.006,+0.417,-0.697
DRV,74354,+0.0000,+0.0000,+0.0000,+0.0000,+0.0000,+0.0000,+0.000,+0.000,-0.00947,+0.0140,+0.0000,-0.561,2,1,+0.000,+0.025,-0.06749,+0.025,-1.687,-0.051,+0.000,-0.045,-1.783,0,+0.000,+0.009,+0.03111,+0.009,+0.778,-0.017,+0.000,-0.045,+0.716,0,+0.000,-0.009,-0.05714,-0.009,-1.428,+0.018,+0.000,-0.045,-1.455,2,+0.000,+0.000,+0.08590,+0.000,+2.147,+0.000,+0.000,-0.045,+2.103,2,+0.025,-0.000,+0.320,-0.740
DRV,74358,+0.0000,+0.0000,+0.0000,+0.0000,+0.0000,+0.0000,+0.000,+0.000,-0.00941,+0.0140,+0.0000,-0.560,2,1,+0.000,+0.013,-0.06787,+0.013,-1.697,-0.026,+0.000,-0.045,-1.767,0,+0.000,+0.007,+0.03072,+0.007,+0.768,-0.014,+0.000,-0.045,+0.709,2,+0.000,-0.003,-0.05676,-0.003,-1.419,+0.006,+0.000,-0.045,-1.458,2,+0.000,-0.003,+0.08628,-0.003,+2.157,+0.007,+0.000,-0.045,+2.119,0,+0.010,+0.004,+0.352,-0.749
DRV,74362,+0.0000,+0.0000,+0.0000,+0.0000,+0.0000,+0.0000,+0.000,+0.000,-0.00934,+0.0193,+0.0000,-0.772,2,1,+0.000,+0.024,-0.06814,+0.024,-1.704,-0.048,+0.000,-0.062,-1.813,2,+0.000,+0.004,+0.03084,+0.004,+0.771,-0.009,+0.000,-0.062,+0.701,2,+0.000,-0.008,-0.05664,-0.008,-1.416,+0.016,+0.000,-0.062,-1.462,0,+0.000,+0.000,+0.08639,+0.000,+2.160,+0.000,+0.000,-0.062,+2.098,0,+0.024,-0.004,+0.285,-0.761
DRV,74366,+0.0000,+0.0000,+0.0000,+0.0000,+0.0000,+0.0000,+0.000,+0.000,-0.00926,+0.0192,+0.0000,-0.770,2,1,+0.000,+0.005,-0.06841,+0.005,-1.710,-0.010,+0.000,-0.062,-1.781,2,+0.000,+0.007,+0.03056,+0.007,+0.764,-0.014,+0.000,-0.062,+0.688,2,+0.000,-0.019,-0.05615,-0.019,-1.404,+0.037,+0.000,-0.062,-1.428,0,+0.000,-0.001,+0.08650,-0.001,+2.163,+0.003,+0.000,-0.062,+2.104,2,+0.003,-0.011,+0.322,-0.740
DRV,74370,+0.0000,+0.0000,+0.0000,+0.0000,+0.0000,+0.0000,+0.000,+0.000,-0.00918,+0.0192,+0.0000,-0.768,2,1,+0.000,+0.026,-0.06868,+0.026,-1.717,-0.052,+0.000,-0.061,-1.831,2,+0.000,+0.002,+0.03068,+0.002,+0.767,-0.004,+0.000,-0.061,+0.702,2,+0.000,+0.000,-0.05603,+0.000,-1.401,+0.000,+0.000,-0.061,-1.462,2,+0.000,+0.000,+0.08662,+0.000,+2.165,+0.000,+0.000,-0.061,+2.104,2,+0.026,+0.002,+0.273,-0.761
DRV,74374,+0.0000,+0.0000,+0.0000,+0.0000,+0.0000,+0.0000,+0.000,+0.000,-0.00911,+0.0192,+0.0000,-0.767,2,1,+0.000,+0.000,-0.06904,+0.000,-1.726,+0.000,+0.000,-0.061,-1.787,2,+0.000,+0.000,+0.03071,+0.000,+0.768,+0.000,+0.000,-0.061,+0.706,2,+0.000,-0.010,-0.05562,-0.010,-1.390,+0.021,+0.000,-0.061,-1.431,2,+0.000,-0.011,+0.08665,-0.011,+2.166,+0.023,+0.000,-0.061,+2.128,2,-0.011,-0.010,+0.341,-0.724
DRV,74378,+0.0000,+0.0000,+0.0000,+0.0000,+0.0000,+0.0000,+0.000,+0.000,-0.00906,+0.0106,+0.0000,-0.425,2,1,+0.000,+0.014,-0.06904,+0.014,-1.726,-0.028,+0.000,-0.034,-1.788,2,+0.000,+0.000,+0.03071,+0.000,+0.768,+0.000,+0.000,-0.034,+0.734,2,+0.000,-0.001,-0.05562,-0.001,-1.390,+0.002,+0.000,-0.034,-1.423,2,+0.000,+0.000,+0.08665,+0.000,+2.166,+0.000,+0.000,-0.034,+2.132,2,+0.014,-0.001,+0.345,-0.689
DRV,74382,+0.0000,+0.0000,+0.0000,+0.0000,+0.0000,+0.0000,+0.000,+0.000,-0.00901,+0.0106,+0.0000,-0.424,2,1,+0.000,-0.001,-0.06915,-0.001,-1.729,+0.002,+0.000,-0.034,-1.761,2,+0.000,-0.006,+0.03060,-0.006,+0.765,+0.012,+0.000,-0.034,+0.743,2,+0.000,-0.001,-0.05573,-0.001,-1.393,+0.003,+0.000,-0.034,-1.424,2,+0.000,-0.004,+0.08692,-0.004,+2.173,+0.009,+0.000,-0.034,+2.148,2,-0.005,-0.008,+0.387,-0.681
DRV,74386,+0.0000,+0.0000,+0.0000,+0.0000,+0.0000,+0.0000,+0.000,+0.000,-0.00899,+0.0031,+0.0000,-0.125,2,1,+0.000,+0.000,-0.06912,+0.000,-1.728,+0.000,+0.000,-0.010,-1.738,2,+0.000,-0.001,+0.03063,-0.001,+0.766,+0.003,+0.000,-0.010,+0.759,0,+0.000,-0.001,-0.05531,-0.001,-1.383,+0.002,+0.000,-0.010,-1.391,2,+0.000,+0.018,+0.08657,+0.018,+2.164,-0.035,+0.000,-0.010,+2.119,2,+0.018,-0.002,+0.381,-0.632
DRV,74390,+0.0000,+0.0000,+0.0000,+0.0000,+0.0000,+0.0000,+0.000,+0.000,-0.00898,+0.0031,+0.0000,-0.125,2,1,+0.000,-0.013,-0.06884,-0.013,-1.721,+0.026,+0.000,-0.010,-1.705,0,+0.000,-0.006,+0.03090,-0.006,+0.773,+0.011,+0.000,-0.010,+0.774,0,+0.000,+0.007,-0.05581,+0.007,-1.395,-0.013,+0.000,-0.010,-1.419,2,+0.000,+0.000,+0.08646,+0.000,+2.161,+0.000,+0.000,-0.010,+2.151,2,-0.013,+0.001,+0.446,-0.645
DRV,74394,+0.0000,+0.0000,+0.0000,+0.0000,+0.0000,+0.0000,+0.000,+0.000,-0.00897,+0.0015,+0.0000,-0.061,2,1,+0.000,-0.010,-0.06865,-0.010,-1.716,+0.019,+0.000,-0.005,-1.702,0,+0.000,-0.010,+0.03109,-0.010,+0.777,+0.021,+0.000,-0.005,+0.793,2,+0.000,+0.021,-0.05600,+0.021,-1.400,-0.043,+0.000,-0.005,-1.448,2,+0.000,+0.021,+0.08627,+0.021,+2.157,-0.042,+0.000,-0.005,+2.110,0,+0.011,+0.011,+0.408,-0.654
DRV,74398,+0.0000,+0.0000,+0.0000,+0.0000,+0.0000,+0.0000,+0.000,+0.000,-0.00897,+0.0015,+0.0000,-0.061,2,1,+0.000,-0.014,-0.06827,-0.014,-1.707,+0.029,+0.000,-0.005,-1.683,0,+0.000,-0.003,+0.03148,-0.003,+0.787,+0.007,+0.000,-0.005,+0.789,2,+0.000,+0.017,-0.05639,+0.017,-1.410,-0.034,+0.000,-0.005,-1.449,0,+0.000,+0.018,+0.08588,+0.018,+2.147,-0.035,+0.000,-0.005,+2.107,0,+0.003,+0.014,+0.424,-0.660
DRV,74402,+0.0000,+0.0000,+0.0000,+0.0000,+0.0000,+0.0000,+0.000,+0.000,-0.00894,+0.0095,+0.0000,-0.380,2,1,+0.000,-0.007,-0.06808,-0.007,-1.702,+0.014,+0.000,-0.030,-1.718,2,+0.000,-0.006,+0.03167,-0.006,+0.792,+0.012,+0.000,-0.030,+0.774,2,+0.000,+0.024,-0.05658,+0.024,-1.414,-0.048,+0.000,-0.030,-1.493,0,+0.000,+0.031,+0.08569,+0.031,+2.142,-0.063,+0.000,-0.030,+2.049,2,+0.024,+0.018,+0.331,-0.719
DRV,74406,+0.0000,+0.0000,+0.0000,+0.0000,+0.0000,+0.0000,+0.000,+0.000,-0.00890,+0.0095,+0.0000,-0.379,2,1,+0.000,-0.020,-0.06758,-0.020,-1.690,+0.039,+0.000,-0.030,-1.681,2,+0.000,-0.008,+0.03216,-0.008,+0.804,+0.015,+0.000,-0.030,+0.789,2,+0.000,+0.016,-0.05685,+0.016,-1.421,-0.031,+0.000,-0.030,-1.483,2,+0.000,+0.011,+0.08504,+0.011,+2.126,-0.022,+0.000,-0.030,+2.074,2,-0.009,+0.008,+0.393,-0.694
DRV,74410,+0.0000,+0.0000,+0.0000,+0.0000,+0.0000,+0.0000,+0.000,+0.000,-0.00883,+0.0190,+0.0000,-0.761,2,1,+0.000,-0.001,-0.06704,-0.001,-1.676,+0.003,+0.000,-0.061,-1.734,2,+0.000,-0.009,+0.03232,-0.009,+0.808,+0.018,+0.000,-0.061,+0.765,2,+0.000,+0.030,-0.05746,+0.030,-1.436,-0.060,+0.000,-0.061,-1.557,2,+0.000,+0.036,+0.08481,+0.036,+2.120,-0.072,+0.000,-0.061,+1.988,2,+0.034,+0.021,+0.254,-0.792
DRV,74414,+0.0000,+0.0000,+0.0000,+0.0000,+0.0000,+0.0000,+0.000,+0.000,-0.00876,+0.0190,+0.0000,-0.760,2,1,+0.000,-0.025,-0.06646,-0.025,-1.662,+0.050,+0.000,-0.061,-1.673,2,+0.000,-0.008,+0.03251,-0.008,+0.813,+0.016,+0.000,-0.061,+0.768,2,+0.000,+0.011,-0.05765,+0.011,-1.441,-0.023,+0.000,-0.061,-1.525,2,+0.000,+0.013,+0.08424,+0.013,+2.106,-0.027,+0.000,-0.061,+2.018,2,-0.011,+0.003,+0.346,-0.757
DRV,74418,+0.0000,+0.0000,+0.0000,+0.0000,+0.0000,+0.0000,+0.000,+0.000,-0.00867,+0.0232,+0.0000,-0.929,2,1,+0.000,+0.000,-0.06635,+0.000,-1.659,+0.000,+0.000,-0.074,-1.733,2,+0.000,-0.006,+0.03301,-0.006,+0.825,+0.012,+0.000,-0.074,+0.763,2,+0.000,+0.021,-0.05792,+0.021,-1.448,-0.041,+0.000,-0.074,-1.563,2,+0.000,+0.022,+0.08396,+0.022,+2.099,-0.044,+0.000,-0.074,+1.981,2,+0.022,+0.014,+0.248,-0.800
DRV,74422,+0.0000,+0.0000,+0.0000,+0.0000,+0.0000,+0.0000,+0.000,+0.000,-0.00858,+0.0232,+0.0000,-0.927,2,1,+0.000,-0.026,-0.06570,-0.026,-1.642,+0.051,+0.000,-0.074,-1.665,2,+0.000,-0.005,+0.03328,-0.005,+0.832,+0.010,+0.000,-0.074,+0.767,2,+0.000,+0.015,-0.05841,+0.015,-1.460,-0.030,+0.000,-0.074,-1.564,2,+0.000,+0.015,+0.08347,+0.015,+2.087,-0.030,+0.000,-0.074,+1.983,2,-0.011,+0.010,+0.318,-0.797
DRV,74426,+0.0000,+0.0000,+0.0000,+0.0000,+0.0000,+0.0000,+0.000,+0.000,-0.00849,+0.0205,+0.0000,-0.818,2,1,+0.000,+0.000,-0.06578,+0.000,-1.644,+0.000,+0.000,-0.065,-1.710,2,+0.000,-0.012,+0.03359,-0.012,+0.840,+0.024,+0.000,-0.065,+0.798,0,+0.000,+0.018,-0.05849,+0.018,-1.462,-0.036,+0.000,-0.065,-1.564,2,+0.000,+0.007,+0.08339,+0.007,+2.085,-0.013,+0.000,-0.065,+2.006,0,+0.007,+0.006,+0.296,-0.766
DRV,74430,+0.0000,+0.0000,+0.0000,+0.0000,+0.0000,+0.0000,+0.000,+0.000,-0.00841,+0.0204,+0.0000,-0.817,2,1,+0.000,-0.015,-0.06531,-0.015,-1.633,+0.031,+0.000,-0.065,-1.668,0,+0.000,-0.005,+0.03367,-0.005,+0.842,+0.010,+0.000,-0.065,+0.786,0,+0.000,+0.007,-0.05880,+0.007,-1.470,-0.013,+0.000,-0.065,-1.549,2,+0.000,+0.015,+0.08308,+0.015,+2.077,-0.031,+0.000,-0.065,+1.981,0,+0.000,+0.002,+0.314,-0.763
DRV,74434,+0.0000,+0.0000,+0.0000,+0.0000,+0.0000,+0.0000,+0.000,+0.000,-0.00836,+0.0108,+0.0000,-0.432,2,1,+0.000,-0.001,-0.06528,-0.001,-1.632,+0.003,+0.000,-0.035,-1.664,2,+0.000,-0.007,+0.03408,-0.007,+0.852,+0.014,+0.000,-0.035,+0.832,2,+0.000,+0.000,-0.05877,+0.000,-1.469,+0.000,+0.000,-0.035,-1.504,0,+0.000,+0.004,+0.08273,+0.004,+2.068,-0.008,+0.000,-0.035,+2.026,0,+0.002,-0.007,+0.362,-0.672
DRV,74438,+0.0000,+0.0000,+0.0000,+0.0000,+0.0000,+0.0000,+0.000,+0.000,-0.00831,+0.0108,+0.0000,-0.431,2,1,+0.000,-0.002,-0.06528,-0.002,-1.632,+0.005,+0.000,-0.035,-1.662,2,+0.000,-0.010,+0.03408,-0.010,+0.852,+0.021,+0.000,-0.035,+0.839,2,+0.000,+0.014,-0.05877,+0.014,-1.469,-0.028,+0.000,-0.035,-1.531,0,+0.000,+0.005,+0.08273,+0.005,+2.068,-0.010,+0.000,-0.035,+2.023,2,+0.003,+0.003,+0.362,-0.693
DRV,74442,+0.0000,+0.0000,+0.0000,+0.0000,+0.0000,+0.0000,+0.000,+0.000,-0.00830,+0.0023,+0.0000,-0.090,2,1,+0.000,+0.000,-0.06501,+0.000,-1.625,+0.000,+0.000,-0.007,-1.632,2,+0.000,-0.004,+0.03397,-0.004,+0.849,+0.008,+0.000,-0.007,+0.850,2,+0.000,-0.003,-0.05888,-0.003,-1.472,+0.007,+0.000,-0.007,-1.472,2,+0.000,-0.002,+0.08262,-0.002,+2.066,+0.004,+0.000,-0.007,+2.062,2,-0.002,-0.007,+0.430,-0.623
DRV,74446,+0.0000,+0.0000,+0.0000,+0.0000,+0.0000,+0.0000,+0.000,+0.000,-0.00829,+0.0023,+0.0000,-0.090,2,1,+0.000,+0.001,-0.06509,+0.001,-1.627,-0.002,+0.000,-0.007,-1.636,2,+0.000,-0.001,+0.03427,-0.001,+0.857,+0.003,+0.000,-0.007,+0.852,2,+0.000,-0.004,-0.05896,-0.004,-1.474,+0.008,+0.000,-0.007,-1.473,2,+0.000,+0.000,+0.08254,+0.000,+2.064,+0.000,+0.000,-0.007,+2.056,2,+0.001,-0.005,+0.420,-0.621
DRV,74450,+0.0000,+0.0000,+0.0000,+0.0000,+0.0000,+0.0000,+0.000,+0.000,-0.00830,-0.0036,+0.0000,+0.144,2,1,+0.000,+0.000,-0.06517,+0.000,-1.629,+0.000,+0.000,+0.012,-1.618,2,+0.000,+0.000,+0.03419,+0.000,+0.855,+0.000,+0.000,+0.012,+0.866,2,+0.000,-0.010,-0.05865,-0.010,-1.466,+0.021,+0.000,+0.012,-1.434,2,+0.000,+0.000,+0.08246,+0.000,+2.062,+0.000,+0.000,+0.012,+2.073,2,+0.000,-0.010,+0.455,-0.567
DRV,74454,+0.0000,+0.0000,+0.0000,+0.0000,+0.0000,+0.0000,+0.000,+0.000,-0.00831,-0.0036,+0.0000,+0.144,2,1,+0.000,+0.003,-0.06528,+0.003,-1.632,-0.007,+0.000,+0.012,-1.627,2,+0.000,+0.000,+0.03408,+0.000,+0.852,+0.000,+0.000,+0.012,+0.864,2,+0.000,+0.000,-0.05876,+0.000,-1.469,+0.000,+0.000,+0.012,-1.458,2,+0.000,-0.002,+0.08273,-0.002,+2.068,+0.005,+0.000,+0.012,+2.085,2,+0.001,+0.000,+0.457,-0.594
DRV,74458,+0.0000,+0.0000,+0.0000,+0.0000,+0.0000,+0.0000,+0.000,+0.000,-0.00833,-0.0062,+0.0000,+0.250,2,1,+0.000,+0.000,-0.06555,+0.000,-1.639,+0.000,+0.000,+0.020,-1.619,2,+0.000,+0.000,+0.03419,+0.000,+0.855,+0.000,+0.000,+0.020,+0.875,2,+0.000,-0.007,-0.05865,-0.007,-1.466,+0.013,+0.000,+0.020,-1.433,2,+0.000,-0.010,+0.08285,-0.010,+2.071,+0.021,+0.000,+0.020,+2.112,2,-0.010,-0.007,+0.493,-0.558
DRV,74462,+0.0000,+0.0000,+0.0000,+0.0000,+0.0000,+0.0000,+0.000,+0.000,-0.00836,-0.0062,+0.0000,+0.249,2,1,+0.000,+0.008,-0.06566,+0.008,-1.642,-0.016,+0.000,+0.020,-1.638,0,+0.000,+0.000,+0.03408,+0.000,+0.852,-0.001,+0.000,+0.020,+0.871,0,+0.000,+0.000,-0.05876,+0.000,-1.469,+0.000,+0.000,+0.020,-1.449,2,+0.000,-0.002,+0.08312,-0.002,+2.078,+0.004,+0.000,+0.020,+2.102,2,+0.006,+0.000,+0.464,-0.578
DRV,74466,+0.0000,+0.0000,+0.0000,+0.0000,+0.0000,+0.0000,+0.000,+0.000,-0.00837,-0.0014,+0.0000,+0.058,2,1,+0.000,+0.000,-0.06566,+0.000,-1.642,+0.000,+0.000,+0.005,-1.637,0,+0.000,+0.005,+0.03370,+0.005,+0.842,-0.010,+0.000,+0.005,+0.837,0,+0.000,-0.005,-0.05838,-0.005,-1.460,+0.010,+0.000,+0.005,-1.444,2,+0.000,+0.000,+0.08312,+0.000,+2.078,+0.000,+0.000,+0.005,+2.083,2,+0.000,+0.000,+0.446,-0.608
DRV,74470,+0.0000,+0.0000,+0.0000,+0.0000,+0.0000,+0.0000,+0.000,+0.000,-0.00837,-0.0014,+0.0000,+0.057,2,1,+0.000,+0.010,-0.06566,+0.010,-1.642,-0.019,+0.000,+0.005,-1.656,0,+0.000,+0.004,+0.03370,+0.004,+0.842,-0.008,+0.000,+0.005,+0.839,2,+0.000,+0.000,-0.05838,+0.000,-1.460,+0.000,+0.000,+0.005,-1.455,2,+0.000,-0.004,+0.08312,-0.004,+2.078,+0.009,+0.000,+0.005,+2.091,0,+0.005,+0.004,+0.435,-0.616
DRV,74474,+0.0000,+0.0000,+0.0000,+0.0000,+0.0000,+0.0000,+0.000,+0.000,-0.00836,+0.0065,+0.0000,-0.262,2,1,+0.000,+0.000,-0.06558,+0.000,-1.640,+0.000,+0.000,-0.021,-1.661,2,+0.000,+0.006,+0.03378,+0.006,+0.844,-0.012,+0.000,-0.021,+0.811,2,+0.000,+0.003,-0.05869,+0.003,-1.467,-0.006,+0.000,-0.021,-1.494,0,+0.000,+0.000,+0.08320,+0.000,+2.080,+0.000,+0.000,-0.021,+2.059,0,+0.000,+0.009,+0.398,-0.683
DRV,74478,+0.0000,+0.0000,+0.0000,+0.0000,+0.0000,+0.0000,+0.000,+0.000,-0.00832,+0.0097,+0.0000,-0.389,2,1,+0.000,+0.000,-0.06558,+0.000,-1.640,+0.000,+0.000,-0.031,-1.671,2,+0.000,+0.008,+0.03378,+0.008,+0.844,-0.015,+0.000,-0.031,+0.798,2,+0.000,+0.000,-0.05869,+0.000,-1.467,+0.000,+0.000,-0.031,-1.498,2,+0.000,+0.000,+0.08320,+0.000,+2.080,+0.000,+0.000,-0.031,+2.049,2,+0.000,+0.008,+0.378,-0.700
DRV,74482,+0.0000,+0.0000,+0.0000,+0.0000,+0.0000,+0.0000,+0.000,+0.000,-0.00827,+0.0129,+0.0000,-0.516,2,1,+0.000,+0.000,-0.06550,+0.000,-1.638,+0.000,+0.000,-0.041,-1.679,2,+0.000,+0.000,+0.03347,+0.000,+0.837,+0.000,+0.000,-0.041,+0.796,2,+0.000,+0.001,-0.05861,+0.001,-1.465,-0.003,+0.000,-0.041,-1.509,2,+0.000,+0.009,+0.08328,+0.009,+2.082,-0.018,+0.000,-0.041,+2.022,2,+0.009,+0.001,+0.344,-0.714
DRV,74486,+0.0000,+0.0000,+0.0000,+0.0000,+0.0000,+0.0000,+0.000,+0.000,-0.00822,+0.0105,+0.0000,-0.419,2,1,+0.000,+0.000,-0.06550,+0.000,-1.638,+0.000,+0.000,-0.034,-1.671,2,+0.000,+0.000,+0.03347,+0.000,+0.837,+0.000,+0.000,-0.034,+0.803,2,+0.000,+0.000,-0.05861,+0.000,-1.465,+0.000,+0.000,-0.034,-1.499,2,+0.000,+0.000,+0.08328,+0.000,+2.082,+0.000,+0.000,-0.034,+2.048,2,+0.000,+0.000,+0.377,-0.695
DRV,74490,+0.0000,+0.0000,+0.0000,+0.0000,+0.0000,+0.0000,+0.000,+0.000,-0.00819,+0.0081,+0.0000,-0.322,2,1,+0.000,+0.000,-0.06550,+0.000,-1.638,+0.000,+0.000,-0.026,-1.663,2,+0.000,+0.000,+0.03347,+0.000,+0.837,+0.000,+0.000,-0.026,+0.811,2,+0.000,+0.000,-0.05861,+0.000,-1.465,+0.000,+0.000,-0.026,-1.491,2,+0.000,+0.000,+0.08328,+0.000,+2.082,+0.000,+0.000,-0.026,+2.056,2,+0.000,+0.000,+0.393,-0.680
DRV,74494,+0.0000,+0.0000,+0.0000,+0.0000,+0.0000,+0.0000,+0.000,+0.000,-0.00816,+0.0057,+0.0000,-0.226,2,1,+0.000,-0.003,-0.06547,-0.003,-1.637,+0.006,+0.000,-0.018,-1.649,2,+0.000,-0.007,+0.03389,-0.007,+0.847,+0.014,+0.000,-0.018,+0.843,2,+0.000,+0.000,-0.05857,+0.000,-1.464,+0.000,+0.000,-0.018,-1.482,2,+0.000,+0.000,+0.08292,+0.000,+2.073,+0.000,+0.000,-0.018,+2.055,2,-0.003,-0.007,+0.406,-0.639
DRV,74498,+0.0000,+0.0000,+0.0000,+0.0000,+0.0000,+0.0000,+0.000,+0.000,-0.00815,+0.0032,+0.0000,-0.130,2,1,+0.000,-0.010,-0.06547,-0.010,-1.637,+0.021,+0.000,-0.010,-1.626,2,+0.000,-0.005,+0.03389,-0.005,+0.847,+0.010,+0.000,-0.010,+0.846,0,+0.000,+0.000,-0.05857,+0.000,-1.464,+0.000,+0.000,-0.010,-1.475,2,+0.000,+0.000,+0.08292,+0.000,+2.073,+0.000,+0.000,-0.010,+2.063,2,-0.010,-0.005,+0.437,-0.628
DRV,74502,+0.0000,+0.0000,+0.0000,+0.0000,+0.0000,+0.0000,+0.000,+0.000,-0.00815,+0.0000,+0.0000,-0.002,2,1,+0.000,+0.000,-0.06555,+0.000,-1.639,+0.000,+0.000,-0.000,-1.639,0,+0.000,-0.008,+0.03419,-0.008,+0.855,+0.015,+0.000,-0.000,+0.870,0,+0.000,-0.008,-0.05865,-0.008,-1.466,+0.016,+0.000,-0.000,-1.450,2,+0.000,+0.004,+0.08285,+0.004,+2.071,-0.008,+0.000,-0.000,+2.063,2,+0.004,-0.016,+0.424,-0.580
DRV,74506,+0.0000,+0.0000,+0.0000,+0.0000,+0.0000,+0.0000,+0.000,+0.000,-0.00816,-0.0031,+0.0000,+0.126,2,1,+0.000,-0.008,-0.06555,-0.008,-1.639,+0.015,+0.000,+0.010,-1.613,0,+0.000,-0.005,+0.03419,-0.005,+0.855,+0.010,+0.000,+0.010,+0.874,2,+0.000,+0.002,-0.05865,+0.002,-1.466,-0.004,+0.000,+0.010,-1.460,2,+0.000,-0.007,+0.08285,-0.007,+2.071,+0.014,+0.000,+0.010,+2.095,0,-0.015,-0.003,+0.482,-0.586
DRV,74510,+0.0000,+0.0000,+0.0000,+0.0000,+0.0000,+0.0000,+0.000,+0.000,-0.00817,-0.0023,+0.0000,+0.093,2,1,+0.000,+0.000,-0.06528,+0.000,-1.632,+0.000,+0.000,+0.007,-1.625,2,+0.000,+0.000,+0.03408,+0.000,+0.852,+0.000,+0.000,+0.007,+0.860,2,+0.000,+0.000,-0.05876,+0.000,-1.469,+0.000,+0.000,+0.007,-1.462,0,+0.000,+0.001,+0.08273,+0.001,+2.068,-0.003,+0.000,+0.007,+2.073,0,+0.001,+0.000,+0.448,-0.602
DRV,74514,+0.0000,+0.0000,+0.0000,+0.0000,+0.0000,+0.0000,+0.000,+0.000,-0.00817,-0.0015,+0.0000,+0.061,2,1,+0.000,-0.000,-0.06528,-0.000,-1.632,+0.001,+0.000,+0.005,-1.626,2,+0.000,+0.000,+0.03408,+0.000,+0.852,+0.000,+0.000,+0.005,+0.857,2,+0.000,+0.000,-0.05876,+0.000,-1.469,+0.000,+0.000,+0.005,-1.464,0,+0.000,+0.000,+0.08273,+0.000,+2.068,+0.000,+0.000,+0.005,+2.073,2,-0.000,+0.000,+0.447,-0.607
DRV,74518,+0.0000,+0.0000,+0.0000,+0.0000,+0.0000,+0.0000,+0.000,+0.000,-0.00818,+0.0006,+0.0000,-0.024,2,1,+0.000,+0.000,-0.06528,+0.000,-1.632,+0.000,+0.000,-0.002,-1.634,2,+0.000,+0.000,+0.03408,+0.000,+0.852,+0.000,+0.000,-0.002,+0.850,2,+0.000,+0.000,-0.05876,+0.000,-1.469,+0.000,+0.000,-0.002,-1.471,2,+0.000,+0.000,+0.08273,+0.000,+2.068,+0.000,+0.000,-0.002,+2.066,2,+0.000,+0.000,+0.433,-0.621
DRV,74522,+0.0000,+0.0000,+0.0000,+0.0000,+0.0000,+0.0000,+0.000,+0.000,-0.00817,+0.0027,+0.0000,-0.109,2,1,+0.000,+0.000,-0.06528,+0.000,-1.632,+0.000,+0.000,-0.009,-1.641,2,+0.000,+0.002,+0.03408,+0.002,+0.852,-0.005,+0.000,-0.009,+0.839,2,+0.000,+0.000,-0.05876,+0.000,-1.469,+0.000,+0.000,-0.009,-1.478,2,+0.000,-0.013,+0.08273,-0.013,+2.068,+0.026,+0.000,-0.009,+2.085,2,-0.013,+0.002,+0.445,-0.639
DRV,74526,+0.0000,+0.0000,+0.0000,+0.0000,+0.0000,+0.0000,+0.000,+0.000,-0.00815,+0.0046,+0.0000,-0.183,2,1,+0.000,+0.004,-0.06555,+0.004,-1.639,-0.009,+0.000,-0.015,-1.662,2,+0.000,+0.005,+0.03419,+0.005,+0.855,-0.010,+0.000,-0.015,+0.831,2,+0.000,+0.000,-0.05865,+0.000,-1.466,+0.000,+0.000,-0.015,-1.481,2,+0.000,+0.000,+0.08285,+0.000,+2.071,+0.000,+0.000,-0.015,+2.056,2,+0.004,+0.005,+0.394,-0.650
DRV,74530,+0.0000,+0.0000,+0.0000,+0.0000,+0.0000,+0.0000,+0.000,+0.000,-0.00813,+0.0064,+0.0000,-0.257,2,1,+0.000,+0.000,-0.06547,+0.000,-1.637,+0.000,+0.000,-0.021,-1.657,2,+0.000,+0.005,+0.03389,+0.005,+0.847,-0.010,+0.000,-0.021,+0.816,2,+0.000,+0.000,-0.05857,+0.000,-1.464,+0.000,+0.000,-0.021,-1.485,2,+0.000,-0.005,+0.08292,-0.005,+2.073,+0.010,+0.000,-0.021,+2.063,2,-0.005,+0.005,+0.406,-0.669
DRV,74534,+0.0000,+0.0000,+0.0000,+0.0000,+0.0000,+0.0000,+0.000,+0.000,-0.00810,+0.0067,+0.0000,-0.267,2,1,+0.000,+0.007,-0.06547,+0.007,-1.637,-0.014,+0.000,-0.021,-1.672,2,+0.000,+0.000,+0.03389,+0.000,+0.847,+0.000,+0.000,-0.021,+0.826,2,+0.000,-0.005,-0.05857,-0.005,-1.464,+0.010,+0.000,-0.021,-1.476,2,+0.000,+0.000,+0.08292,+0.000,+2.073,+0.000,+0.000,-0.021,+2.052,2,+0.007,-0.005,+0.379,-0.650
DRV,74538,+0.0000,+0.0000,+0.0000,+0.0000,+0.0000,+0.0000,+0.000,+0.000,-0.00807,+0.0069,+0.0000,-0.277,2,1,+0.000,+0.000,-0.06558,+0.000,-1.640,+0.000,+0.000,-0.022,-1.662,2,+0.000,+0.005,+0.03378,+0.005,+0.844,-0.010,+0.000,-0.022,+0.813,0,+0.000,-0.001,-0.05869,-0.001,-1.467,+0.002,+0.000,-0.022,-1.487,2,+0.000,-0.012,+0.08320,-0.012,+2.080,+0.024,+0.000,-0.022,+2.082,2,-0.012,+0.004,+0.420,-0.675
DRV,74542,+0.0000,+0.0000,+0.0000,+0.0000,+0.0000,+0.0000,+0.000,+0.000,-0.00804,+0.0064,+0.0000,-0.256,2,1,+0.000,+0.004,-0.06558,+0.004,-1.640,-0.009,+0.000,-0.020,-1.669,0,+0.000,+0.000,+0.03378,+0.000,+0.844,+0.000,+0.000,-0.020,+0.824,0,+0.000,+0.000,-0.05869,+0.000,-1.467,+0.000,+0.000,-0.020,-1.488,2,+0.000,+0.000,+0.08320,+0.000,+2.080,+0.000,+0.000,-0.020,+2.059,0,+0.004,+0.000,+0.391,-0.664
DRV,74546,+0.0000,+0.0000,+0.0000,+0.0000,+0.0000,+0.0000,+0.000,+0.000,-0.00802,+0.0058,+0.0000,-0.234,2,1,+0.000,+0.000,-0.06566,+0.000,-1.642,+0.000,+0.000,-0.019,-1.660,2,+0.000,+0.000,+0.03370,+0.000,+0.842,+0.000,+0.000,-0.019,+0.824,2,+0.000,-0.016,-0.05838,-0.016,-1.460,+0.032,+0.000,-0.019,-1.446,0,+0.000,-0.008,+0.08312,-0.008,+2.078,+0.015,+0.000,-0.019,+2.074,0,-0.008,-0.016,+0.414,-0.622
DRV,74550,+0.0000,+0.0000,+0.0000,+0.0000,+0.0000,+0.0000,+0.000,+0.000,-0.00800,+0.0024,+0.0000,-0.095,2,1,+0.000,-0.002,-0.06566,-0.002,-1.642,+0.004,+0.000,-0.008,-1.645,2,+0.000,+0.000,+0.03370,+0.000,+0.842,+0.000,+0.000,-0.008,+0.835,2,+0.000,+0.000,-0.05838,+0.000,-1.460,+0.000,+0.000,-0.008,-1.467,0,+0.000,+0.000,+0.08312,+0.000,+2.078,+0.000,+0.000,-0.008,+2.070,2,-0.002,+0.000,+0.425,-0.632
DRV,74554,+0.0000,+0.0000,+0.0000,+0.0000,+0.0000,+0.0000,+0.000,+0.000,-0.00801,-0.0011,+0.0000,+0.043,2,1,+0.000,-0.001,-0.06577,-0.001,-1.644,+0.003,+0.000,+0.003,-1.638,2,+0.000,-0.004,+0.03359,-0.004,+0.840,+0.009,+0.000,+0.003,+0.852,2,+0.000,+0.000,-0.05849,+0.000,-1.462,+0.000,+0.000,+0.003,-1.459,2,+0.000,-0.009,+0.08339,-0.009,+2.085,+0.018,+0.000,+0.003,+2.106,2,-0.010,-0.004,+0.468,-0.607
DRV,74558,+0.0000,+0.0000,+0.0000,+0.0000,+0.0000,+0.0000,+0.000,+0.000,-0.00802,-0.0032,+0.0000,+0.128,2,1,+0.000,+0.000,-0.06577,+0.000,-1.644,+0.000,+0.000,+0.010,-1.634,2,+0.000,+0.000,+0.03359,+0.000,+0.840,+0.000,+0.000,+0.010,+0.850,2,+0.000,-0.009,-0.05849,-0.009,-1.462,+0.018,+0.000,+0.010,-1.434,2,+0.000,+0.000,+0.08339,+0.000,+2.085,+0.000,+0.000,+0.010,+2.095,2,+0.000,-0.009,+0.461,-0.584
DRV,74562,+0.0000,+0.0000,+0.0000,+0.0000,+0.0000,+0.0000,+0.000,+0.000,-0.00804,-0.0053,+0.0000,+0.213,2,1,+0.000,-0.001,-0.06585,-0.001,-1.646,+0.002,+0.000,+0.017,-1.627,2,+0.000,-0.001,+0.03351,-0.001,+0.838,+0.003,+0.000,+0.017,+0.858,2,+0.000,-0.001,-0.05819,-0.001,-1.455,+0.002,+0.000,+0.017,-1.436,2,+0.000,-0.002,+0.08331,-0.002,+2.083,+0.004,+0.000,+0.017,+2.104,2,-0.003,-0.002,+0.476,-0.578
DRV,74566,+0.0000,+0.0000,+0.0000,+0.0000,+0.0000,+0.0000,+0.000,+0.000,-0.00806,-0.0056,+0.0000,+0.223,2,1,+0.000,+0.000,-0.06593,+0.000,-1.648,+0.000,+0.000,+0.018,-1.630,2,+0.000,-0.006,+0.03381,-0.006,+0.845,+0.011,+0.000,+0.018,+0.875,2,+0.000,+0.000,-0.05827,+0.000,-1.457,+0.000,+0.000,+0.018,-1.439,2,+0.000,-0.000,+0.08323,-0.000,+2.081,+0.001,+0.000,+0.018,+2.100,2,-0.000,-0.006,+0.469,-0.564
DRV,74570,+0.0000,+0.0000,+0.0000,+0.0000,+0.0000,+0.0000,+0.000,+0.000,-0.00808,-0.0058,+0.0000,+0.234,2,1,+0.000,-0.003,-0.06566,-0.003,-1.642,+0.006,+0.000,+0.019,-1.617,2,+0.000,+0.000,+0.03370,+0.000,+0.842,+0.000,+0.000,+0.019,+0.861,2,+0.000,+0.000,-0.05838,+0.000,-1.460,+0.000,+0.000,+0.019,-1.441,2,+0.000,+0.000,+0.08312,+0.000,+2.078,+0.000,+0.000,+0.019,+2.097,2,-0.003,+0.000,+0.479,-0.580
DRV,74574,+0.0000,+0.0000,+0.0000,+0.0000,+0.0000,+0.0000,+0.000,+0.000,-0.00810,-0.0026,+0.0000,+0.105,2,1,+0.000,+0.001,-0.06566,+0.001,-1.642,-0.002,+0.000,+0.008,-1.635,0,+0.000,-0.001,+0.03370,-0.001,+0.842,+0.002,+0.000,+0.008,+0.853,0,+0.000,+0.000,-0.05838,+0.000,-1.460,-0.001,+0.000,+0.008,-1.452,2,+0.000,+0.000,+0.08312,+0.000,+2.078,+0.000,+0.000,+0.008,+2.086,2,+0.001,-0.000,+0.451,-0.599
DRV,74578,+0.0000,+0.0000,+0.0000,+0.0000,+0.0000,+0.0000,+0.000,+0.000,-0.00810,+0.0006,+0.0000,-0.022,2,1,+0.000,-0.000,-0.06566,-0.000,-1.642,+0.001,+0.000,-0.002,-1.642,0,+0.000,+0.000,+0.03370,+0.000,+0.842,+0.000,+0.000,-0.002,+0.841,0,+0.000,+0.000,-0.05838,+0.000,-1.460,+0.000,+0.000,-0.002,-1.461,2,+0.000,+0.000,+0.08312,+0.000,+2.078,+0.000,+0.000,-0.002,+2.076,0,-0.000,+0.000,+0.434,-0.621
DRV,74582,+0.0000,+0.0000,+0.0000,+0.0000,+0.0000,+0.0000,+0.000,+0.000,-0.00809,+0.0032,+0.0000,-0.129,2,1,+0.000,+0.000,-0.06566,+0.000,-1.642,+0.000,+0.000,-0.010,-1.652,0,+0.000,+0.000,+0.03370,+0.000,+0.842,+0.000,+0.000,-0.010,+0.832,0,+0.000,+0.000,-0.05838,+0.000,-1.460,+0.000,+0.000,-0.010,-1.470,0,+0.000,+0.000,+0.08312,+0.000,+2.078,+0.000,+0.000,-0.010,+2.068,0,+0.000,+0.000,+0.416,-0.638
DRV,74586,+0.0000,+0.0000,+0.0000,+0.0000,+0.0000,+0.0000,+0.000,+0.000,-0.00807,+0.0059,+0.0000,-0.235,2,1,+0.000,+0.000,-0.06566,+0.000,-1.642,+0.000,+0.000,-0.019,-1.660,2,+0.000,+0.000,+0.03370,+0.000,+0.842,+0.000,+0.000,-0.019,+0.824,2,+0.000,+0.000,-0.05838,+0.000,-1.460,+0.000,+0.000,-0.019,-1.478,0,+0.000,+0.004,+0.08312,+0.004,+2.078,-0.008,+0.000,-0.019,+2.051,2,+0.004,+0.000,+0.391,-0.655
DRV,74590,+0.0000,+0.0000,+0.0000,+0.0000,+0.0000,+0.0000,+0.000,+0.000,-0.00804,+0.0064,+0.0000,-0.256,2,1,+0.000,+0.000,-0.06566,+0.000,-1.642,+0.000,+0.000,-0.020,-1.662,2,+0.000,+0.005,+0.03370,+0.005,+0.842,-0.010,+0.000,-0.020,+0.812,2,+0.000,+0.000,-0.05838,+0.000,-1.460,+0.000,+0.000,-0.020,-1.480,0,+0.000,-0.001,+0.08312,-0.001,+2.078,+0.003,+0.000,-0.020,+2.060,0,-0.001,+0.005,+0.398,-0.668
DRV,74594,+0.0000,+0.0000,+0.0000,+0.0000,+0.0000,+0.0000,+0.000,+0.000,-0.00802,+0.0069,+0.0000,-0.276,2,1,+0.000,+0.000,-0.06566,+0.000,-1.642,+0.000,+0.000,-0.022,-1.664,2,+0.000,+0.000,+0.03370,+0.000,+0.842,+0.000,+0.000,-0.022,+0.820,2,+0.000,+0.000,-0.05838,+0.000,-1.460,+0.000,+0.000,-0.022,-1.482,2,+0.000,-0.002,+0.08312,-0.002,+2.078,+0.004,+0.000,-0.022,+2.060,2,-0.002,+0.000,+0.396,-0.661
DRV,74598,+0.0000,+0.0000,+0.0000,+0.0000,+0.0000,+0.0000,+0.000,+0.000,-0.00799,+0.0048,+0.0000,-0.191,2,1,+0.000,+0.000,-0.06566,+0.000,-1.642,+0.000,+0.000,-0.015,-1.657,2,+0.000,+0.000,+0.03370,+0.000,+0.842,+0.000,+0.000,-0.015,+0.827,2,+0.000,-0.004,-0.05838,-0.004,-1.460,+0.009,+0.000,-0.015,-1.466,2,+0.000,+0.000,+0.08312,+0.000,+2.078,+0.000,+0.000,-0.015,+2.063,2,+0.000,-0.004,+0.406,-0.639
DRV,74602,+0.0000,+0.0000,+0.0000,+0.0000,+0.0000,+0.0000,+0.000,+0.000,-0.00798,+0.0026,+0.0000,-0.105,2,1,+0.000,+0.000,-0.06577,+0.000,-1.644,+0.000,+0.000,-0.008,-1.653,2,+0.000,+0.000,+0.03359,+0.000,+0.840,+0.000,+0.000,-0.008,+0.831,2,+0.000,+0.000,-0.05849,+0.000,-1.462,+0.000,+0.000,-0.008,-1.471,2,+0.000,-0.006,+0.08339,-0.006,+2.085,+0.012,+0.000,-0.008,+2.089,2,-0.006,+0.000,+0.436,-0.640
DRV,74606,+0.0000,+0.0000,+0.0000,+0.0000,+0.0000,+0.0000,+0.000,+0.000,-0.00798,-0.0000,+0.0000,+0.001,2,1,+0.000,+0.000,-0.06577,+0.000,-1.644,+0.000,+0.000,+0.000,-1.644,2,+0.000,+0.000,+0.03359,+0.000,+0.840,+0.000,+0.000,+0.000,+0.840,2,+0.000,-0.008,-0.05849,-0.008,-1.462,+0.016,+0.000,+0.000,-1.446,2,+0.000,+0.000,+0.08339,+0.000,+2.085,+0.000,+0.000,+0.000,+2.085,2,+0.000,-0.008,+0.441,-0.606
DRV,74610,+0.0000,+0.0000,+0.0000,+0.0000,+0.0000,+0.0000,+0.000,+0.000,-0.00799,-0.0027,+0.0000,+0.108,2,1,+0.000,-0.000,-0.06597,-0.000,-1.649,+0.001,+0.000,+0.009,-1.640,2,+0.000,+0.000,+0.03339,+0.000,+0.835,+0.000,+0.000,+0.009,+0.843,0,+0.000,+0.000,-0.05830,+0.000,-1.458,+0.000,+0.000,+0.009,-1.449,2,+0.000,-0.004,+0.08358,-0.004,+2.089,+0.009,+0.000,+0.009,+2.107,2,-0.005,+0.000,+0.467,-0.605
DRV,74614,+0.0000,+0.0000,+0.0000,+0.0000,+0.0000,+0.0000,+0.000,+0.000,-0.00800,-0.0030,+0.0000,+0.118,2,1,+0.000,-0.001,-0.06585,-0.001,-1.646,+0.002,+0.000,+0.009,-1.635,0,+0.000,-0.001,+0.03351,-0.001,+0.838,+0.002,+0.000,+0.009,+0.849,0,+0.000,-0.012,-0.05819,-0.012,-1.455,+0.025,+0.000,+0.009,-1.420,2,+0.000,+0.000,+0.08331,+0.000,+2.083,+0.000,+0.000,+0.009,+2.092,2,-0.001,-0.013,+0.457,-0.571
DRV,74618,+0.0000,+0.0000,+0.0000,+0.0000,+0.0000,+0.0000,+0.000,+0.000,-0.00801,-0.0032,+0.0000,+0.129,2,1,+0.000,+0.000,-0.06597,+0.000,-1.649,+0.000,+0.000,+0.010,-1.639,0,+0.000,+0.000,+0.03339,+0.000,+0.835,+0.000,+0.000,+0.010,+0.845,2,+0.000,+0.000,-0.05830,+0.000,-1.458,+0.000,+0.000,+0.010,-1.447,2,+0.000,-0.001,+0.08358,-0.001,+2.089,+0.003,+0.000,+0.010,+2.103,0,-0.001,+0.000,+0.464,-0.602
DRV,74622,+0.0000,+0.0000,+0.0000,+0.0000,+0.0000,+0.0000,+0.000,+0.000,-0.00802,-0.0019,+0.0000,+0.075,2,1,+0.000,+0.000,-0.06597,+0.000,-1.649,+0.000,+0.000,+0.006,-1.643,2,+0.000,+0.000,+0.03339,+0.000,+0.835,+0.000,+0.000,+0.006,+0.841,2,+0.000,+0.000,-0.05830,+0.000,-1.458,+0.000,+0.000,+0.006,-1.452,0,+0.000,+0.000,+0.08358,+0.000,+2.089,+0.000,+0.000,+0.006,+2.095,0,+0.000,+0.000,+0.452,-0.611
DRV,74626,+0.0000,+0.0000,+0.0000,+0.0000,+0.0000,+0.0000,+0.000,+0.000,-0.00802,-0.0005,+0.0000,+0.022,2,1,+0.000,+0.000,-0.06597,+0.000,-1.649,+0.000,+0.000,+0.002,-1.647,2,+0.000,+0.000,+0.03339,+0.000,+0.835,+0.000,+0.000,+0.002,+0.837,2,+0.000,+0.000,-0.05830,+0.000,-1.458,+0.000,+0.000,+0.002,-1.456,0,+0.000,-0.006,+0.08358,-0.006,+2.089,+0.012,+0.000,+0.002,+2.104,2,-0.006,+0.000,+0.456,-0.619
DRV,74630,+0.0000,+0.0000,+0.0000,+0.0000,+0.0000,+0.0000,+0.000,+0.000,-0.00802,+0.0016,+0.0000,-0.063,2,1,+0.000,+0.000,-0.06597,+0.000,-1.649,+0.000,+0.000,-0.005,-1.654,2,+0.000,+0.000,+0.03339,+0.000,+0.835,+0.000,+0.000,-0.005,+0.830,2,+0.000,+0.000,-0.05830,+0.000,-1.458,+0.000,+0.000,-0.005,-1.463,2,+0.000,+0.007,+0.08358,+0.007,+2.089,-0.013,+0.000,-0.005,+2.071,2,+0.007,+0.000,+0.417,-0.633
DRV,74634,+0.0000,+0.0000,+0.0000,+0.0000,+0.0000,+0.0000,+0.000,+0.000,-0.00801,+0.0037,+0.0000,-0.148,2,1,+0.000,+0.001,-0.06597,+0.001,-1.649,-0.003,+0.000,-0.012,-1.664,2,+0.000,+0.000,+0.03339,+0.000,+0.835,+0.000,+0.000,-0.012,+0.823,2,+0.000,+0.000,-0.05830,+0.000,-1.458,+0.000,+0.000,-0.012,-1.469,2,+0.000,-0.001,+0.08358,-0.001,+2.089,+0.003,+0.000,-0.012,+2.080,2,+0.000,+0.000,+0.417,-0.646
DRV,74638,+0.0000,+0.0000,+0.0000,+0.0000,+0.0000,+0.0000,+0.000,+0.000,-0.00799,+0.0050,+0.0000,-0.201,2,1,+0.000,-0.001,-0.06597,-0.001,-1.649,+0.003,+0.000,-0.016,-1.662,2,+0.000,+0.000,+0.03339,+0.000,+0.835,+0.000,+0.000,-0.016,+0.819,2,+0.000,+0.000,-0.05830,+0.000,-1.458,+0.000,+0.000,-0.016,-1.474,2,+0.000,+0.000,+0.08358,+0.000,+2.089,+0.000,+0.000,-0.016,+2.073,2,-0.001,+0.000,+0.411,-0.655
DRV,74642,+0.0000,+0.0000,+0.0000,+0.0000,+0.0000,+0.0000,+0.000,+0.000,-0.00796,+0.0063,+0.0000,-0.254,2,1,+0.000,+0.000,-0.06597,+0.000,-1.649,+0.000,+0.000,-0.020,-1.669,2,+0.000,+0.000,+0.03339,+0.000,+0.835,+0.000,+0.000,-0.020,+0.815,2,+0.000,+0.000,-0.05830,+0.000,-1.458,+0.000,+0.000,-0.020,-1.478,2,+0.000,+0.000,+0.08358,+0.000,+2.089,+0.000,+0.000,-0.020,+2.069,2,+0.000,+0.000,+0.400,-0.663
DRV,74646,+0.0000,+0.0000,+0.0000,+0.0000,+0.0000,+0.0000,+0.000,+0.000,-0.00794,+0.0050,+0.0000,-0.200,2,1,+0.000,-0.001,-0.06597,-0.001,-1.649,+0.003,+0.000,-0.016,-1.662,2,+0.000,+0.000,+0.03339,+0.000,+0.835,+0.000,+0.000,-0.016,+0.819,0,+0.000,+0.000,-0.05830,+0.000,-1.458,+0.000,+0.000,-0.016,-1.474,2,+0.000,+0.000,+0.08358,+0.000,+2.089,+0.000,+0.000,-0.016,+2.073,2,-0.001,+0.000,+0.411,-0.655
DRV,74650,+0.0000,+0.0000,+0.0000,+0.0000,+0.0000,+0.0000,+0.000,+0.000,-0.00793,+0.0037,+0.0000,-0.147,2,1,+0.000,-0.010,-0.06597,-0.010,-1.649,+0.020,+0.000,-0.012,-1.641,2,+0.000,-0.003,+0.03339,-0.003,+0.835,+0.006,+0.000,-0.012,+0.829,0,+0.000,+0.000,-0.05830,+0.000,-1.458,+0.000,+0.000,-0.012,-1.469,2,+0.000,+0.000,+0.08358,+0.000,+2.089,+0.000,+0.000,-0.012,+2.078,2,-0.010,-0.003,+0.437,-0.640
DRV,74654,+0.0000,+0.0000,+0.0000,+0.0000,+0.0000,+0.0000,+0.000,+0.000,-0.00792,+0.0015,+0.0000,-0.061,2,1,+0.000,+0.000,-0.06597,+0.000,-1.649,+0.000,+0.000,-0.005,-1.654,0,+0.000,+0.000,+0.03339,+0.000,+0.835,+0.000,+0.000,-0.005,+0.830,0,+0.000,+0.000,-0.05830,+0.000,-1.458,+0.000,+0.000,-0.005,-1.462,2,+0.000,+0.000,+0.08358,+0.000,+2.089,+0.000,+0.000,-0.005,+2.085,0,+0.000,+0.000,+0.431,-0.633
DRV,74658,+0.0000,+0.0000,+0.0000,+0.0000,+0.0000,+0.0000,+0.000,+0.000,-0.00792,-0.0006,+0.0000,+0.024,2,1,+0.000,-0.013,-0.06616,-0.013,-1.654,+0.026,+0.000,+0.002,-1.626,0,+0.000,-0.005,+0.03320,-0.005,+0.830,+0.010,+0.000,+0.002,+0.842,2,+0.000,-0.006,-0.05811,-0.006,-1.453,+0.011,+0.000,+0.002,-1.439,0,+0.000,-0.009,+0.08377,-0.009,+2.094,+0.017,+0.000,+0.002,+2.113,0,-0.021,-0.010,+0.487,-0.598
DRV,74662,+0.0000,+0.0000,+0.0000,+0.0000,+0.0000,+0.0000,+0.000,+0.000,-0.00793,-0.0025,+0.0000,+0.098,2,1,+0.000,+0.000,-0.06597,+0.000,-1.649,+0.000,+0.000,+0.008,-1.641,2,+0.000,-0.003,+0.03339,-0.003,+0.835,+0.006,+0.000,+0.008,+0.848,2,+0.000,+0.000,-0.05830,+0.000,-1.458,+0.000,+0.000,+0.008,-1.450,0,+0.000,+0.000,+0.08358,+0.000,+2.089,+0.000,+0.000,+0.008,+2.097,2,+0.000,-0.003,+0.456,-0.601
DRV,74666,+0.0000,+0.0000,+0.0000,+0.0000,+0.0000,+0.0000,+0.000,+0.000,-0.00794,-0.0043,+0.0000,+0.173,2,1,+0.000,+0.000,-0.06597,+0.000,-1.649,+0.000,+0.000,+0.014,-1.635,2,+0.000,-0.002,+0.03339,-0.002,+0.835,+0.004,+0.000,+0.014,+0.852,2,+0.000,-0.010,-0.05830,-0.010,-1.458,+0.020,+0.000,+0.014,-1.424,2,+0.000,-0.002,+0.08358,-0.002,+2.089,+0.004,+0.000,+0.014,+2.107,2,-0.002,-0.012,+0.472,-0.571
DRV,74670,+0.0000,+0.0000,+0.0000,+0.0000,+0.0000,+0.0000,+0.000,+0.000,-0.00796,-0.0046,+0.0000,+0.183,2,1,+0.000,+0.000,-0.06597,+0.000,-1.649,+0.000,+0.000,+0.015,-1.635,2,+0.000,-0.001,+0.03339,-0.001,+0.835,+0.002,+0.000,+0.015,+0.851,2,+0.000,+0.000,-0.05830,+0.000,-1.458,+0.000,+0.000,+0.015,-1.443,2,+0.000,+0.000,+0.08358,+0.000,+2.089,+0.000,+0.000,+0.015,+2.104,2,+0.000,-0.001,+0.470,-0.592
DRV,74674,+0.0000,+0.0000,+0.0000,+0.0000,+0.0000,+0.0000,+0.000,+0.000,-0.00798,-0.0048,+0.0000,+0.193,2,1,+0.000,+0.000,-0.06597,+0.000,-1.649,+0.000,+0.000,+0.015,-1.634,2,+0.000,-0.005,+0.03339,-0.005,+0.835,+0.010,+0.000,+0.015,+0.860,2,+0.000,+0.000,-0.05830,+0.000,-1.458,+0.000,+0.000,+0.015,-1.442,2,+0.000,+0.000,+0.08358,+0.000,+2.089,+0.000,+0.000,+0.015,+2.105,2,+0.000,-0.005,+0.471,-0.582
DRV,74678,+0.0000,+0.0000,+0.0000,+0.0000,+0.0000,+0.0000,+0.000,+0.000,-0.00799,-0.0030,+0.0000,+0.118,2,1,+0.000,-0.001,-0.06597,-0.001,-1.649,+0.002,+0.000,+0.009,-1.638,2,+0.000,+0.000,+0.03339,+0.000,+0.835,+0.000,+0.000,+0.009,+0.844,2,+0.000,+0.000,-0.05830,+0.000,-1.458,+0.000,+0.000,+0.009,-1.448,2,+0.000,+0.000,+0.08358,+0.000,+2.089,+0.000,+0.000,+0.009,+2.099,2,-0.001,+0.000,+0.461,-0.604
DRV,74682,+0.0000,+0.0000,+0.0000,+0.0000,+0.0000,+0.0000,+0.000,+0.000,-0.00800,-0.0011,+0.0000,+0.044,2,1,+0.000,-0.002,-0.06597,-0.002,-1.649,+0.005,+0.000,+0.003,-1.641,2,+0.000,+0.000,+0.03339,+0.000,+0.835,+0.000,+0.000,+0.003,+0.838,2,+0.000,+0.000,-0.05830,+0.000,-1.458,+0.000,+0.000,+0.003,-1.454,2,+0.000,+0.000,+0.08358,+0.000,+2.089,+0.000,+0.000,+0.003,+2.093,2,-0.002,+0.000,+0.452,-0.616
DRV,74686,+0.0000,+0.0000,+0.0000,+0.0000,+0.0000,+0.0000,+0.000,+0.000,-0.00800,+0.0008,+0.0000,-0.031,2,1,+0.000,+0.000,-0.06597,+0.000,-1.649,+0.000,+0.000,-0.002,-1.652,2,+0.000,-0.001,+0.03339,-0.001,+0.835,+0.003,+0.000,-0.002,+0.835,0,+0.000,+0.000,-0.05830,+0.000,-1.458,+0.000,+0.000,-0.002,-1.460,2,+0.000,+0.000,+0.08358,+0.000,+2.089,+0.000,+0.000,-0.002,+2.087,2,+0.000,-0.001,+0.435,-0.625
DRV,74690,+0.0000,+0.0000,+0.0000,+0.0000,+0.0000,+0.0000,+0.000,+0.000,-0.00799,+0.0026,+0.0000,-0.105,2,1,+0.000,+0.000,-0.06597,+0.000,-1.649,+0.000,+0.000,-0.008,-1.658,0,+0.000,+0.000,+0.03339,+0.000,+0.835,+0.000,+0.000,-0.008,+0.826,2,+0.000,+0.000,-0.05830,+0.000,-1.458,+0.000,+0.000,-0.008,-1.466,2,+0.000,+0.000,+0.08358,+0.000,+2.089,+0.000,+0.000,-0.008,+2.081,0,+0.000,+0.000,+0.423,-0.640
DRV,74694,+0.0000,+0.0000,+0.0000,+0.0000,+0.0000,+0.0000,+0.000,+0.000,-0.00797,+0.0048,+0.0000,-0.190,2,1,+0.000,+0.000,-0.06597,+0.000,-1.649,+0.000,+0.000,-0.015,-1.664,0,+0.000,+0.000,+0.03339,+0.000,+0.835,+0.000,+0.000,-0.015,+0.820,2,+0.000,+0.000,-0.05830,+0.000,-1.458,+0.000,+0.000,-0.015,-1.473,0,+0.000,+0.006,+0.08358,+0.006,+2.089,-0.011,+0.000,-0.015,+2.063,0,+0.006,+0.000,+0.398,-0.653
DRV,74698,+0.0000,+0.0000,+0.0000,+0.0000,+0.0000,+0.0000,+0.000,+0.000,-0.00795,+0.0069,+0.0000,-0.275,2,1,+0.000,-0.000,-0.06597,-0.000,-1.649,+0.001,+0.000,-0.022,-1.670,2,+0.000,+0.000,+0.03339,+0.000,+0.835,+0.000,+0.000,-0.022,+0.813,2,+0.000,+0.001,-0.05830,+0.001,-1.458,-0.002,+0.000,-0.022,-1.481,0,+0.000,+0.002,+0.08358,+0.002,+2.089,-0.004,+0.000,-0.022,+2.064,2,+0.001,+0.001,+0.393,-0.669
DRV,74702,+0.0000,+0.0000,+0.0000,+0.0000,+0.0000,+0.0000,+0.000,+0.000,-0.00792,+0.0058,+0.0000,-0.232,2,1,+0.000,+0.000,-0.06597,+0.000,-1.649,+0.000,+0.000,-0.019,-1.668,2,+0.000,+0.000,+0.03339,+0.000,+0.835,+0.000,+0.000,-0.019,+0.816,2,+0.000,+0.005,-0.05830,+0.005,-1.458,-0.010,+0.000,-0.019,-1.486,2,+0.000,+0.000,+0.08358,+0.000,+2.089,+0.000,+0.000,-0.019,+2.071,2,+0.000,+0.005,+0.403,-0.669
DRV,74706,+0.0000,+0.0000,+0.0000,+0.0000,+0.0000,+0.0000,+0.000,+0.000,-0.00790,+0.0058,+0.0000,-0.231,2,1,+0.000,+0.000,-0.06597,+0.000,-1.649,+0.000,+0.000,-0.019,-1.668,2,+0.000,+0.000,+0.03339,+0.000,+0.835,+0.000,+0.000,-0.019,+0.816,2,+0.000,+0.001,-0.05830,+0.001,-1.458,-0.002,+0.000,-0.019,-1.478,2,+0.000,+0.000,+0.08358,+0.000,+2.089,+0.000,+0.000,-0.019,+2.071,2,+0.000,+0.001,+0.403,-0.662
DRV,74710,+0.0000,+0.0000,+0.0000,+0.0000,+0.0000,+0.0000,+0.000,+0.000,-0.00788,+0.0031,+0.0000,-0.125,2,1,+0.000,-0.004,-0.06570,-0.004,-1.642,+0.008,+0.000,-0.010,-1.645,2,+0.000,+0.000,+0.03328,+0.000,+0.832,+0.000,+0.000,-0.010,+0.822,2,+0.000,+0.000,-0.05841,+0.000,-1.460,+0.000,+0.000,-0.010,-1.470,2,+0.000,+0.000,+0.08347,+0.000,+2.087,+0.000,+0.000,-0.010,+2.077,2,-0.004,+0.000,+0.432,-0.648
DRV,74714,+0.0000,+0.0000,+0.0000,+0.0000,+0.0000,+0.0000,+0.000,+0.000,-0.00787,+0.0031,+0.0000,-0.124,2,1,+0.000,+0.000,-0.06570,+0.000,-1.642,+0.000,+0.000,-0.010,-1.652,2,+0.000,+0.000,+0.03328,+0.000,+0.832,+0.000,+0.000,-0.010,+0.822,2,+0.000,+0.000,-0.05841,+0.000,-1.460,+0.000,+0.000,-0.010,-1.470,2,+0.000,+0.005,+0.08347,+0.005,+2.087,-0.010,+0.000,-0.010,+2.067,2,+0.005,+0.000,+0.415,-0.648
DRV,74718,+0.0000,+0.0000,+0.0000,+0.0000,+0.0000,+0.0000,+0.000,+0.000,-0.00787,+0.0010,+0.0000,-0.039,2,1,+0.000,-0.009,-0.06577,-0.009,-1.644,+0.017,+0.000,-0.003,-1.630,2,+0.000,-0.000,+0.03359,-0.000,+0.840,+0.001,+0.000,-0.003,+0.837,0,+0.000,+0.000,-0.05849,+0.000,-1.462,+0.000,+0.000,-0.003,-1.465,2,+0.000,+0.000,+0.08339,+0.000,+2.085,+0.000,+0.000,-0.003,+2.082,2,-0.009,-0.000,+0.451,-0.628
DRV,74722,+0.0000,+0.0000,+0.0000,+0.0000,+0.0000,+0.0000,+0.000,+0.000,-0.00786,+0.0010,+0.0000,-0.039,2,1,+0.000,+0.000,-0.06577,+0.000,-1.644,+0.000,+0.000,-0.003,-1.647,2,+0.000,-0.003,+0.03359,-0.003,+0.840,+0.007,+0.000,-0.003,+0.843,0,+0.000,+0.000,-0.05849,+0.000,-1.462,+0.000,+0.000,-0.003,-1.465,2,+0.000,+0.000,+0.08339,+0.000,+2.085,+0.000,+0.000,-0.003,+2.082,2,+0.000,-0.003,+0.434,-0.622
DRV,74726,+0.0000,+0.0000,+0.0000,+0.0000,+0.0000,+0.0000,+0.000,+0.000,-0.00786,-0.0006,+0.0000,+0.025,2,1,+0.000,-0.014,-0.06577,-0.014,-1.644,+0.029,+0.000,+0.002,-1.614,0,+0.000,+0.000,+0.03359,+0.000,+0.840,+0.000,+0.000,+0.002,+0.842,0,+0.000,+0.000,-0.05849,+0.000,-1.462,+0.000,+0.000,+0.002,-1.460,2,+0.000,+0.000,+0.08339,+0.000,+2.085,+0.000,+0.000,+0.002,+2.087,2,-0.014,+0.000,+0.473,-0.619
DRV,74730,+0.0000,+0.0000,+0.0000,+0.0000,+0.0000,+0.0000,+0.000,+0.000,-0.00787,-0.0006,+0.0000,+0.025,2,1,+0.000,+0.001,-0.06550,+0.001,-1.638,-0.003,+0.000,+0.002,-1.638,0,+0.000,-0.002,+0.03347,-0.002,+0.837,+0.004,+0.000,+0.002,+0.843,2,+0.000,-0.002,-0.05861,-0.002,-1.465,+0.005,+0.000,+0.002,-1.458,2,+0.000,+0.000,+0.08327,+0.000,+2.082,+0.000,+0.000,+0.002,+2.084,0,+0.001,-0.004,+0.445,-0.616
DRV,74734,+0.0000,+0.0000,+0.0000,+0.0000,+0.0000,+0.0000,+0.000,+0.000,-0.00786,+0.0004,+0.0000,-0.018,2,1,+0.000,+0.000,-0.06577,+0.000,-1.644,+0.000,+0.000,-0.001,-1.646,2,+0.000,+0.000,+0.03359,+0.000,+0.840,+0.000,+0.000,-0.001,+0.838,2,+0.000,+0.000,-0.05849,+0.000,-1.462,+0.000,+0.000,-0.001,-1.464,0,+0.000,+0.000,+0.08339,+0.000,+2.085,+0.000,+0.000,-0.001,+2.083,0,+0.000,+0.000,+0.437,-0.626
DRV,74738,+0.0000,+0.0000,+0.0000,+0.0000,+0.0000,+0.0000,+0.000,+0.000,-0.00786,+0.0004,+0.0000,-0.018,2,1,+0.000,+0.000,-0.06577,+0.000,-1.644,+0.000,+0.000,-0.001,-1.646,2,+0.000,+0.000,+0.03359,+0.000,+0.840,+0.000,+0.000,-0.001,+0.838,2,+0.000,+0.000,-0.05849,+0.000,-1.462,+0.000,+0.000,-0.001,-1.464,2,+0.000,+0.000,+0.08339,+0.000,+2.085,+0.000,+0.000,-0.001,+2.083,2,+0.000,+0.000,+0.437,-0.626
DRV,74742,+0.0000,+0.0000,+0.0000,+0.0000,+0.0000,+0.0000,+0.000,+0.000,-0.00785,+0.0036,+0.0000,-0.145,2,1,+0.000,+0.000,-0.06577,+0.000,-1.644,+0.000,+0.000,-0.012,-1.656,2,+0.000,+0.000,+0.03359,+0.000,+0.840,+0.000,+0.000,-0.012,+0.828,2,+0.000,+0.000,-0.05849,+0.000,-1.462,+0.000,+0.000,-0.012,-1.474,2,+0.000,+0.000,+0.08339,+0.000,+2.085,+0.000,+0.000,-0.012,+2.073,2,+0.000,+0.000,+0.417,-0.646
DRV,74746,+0.0000,+0.0000,+0.0000,+0.0000,+0.0000,+0.0000,+0.000,+0.000,-0.00784,+0.0036,+0.0000,-0.145,2,1,+0.000,+0.000,-0.06577,+0.000,-1.644,+0.000,+0.000,-0.012,-1.656,2,+0.000,+0.000,+0.03359,+0.000,+0.840,+0.000,+0.000,-0.012,+0.828,2,+0.000,+0.000,-0.05849,+0.000,-1.462,+0.000,+0.000,-0.012,-1.474,2,+0.000,+0.000,+0.08339,+0.000,+2.085,+0.000,+0.000,-0.012,+2.073,2,+0.000,+0.000,+0.417,-0.646
DRV,74750,+0.0000,+0.0000,+0.0000,+0.0000,+0.0000,+0.0000,+0.000,+0.000,-0.00782,+0.0041,+0.0000,-0.166,2,1,+0.000,+0.000,-0.06577,+0.000,-1.644,+0.000,+0.000,-0.013,-1.658,2,+0.000,+0.000,+0.03359,+0.000,+0.840,+0.000,+0.000,-0.013,+0.826,2,+0.000,+0.000,-0.05849,+0.000,-1.462,+0.000,+0.000,-0.013,-1.476,2,+0.000,+0.000,+0.08339,+0.000,+2.085,+0.000,+0.000,-0.013,+2.071,2,+0.000,+0.000,+0.414,-0.649
DRV,74754,+0.0000,+0.0000,+0.0000,+0.0000,+0.0000,+0.0000,+0.000,+0.000,-0.00780,+0.0041,+0.0000,-0.166,2,1,+0.000,+0.000,-0.06577,+0.000,-1.644,+0.000,+0.000,-0.013,-1.658,2,+0.000,+0.000,+0.03359,+0.000,+0.840,+0.000,+0.000,-0.013,+0.826,2,+0.000,+0.005,-0.05849,+0.005,-1.462,-0.010,+0.000,-0.013,-1.485,2,+0.000,+0.000,+0.08339,+0.000,+2.085,+0.000,+0.000,-0.013,+2.071,2,+0.000,+0.005,+0.414,-0.659
DRV,74758,+0.0000,+0.0000,+0.0000,+0.0000,+0.0000,+0.0000,+0.000,+0.000,-0.00778,+0.0063,+0.0000,-0.250,2,1,+0.000,+0.000,-0.06577,+0.000,-1.644,+0.000,+0.000,-0.020,-1.664,2,+0.000,+0.000,+0.03359,+0.000,+0.840,+0.000,+0.000,-0.020,+0.820,0,+0.000,+0.000,-0.05849,+0.000,-1.462,+0.000,+0.000,-0.020,-1.482,2,+0.000,+0.000,+0.08339,+0.000,+2.085,+0.000,+0.000,-0.020,+2.065,2,+0.000,+0.000,+0.400,-0.663
DRV,74762,+0.0000,+0.0000,+0.0000,+0.0000,+0.0000,+0.0000,+0.000,+0.000,-0.00776,+0.0062,+0.0000,-0.250,2,1,+0.000,-0.003,-0.06539,-0.003,-1.635,+0.007,+0.000,-0.020,-1.648,0,+0.000,+0.000,+0.03359,+0.000,+0.840,+0.000,+0.000,-0.020,+0.820,0,+0.000,+0.000,-0.05849,+0.000,-1.462,+0.000,+0.000,-0.020,-1.482,2,+0.000,+0.005,+0.08300,+0.005,+2.075,-0.010,+0.000,-0.020,+2.046,2,+0.001,+0.000,+0.397,-0.663
DRV,74766,+0.0000,+0.0000,+0.0000,+0.0000,+0.0000,+0.0000,+0.000,+0.000,-0.00773,+0.0057,+0.0000,-0.228,2,1,+0.000,+0.000,-0.06539,+0.000,-1.635,+0.000,+0.000,-0.018,-1.653,0,+0.000,+0.000,+0.03359,+0.000,+0.840,-0.001,+0.000,-0.018,+0.820,2,+0.000,+0.000,-0.05849,+0.000,-1.462,+0.000,+0.000,-0.018,-1.481,2,+0.000,+0.000,+0.08300,+0.000,+2.075,+0.000,+0.000,-0.018,+2.057,0,+0.000,+0.000,+0.404,-0.660
DRV,74770,+0.0000,+0.0000,+0.0000,+0.0000,+0.0000,+0.0000,+0.000,+0.000,-0.00771,+0.0057,+0.0000,-0.228,2,1,+0.000,+0.000,-0.06539,+0.000,-1.635,+0.000,+0.000,-0.018,-1.653,0,+0.000,+0.000,+0.03359,+0.000,+0.840,+0.000,+0.000,-0.018,+0.821,2,+0.000,+0.000,-0.05849,+0.000,-1.462,+0.000,+0.000,-0.018,-1.481,0,+0.000,+0.000,+0.08300,+0.000,+2.075,+0.000,+0.000,-0.018,+2.057,0,+0.000,+0.000,+0.404,-0.659
DRV,74774,+0.0000,+0.0000,+0.0000,+0.0000,+0.0000,+0.0000,+0.000,+0.000,-0.00769,+0.0046,+0.0000,-0.185,2,1,+0.000,+0.000,-0.06566,+0.000,-1.642,+0.000,+0.000,-0.015,-1.656,2,+0.000,+0.001,+0.03370,+0.001,+0.842,-0.003,+0.000,-0.015,+0.825,2,+0.000,+0.000,-0.05838,+0.000,-1.460,+0.000,+0.000,-0.015,-1.474,0,+0.000,+0.000,+0.08312,+0.000,+2.078,+0.000,+0.000,-0.015,+2.063,2,+0.000,+0.001,+0.407,-0.649
DRV,74778,+0.0000,+0.0000,+0.0000,+0.0000,+0.0000,+0.0000,+0.000,+0.000,-0.00767,+0.0046,+0.0000,-0.184,2,1,+0.000,+0.002,-0.06566,+0.002,-1.642,-0.005,+0.000,-0.015,-1.661,2,+0.000,+0.000,+0.03370,+0.000,+0.842,+0.000,+0.000,-0.015,+0.828,2,+0.000,+0.000,-0.05838,+0.000,-1.460,+0.000,+0.000,-0.015,-1.474,2,+0.000,+0.000,+0.08312,+0.000,+2.078,+0.000,+0.000,-0.015,+2.063,2,+0.002,+0.000,+0.402,-0.647
DRV,74782,+0.0000,+0.0000,+0.0000,+0.0000,+0.0000,+0.0000,+0.000,+0.000,-0.00766,+0.0041,+0.0000,-0.163,2,1,+0.000,+0.000,-0.06566,+0.000,-1.642,+0.000,+0.000,-0.013,-1.655,2,+0.000,+0.000,+0.03370,+0.000,+0.842,+0.000,+0.000,-0.013,+0.829,2,+0.000,+0.000,-0.05838,+0.000,-1.460,+0.000,+0.000,-0.013,-1.473,2,+0.000,+0.000,+0.08312,+0.000,+2.078,+0.000,+0.000,-0.013,+2.065,2,+0.000,+0.000,+0.410,-0.643
DRV,74786,+0.0000,+0.0000,+0.0000,+0.0000,+0.0000,+0.0000,+0.000,+0.000,-0.00764,+0.0041,+0.0000,-0.162,2,1,+0.000,+0.003,-0.06566,+0.003,-1.642,-0.007,+0.000,-0.013,-1.661,2,+0.000,+0.003,+0.03370,+0.003,+0.842,-0.006,+0.000,-0.013,+0.824,2,+0.000,+0.000,-0.05838,+0.000,-1.460,+0.000,+0.000,-0.013,-1.473,2,+0.000,+0.000,+0.08312,+0.000,+2.078,+0.000,+0.000,-0.013,+2.065,2,+0.003,+0.003,+0.404,-0.649
DRV,74790,+0.0000,+0.0000,+0.0000,+0.0000,+0.0000,+0.0000,+0.000,+0.000,-0.00762,+0.0062,+0.0000,-0.247,2,1,+0.000,+0.000,-0.06566,+0.000,-1.642,+0.000,+0.000,-0.020,-1.661,2,+0.000,+0.000,+0.03370,+0.000,+0.842,+0.000,+0.000,-0.020,+0.823,2,+0.000,+0.000,-0.05838,+0.000,-1.460,+0.000,+0.000,-0.020,-1.479,2,+0.000,+0.000,+0.08312,+0.000,+2.078,+0.000,+0.000,-0.020,+2.058,2,+0.000,+0.000,+0.397,-0.657
DRV,74794,+0.0000,+0.0000,+0.0000,+0.0000,+0.0000,+0.0000,+0.000,+0.000,-0.00759,+0.0062,+0.0000,-0.247,2,1,+0.000,+0.000,-0.06566,+0.000,-1.642,+0.000,+0.000,-0.020,-1.661,2,+0.000,+0.001,+0.03370,+0.001,+0.842,-0.002,+0.000,-0.020,+0.821,2,+0.000,+0.000,-0.05838,+0.000,-1.460,+0.000,+0.000,-0.020,-1.479,2,+0.000,+0.000,+0.08312,+0.000,+2.078,+0.000,+0.000,-0.020,+2.058,2,+0.000,+0.001,+0.397,-0.658
DRV,74798,+0.0000,+0.0000,+0.0000,+0.0000,+0.0000,+0.0000,+0.000,+0.000,-0.00757,+0.0051,+0.0000,-0.204,2,1,+0.000,+0.000,-0.06566,+0.000,-1.642,+0.000,+0.000,-0.016,-1.658,2,+0.000,+0.000,+0.03370,+0.000,+0.842,+0.000,+0.000,-0.016,+0.826,0,+0.000,+0.000,-0.05838,+0.000,-1.460,+0.000,+0.000,-0.016,-1.476,2,+0.000,+0.000,+0.08312,+0.000,+2.078,+0.000,+0.000,-0.016,+2.062,2,+0.000,+0.000,+0.404,-0.650
DRV,74802,+0.0000,+0.0000,+0.0000,+0.0000,+0.0000,+0.0000,+0.000,+0.000,-0.00755,+0.0051,+0.0000,-0.203,2,1,+0.000,+0.000,-0.06566,+0.000,-1.642,+0.000,+0.000,-0.016,-1.658,0,+0.000,+0.000,+0.03370,+0.000,+0.842,+0.000,+0.000,-0.016,+0.826,2,+0.000,+0.000,-0.05838,+0.000,-1.460,+0.000,+0.000,-0.016,-1.476,2,+0.000,+0.000,+0.08312,+0.000,+2.078,+0.000,+0.000,-0.016,+2.062,0,+0.000,+0.000,+0.404,-0.650
DRV,74806,+0.0000,+0.0000,+0.0000,+0.0000,+0.0000,+0.0000,+0.000,+0.000,-0.00753,+0.0040,+0.0000,-0.160,2,1,+0.000,+0.000,-0.06566,+0.000,-1.642,+0.000,+0.000,-0.013,-1.654,0,+0.000,+0.000,+0.03370,+0.000,+0.842,+0.000,+0.000,-0.013,+0.830,2,+0.000,+0.000,-0.05838,+0.000,-1.460,+0.000,+0.000,-0.013,-1.472,0,+0.000,-0.002,+0.08312,-0.002,+2.078,+0.005,+0.000,-0.013,+2.070,0,-0.002,+0.000,+0.415,-0.643
DRV,74810,+0.0000,+0.0000,+0.0000,+0.0000,+0.0000,+0.0000,+0.000,+0.000,-0.00752,+0.0040,+0.0000,-0.160,2,1,+0.000,+0.000,-0.06566,+0.000,-1.642,+0.000,+0.000,-0.013,-1.654,2,+0.000,+0.001,+0.03370,+0.001,+0.842,-0.002,+0.000,-0.013,+0.828,2,+0.000,+0.000,-0.05838,+0.000,-1.460,+0.000,+0.000,-0.013,-1.472,0,+0.000,+0.000,+0.08312,+0.000,+2.078,+0.000,+0.000,-0.013,+2.065,2,+0.000,+0.001,+0.411,-0.645
DRV,74814,+0.0000,+0.0000,+0.0000,+0.0000,+0.0000,+0.0000,+0.000,+0.000,-0.00751,+0.0024,+0.0000,-0.096,2,1,+0.000,+0.000,-0.06566,+0.000,-1.642,+0.000,+0.000,-0.008,-1.649,2,+0.000,+0.000,+0.03370,+0.000,+0.842,+0.000,+0.000,-0.008,+0.835,2,+0.000,-0.002,-0.05838,-0.002,-1.460,+0.004,+0.000,-0.008,-1.463,2,+0.000,+0.000,+0.08312,+0.000,+2.078,+0.000,+0.000,-0.008,+2.070,2,+0.000,-0.002,+0.421,-0.629
DRV,74818,+0.0000,+0.0000,+0.0000,+0.0000,+0.0000,+0.0000,+0.000,+0.000,-0.00750,+0.0024,+0.0000,-0.095,2,1,+0.000,+0.000,-0.06566,+0.000,-1.642,+0.000,+0.000,-0.008,-1.649,2,+0.000,+0.000,+0.03370,+0.000,+0.842,+0.000,+0.000,-0.008,+0.835,2,+0.000,+0.000,-0.05838,+0.000,-1.460,+0.000,+0.000,-0.008,-1.467,2,+0.000,+0.000,+0.08312,+0.000,+2.078,+0.000,+0.000,-0.008,+2.070,2,+0.000,+0.000,+0.421,-0.632
DRV,74822,+0.0000,+0.0000,+0.0000,+0.0000,+0.0000,+0.0000,+0.000,+0.000,-0.00748,+0.0040,+0.0000,-0.159,2,1,+0.000,+0.000,-0.06566,+0.000,-1.642,+0.000,+0.000,-0.013,-1.654,2,+0.000,+0.002,+0.03370,+0.002,+0.842,-0.004,+0.000,-0.013,+0.826,2,+0.000,+0.000,-0.05838,+0.000,-1.460,+0.000,+0.000,-0.013,-1.472,2,+0.000,+0.000,+0.08312,+0.000,+2.078,+0.000,+0.000,-0.013,+2.065,2,+0.000,+0.002,+0.411,-0.646
DRV,74826,+0.0000,+0.0000,+0.0000,+0.0000,+0.0000,+0.0000,+0.000,+0.000,-0.00747,+0.0040,+0.0000,-0.159,2,1,+0.000,+0.000,-0.06566,+0.000,-1.642,-0.001,+0.000,-0.013,-1.655,2,+0.000,+0.000,+0.03370,+0.000,+0.842,+0.000,+0.000,-0.013,+0.830,2,+0.000,+0.000,-0.05838,+0.000,-1.460,+0.000,+0.000,-0.013,-1.472,2,+0.000,+0.000,+0.08312,+0.000,+2.078,+0.000,+0.000,-0.013,+2.065,2,+0.000,+0.000,+0.410,-0.642
DRV,74830,+0.0000,+0.0000,+0.0000,+0.0000,+0.0000,+0.0000,+0.000,+0.000,-0.00745,+0.0045,+0.0000,-0.180,2,1,+0.000,+0.000,-0.06566,+0.000,-1.642,-0.001,+0.000,-0.014,-1.657,2,+0.000,+0.002,+0.03370,+0.002,+0.842,-0.005,+0.000,-0.014,+0.823,2,+0.000,+0.000,-0.05838,+0.000,-1.460,+0.000,+0.000,-0.014,-1.474,2,+0.000,+0.001,+0.08312,+0.001,+2.078,-0.003,+0.000,-0.014,+2.061,2,+0.002,+0.002,+0.404,-0.651
DRV,74834,+0.0000,+0.0000,+0.0000,+0.0000,+0.0000,+0.0000,+0.000,+0.000,-0.00743,+0.0045,+0.0000,-0.179,2,1,+0.000,+0.000,-0.06566,+0.000,-1.642,+0.000,+0.000,-0.014,-1.656,2,+0.000,+0.000,+0.03370,+0.000,+0.842,-0.001,+0.000,-0.014,+0.827,0,+0.000,+0.002,-0.05838,+0.002,-1.460,-0.004,+0.000,-0.014,-1.478,2,+0.000,+0.000,+0.08312,+0.000,+2.078,+0.000,+0.000,-0.014,+2.064,2,+0.000,+0.002,+0.408,-0.651
DRV,74838,+0.0000,+0.0000,+0.0000,+0.0000,+0.0000,+0.0000,+0.000,+0.000,-0.00741,+0.0066,+0.0000,-0.264,2,1,+0.000,+0.004,-0.06558,+0.004,-1.640,-0.009,+0.000,-0.021,-1.669,0,+0.000,+0.000,+0.03378,+0.000,+0.844,+0.000,+0.000,-0.021,+0.823,0,+0.000,+0.000,-0.05869,+0.000,-1.467,+0.000,+0.000,-0.021,-1.488,2,+0.000,+0.000,+0.08320,+0.000,+2.080,+0.000,+0.000,-0.021,+2.059,0,+0.004,+0.000,+0.389,-0.665
DRV,74842,+0.0000,+0.0000,+0.0000,+0.0000,+0.0000,+0.0000,+0.000,+0.000,-0.00738,+0.0066,+0.0000,-0.264,2,1,+0.000,+0.000,-0.06558,+0.000,-1.640,+0.000,+0.000,-0.021,-1.661,0,+0.000,+0.002,+0.03378,+0.002,+0.844,-0.005,+0.000,-0.021,+0.819,2,+0.000,+0.000,-0.05869,+0.000,-1.467,+0.000,+0.000,-0.021,-1.488,0,+0.000,+0.000,+0.08320,+0.000,+2.080,+0.000,+0.000,-0.021,+2.059,0,+0.000,+0.002,+0.398,-0.670
DRV,74846,+0.0000,+0.0000,+0.0000,+0.0000,+0.0000,+0.0000,+0.000,+0.000,-0.00735,+0.0066,+0.0000,-0.263,2,1,+0.000,+0.000,-0.06550,+0.000,-1.638,-0.001,+0.000,-0.021,-1.660,2,+0.000,+0.000,+0.03347,+0.000,+0.837,+0.000,+0.000,-0.021,+0.816,2,+0.000,+0.000,-0.05861,+0.000,-1.465,+0.000,+0.000,-0.021,-1.486,0,+0.000,+0.007,+0.08327,+0.007,+2.082,-0.014,+0.000,-0.021,+2.047,0,+0.008,+0.000,+0.387,-0.670
DRV,74850,+0.0000,+0.0000,+0.0000,+0.0000,+0.0000,+0.0000,+0.000,+0.000,-0.00733,+0.0066,+0.0000,-0.263,2,1,+0.000,+0.000,-0.06550,+0.000,-1.638,+0.000,+0.000,-0.021,-1.659,2,+0.000,+0.000,+0.03347,+0.000,+0.837,+0.000,+0.000,-0.021,+0.816,2,+0.000,+0.000,-0.05861,+0.000,-1.465,+0.000,+0.000,-0.021,-1.486,0,+0.000,+0.000,+0.08327,+0.000,+2.082,+0.000,+0.000,-0.021,+2.061,2,+0.000,+0.000,+0.402,-0.670
DRV,74854,+0.0000,+0.0000,+0.0000,+0.0000,+0.0000,+0.0000,+0.000,+0.000,-0.00731,+0.0039,+0.0000,-0.156,2,1,+0.000,+0.001,-0.06578,+0.001,-1.644,-0.003,+0.000,-0.012,-1.660,2,+0.000,+0.000,+0.03359,+0.000,+0.840,+0.000,+0.000,-0.012,+0.827,2,+0.000,+0.002,-0.05849,+0.002,-1.462,-0.004,+0.000,-0.012,-1.479,2,+0.000,+0.000,+0.08339,+0.000,+2.085,+0.000,+0.000,-0.012,+2.072,2,+0.001,+0.002,+0.413,-0.651
DRV,74858,+0.0000,+0.0000,+0.0000,+0.0000,+0.0000,+0.0000,+0.000,+0.000,-0.00729,+0.0039,+0.0000,-0.155,2,1,+0.000,+0.000,-0.06578,+0.000,-1.644,+0.000,+0.000,-0.012,-1.657,2,+0.000,+0.000,+0.03359,+0.000,+0.840,+0.000,+0.000,-0.012,+0.827,2,+0.000,+0.000,-0.05849,+0.000,-1.462,+0.000,+0.000,-0.012,-1.475,2,+0.000,+0.000,+0.08339,+0.000,+2.085,+0.000,+0.000,-0.012,+2.072,2,+0.000,+0.000,+0.415,-0.648
DRV,74862,+0.0000,+0.0000,+0.0000,+0.0000,+0.0000,+0.0000,+0.000,+0.000,-0.00728,+0.0039,+0.0000,-0.155,2,1,+0.000,+0.001,-0.06578,+0.001,-1.644,-0.003,+0.000,-0.012,-1.660,2,+0.000,+0.000,+0.03359,+0.000,+0.840,+0.000,+0.000,-0.012,+0.827,2,+0.000,+0.000,-0.05849,+0.000,-1.462,+0.000,+0.000,-0.012,-1.475,2,+0.000,+0.000,+0.08339,+0.000,+2.085,+0.000,+0.000,-0.012,+2.072,2,+0.001,+0.000,+0.413,-0.648
DRV,74866,+0.0000,+0.0000,+0.0000,+0.0000,+0.0000,+0.0000,+0.000,+0.000,-0.00726,+0.0039,+0.0000,-0.155,2,1,+0.000,+0.000,-0.06578,+0.000,-1.644,+0.000,+0.000,-0.012,-1.657,2,+0.000,+0.000,+0.03359,+0.000,+0.840,-0.001,+0.000,-0.012,+0.826,2,+0.000,+0.000,-0.05849,+0.000,-1.462,+0.000,+0.000,-0.012,-1.475,2,+0.000,+0.005,+0.08339,+0.005,+2.085,-0.010,+0.000,-0.012,+2.063,2,+0.005,+0.000,+0.406,-0.648
DRV,74870,+0.0000,+0.0000,+0.0000,+0.0000,+0.0000,+0.0000,+0.000,+0.000,-0.00724,+0.0049,+0.0000,-0.197,2,1,+0.000,+0.003,-0.06578,+0.003,-1.644,-0.007,+0.000,-0.016,-1.667,2,+0.000,+0.005,+0.03359,+0.005,+0.840,-0.010,+0.000,-0.016,+0.813,0,+0.000,+0.000,-0.05849,+0.000,-1.462,+0.000,+0.000,-0.016,-1.478,2,+0.000,+0.000,+0.08339,+0.000,+2.085,+0.000,+0.000,-0.016,+2.069,2,+0.003,+0.005,+0.402,-0.665
DRV,74874,+0.0000,+0.0000,+0.0000,+0.0000,+0.0000,+0.0000,+0.000,+0.000,-0.00722,+0.0049,+0.0000,-0.197,2,1,+0.000,+0.000,-0.06578,+0.000,-1.644,+0.000,+0.000,-0.016,-1.660,0,+0.000,+0.001,+0.03359,+0.001,+0.840,-0.002,+0.000,-0.016,+0.822,0,+0.000,+0.000,-0.05849,+0.000,-1.462,+0.000,+0.000,-0.016,-1.478,2,+0.000,+0.000,+0.08339,+0.000,+2.085,+0.000,+0.000,-0.016,+2.069,2,+0.000,+0.001,+0.409,-0.656
DRV,74878,+0.0000,+0.0000,+0.0000,+0.0000,+0.0000,+0.0000,+0.000,+0.000,-0.00720,+0.0076,+0.0000,-0.303,2,1,+0.000,+0.000,-0.06578,+0.000,-1.644,+0.000,+0.000,-0.024,-1.669,0,+0.000,+0.000,+0.03359,+0.000,+0.840,+0.000,+0.000,-0.024,+0.815,2,+0.000,-0.001,-0.05849,-0.001,-1.462,+0.003,+0.000,-0.024,-1.484,2,+0.000,+0.000,+0.08339,+0.000,+2.085,+0.000,+0.000,-0.024,+2.060,0,+0.000,-0.001,+0.392,-0.668
DRV,74882,+0.0000,+0.0000,+0.0000,+0.0000,+0.0000,+0.0000,+0.000,+0.000,-0.00717,+0.0075,+0.0000,-0.302,2,1,+0.000,+0.000,-0.06578,+0.000,-1.644,+0.000,+0.000,-0.024,-1.669,2,+0.000,+0.000,+0.03359,+0.000,+0.840,+0.000,+0.000,-0.024,+0.815,2,+0.000,+0.003,-0.05849,+0.003,-1.462,-0.007,+0.000,-0.024,-1.493,0,+0.000,+0.000,+0.08339,+0.000,+2.085,+0.000,+0.000,-0.024,+2.061,0,+0.000,+0.003,+0.392,-0.678
DRV,74886,+0.0000,+0.0000,+0.0000,+0.0000,+0.0000,+0.0000,+0.000,+0.000,-0.00713,+0.0086,+0.0000,-0.344,2,1,+0.000,+0.007,-0.06578,+0.007,-1.644,-0.014,+0.000,-0.028,-1.686,2,+0.000,+0.003,+0.03359,+0.003,+0.840,-0.007,+0.000,-0.028,+0.805,2,+0.000,+0.000,-0.05849,+0.000,-1.462,+0.000,+0.000,-0.028,-1.490,0,+0.000,+0.000,+0.08339,+0.000,+2.085,+0.000,+0.000,-0.028,+2.057,2,+0.007,+0.003,+0.371,-0.684
DRV,74890,+0.0000,+0.0000,+0.0000,+0.0000,+0.0000,+0.0000,+0.000,+0.000,-0.00710,+0.0086,+0.0000,-0.343,2,1,+0.000,+0.000,-0.06578,+0.000,-1.644,+0.000,+0.000,-0.027,-1.672,2,+0.000,+0.000,+0.03359,+0.000,+0.840,+0.000,+0.000,-0.027,+0.812,2,+0.000,+0.000,-0.05849,+0.000,-1.462,-0.001,+0.000,-0.027,-1.491,2,+0.000,+0.000,+0.08339,+0.000,+2.085,+0.000,+0.000,-0.027,+2.057,2,+0.000,+0.000,+0.385,-0.679
DRV,74894,+0.0000,+0.0000,+0.0000,+0.0000,+0.0000,+0.0000,+0.000,+0.000,-0.00707,+0.0059,+0.0000,-0.236,2,1,+0.000,+0.003,-0.06566,+0.003,-1.642,-0.007,+0.000,-0.019,-1.667,2,+0.000,+0.002,+0.03370,+0.002,+0.842,-0.004,+0.000,-0.019,+0.820,2,+0.000,+0.000,-0.05838,+0.000,-1.460,+0.000,+0.000,-0.019,-1.478,2,+0.000,+0.001,+0.08312,+0.001,+2.078,-0.002,+0.000,-0.019,+2.057,2,+0.004,+0.002,+0.390,-0.659
DRV,74898,+0.0000,+0.0000,+0.0000,+0.0000,+0.0000,+0.0000,+0.000,+0.000,-0.00705,+0.0059,+0.0000,-0.236,2,1,+0.000,+0.000,-0.06566,+0.000,-1.642,+0.000,+0.000,-0.019,-1.660,2,+0.000,+0.002,+0.03370,+0.002,+0.842,-0.004,+0.000,-0.019,+0.820,2,+0.000,+0.004,-0.05838,+0.004,-1.460,-0.008,+0.000,-0.019,-1.486,2,+0.000,+0.000,+0.08312,+0.000,+2.078,+0.000,+0.000,-0.019,+2.059,2,+0.000,+0.006,+0.399,-0.666
DRV,74902,+0.0000,+0.0000,+0.0000,+0.0000,+0.0000,+0.0000,+0.000,+0.000,-0.00703,+0.0059,+0.0000,-0.235,2,1,+0.000,+0.004,-0.06566,+0.004,-1.642,-0.008,+0.000,-0.019,-1.668,2,+0.000,+0.000,+0.03370,+0.000,+0.842,+0.000,+0.000,-0.019,+0.824,2,+0.000,+0.000,-0.05838,+0.000,-1.460,+0.000,+0.000,-0.019,-1.478,2,+0.000,+0.002,+0.08312,+0.002,+2.078,-0.004,+0.000,-0.019,+2.055,2,+0.006,+0.000,+0.387,-0.655
DRV,74906,+0.0000,+0.0000,+0.0000,+0.0000,+0.0000,+0.0000,+0.000,+0.000,-0.00700,+0.0059,+0.0000,-0.235,2,1,+0.000,+0.000,-0.06566,+0.000,-1.642,+0.000,+0.000,-0.019,-1.660,2,+0.000,+0.003,+0.03370,+0.003,+0.842,-0.006,+0.000,-0.019,+0.818,2,+0.000,+0.000,-0.05838,+0.000,-1.460,+0.000,+0.000,-0.019,-1.478,2,+0.000,+0.000,+0.08312,+0.000,+2.078,+0.000,+0.000,-0.019,+2.059,2,+0.000,+0.003,+0.399,-0.660
DRV,74910,+0.0000,+0.0000,+0.0000,+0.0000,+0.0000,+0.0000,+0.000,+0.000,-0.00698,+0.0064,+0.0000,-0.256,2,1,+0.000,+0.000,-0.06566,+0.000,-1.642,+0.000,+0.000,-0.020,-1.662,2,+0.000,+0.000,+0.03370,+0.000,+0.842,+0.000,+0.000,-0.020,+0.822,0,+0.000,+0.000,-0.05838,+0.000,-1.460,+0.000,+0.000,-0.020,-1.480,2,+0.000,+0.001,+0.08312,+0.001,+2.078,-0.003,+0.000,-0.020,+2.055,2,+0.001,+0.000,+0.393,-0.658
DRV,74914,+0.0000,+0.0000,+0.0000,+0.0000,+0.0000,+0.0000,+0.000,+0.000,-0.00695,+0.0058,+0.0000,-0.234,2,1,+0.000,+0.000,-0.06566,+0.000,-1.642,+0.000,+0.000,-0.019,-1.660,0,+0.000,+0.000,+0.03370,+0.000,+0.842,+0.000,+0.000,-0.019,+0.824,0,+0.000,+0.000,-0.05838,+0.000,-1.460,+0.000,+0.000,-0.019,-1.478,2,+0.000,+0.000,+0.08312,+0.000,+2.078,+0.000,+0.000,-0.019,+2.059,0,+0.000,+0.000,+0.399,-0.654
DRV,74918,+0.0000,+0.0000,+0.0000,+0.0000,+0.0000,+0.0000,+0.000,+0.000,-0.00693,+0.0053,+0.0000,-0.212,2,1,+0.000,+0.000,-0.06558,+0.000,-1.640,+0.000,+0.000,-0.017,-1.657,2,+0.000,+0.000,+0.03378,+0.000,+0.844,+0.000,+0.000,-0.017,+0.827,2,+0.000,+0.003,-0.05869,+0.003,-1.467,-0.007,+0.000,-0.017,-1.491,0,+0.000,+0.000,+0.08320,+0.000,+2.080,+0.000,+0.000,-0.017,+2.063,0,+0.000,+0.003,+0.406,-0.663
DRV,74922,+0.0000,+0.0000,+0.0000,+0.0000,+0.0000,+0.0000,+0.000,+0.000,-0.00691,+0.0048,+0.0000,-0.190,2,1,+0.000,+0.000,-0.06558,+0.000,-1.640,+0.000,+0.000,-0.015,-1.655,2,+0.000,+0.000,+0.03378,+0.000,+0.844,+0.000,+0.000,-0.015,+0.829,2,+0.000,+0.000,-0.05869,+0.000,-1.467,+0.000,+0.000,-0.015,-1.482,0,+0.000,+0.000,+0.08320,+0.000,+2.080,+0.000,+0.000,-0.015,+2.065,2,+0.000,+0.000,+0.410,-0.653
DRV,74926,+0.0000,+0.0000,+0.0000,+0.0000,+0.0000,+0.0000,+0.000,+0.000,-0.00689,+0.0042,+0.0000,-0.169,2,1,+0.000,-0.001,-0.06558,-0.001,-1.640,+0.002,+0.000,-0.013,-1.651,2,+0.000,+0.002,+0.03378,+0.002,+0.844,-0.005,+0.000,-0.013,+0.826,2,+0.000,+0.000,-0.05869,+0.000,-1.467,+0.000,+0.000,-0.013,-1.481,2,+0.000,+0.000,+0.08320,+0.000,+2.080,+0.000,+0.000,-0.013,+2.066,2,-0.001,+0.002,+0.415,-0.654
DRV,74930,+0.0000,+0.0000,+0.0000,+0.0000,+0.0000,+0.0000,+0.000,+0.000,-0.00688,+0.0042,+0.0000,-0.168,2,1,+0.000,+0.006,-0.06558,+0.006,-1.640,-0.011,+0.000,-0.013,-1.664,2,+0.000,+0.000,+0.03378,+0.000,+0.844,+0.000,+0.000,-0.013,+0.831,2,+0.000,+0.000,-0.05869,+0.000,-1.467,+0.000,+0.000,-0.013,-1.481,2,+0.000,+0.000,+0.08320,+0.000,+2.080,+0.000,+0.000,-0.013,+2.066,2,+0.006,+0.000,+0.402,-0.650
DRV,74934,+0.0000,+0.0000,+0.0000,+0.0000,+0.0000,+0.0000,+0.000,+0.000,-0.00686,+0.0042,+0.0000,-0.168,2,1,+0.000,-0.002,-0.06558,-0.002,-1.640,+0.005,+0.000,-0.013,-1.648,2,+0.000,+0.000,+0.03378,+0.000,+0.844,+0.000,+0.000,-0.013,+0.831,2,+0.000,+0.000,-0.05869,+0.000,-1.467,+0.000,+0.000,-0.013,-1.481,2,+0.000,+0.000,+0.08320,+0.000,+2.080,+0.000,+0.000,-0.013,+2.066,2,-0.002,+0.000,+0.418,-0.650
DRV,74938,+0.0000,+0.0000,+0.0000,+0.0000,+0.0000,+0.0000,+0.000,+0.000,-0.00684,+0.0039,+0.0000,-0.157,2,1,+0.000,+0.000,-0.06558,+0.000,-1.640,+0.000,+0.000,-0.013,-1.652,2,+0.000,+0.000,+0.03378,+0.000,+0.844,+0.000,+0.000,-0.013,+0.832,2,+0.000,+0.000,-0.05869,+0.000,-1.467,+0.000,+0.000,-0.013,-1.480,2,+0.000,+0.000,+0.08320,+0.000,+2.080,+0.000,+0.000,-0.013,+2.067,2,+0.000,+0.000,+0.415,-0.648
DRV,74942,+0.0000,+0.0000,+0.0000,+0.0000,+0.0000,+0.0000,+0.000,+0.000,-0.00683,+0.0037,+0.0000,-0.146,2,1,+0.000,+0.000,-0.06558,+0.000,-1.640,+0.000,+0.000,-0.012,-1.651,2,+0.000,+0.000,+0.03378,+0.000,+0.844,+0.000,+0.000,-0.012,+0.833,2,+0.000,+0.000,-0.05869,+0.000,-1.467,+0.000,+0.000,-0.012,-1.479,2,+0.000,+0.000,+0.08320,+0.000,+2.080,+0.000,+0.000,-0.012,+2.068,2,+0.000,+0.000,+0.417,-0.646
DRV,74946,+0.0000,+0.0000,+0.0000,+0.0000,+0.0000,+0.0000,+0.000,+0.000,-0.00682,+0.0034,+0.0000,-0.135,2,1,+0.000,+0.000,-0.06566,+0.000,-1.642,+0.000,+0.000,-0.011,-1.652,0,+0.000,+0.000,+0.03370,+0.000,+0.842,+0.000,+0.000,-0.011,+0.832,0,+0.000,-0.000,-0.05838,-0.000,-1.460,+0.001,+0.000,-0.011,-1.469,2,+0.000,+0.000,+0.08312,+0.000,+2.078,+0.000,+0.000,-0.011,+2.067,2,+0.000,-0.000,+0.415,-0.638
DRV,74950,+0.0000,+0.0000,+0.0000,+0.0000,+0.0000,+0.0000,+0.000,+0.000,-0.00680,+0.0031,+0.0000,-0.124,2,1,+0.000,+0.000,-0.06566,+0.000,-1.642,+0.000,+0.000,-0.010,-1.652,0,+0.000,+0.000,+0.03370,+0.000,+0.842,+0.000,+0.000,-0.010,+0.833,0,+0.000,+0.000,-0.05838,+0.000,-1.460,+0.000,+0.000,-0.010,-1.469,2,+0.000,+0.000,+0.08312,+0.000,+2.078,+0.000,+0.000,-0.010,+2.068,0,+0.000,+0.000,+0.416,-0.637
DRV,74954,+0.0000,+0.0000,+0.0000,+0.0000,+0.0000,+0.0000,+0.000,+0.000,-0.00679,+0.0034,+0.0000,-0.135,2,1,+0.000,+0.001,-0.06585,+0.001,-1.646,-0.003,+0.000,-0.011,-1.660,0,+0.000,+0.000,+0.03389,+0.000,+0.847,+0.000,+0.000,-0.011,+0.836,2,+0.000,+0.000,-0.05857,+0.000,-1.464,+0.000,+0.000,-0.011,-1.475,0,+0.000,+0.000,+0.08331,+0.000,+2.083,+0.000,+0.000,-0.011,+2.072,0,+0.001,+0.000,+0.412,-0.639
DRV,74958,+0.0000,+0.0000,+0.0000,+0.0000,+0.0000,+0.0000,+0.000,+0.000,-0.00678,+0.0036,+0.0000,-0.145,2,1,+0.000,+0.000,-0.06585,+0.000,-1.646,+0.000,+0.000,-0.012,-1.658,2,+0.000,+0.000,+0.03389,+0.000,+0.847,+0.000,+0.000,-0.012,+0.836,2,+0.000,+0.000,-0.05857,+0.000,-1.464,+0.000,+0.000,-0.012,-1.476,0,+0.000,+0.000,+0.08331,+0.000,+2.083,+0.000,+0.000,-0.012,+2.071,0,+0.000,+0.000,+0.413,-0.640
DRV,74962,+0.0000,+0.0000,+0.0000,+0.0000,+0.0000,+0.0000,+0.000,+0.000,-0.00676,+0.0036,+0.0000,-0.145,2,1,+0.000,+0.000,-0.06585,+0.000,-1.646,+0.000,+0.000,-0.012,-1.658,2,+0.000,+0.000,+0.03389,+0.000,+0.847,+0.000,+0.000,-0.012,+0.836,2,+0.000,+0.000,-0.05857,+0.000,-1.464,+0.000,+0.000,-0.012,-1.476,2,+0.000,+0.000,+0.08331,+0.000,+2.083,+0.000,+0.000,-0.012,+2.071,2,+0.000,+0.000,+0.413,-0.640
DRV,74966,+0.0000,+0.0000,+0.0000,+0.0000,+0.0000,+0.0000,+0.000,+0.000,-0.00675,+0.0036,+0.0000,-0.144,2,1,+0.000,+0.000,-0.06585,+0.000,-1.646,+0.000,+0.000,-0.012,-1.658,2,+0.000,+0.000,+0.03389,+0.000,+0.847,+0.000,+0.000,-0.012,+0.836,2,+0.000,+0.000,-0.05857,+0.000,-1.464,+0.000,+0.000,-0.012,-1.476,2,+0.000,+0.000,+0.08331,+0.000,+2.083,+0.000,+0.000,-0.012,+2.071,2,+0.000,+0.000,+0.413,-0.640
DRV,74970,+0.0000,+0.0000,+0.0000,+0.0000,+0.0000,+0.0000,+0.000,+0.000,-0.00673,+0.0033,+0.0000,-0.133,2,1,+0.000,+0.000,-0.06593,+0.000,-1.648,+0.000,+0.000,-0.011,-1.659,2,+0.000,+0.000,+0.03381,+0.000,+0.845,+0.000,+0.000,-0.011,+0.835,2,+0.000,-0.001,-0.05827,-0.001,-1.457,+0.002,+0.000,-0.011,-1.466,2,+0.000,+0.000,+0.08323,+0.000,+2.081,+0.000,+0.000,-0.011,+2.070,2,+0.000,-0.001,+0.411,-0.631
DRV,74974,+0.0000,+0.0000,+0.0000,+0.0000,+0.0000,+0.0000,+0.000,+0.000,-0.00672,+0.0031,+0.0000,-0.123,2,1,+0.000,+0.000,-0.06593,+0.000,-1.648,+0.000,+0.000,-0.010,-1.658,2,+0.000,+0.000,+0.03381,+0.000,+0.845,+0.000,+0.000,-0.010,+0.835,2,+0.000,+0.000,-0.05827,+0.000,-1.457,+0.000,+0.000,-0.010,-1.467,2,+0.000,+0.000,+0.08323,+0.000,+2.081,+0.000,+0.000,-0.010,+2.071,2,+0.000,+0.000,+0.413,-0.631
DRV,74978,+0.0000,+0.0000,+0.0000,+0.0000,+0.0000,+0.0000,+0.000,+0.000,-0.00671,+0.0028,+0.0000,-0.112,2,1,+0.000,+0.000,-0.06585,+0.000,-1.646,+0.000,+0.000,-0.009,-1.655,2,+0.000,+0.000,+0.03389,+0.000,+0.847,+0.000,+0.000,-0.009,+0.838,2,+0.000,+0.000,-0.05857,+0.000,-1.464,+0.000,+0.000,-0.009,-1.473,2,+0.000,+0.000,+0.08331,+0.000,+2.083,+0.000,+0.000,-0.009,+2.074,2,+0.000,+0.000,+0.418,-0.635
DRV,74982,+0.0000,+0.0000,+0.0000,+0.0000,+0.0000,+0.0000,+0.000,+0.000,-0.00670,+0.0025,+0.0000,-0.101,2,1,+0.000,+0.000,-0.06593,+0.000,-1.648,+0.000,+0.000,-0.008,-1.656,2,+0.000,+0.000,+0.03381,+0.000,+0.845,+0.000,+0.000,-0.008,+0.837,0,+0.000,+0.000,-0.05827,+0.000,-1.457,+0.000,+0.000,-0.008,-1.465,2,+0.000,+0.000,+0.08323,+0.000,+2.081,+0.000,+0.000,-0.008,+2.073,2,+0.000,+0.000,+0.416,-0.628
DRV,74986,+0.0000,+0.0000,+0.0000,+0.0000,+0.0000,+0.0000,+0.000,+0.000,-0.00669,+0.0025,+0.0000,-0.101,2,1,+0.000,+0.000,-0.06585,+0.000,-1.646,+0.000,+0.000,-0.008,-1.654,0,+0.000,+0.000,+0.03389,+0.000,+0.847,+0.000,+0.000,-0.008,+0.839,0,+0.000,+0.000,-0.05857,+0.000,-1.464,+0.000,+0.000,-0.008,-1.472,2,+0.000,+0.000,+0.08331,+0.000,+2.083,+0.000,+0.000,-0.008,+2.075,2,+0.000,+0.000,+0.420,-0.633
DRV,74990,+0.0000,+0.0000,+0.0000,+0.0000,+0.0000,+0.0000,+0.000,+0.000,-0.00668,+0.0025,+0.0000,-0.100,2,1,+0.000,-0.001,-0.06566,-0.001,-1.642,+0.003,+0.000,-0.008,-1.647,0,+0.000,+0.000,+0.03370,+0.000,+0.842,+0.000,+0.000,-0.008,+0.834,2,+0.000,-0.001,-0.05838,-0.001,-1.460,+0.003,+0.000,-0.008,-1.465,2,+0.000,+0.000,+0.08312,+0.000,+2.078,+0.000,+0.000,-0.008,+2.070,0,-0.001,-0.001,+0.423,-0.630
DRV,74994,+0.0000,+0.0000,+0.0000,+0.0000,+0.0000,+0.0000,+0.000,+0.000,-0.00667,+0.0028,+0.0000,-0.111,2,1,+0.000,+0.000,-0.06566,+0.000,-1.642,+0.000,+0.000,-0.009,-1.650,2,+0.000,+0.000,+0.03370,+0.000,+0.842,+0.000,+0.000,-0.009,+0.834,2,+0.000,+0.000,-0.05838,+0.000,-1.460,+0.000,+0.000,-0.009,-1.468,0,+0.000,+0.009,+0.08312,+0.009,+2.078,-0.017,+0.000,-0.009,+2.052,0,+0.009,+0.000,+0.401,-0.635
DRV,74998,+0.0000,+0.0000,+0.0000,+0.0000,+0.0000,+0.0000,+0.000,+0.000,-0.00666,+0.0030,+0.0000,-0.121,2,1,+0.000,+0.000,-0.06566,+0.000,-1.642,+0.000,+0.000,-0.010,-1.651,2,+0.000,+0.000,+0.03370,+0.000,+0.842,+0.000,+0.000,-0.010,+0.833,2,+0.000,+0.000,-0.05838,+0.000,-1.460,+0.000,+0.000,-0.010,-1.469,2,+0.000,+0.000,+0.08312,+0.000,+2.078,+0.000,+0.000,-0.010,+2.068,2,+0.000,+0.000,+0.417,-0.636
DRV,75002,+0.0000,+0.0000,+0.0000,+0.0000,+0.0000,+0.0000,+0.000,+0.000,-0.00664,+0.0044,+0.0000,-0.174,2,1,+0.000,+0.000,-0.06578,+0.000,-1.644,+0.000,+0.000,-0.014,-1.658,2,+0.000,+0.004,+0.03359,+0.004,+0.840,-0.009,+0.000,-0.014,+0.817,2,+0.000,+0.005,-0.05849,+0.005,-1.462,-0.010,+0.000,-0.014,-1.486,2,+0.000,+0.000,+0.08339,+0.000,+2.085,+0.000,+0.000,-0.014,+2.071,2,+0.000,+0.009,+0.412,-0.669
DRV,75006,+0.0000,+0.0000,+0.0000,+0.0000,+0.0000,+0.0000,+0.000,+0.000,-0.00662,+0.0057,+0.0000,-0.227,2,1,+0.000,+0.000,-0.06578,+0.000,-1.644,+0.000,+0.000,-0.018,-1.663,2,+0.000,+0.000,+0.03359,+0.000,+0.840,+0.000,+0.000,-0.018,+0.821,2,+0.000,-0.006,-0.05849,-0.006,-1.462,+0.012,+0.000,-0.018,-1.468,2,+0.000,+0.001,+0.08339,+0.001,+2.085,-0.003,+0.000,-0.018,+2.064,2,+0.001,-0.006,+0.401,-0.647
DRV,75010,+0.0000,+0.0000,+0.0000,+0.0000,+0.0000,+0.0000,+0.000,+0.000,-0.00660,+0.0046,+0.0000,-0.184,2,1,+0.000,+0.000,-0.06585,+0.000,-1.646,+0.000,+0.000,-0.015,-1.661,2,+0.000,+0.004,+0.03351,+0.004,+0.838,-0.008,+0.000,-0.015,+0.815,2,+0.000,+0.000,-0.05819,+0.000,-1.455,+0.000,+0.000,-0.015,-1.469,2,+0.000,+0.000,+0.08331,+0.000,+2.083,+0.000,+0.000,-0.015,+2.068,2,+0.000,+0.004,+0.407,-0.654
DRV,75014,+0.0000,+0.0000,+0.0000,+0.0000,+0.0000,+0.0000,+0.000,+0.000,-0.00658,+0.0035,+0.0000,-0.141,2,1,+0.000,+0.000,-0.06585,+0.000,-1.646,+0.000,+0.000,-0.011,-1.658,2,+0.000,+0.000,+0.03351,+0.000,+0.838,+0.000,+0.000,-0.011,+0.826,2,+0.000,+0.000,-0.05819,+0.000,-1.455,+0.000,+0.000,-0.011,-1.466,2,+0.000,+0.000,+0.08331,+0.000,+2.083,+0.000,+0.000,-0.011,+2.071,2,+0.000,+0.000,+0.414,-0.640
DRV,75018,+0.0000,+0.0000,+0.0000,+0.0000,+0.0000,+0.0000,+0.000,+0.000,-0.00657,+0.0038,+0.0000,-0.152,2,1,+0.000,+0.000,-0.06578,+0.000,-1.644,-0.001,+0.000,-0.012,-1.657,2,+0.000,+0.000,+0.03359,+0.000,+0.840,+0.000,+0.000,-0.012,+0.828,0,+0.000,+0.003,-0.05849,+0.003,-1.462,-0.007,+0.000,-0.012,-1.481,2,+0.000,+0.000,+0.08339,+0.000,+2.085,+0.000,+0.000,-0.012,+2.073,2,+0.000,+0.003,+0.415,-0.654
DRV,75022,+0.0000,+0.0000,+0.0000,+0.0000,+0.0000,+0.0000,+0.000,+0.000,-0.00655,+0.0040,+0.0000,-0.162,2,1,+0.000,+0.000,-0.06578,+0.000,-1.644,+0.000,+0.000,-0.013,-1.657,2,+0.000,+0.000,+0.03359,+0.000,+0.840,+0.000,+0.000,-0.013,+0.827,0,+0.000,+0.000,-0.05849,+0.000,-1.462,+0.000,+0.000,-0.013,-1.475,2,+0.000,+0.000,+0.08339,+0.000,+2.085,+0.000,+0.000,-0.013,+2.072,2,+0.000,+0.000,+0.414,-0.649
DRV,75026,+0.0000,+0.0000,+0.0000,+0.0000,+0.0000,+0.0000,+0.000,+0.000,-0.00654,+0.0032,+0.0000,-0.130,2,1,+0.000,+0.000,-0.06578,+0.000,-1.644,+0.000,+0.000,-0.010,-1.655,0,+0.000,+0.000,+0.03359,+0.000,+0.840,+0.000,+0.000,-0.010,+0.829,0,+0.000,+0.000,-0.05849,+0.000,-1.462,+0.000,+0.000,-0.010,-1.473,2,+0.000,+0.000,+0.08339,+0.000,+2.085,+0.000,+0.000,-0.010,+2.074,0,+0.000,+0.000,+0.420,-0.643
DRV,75030,+0.0000,+0.0000,+0.0000,+0.0000,+0.0000,+0.0000,+0.000,+0.000,-0.00653,+0.0024,+0.0000,-0.097,2,1,+0.000,+0.000,-0.06578,+0.000,-1.644,+0.000,+0.000,-0.008,-1.652,2,+0.000,+0.000,+0.03359,+0.000,+0.840,+0.000,+0.000,-0.008,+0.832,2,+0.000,+0.000,-0.05849,+0.000,-1.462,+0.000,+0.000,-0.008,-1.470,0,+0.000,+0.000,+0.08339,+0.000,+2.085,+0.000,+0.000,-0.008,+2.077,0,+0.000,+0.000,+0.425,-0.638
DRV,75034,+0.0000,+0.0000,+0.0000,+0.0000,+0.0000,+0.0000,+0.000,+0.000,-0.00652,+0.0030,+0.0000,-0.119,2,1,+0.000,+0.000,-0.06578,+0.000,-1.644,+0.000,+0.000,-0.009,-1.654,2,+0.000,+0.000,+0.03359,+0.000,+0.840,+0.000,+0.000,-0.009,+0.830,2,+0.000,+0.000,-0.05849,+0.000,-1.462,+0.000,+0.000,-0.009,-1.472,0,+0.000,+0.000,+0.08339,+0.000,+2.085,+0.000,+0.000,-0.009,+2.075,2,+0.000,+0.000,+0.421,-0.642
DRV,75038,+0.0000,+0.0000,+0.0000,+0.0000,+0.0000,+0.0000,+0.000,+0.000,-0.00650,+0.0035,+0.0000,-0.140,2,1,+0.000,+0.000,-0.06578,+0.000,-1.644,+0.000,+0.000,-0.011,-1.656,2,+0.000,+0.000,+0.03359,+0.000,+0.840,+0.000,+0.000,-0.011,+0.828,2,+0.000,+0.000,-0.05849,+0.000,-1.462,+0.000,+0.000,-0.011,-1.474,2,+0.000,+0.000,+0.08339,+0.000,+2.085,+0.000,+0.000,-0.011,+2.074,2,+0.000,+0.000,+0.418,-0.645
DRV,75042,+0.0000,+0.0000,+0.0000,+0.0000,+0.0000,+0.0000,+0.000,+0.000,-0.00649,+0.0037,+0.0000,-0.150,2,1,+0.000,+0.000,-0.06578,+0.000,-1.644,+0.000,+0.000,-0.012,-1.656,2,+0.000,+0.000,+0.03359,+0.000,+0.840,+0.000,+0.000,-0.012,+0.828,2,+0.000,+0.000,-0.05849,+0.000,-1.462,+0.000,+0.000,-0.012,-1.474,2,+0.000,+0.005,+0.08339,+0.005,+2.085,-0.010,+0.000,-0.012,+2.062,2,+0.005,+0.000,+0.406,-0.647
DRV,75046,+0.0000,+0.0000,+0.0000,+0.0000,+0.0000,+0.0000,+0.000,+0.000,-0.00647,+0.0040,+0.0000,-0.160,2,1,+0.000,+0.002,-0.06578,+0.002,-1.644,-0.004,+0.000,-0.013,-1.661,2,+0.000,+0.000,+0.03359,+0.000,+0.840,+0.000,+0.000,-0.013,+0.827,2,+0.000,+0.005,-0.05849,+0.005,-1.462,-0.010,+0.000,-0.013,-1.486,2,+0.000,+0.000,+0.08339,+0.000,+2.085,+0.000,+0.000,-0.013,+2.072,2,+0.002,+0.005,+0.411,-0.659
DRV,75050,+0.0000,+0.0000,+0.0000,+0.0000,+0.0000,+0.0000,+0.000,+0.000,-0.00646,+0.0045,+0.0000,-0.181,2,1,+0.000,+0.005,-0.06578,+0.005,-1.644,-0.010,+0.000,-0.014,-1.668,2,+0.000,+0.001,+0.03359,+0.001,+0.840,-0.002,+0.000,-0.014,+0.823,2,+0.000,+0.000,-0.05849,+0.000,-1.462,+0.000,+0.000,-0.014,-1.477,2,+0.000,+0.000,+0.08339,+0.000,+2.085,+0.000,+0.000,-0.014,+2.070,2,+0.005,+0.001,+0.402,-0.654
DRV,75054,+0.0000,+0.0000,+0.0000,+0.0000,+0.0000,+0.0000,+0.000,+0.000,-0.00644,+0.0051,+0.0000,-0.202,2,1,+0.000,+0.000,-0.06578,+0.000,-1.644,+0.000,+0.000,-0.016,-1.661,2,+0.000,+0.000,+0.03359,+0.000,+0.840,+0.000,+0.000,-0.016,+0.823,2,+0.000,+0.004,-0.05849,+0.004,-1.462,-0.009,+0.000,-0.016,-1.487,2,+0.000,+0.000,+0.08339,+0.000,+2.085,+0.000,+0.000,-0.016,+2.069,2,+0.000,+0.004,+0.408,-0.664
DRV,75058,+0.0000,+0.0000,+0.0000,+0.0000,+0.0000,+0.0000,+0.000,+0.000,-0.00642,+0.0048,+0.0000,-0.191,2,1,+0.000,+0.000,-0.06578,+0.000,-1.644,+0.000,+0.000,-0.015,-1.660,0,+0.000,+0.002,+0.03359,+0.002,+0.840,-0.004,+0.000,-0.015,+0.821,0,+0.000,+0.000,-0.05849,+0.000,-1.462,+0.000,+0.000,-0.015,-1.478,2,+0.000,+0.002,+0.08339,+0.002,+2.085,-0.004,+0.000,-0.015,+2.066,2,+0.002,+0.002,+0.406,-0.657
DRV,75062,+0.0000,+0.0000,+0.0000,+0.0000,+0.0000,+0.0000,+0.000,+0.000,-0.00640,+0.0045,+0.0000,-0.180,2,1,+0.000,+0.000,-0.06578,+0.000,-1.644,+0.000,+0.000,-0.014,-1.659,0,+0.000,+0.000,+0.03359,+0.000,+0.840,+0.000,+0.000,-0.014,+0.825,2,+0.000,+0.000,-0.05849,+0.000,-1.462,+0.000,+0.000,-0.014,-1.477,2,+0.000,+0.000,+0.08339,+0.000,+2.085,+0.000,+0.000,-0.014,+2.070,0,+0.000,+0.000,+0.412,-0.652
DRV,75066,+0.0000,+0.0000,+0.0000,+0.0000,+0.0000,+0.0000,+0.000,+0.000,-0.00638,+0.0050,+0.0000,-0.201,2,1,+0.000,+0.004,-0.06578,+0.004,-1.644,-0.009,+0.000,-0.016,-1.669,0,+0.000,+0.000,+0.03359,+0.000,+0.840,+0.000,+0.000,-0.016,+0.824,2,+0.000,+0.000,-0.05849,+0.000,-1.462,+0.000,+0.000,-0.016,-1.478,0,+0.000,+0.000,+0.08339,+0.000,+2.085,+0.000,+0.000,-0.016,+2.069,0,+0.004,+0.000,+0.400,-0.655
DRV,75070,+0.0000,+0.0000,+0.0000,+0.0000,+0.0000,+0.0000,+0.000,+0.000,-0.00636,+0.0055,+0.0000,-0.222,2,1,+0.000,+0.001,-0.06578,+0.001,-1.644,-0.002,+0.000,-0.018,-1.664,2,+0.000,+0.000,+0.03359,+0.000,+0.840,-0.001,+0.000,-0.018,+0.821,2,+0.000,+0.000,-0.05849,+0.000,-1.462,+0.000,+0.000,-0.018,-1.480,0,+0.000,+0.000,+0.08339,+0.000,+2.085,+0.000,+0.000,-0.018,+2.067,2,+0.001,+0.000,+0.403,-0.659
DRV,75074,+0.0000,+0.0000,+0.0000,+0.0000,+0.0000,+0.0000,+0.000,+0.000,-0.00634,+0.0045,+0.0000,-0.179,2,1,+0.000,+0.000,-0.06578,+0.000,-1.644,+0.000,+0.000,-0.014,-1.659,2,+0.000,+0.000,+0.03359,+0.000,+0.840,+0.000,+0.000,-0.014,+0.825,2,+0.000,+0.000,-0.05849,+0.000,-1.462,+0.000,+0.000,-0.014,-1.477,2,+0.000,+0.000,+0.08339,+0.000,+2.085,+0.000,+0.000,-0.014,+2.070,2,+0.000,+0.000,+0.412,-0.651
DRV,75078,+0.0000,+0.0000,+0.0000,+0.0000,+0.0000,+0.0000,+0.000,+0.000,-0.00632,+0.0034,+0.0000,-0.136,2,1,+0.000,+0.000,-0.06605,+0.000,-1.651,-0.001,+0.000,-0.011,-1.663,2,+0.000,+0.000,+0.03370,+0.000,+0.842,+0.000,+0.000,-0.011,+0.832,2,+0.000,+0.000,-0.05838,+0.000,-1.460,+0.000,+0.000,-0.011,-1.470,2,+0.000,+0.000,+0.08350,+0.000,+2.088,+0.000,+0.000,-0.011,+2.077,2,+0.000,+0.000,+0.414,-0.639
DRV,75082,+0.0000,+0.0000,+0.0000,+0.0000,+0.0000,+0.0000,+0.000,+0.000,-0.00631,+0.0042,+0.0000,-0.168,2,1,+0.000,+0.001,-0.06605,+0.001,-1.651,-0.003,+0.000,-0.013,-1.667,2,+0.000,+0.000,+0.03370,+0.000,+0.842,+0.000,+0.000,-0.013,+0.829,2,+0.000,+0.000,-0.05838,+0.000,-1.460,+0.000,+0.000,-0.013,-1.473,2,+0.000,+0.000,+0.08350,+0.000,+2.088,+0.000,+0.000,-0.013,+2.074,2,+0.001,+0.000,+0.407,-0.644
DRV,75086,+0.0000,+0.0000,+0.0000,+0.0000,+0.0000,+0.0000,+0.000,+0.000,-0.00629,+0.0050,+0.0000,-0.199,2,1,+0.000,+0.004,-0.06605,+0.004,-1.651,-0.009,+0.000,-0.016,-1.676,2,+0.000,+0.003,+0.03370,+0.003,+0.842,-0.007,+0.000,-0.016,+0.820,2,+0.000,+0.000,-0.05838,+0.000,-1.460,+0.000,+0.000,-0.016,-1.475,2,+0.000,+0.000,+0.08350,+0.000,+2.088,+0.000,+0.000,-0.016,+2.072,2,+0.004,+0.003,+0.396,-0.656
DRV,75090,+0.0000,+0.0000,+0.0000,+0.0000,+0.0000,+0.0000,+0.000,+0.000,-0.00627,+0.0052,+0.0000,-0.209,2,1,+0.000,+0.000,-0.06605,+0.000,-1.651,+0.000,+0.000,-0.017,-1.668,2,+0.000,+0.000,+0.03370,+0.000,+0.842,+0.000,+0.000,-0.017,+0.826,2,+0.000,+0.001,-0.05838,+0.001,-1.460,-0.002,+0.000,-0.017,-1.478,2,+0.000,+0.000,+0.08350,+0.000,+2.088,+0.000,+0.000,-0.017,+2.071,2,+0.000,+0.001,+0.403,-0.652
DRV,75094,+0.0000,+0.0000,+0.0000,+0.0000,+0.0000,+0.0000,+0.000,+0.000,-0.00625,+0.0055,+0.0000,-0.220,2,1,+0.000,+0.002,-0.06585,+0.002,-1.646,-0.004,+0.000,-0.018,-1.668,2,+0.000,+0.001,+0.03351,+0.001,+0.838,-0.002,+0.000,-0.018,+0.818,0,+0.000,+0.000,-0.05819,+0.000,-1.455,+0.000,+0.000,-0.018,-1.472,2,+0.000,+0.001,+0.08331,+0.001,+2.083,-0.003,+0.000,-0.018,+2.062,2,+0.003,+0.001,+0.395,-0.654
DRV,75098,+0.0000,+0.0000,+0.0000,+0.0000,+0.0000,+0.0000,+0.000,+0.000,-0.00622,+0.0060,+0.0000,-0.240,2,1,+0.000,+0.000,-0.06597,+0.000,-1.649,+0.000,+0.000,-0.019,-1.668,0,+0.000,+0.000,+0.03339,+0.000,+0.835,+0.000,+0.000,-0.019,+0.816,0,+0.000,+0.008,-0.05830,+0.008,-1.458,-0.015,+0.000,-0.019,-1.492,2,+0.000,-0.002,+0.08358,-0.002,+2.089,+0.005,+0.000,-0.019,+2.075,0,-0.002,+0.008,+0.407,-0.676
DRV,75102,+0.0000,+0.0000,+0.0000,+0.0000,+0.0000,+0.0000,+0.000,+0.000,-0.00620,+0.0065,+0.0000,-0.261,2,1,+0.000,+0.000,-0.06597,+0.000,-1.649,+0.000,+0.000,-0.021,-1.670,0,+0.000,+0.000,+0.03339,+0.000,+0.835,-0.001,+0.000,-0.021,+0.813,2,+0.000,-0.000,-0.05830,-0.000,-1.458,+0.001,+0.000,-0.021,-1.477,2,+0.000,+0.001,+0.08358,+0.001,+2.089,-0.002,+0.000,-0.021,+2.067,0,+0.001,+0.000,+0.397,-0.665
DRV,75106,+0.0000,+0.0000,+0.0000,+0.0000,+0.0000,+0.0000,+0.000,+0.000,-0.00617,+0.0063,+0.0000,-0.250,2,1,+0.000,+0.000,-0.06597,+0.000,-1.649,+0.000,+0.000,-0.020,-1.669,2,+0.000,+0.003,+0.03339,+0.003,+0.835,-0.006,+0.000,-0.020,+0.809,2,+0.000,+0.000,-0.05830,+0.000,-1.458,+0.000,+0.000,-0.020,-1.478,0,+0.000,+0.000,+0.08358,+0.000,+2.089,+0.000,+0.000,-0.020,+2.069,0,+0.000,+0.003,+0.400,-0.668
DRV,75110,+0.0000,+0.0000,+0.0000,+0.0000,+0.0000,+0.0000,+0.000,+0.000,-0.00615,+0.0060,+0.0000,-0.239,2,1,+0.000,+0.000,-0.06585,+0.000,-1.646,-0.001,+0.000,-0.019,-1.666,2,+0.000,+0.000,+0.03351,+0.000,+0.838,+0.000,+0.000,-0.019,+0.819,2,+0.000,+0.000,-0.05819,+0.000,-1.455,+0.000,+0.000,-0.019,-1.474,0,+0.000,+0.004,+0.08331,+0.004,+2.083,-0.009,+0.000,-0.019,+2.055,2,+0.005,+0.000,+0.389,-0.655
DRV,75114,+0.0000,+0.0000,+0.0000,+0.0000,+0.0000,+0.0000,+0.000,+0.000,-0.00613,+0.0049,+0.0000,-0.196,2,1,+0.000,+0.001,-0.06585,+0.001,-1.646,-0.002,+0.000,-0.016,-1.664,2,+0.000,+0.000,+0.03351,+0.000,+0.838,+0.000,+0.000,-0.016,+0.822,2,+0.000,+0.000,-0.05819,+0.000,-1.455,+0.000,+0.000,-0.016,-1.470,2,+0.000,+0.000,+0.08331,+0.000,+2.083,+0.000,+0.000,-0.016,+2.067,2,+0.001,+0.000,+0.403,-0.648
DRV,75118,+0.0000,+0.0000,+0.0000,+0.0000,+0.0000,+0.0000,+0.000,+0.000,-0.00611,+0.0038,+0.0000,-0.153,2,1,+0.000,+0.001,-0.06613,+0.001,-1.653,-0.003,+0.000,-0.012,-1.668,2,+0.000,+0.004,+0.03362,+0.004,+0.840,-0.009,+0.000,-0.012,+0.820,2,+0.000,+0.000,-0.05808,+0.000,-1.452,+0.000,+0.000,-0.012,-1.464,2,+0.000,+0.000,+0.08342,+0.000,+2.086,+0.000,+0.000,-0.012,+2.073,2,+0.001,+0.004,+0.405,-0.645
DRV,75122,+0.0000,+0.0000,+0.0000,+0.0000,+0.0000,+0.0000,+0.000,+0.000,-0.00610,+0.0036,+0.0000,-0.142,2,1,+0.000,+0.000,-0.06613,+0.000,-1.653,+0.000,+0.000,-0.011,-1.665,2,+0.000,+0.000,+0.03362,+0.000,+0.840,+0.000,+0.000,-0.011,+0.829,2,+0.000,-0.001,-0.05808,-0.001,-1.452,+0.002,+0.000,-0.011,-1.461,2,+0.000,+0.000,+0.08342,+0.000,+2.086,+0.000,+0.000,-0.011,+2.074,2,+0.000,-0.001,+0.410,-0.632
DRV,75126,+0.0000,+0.0000,+0.0000,+0.0000,+0.0000,+0.0000,+0.000,+0.000,-0.00608,+0.0033,+0.0000,-0.131,2,1,+0.000,+0.000,-0.06613,+0.000,-1.653,+0.000,+0.000,-0.010,-1.664,2,+0.000,+0.002,+0.03362,+0.002,+0.840,-0.004,+0.000,-0.010,+0.826,2,+0.000,+0.000,-0.05808,+0.000,-1.452,+0.000,+0.000,-0.010,-1.462,2,+0.000,+0.000,+0.08342,+0.000,+2.086,+0.000,+0.000,-0.010,+2.075,2,+0.000,+0.002,+0.411,-0.636
DRV,75130,+0.0000,+0.0000,+0.0000,+0.0000,+0.0000,+0.0000,+0.000,+0.000,-0.00607,+0.0038,+0.0000,-0.152,2,1,+0.000,+0.005,-0.06613,+0.005,-1.653,-0.010,+0.000,-0.012,-1.675,2,+0.000,+0.000,+0.03362,+0.000,+0.840,+0.000,+0.000,-0.012,+0.828,0,+0.000,+0.000,-0.05808,+0.000,-1.452,+0.000,+0.000,-0.012,-1.464,2,+0.000,+0.000,+0.08342,+0.000,+2.086,+0.000,+0.000,-0.012,+2.073,2,+0.005,+0.000,+0.398,-0.636
DRV,75134,+0.0000,+0.0000,+0.0000,+0.0000,+0.0000,+0.0000,+0.000,+0.000,-0.00605,+0.0038,+0.0000,-0.152,2,1,+0.000,+0.001,-0.06613,+0.001,-1.653,-0.002,+0.000,-0.012,-1.667,0,+0.000,+0.002,+0.03362,+0.002,+0.840,-0.004,+0.000,-0.012,+0.825,0,+0.000,+0.000,-0.05808,+0.000,-1.452,-0.001,+0.000,-0.012,-1.465,2,+0.000,+0.000,+0.08342,+0.000,+2.086,+0.000,+0.000,-0.012,+2.073,2,+0.001,+0.002,+0.406,-0.641
DRV,75138,+0.0000,+0.0000,+0.0000,+0.0000,+0.0000,+0.0000,+0.000,+0.000,-0.00603,+0.0059,+0.0000,-0.237,2,1,+0.000,+0.000,-0.06613,+0.000,-1.653,+0.000,+0.000,-0.019,-1.672,0,+0.000,+0.000,+0.03362,+0.000,+0.840,-0.001,+0.000,-0.019,+0.821,2,+0.000,+0.000,-0.05808,+0.000,-1.452,+0.000,+0.000,-0.019,-1.471,2,+0.000,+0.001,+0.08342,+0.001,+2.086,-0.002,+0.000,-0.019,+2.065,0,+0.001,+0.000,+0.393,-0.650
DRV,75142,+0.0000,+0.0000,+0.0000,+0.0000,+0.0000,+0.0000,+0.000,+0.000,-0.00601,+0.0059,+0.0000,-0.236,2,1,+0.000,+0.000,-0.06613,+0.000,-1.653,-0.001,+0.000,-0.019,-1.673,0,+0.000,+0.001,+0.03362,+0.001,+0.840,-0.003,+0.000,-0.019,+0.819,2,+0.000,+0.000,-0.05808,+0.000,-1.452,+0.000,+0.000,-0.019,-1.471,0,+0.000,+0.012,+0.08342,+0.012,+2.086,-0.025,+0.000,-0.019,+2.042,0,+0.013,+0.001,+0.369,-0.652
DRV,75146,+0.0000,+0.0000,+0.0000,+0.0000,+0.0000,+0.0000,+0.000,+0.000,-0.00598,+0.0059,+0.0000,-0.236,2,1,+0.000,+0.000,-0.06613,+0.000,-1.653,+0.000,+0.000,-0.019,-1.672,2,+0.000,+0.000,+0.03362,+0.000,+0.840,+0.000,+0.000,-0.019,+0.822,2,+0.000,+0.002,-0.05808,+0.002,-1.452,-0.005,+0.000,-0.019,-1.476,0,+0.000,+0.000,+0.08342,+0.000,+2.086,+0.000,+0.000,-0.019,+2.067,2,+0.000,+0.002,+0.395,-0.654
DRV,75150,+0.0000,+0.0000,+0.0000,+0.0000,+0.0000,+0.0000,+0.000,+0.000,-0.00596,+0.0059,+0.0000,-0.235,2,1,+0.000,+0.001,-0.06605,+0.001,-1.651,-0.003,+0.000,-0.019,-1.673,2,+0.000,+0.001,+0.03370,+0.001,+0.842,-0.003,+0.000,-0.019,+0.821,2,+0.000,+0.000,-0.05838,+0.000,-1.460,+0.000,+0.000,-0.019,-1.478,2,+0.000,+0.000,+0.08350,+0.000,+2.088,+0.000,+0.000,-0.019,+2.069,2,+0.001,+0.001,+0.396,-0.658
DRV,75154,+0.0000,+0.0000,+0.0000,+0.0000,+0.0000,+0.0000,+0.000,+0.000,-0.00594,+0.0043,+0.0000,-0.171,2,1,+0.000,+0.000,-0.06605,+0.000,-1.651,+0.000,+0.000,-0.014,-1.665,2,+0.000,+0.000,+0.03370,+0.000,+0.842,+0.000,+0.000,-0.014,+0.829,2,+0.000,+0.000,-0.05838,+0.000,-1.460,+0.000,+0.000,-0.014,-1.473,2,+0.000,+0.000,+0.08350,+0.000,+2.088,+0.000,+0.000,-0.014,+2.074,2,+0.000,+0.000,+0.409,-0.644
DRV,75158,+0.0000,+0.0000,+0.0000,+0.0000,+0.0000,+0.0000,+0.000,+0.000,-0.00593,+0.0043,+0.0000,-0.171,2,1,+0.000,+0.003,-0.06605,+0.003,-1.651,-0.006,+0.000,-0.014,-1.671,2,+0.000,+0.000,+0.03370,+0.000,+0.842,+0.000,+0.000,-0.014,+0.829,2,+0.000,+0.000,-0.05838,+0.000,-1.460,+0.000,+0.000,-0.014,-1.473,2,+0.000,+0.001,+0.08350,+0.001,+2.088,-0.002,+0.000,-0.014,+2.072,2,+0.004,+0.000,+0.401,-0.644
DRV,75162,+0.0000,+0.0000,+0.0000,+0.0000,+0.0000,+0.0000,+0.000,+0.000,-0.00591,+0.0048,+0.0000,-0.191,2,1,+0.000,+0.000,-0.06605,+0.000,-1.651,+0.000,+0.000,-0.015,-1.666,2,+0.000,+0.000,+0.03370,+0.000,+0.842,+0.000,+0.000,-0.015,+0.827,2,+0.000,+0.000,-0.05838,+0.000,-1.460,+0.000,+0.000,-0.015,-1.475,2,+0.000,+0.000,+0.08350,+0.000,+2.088,+0.000,+0.000,-0.015,+2.072,2,+0.000,+0.000,+0.406,-0.648
DRV,75166,+0.0000,+0.0000,+0.0000,+0.0000,+0.0000,+0.0000,+0.000,+0.000,-0.00589,+0.0048,+0.0000,-0.191,2,1,+0.000,+0.001,-0.06605,+0.001,-1.651,-0.002,+0.000,-0.015,-1.668,2,+0.000,+0.000,+0.03370,+0.000,+0.842,+0.000,+0.000,-0.015,+0.827,2,+0.000,+0.003,-0.05838,+0.003,-1.460,-0.007,+0.000,-0.015,-1.482,2,+0.000,+0.000,+0.08350,+0.000,+2.088,+0.000,+0.000,-0.015,+2.072,2,+0.001,+0.003,+0.404,-0.654
DRV,75170,+0.0000,+0.0000,+0.0000,+0.0000,+0.0000,+0.0000,+0.000,+0.000,-0.00587,+0.0042,+0.0000,-0.169,2,1,+0.000,+0.000,-0.06605,+0.000,-1.651,+0.000,+0.000,-0.014,-1.665,2,+0.000,+0.000,+0.03370,+0.000,+0.842,+0.000,+0.000,-0.014,+0.829,0,+0.000,+0.000,-0.05838,+0.000,-1.460,+0.000,+0.000,-0.014,-1.473,2,+0.000,+0.000,+0.08350,+0.000,+2.088,+0.000,+0.000,-0.014,+2.074,2,+0.000,+0.000,+0.409,-0.644
DRV,75174,+0.0000,+0.0000,+0.0000,+0.0000,+0.0000,+0.0000,+0.000,+0.000,-0.00585,+0.0042,+0.0000,-0.169,2,1,+0.000,+0.000,-0.06597,+0.000,-1.649,+0.000,+0.000,-0.014,-1.663,0,+0.000,+0.001,+0.03339,+0.001,+0.835,-0.002,+0.000,-0.014,+0.819,2,+0.000,-0.002,-0.05830,-0.002,-1.458,+0.005,+0.000,-0.014,-1.466,2,+0.000,+0.002,+0.08358,+0.002,+2.089,-0.005,+0.000,-0.014,+2.071,0,+0.002,-0.001,+0.408,-0.647
DRV,75178,+0.0000,+0.0000,+0.0000,+0.0000,+0.0000,+0.0000,+0.000,+0.000,-0.00584,+0.0032,+0.0000,-0.126,2,1,+0.000,+0.000,-0.06597,+0.000,-1.649,+0.000,+0.000,-0.010,-1.659,0,+0.000,+0.000,+0.03339,+0.000,+0.835,+0.000,+0.000,-0.010,+0.825,2,+0.000,+0.005,-0.05830,+0.005,-1.458,-0.010,+0.000,-0.010,-1.478,0,+0.000,+0.000,+0.08358,+0.000,+2.089,+0.000,+0.000,-0.010,+2.079,0,+0.000,+0.005,+0.420,-0.653
DRV,75182,+0.0000,+0.0000,+0.0000,+0.0000,+0.0000,+0.0000,+0.000,+0.000,-0.00583,+0.0031,+0.0000,-0.126,2,1,+0.000,+0.000,-0.06597,+0.000,-1.649,+0.000,+0.000,-0.010,-1.659,2,+0.000,+0.000,+0.03339,+0.000,+0.835,+0.000,+0.000,-0.010,+0.825,2,+0.000,+0.000,-0.05830,+0.000,-1.458,+0.000,+0.000,-0.010,-1.468,0,+0.000,+0.000,+0.08358,+0.000,+2.089,+0.000,+0.000,-0.010,+2.079,2,+0.000,+0.000,+0.420,-0.643
DRV,75186,+0.0000,+0.0000,+0.0000,+0.0000,+0.0000,+0.0000,+0.000,+0.000,-0.00581,+0.0042,+0.0000,-0.168,2,1,+0.000,+0.000,-0.06597,+0.000,-1.649,+0.000,+0.000,-0.013,-1.663,2,+0.000,+0.000,+0.03339,+0.000,+0.835,+0.000,+0.000,-0.013,+0.821,2,+0.000,+0.000,-0.05830,+0.000,-1.458,+0.000,+0.000,-0.013,-1.471,2,+0.000,+0.000,+0.08358,+0.000,+2.089,+0.000,+0.000,-0.013,+2.076,2,+0.000,+0.000,+0.413,-0.650
DRV,75190,+0.0000,+0.0000,+0.0000,+0.0000,+0.0000,+0.0000,+0.000,+0.000,-0.00579,+0.0042,+0.0000,-0.168,2,1,+0.000,+0.000,-0.06585,+0.000,-1.646,+0.000,+0.000,-0.013,-1.660,2,+0.000,+0.000,+0.03351,+0.000,+0.838,+0.000,+0.000,-0.013,+0.824,2,+0.000,+0.000,-0.05819,+0.000,-1.455,+0.000,+0.000,-0.013,-1.468,2,+0.000,+0.012,+0.08331,+0.012,+2.083,-0.025,+0.000,-0.013,+2.044,2,+0.012,+0.000,+0.385,-0.644
DRV,75194,+0.0000,+0.0000,+0.0000,+0.0000,+0.0000,+0.0000,+0.000,+0.000,-0.00578,+0.0037,+0.0000,-0.146,2,1,+0.000,+0.000,-0.06585,+0.000,-1.646,+0.000,+0.000,-0.012,-1.658,2,+0.000,+0.000,+0.03351,+0.000,+0.838,+0.000,+0.000,-0.012,+0.826,2,+0.000,+0.009,-0.05819,+0.009,-1.455,-0.018,+0.000,-0.012,-1.485,2,+0.000,-0.005,+0.08331,-0.005,+2.083,+0.010,+0.000,-0.012,+2.082,2,-0.005,+0.009,+0.423,-0.659
DRV,75198,+0.0000,+0.0000,+0.0000,+0.0000,+0.0000,+0.0000,+0.000,+0.000,-0.00576,+0.0037,+0.0000,-0.146,2,1,+0.000,+0.000,-0.06585,+0.000,-1.646,+0.000,+0.000,-0.012,-1.658,2,+0.000,+0.000,+0.03351,+0.000,+0.838,+0.000,+0.000,-0.012,+0.826,2,+0.000,+0.000,-0.05819,+0.000,-1.455,+0.000,+0.000,-0.012,-1.466,2,+0.000,+0.008,+0.08331,+0.008,+2.083,-0.016,+0.000,-0.012,+2.055,2,+0.008,+0.000,+0.397,-0.640
DRV,75202,+0.0000,+0.0000,+0.0000,+0.0000,+0.0000,+0.0000,+0.000,+0.000,-0.00574,+0.0058,+0.0000,-0.231,2,1,+0.000,+0.000,-0.06585,+0.000,-1.646,+0.000,+0.000,-0.018,-1.665,2,+0.000,+0.000,+0.03351,+0.000,+0.838,+0.000,+0.000,-0.018,+0.819,0,+0.000,+0.000,-0.05819,+0.000,-1.455,+0.000,+0.000,-0.018,-1.473,2,+0.000,+0.000,+0.08331,+0.000,+2.083,+0.000,+0.000,-0.018,+2.064,2,+0.000,+0.000,+0.399,-0.654
DRV,75206,+0.0000,+0.0000,+0.0000,+0.0000,+0.0000,+0.0000,+0.000,+0.000,-0.00572,+0.0058,+0.0000,-0.230,2,1,+0.000,+0.000,-0.06578,+0.000,-1.644,+0.000,+0.000,-0.018,-1.663,2,+0.000,+0.000,+0.03359,+0.000,+0.840,+0.000,+0.000,-0.018,+0.821,0,+0.000,+0.000,-0.05849,+0.000,-1.462,+0.000,+0.000,-0.018,-1.481,2,+0.000,+0.012,+0.08339,+0.012,+2.085,-0.024,+0.000,-0.018,+2.042,2,+0.012,+0.000,+0.380,-0.660
DRV,75210,+0.0000,+0.0000,+0.0000,+0.0000,+0.0000,+0.0000,+0.000,+0.000,-0.00570,+0.0042,+0.0000,-0.166,2,1,+0.000,+0.000,-0.06585,+0.000,-1.646,+0.000,+0.000,-0.013,-1.660,0,+0.000,+0.000,+0.03351,+0.000,+0.838,+0.000,+0.000,-0.013,+0.824,0,+0.000,+0.000,-0.05819,+0.000,-1.455,+0.000,+0.000,-0.013,-1.468,2,+0.000,+0.000,+0.08331,+0.000,+2.083,+0.000,+0.000,-0.013,+2.069,0,+0.000,+0.000,+0.410,-0.644
DRV,75214,+0.0000,+0.0000,+0.0000,+0.0000,+0.0000,+0.0000,+0.000,+0.000,-0.00569,+0.0041,+0.0000,-0.166,2,1,+0.000,+0.000,-0.06578,+0.000,-1.644,+0.000,+0.000,-0.013,-1.658,0,+0.000,+0.000,+0.03359,+0.000,+0.840,+0.000,+0.000,-0.013,+0.826,0,+0.000,+0.000,-0.05849,+0.000,-1.462,+0.000,+0.000,-0.013,-1.476,2,+0.000,+0.000,+0.08339,+0.000,+2.085,+0.000,+0.000,-0.013,+2.071,0,+0.000,+0.000,+0.414,-0.649
DRV,75218,+0.0000,+0.0000,+0.0000,+0.0000,+0.0000,+0.0000,+0.000,+0.000,-0.00567,+0.0047,+0.0000,-0.187,2,1,+0.000,+0.000,-0.06578,+0.000,-1.644,+0.000,+0.000,-0.015,-1.659,2,+0.000,+0.000,+0.03359,+0.000,+0.840,+0.000,+0.000,-0.015,+0.825,2,+0.000,+0.000,-0.05849,+0.000,-1.462,+0.000,+0.000,-0.015,-1.477,0,+0.000,+0.000,+0.08339,+0.000,+2.085,+0.000,+0.000,-0.015,+2.070,2,+0.000,+0.000,+0.410,-0.653
DRV,75222,+0.0000,+0.0000,+0.0000,+0.0000,+0.0000,+0.0000,+0.000,+0.000,-0.00565,+0.0047,+0.0000,-0.186,2,1,+0.000,+0.000,-0.06578,+0.000,-1.644,+0.000,+0.000,-0.015,-1.659,2,+0.000,+0.000,+0.03359,+0.000,+0.840,+0.000,+0.000,-0.015,+0.825,2,+0.000,+0.000,-0.05849,+0.000,-1.462,+0.000,+0.000,-0.015,-1.477,0,+0.000,+0.007,+0.08339,+0.007,+2.085,-0.013,+0.000,-0.015,+2.056,2,+0.007,+0.000,+0.397,-0.653
DRV,75226,+0.0000,+0.0000,+0.0000,+0.0000,+0.0000,+0.0000,+0.000,+0.000,-0.00563,+0.0036,+0.0000,-0.143,2,1,+0.000,+0.000,-0.06566,+0.000,-1.642,+0.000,+0.000,-0.011,-1.653,2,+0.000,+0.000,+0.03370,+0.000,+0.842,+0.000,+0.000,-0.011,+0.831,2,+0.000,+0.000,-0.05838,+0.000,-1.460,+0.000,+0.000,-0.011,-1.471,2,+0.000,+0.000,+0.08312,+0.000,+2.078,+0.000,+0.000,-0.011,+2.066,2,+0.000,+0.000,+0.413,-0.640
DRV,75230,+0.0000,+0.0000,+0.0000,+0.0000,+0.0000,+0.0000,+0.000,+0.000,-0.00562,+0.0036,+0.0000,-0.143,2,1,+0.000,+0.000,-0.06566,+0.000,-1.642,+0.000,+0.000,-0.011,-1.653,2,+0.000,+0.000,+0.03370,+0.000,+0.842,+0.000,+0.000,-0.011,+0.831,2,+0.000,+0.000,-0.05838,+0.000,-1.460,+0.000,+0.000,-0.011,-1.471,2,+0.000,+0.000,+0.08312,+0.000,+2.078,+0.000,+0.000,-0.011,+2.066,2,+0.000,+0.000,+0.413,-0.640
DRV,75234,+0.0000,+0.0000,+0.0000,+0.0000,+0.0000,+0.0000,+0.000,+0.000,-0.00561,+0.0036,+0.0000,-0.143,2,1,+0.000,+0.000,-0.06566,+0.000,-1.642,+0.000,+0.000,-0.011,-1.653,2,+0.000,+0.000,+0.03370,+0.000,+0.842,+0.000,+0.000,-0.011,+0.831,2,+0.000,+0.000,-0.05838,+0.000,-1.460,+0.000,+0.000,-0.011,-1.471,2,+0.000,+0.000,+0.08312,+0.000,+2.078,+0.000,+0.000,-0.011,+2.067,2,+0.000,+0.000,+0.414,-0.640
DRV,75238,+0.0000,+0.0000,+0.0000,+0.0000,+0.0000,+0.0000,+0.000,+0.000,-0.00559,+0.0036,+0.0000,-0.143,2,1,+0.000,+0.000,-0.06566,+0.000,-1.642,+0.000,+0.000,-0.011,-1.653,2,+0.000,+0.000,+0.03370,+0.000,+0.842,+0.000,+0.000,-0.011,+0.831,2,+0.000,+0.000,-0.05838,+0.000,-1.460,+0.000,+0.000,-0.011,-1.471,2,+0.000,+0.000,+0.08312,+0.000,+2.078,+0.000,+0.000,-0.011,+2.067,2,+0.000,+0.000,+0.414,-0.640
DRV,75242,+0.0000,+0.0000,+0.0000,+0.0000,+0.0000,+0.0000,+0.000,+0.000,-0.00558,+0.0025,+0.0000,-0.100,2,1,+0.000,+0.000,-0.06566,+0.000,-1.642,+0.000,+0.000,-0.008,-1.650,2,+0.000,+0.000,+0.03370,+0.000,+0.842,+0.000,+0.000,-0.008,+0.834,0,+0.000,-0.004,-0.05838,-0.004,-1.460,+0.009,+0.000,-0.008,-1.459,2,+0.000,+0.003,+0.08312,+0.003,+2.078,-0.006,+0.000,-0.008,+2.064,2,+0.003,-0.004,+0.415,-0.624
DRV,75246,+0.0000,+0.0000,+0.0000,+0.0000,+0.0000,+0.0000,+0.000,+0.000,-0.00557,+0.0025,+0.0000,-0.100,2,1,+0.000,+0.000,-0.06574,+0.000,-1.644,+0.000,+0.000,-0.008,-1.652,0,+0.000,-0.001,+0.03400,-0.001,+0.850,+0.003,+0.000,-0.008,+0.845,0,+0.000,+0.008,-0.05846,+0.008,-1.462,-0.015,+0.000,-0.008,-1.485,2,+0.000,-0.002,+0.08304,-0.002,+2.076,+0.004,+0.000,-0.008,+2.072,2,-0.002,+0.006,+0.420,-0.640
DRV,75250,+0.0000,+0.0000,+0.0000,+0.0000,+0.0000,+0.0000,+0.000,+0.000,-0.00556,+0.0025,+0.0000,-0.099,2,1,+0.000,+0.000,-0.06574,+0.000,-1.644,+0.000,+0.000,-0.008,-1.652,0,+0.000,+0.000,+0.03400,+0.000,+0.850,+0.000,+0.000,-0.008,+0.842,2,+0.000,-0.003,-0.05846,-0.003,-1.462,+0.007,+0.000,-0.008,-1.463,2,+0.000,+0.000,+0.08304,+0.000,+2.076,+0.000,+0.000,-0.008,+2.068,0,+0.000,-0.003,+0.416,-0.621
DRV,75254,+0.0000,+0.0000,+0.0000,+0.0000,+0.0000,+0.0000,+0.000,+0.000,-0.00555,+0.0025,+0.0000,-0.099,2,1,+0.000,-0.002,-0.06574,-0.002,-1.644,+0.005,+0.000,-0.008,-1.647,2,+0.000,+0.000,+0.03400,+0.000,+0.850,+0.000,+0.000,-0.008,+0.842,2,+0.000,+0.000,-0.05846,+0.000,-1.462,+0.000,+0.000,-0.008,-1.469,0,+0.000,+0.000,+0.08304,+0.000,+2.076,+0.000,+0.000,-0.008,+2.068,0,-0.002,+0.000,+0.421,-0.627
DRV,75258,+0.0000,+0.0000,+0.0000,+0.0000,+0.0000,+0.0000,+0.000,+0.000,-0.00554,+0.0009,+0.0000,-0.035,2,1,+0.000,+0.000,-0.06574,+0.000,-1.644,+0.000,+0.000,-0.003,-1.646,2,+0.000,-0.001,+0.03400,-0.001,+0.850,+0.002,+0.000,-0.003,+0.849,2,+0.000,-0.006,-0.05846,-0.006,-1.462,+0.011,+0.000,-0.003,-1.453,0,+0.000,+0.000,+0.08304,+0.000,+2.076,+0.000,+0.000,-0.003,+2.073,2,+0.000,-0.007,+0.427,-0.604
DRV,75262,+0.0000,+0.0000,+0.0000,+0.0000,+0.0000,+0.0000,+0.000,+0.000,-0.00554,+0.0009,+0.0000,-0.035,2,1,+0.000,-0.002,-0.06585,-0.002,-1.646,+0.005,+0.000,-0.003,-1.644,2,+0.000,+0.000,+0.03389,+0.000,+0.847,+0.000,+0.000,-0.003,+0.844,2,+0.000,-0.000,-0.05857,-0.000,-1.464,+0.001,+0.000,-0.003,-1.466,2,+0.000,-0.004,+0.08331,-0.004,+2.083,+0.008,+0.000,-0.003,+2.088,2,-0.006,-0.000,+0.443,-0.622
DRV,75266,+0.0000,+0.0000,+0.0000,+0.0000,+0.0000,+0.0000,+0.000,+0.000,-0.00554,+0.0009,+0.0000,-0.035,2,1,+0.000,+0.000,-0.06585,+0.000,-1.646,+0.000,+0.000,-0.003,-1.649,2,+0.000,-0.006,+0.03389,-0.006,+0.847,+0.011,+0.000,-0.003,+0.856,2,+0.000,+0.000,-0.05857,+0.000,-1.464,+0.000,+0.000,-0.003,-1.467,2,+0.000,+0.000,+0.08331,+0.000,+2.083,+0.000,+0.000,-0.003,+2.080,2,+0.000,-0.006,+0.431,-0.611
DRV,75270,+0.0000,+0.0000,+0.0000,+0.0000,+0.0000,+0.0000,+0.000,+0.000,-0.00553,+0.0009,+0.0000,-0.035,2,1,+0.000,+0.000,-0.06593,+0.000,-1.648,+0.000,+0.000,-0.003,-1.651,2,+0.000,+0.000,+0.03381,+0.000,+0.845,+0.000,+0.000,-0.003,+0.842,2,+0.000,-0.003,-0.05827,-0.003,-1.457,+0.006,+0.000,-0.003,-1.454,2,+0.000,+0.000,+0.08323,+0.000,+2.081,+0.000,+0.000,-0.003,+2.078,2,+0.000,-0.003,+0.427,-0.611
DRV,75274,+0.0000,+0.0000,+0.0000,+0.0000,+0.0000,+0.0000,+0.000,+0.000,-0.00553,-0.0002,+0.0000,+0.008,2,1,+0.000,+0.000,-0.06593,+0.000,-1.648,+0.000,+0.000,+0.001,-1.648,2,+0.000,-0.001,+0.03381,-0.001,+0.845,+0.003,+0.000,+0.001,+0.849,2,+0.000,+0.000,-0.05827,+0.000,-1.457,+0.000,+0.000,+0.001,-1.456,2,+0.000,+0.000,+0.08323,+0.000,+2.081,+0.000,+0.000,+0.001,+2.081,2,+0.000,-0.001,+0.434,-0.607
DRV,75278,+0.0000,+0.0000,+0.0000,+0.0000,+0.0000,+0.0000,+0.000,+0.000,-0.00553,-0.0002,+0.0000,+0.008,2,1,+0.000,+0.000,-0.06593,+0.000,-1.648,+0.000,+0.000,+0.001,-1.648,2,+0.000,-0.002,+0.03381,-0.002,+0.845,+0.004,+0.000,+0.001,+0.850,2,+0.000,-0.001,-0.05827,-0.001,-1.457,+0.003,+0.000,+0.001,-1.453,2,+0.000,-0.012,+0.08323,-0.012,+2.081,+0.024,+0.000,+0.001,+2.105,2,-0.012,-0.003,+0.457,-0.604
DRV,75282,+0.0000,+0.0000,+0.0000,+0.0000,+0.0000,+0.0000,+0.000,+0.000,-0.00553,+0.0003,+0.0000,-0.014,2,1,+0.000,-0.002,-0.06593,-0.002,-1.648,+0.004,+0.000,-0.001,-1.646,2,+0.000,-0.004,+0.03381,-0.004,+0.845,+0.008,+0.000,-0.001,+0.852,0,+0.000,+0.000,-0.05827,+0.000,-1.457,+0.000,+0.000,-0.001,-1.458,2,+0.000,+0.000,+0.08323,+0.000,+2.081,+0.000,+0.000,-0.001,+2.080,2,-0.002,-0.004,+0.434,-0.606
DRV,75286,+0.0000,+0.0000,+0.0000,+0.0000,+0.0000,+0.0000,+0.000,+0.000,-0.00553,+0.0003,+0.0000,-0.014,2,1,+0.000,-0.005,-0.06566,-0.005,-1.642,+0.010,+0.000,-0.001,-1.632,0,+0.000,+0.000,+0.03370,+0.000,+0.842,+0.000,+0.000,-0.001,+0.841,2,+0.000,+0.000,-0.05838,+0.000,-1.460,+0.000,+0.000,-0.001,-1.461,2,+0.000,-0.005,+0.08312,-0.005,+2.078,+0.010,+0.000,-0.001,+2.086,0,-0.010,+0.000,+0.454,-0.619
DRV,75290,+0.0000,+0.0000,+0.0000,+0.0000,+0.0000,+0.0000,+0.000,+0.000,-0.00554,-0.0018,+0.0000,+0.072,2,1,+0.000,+0.000,-0.06566,+0.000,-1.642,+0.000,+0.000,+0.006,-1.636,2,+0.000,+0.000,+0.03370,+0.000,+0.842,+0.000,+0.000,+0.006,+0.848,2,+0.000,-0.005,-0.05838,-0.005,-1.460,+0.010,+0.000,+0.006,-1.444,0,+0.000,+0.000,+0.08312,+0.000,+2.078,+0.000,+0.000,+0.006,+2.084,0,+0.000,-0.005,+0.448,-0.596
DRV,75294,+0.0000,+0.0000,+0.0000,+0.0000,+0.0000,+0.0000,+0.000,+0.000,-0.00554,-0.0018,+0.0000,+0.071,2,1,+0.000,-0.001,-0.06566,-0.001,-1.642,+0.002,+0.000,+0.006,-1.634,2,+0.000,-0.002,+0.03370,-0.002,+0.842,+0.005,+0.000,+0.006,+0.853,2,+0.000,+0.000,-0.05838,+0.000,-1.460,+0.000,+0.000,+0.006,-1.454,0,+0.000,-0.003,+0.08312,-0.003,+2.078,+0.007,+0.000,+0.006,+2.090,2,-0.004,-0.002,+0.456,-0.601
DRV,75298,+0.0000,+0.0000,+0.0000,+0.0000,+0.0000,+0.0000,+0.000,+0.000,-0.00555,-0.0013,+0.0000,+0.050,2,1,+0.000,+0.000,-0.06578,+0.000,-1.644,+0.000,+0.000,+0.004,-1.640,2,+0.000,+0.000,+0.03359,+0.000,+0.840,+0.000,+0.000,+0.004,+0.844,2,+0.000,-0.001,-0.05849,-0.001,-1.462,+0.002,+0.000,+0.004,-1.456,2,+0.000,+0.000,+0.08339,+0.000,+2.085,+0.000,+0.000,+0.004,+2.089,2,+0.000,-0.001,+0.448,-0.613
DRV,75302,+0.0000,+0.0000,+0.0000,+0.0000,+0.0000,+0.0000,+0.000,+0.000,-0.00556,-0.0012,+0.0000,+0.050,2,1,+0.000,-0.003,-0.06578,-0.003,-1.644,+0.007,+0.000,+0.004,-1.634,2,+0.000,-0.002,+0.03359,-0.002,+0.840,+0.004,+0.000,+0.004,+0.847,2,+0.000,-0.004,-0.05849,-0.004,-1.462,+0.009,+0.000,+0.004,-1.450,2,+0.000,+0.000,+0.08339,+0.000,+2.085,+0.000,+0.000,+0.004,+2.089,2,-0.003,-0.006,+0.455,-0.602
DRV,75306,+0.0000,+0.0000,+0.0000,+0.0000,+0.0000,+0.0000,+0.000,+0.000,-0.00556,-0.0002,+0.0000,+0.007,2,1,+0.000,+0.000,-0.06578,+0.000,-1.644,+0.000,+0.000,+0.001,-1.644,2,+0.000,-0.000,+0.03359,-0.000,+0.840,+0.001,+0.000,+0.001,+0.841,2,+0.000,+0.000,-0.05849,+0.000,-1.462,+0.000,+0.000,+0.001,-1.462,2,+0.000,-0.002,+0.08339,-0.002,+2.085,+0.005,+0.000,+0.001,+2.090,2,-0.002,-0.000,+0.446,-0.621
DRV,75310,+0.0000,+0.0000,+0.0000,+0.0000,+0.0000,+0.0000,+0.000,+0.000,-0.00556,-0.0002,+0.0000,+0.007,2,1,+0.000,+0.000,-0.06578,+0.000,-1.644,+0.000,+0.000,+0.001,-1.644,2,+0.000,+0.000,+0.03359,+0.000,+0.840,+0.000,+0.000,+0.001,+0.840,2,+0.000,+0.000,-0.05849,+0.000,-1.462,+0.000,+0.000,+0.001,-1.462,2,+0.000,+0.000,+0.08339,+0.000,+2.085,+0.000,+0.000,+0.001,+2.085,2,+0.000,+0.000,+0.441,-0.622
DRV,75314,+0.0000,+0.0000,+0.0000,+0.0000,+0.0000,+0.0000,+0.000,+0.000,-0.00556,-0.0002,+0.0000,+0.007,2,1,+0.000,+0.000,-0.06585,+0.000,-1.646,+0.000,+0.000,+0.001,-1.646,2,+0.000,+0.000,+0.03351,+0.000,+0.838,+0.000,+0.000,+0.001,+0.838,0,+0.000,-0.001,-0.05819,-0.001,-1.455,+0.002,+0.000,+0.001,-1.452,2,+0.000,-0.001,+0.08331,-0.001,+2.083,+0.002,+0.000,+0.001,+2.085,2,-0.001,-0.001,+0.439,-0.614
DRV,75318,+0.0000,+0.0000,+0.0000,+0.0000,+0.0000,+0.0000,+0.000,+0.000,-0.00556,-0.0002,+0.0000,+0.007,2,1,+0.000,+0.000,-0.06585,+0.000,-1.646,+0.000,+0.000,+0.001,-1.646,2,+0.000,+0.000,+0.03351,+0.000,+0.838,+0.000,+0.000,+0.001,+0.838,0,+0.000,+0.000,-0.05819,+0.000,-1.455,+0.000,+0.000,+0.001,-1.454,2,+0.000,-0.001,+0.08331,-0.001,+2.083,+0.002,+0.000,+0.001,+2.085,2,-0.001,+0.000,+0.439,-0.616
DRV,75322,+0.0000,+0.0000,+0.0000,+0.0000,+0.0000,+0.0000,+0.000,+0.000,-0.00556,-0.0012,+0.0000,+0.050,2,1,+0.000,+0.000,-0.06585,+0.000,-1.646,+0.000,+0.000,+0.004,-1.642,0,+0.000,-0.003,+0.03351,-0.003,+0.838,+0.007,+0.000,+0.004,+0.848,0,+0.000,-0.003,-0.05819,-0.003,-1.455,+0.006,+0.000,+0.004,-1.445,2,+0.000,-0.000,+0.08331,-0.000,+2.083,+0.001,+0.000,+0.004,+2.088,0,-0.000,-0.006,+0.445,-0.597
DRV,75326,+0.0000,+0.0000,+0.0000,+0.0000,+0.0000,+0.0000,+0.000,+0.000,-0.00557,-0.0012,+0.0000,+0.050,2,1,+0.000,-0.001,-0.06605,-0.001,-1.651,+0.002,+0.000,+0.004,-1.645,0,+0.000,-0.005,+0.03370,-0.005,+0.842,+0.010,+0.000,+0.004,+0.857,2,+0.000,+0.000,-0.05838,+0.000,-1.460,+0.000,+0.000,+0.004,-1.456,0,+0.000,-0.003,+0.08350,-0.003,+2.088,+0.006,+0.000,+0.004,+2.097,0,-0.004,-0.005,+0.452,-0.599
DRV,75330,+0.0000,+0.0000,+0.0000,+0.0000,+0.0000,+0.0000,+0.000,+0.000,-0.00557,-0.0012,+0.0000,+0.050,2,1,+0.000,-0.002,-0.06605,-0.002,-1.651,+0.004,+0.000,+0.004,-1.643,2,+0.000,-0.003,+0.03370,-0.003,+0.842,+0.006,+0.000,+0.004,+0.852,2,+0.000,+0.000,-0.05838,+0.000,-1.460,+0.000,+0.000,+0.004,-1.456,0,+0.000,-0.004,+0.08350,-0.004,+2.088,+0.009,+0.000,+0.004,+2.100,2,-0.006,-0.003,+0.457,-0.603
DRV,75334,+0.0000,+0.0000,+0.0000,+0.0000,+0.0000,+0.0000,+0.000,+0.000,-0.00558,-0.0012,+0.0000,+0.049,2,1,+0.000,-0.002,-0.06605,-0.002,-1.651,+0.005,+0.000,+0.004,-1.642,2,+0.000,+0.000,+0.03370,+0.000,+0.842,+0.000,+0.000,+0.004,+0.846,2,+0.000,+0.000,-0.05838,+0.000,-1.460,+0.000,+0.000,+0.004,-1.456,2,+0.000,+0.000,+0.08350,+0.000,+2.088,+0.000,+0.000,+0.004,+2.091,2,-0.002,+0.000,+0.449,-0.609
DRV,75338,+0.0000,+0.0000,+0.0000,+0.0000,+0.0000,+0.0000,+0.000,+0.000,-0.00558,-0.0018,+0.0000,+0.071,2,1,+0.000,+0.000,-0.06578,+0.000,-1.644,+0.000,+0.000,+0.006,-1.639,2,+0.000,-0.000,+0.03359,-0.000,+0.840,+0.001,+0.000,+0.006,+0.846,2,+0.000,+0.000,-0.05849,+0.000,-1.462,+0.000,+0.000,+0.006,-1.457,2,+0.000,+0.000,+0.08339,+0.000,+2.085,+0.000,+0.000,+0.006,+2.090,2,+0.000,-0.000,+0.452,-0.610
DRV,75342,+0.0000,+0.0000,+0.0000,+0.0000,+0.0000,+0.0000,+0.000,+0.000,-0.00559,-0.0018,+0.0000,+0.070,2,1,+0.000,+0.000,-0.06578,+0.000,-1.644,+0.000,+0.000,+0.006,-1.639,2,+0.000,-0.003,+0.03359,-0.003,+0.840,+0.006,+0.000,+0.006,+0.851,2,+0.000,+0.000,-0.05849,+0.000,-1.462,+0.000,+0.000,+0.006,-1.457,2,+0.000,-0.009,+0.08339,-0.009,+2.085,+0.017,+0.000,+0.006,+2.107,2,-0.009,-0.003,+0.469,-0.606
DRV,75346,+0.0000,+0.0000,+0.0000,+0.0000,+0.0000,+0.0000,+0.000,+0.000,-0.00560,-0.0007,+0.0000,+0.028,2,1,+0.000,-0.001,-0.06578,-0.001,-1.644,+0.003,+0.000,+0.002,-1.639,2,+0.000,+0.000,+0.03359,+0.000,+0.840,+0.000,+0.000,+0.002,+0.842,2,+0.000,+0.000,-0.05849,+0.000,-1.462,+0.000,+0.000,+0.002,-1.460,2,+0.000,+0.000,+0.08339,+0.000,+2.085,+0.000,+0.000,+0.002,+2.087,2,-0.001,+0.000,+0.448,-0.618
DRV,75350,+0.0000,+0.0000,+0.0000,+0.0000,+0.0000,+0.0000,+0.000,+0.000,-0.00560,-0.0004,+0.0000,+0.017,2,1,+0.000,+0.000,-0.06578,+0.000,-1.644,+0.000,+0.000,+0.001,-1.643,2,+0.000,-0.004,+0.03359,-0.004,+0.840,+0.009,+0.000,+0.001,+0.850,2,+0.000,+0.000,-0.05849,+0.000,-1.462,+0.000,+0.000,+0.001,-1.461,2,+0.000,+0.000,+0.08339,+0.000,+2.085,+0.000,+0.000,+0.001,+2.086,2,+0.000,-0.004,+0.443,-0.611
DRV,75354,+0.0000,+0.0000,+0.0000,+0.0000,+0.0000,+0.0000,+0.000,+0.000,-0.00560,-0.0002,+0.0000,+0.006,2,1,+0.000,-0.004,-0.06578,-0.004,-1.644,+0.008,+0.000,+0.001,-1.636,2,+0.000,+0.000,+0.03359,+0.000,+0.840,+0.000,+0.000,+0.001,+0.840,0,+0.000,+0.000,-0.05849,+0.000,-1.462,+0.000,+0.000,+0.001,-1.462,2,+0.000,+0.000,+0.08339,+0.000,+2.085,+0.000,+0.000,+0.001,+2.085,2,-0.004,+0.000,+0.449,-0.622
DRV,75358,+0.0000,+0.0000,+0.0000,+0.0000,+0.0000,+0.0000,+0.000,+0.000,-0.00560,+0.0006,+0.0000,-0.026,2,1,+0.000,+0.000,-0.06585,+0.000,-1.646,+0.000,+0.000,-0.002,-1.648,0,+0.000,-0.003,+0.03351,-0.003,+0.838,+0.006,+0.000,-0.002,+0.841,0,+0.000,-0.009,-0.05819,-0.009,-1.455,+0.017,+0.000,-0.002,-1.440,2,+0.000,+0.000,+0.08331,+0.000,+2.083,+0.000,+0.000,-0.002,+2.081,2,+0.000,-0.011,+0.432,-0.598
DRV,75362,+0.0000,+0.0000,+0.0000,+0.0000,+0.0000,+0.0000,+0.000,+0.000,-0.00559,+0.0014,+0.0000,-0.057,2,1,+0.000,+0.000,-0.06578,+0.000,-1.644,+0.000,+0.000,-0.005,-1.649,0,+0.000,-0.001,+0.03359,-0.001,+0.840,+0.003,+0.000,-0.005,+0.838,2,+0.000,+0.008,-0.05849,+0.008,-1.462,-0.016,+0.000,-0.005,-1.483,2,+0.000,+0.000,+0.08339,+0.000,+2.085,+0.000,+0.000,-0.005,+2.080,0,+0.000,+0.007,+0.431,-0.645
DRV,75366,+0.0000,+0.0000,+0.0000,+0.0000,+0.0000,+0.0000,+0.000,+0.000,-0.00558,+0.0020,+0.0000,-0.079,2,1,+0.000,+0.000,-0.06578,+0.000,-1.644,+0.000,+0.000,-0.006,-1.651,2,+0.000,+0.000,+0.03359,+0.000,+0.840,+0.000,+0.000,-0.006,+0.833,2,+0.000,+0.000,-0.05849,+0.000,-1.462,+0.000,+0.000,-0.006,-1.469,0,+0.000,+0.000,+0.08339,+0.000,+2.085,+0.000,+0.000,-0.006,+2.078,0,+0.000,+0.000,+0.428,-0.635
DRV,75370,+0.0000,+0.0000,+0.0000,+0.0000,+0.0000,+0.0000,+0.000,+0.000,-0.00557,+0.0025,+0.0000,-0.100,2,1,+0.000,-0.004,-0.06585,-0.004,-1.646,+0.008,+0.000,-0.008,-1.647,2,+0.000,+0.000,+0.03351,+0.000,+0.838,+0.000,+0.000,-0.008,+0.830,2,+0.000,+0.000,-0.05819,+0.000,-1.455,+0.000,+0.000,-0.008,-1.463,0,+0.000,+0.000,+0.08331,+0.000,+2.083,+0.000,+0.000,-0.008,+2.075,2,-0.004,+0.000,+0.428,-0.633
DRV,75374,+0.0000,+0.0000,+0.0000,+0.0000,+0.0000,+0.0000,+0.000,+0.000,-0.00557,+0.0022,+0.0000,-0.089,2,1,+0.000,+0.000,-0.06585,+0.000,-1.646,+0.000,+0.000,-0.007,-1.653,2,+0.000,+0.000,+0.03351,+0.000,+0.838,+0.000,+0.000,-0.007,+0.831,2,+0.000,+0.000,-0.05819,+0.000,-1.455,+0.000,+0.000,-0.007,-1.462,2,+0.000,+0.000,+0.08331,+0.000,+2.083,+0.000,+0.000,-0.007,+2.076,2,+0.000,+0.000,+0.422,-0.631
DRV,75378,+0.0000,+0.0000,+0.0000,+0.0000,+0.0000,+0.0000,+0.000,+0.000,-0.00556,+0.0019,+0.0000,-0.078,2,1,+0.000,+0.000,-0.06585,+0.000,-1.646,+0.000,+0.000,-0.006,-1.653,2,+0.000,+0.000,+0.03351,+0.000,+0.838,+0.000,+0.000,-0.006,+0.831,2,+0.000,+0.000,-0.05819,+0.000,-1.455,+0.000,+0.000,-0.006,-1.461,2,+0.000,+0.000,+0.08331,+0.000,+2.083,+0.000,+0.000,-0.006,+2.076,2,+0.000,+0.000,+0.424,-0.630
DRV,75382,+0.0000,+0.0000,+0.0000,+0.0000,+0.0000,+0.0000,+0.000,+0.000,-0.00555,+0.0025,+0.0000,-0.099,2,1,+0.000,+0.000,-0.06585,+0.000,-1.646,+0.000,+0.000,-0.008,-1.654,2,+0.000,-0.000,+0.03351,-0.000,+0.838,+0.001,+0.000,-0.008,+0.831,2,+0.000,+0.000,-0.05819,+0.000,-1.455,+0.000,+0.000,-0.008,-1.463,2,+0.000,+0.000,+0.08331,+0.000,+2.083,+0.000,+0.000,-0.008,+2.075,2,+0.000,-0.000,+0.420,-0.632
DRV,75386,+0.0000,+0.0000,+0.0000,+0.0000,+0.0000,+0.0000,+0.000,+0.000,-0.00554,+0.0030,+0.0000,-0.120,2,1,+0.000,-0.002,-0.06585,-0.002,-1.646,+0.005,+0.000,-0.010,-1.651,2,+0.000,+0.000,+0.03351,+0.000,+0.838,+0.000,+0.000,-0.010,+0.828,2,+0.000,+0.000,-0.05819,+0.000,-1.455,+0.000,+0.000,-0.010,-1.464,2,+0.000,+0.000,+0.08331,+0.000,+2.083,+0.000,+0.000,-0.010,+2.073,2,-0.002,+0.000,+0.422,-0.636
DRV,75390,+0.0000,+0.0000,+0.0000,+0.0000,+0.0000,+0.0000,+0.000,+0.000,-0.00553,+0.0027,+0.0000,-0.109,2,1,+0.000,+0.000,-0.06585,+0.000,-1.646,+0.000,+0.000,-0.009,-1.655,2,+0.000,+0.000,+0.03351,+0.000,+0.838,+0.000,+0.000,-0.009,+0.829,0,+0.000,+0.000,-0.05819,+0.000,-1.455,+0.000,+0.000,-0.009,-1.463,2,+0.000,+0.000,+0.08331,+0.000,+2.083,+0.000,+0.000,-0.009,+2.074,2,+0.000,+0.000,+0.419,-0.635
DRV,75394,+0.0000,+0.0000,+0.0000,+0.0000,+0.0000,+0.0000,+0.000,+0.000,-0.00552,+0.0025,+0.0000,-0.098,2,1,+0.000,+0.000,-0.06585,+0.000,-1.646,+0.000,+0.000,-0.008,-1.654,2,+0.000,+0.000,+0.03351,+0.000,+0.838,+0.000,+0.000,-0.008,+0.830,0,+0.000,+0.001,-0.05819,+0.001,-1.455,-0.002,+0.000,-0.008,-1.465,2,+0.000,+0.000,+0.08331,+0.000,+2.083,+0.000,+0.000,-0.008,+2.075,2,+0.000,+0.001,+0.421,-0.635
DRV,75398,+0.0000,+0.0000,+0.0000,+0.0000,+0.0000,+0.0000,+0.000,+0.000,-0.00551,+0.0022,+0.0000,-0.088,2,1,+0.000,+0.000,-0.06578,+0.000,-1.644,+0.000,+0.000,-0.007,-1.651,0,+0.000,+0.000,+0.03359,+0.000,+0.840,+0.000,+0.000,-0.007,+0.833,0,+0.000,+0.000,-0.05849,+0.000,-1.462,+0.000,+0.000,-0.007,-1.469,2,+0.000,+0.000,+0.08339,+0.000,+2.085,+0.000,+0.000,-0.007,+2.078,0,+0.000,+0.000,+0.426,-0.637
DRV,75402,+0.0000,+0.0000,+0.0000,+0.0000,+0.0000,+0.0000,+0.000,+0.000,-0.00550,+0.0019,+0.0000,-0.077,2,1,+0.000,-0.004,-0.06578,-0.004,-1.644,+0.009,+0.000,-0.006,-1.642,2,+0.000,+0.000,+0.03359,+0.000,+0.840,+0.000,+0.000,-0.006,+0.833,2,+0.000,+0.000,-0.05849,+0.000,-1.462,+0.000,+0.000,-0.006,-1.468,0,+0.000,+0.002,+0.08339,+0.002,+2.085,-0.004,+0.000,-0.006,+2.075,0,-0.002,+0.000,+0.433,-0.635
DRV,75406,+0.0000,+0.0000,+0.0000,+0.0000,+0.0000,+0.0000,+0.000,+0.000,-0.00549,+0.0027,+0.0000,-0.109,2,1,+0.000,+0.000,-0.06578,+0.000,-1.644,+0.000,+0.000,-0.009,-1.653,2,+0.000,+0.000,+0.03359,+0.000,+0.840,+0.000,+0.000,-0.009,+0.831,2,+0.000,+0.000,-0.05849,+0.000,-1.462,+0.000,+0.000,-0.009,-1.471,2,+0.000,+0.011,+0.08339,+0.011,+2.085,-0.022,+0.000,-0.009,+2.054,2,+0.011,+0.000,+0.401,-0.640
DRV,75410,+0.0000,+0.0000,+0.0000,+0.0000,+0.0000,+0.0000,+0.000,+0.000,-0.00548,+0.0035,+0.0000,-0.140,2,1,+0.000,+0.000,-0.06585,+0.000,-1.646,+0.000,+0.000,-0.011,-1.658,2,+0.000,-0.003,+0.03389,-0.003,+0.847,+0.006,+0.000,-0.011,+0.842,2,+0.000,+0.000,-0.05857,+0.000,-1.464,+0.000,+0.000,-0.011,-1.476,2,+0.000,+0.000,+0.08331,+0.000,+2.083,+0.000,+0.000,-0.011,+2.071,2,+0.000,-0.003,+0.414,-0.634
DRV,75414,+0.0000,+0.0000,+0.0000,+0.0000,+0.0000,+0.0000,+0.000,+0.000,-0.00546,+0.0043,+0.0000,-0.172,2,1,+0.000,+0.000,-0.06585,+0.000,-1.646,+0.000,+0.000,-0.014,-1.660,2,+0.000,+0.000,+0.03389,+0.000,+0.847,+0.000,+0.000,-0.014,+0.833,2,+0.000,+0.000,-0.05857,+0.000,-1.464,+0.000,+0.000,-0.014,-1.478,2,+0.000,+0.000,+0.08331,+0.000,+2.083,+0.000,+0.000,-0.014,+2.069,2,+0.000,+0.000,+0.409,-0.645
DRV,75418,+0.0000,+0.0000,+0.0000,+0.0000,+0.0000,+0.0000,+0.000,+0.000,-0.00544,+0.0051,+0.0000,-0.203,2,1,+0.000,-0.001,-0.06585,-0.001,-1.646,+0.003,+0.000,-0.016,-1.660,2,+0.000,+0.000,+0.03389,+0.000,+0.847,+0.000,+0.000,-0.016,+0.831,2,+0.000,+0.000,-0.05857,+0.000,-1.464,+0.000,+0.000,-0.016,-1.481,2,+0.000,+0.000,+0.08331,+0.000,+2.083,+0.000,+0.000,-0.016,+2.066,2,-0.001,+0.000,+0.407,-0.650
DRV,75422,+0.0000,+0.0000,+0.0000,+0.0000,+0.0000,+0.0000,+0.000,+0.000,-0.00542,+0.0037,+0.0000,-0.150,2,1,+0.000,+0.000,-0.06585,+0.000,-1.646,+0.000,+0.000,-0.012,-1.658,2,+0.000,+0.000,+0.03389,+0.000,+0.847,+0.000,+0.000,-0.012,+0.835,2,+0.000,+0.000,-0.05857,+0.000,-1.464,+0.000,+0.000,-0.012,-1.476,2,+0.000,+0.000,+0.08331,+0.000,+2.083,+0.000,+0.000,-0.012,+2.071,2,+0.000,+0.000,+0.412,-0.641
DRV,75426,+0.0000,+0.0000,+0.0000,+0.0000,+0.0000,+0.0000,+0.000,+0.000,-0.00541,+0.0024,+0.0000,-0.096,2,1,+0.000,+0.000,-0.06585,+0.000,-1.646,+0.000,+0.000,-0.008,-1.654,2,+0.000,+0.000,+0.03389,+0.000,+0.847,+0.000,+0.000,-0.008,+0.840,2,+0.000,+0.000,-0.05857,+0.000,-1.464,+0.000,+0.000,-0.008,-1.472,2,+0.000,+0.000,+0.08331,+0.000,+2.083,+0.000,+0.000,-0.008,+2.075,2,+0.000,+0.000,+0.421,-0.632
DRV,75430,+0.0000,+0.0000,+0.0000,+0.0000,+0.0000,+0.0000,+0.000,+0.000,-0.00540,+0.0021,+0.0000,-0.086,2,1,+0.000,+0.000,-0.06585,+0.000,-1.646,+0.000,+0.000,-0.007,-1.653,0,+0.000,-0.000,+0.03389,-0.000,+0.847,+0.001,+0.000,-0.007,+0.841,0,+0.000,+0.002,-0.05857,+0.002,-1.464,-0.005,+0.000,-0.007,-1.476,2,+0.000,+0.000,+0.08331,+0.000,+2.083,+0.000,+0.000,-0.007,+2.076,2,+0.000,+0.002,+0.423,-0.635
DRV,75434,+0.0000,+0.0000,+0.0000,+0.0000,+0.0000,+0.0000,+0.000,+0.000,-0.00540,+0.0019,+0.0000,-0.075,2,1,+0.000,+0.000,-0.06585,+0.000,-1.646,+0.000,+0.000,-0.006,-1.652,0,+0.000,+0.000,+0.03389,+0.000,+0.847,+0.000,+0.000,-0.006,+0.841,0,+0.000,+0.000,-0.05857,+0.000,-1.464,+0.000,+0.000,-0.006,-1.470,2,+0.000,+0.000,+0.08331,+0.000,+2.083,+0.000,+0.000,-0.006,+2.077,0,+0.000,+0.000,+0.424,-0.629
DRV,75438,+0.0000,+0.0000,+0.0000,+0.0000,+0.0000,+0.0000,+0.000,+0.000,-0.00539,+0.0024,+0.0000,-0.096,2,1,+0.000,+0.000,-0.06585,+0.000,-1.646,+0.000,+0.000,-0.008,-1.654,0,+0.000,+0.000,+0.03389,+0.000,+0.847,+0.000,+0.000,-0.008,+0.840,2,+0.000,+0.000,-0.05857,+0.000,-1.464,+0.000,+0.000,-0.008,-1.472,0,+0.000,+0.000,+0.08331,+0.000,+2.083,+0.000,+0.000,-0.008,+2.075,0,+0.000,+0.000,+0.421,-0.632
DRV,75442,+0.0000,+0.0000,+0.0000,+0.0000,+0.0000,+0.0000,+0.000,+0.000,-0.00538,+0.0029,+0.0000,-0.117,2,1,+0.000,+0.000,-0.06585,+0.000,-1.646,+0.000,+0.000,-0.009,-1.656,2,+0.000,+0.000,+0.03389,+0.000,+0.847,+0.000,+0.000,-0.009,+0.838,2,+0.000,+0.001,-0.05857,+0.001,-1.464,-0.003,+0.000,-0.009,-1.477,0,+0.000,+0.000,+0.08331,+0.000,+2.083,+0.000,+0.000,-0.009,+2.073,2,+0.000,+0.001,+0.418,-0.639
DRV,75446,+0.0000,+0.0000,+0.0000,+0.0000,+0.0000,+0.0000,+0.000,+0.000,-0.00536,+0.0034,+0.0000,-0.138,2,1,+0.000,+0.003,-0.06585,+0.003,-1.646,-0.006,+0.000,-0.011,-1.663,2,+0.000,+0.000,+0.03389,+0.000,+0.847,+0.000,+0.000,-0.011,+0.836,2,+0.000,+0.001,-0.05857,+0.001,-1.464,-0.003,+0.000,-0.011,-1.478,2,+0.000,+0.000,+0.08331,+0.000,+2.083,+0.000,+0.000,-0.011,+2.072,2,+0.003,+0.001,+0.409,-0.642
DRV,75450,+0.0000,+0.0000,+0.0000,+0.0000,+0.0000,+0.0000,+0.000,+0.000,-0.00535,+0.0040,+0.0000,-0.159,2,1,+0.000,+0.000,-0.06574,+0.000,-1.644,+0.000,+0.000,-0.013,-1.656,2,+0.000,+0.000,+0.03400,+0.000,+0.850,+0.000,+0.000,-0.013,+0.837,2,+0.000,+0.000,-0.05846,+0.000,-1.462,+0.000,+0.000,-0.013,-1.474,2,+0.000,+0.002,+0.08304,+0.002,+2.076,-0.004,+0.000,-0.013,+2.059,2,+0.002,+0.000,+0.403,-0.637
DRV,75454,+0.0000,+0.0000,+0.0000,+0.0000,+0.0000,+0.0000,+0.000,+0.000,-0.00533,+0.0034,+0.0000,-0.137,2,1,+0.000,+0.000,-0.06574,+0.000,-1.644,+0.000,+0.000,-0.011,-1.655,2,+0.000,+0.000,+0.03400,+0.000,+0.850,+0.000,+0.000,-0.011,+0.839,2,+0.000,+0.000,-0.05846,+0.000,-1.462,+0.000,+0.000,-0.011,-1.473,2,+0.000,+0.000,+0.08304,+0.000,+2.076,+0.000,+0.000,-0.011,+2.065,2,+0.000,+0.000,+0.410,-0.633
DRV,75458,+0.0000,+0.0000,+0.0000,+0.0000,+0.0000,+0.0000,+0.000,+0.000,-0.00532,+0.0029,+0.0000,-0.116,2,1,+0.000,+0.000,-0.06574,+0.000,-1.644,+0.000,+0.000,-0.009,-1.653,2,+0.000,+0.000,+0.03400,+0.000,+0.850,-0.001,+0.000,-0.009,+0.840,2,+0.000,+0.000,-0.05846,+0.000,-1.462,+0.000,+0.000,-0.009,-1.471,2,+0.000,+0.000,+0.08304,+0.000,+2.076,+0.000,+0.000,-0.009,+2.067,2,+0.000,+0.000,+0.414,-0.631
DRV,75462,+0.0000,+0.0000,+0.0000,+0.0000,+0.0000,+0.0000,+0.000,+0.000,-0.00531,+0.0032,+0.0000,-0.126,2,1,+0.000,+0.000,-0.06574,+0.000,-1.644,+0.000,+0.000,-0.010,-1.654,2,+0.000,+0.000,+0.03400,+0.000,+0.850,+0.000,+0.000,-0.010,+0.840,2,+0.000,+0.000,-0.05846,+0.000,-1.462,+0.000,+0.000,-0.010,-1.472,2,+0.000,+0.000,+0.08304,+0.000,+2.076,+0.000,+0.000,-0.010,+2.066,2,+0.000,+0.000,+0.412,-0.632
DRV,75466,+0.0000,+0.0000,+0.0000,+0.0000,+0.0000,+0.0000,+0.000,+0.000,-0.00529,+0.0034,+0.0000,-0.137,2,1,+0.000,+0.000,-0.06585,+0.000,-1.646,+0.000,+0.000,-0.011,-1.657,2,+0.000,+0.000,+0.03389,+0.000,+0.847,+0.000,+0.000,-0.011,+0.836,0,+0.000,+0.000,-0.05857,+0.000,-1.464,+0.000,+0.000,-0.011,-1.475,2,+0.000,+0.000,+0.08331,+0.000,+2.083,+0.000,+0.000,-0.011,+2.072,2,+0.000,+0.000,+0.414,-0.639
DRV,75470,+0.0000,+0.0000,+0.0000,+0.0000,+0.0000,+0.0000,+0.000,+0.000,-0.00528,+0.0021,+0.0000,-0.083,2,1,+0.000,+0.000,-0.06585,+0.000,-1.646,+0.000,+0.000,-0.007,-1.653,0,+0.000,+0.000,+0.03389,+0.000,+0.847,+0.000,+0.000,-0.007,+0.841,0,+0.000,-0.007,-0.05857,-0.007,-1.464,+0.014,+0.000,-0.007,-1.457,2,+0.000,+0.000,+0.08331,+0.000,+2.083,+0.000,+0.000,-0.007,+2.076,2,+0.000,-0.007,+0.423,-0.616
DRV,75474,+0.0000,+0.0000,+0.0000,+0.0000,+0.0000,+0.0000,+0.000,+0.000,-0.00528,+0.0007,+0.0000,-0.030,2,1,+0.000,+0.000,-0.06585,+0.000,-1.646,+0.000,+0.000,-0.002,-1.649,0,+0.000,+0.000,+0.03389,+0.000,+0.847,+0.000,+0.000,-0.002,+0.845,2,+0.000,+0.000,-0.05857,+0.000,-1.464,+0.000,+0.000,-0.002,-1.467,2,+0.000,+0.000,+0.08331,+0.000,+2.083,+0.000,+0.000,-0.002,+2.080,0,+0.000,+0.000,+0.432,-0.622
DRV,75478,+0.0000,+0.0000,+0.0000,+0.0000,+0.0000,+0.0000,+0.000,+0.000,-0.00528,+0.0013,+0.0000,-0.051,2,1,+0.000,+0.007,-0.06585,+0.007,-1.646,-0.014,+0.000,-0.004,-1.665,2,+0.000,+0.000,+0.03389,+0.000,+0.847,+0.000,+0.000,-0.004,+0.843,2,+0.000,+0.000,-0.05857,+0.000,-1.464,+0.000,+0.000,-0.004,-1.468,0,+0.000,+0.000,+0.08331,+0.000,+2.083,+0.000,+0.000,-0.004,+2.079,0,+0.007,+0.000,+0.414,-0.625
DRV,75482,+0.0000,+0.0000,+0.0000,+0.0000,+0.0000,+0.0000,+0.000,+0.000,-0.00527,+0.0018,+0.0000,-0.072,2,1,+0.000,-0.006,-0.06585,-0.006,-1.646,+0.012,+0.000,-0.006,-1.640,2,+0.000,+0.000,+0.03389,+0.000,+0.847,+0.000,+0.000,-0.006,+0.841,2,+0.000,+0.000,-0.05857,+0.000,-1.464,+0.000,+0.000,-0.006,-1.470,0,+0.000,+0.000,+0.08331,+0.000,+2.083,+0.000,+0.000,-0.006,+2.077,2,-0.006,+0.000,+0.437,-0.629
DRV,75486,+0.0000,+0.0000,+0.0000,+0.0000,+0.0000,+0.0000,+0.000,+0.000,-0.00526,+0.0021,+0.0000,-0.083,2,1,+0.000,+0.000,-0.06585,+0.000,-1.646,+0.000,+0.000,-0.007,-1.653,2,+0.000,+0.000,+0.03389,+0.000,+0.847,+0.000,+0.000,-0.007,+0.841,2,+0.000,-0.003,-0.05857,-0.003,-1.464,+0.006,+0.000,-0.007,-1.465,2,+0.000,+0.000,+0.08331,+0.000,+2.083,+0.000,+0.000,-0.007,+2.076,2,+0.000,-0.003,+0.423,-0.625
DRV,75490,+0.0000,+0.0000,+0.0000,+0.0000,+0.0000,+0.0000,+0.000,+0.000,-0.00525,+0.0023,+0.0000,-0.093,2,1,+0.000,+0.000,-0.06585,+0.000,-1.646,+0.000,+0.000,-0.007,-1.654,2,+0.000,+0.000,+0.03389,+0.000,+0.847,+0.000,+0.000,-0.007,+0.840,2,+0.000,+0.000,-0.05857,+0.000,-1.464,+0.000,+0.000,-0.007,-1.472,2,+0.000,+0.000,+0.08331,+0.000,+2.083,+0.000,+0.000,-0.007,+2.075,2,+0.000,+0.000,+0.421,-0.632
DRV,75494,+0.0000,+0.0000,+0.0000,+0.0000,+0.0000,+0.0000,+0.000,+0.000,-0.00524,+0.0031,+0.0000,-0.125,2,1,+0.000,+0.004,-0.06585,+0.004,-1.646,-0.009,+0.000,-0.010,-1.665,2,+0.000,+0.000,+0.03389,+0.000,+0.847,+0.000,+0.000,-0.010,+0.837,2,+0.000,+0.000,-0.05857,+0.000,-1.464,+0.000,+0.000,-0.010,-1.474,2,+0.000,+0.000,+0.08331,+0.000,+2.083,+0.000,+0.000,-0.010,+2.073,2,+0.004,+0.000,+0.408,-0.637
DRV,75498,+0.0000,+0.0000,+0.0000,+0.0000,+0.0000,+0.0000,+0.000,+0.000,-0.00523,+0.0039,+0.0000,-0.157,2,1,+0.000,-0.001,-0.06585,-0.001,-1.646,+0.003,+0.000,-0.013,-1.656,2,+0.000,+0.000,+0.03389,+0.000,+0.847,+0.000,+0.000,-0.013,+0.835,2,+0.000,+0.000,-0.05857,+0.000,-1.464,+0.000,+0.000,-0.013,-1.477,2,+0.000,+0.000,+0.08331,+0.000,+2.083,+0.000,+0.000,-0.013,+2.070,2,-0.001,+0.000,+0.414,-0.642
DRV,75502,+0.0000,+0.0000,+0.0000,+0.0000,+0.0000,+0.0000,+0.000,+0.000,-0.00521,+0.0042,+0.0000,-0.167,2,1,+0.000,+0.002,-0.06578,+0.002,-1.644,-0.005,+0.000,-0.013,-1.663,2,+0.000,+0.001,+0.03359,+0.001,+0.840,-0.003,+0.000,-0.013,+0.823,0,+0.000,+0.000,-0.05849,+0.000,-1.462,+0.000,+0.000,-0.013,-1.476,2,+0.000,+0.000,+0.08339,+0.000,+2.085,+0.000,+0.000,-0.013,+2.071,2,+0.002,+0.001,+0.409,-0.652
DRV,75506,+0.0000,+0.0000,+0.0000,+0.0000,+0.0000,+0.0000,+0.000,+0.000,-0.00519,+0.0044,+0.0000,-0.177,2,1,+0.000,+0.000,-0.06578,+0.000,-1.644,+0.000,+0.000,-0.014,-1.659,0,+0.000,+0.000,+0.03359,+0.000,+0.840,+0.000,+0.000,-0.014,+0.825,0,+0.000,+0.000,-0.05849,+0.000,-1.462,+0.000,+0.000,-0.014,-1.477,2,+0.000,+0.000,+0.08339,+0.000,+2.085,+0.000,+0.000,-0.014,+2.071,2,+0.000,+0.000,+0.412,-0.651
DRV,75510,+0.0000,+0.0000,+0.0000,+0.0000,+0.0000,+0.0000,+0.000,+0.000,-0.00518,+0.0036,+0.0000,-0.145,2,1,+0.000,+0.001,-0.06578,+0.001,-1.644,-0.002,+0.000,-0.012,-1.658,0,+0.000,+0.000,+0.03359,+0.000,+0.840,+0.000,+0.000,-0.012,+0.828,2,+0.000,+0.003,-0.05849,+0.003,-1.462,-0.006,+0.000,-0.012,-1.480,0,+0.000,+0.000,+0.08339,+0.000,+2.085,+0.000,+0.000,-0.012,+2.073,0,+0.001,+0.003,+0.415,-0.652
DRV,75514,+0.0000,+0.0000,+0.0000,+0.0000,+0.0000,+0.0000,+0.000,+0.000,-0.00516,+0.0028,+0.0000,-0.113,2,1,+0.000,+0.000,-0.06578,+0.000,-1.644,+0.000,+0.000,-0.009,-1.653,2,+0.000,+0.000,+0.03359,+0.000,+0.840,+0.000,+0.000,-0.009,+0.831,2,+0.000,+0.000,-0.05849,+0.000,-1.462,+0.000,+0.000,-0.009,-1.471,0,+0.000,+0.000,+0.08339,+0.000,+2.085,+0.000,+0.000,-0.009,+2.076,0,+0.000,+0.000,+0.422,-0.641
DRV,75518,+0.0000,+0.0000,+0.0000,+0.0000,+0.0000,+0.0000,+0.000,+0.000,-0.00515,+0.0031,+0.0000,-0.123,2,1,+0.000,+0.000,-0.06578,+0.000,-1.644,+0.000,+0.000,-0.010,-1.654,2,+0.000,+0.000,+0.03359,+0.000,+0.840,+0.000,+0.000,-0.010,+0.830,2,+0.000,+0.000,-0.05849,+0.000,-1.462,+0.000,+0.000,-0.010,-1.472,0,+0.000,+0.000,+0.08339,+0.000,+2.085,+0.000,+0.000,-0.010,+2.075,2,+0.000,+0.000,+0.421,-0.642
DRV,75522,+0.0000,+0.0000,+0.0000,+0.0000,+0.0000,+0.0000,+0.000,+0.000,-0.00514,+0.0033,+0.0000,-0.134,2,1,+0.000,+0.000,-0.06578,+0.000,-1.644,+0.000,+0.000,-0.011,-1.655,2,+0.000,+0.000,+0.03359,+0.000,+0.840,+0.000,+0.000,-0.011,+0.829,2,+0.000,-0.002,-0.05849,-0.002,-1.462,+0.004,+0.000,-0.011,-1.469,2,+0.000,+0.000,+0.08339,+0.000,+2.085,-0.001,+0.000,-0.011,+2.073,2,+0.000,-0.002,+0.418,-0.640
DRV,75526,+0.0000,+0.0000,+0.0000,+0.0000,+0.0000,+0.0000,+0.000,+0.000,-0.00513,+0.0028,+0.0000,-0.112,2,1,+0.000,+0.000,-0.06578,+0.000,-1.644,+0.000,+0.000,-0.009,-1.653,2,+0.000,+0.000,+0.03359,+0.000,+0.840,+0.000,+0.000,-0.009,+0.831,2,+0.000,+0.001,-0.05849,+0.001,-1.462,-0.003,+0.000,-0.009,-1.474,2,+0.000,+0.000,+0.08339,+0.000,+2.085,+0.000,+0.000,-0.009,+2.076,2,+0.000,+0.001,+0.422,-0.643
DRV,75530,+0.0000,+0.0000,+0.0000,+0.0000,+0.0000,+0.0000,+0.000,+0.000,-0.00512,+0.0023,+0.0000,-0.090,2,1,+0.000,+0.000,-0.06578,+0.000,-1.644,+0.000,+0.000,-0.007,-1.652,2,+0.000,+0.000,+0.03359,+0.000,+0.840,+0.000,+0.000,-0.007,+0.832,2,+0.000,+0.000,-0.05849,+0.000,-1.462,+0.000,+0.000,-0.007,-1.470,2,+0.000,+0.000,+0.08339,+0.000,+2.085,+0.000,+0.000,-0.007,+2.077,2,+0.000,+0.000,+0.426,-0.637
DRV,75534,+0.0000,+0.0000,+0.0000,+0.0000,+0.0000,+0.0000,+0.000,+0.000,-0.00511,+0.0020,+0.0000,-0.080,2,1,+0.000,+0.000,-0.06578,+0.000,-1.644,+0.000,+0.000,-0.006,-1.651,2,+0.000,+0.000,+0.03359,+0.000,+0.840,+0.000,+0.000,-0.006,+0.833,2,+0.000,+0.000,-0.05849,+0.000,-1.462,+0.000,+0.000,-0.006,-1.469,2,+0.000,+0.000,+0.08339,+0.000,+2.085,+0.000,+0.000,-0.006,+2.078,2,+0.000,+0.000,+0.428,-0.635
DRV,75538,+0.0000,+0.0000,+0.0000,+0.0000,+0.0000,+0.0000,+0.000,+0.000,-0.00510,+0.0017,+0.0000,-0.069,2,1,+0.000,+0.000,-0.06578,+0.000,-1.644,+0.000,+0.000,-0.006,-1.650,2,+0.000,+0.000,+0.03359,+0.000,+0.840,+0.000,+0.000,-0.006,+0.834,2,+0.000,-0.001,-0.05849,-0.001,-1.462,+0.002,+0.000,-0.006,-1.466,2,+0.000,+0.002,+0.08339,+0.002,+2.085,-0.004,+0.000,-0.006,+2.075,2,+0.002,-0.001,+0.425,-0.632
DRV,75542,+0.0000,+0.0000,+0.0000,+0.0000,+0.0000,+0.0000,+0.000,+0.000,-0.00509,+0.0025,+0.0000,-0.101,2,1,+0.000,+0.000,-0.06578,+0.000,-1.644,+0.000,+0.000,-0.008,-1.652,0,+0.000,+0.000,+0.03359,+0.000,+0.840,+0.000,+0.000,-0.008,+0.832,0,+0.000,+0.000,-0.05849,+0.000,-1.462,+0.000,+0.000,-0.008,-1.470,2,+0.000,+0.000,+0.08339,+0.000,+2.085,+0.000,+0.000,-0.008,+2.077,2,+0.000,+0.000,+0.424,-0.639
DRV,75546,+0.0000,+0.0000,+0.0000,+0.0000,+0.0000,+0.0000,+0.000,+0.000,-0.00508,+0.0033,+0.0000,-0.132,2,1,+0.000,+0.000,-0.06578,+0.000,-1.644,+0.000,+0.000,-0.011,-1.655,0,+0.000,+0.000,+0.03359,+0.000,+0.840,+0.000,+0.000,-0.011,+0.829,2,+0.000,+0.000,-0.05849,+0.000,-1.462,+0.000,+0.000,-0.011,-1.473,2,+0.000,+0.000,+0.08339,+0.000,+2.085,+0.000,+0.000,-0.011,+2.074,0,+0.000,+0.000,+0.419,-0.644
DRV,75550,+0.0000,+0.0000,+0.0000,+0.0000,+0.0000,+0.0000,+0.000,+0.000,-0.00507,+0.0038,+0.0000,-0.153,2,1,+0.000,+0.001,-0.06578,+0.001,-1.644,-0.003,+0.000,-0.012,-1.660,0,+0.000,+0.000,+0.03359,+0.000,+0.840,+0.000,+0.000,-0.012,+0.827,2,+0.000,+0.000,-0.05849,+0.000,-1.462,+0.000,+0.000,-0.012,-1.475,0,+0.000,+0.000,+0.08339,+0.000,+2.085,+0.000,+0.000,-0.012,+2.072,0,+0.001,+0.000,+0.413,-0.647
DRV,75554,+0.0000,+0.0000,+0.0000,+0.0000,+0.0000,+0.0000,+0.000,+0.000,-0.00505,+0.0044,+0.0000,-0.174,2,1,+0.000,+0.000,-0.06566,+0.000,-1.642,+0.000,+0.000,-0.014,-1.656,2,+0.000,+0.000,+0.03370,+0.000,+0.842,-0.001,+0.000,-0.014,+0.828,2,+0.000,+0.000,-0.05838,+0.000,-1.460,+0.000,+0.000,-0.014,-1.473,0,+0.000,+0.010,+0.08312,+0.010,+2.078,-0.019,+0.000,-0.014,+2.045,2,+0.010,+0.000,+0.389,-0.646
DRV,75558,+0.0000,+0.0000,+0.0000,+0.0000,+0.0000,+0.0000,+0.000,+0.000,-0.00503,+0.0046,+0.0000,-0.185,2,1,+0.000,+0.000,-0.06566,+0.000,-1.642,+0.000,+0.000,-0.015,-1.656,2,+0.000,+0.000,+0.03370,+0.000,+0.842,+0.000,+0.000,-0.015,+0.828,2,+0.000,+0.000,-0.05838,+0.000,-1.460,+0.000,+0.000,-0.015,-1.474,2,+0.000,+0.000,+0.08312,+0.000,+2.078,+0.000,+0.000,-0.015,+2.063,2,+0.000,+0.000,+0.407,-0.647
DRV,75562,+0.0000,+0.0000,+0.0000,+0.0000,+0.0000,+0.0000,+0.000,+0.000,-0.00501,+0.0049,+0.0000,-0.195,2,1,+0.000,+0.001,-0.06578,+0.001,-1.644,-0.003,+0.000,-0.016,-1.663,2,+0.000,+0.000,+0.03359,+0.000,+0.840,+0.000,+0.000,-0.016,+0.824,2,+0.000,+0.000,-0.05849,+0.000,-1.462,+0.000,+0.000,-0.016,-1.478,2,+0.000,+0.000,+0.08339,+0.000,+2.085,+0.000,+0.000,-0.016,+2.069,2,+0.001,+0.000,+0.406,-0.654
DRV,75566,+0.0000,+0.0000,+0.0000,+0.0000,+0.0000,+0.0000,+0.000,+0.000,-0.00500,+0.0038,+0.0000,-0.152,2,1,+0.000,+0.000,-0.06578,+0.000,-1.644,+0.000,+0.000,-0.012,-1.657,2,+0.000,+0.000,+0.03359,+0.000,+0.840,+0.000,+0.000,-0.012,+0.827,2,+0.000,+0.000,-0.05849,+0.000,-1.462,+0.000,+0.000,-0.012,-1.475,2,+0.000,+0.000,+0.08339,+0.000,+2.085,+0.000,+0.000,-0.012,+2.073,2,+0.000,+0.000,+0.416,-0.647
DRV,75570,+0.0000,+0.0000,+0.0000,+0.0000,+0.0000,+0.0000,+0.000,+0.000,-0.00498,+0.0038,+0.0000,-0.152,2,1,+0.000,+0.000,-0.06566,+0.000,-1.642,+0.000,+0.000,-0.012,-1.654,2,+0.000,+0.000,+0.03370,+0.000,+0.842,+0.000,+0.000,-0.012,+0.830,2,+0.000,+0.000,-0.05838,+0.000,-1.460,+0.000,+0.000,-0.012,-1.472,2,+0.000,+0.004,+0.08312,+0.004,+2.078,-0.009,+0.000,-0.012,+2.057,2,+0.004,+0.000,+0.403,-0.641
DRV,75574,+0.0000,+0.0000,+0.0000,+0.0000,+0.0000,+0.0000,+0.000,+0.000,-0.00497,+0.0022,+0.0000,-0.088,2,1,+0.000,+0.000,-0.06566,+0.000,-1.642,+0.000,+0.000,-0.007,-1.649,2,+0.000,+0.000,+0.03370,+0.000,+0.842,+0.000,+0.000,-0.007,+0.835,0,+0.000,+0.000,-0.05838,+0.000,-1.460,+0.000,+0.000,-0.007,-1.467,2,+0.000,+0.000,+0.08312,+0.000,+2.078,+0.000,+0.000,-0.007,+2.071,2,+0.000,+0.000,+0.422,-0.631
DRV,75578,+0.0000,+0.0000,+0.0000,+0.0000,+0.0000,+0.0000,+0.000,+0.000,-0.00496,+0.0022,+0.0000,-0.087,2,1,+0.000,+0.003,-0.06566,+0.003,-1.642,-0.006,+0.000,-0.007,-1.654,2,+0.000,+0.000,+0.03370,+0.000,+0.842,+0.000,+0.000,-0.007,+0.835,0,+0.000,+0.000,-0.05838,+0.000,-1.460,+0.000,+0.000,-0.007,-1.467,2,+0.000,+0.000,+0.08312,+0.000,+2.078,+0.000,+0.000,-0.007,+2.071,2,+0.003,+0.000,+0.417,-0.631
DRV,75582,+0.0000,+0.0000,+0.0000,+0.0000,+0.0000,+0.0000,+0.000,+0.000,-0.00495,+0.0016,+0.0000,-0.066,2,1,+0.000,-0.003,-0.06566,-0.003,-1.642,+0.007,+0.000,-0.005,-1.640,0,+0.000,+0.000,+0.03370,+0.000,+0.842,+0.000,+0.000,-0.005,+0.837,0,+0.000,+0.000,-0.05838,+0.000,-1.460,+0.000,+0.000,-0.005,-1.465,2,+0.000,+0.000,+0.08312,+0.000,+2.078,+0.000,+0.000,-0.005,+2.073,0,-0.003,+0.000,+0.432,-0.628
DRV,75586,+0.0000,+0.0000,+0.0000,+0.0000,+0.0000,+0.0000,+0.000,+0.000,-0.00495,+0.0016,+0.0000,-0.066,2,1,+0.000,+0.000,-0.06566,+0.000,-1.642,+0.000,+0.000,-0.005,-1.647,0,+0.000,+0.000,+0.03370,+0.000,+0.842,+0.000,+0.000,-0.005,+0.837,2,+0.000,+0.000,-0.05838,+0.000,-1.460,+0.000,+0.000,-0.005,-1.465,0,+0.000,+0.000,+0.08312,+0.000,+2.078,+0.000,+0.000,-0.005,+2.073,0,+0.000,+0.000,+0.426,-0.628
DRV,75590,+0.0000,+0.0000,+0.0000,+0.0000,+0.0000,+0.0000,+0.000,+0.000,-0.00494,+0.0006,+0.0000,-0.023,2,1,+0.000,+0.000,-0.06578,+0.000,-1.644,+0.000,+0.000,-0.002,-1.646,2,+0.000,+0.000,+0.03359,+0.000,+0.840,+0.000,+0.000,-0.002,+0.838,2,+0.000,+0.000,-0.05849,+0.000,-1.462,+0.000,+0.000,-0.002,-1.464,0,+0.000,-0.002,+0.08339,-0.002,+2.085,+0.005,+0.000,-0.002,+2.088,2,-0.002,+0.000,+0.441,-0.626
DRV,75594,+0.0000,+0.0000,+0.0000,+0.0000,+0.0000,+0.0000,+0.000,+0.000,-0.00494,+0.0006,+0.0000,-0.023,2,1,+0.000,+0.007,-0.06578,+0.007,-1.644,-0.013,+0.000,-0.002,-1.660,2,+0.000,+0.000,+0.03359,+0.000,+0.840,+0.000,+0.000,-0.002,+0.838,2,+0.000,+0.000,-0.05849,+0.000,-1.462,+0.000,+0.000,-0.002,-1.464,2,+0.000,+0.000,+0.08339,+0.000,+2.085,+0.000,+0.000,-0.002,+2.083,2,+0.007,+0.000,+0.423,-0.626
DRV,75598,+0.0000,+0.0000,+0.0000,+0.0000,+0.0000,+0.0000,+0.000,+0.000,-0.00493,+0.0027,+0.0000,-0.108,2,1,+0.000,-0.004,-0.06578,-0.004,-1.644,+0.009,+0.000,-0.009,-1.644,2,+0.000,+0.000,+0.03359,+0.000,+0.840,+0.000,+0.000,-0.009,+0.831,2,+0.000,+0.000,-0.05849,+0.000,-1.462,+0.000,+0.000,-0.009,-1.471,2,+0.000,+0.000,+0.08339,+0.000,+2.085,+0.000,+0.000,-0.009,+2.076,2,-0.004,+0.000,+0.432,-0.640
DRV,75602,+0.0000,+0.0000,+0.0000,+0.0000,+0.0000,+0.0000,+0.000,+0.000,-0.00492,+0.0027,+0.0000,-0.108,2,1,+0.000,+0.001,-0.06578,+0.001,-1.644,-0.002,+0.000,-0.009,-1.655,2,+0.000,+0.000,+0.03359,+0.000,+0.840,+0.000,+0.000,-0.009,+0.831,2,+0.000,+0.000,-0.05849,+0.000,-1.462,+0.000,+0.000,-0.009,-1.471,2,+0.000,+0.000,+0.08339,+0.000,+2.085,+0.000,+0.000,-0.009,+2.076,2,+0.001,+0.000,+0.421,-0.640
DRV,75606,+0.0000,+0.0000,+0.0000,+0.0000,+0.0000,+0.0000,+0.000,+0.000,-0.00491,+0.0016,+0.0000,-0.065,2,1,+0.000,-0.000,-0.06578,-0.000,-1.644,+0.001,+0.000,-0.005,-1.649,2,+0.000,+0.000,+0.03359,+0.000,+0.840,+0.000,+0.000,-0.005,+0.834,2,+0.000,+0.000,-0.05849,+0.000,-1.462,+0.000,+0.000,-0.005,-1.468,2,+0.000,+0.000,+0.08339,+0.000,+2.085,+0.000,+0.000,-0.005,+2.079,2,-0.000,+0.000,+0.431,-0.633
DRV,75610,+0.0000,+0.0000,+0.0000,+0.0000,+0.0000,+0.0000,+0.000,+0.000,-0.00491,+0.0016,+0.0000,-0.065,2,1,+0.000,+0.000,-0.06578,+0.000,-1.644,+0.000,+0.000,-0.005,-1.650,2,+0.000,+0.000,+0.03359,+0.000,+0.840,+0.000,+0.000,-0.005,+0.834,2,+0.000,+0.000,-0.05849,+0.000,-1.462,+0.000,+0.000,-0.005,-1.468,2,+0.000,+0.000,+0.08339,+0.000,+2.085,+0.000,+0.000,-0.005,+2.079,2,+0.000,+0.000,+0.430,-0.633
DRV,75614,+0.0000,+0.0000,+0.0000,+0.0000,+0.0000,+0.0000,+0.000,+0.000,-0.00490,+0.0027,+0.0000,-0.107,2,1,+0.000,+0.000,-0.06578,+0.000,-1.644,+0.000,+0.000,-0.009,-1.653,2,+0.000,+0.000,+0.03359,+0.000,+0.840,+0.000,+0.000,-0.009,+0.831,0,+0.000,+0.000,-0.05849,+0.000,-1.462,+0.000,+0.000,-0.009,-1.471,2,+0.000,+0.000,+0.08339,+0.000,+2.085,+0.000,+0.000,-0.009,+2.076,2,+0.000,+0.000,+0.423,-0.640
DRV,75618,+0.0000,+0.0000,+0.0000,+0.0000,+0.0000,+0.0000,+0.000,+0.000,-0.00489,+0.0027,+0.0000,-0.107,2,1,+0.000,+0.000,-0.06578,+0.000,-1.644,+0.000,+0.000,-0.009,-1.653,0,+0.000,+0.000,+0.03359,+0.000,+0.840,+0.000,+0.000,-0.009,+0.831,0,+0.000,+0.000,-0.05849,+0.000,-1.462,+0.000,+0.000,-0.009,-1.471,2,+0.000,+0.000,+0.08339,+0.000,+2.085,+0.000,+0.000,-0.009,+2.076,2,+0.000,+0.000,+0.423,-0.640
DRV,75622,+0.0000,+0.0000,+0.0000,+0.0000,+0.0000,+0.0000,+0.000,+0.000,-0.00488,+0.0011,+0.0000,-0.043,2,1,+0.000,+0.000,-0.06578,+0.000,-1.644,+0.000,+0.000,-0.003,-1.648,0,+0.000,+0.000,+0.03359,+0.000,+0.840,+0.000,+0.000,-0.003,+0.836,2,+0.000,-0.000,-0.05849,-0.000,-1.462,+0.001,+0.000,-0.003,-1.465,2,+0.000,+0.000,+0.08339,+0.000,+2.085,+0.000,+0.000,-0.003,+2.081,0,+0.000,-0.000,+0.433,-0.629
DRV,75626,+0.0000,+0.0000,+0.0000,+0.0000,+0.0000,+0.0000,+0.000,+0.000,-0.00488,+0.0011,+0.0000,-0.043,2,1,+0.000,+0.000,-0.06578,+0.000,-1.644,+0.000,+0.000,-0.003,-1.648,2,+0.000,+0.000,+0.03359,+0.000,+0.840,+0.000,+0.000,-0.003,+0.836,2,+0.000,+0.000,-0.05849,+0.000,-1.462,+0.000,+0.000,-0.003,-1.466,0,+0.000,-0.005,+0.08339,-0.005,+2.085,+0.010,+0.000,-0.003,+2.091,0,-0.005,+0.000,+0.443,-0.630
DRV,75630,+0.0000,+0.0000,+0.0000,+0.0000,+0.0000,+0.0000,+0.000,+0.000,-0.00488,+0.0000,+0.0000,-0.000,2,1,+0.000,-0.003,-0.06578,-0.003,-1.644,+0.007,+0.000,-0.000,-1.638,2,+0.000,+0.000,+0.03359,+0.000,+0.840,+0.000,+0.000,-0.000,+0.840,2,+0.000,+0.000,-0.05849,+0.000,-1.462,+0.000,+0.000,-0.000,-1.462,0,+0.000,+0.000,+0.08339,+0.000,+2.085,+0.000,+0.000,-0.000,+2.085,2,-0.003,+0.000,+0.447,-0.623
DRV,75634,+0.0000,+0.0000,+0.0000,+0.0000,+0.0000,+0.0000,+0.000,+0.000,-0.00488,+0.0000,+0.0000,-0.000,2,1,+0.000,+0.000,-0.06578,+0.000,-1.644,+0.000,+0.000,-0.000,-1.644,2,+0.000,+0.000,+0.03359,+0.000,+0.840,+0.000,+0.000,-0.000,+0.840,2,+0.000,+0.000,-0.05849,+0.000,-1.462,+0.000,+0.000,-0.000,-1.462,2,+0.000,+0.000,+0.08339,+0.000,+2.085,+0.000,+0.000,-0.000,+2.085,2,+0.000,+0.000,+0.440,-0.623
DRV,75638,+0.0000,+0.0000,+0.0000,+0.0000,+0.0000,+0.0000,+0.000,+0.000,-0.00487,+0.0005,+0.0000,-0.022,2,1,+0.000,+0.000,-0.06578,+0.000,-1.644,+0.000,+0.000,-0.002,-1.646,2,+0.000,+0.000,+0.03359,+0.000,+0.840,+0.000,+0.000,-0.002,+0.838,2,+0.000,+0.000,-0.05849,+0.000,-1.462,+0.000,+0.000,-0.002,-1.464,2,+0.000,+0.000,+0.08339,+0.000,+2.085,+0.000,+0.000,-0.002,+2.083,2,+0.000,+0.000,+0.437,-0.626
DRV,75642,+0.0000,+0.0000,+0.0000,+0.0000,+0.0000,+0.0000,+0.000,+0.000,-0.00487,+0.0005,+0.0000,-0.022,2,1,+0.000,+0.000,-0.06578,+0.000,-1.644,+0.000,+0.000,-0.002,-1.646,2,+0.000,+0.000,+0.03359,+0.000,+0.840,+0.000,+0.000,-0.002,+0.838,2,+0.000,+0.000,-0.05849,+0.000,-1.462,+0.000,+0.000,-0.002,-1.464,2,+0.000,+0.000,+0.08339,+0.000,+2.085,+0.000,+0.000,-0.002,+2.083,2,+0.000,+0.000,+0.437,-0.626
DRV,75646,+0.0000,+0.0000,+0.0000,+0.0000,+0.0000,+0.0000,+0.000,+0.000,-0.00486,+0.0027,+0.0000,-0.107,2,1,+0.000,+0.000,-0.06578,+0.000,-1.644,+0.000,+0.000,-0.009,-1.653,2,+0.000,+0.000,+0.03359,+0.000,+0.840,+0.000,+0.000,-0.009,+0.831,2,+0.000,+0.000,-0.05849,+0.000,-1.462,+0.000,+0.000,-0.009,-1.471,2,+0.000,+0.000,+0.08339,+0.000,+2.085,+0.000,+0.000,-0.009,+2.076,2,+0.000,+0.000,+0.423,-0.640
DRV,75650,+0.0000,+0.0000,+0.0000,+0.0000,+0.0000,+0.0000,+0.000,+0.000,-0.00485,+0.0027,+0.0000,-0.106,2,1,+0.000,+0.000,-0.06578,+0.000,-1.644,+0.000,+0.000,-0.009,-1.653,2,+0.000,+0.000,+0.03359,+0.000,+0.840,+0.000,+0.000,-0.009,+0.831,2,+0.000,+0.000,-0.05849,+0.000,-1.462,+0.000,+0.000,-0.009,-1.471,2,+0.000,+0.000,+0.08339,+0.000,+2.085,+0.000,+0.000,-0.009,+2.076,2,+0.000,+0.000,+0.423,-0.640
DRV,75654,+0.0000,+0.0000,+0.0000,+0.0000,+0.0000,+0.0000,+0.000,+0.000,-0.00484,+0.0037,+0.0000,-0.149,2,1,+0.000,+0.000,-0.06585,+0.000,-1.646,+0.000,+0.000,-0.012,-1.658,2,+0.000,+0.000,+0.03351,+0.000,+0.838,+0.000,+0.000,-0.012,+0.826,0,+0.000,+0.000,-0.05819,+0.000,-1.455,+0.000,+0.000,-0.012,-1.467,2,+0.000,+0.000,+0.08331,+0.000,+2.083,+0.000,+0.000,-0.012,+2.071,2,+0.000,+0.000,+0.413,-0.641
DRV,75658,+0.0000,+0.0000,+0.0000,+0.0000,+0.0000,+0.0000,+0.000,+0.000,-0.00482,+0.0037,+0.0000,-0.149,2,1,+0.000,+0.000,-0.06578,+0.000,-1.644,+0.000,+0.000,-0.012,-1.656,0,+0.000,+0.000,+0.03359,+0.000,+0.840,+0.000,+0.000,-0.012,+0.828,2,+0.000,+0.000,-0.05849,+0.000,-1.462,+0.000,+0.000,-0.012,-1.474,2,+0.000,+0.000,+0.08339,+0.000,+2.085,+0.000,+0.000,-0.012,+2.073,0,+0.000,+0.000,+0.417,-0.646
DRV,75662,+0.0000,+0.0000,+0.0000,+0.0000,+0.0000,+0.0000,+0.000,+0.000,-0.00481,+0.0032,+0.0000,-0.127,2,1,+0.000,+0.000,-0.06585,+0.000,-1.646,+0.000,+0.000,-0.010,-1.657,0,+0.000,+0.000,+0.03351,+0.000,+0.838,+0.000,+0.000,-0.010,+0.828,2,+0.000,-0.001,-0.05819,-0.001,-1.455,+0.003,+0.000,-0.010,-1.462,0,+0.000,+0.000,+0.08331,+0.000,+2.083,+0.000,+0.000,-0.010,+2.073,0,+0.000,-0.001,+0.416,-0.635
DRV,75666,+0.0000,+0.0000,+0.0000,+0.0000,+0.0000,+0.0000,+0.000,+0.000,-0.00480,+0.0032,+0.0000,-0.127,2,1,+0.000,+0.000,-0.06585,+0.000,-1.646,+0.000,+0.000,-0.010,-1.656,2,+0.000,+0.000,+0.03351,+0.000,+0.838,+0.000,+0.000,-0.010,+0.828,2,+0.000,+0.000,-0.05819,+0.000,-1.455,+0.000,+0.000,-0.010,-1.465,0,+0.000,+0.000,+0.08331,+0.000,+2.083,+0.000,+0.000,-0.010,+2.073,2,+0.000,+0.000,+0.416,-0.637
DRV,75670,+0.0000,+0.0000,+0.0000,+0.0000,+0.0000,+0.0000,+0.000,+0.000,-0.00479,+0.0026,+0.0000,-0.105,2,1,+0.000,+0.000,-0.06585,+0.000,-1.646,+0.000,+0.000,-0.008,-1.655,2,+0.000,+0.000,+0.03351,+0.000,+0.838,+0.000,+0.000,-0.008,+0.829,2,+0.000,+0.000,-0.05819,+0.000,-1.455,+0.000,+0.000,-0.008,-1.463,2,+0.000,+0.000,+0.08331,+0.000,+2.083,+0.000,+0.000,-0.008,+2.074,2,+0.000,+0.000,+0.420,-0.634
DRV,75674,+0.0000,+0.0000,+0.0000,+0.0000,+0.0000,+0.0000,+0.000,+0.000,-0.00478,+0.0026,+0.0000,-0.105,2,1,+0.000,+0.000,-0.06585,+0.000,-1.646,+0.000,+0.000,-0.008,-1.655,2,+0.000,+0.000,+0.03351,+0.000,+0.838,+0.000,+0.000,-0.008,+0.829,2,+0.000,+0.000,-0.05819,+0.000,-1.455,+0.000,+0.000,-0.008,-1.463,2,+0.000,-0.004,+0.08331,-0.004,+2.083,+0.009,+0.000,-0.008,+2.083,2,-0.004,+0.000,+0.428,-0.634
DRV,75678,+0.0000,+0.0000,+0.0000,+0.0000,+0.0000,+0.0000,+0.000,+0.000,-0.00477,+0.0016,+0.0000,-0.062,2,1,+0.000,+0.000,-0.06585,+0.000,-1.646,+0.000,+0.000,-0.005,-1.651,2,+0.000,+0.000,+0.03351,+0.000,+0.838,+0.000,+0.000,-0.005,+0.833,2,+0.000,+0.000,-0.05819,+0.000,-1.455,+0.000,+0.000,-0.005,-1.460,2,+0.000,+0.000,+0.08331,+0.000,+2.083,+0.000,+0.000,-0.005,+2.078,2,+0.000,+0.000,+0.426,-0.627
DRV,75682,+0.0000,+0.0000,+0.0000,+0.0000,+0.0000,+0.0000,+0.000,+0.000,-0.00476,+0.0016,+0.0000,-0.062,2,1,+0.000,+0.000,-0.06585,+0.000,-1.646,+0.000,+0.000,-0.005,-1.651,2,+0.000,+0.000,+0.03351,+0.000,+0.838,+0.000,+0.000,-0.005,+0.833,2,+0.000,+0.000,-0.05819,+0.000,-1.455,+0.000,+0.000,-0.005,-1.460,2,+0.000,+0.000,+0.08331,+0.000,+2.083,+0.000,+0.000,-0.005,+2.078,2,+0.000,+0.000,+0.426,-0.627
DRV,75686,+0.0000,+0.0000,+0.0000,+0.0000,+0.0000,+0.0000,+0.000,+0.000,-0.00476,+0.0015,+0.0000,-0.062,2,1,+0.000,+0.000,-0.06585,+0.000,-1.646,+0.000,+0.000,-0.005,-1.651,2,+0.000,+0.000,+0.03351,+0.000,+0.838,+0.000,+0.000,-0.005,+0.833,0,+0.000,+0.000,-0.05819,+0.000,-1.455,+0.000,+0.000,-0.005,-1.460,2,+0.000,+0.001,+0.08331,+0.001,+2.083,-0.003,+0.000,-0.005,+2.075,2,+0.001,+0.000,+0.424,-0.627
DRV,75690,+0.0000,+0.0000,+0.0000,+0.0000,+0.0000,+0.0000,+0.000,+0.000,-0.00475,+0.0015,+0.0000,-0.062,2,1,+0.000,+0.000,-0.06585,+0.000,-1.646,+0.000,+0.000,-0.005,-1.651,2,+0.000,+0.000,+0.03351,+0.000,+0.838,+0.000,+0.000,-0.005,+0.833,0,+0.000,+0.000,-0.05819,+0.000,-1.455,+0.000,+0.000,-0.005,-1.460,2,+0.000,+0.000,+0.08331,+0.000,+2.083,+0.000,+0.000,-0.005,+2.078,2,+0.000,+0.000,+0.426,-0.627
DRV,75694,+0.0000,+0.0000,+0.0000,+0.0000,+0.0000,+0.0000,+0.000,+0.000,-0.00474,+0.0037,+0.0000,-0.147,2,1,+0.000,+0.000,-0.06585,+0.000,-1.646,+0.000,+0.000,-0.012,-1.658,0,+0.000,+0.000,+0.03351,+0.000,+0.838,+0.000,+0.000,-0.012,+0.826,0,+0.000,+0.000,-0.05819,+0.000,-1.455,+0.000,+0.000,-0.012,-1.466,2,+0.000,+0.000,+0.08331,+0.000,+2.083,+0.000,+0.000,-0.012,+2.071,0,+0.000,+0.000,+0.413,-0.641
DRV,75698,+0.0000,+0.0000,+0.0000,+0.0000,+0.0000,+0.0000,+0.000,+0.000,-0.00472,+0.0037,+0.0000,-0.147,2,1,+0.000,+0.000,-0.06585,+0.000,-1.646,+0.000,+0.000,-0.012,-1.658,0,+0.000,+0.000,+0.03351,+0.000,+0.838,+0.000,+0.000,-0.012,+0.826,2,+0.000,+0.000,-0.05819,+0.000,-1.455,+0.000,+0.000,-0.012,-1.466,0,+0.000,+0.000,+0.08331,+0.000,+2.083,-0.001,+0.000,-0.012,+2.070,0,+0.000,+0.000,+0.412,-0.641
DRV,75702,+0.0000,+0.0000,+0.0000,+0.0000,+0.0000,+0.0000,+0.000,+0.000,-0.00471,+0.0037,+0.0000,-0.146,2,1,+0.000,+0.000,-0.06585,+0.000,-1.646,+0.000,+0.000,-0.012,-1.658,2,+0.000,+0.000,+0.03351,+0.000,+0.838,+0.000,+0.000,-0.012,+0.826,2,+0.000,+0.000,-0.05819,+0.000,-1.455,+0.000,+0.000,-0.012,-1.466,0,+0.000,+0.002,+0.08331,+0.002,+2.083,-0.004,+0.000,-0.012,+2.067,2,+0.002,+0.000,+0.409,-0.640
DRV,75706,+0.0000,+0.0000,+0.0000,+0.0000,+0.0000,+0.0000,+0.000,+0.000,-0.00469,+0.0036,+0.0000,-0.146,2,1,+0.000,+0.000,-0.06585,+0.000,-1.646,+0.000,+0.000,-0.012,-1.658,2,+0.000,+0.000,+0.03351,+0.000,+0.838,+0.000,+0.000,-0.012,+0.826,2,+0.000,+0.000,-0.05819,+0.000,-1.455,+0.000,+0.000,-0.012,-1.466,2,+0.000,+0.000,+0.08331,+0.000,+2.083,+0.000,+0.000,-0.012,+2.071,2,+0.000,+0.000,+0.413,-0.640
DRV,75710,+0.0000,+0.0000,+0.0000,+0.0000,+0.0000,+0.0000,+0.000,+0.000,-0.00468,+0.0052,+0.0000,-0.209,2,1,+0.000,+0.004,-0.06578,+0.004,-1.644,-0.009,+0.000,-0.017,-1.670,2,+0.000,+0.000,+0.03359,+0.000,+0.840,+0.000,+0.000,-0.017,+0.823,2,+0.000,+0.000,-0.05849,+0.000,-1.462,+0.000,+0.000,-0.017,-1.479,2,+0.000,+0.000,+0.08339,+0.000,+2.085,+0.000,+0.000,-0.017,+2.068,2,+0.004,+0.000,+0.398,-0.656
DRV,75714,+0.0000,+0.0000,+0.0000,+0.0000,+0.0000,+0.0000,+0.000,+0.000,-0.00465,+0.0052,+0.0000,-0.209,2,1,+0.000,+0.000,-0.06578,+0.000,-1.644,+0.000,+0.000,-0.017,-1.661,2,+0.000,+0.000,+0.03359,+0.000,+0.840,+0.000,+0.000,-0.017,+0.823,2,+0.000,+0.000,-0.05849,+0.000,-1.462,+0.000,+0.000,-0.017,-1.479,2,+0.000,+0.008,+0.08339,+0.008,+2.085,-0.016,+0.000,-0.017,+2.052,2,+0.008,+0.000,+0.391,-0.656
DRV,75718,+0.0000,+0.0000,+0.0000,+0.0000,+0.0000,+0.0000,+0.000,+0.000,-0.00464,+0.0036,+0.0000,-0.145,2,1,+0.000,+0.000,-0.06578,+0.000,-1.644,+0.000,+0.000,-0.012,-1.656,2,+0.000,+0.000,+0.03359,+0.000,+0.840,+0.000,+0.000,-0.012,+0.828,2,+0.000,+0.000,-0.05849,+0.000,-1.462,+0.000,+0.000,-0.012,-1.474,2,+0.000,+0.000,+0.08339,+0.000,+2.085,+0.000,+0.000,-0.012,+2.073,2,+0.000,+0.000,+0.417,-0.646
DRV,75722,+0.0000,+0.0000,+0.0000,+0.0000,+0.0000,+0.0000,+0.000,+0.000,-0.00462,+0.0036,+0.0000,-0.145,2,1,+0.000,+0.000,-0.06578,+0.000,-1.644,+0.000,+0.000,-0.012,-1.656,2,+0.000,+0.000,+0.03359,+0.000,+0.840,+0.000,+0.000,-0.012,+0.828,2,+0.000,+0.000,-0.05849,+0.000,-1.462,+0.000,+0.000,-0.012,-1.474,2,+0.000,+0.003,+0.08339,+0.003,+2.085,-0.007,+0.000,-0.012,+2.066,2,+0.003,+0.000,+0.411,-0.646
DRV,75726,+0.0000,+0.0000,+0.0000,+0.0000,+0.0000,+0.0000,+0.000,+0.000,-0.00461,+0.0036,+0.0000,-0.144,2,1,+0.000,+0.003,-0.06578,+0.003,-1.644,-0.007,+0.000,-0.012,-1.663,2,+0.000,+0.000,+0.03359,+0.000,+0.840,+0.000,+0.000,-0.012,+0.828,0,+0.000,+0.000,-0.05849,+0.000,-1.462,+0.000,+0.000,-0.012,-1.474,2,+0.000,-0.001,+0.08339,-0.001,+2.085,+0.003,+0.000,-0.012,+2.076,2,+0.002,+0.000,+0.413,-0.646
DRV,75730,+0.0000,+0.0000,+0.0000,+0.0000,+0.0000,+0.0000,+0.000,+0.000,-0.00460,+0.0036,+0.0000,-0.144,2,1,+0.000,+0.000,-0.06578,+0.000,-1.644,+0.000,+0.000,-0.012,-1.656,0,+0.000,+0.000,+0.03359,+0.000,+0.840,+0.000,+0.000,-0.012,+0.828,0,+0.000,+0.000,-0.05849,+0.000,-1.462,+0.000,+0.000,-0.012,-1.474,2,+0.000,+0.000,+0.08339,+0.000,+2.085,+0.000,+0.000,-0.012,+2.073,2,+0.000,+0.000,+0.417,-0.646
DRV,75734,+0.0000,+0.0000,+0.0000,+0.0000,+0.0000,+0.0000,+0.000,+0.000,-0.00459,+0.0015,+0.0000,-0.059,2,1,+0.000,+0.000,-0.06578,+0.000,-1.644,+0.000,+0.000,-0.005,-1.649,0,+0.000,+0.000,+0.03359,+0.000,+0.840,+0.000,+0.000,-0.005,+0.835,2,+0.000,-0.004,-0.05849,-0.004,-1.462,+0.008,+0.000,-0.005,-1.459,2,+0.000,+0.000,+0.08339,+0.000,+2.085,+0.000,+0.000,-0.005,+2.080,0,+0.000,-0.004,+0.431,-0.624
DRV,75738,+0.0000,+0.0000,+0.0000,+0.0000,+0.0000,+0.0000,+0.000,+0.000,-0.00458,+0.0015,+0.0000,-0.058,2,1,+0.000,+0.000,-0.06578,+0.000,-1.644,+0.000,+0.000,-0.005,-1.649,0,+0.000,+0.000,+0.03359,+0.000,+0.840,+0.000,+0.000,-0.005,+0.835,2,+0.000,+0.006,-0.05849,+0.006,-1.462,-0.012,+0.000,-0.005,-1.479,0,+0.000,+0.000,+0.08339,+0.000,+2.085,+0.000,+0.000,-0.005,+2.080,0,+0.000,+0.006,+0.431,-0.644
DRV,75742,+0.0000,+0.0000,+0.0000,+0.0000,+0.0000,+0.0000,+0.000,+0.000,-0.00457,+0.0031,+0.0000,-0.122,2,1,+0.000,+0.002,-0.06578,+0.002,-1.644,-0.004,+0.000,-0.010,-1.658,2,+0.000,+0.000,+0.03359,+0.000,+0.840,+0.000,+0.000,-0.010,+0.830,2,+0.000,+0.000,-0.05849,+0.000,-1.462,+0.000,+0.000,-0.010,-1.472,0,+0.000,+0.000,+0.08339,+0.000,+2.085,+0.000,+0.000,-0.010,+2.075,0,+0.002,+0.000,+0.417,-0.642
DRV,75746,+0.0000,+0.0000,+0.0000,+0.0000,+0.0000,+0.0000,+0.000,+0.000,-0.00456,+0.0030,+0.0000,-0.122,2,1,+0.000,+0.000,-0.06578,+0.000,-1.644,+0.000,+0.000,-0.010,-1.654,2,+0.000,+0.000,+0.03359,+0.000,+0.840,+0.000,+0.000,-0.010,+0.830,2,+0.000,+0.000,-0.05849,+0.000,-1.462,+0.000,+0.000,-0.010,-1.472,2,+0.000,+0.000,+0.08339,+0.000,+2.085,+0.000,+0.000,-0.010,+2.075,2,+0.000,+0.000,+0.421,-0.642
DRV,75750,+0.0000,+0.0000,+0.0000,+0.0000,+0.0000,+0.0000,+0.000,+0.000,-0.00455,+0.0030,+0.0000,-0.122,2,1,+0.000,+0.004,-0.06578,+0.004,-1.644,-0.009,+0.000,-0.010,-1.663,2,+0.000,+0.000,+0.03359,+0.000,+0.840,+0.000,+0.000,-0.010,+0.830,2,+0.000,+0.000,-0.05849,+0.000,-1.462,+0.000,+0.000,-0.010,-1.472,2,+0.000,+0.001,+0.08339,+0.001,+2.085,-0.002,+0.000,-0.010,+2.073,2,+0.005,+0.000,+0.410,-0.642
DRV,75754,+0.0000,+0.0000,+0.0000,+0.0000,+0.0000,+0.0000,+0.000,+0.000,-0.00453,+0.0030,+0.0000,-0.121,2,1,+0.000,+0.000,-0.06578,+0.000,-1.644,+0.000,+0.000,-0.010,-1.654,2,+0.000,+0.004,+0.03359,+0.004,+0.840,-0.008,+0.000,-0.010,+0.822,2,+0.000,+0.004,-0.05849,+0.004,-1.462,-0.009,+0.000,-0.010,-1.481,2,+0.000,+0.000,+0.08339,+0.000,+2.085,+0.000,+0.000,-0.010,+2.075,2,+0.000,+0.008,+0.421,-0.658
DRV,75758,+0.0000,+0.0000,+0.0000,+0.0000,+0.0000,+0.0000,+0.000,+0.000,-0.00452,+0.0052,+0.0000,-0.206,2,1,+0.000,+0.005,-0.06578,+0.005,-1.644,-0.010,+0.000,-0.017,-1.670,2,+0.000,+0.000,+0.03359,+0.000,+0.840,+0.000,+0.000,-0.017,+0.823,2,+0.000,+0.000,-0.05849,+0.000,-1.462,+0.000,+0.000,-0.017,-1.479,2,+0.000,+0.001,+0.08339,+0.001,+2.085,-0.003,+0.000,-0.017,+2.065,2,+0.006,+0.000,+0.395,-0.656
DRV,75762,+0.0000,+0.0000,+0.0000,+0.0000,+0.0000,+0.0000,+0.000,+0.000,-0.00450,+0.0051,+0.0000,-0.206,2,1,+0.000,+0.000,-0.06578,+0.000,-1.644,+0.000,+0.000,-0.016,-1.661,2,+0.000,+0.001,+0.03359,+0.001,+0.840,-0.002,+0.000,-0.016,+0.821,0,+0.000,+0.000,-0.05849,+0.000,-1.462,+0.000,+0.000,-0.016,-1.479,2,+0.000,+0.000,+0.08339,+0.000,+2.085,+0.000,+0.000,-0.016,+2.068,2,+0.000,+0.001,+0.407,-0.658
DRV,75766,+0.0000,+0.0000,+0.0000,+0.0000,+0.0000,+0.0000,+0.000,+0.000,-0.00448,+0.0046,+0.0000,-0.184,2,1,+0.000,+0.000,-0.06566,+0.000,-1.642,+0.000,+0.000,-0.015,-1.656,2,+0.000,+0.002,+0.03370,+0.002,+0.842,-0.005,+0.000,-0.015,+0.823,0,+0.000,+0.000,-0.05838,+0.000,-1.460,+0.000,+0.000,-0.015,-1.474,2,+0.000,+0.001,+0.08312,+0.001,+2.078,-0.003,+0.000,-0.015,+2.060,2,+0.001,+0.002,+0.404,-0.651
DRV,75770,+0.0000,+0.0000,+0.0000,+0.0000,+0.0000,+0.0000,+0.000,+0.000,-0.00446,+0.0046,+0.0000,-0.184,2,1,+0.000,+0.000,-0.06566,+0.000,-1.642,+0.000,+0.000,-0.015,-1.656,0,+0.000,+0.000,+0.03370,+0.000,+0.842,+0.000,+0.000,-0.015,+0.828,2,+0.000,+0.000,-0.05838,+0.000,-1.460,+0.000,+0.000,-0.015,-1.474,2,+0.000,+0.000,+0.08312,+0.000,+2.078,+0.000,+0.000,-0.015,+2.063,0,+0.000,+0.000,+0.407,-0.646
DRV,75774,+0.0000,+0.0000,+0.0000,+0.0000,+0.0000,+0.0000,+0.000,+0.000,-0.00444,+0.0030,+0.0000,-0.120,2,1,+0.000,+0.002,-0.06566,+0.002,-1.642,-0.004,+0.000,-0.010,-1.655,2,+0.000,+0.000,+0.03370,+0.000,+0.842,+0.000,+0.000,-0.010,+0.833,2,+0.000,+0.000,-0.05838,+0.000,-1.460,-0.001,+0.000,-0.010,-1.470,0,+0.000,+0.000,+0.08312,+0.000,+2.078,+0.000,+0.000,-0.010,+2.068,2,+0.002,+0.000,+0.413,-0.637
DRV,75778,+0.0000,+0.0000,+0.0000,+0.0000,+0.0000,+0.0000,+0.000,+0.000,-0.00443,+0.0030,+0.0000,-0.119,2,1,+0.000,+0.004,-0.06593,+0.004,-1.648,-0.009,+0.000,-0.010,-1.666,2,+0.000,+0.000,+0.03381,+0.000,+0.845,+0.000,+0.000,-0.010,+0.836,2,+0.000,+0.000,-0.05827,+0.000,-1.457,+0.000,+0.000,-0.010,-1.466,0,+0.000,+0.000,+0.08323,+0.000,+2.081,+0.000,+0.000,-0.010,+2.071,2,+0.004,+0.000,+0.405,-0.631
DRV,75782,+0.0000,+0.0000,+0.0000,+0.0000,+0.0000,+0.0000,+0.000,+0.000,-0.00442,+0.0019,+0.0000,-0.077,2,1,+0.000,+0.000,-0.06593,+0.000,-1.648,+0.000,+0.000,-0.006,-1.654,2,+0.000,+0.000,+0.03381,+0.000,+0.845,+0.000,+0.000,-0.006,+0.839,2,+0.000,+0.000,-0.05827,+0.000,-1.457,+0.000,+0.000,-0.006,-1.463,2,+0.000,+0.000,+0.08323,+0.000,+2.081,+0.000,+0.000,-0.006,+2.075,2,+0.000,+0.000,+0.420,-0.624
DRV,75786,+0.0000,+0.0000,+0.0000,+0.0000,+0.0000,+0.0000,+0.000,+0.000,-0.00442,+0.0014,+0.0000,-0.055,2,1,+0.000,+0.000,-0.06593,+0.000,-1.648,+0.000,+0.000,-0.004,-1.653,2,+0.000,+0.000,+0.03381,+0.000,+0.845,+0.000,+0.000,-0.004,+0.841,2,+0.000,+0.000,-0.05827,+0.000,-1.457,+0.000,+0.000,-0.004,-1.461,2,+0.000,+0.000,+0.08323,+0.000,+2.081,+0.000,+0.000,-0.004,+2.076,2,+0.000,+0.000,+0.424,-0.620
DRV,75790,+0.0000,+0.0000,+0.0000,+0.0000,+0.0000,+0.0000,+0.000,+0.000,-0.00441,+0.0008,+0.0000,-0.034,2,1,+0.000,+0.000,-0.06593,+0.000,-1.648,+0.000,+0.000,-0.003,-1.651,2,+0.000,+0.000,+0.03381,+0.000,+0.845,+0.000,+0.000,-0.003,+0.843,2,+0.000,+0.000,-0.05827,+0.000,-1.457,+0.000,+0.000,-0.003,-1.459,2,+0.000,+0.000,+0.08323,+0.000,+2.081,+0.000,+0.000,-0.003,+2.078,2,+0.000,+0.000,+0.427,-0.617
DRV,75794,+0.0000,+0.0000,+0.0000,+0.0000,+0.0000,+0.0000,+0.000,+0.000,-0.00441,+0.0008,+0.0000,-0.034,2,1,+0.000,+0.000,-0.06593,+0.000,-1.648,+0.000,+0.000,-0.003,-1.651,2,+0.000,+0.000,+0.03381,+0.000,+0.845,+0.000,+0.000,-0.003,+0.843,2,+0.000,+0.000,-0.05827,+0.000,-1.457,+0.000,+0.000,-0.003,-1.459,2,+0.000,+0.000,+0.08323,+0.000,+2.081,+0.000,+0.000,-0.003,+2.078,2,+0.000,+0.000,+0.427,-0.617
DRV,75798,+0.0000,+0.0000,+0.0000,+0.0000,+0.0000,+0.0000,+0.000,+0.000,-0.00441,+0.0008,+0.0000,-0.034,2,1,+0.000,+0.000,-0.06593,+0.000,-1.648,+0.000,+0.000,-0.003,-1.651,2,+0.000,+0.000,+0.03381,+0.000,+0.845,+0.000,+0.000,-0.003,+0.843,0,+0.000,+0.000,-0.05827,+0.000,-1.457,+0.000,+0.000,-0.003,-1.459,2,+0.000,+0.000,+0.08323,+0.000,+2.081,+0.000,+0.000,-0.003,+2.078,2,+0.000,+0.000,+0.427,-0.617
DRV,75802,+0.0000,+0.0000,+0.0000,+0.0000,+0.0000,+0.0000,+0.000,+0.000,-0.00440,+0.0016,+0.0000,-0.065,2,1,+0.000,+0.000,-0.06593,+0.000,-1.648,+0.000,+0.000,-0.005,-1.654,0,+0.000,+0.000,+0.03381,+0.000,+0.845,+0.000,+0.000,-0.005,+0.840,0,+0.000,+0.000,-0.05827,+0.000,-1.457,+0.000,+0.000,-0.005,-1.462,2,+0.000,+0.000,+0.08323,+0.000,+2.081,+0.000,+0.000,-0.005,+2.075,2,+0.000,+0.000,+0.422,-0.622
DRV,75806,+0.0000,+0.0000,+0.0000,+0.0000,+0.0000,+0.0000,+0.000,+0.000,-0.00439,+0.0024,+0.0000,-0.097,2,1,+0.000,+0.000,-0.06593,+0.000,-1.648,+0.000,+0.000,-0.008,-1.656,0,+0.000,+0.002,+0.03381,+0.002,+0.845,-0.004,+0.000,-0.008,+0.834,0,+0.000,+0.001,-0.05827,+0.001,-1.457,-0.003,+0.000,-0.008,-1.467,2,+0.000,+0.000,+0.08323,+0.000,+2.081,+0.000,+0.000,-0.008,+2.073,0,+0.000,+0.003,+0.417,-0.634
DRV,75810,+0.0000,+0.0000,+0.0000,+0.0000,+0.0000,+0.0000,+0.000,+0.000,-0.00438,+0.0027,+0.0000,-0.108,2,1,+0.000,+0.000,-0.06593,+0.000,-1.648,+0.000,+0.000,-0.009,-1.657,0,+0.000,+0.000,+0.03381,+0.000,+0.845,+0.000,+0.000,-0.009,+0.837,2,+0.000,+0.000,-0.05827,+0.000,-1.457,+0.000,+0.000,-0.009,-1.465,0,+0.000,+0.000,+0.08323,+0.000,+2.081,+0.000,+0.000,-0.009,+2.072,0,+0.000,+0.000,+0.415,-0.629
DRV,75814,+0.0000,+0.0000,+0.0000,+0.0000,+0.0000,+0.0000,+0.000,+0.000,-0.00437,+0.0030,+0.0000,-0.118,2,1,+0.000,+0.000,-0.06593,+0.000,-1.648,+0.000,+0.000,-0.009,-1.658,2,+0.000,+0.006,+0.03381,+0.006,+0.845,-0.012,+0.000,-0.009,+0.823,2,+0.000,+0.000,-0.05827,+0.000,-1.457,+0.000,+0.000,-0.009,-1.466,0,+0.000,+0.000,+0.08323,+0.000,+2.081,-0.001,+0.000,-0.009,+2.070,2,+0.000,+0.006,+0.413,-0.643
DRV,75818,+0.0000,+0.0000,+0.0000,+0.0000,+0.0000,+0.0000,+0.000,+0.000,-0.00436,+0.0029,+0.0000,-0.118,2,1,+0.000,+0.003,-0.06593,+0.003,-1.648,-0.006,+0.000,-0.009,-1.664,2,+0.000,+0.000,+0.03381,+0.000,+0.845,+0.000,+0.000,-0.009,+0.836,2,+0.000,+0.000,-0.05827,+0.000,-1.457,+0.000,+0.000,-0.009,-1.466,2,+0.000,+0.000,+0.08323,+0.000,+2.081,-0.001,+0.000,-0.009,+2.070,2,+0.003,+0.000,+0.407,-0.630
DRV,75822,+0.0000,+0.0000,+0.0000,+0.0000,+0.0000,+0.0000,+0.000,+0.000,-0.00435,+0.0029,+0.0000,-0.118,2,1,+0.000,+0.000,-0.06593,+0.000,-1.648,+0.000,+0.000,-0.009,-1.658,2,+0.000,+0.000,+0.03381,+0.000,+0.845,+0.000,+0.000,-0.009,+0.836,2,+0.000,+0.006,-0.05827,+0.006,-1.457,-0.011,+0.000,-0.009,-1.478,2,+0.000,+0.000,+0.08323,+0.000,+2.081,+0.000,+0.000,-0.009,+2.071,2,+0.000,+0.006,+0.414,-0.642
DRV,75826,+0.0000,+0.0000,+0.0000,+0.0000,+0.0000,+0.0000,+0.000,+0.000,-0.00433,+0.0032,+0.0000,-0.128,2,1,+0.000,+0.000,-0.06593,+0.000,-1.648,+0.000,+0.000,-0.010,-1.659,2,+0.000,+0.000,+0.03381,+0.000,+0.845,+0.000,+0.000,-0.010,+0.835,2,+0.000,+0.000,-0.05827,+0.000,-1.457,+0.000,+0.000,-0.010,-1.467,2,+0.000,+0.002,+0.08323,+0.002,+2.081,-0.005,+0.000,-0.010,+2.066,2,+0.002,+0.000,+0.407,-0.632
DRV,75830,+0.0000,+0.0000,+0.0000,+0.0000,+0.0000,+0.0000,+0.000,+0.000,-0.00432,+0.0035,+0.0000,-0.138,2,1,+0.000,+0.000,-0.06593,+0.000,-1.648,+0.000,+0.000,-0.011,-1.659,2,+0.000,+0.000,+0.03381,+0.000,+0.845,+0.000,+0.000,-0.011,+0.834,2,+0.000,+0.000,-0.05827,+0.000,-1.457,+0.000,+0.000,-0.011,-1.468,2,+0.000,+0.000,+0.08323,+0.000,+2.081,+0.000,+0.000,-0.011,+2.070,2,+0.000,+0.000,+0.410,-0.634
DRV,75834,+0.0000,+0.0000,+0.0000,+0.0000,+0.0000,+0.0000,+0.000,+0.000,-0.00431,+0.0029,+0.0000,-0.117,2,1,+0.000,+0.000,-0.06593,+0.000,-1.648,+0.000,+0.000,-0.009,-1.658,2,+0.000,+0.000,+0.03381,+0.000,+0.845,+0.000,+0.000,-0.009,+0.836,2,+0.000,+0.000,-0.05827,+0.000,-1.457,+0.000,+0.000,-0.009,-1.466,2,+0.000,+0.000,+0.08323,+0.000,+2.081,+0.000,+0.000,-0.009,+2.071,2,+0.000,+0.000,+0.414,-0.630
DRV,75838,+0.0000,+0.0000,+0.0000,+0.0000,+0.0000,+0.0000,+0.000,+0.000,-0.00430,+0.0024,+0.0000,-0.095,2,1,+0.000,+0.000,-0.06593,+0.000,-1.648,+0.000,+0.000,-0.008,-1.656,2,+0.000,+0.000,+0.03381,+0.000,+0.845,+0.000,+0.000,-0.008,+0.838,0,+0.000,+0.000,-0.05827,+0.000,-1.457,+0.000,+0.000,-0.008,-1.464,2,+0.000,+0.000,+0.08323,+0.000,+2.081,+0.000,+0.000,-0.008,+2.073,2,+0.000,+0.000,+0.417,-0.627
DRV,75842,+0.0000,+0.0000,+0.0000,+0.0000,+0.0000,+0.0000,+0.000,+0.000,-0.00429,+0.0029,+0.0000,-0.116,2,1,+0.000,+0.000,-0.06593,+0.000,-1.648,+0.000,+0.000,-0.009,-1.658,0,+0.000,+0.000,+0.03381,+0.000,+0.845,+0.000,+0.000,-0.009,+0.836,0,+0.000,+0.000,-0.05827,+0.000,-1.457,+0.000,+0.000,-0.009,-1.466,2,+0.000,+0.000,+0.08323,+0.000,+2.081,+0.000,+0.000,-0.009,+2.071,0,+0.000,+0.000,+0.414,-0.630
DRV,75846,+0.0000,+0.0000,+0.0000,+0.0000,+0.0000,+0.0000,+0.000,+0.000,-0.00427,+0.0034,+0.0000,-0.137,2,1,+0.000,+0.000,-0.06593,+0.000,-1.648,+0.000,+0.000,-0.011,-1.659,0,+0.000,+0.000,+0.03381,+0.000,+0.845,+0.000,+0.000,-0.011,+0.834,2,+0.000,+0.000,-0.05827,+0.000,-1.457,+0.000,+0.000,-0.011,-1.468,2,+0.000,+0.000,+0.08323,+0.000,+2.081,+0.000,+0.000,-0.011,+2.070,0,+0.000,+0.000,+0.410,-0.633
DRV,75850,+0.0000,+0.0000,+0.0000,+0.0000,+0.0000,+0.0000,+0.000,+0.000,-0.00426,+0.0026,+0.0000,-0.105,2,1,+0.000,+0.000,-0.06593,+0.000,-1.648,+0.000,+0.000,-0.008,-1.657,2,+0.000,+0.002,+0.03381,+0.002,+0.845,-0.004,+0.000,-0.008,+0.833,2,+0.000,+0.000,-0.05827,+0.000,-1.457,+0.000,+0.000,-0.008,-1.465,0,+0.000,+0.000,+0.08323,+0.000,+2.081,+0.000,+0.000,-0.008,+2.072,0,+0.000,+0.002,+0.416,-0.632
DRV,75854,+0.0000,+0.0000,+0.0000,+0.0000,+0.0000,+0.0000,+0.000,+0.000,-0.00425,+0.0018,+0.0000,-0.073,2,1,+0.000,+0.000,-0.06593,+0.000,-1.648,+0.000,+0.000,-0.006,-1.654,2,+0.000,+0.000,+0.03381,+0.000,+0.845,+0.000,+0.000,-0.006,+0.839,2,+0.000,+0.000,-0.05827,+0.000,-1.457,+0.000,+0.000,-0.006,-1.463,0,+0.000,+0.000,+0.08323,+0.000,+2.081,+0.000,+0.000,-0.006,+2.075,2,+0.000,+0.000,+0.421,-0.623
DRV,75858,+0.0000,+0.0000,+0.0000,+0.0000,+0.0000,+0.0000,+0.000,+0.000,-0.00425,+0.0018,+0.0000,-0.073,2,1,+0.000,+0.000,-0.06593,+0.000,-1.648,+0.000,+0.000,-0.006,-1.654,2,+0.000,+0.000,+0.03381,+0.000,+0.845,+0.000,+0.000,-0.006,+0.839,2,+0.000,+0.000,-0.05827,+0.000,-1.457,+0.000,+0.000,-0.006,-1.463,2,+0.000,+0.000,+0.08323,+0.000,+2.081,+0.000,+0.000,-0.006,+2.075,2,+0.000,+0.000,+0.421,-0.623
DRV,75862,+0.0000,+0.0000,+0.0000,+0.0000,+0.0000,+0.0000,+0.000,+0.000,-0.00424,+0.0018,+0.0000,-0.073,2,1,+0.000,+0.000,-0.06593,+0.000,-1.648,+0.000,+0.000,-0.006,-1.654,2,+0.000,+0.002,+0.03381,+0.002,+0.845,-0.005,+0.000,-0.006,+0.835,2,+0.000,+0.000,-0.05827,+0.000,-1.457,+0.000,+0.000,-0.006,-1.463,2,+0.000,+0.007,+0.08323,+0.007,+2.081,-0.013,+0.000,-0.006,+2.062,2,+0.007,+0.002,+0.407,-0.628
DRV,75866,+0.0000,+0.0000,+0.0000,+0.0000,+0.0000,+0.0000,+0.000,+0.000,-0.00423,+0.0024,+0.0000,-0.094,2,1,+0.000,+0.000,-0.06593,+0.000,-1.648,+0.000,+0.000,-0.008,-1.656,2,+0.000,+0.000,+0.03381,+0.000,+0.845,+0.000,+0.000,-0.008,+0.838,2,+0.000,+0.000,-0.05827,+0.000,-1.457,+0.000,+0.000,-0.008,-1.464,2,+0.000,-0.000,+0.08323,-0.000,+2.081,+0.001,+0.000,-0.008,+2.074,2,-0.000,+0.000,+0.418,-0.627
DRV,75870,+0.0000,+0.0000,+0.0000,+0.0000,+0.0000,+0.0000,+0.000,+0.000,-0.00422,+0.0029,+0.0000,-0.115,2,1,+0.000,+0.000,-0.06593,+0.000,-1.648,+0.000,+0.000,-0.009,-1.658,2,+0.000,+0.000,+0.03381,+0.000,+0.845,+0.000,+0.000,-0.009,+0.836,2,+0.000,+0.000,-0.05827,+0.000,-1.457,+0.000,+0.000,-0.009,-1.466,2,+0.000,+0.000,+0.08323,+0.000,+2.081,+0.000,+0.000,-0.009,+2.072,2,+0.000,+0.000,+0.414,-0.630
DRV,75874,+0.0000,+0.0000,+0.0000,+0.0000,+0.0000,+0.0000,+0.000,+0.000,-0.00421,+0.0026,+0.0000,-0.104,2,1,+0.000,+0.000,-0.06593,+0.000,-1.648,+0.000,+0.000,-0.008,-1.657,2,+0.000,+0.000,+0.03381,+0.000,+0.845,+0.000,+0.000,-0.008,+0.837,0,+0.000,+0.002,-0.05827,+0.002,-1.457,-0.005,+0.000,-0.008,-1.470,2,+0.000,+0.000,+0.08323,+0.000,+2.081,+0.000,+0.000,-0.008,+2.072,2,+0.000,+0.002,+0.416,-0.633
DRV,75878,+0.0000,+0.0000,+0.0000,+0.0000,+0.0000,+0.0000,+0.000,+0.000,-0.00420,+0.0023,+0.0000,-0.093,2,1,+0.000,+0.000,-0.06593,+0.000,-1.648,+0.000,+0.000,-0.007,-1.656,0,+0.000,+0.000,+0.03381,+0.000,+0.845,+0.000,+0.000,-0.007,+0.838,0,+0.000,+0.000,-0.05827,+0.000,-1.457,+0.000,+0.000,-0.007,-1.464,2,+0.000,+0.000,+0.08323,+0.000,+2.081,+0.000,+0.000,-0.007,+2.073,2,+0.000,+0.000,+0.417,-0.626
DRV,75882,+0.0000,+0.0000,+0.0000,+0.0000,+0.0000,+0.0000,+0.000,+0.000,-0.00419,+0.0023,+0.0000,-0.093,2,1,+0.000,+0.000,-0.06593,+0.000,-1.648,+0.000,+0.000,-0.007,-1.656,0,+0.000,+0.000,+0.03381,+0.000,+0.845,+0.000,+0.000,-0.007,+0.838,0,+0.000,+0.000,-0.05827,+0.000,-1.457,+0.000,+0.000,-0.007,-1.464,2,+0.000,+0.007,+0.08323,+0.007,+2.081,-0.014,+0.000,-0.007,+2.059,0,+0.007,+0.000,+0.403,-0.626
DRV,75886,+0.0000,+0.0000,+0.0000,+0.0000,+0.0000,+0.0000,+0.000,+0.000,-0.00418,+0.0023,+0.0000,-0.093,2,1,+0.000,+0.000,-0.06593,+0.000,-1.648,+0.000,+0.000,-0.007,-1.656,2,+0.000,+0.000,+0.03381,+0.000,+0.845,+0.000,+0.000,-0.007,+0.838,2,+0.000,+0.002,-0.05827,+0.002,-1.457,-0.005,+0.000,-0.007,-1.469,0,+0.000,+0.000,+0.08323,+0.000,+2.081,+0.000,+0.000,-0.007,+2.073,0,+0.000,+0.002,+0.417,-0.631
DRV,75890,+0.0000,+0.0000,+0.0000,+0.0000,+0.0000,+0.0000,+0.000,+0.000,-0.00417,+0.0021,+0.0000,-0.082,2,1,+0.000,+0.000,-0.06585,+0.000,-1.646,+0.000,+0.000,-0.007,-1.653,2,+0.000,+0.000,+0.03389,+0.000,+0.847,+0.000,+0.000,-0.007,+0.841,2,+0.000,+0.000,-0.05857,+0.000,-1.464,+0.000,+0.000,-0.007,-1.471,0,+0.000,+0.000,+0.08331,+0.000,+2.083,+0.000,+0.000,-0.007,+2.076,2,+0.000,+0.000,+0.423,-0.630
DRV,75894,+0.0000,+0.0000,+0.0000,+0.0000,+0.0000,+0.0000,+0.000,+0.000,-0.00417,+0.0018,+0.0000,-0.071,2,1,+0.000,-0.004,-0.06585,-0.004,-1.646,+0.008,+0.000,-0.006,-1.644,2,+0.000,+0.000,+0.03389,+0.000,+0.847,+0.000,+0.000,-0.006,+0.842,2,+0.000,+0.000,-0.05857,+0.000,-1.464,+0.000,+0.000,-0.006,-1.470,2,+0.000,+0.000,+0.08331,+0.000,+2.083,+0.000,+0.000,-0.006,+2.077,2,-0.004,+0.000,+0.433,-0.629
DRV,75898,+0.0000,+0.0000,+0.0000,+0.0000,+0.0000,+0.0000,+0.000,+0.000,-0.00416,+0.0018,+0.0000,-0.071,2,1,+0.000,+0.000,-0.06585,+0.000,-1.646,+0.000,+0.000,-0.006,-1.652,2,+0.000,+0.000,+0.03389,+0.000,+0.847,+0.000,+0.000,-0.006,+0.842,2,+0.000,-0.004,-0.05857,-0.004,-1.464,+0.008,+0.000,-0.006,-1.462,2,+0.000,+0.001,+0.08331,+0.001,+2.083,-0.002,+0.000,-0.006,+2.075,2,+0.001,-0.004,+0.423,-0.621
DRV,75902,+0.0000,+0.0000,+0.0000,+0.0000,+0.0000,+0.0000,+0.000,+0.000,-0.00415,+0.0018,+0.0000,-0.071,2,1,+0.000,-0.001,-0.06585,-0.001,-1.646,+0.002,+0.000,-0.006,-1.650,2,+0.000,+0.000,+0.03389,+0.000,+0.847,+0.000,+0.000,-0.006,+0.842,2,+0.000,+0.000,-0.05857,+0.000,-1.464,+0.000,+0.000,-0.006,-1.470,2,+0.000,+0.000,+0.08331,+0.000,+2.083,+0.000,+0.000,-0.006,+2.077,2,-0.001,+0.000,+0.427,-0.628
DRV,75906,+0.0000,+0.0000,+0.0000,+0.0000,+0.0000,+0.0000,+0.000,+0.000,-0.00414,+0.0018,+0.0000,-0.071,2,1,+0.000,+0.000,-0.06585,+0.000,-1.646,+0.000,+0.000,-0.006,-1.652,2,+0.000,+0.000,+0.03389,+0.000,+0.847,+0.000,+0.000,-0.006,+0.842,2,+0.000,+0.000,-0.05857,+0.000,-1.464,+0.000,+0.000,-0.006,-1.470,2,+0.000,+0.000,+0.08331,+0.000,+2.083,+0.000,+0.000,-0.006,+2.077,2,+0.000,+0.000,+0.425,-0.628
DRV,75910,+0.0000,+0.0000,+0.0000,+0.0000,+0.0000,+0.0000,+0.000,+0.000,-0.00414,+0.0018,+0.0000,-0.071,2,1,+0.000,+0.000,-0.06585,+0.000,-1.646,+0.000,+0.000,-0.006,-1.652,2,+0.000,+0.000,+0.03389,+0.000,+0.847,+0.000,+0.000,-0.006,+0.842,2,+0.000,+0.000,-0.05857,+0.000,-1.464,+0.000,+0.000,-0.006,-1.470,2,+0.000,+0.000,+0.08331,+0.000,+2.083,+0.000,+0.000,-0.006,+2.077,2,+0.000,+0.000,+0.425,-0.628
DRV,75914,+0.0000,+0.0000,+0.0000,+0.0000,+0.0000,+0.0000,+0.000,+0.000,-0.00413,+0.0012,+0.0000,-0.049,2,1,+0.000,+0.000,-0.06593,+0.000,-1.648,+0.000,+0.000,-0.004,-1.652,0,+0.000,+0.000,+0.03381,+0.000,+0.845,+0.000,+0.000,-0.004,+0.841,0,+0.000,-0.006,-0.05827,-0.006,-1.457,+0.012,+0.000,-0.004,-1.448,2,+0.000,+0.000,+0.08323,+0.000,+2.081,+0.000,+0.000,-0.004,+2.077,2,+0.000,-0.006,+0.424,-0.607
DRV,75918,+0.0000,+0.0000,+0.0000,+0.0000,+0.0000,+0.0000,+0.000,+0.000,-0.00413,+0.0007,+0.0000,-0.028,2,1,+0.000,+0.000,-0.06593,+0.000,-1.648,+0.000,+0.000,-0.002,-1.651,0,+0.000,+0.000,+0.03381,+0.000,+0.845,+0.000,+0.000,-0.002,+0.843,0,+0.000,+0.000,-0.05827,+0.000,-1.457,+0.000,+0.000,-0.002,-1.459,2,+0.000,-0.007,+0.08323,-0.007,+2.081,+0.013,+0.000,-0.002,+2.092,0,-0.007,+0.000,+0.441,-0.616
DRV,75922,+0.0000,+0.0000,+0.0000,+0.0000,+0.0000,+0.0000,+0.000,+0.000,-0.00413,+0.0004,+0.0000,-0.017,2,1,+0.000,+0.000,-0.06593,+0.000,-1.648,+0.000,+0.000,-0.001,-1.650,0,+0.000,+0.000,+0.03381,+0.000,+0.845,+0.000,+0.000,-0.001,+0.844,2,+0.000,+0.000,-0.05827,+0.000,-1.457,+0.000,+0.000,-0.001,-1.458,0,+0.000,+0.000,+0.08323,+0.000,+2.081,+0.000,+0.000,-0.001,+2.079,2,+0.000,+0.000,+0.430,-0.614
DRV,75926,+0.0000,+0.0000,+0.0000,+0.0000,+0.0000,+0.0000,+0.000,+0.000,-0.00412,+0.0002,+0.0000,-0.007,2,1,+0.000,+0.000,-0.06593,+0.000,-1.648,+0.000,+0.000,-0.001,-1.649,2,+0.000,+0.000,+0.03381,+0.000,+0.845,+0.000,+0.000,-0.001,+0.845,2,+0.000,+0.000,-0.05827,+0.000,-1.457,+0.000,+0.000,-0.001,-1.457,0,+0.000,+0.000,+0.08323,+0.000,+2.081,+0.000,+0.000,-0.001,+2.080,2,+0.000,+0.000,+0.431,-0.613
DRV,75930,+0.0000,+0.0000,+0.0000,+0.0000,+0.0000,+0.0000,+0.000,+0.000,-0.00412,+0.0004,+0.0000,-0.017,2,1,+0.000,+0.000,-0.06593,+0.000,-1.648,+0.000,+0.000,-0.001,-1.650,2,+0.000,+0.000,+0.03381,+0.000,+0.845,+0.000,+0.000,-0.001,+0.844,2,+0.000,+0.000,-0.05827,+0.000,-1.457,+0.000,+0.000,-0.001,-1.458,2,+0.000,+0.000,+0.08323,+0.000,+2.081,+0.000,+0.000,-0.001,+2.079,2,+0.000,+0.000,+0.430,-0.614
DRV,75934,+0.0000,+0.0000,+0.0000,+0.0000,+0.0000,+0.0000,+0.000,+0.000,-0.00412,+0.0007,+0.0000,-0.028,2,1,+0.000,+0.000,-0.06593,+0.000,-1.648,+0.000,+0.000,-0.002,-1.651,2,+0.000,+0.000,+0.03381,+0.000,+0.845,+0.000,+0.000,-0.002,+0.843,2,+0.000,+0.000,-0.05827,+0.000,-1.457,+0.000,+0.000,-0.002,-1.459,2,+0.000,+0.000,+0.08323,+0.000,+2.081,+0.000,+0.000,-0.002,+2.078,2,+0.000,+0.000,+0.428,-0.616
DRV,75938,+0.0000,+0.0000,+0.0000,+0.0000,+0.0000,+0.0000,+0.000,+0.000,-0.00412,+0.0010,+0.0000,-0.038,2,1,+0.000,+0.000,-0.06593,+0.000,-1.648,+0.000,+0.000,-0.003,-1.651,2,+0.000,+0.000,+0.03381,+0.000,+0.845,+0.000,+0.000,-0.003,+0.842,2,+0.000,+0.000,-0.05827,+0.000,-1.457,+0.000,+0.000,-0.003,-1.460,2,+0.000,+0.000,+0.08323,+0.000,+2.081,+0.000,+0.000,-0.003,+2.078,2,+0.000,+0.000,+0.426,-0.618
DRV,75942,+0.0000,+0.0000,+0.0000,+0.0000,+0.0000,+0.0000,+0.000,+0.000,-0.00411,+0.0012,+0.0000,-0.049,2,1,+0.000,+0.000,-0.06593,+0.000,-1.648,+0.000,+0.000,-0.004,-1.652,2,+0.000,+0.000,+0.03381,+0.000,+0.845,+0.000,+0.000,-0.004,+0.841,2,+0.000,+0.000,-0.05827,+0.000,-1.457,+0.000,+0.000,-0.004,-1.461,2,+0.000,+0.000,+0.08323,+0.000,+2.081,+0.000,+0.000,-0.004,+2.077,2,+0.000,+0.000,+0.425,-0.619
DRV,75946,+0.0000,+0.0000,+0.0000,+0.0000,+0.0000,+0.0000,+0.000,+0.000,-0.00411,+0.0012,+0.0000,-0.049,2,1,+0.000,+0.000,-0.06593,+0.000,-1.648,+0.000,+0.000,-0.004,-1.652,2,+0.000,+0.000,+0.03381,+0.000,+0.845,+0.000,+0.000,-0.004,+0.841,2,+0.000,+0.000,-0.05827,+0.000,-1.457,+0.000,+0.000,-0.004,-1.461,2,+0.000,+0.000,+0.08323,+0.000,+2.081,+0.000,+0.000,-0.004,+2.077,2,+0.000,+0.000,+0.425,-0.619
DRV,75950,+0.0000,+0.0000,+0.0000,+0.0000,+0.0000,+0.0000,+0.000,+0.000,-0.00410,+0.0012,+0.0000,-0.049,2,1,+0.000,+0.000,-0.06593,+0.000,-1.648,+0.000,+0.000,-0.004,-1.652,2,+0.000,+0.000,+0.03381,+0.000,+0.845,+0.000,+0.000,-0.004,+0.841,0,+0.000,+0.000,-0.05827,+0.000,-1.457,+0.000,+0.000,-0.004,-1.461,2,+0.000,+0.000,+0.08323,+0.000,+2.081,+0.000,+0.000,-0.004,+2.077,2,+0.000,+0.000,+0.425,-0.619
DRV,75954,+0.0000,+0.0000,+0.0000,+0.0000,+0.0000,+0.0000,+0.000,+0.000,-0.00410,+0.0020,+0.0000,-0.081,2,1,+0.000,+0.000,-0.06593,+0.000,-1.648,+0.000,+0.000,-0.006,-1.655,0,+0.000,+0.000,+0.03381,+0.000,+0.845,+0.000,+0.000,-0.006,+0.839,0,+0.000,+0.000,-0.05827,+0.000,-1.457,+0.000,+0.000,-0.006,-1.463,2,+0.000,+0.000,+0.08323,+0.000,+2.081,+0.000,+0.000,-0.006,+2.074,0,+0.000,+0.000,+0.419,-0.624
DRV,75958,+0.0000,+0.0000,+0.0000,+0.0000,+0.0000,+0.0000,+0.000,+0.000,-0.00409,+0.0028,+0.0000,-0.112,2,1,+0.000,+0.000,-0.06593,+0.000,-1.648,+0.000,+0.000,-0.009,-1.657,0,+0.000,+0.015,+0.03381,+0.015,+0.845,-0.031,+0.000,-0.009,+0.806,2,+0.000,+0.000,-0.05827,+0.000,-1.457,+0.000,+0.000,-0.009,-1.466,0,+0.000,+0.004,+0.08323,+0.004,+2.081,-0.008,+0.000,-0.009,+2.064,0,+0.004,+0.015,+0.407,-0.660
DRV,75962,+0.0000,+0.0000,+0.0000,+0.0000,+0.0000,+0.0000,+0.000,+0.000,-0.00408,+0.0017,+0.0000,-0.070,2,1,+0.000,+0.000,-0.06593,+0.000,-1.648,+0.000,+0.000,-0.006,-1.654,2,+0.000,+0.000,+0.03381,+0.000,+0.845,+0.000,+0.000,-0.006,+0.840,2,+0.000,+0.000,-0.05827,+0.000,-1.457,+0.000,+0.000,-0.006,-1.462,0,+0.000,+0.006,+0.08323,+0.006,+2.081,-0.012,+0.000,-0.006,+2.063,0,+0.006,+0.000,+0.409,-0.623
DRV,75966,+0.0000,+0.0000,+0.0000,+0.0000,+0.0000,+0.0000,+0.000,+0.000,-0.00407,+0.0007,+0.0000,-0.027,2,1,+0.000,+0.000,-0.06593,+0.000,-1.648,+0.000,+0.000,-0.002,-1.651,2,+0.000,+0.000,+0.03381,+0.000,+0.845,+0.000,+0.000,-0.002,+0.843,2,+0.000,+0.000,-0.05827,+0.000,-1.457,+0.000,+0.000,-0.002,-1.459,0,+0.000,-0.002,+0.08323,-0.002,+2.081,+0.004,+0.000,-0.002,+2.082,2,-0.002,+0.000,+0.432,-0.616
DRV,75970,+0.0000,+0.0000,+0.0000,+0.0000,+0.0000,+0.0000,+0.000,+0.000,-0.00407,+0.0012,+0.0000,-0.048,2,1,+0.000,+0.000,-0.06593,+0.000,-1.648,+0.000,+0.000,-0.004,-1.652,2,+0.000,+0.000,+0.03381,+0.000,+0.845,+0.000,+0.000,-0.004,+0.841,2,+0.000,+0.000,-0.05827,+0.000,-1.457,+0.000,+0.000,-0.004,-1.461,2,+0.000,+0.000,+0.08323,+0.000,+2.081,+0.000,+0.000,-0.004,+2.077,2,+0.000,+0.000,+0.425,-0.619
DRV,75974,+0.0000,+0.0000,+0.0000,+0.0000,+0.0000,+0.0000,+0.000,+0.000,-0.00406,+0.0017,+0.0000,-0.069,2,1,+0.000,+0.000,-0.06593,+0.000,-1.648,+0.000,+0.000,-0.006,-1.654,2,+0.000,-0.001,+0.03381,-0.001,+0.845,+0.002,+0.000,-0.006,+0.842,2,+0.000,+0.000,-0.05827,+0.000,-1.457,+0.000,+0.000,-0.006,-1.462,2,+0.000,-0.003,+0.08323,-0.003,+2.081,+0.007,+0.000,-0.006,+2.082,2,-0.003,-0.001,+0.428,-0.621
DRV,75978,+0.0000,+0.0000,+0.0000,+0.0000,+0.0000,+0.0000,+0.000,+0.000,-0.00406,+0.0007,+0.0000,-0.027,2,1,+0.000,-0.004,-0.06593,-0.004,-1.648,+0.008,+0.000,-0.002,-1.643,2,+0.000,+0.000,+0.03381,+0.000,+0.845,+0.000,+0.000,-0.002,+0.843,2,+0.000,+0.000,-0.05827,+0.000,-1.457,+0.000,+0.000,-0.002,-1.459,2,+0.000,+0.000,+0.08323,+0.000,+2.081,+0.000,+0.000,-0.002,+2.079,2,-0.004,+0.000,+0.436,-0.616
DRV,75982,+0.0000,+0.0000,+0.0000,+0.0000,+0.0000,+0.0000,+0.000,+0.000,-0.00406,-0.0004,+0.0000,+0.016,2,1,+0.000,+0.000,-0.06566,+0.000,-1.642,+0.000,+0.000,+0.001,-1.640,2,+0.000,-0.000,+0.03370,-0.000,+0.842,+0.001,+0.000,+0.001,+0.845,2,+0.000,+0.000,-0.05838,+0.000,-1.460,+0.000,+0.000,+0.001,-1.458,2,+0.000,+0.000,+0.08312,+0.000,+2.078,+0.000,+0.000,+0.001,+2.079,2,+0.000,-0.000,+0.439,-0.614
DRV,75986,+0.0000,+0.0000,+0.0000,+0.0000,+0.0000,+0.0000,+0.000,+0.000,-0.00406,+0.0001,+0.0000,-0.005,2,1,+0.000,+0.000,-0.06593,+0.000,-1.648,+0.000,+0.000,-0.000,-1.649,2,+0.000,+0.000,+0.03381,+0.000,+0.845,+0.000,+0.000,-0.000,+0.845,0,+0.000,-0.001,-0.05827,-0.001,-1.457,+0.002,+0.000,-0.000,-1.455,2,+0.000,+0.000,+0.08323,+0.000,+2.081,+0.000,+0.000,-0.000,+2.080,2,+0.000,-0.001,+0.432,-0.610
DRV,75990,+0.0000,+0.0000,+0.0000,+0.0000,+0.0000,+0.0000,+0.000,+0.000,-0.00406,+0.0007,+0.0000,-0.027,2,1,+0.000,+0.000,-0.06593,+0.000,-1.648,+0.000,+0.000,-0.002,-1.650,0,+0.000,+0.000,+0.03381,+0.000,+0.845,+0.000,+0.000,-0.002,+0.843,0,+0.000,+0.000,-0.05827,+0.000,-1.457,+0.000,+0.000,-0.002,-1.459,2,+0.000,-0.001,+0.08323,-0.001,+2.081,+0.002,+0.000,-0.002,+2.081,2,-0.001,+0.000,+0.430,-0.616
DRV,75994,+0.0000,+0.0000,+0.0000,+0.0000,+0.0000,+0.0000,+0.000,+0.000,-0.00406,-0.0008,-0.0000,+0.033,2,1,+0.000,-0.001,+0.00000,-0.001,+0.000,+0.002,+0.000,+0.003,+0.000,0,+0.000,+0.000,+0.00000,+0.000,+0.000,+0.000,+0.000,+0.003,+0.000,0,-0.000,+0.000,-0.00000,+0.000,-0.000,-0.000,-0.000,+0.003,+0.000,2,+0.000,+0.000,+0.00000,+0.000,+0.000,+0.000,+0.000,+0.003,+0.000,0,-0.001,+0.000,+0.000,+0.000
DRV,75998,+0.0000,+0.0000,+0.0000,+0.0000,+0.0000,+0.0000,+0.000,+0.000,-0.00406,-0.0003,-0.0000,+0.012,2,1,+0.000,+0.091,-0.00000,+0.091,-0.000,-0.181,+0.000,+0.001,+0.000,2,+0.000,+0.000,+0.00000,+0.000,+0.000,+0.000,+0.000,+0.001,+0.000,2,-0.000,+0.093,-0.00000,+0.093,-0.000,-0.187,-0.000,+0.001,+0.000,0,+0.000,-0.171,+0.00115,-0.171,+0.029,+0.342,+0.000,+0.001,+0.000,0,-0.081,+0.093,+0.000,+0.000
DRV,76002,+0.0000,+0.0000,+0.0000,+0.0000,+0.0000,+0.0000,+0.000,+0.000,-0.00405,+0.0024,-0.0000,-0.095,2,1,+0.000,+0.005,+0.00000,+0.005,+0.000,-0.010,+0.000,-0.008,+0.000,2,+0.000,+0.000,+0.00000,+0.000,+0.000,+0.000,+0.000,-0.008,+0.000,2,-0.000,+0.000,+0.00000,+0.000,+0.000,-0.001,-0.000,-0.008,+0.000,0,+0.000,-0.081,+0.00000,-0.081,+0.000,+0.162,+0.000,-0.008,+0.000,2,-0.076,+0.000,+0.000,+0.000
DRV,76006,+0.0000,+0.0000,+0.0000,+0.0000,+0.0000,+0.0000,+0.000,+0.000,-0.00404,+0.0024,-0.0000,-0.095,2,1,+0.000,+0.000,+0.00000,+0.000,+0.000,+0.000,+0.000,-0.008,+0.000,2,+0.000,+0.023,+0.00000,+0.023,+0.000,-0.046,+0.000,-0.008,+0.000,2,-0.000,-0.041,-0.00000,-0.041,-0.000,+0.082,-0.000,-0.008,+0.000,2,+0.000,+0.036,+0.00000,+0.036,+0.000,-0.072,+0.000,-0.008,+0.000,2,+0.036,-0.018,+0.000,+0.000
DRV,76010,+0.0000,+0.0000,+0.0000,+0.0000,+0.0000,+0.0000,+0.000,+0.000,-0.00404,+0.0008,-0.0000,-0.031,2,1,+0.000,+0.016,-0.00000,+0.016,-0.000,-0.032,+0.000,-0.002,+0.000,2,+0.000,+0.000,-0.00000,+0.000,-0.000,+0.000,+0.000,-0.002,+0.000,2,-0.000,+0.015,-0.00000,+0.015,-0.000,-0.031,-0.000,-0.002,+0.000,2,+0.000,-0.051,+0.00000,-0.051,+0.000,+0.101,+0.000,-0.002,+0.000,2,-0.034,+0.015,+0.000,+0.000
DRV,76014,+0.0000,+0.0000,+0.0000,+0.0000,+0.0000,+0.0000,+0.000,+0.000,-0.00403,+0.0008,-0.0000,-0.031,2,1,+0.000,+0.008,-0.00000,+0.008,-0.000,-0.015,+0.000,-0.002,+0.000,2,+0.000,+0.026,+0.00000,+0.026,+0.000,-0.051,+0.000,-0.002,+0.000,2,-0.000,-0.005,-0.00000,-0.005,-0.000,+0.010,-0.000,-0.002,+0.000,2,+0.000,+0.000,+0.00000,+0.000,+0.000,+0.000,+0.000,-0.002,+0.000,2,+0.008,+0.021,+0.000,+0.000
DRV,76018,+0.0000,+0.0000,+0.0000,+0.0000,+0.0000,+0.0000,+0.000,+0.000,-0.00402,+0.0034,-0.0000,-0.137,2,1,+0.000,+0.023,+0.00000,+0.023,+0.000,-0.046,+0.000,-0.011,+0.000,2,+0.000,+0.022,+0.00000,+0.022,+0.000,-0.045,+0.000,-0.011,+0.000,2,-0.000,-0.000,-0.00000,-0.000,-0.000,+0.001,-0.000,-0.011,+0.000,2,+0.000,-0.031,+0.00000,-0.031,+0.000,+0.063,+0.000,-0.011,+0.000,2,-0.009,+0.022,+0.000,+0.000
DRV,76022,+0.0000,+0.0000,+0.0000,+0.0000,+0.0000,+0.0000,+0.000,+0.000,-0.00401,+0.0034,-0.0000,-0.137,2,1,+0.000,+0.016,+0.00000,+0.016,+0.000,-0.032,+0.000,-0.011,+0.000,2,+0.000,+0.017,-0.00000,+0.017,-0.000,-0.034,+0.000,-0.011,+0.000,2,-0.000,+0.000,-0.00000,+0.000,-0.000,-0.000,-0.000,-0.011,+0.000,2,+0.000,-0.018,+0.00000,-0.018,+0.000,+0.035,+0.000,-0.011,+0.000,2,-0.001,+0.017,+0.000,+0.000
DRV,76026,+0.0000,+0.0000,+0.0000,+0.0000,+0.0000,+0.0000,+0.000,+0.000,-0.00399,+0.0040,-0.0000,-0.158,2,1,+0.000,+0.025,-0.00000,+0.025,-0.000,-0.051,+0.000,-0.013,+0.000,0,+0.000,+0.024,+0.00000,+0.024,+0.000,-0.048,+0.000,-0.013,+0.000,0,-0.000,-0.022,+0.00000,-0.022,+0.000,+0.045,-0.000,-0.013,+0.000,2,+0.000,-0.027,+0.00000,-0.027,+0.000,+0.054,+0.000,-0.013,+0.000,0,-0.002,+0.001,+0.000,+0.000
DRV,76030,+0.0000,+0.0000,+0.0000,+0.0000,+0.0000,+0.0000,+0.000,+0.000,-0.00398,+0.0040,-0.0000,-0.158,2,1,+0.000,+0.019,+0.00000,+0.019,+0.000,-0.037,+0.000,-0.013,+0.000,0,+0.000,+0.019,+0.00000,+0.019,+0.000,-0.037,+0.000,-0.013,+0.000,0,-0.000,-0.001,+0.00000,-0.001,+0.000,+0.003,-0.000,-0.013,+0.000,2,+0.000,-0.021,+0.00000,-0.021,+0.000,+0.041,+0.000,-0.013,+0.000,0,-0.002,+0.017,+0.000,+0.000
DRV,76034,+0.0000,+0.0000,+0.0000,+0.0000,+0.0000,+0.0000,+0.000,+0.000,-0.00397,+0.0029,-0.0000,-0.116,2,1,+0.000,+0.016,-0.00050,+0.016,-0.012,-0.031,+0.000,-0.009,+0.000,0,+0.000,+0.020,-0.00011,+0.020,-0.003,-0.040,+0.000,-0.009,+0.000,2,-0.000,-0.006,-0.00011,-0.006,-0.003,+0.012,-0.000,-0.009,+0.000,0,+0.000,-0.016,+0.00027,-0.016,+0.007,+0.031,+0.000,-0.009,+0.000,0,+0.000,+0.014,+0.000,+0.000
DRV,76038,+0.0000,+0.0000,+0.0000,+0.0000,+0.0000,+0.0000,+0.000,+0.000,-0.00395,+0.0029,-0.0000,-0.116,2,1,+0.000,+0.011,+0.00000,+0.011,+0.000,-0.022,+0.000,-0.009,+0.000,2,+0.000,+0.010,-0.00000,+0.010,-0.000,-0.021,+0.000,-0.009,+0.000,2,-0.000,+0.000,+0.00000,+0.000,+0.000,-0.000,-0.000,-0.009,+0.000,0,+0.000,-0.015,+0.00000,-0.015,+0.000,+0.030,+0.000,-0.009,+0.000,2,-0.004,+0.010,+0.000,+0.000
DRV,76042,+0.0000,+0.0000,+0.0000,+0.0000,+0.0000,+0.0000,+0.000,+0.000,-0.00394,+0.0040,-0.0000,-0.158,2,1,+0.000,+0.010,-0.00000,+0.010,-0.000,-0.021,+0.000,-0.013,+0.000,2,+0.000,+0.007,+0.00000,+0.007,+0.000,-0.013,+0.000,-0.013,+0.000,2,-0.000,-0.005,+0.00000,-0.005,+0.000,+0.010,-0.000,-0.013,+0.000,2,+0.000,-0.008,+0.00000,-0.008,+0.000,+0.015,+0.000,-0.013,+0.000,2,+0.003,+0.001,+0.000,+0.000
DRV,76046,+0.0000,+0.0000,+0.0000,+0.0000,+0.0000,+0.0000,+0.000,+0.000,-0.00392,+0.0040,-0.0000,-0.158,2,1,+0.000,+0.012,-0.00000,+0.012,-0.000,-0.025,+0.000,-0.013,+0.000,2,+0.000,+0.010,+0.00000,+0.010,+0.000,-0.021,+0.000,-0.013,+0.000,2,-0.000,-0.002,-0.00000,-0.002,-0.000,+0.005,-0.000,-0.013,+0.000,2,+0.000,-0.008,+0.00000,-0.008,+0.000,+0.016,+0.000,-0.013,+0.000,2,+0.004,+0.008,+0.000,+0.000
DRV,76050,+0.0000,+0.0000,+0.0000,+0.0000,+0.0000,+0.0000,+0.000,+0.000,-0.00391,+0.0050,-0.0000,-0.201,2,1,+0.000,+0.006,-0.00000,+0.006,-0.000,-0.012,+0.000,-0.016,+0.000,2,+0.000,+0.005,+0.00000,+0.005,+0.000,-0.010,+0.000,-0.016,+0.000,2,-0.000,-0.003,-0.00000,-0.003,-0.000,+0.006,-0.000,-0.016,+0.000,2,+0.000,-0.003,+0.00000,-0.003,+0.000,+0.006,+0.000,-0.016,+0.000,2,+0.003,+0.002,+0.000,+0.000
DRV,76054,+0.0000,+0.0000,+0.0000,+0.0000,+0.0000,+0.0000,+0.000,+0.000,-0.00388,+0.0050,-0.0000,-0.201,2,1,+0.000,+0.005,+0.00000,+0.005,+0.000,-0.010,+0.000,-0.016,+0.000,2,+0.000,+0.000,+0.00000,+0.000,+0.000,-0.001,+0.000,-0.016,+0.000,2,-0.000,+0.000,-0.00000,+0.000,-0.000,-0.000,-0.000,-0.016,+0.000,2,+0.000,+0.000,+0.00000,+0.000,+0.000,+0.000,+0.000,-0.016,+0.000,2,+0.005,+0.000,+0.000,+0.000
DRV,76058,+0.0000,+0.0000,+0.0000,+0.0000,+0.0000,+0.0000,+0.000,+0.000,-0.00387,+0.0045,-0.0000,-0.180,2,1,+0.000,+0.000,+0.00000,+0.000,+0.000,-0.001,+0.000,-0.014,+0.000,2,+0.000,+0.000,+0.00000,+0.000,+0.000,+0.000,+0.000,-0.014,+0.000,0,-0.000,+0.000,-0.00000,+0.000,-0.000,-0.000,-0.000,-0.014,+0.000,2,+0.000,+0.000,+0.00000,+0.000,+0.000,+0.000,+0.000,-0.014,+0.000,2,+0.000,+0.000,+0.000,+0.000
DRV,76062,+0.0000,+0.0000,+0.0000,+0.0000,+0.0000,+0.0000,+0.000,+0.000,-0.00385,+0.0045,-0.0000,-0.180,2,1,+0.000,+0.000,+0.00000,+0.000,+0.000,-0.001,+0.000,-0.014,+0.000,2,+0.000,-0.002,+0.00000,-0.002,+0.000,+0.005,+0.000,-0.014,+0.000,0,-0.000,+0.000,-0.00000,+0.000,-0.000,-0.000,-0.000,-0.014,+0.000,2,+0.000,+0.003,+0.00000,+0.003,+0.000,-0.007,+0.000,-0.014,+0.000,2,+0.004,-0.002,+0.000,+0.000
DRV,76066,+0.0000,+0.0000,+0.0000,+0.0000,+0.0000,+0.0000,+0.000,+0.000,-0.00383,+0.0034,-0.0000,-0.137,2,1,+0.000,+0.000,+0.00000,+0.000,+0.000,+0.000,+0.000,-0.011,+0.000,0,+0.000,-0.006,+0.00000,-0.006,+0.000,+0.011,+0.000,-0.011,+0.000,0,-0.000,+0.004,-0.00000,+0.004,-0.000,-0.008,-0.000,-0.011,+0.000,2,+0.000,+0.007,+0.00000,+0.007,+0.000,-0.014,+0.000,-0.011,+0.000,0,+0.007,-0.002,+0.000,+0.000
DRV,76070,+0.0000,+0.0000,+0.0000,+0.0000,+0.0000,+0.0000,+0.000,+0.000,-0.00382,+0.0034,-0.0000,-0.137,2,1,+0.000,-0.005,+0.00000,-0.005,+0.000,+0.010,+0.000,-0.011,+0.000,0,+0.000,-0.005,+0.00000,-0.005,+0.000,+0.010,+0.000,-0.011,+0.000,2,-0.000,+0.000,+0.00000,+0.000,+0.000,-0.000,-0.000,-0.011,+0.000,0,+0.000,+0.007,+0.00000,+0.007,+0.000,-0.013,+0.000,-0.011,+0.000,0,+0.002,-0.005,+0.000,+0.000
DRV,76074,+0.0000,+0.0000,+0.0000,+0.0000,+0.0000,+0.0000,+0.000,+0.000,-0.00381,+0.0024,-0.0000,-0.095,2,1,+0.000,-0.001,+0.00000,-0.001,+0.000,+0.003,+0.000,-0.008,+0.000,2,+0.000,-0.006,+0.00000,-0.006,+0.000,+0.012,+0.000,-0.008,+0.000,2,-0.000,+0.006,+0.00000,+0.006,+0.000,-0.011,-0.000,-0.008,+0.000,0,+0.000,+0.006,+0.00000,+0.006,+0.000,-0.012,+0.000,-0.008,+0.000,0,+0.005,-0.000,+0.000,+0.000
DRV,76078,+0.0000,+0.0000,+0.0000,+0.0000,+0.0000,+0.0000,+0.000,+0.000,-0.00380,+0.0024,-0.0000,-0.095,2,1,+0.000,-0.004,-0.00000,-0.004,-0.000,+0.009,+0.000,-0.008,+0.000,2,+0.000,-0.001,-0.00000,-0.001,-0.000,+0.002,+0.000,-0.008,+0.000,2,-0.000,+0.009,+0.00000,+0.009,+0.000,-0.018,-0.000,-0.008,+0.000,2,+0.000,+0.007,+0.00000,+0.007,+0.000,-0.014,+0.000,-0.008,+0.000,2,+0.003,+0.008,+0.000,+0.000
DRV,76082,+0.0000,+0.0000,+0.0000,+0.0000,+0.0000,+0.0000,+0.000,+0.000,-0.00380,-0.0003,-0.0000,+0.012,2,1,+0.000,-0.002,-0.00000,-0.002,-0.000,+0.004,+0.000,+0.001,+0.000,2,+0.000,-0.001,-0.00000,-0.001,-0.000,+0.002,+0.000,+0.001,+0.000,2,-0.000,+0.002,+0.00000,+0.002,+0.000,-0.004,-0.000,+0.001,+0.000,2,+0.000,+0.005,+0.00000,+0.005,+0.000,-0.010,+0.000,+0.001,+0.000,2,+0.003,+0.001,+0.000,+0.000
DRV,76086,+0.0000,+0.0000,+0.0000,+0.0000,+0.0000,+0.0000,+0.000,+0.000,-0.00380,-0.0003,-0.0000,+0.012,2,1,+0.000,+0.000,-0.00000,+0.000,-0.000,+0.000,+0.000,+0.001,+0.000,2,+0.000,-0.003,-0.00000,-0.003,-0.000,+0.006,+0.000,+0.001,+0.000,2,-0.000,+0.001,+0.00000,+0.001,+0.000,-0.002,-0.000,+0.001,+0.000,2,+0.000,+0.002,+0.00000,+0.002,+0.000,-0.004,+0.000,+0.001,+0.000,2,+0.002,-0.002,+0.000,+0.000
DRV,76090,+0.0000,+0.0000,+0.0000,+0.0000,+0.0000,+0.0000,+0.000,+0.000,-0.00380,+0.0002,-0.0000,-0.009,2,1,+0.000,-0.001,-0.00000,-0.001,-0.000,+0.002,+0.000,-0.001,+0.000,2,+0.000,-0.001,-0.00000,-0.001,-0.000,+0.002,+0.000,-0.001,+0.000,2,-0.000,+0.000,+0.00000,+0.000,+0.000,-0.000,-0.000,-0.001,+0.000,2,+0.000,+0.001,+0.00000,+0.001,+0.000,-0.002,+0.000,-0.001,+0.000,2,+0.000,-0.001,+0.000,+0.000
DRV,76094,+0.0000,+0.0000,+0.0000,+0.0000,+0.0000,+0.0000,+0.000,+0.000,-0.00380,+0.0002,-0.0000,-0.009,2,1,+0.000,-0.002,-0.00000,-0.002,-0.000,+0.004,+0.000,-0.001,+0.000,2,+0.000,+0.000,-0.00000,+0.000,-0.000,+0.000,+0.000,-0.001,+0.000,2,-0.000,+0.000,+0.00000,+0.000,+0.000,-0.000,-0.000,-0.001,+0.000,2,+0.000,+0.000,+0.00000,+0.000,+0.000,+0.000,+0.000,-0.001,+0.000,2,-0.002,+0.000,+0.000,+0.000
DRV,76098,+0.0000,+0.0000,+0.0000,+0.0000,+0.0000,+0.0000,+0.000,+0.000,-0.00380,-0.0008,-0.0000,+0.033,2,1,+0.000,+0.000,-0.00000,+0.000,-0.000,+0.000,+0.000,+0.003,+0.000,2,+0.000,+0.000,-0.00000,+0.000,-0.000,+0.000,+0.000,+0.003,+0.000,0,-0.000,+0.000,+0.00000,+0.000,+0.000,-0.000,-0.000,+0.003,+0.000,2,+0.000,-0.002,+0.00000,-0.002,+0.000,+0.004,+0.000,+0.003,+0.000,2,-0.002,+0.000,+0.000,+0.000
DRV,76102,+0.0000,+0.0000,+0.0000,+0.0000,+0.0000,+0.0000,+0.000,+0.000,-0.00380,-0.0008,-0.0000,+0.033,2,1,+0.000,+0.000,-0.00000,+0.000,-0.000,+0.000,+0.000,+0.003,+0.000,0,+0.000,+0.001,-0.00000,+0.001,-0.000,-0.002,+0.000,+0.003,+0.000,0,-0.000,-0.002,+0.00000,-0.002,+0.000,+0.004,-0.000,+0.003,+0.000,2,+0.000,+0.000,+0.00000,+0.000,+0.000,+0.000,+0.000,+0.003,+0.000,2,+0.000,-0.001,+0.000,+0.000
DRV,76106,+0.0000,+0.0000,+0.0000,+0.0000,+0.0000,+0.0000,+0.000,+0.000,-0.00381,-0.0019,-0.0000,+0.076,2,1,+0.000,+0.003,-0.00000,+0.003,-0.000,-0.006,+0.000,+0.006,+0.000,0,+0.000,+0.005,-0.00000,+0.005,-0.000,-0.010,+0.000,+0.006,+0.000,0,-0.000,-0.009,+0.00000,-0.009,+0.000,+0.017,-0.000,+0.006,+0.000,2,+0.000,-0.005,+0.00000,-0.005,+0.000,+0.010,+0.000,+0.006,+0.000,0,-0.002,-0.003,+0.000,+0.000
DRV,76110,+0.0000,+0.0000,+0.0000,+0.0000,+0.0000,+0.0000,+0.000,+0.000,-0.00382,-0.0019,-0.0000,+0.076,2,1,+0.000,+0.003,-0.00000,+0.003,-0.000,-0.006,+0.000,+0.006,+0.000,0,+0.000,+0.003,-0.00000,+0.003,-0.000,-0.007,+0.000,+0.006,+0.000,2,-0.000,-0.005,+0.00000,-0.005,+0.000,+0.010,-0.000,+0.006,+0.000,0,+0.000,-0.010,+0.00000,-0.010,+0.000,+0.019,+0.000,+0.006,+0.000,0,-0.007,-0.002,+0.000,+0.000
DRV,76114,+0.0000,+0.0000,+0.0000,+0.0000,+0.0000,+0.0000,+0.000,+0.000,-0.00382,-0.0008,-0.0000,+0.033,2,1,+0.000,+0.005,-0.00000,+0.005,-0.000,-0.010,+0.000,+0.003,+0.000,2,+0.000,+0.003,-0.00000,+0.003,-0.000,-0.007,+0.000,+0.003,+0.000,2,-0.000,-0.002,+0.00000,-0.002,+0.000,+0.004,-0.000,+0.003,+0.000,0,+0.000,-0.005,+0.00000,-0.005,+0.000,+0.010,+0.000,+0.003,+0.000,2,+0.000,+0.001,+0.000,+0.000
DRV,76118,+0.0000,+0.0000,+0.0000,+0.0000,+0.0000,+0.0000,+0.000,+0.000,-0.00382,+0.0011,+0.0000,-0.043,2,1,+0.000,+0.004,+0.00000,+0.004,+0.000,-0.009,+0.000,-0.003,+0.000,2,+0.000,+0.000,-0.00000,+0.000,-0.000,+0.000,+0.000,-0.003,+0.000,2,+0.000,-0.000,+0.00000,-0.000,+0.000,+0.001,+0.000,-0.003,+0.000,0,+0.000,-0.002,+0.00000,-0.002,+0.000,+0.005,+0.000,-0.003,+0.000,2,+0.002,-0.000,+0.000,+0.000
DRV,76122,+0.0000,+0.0000,+0.0000,+0.0000,+0.0000,+0.0000,+0.000,+0.000,-0.00381,+0.0021,+0.0000,-0.086,2,1,+0.000,+0.007,+0.00000,+0.007,+0.000,-0.013,+0.000,-0.007,+0.000,2,+0.000,+0.000,+0.00000,+0.000,+0.000,-0.001,+0.000,-0.007,+0.000,2,+0.000,-0.003,+0.00000,-0.003,+0.000,+0.007,+0.000,-0.007,+0.000,2,+0.000,+0.000,+0.00000,+0.000,+0.000,+0.000,+0.000,-0.007,+0.000,2,+0.007,-0.003,+0.000,+0.000
DRV,76126,+0.0000,+0.0000,+0.0000,+0.0000,+0.0000,+0.0000,+0.000,+0.000,-0.00381,+0.0021,+0.0000,-0.086,2,1,+0.000,+0.000,+0.00000,+0.000,+0.000,+0.000,+0.000,-0.007,+0.000,2,+0.000,+0.001,+0.00000,+0.001,+0.000,-0.002,+0.000,-0.007,+0.000,2,+0.000,+0.000,+0.00000,+0.000,+0.000,+0.000,+0.000,-0.007,+0.000,2,+0.000,+0.000,+0.00000,+0.000,+0.000,+0.000,+0.000,-0.007,+0.000,2,+0.000,+0.001,+0.000,+0.000
DRV,76130,+0.0000,+0.0000,+0.0000,+0.0000,+0.0000,+0.0000,+0.000,+0.000,-0.00380,+0.0027,+0.0000,-0.107,2,1,+0.000,+0.003,+0.00000,+0.003,+0.000,-0.007,+0.000,-0.009,+0.000,2,+0.000,+0.000,+0.00000,+0.000,+0.000,+0.000,+0.000,-0.009,+0.000,2,+0.000,+0.000,+0.00000,+0.000,+0.000,+0.000,+0.000,-0.009,+0.000,2,+0.000,+0.000,+0.00000,+0.000,+0.000,+0.000,+0.000,-0.009,+0.000,2,+0.003,+0.000,+0.000,+0.000
DRV,76134,+0.0000,+0.0000,+0.0000,+0.0000,+0.0000,+0.0000,+0.000,+0.000,-0.00379,+0.0027,+0.0000,-0.106,2,1,+0.000,+0.000,+0.00000,+0.000,+0.000,+0.000,+0.000,-0.009,+0.000,2,+0.000,+0.000,+0.00000,+0.000,+0.000,+0.000,+0.000,-0.009,+0.000,0,+0.000,+0.000,+0.00000,+0.000,+0.000,+0.000,+0.000,-0.009,+0.000,2,+0.000,+0.000,+0.00000,+0.000,+0.000,+0.000,+0.000,-0.009,+0.000,2,+0.000,+0.000,+0.000,+0.000
DRV,76138,+0.0000,+0.0000,+0.0000,+0.0000,+0.0000,+0.0000,+0.000,+0.000,-0.00377,+0.0048,+0.0000,-0.191,2,1,+0.000,+0.000,+0.00000,+0.000,+0.000,+0.000,+0.000,-0.015,+0.000,2,+0.000,+0.000,+0.00000,+0.000,+0.000,+0.000,+0.000,-0.015,+0.000,0,+0.000,+0.002,+0.00000,+0.002,+0.000,-0.005,+0.000,-0.015,+0.000,2,+0.000,+0.004,+0.00000,+0.004,+0.000,-0.008,+0.000,-0.015,+0.000,2,+0.004,+0.002,+0.000,+0.000
DRV,76142,+0.0000,+0.0000,+0.0000,+0.0000,+0.0000,+0.0000,+0.000,+0.000,-0.00375,+0.0048,+0.0000,-0.191,2,1,+0.000,+0.000,+0.00000,+0.000,+0.000,+0.000,+0.000,-0.015,+0.000,0,+0.000,+0.000,+0.00000,+0.000,+0.000,+0.000,+0.000,-0.015,+0.000,2,+0.000,+0.006,+0.00000,+0.006,+0.000,-0.011,+0.000,-0.015,+0.000,2,+0.000,+0.004,+0.00000,+0.004,+0.000,-0.009,+0.000,-0.015,+0.000,0,+0.004,+0.006,+0.000,+0.000
DRV,76146,+0.0000,+0.0000,+0.0000,+0.0000,+0.0000,+0.0000,+0.000,+0.000,-0.00373,+0.0037,+0.0000,-0.148,2,1,+0.000,+0.000,+0.00000,+0.000,+0.000,+0.000,+0.000,-0.012,+0.000,0,+0.000,+0.000,+0.00000,+0.000,+0.000,+0.000,+0.000,-0.012,+0.000,0,+0.000,+0.003,+0.00000,+0.003,+0.000,-0.007,+0.000,-0.012,+0.000,0,+0.000,+0.003,+0.00000,+0.003,+0.000,-0.006,+0.000,-0.012,+0.000,0,+0.003,+0.003,+0.000,+0.000
DRV,76150,+0.0000,+0.0000,+0.0000,+0.0000,+0.0000,+0.0000,+0.000,+0.000,-0.00372,+0.0037,+0.0000,-0.148,2,1,+0.000,-0.000,+0.00000,-0.000,+0.000,+0.001,+0.000,-0.012,+0.000,0,+0.000,+0.000,+0.00000,+0.000,+0.000,+0.000,+0.000,-0.012,+0.000,2,+0.000,+0.006,+0.00000,+0.006,+0.000,-0.011,+0.000,-0.012,+0.000,0,+0.000,+0.006,+0.00000,+0.006,+0.000,-0.011,+0.000,-0.012,+0.000,0,+0.005,+0.006,+0.000,+0.000
DRV,76154,+0.0000,+0.0000,+0.0000,+0.0000,+0.0000,+0.0000,+0.000,+0.000,-0.00370,+0.0053,+0.0000,-0.211,2,1,+0.000,-0.005,+0.00000,-0.005,+0.000,+0.010,+0.000,-0.017,+0.000,2,+0.000,+0.000,+0.00000,+0.000,+0.000,+0.000,+0.000,-0.017,+0.000,2,+0.000,+0.005,+0.00000,+0.005,+0.000,-0.010,+0.000,-0.017,+0.000,2,+0.000,+0.000,+0.00000,+0.000,+0.000,+0.000,+0.000,-0.017,+0.000,2,-0.005,+0.005,+0.000,+0.000
DRV,76158,+0.0000,+0.0000,+0.0000,+0.0000,+0.0000,+0.0000,+0.000,+0.000,-0.00368,+0.0053,+0.0000,-0.211,2,1,+0.000,-0.001,+0.00000,-0.001,+0.000,+0.003,+0.000,-0.017,+0.000,2,+0.000,+0.000,+0.00000,+0.000,+0.000,+0.000,+0.000,-0.017,+0.000,2,+0.000,+0.002,+0.00000,+0.002,+0.000,-0.004,+0.000,-0.017,+0.000,2,+0.000,+0.001,+0.00000,+0.001,+0.000,-0.002,+0.000,-0.017,+0.000,2,-0.000,+0.002,+0.000,+0.000
DRV,76162,+0.0000,+0.0000,+0.0000,+0.0000,+0.0000,+0.0000,+0.000,+0.000,-0.00366,+0.0047,+0.0000,-0.189,2,1,+0.000,+0.000,+0.00000,+0.000,+0.000,+0.000,+0.000,-0.015,+0.000,2,+0.000,+0.000,+0.00000,+0.000,+0.000,+0.000,+0.000,-0.015,+0.000,2,+0.000,+0.000,+0.00000,+0.000,+0.000,-0.001,+0.000,-0.015,+0.000,2,+0.000,+0.000,+0.00000,+0.000,+0.000,+0.000,+0.000,-0.015,+0.000,2,+0.000,+0.000,+0.000,+0.000
DRV,76166,+0.0000,+0.0000,+0.0000,+0.0000,+0.0000,+0.0000,+0.000,+0.000,-0.00364,+0.0047,+0.0000,-0.189,2,1,+0.000,+0.000,+0.00000,+0.000,+0.000,+0.000,+0.000,-0.015,+0.000,2,+0.000,+0.000,+0.00000,+0.000,+0.000,+0.000,+0.000,-0.015,+0.000,2,+0.000,+0.001,+0.00000,+0.001,+0.000,-0.003,+0.000,-0.015,+0.000,2,+0.000,+0.000,+0.00000,+0.000,+0.000,+0.000,+0.000,-0.015,+0.000,2,+0.000,+0.001,+0.000,+0.000
DRV,76170,+0.0000,+0.0000,+0.0000,+0.0000,+0.0000,+0.0000,+0.000,+0.000,-0.00362,+0.0042,+0.0000,-0.167,2,1,+0.000,+0.000,+0.00000,+0.000,+0.000,+0.000,+0.000,-0.013,+0.000,2,+0.000,+0.000,+0.00000,+0.000,+0.000,+0.000,+0.000,-0.013,+0.000,0,+0.000,+0.000,+0.00000,+0.000,+0.000,+0.000,+0.000,-0.013,+0.000,2,+0.000,+0.000,+0.00000,+0.000,+0.000,+0.000,+0.000,-0.013,+0.000,2,+0.000,+0.000,+0.000,+0.000
DRV,76174,+0.0000,+0.0000,+0.0000,+0.0000,+0.0000,+0.0000,+0.000,+0.000,-0.00361,+0.0042,+0.0000,-0.167,2,1,+0.000,+0.000,+0.00000,+0.000,+0.000,+0.000,+0.000,-0.013,+0.000,2,+0.000,+0.000,+0.00000,+0.000,+0.000,+0.000,+0.000,-0.013,+0.000,0,+0.000,+0.000,+0.00000,+0.000,+0.000,+0.000,+0.000,-0.013,+0.000,2,+0.000,+0.000,+0.00000,+0.000,+0.000,+0.000,+0.000,-0.013,+0.000,2,+0.000,+0.000,+0.000,+0.000
DRV,76178,+0.0000,+0.0000,+0.0000,+0.0000,+0.0000,+0.0000,+0.000,+0.000,-0.00359,+0.0026,+0.0000,-0.103,2,1,+0.000,+0.000,+0.00000,+0.000,+0.000,+0.000,+0.000,-0.008,+0.000,0,+0.000,+0.000,+0.00000,+0.000,+0.000,+0.000,+0.000,-0.008,+0.000,0,+0.000,-0.009,+0.00000,-0.009,+0.000,+0.017,+0.000,-0.008,+0.000,2,+0.000,-0.003,+0.00000,-0.003,+0.000,+0.007,+0.000,-0.008,+0.000,0,-0.003,-0.009,+0.000,+0.000
DRV,76182,+0.0000,+0.0000,+0.0000,+0.0000,+0.0000,+0.0000,+0.000,+0.000,-0.00358,+0.0026,+0.0000,-0.102,2,1,+0.000,+0.004,+0.00000,+0.004,+0.000,-0.009,+0.000,-0.008,+0.000,0,+0.000,+0.000,+0.00000,+0.000,+0.000,+0.000,+0.000,-0.008,+0.000,2,+0.000,-0.001,+0.00000,-0.001,+0.000,+0.002,+0.000,-0.008,+0.000,0,+0.000,-0.003,+0.00000,-0.003,+0.000,+0.006,+0.000,-0.008,+0.000,0,+0.001,-0.001,+0.000,+0.000
DRV,76186,+0.0000,+0.0000,+0.0000,+0.0000,+0.0000,+0.0000,+0.000,+0.000,-0.00357,+0.0020,+0.0000,-0.081,2,1,+0.000,+0.002,+0.00000,+0.002,+0.000,-0.005,+0.000,-0.006,+0.000,2,+0.000,+0.000,+0.00000,+0.000,+0.000,+0.000,+0.000,-0.006,+0.000,2,+0.000,-0.003,+0.00000,-0.003,+0.000,+0.006,+0.000,-0.006,+0.000,0,+0.000,-0.001,+0.00000,-0.001,+0.000,+0.002,+0.000,-0.006,+0.000,2,+0.001,-0.003,+0.000,+0.000
DRV,76190,+0.0000,+0.0000,+0.0000,+0.0000,+0.0000,+0.0000,+0.000,+0.000,-0.00357,+0.0020,+0.0000,-0.081,2,1,+0.000,+0.001,+0.00000,+0.001,+0.000,-0.003,+0.000,-0.006,+0.000,2,+0.000,+0.000,+0.00000,+0.000,+0.000,+0.000,+0.000,-0.006,+0.000,2,+0.000,-0.003,+0.00000,-0.003,+0.000,+0.007,+0.000,-0.006,+0.000,2,+0.000,-0.001,+0.00000,-0.001,+0.000,+0.002,+0.000,-0.006,+0.000,2,+0.000,-0.003,+0.000,+0.000
DRV,76194,+0.0000,+0.0000,+0.0000,+0.0000,+0.0000,+0.0000,+0.000,+0.000,-0.00357,-0.0006,+0.0000,+0.026,2,1,+0.000,+0.000,+0.00000,+0.000,+0.000,-0.001,+0.000,+0.002,+0.000,2,+0.000,+0.000,+0.00000,+0.000,+0.000,+0.000,+0.000,+0.002,+0.000,2,+0.000,-0.001,+0.00000,-0.001,+0.000,+0.002,+0.000,+0.002,+0.000,2,+0.000,-0.002,+0.00000,-0.002,+0.000,+0.004,+0.000,+0.002,+0.000,2,-0.001,-0.001,+0.000,+0.000
DRV,76198,+0.0000,+0.0000,+0.0000,+0.0000,+0.0000,+0.0000,+0.000,+0.000,-0.00357,-0.0006,+0.0000,+0.026,2,1,+0.000,+0.001,+0.00000,+0.001,+0.000,-0.002,+0.000,+0.002,+0.000,2,+0.000,+0.000,+0.00000,+0.000,+0.000,+0.000,+0.000,+0.002,+0.000,2,+0.000,+0.000,+0.00000,+0.000,+0.000,+0.000,+0.000,+0.002,+0.000,2,+0.000,+0.000,+0.00000,+0.000,+0.000,+0.000,+0.000,+0.002,+0.000,2,+0.001,+0.000,+0.000,+0.000
DRV,76202,+0.0000,+0.0000,+0.0000,+0.0000,+0.0000,+0.0000,+0.000,+0.000,-0.00357,+0.0010,+0.0000,-0.038,2,1,+0.000,+0.000,+0.00000,+0.000,+0.000,+0.000,+0.000,-0.003,+0.000,2,+0.000,+0.000,+0.00000,+0.000,+0.000,+0.000,+0.000,-0.003,+0.000,2,+0.000,+0.000,+0.00000,+0.000,+0.000,+0.000,+0.000,-0.003,+0.000,2,+0.000,+0.000,+0.00000,+0.000,+0.000,+0.000,+0.000,-0.003,+0.000,2,+0.000,+0.000,+0.000,+0.000
DRV,76206,+0.0000,+0.0000,+0.0000,+0.0000,+0.0000,+0.0000,+0.000,+0.000,-0.00356,+0.0010,+0.0000,-0.038,2,1,+0.000,+0.000,+0.00000,+0.000,+0.000,+0.000,+0.000,-0.003,+0.000,2,+0.000,+0.000,+0.00000,+0.000,+0.000,+0.000,+0.000,-0.003,+0.000,2,+0.000,+0.000,+0.00000,+0.000,+0.000,+0.000,+0.000,-0.003,+0.000,2,+0.000,+0.000,+0.00000,+0.000,+0.000,+0.000,+0.000,-0.003,+0.000,2,+0.000,+0.000,+0.000,+0.000
DRV,76210,+0.0000,+0.0000,+0.0000,+0.0000,+0.0000,+0.0000,+0.000,+0.000,-0.00356,-0.0001,+0.0000,+0.005,2,1,+0.000,+0.000,+0.00000,+0.000,+0.000,+0.000,+0.000,+0.000,+0.000,2,+0.000,+0.000,+0.00000,+0.000,+0.000,+0.000,+0.000,+0.000,+0.000,0,+0.000,+0.000,+0.00000,+0.000,+0.000,+0.000,+0.000,+0.000,+0.000,2,+0.000,+0.000,+0.00000,+0.000,+0.000,+0.000,+0.000,+0.000,+0.000,2,+0.000,+0.000,+0.000,+0.000
DRV,76214,+0.0000,+0.0000,+0.0000,+0.0000,+0.0000,+0.0000,+0.000,+0.000,-0.00356,-0.0001,+0.0000,+0.005,2,1,+0.000,+0.000,+0.00000,+0.000,+0.000,+0.000,+0.000,+0.000,+0.000,0,+0.000,+0.000,+0.00000,+0.000,+0.000,+0.000,+0.000,+0.000,+0.000,0,+0.000,+0.000,+0.00000,+0.000,+0.000,+0.000,+0.000,+0.000,+0.000,2,+0.000,+0.000,+0.00000,+0.000,+0.000,+0.000,+0.000,+0.000,+0.000,0,+0.000,+0.000,+0.000,+0.000
DRV,76218,+0.0000,+0.0000,+0.0000,+0.0000,+0.0000,+0.0000,+0.000,+0.000,-0.00356,+0.0009,+0.0000,-0.038,2,1,+0.000,+0.000,+0.00000,+0.000,+0.000,+0.000,+0.000,-0.003,+0.000,0,+0.000,+0.000,+0.00000,+0.000,+0.000,+0.000,+0.000,-0.003,+0.000,2,+0.000,+0.005,+0.00000,+0.005,+0.000,-0.010,+0.000,-0.003,+0.000,2,+0.000,+0.000,+0.00000,+0.000,+0.000,+0.000,+0.000,-0.003,+0.000,0,+0.000,+0.005,+0.000,+0.000
DRV,76222,+0.0000,+0.0000,+0.0000,+0.0000,+0.0000,+0.0000,+0.000,+0.000,-0.00355,+0.0017,+0.0000,-0.070,2,1,+0.000,-0.003,+0.00000,-0.003,+0.000,+0.006,+0.000,-0.006,+0.000,2,+0.000,+0.000,+0.00000,+0.000,+0.000,+0.000,+0.000,-0.006,+0.000,2,+0.000,+0.003,+0.00000,+0.003,+0.000,-0.007,+0.000,-0.006,+0.000,0,+0.000,+0.001,+0.00000,+0.001,+0.000,-0.003,+0.000,-0.006,+0.000,0,-0.001,+0.003,+0.000,+0.000
DRV,76226,+0.0000,+0.0000,+0.0000,+0.0000,+0.0000,+0.0000,+0.000,+0.000,-0.00354,+0.0025,+0.0000,-0.102,2,1,+0.000,+0.000,+0.00000,+0.000,+0.000,+0.000,+0.000,-0.008,+0.000,2,+0.000,+0.000,+0.00000,+0.000,+0.000,+0.000,+0.000,-0.008,+0.000,2,+0.000,+0.000,+0.00000,+0.000,+0.000,+0.000,+0.000,-0.008,+0.000,0,+0.000,+0.000,+0.00000,+0.000,+0.000,-0.001,+0.000,-0.008,+0.000,2,+0.000,+0.000,+0.000,+0.000
DRV,76230,+0.0000,+0.0000,+0.0000,+0.0000,+0.0000,+0.0000,+0.000,+0.000,-0.00353,+0.0025,+0.0000,-0.101,2,1,+0.000,+0.000,+0.00000,+0.000,+0.000,+0.000,+0.000,-0.008,+0.000,2,+0.000,+0.000,+0.00000,+0.000,+0.000,+0.000,+0.000,-0.008,+0.000,2,+0.000,+0.003,+0.00000,+0.003,+0.000,-0.007,+0.000,-0.008,+0.000,2,+0.000,+0.000,+0.00000,+0.000,+0.000,+0.000,+0.000,-0.008,+0.000,2,+0.000,+0.003,+0.000,+0.000
DRV,76234,+0.0000,+0.0000,+0.0000,+0.0000,+0.0000,+0.0000,+0.000,+0.000,-0.00352,+0.0025,+0.0000,-0.101,2,1,+0.000,+0.000,+0.00000,+0.000,+0.000,+0.000,+0.000,-0.008,+0.000,2,+0.000,+0.000,+0.00000,+0.000,+0.000,+0.000,+0.000,-0.008,+0.000,2,+0.000,+0.000,+0.00000,+0.000,+0.000,+0.000,+0.000,-0.008,+0.000,2,+0.000,+0.001,+0.00000,+0.001,+0.000,-0.002,+0.000,-0.008,+0.000,2,+0.001,+0.000,+0.000,+0.000
DRV,76238,+0.0000,+0.0000,+0.0000,+0.0000,+0.0000,+0.0000,+0.000,+0.000,-0.00351,+0.0025,+0.0000,-0.101,2,1,+0.000,+0.000,+0.00000,+0.000,+0.000,+0.000,+0.000,-0.008,+0.000,2,+0.000,+0.000,+0.00000,+0.000,+0.000,+0.000,+0.000,-0.008,+0.000,2,+0.000,+0.000,+0.00000,+0.000,+0.000,+0.000,+0.000,-0.008,+0.000,2,+0.000,+0.000,+0.00000,+0.000,+0.000,+0.000,+0.000,-0.008,+0.000,2,+0.000,+0.000,+0.000,+0.000
DRV,76242,+0.0000,+0.0000,+0.0000,+0.0000,+0.0000,+0.0000,+0.000,+0.000,-0.00350,+0.0025,+0.0000,-0.101,2,1,+0.000,+0.000,+0.00000,+0.000,+0.000,+0.000,+0.000,-0.008,+0.000,2,+0.000,+0.000,+0.00000,+0.000,+0.000,+0.000,+0.000,-0.008,+0.000,2,+0.000,+0.000,+0.00000,+0.000,+0.000,+0.000,+0.000,-0.008,+0.000,2,+0.000,+0.000,+0.00000,+0.000,+0.000,+0.000,+0.000,-0.008,+0.000,2,+0.000,+0.000,+0.000,+0.000
DRV,76246,+0.0000,+0.0000,+0.0000,+0.0000,+0.0000,+0.0000,+0.000,+0.000,-0.00350,+0.0020,+0.0000,-0.079,2,1,+0.000,+0.000,+0.00000,+0.000,+0.000,+0.000,+0.000,-0.006,+0.000,2,+0.000,+0.000,+0.00000,+0.000,+0.000,+0.000,+0.000,-0.006,+0.000,0,+0.000,+0.000,+0.00000,+0.000,+0.000,+0.000,+0.000,-0.006,+0.000,2,+0.000,+0.000,+0.00000,+0.000,+0.000,+0.000,+0.000,-0.006,+0.000,2,+0.000,+0.000,+0.000,+0.000
DRV,76250,+0.0000,+0.0000,+0.0000,+0.0000,+0.0000,+0.0000,+0.000,+0.000,-0.00349,+0.0014,+0.0000,-0.058,2,1,+0.000,+0.000,+0.00000,+0.000,+0.000,-0.001,+0.000,-0.005,+0.000,0,+0.000,+0.000,+0.00000,+0.000,+0.000,+0.000,+0.000,-0.005,+0.000,0,+0.000,+0.000,+0.00000,+0.000,+0.000,+0.000,+0.000,-0.005,+0.000,2,+0.000,+0.000,+0.00000,+0.000,+0.000,+0.000,+0.000,-0.005,+0.000,2,+0.000,+0.000,+0.000,+0.000
DRV,76254,+0.0000,+0.0000,+0.0000,+0.0000,+0.0000,+0.0000,+0.000,+0.000,-0.00348,+0.0014,+0.0000,-0.058,2,1,+0.000,+0.000,+0.00000,+0.000,+0.000,-0.001,+0.000,-0.005,+0.000,0,+0.000,+0.000,+0.00000,+0.000,+0.000,+0.000,+0.000,-0.005,+0.000,0,+0.000,-0.002,+0.00000,-0.002,+0.000,+0.004,+0.000,-0.005,+0.000,2,+0.000,+0.000,+0.00000,+0.000,+0.000,+0.000,+0.000,-0.005,+0.000,0,+0.000,-0.002,+0.000,+0.000
DRV,76258,+0.0000,+0.0000,+0.0000,+0.0000,+0.0000,+0.0000,+0.000,+0.000,-0.00348,+0.0014,+0.0000,-0.058,2,1,+0.000,+0.000,+0.00000,+0.000,+0.000,-0.001,+0.000,-0.005,+0.000,2,+0.000,+0.000,+0.00000,+0.000,+0.000,+0.000,+0.000,-0.005,+0.000,2,+0.000,+0.000,+0.00000,+0.000,+0.000,+0.000,+0.000,-0.005,+0.000,0,+0.000,+0.000,+0.00000,+0.000,+0.000,+0.000,+0.000,-0.005,+0.000,0,+0.000,+0.000,+0.000,+0.000
DRV,76262,+0.0000,+0.0000,+0.0000,+0.0000,+0.0000,+0.0000,+0.000,+0.000,-0.00347,+0.0014,+0.0000,-0.058,2,1,+0.000,+0.000,+0.00000,+0.000,+0.000,-0.001,+0.000,-0.005,+0.000,2,+0.000,+0.001,+0.00000,+0.001,+0.000,-0.002,+0.000,-0.005,+0.000,2,+0.000,-0.004,+0.00000,-0.004,+0.000,+0.009,+0.000,-0.005,+0.000,0,+0.000,-0.006,+0.00000,-0.006,+0.000,+0.011,+0.000,-0.005,+0.000,2,-0.005,-0.003,+0.000,+0.000
DRV,76266,+0.0000,+0.0000,+0.0000,+0.0000,+0.0000,+0.0000,+0.000,+0.000,-0.00347,+0.0014,+0.0000,-0.057,2,1,+0.000,+0.000,+0.00000,+0.000,+0.000,+0.000,+0.000,-0.005,+0.000,2,+0.000,+0.000,+0.00000,+0.000,+0.000,+0.000,+0.000,-0.005,+0.000,2,+0.000,+0.000,+0.00000,+0.000,+0.000,+0.000,+0.000,-0.005,+0.000,2,+0.000,-0.001,+0.00000,-0.001,+0.000,+0.003,+0.000,-0.005,+0.000,2,-0.001,+0.000,+0.000,+0.000
DRV,76270,+0.0000,+0.0000,+0.0000,+0.0000,+0.0000,+0.0000,+0.000,+0.000,-0.00346,+0.0009,+0.0000,-0.036,2,1,+0.000,+0.000,+0.00000,+0.000,+0.000,+0.000,+0.000,-0.003,+0.000,2,+0.000,+0.000,+0.00000,+0.000,+0.000,+0.000,+0.000,-0.003,+0.000,2,+0.000,-0.001,+0.00000,-0.001,+0.000,+0.002,+0.000,-0.003,+0.000,2,+0.000,+0.000,+0.00000,+0.000,+0.000,+0.000,+0.000,-0.003,+0.000,2,+0.000,-0.001,+0.000,+0.000
DRV,76274,+0.0000,+0.0000,+0.0000,+0.0000,+0.0000,+0.0000,+0.000,+0.000,-0.00346,+0.0004,+0.0000,-0.015,2,1,+0.000,+0.000,+0.00000,+0.000,+0.000,+0.000,+0.000,-0.001,+0.000,2,+0.000,+0.000,+0.00000,+0.000,+0.000,+0.000,+0.000,-0.001,+0.000,2,+0.000,+0.000,+0.00000,+0.000,+0.000,+0.000,+0.000,-0.001,+0.000,2,+0.000,+0.000,+0.00000,+0.000,+0.000,+0.000,+0.000,-0.001,+0.000,2,+0.000,+0.000,+0.000,+0.000
DRV,76278,+0.0000,+0.0000,+0.0000,+0.0000,+0.0000,+0.0000,+0.000,+0.000,-0.00346,+0.0006,+0.0000,-0.025,2,1,+0.000,+0.000,+0.00000,+0.000,+0.000,+0.000,+0.000,-0.002,+0.000,2,+0.000,+0.000,+0.00000,+0.000,+0.000,+0.000,+0.000,-0.002,+0.000,2,+0.000,+0.000,+0.00000,+0.000,+0.000,+0.000,+0.000,-0.002,+0.000,2,+0.000,+0.000,+0.00000,+0.000,+0.000,+0.000,+0.000,-0.002,+0.000,2,+0.000,+0.000,+0.000,+0.000
DRV,76282,+0.0000,+0.0000,+0.0000,+0.0000,+0.0000,+0.0000,+0.000,+0.000,-0.00345,+0.0009,+0.0000,-0.036,2,1,+0.000,+0.000,+0.00000,+0.000,+0.000,+0.000,+0.000,-0.003,+0.000,2,+0.000,+0.000,+0.00000,+0.000,+0.000,+0.000,+0.000,-0.003,+0.000,2,+0.000,+0.000,+0.00000,+0.000,+0.000,+0.000,+0.000,-0.003,+0.000,2,+0.000,+0.000,+0.00000,+0.000,+0.000,+0.000,+0.000,-0.003,+0.000,2,+0.000,+0.000,+0.000,+0.000
DRV,76286,+0.0000,+0.0000,+0.0000,+0.0000,+0.0000,+0.0000,+0.000,+0.000,-0.00345,+0.0012,+0.0000,-0.046,2,1,+0.000,+0.000,+0.00000,+0.000,+0.000,+0.000,+0.000,-0.004,+0.000,0,+0.000,-0.001,+0.00000,-0.001,+0.000,+0.002,+0.000,-0.004,+0.000,0,+0.000,+0.000,+0.00000,+0.000,+0.000,+0.000,+0.000,-0.004,+0.000,2,+0.000,+0.000,+0.00000,+0.000,+0.000,+0.000,+0.000,-0.004,+0.000,2,+0.000,-0.001,+0.000,+0.000
DRV,76290,+0.0000,+0.0000,+0.0000,+0.0000,+0.0000,+0.0000,+0.000,+0.000,-0.00344,+0.0014,+0.0000,-0.057,2,1,+0.000,+0.000,+0.00000,+0.000,+0.000,+0.000,+0.000,-0.005,+0.000,0,+0.000,-0.003,+0.00000,-0.003,+0.000,+0.006,+0.000,-0.005,+0.000,0,+0.000,+0.000,+0.00000,+0.000,+0.000,+0.000,+0.000,-0.005,+0.000,2,+0.000,+0.000,+0.00000,+0.000,+0.000,+0.000,+0.000,-0.005,+0.000,0,+0.000,-0.003,+0.000,+0.000
DRV,76294,+0.0000,+0.0000,+0.0000,+0.0000,+0.0000,+0.0000,+0.000,+0.000,-0.00344,+0.0012,+0.0000,-0.046,2,1,+0.000,-0.003,+0.00000,-0.003,+0.000,+0.006,+0.000,-0.004,+0.000,0,+0.000,+0.000,+0.00000,+0.000,+0.000,+0.000,+0.000,-0.004,+0.000,2,+0.000,+0.000,+0.00000,+0.000,+0.000,+0.000,+0.000,-0.004,+0.000,0,+0.000,+0.000,+0.00000,+0.000,+0.000,-0.001,+0.000,-0.004,+0.000,0,-0.002,+0.000,+0.000,+0.000
DRV,76298,+0.0000,+0.0000,+0.0000,+0.0000,+0.0000,+0.0000,+0.000,+0.000,-0.00344,+0.0009,+0.0000,-0.036,2,1,+0.000,-0.002,+0.00000,-0.002,+0.000,+0.004,+0.000,-0.003,+0.000,2,+0.000,+0.000,-0.00000,+0.000,-0.000,+0.000,+0.000,-0.003,+0.000,2,+0.000,+0.003,+0.00000,+0.003,+0.000,-0.007,+0.000,-0.003,+0.000,0,+0.000,+0.000,+0.00000,+0.000,+0.000,+0.000,+0.000,-0.003,+0.000,2,-0.002,+0.003,+0.000,+0.000
DRV,76302,+0.0000,+0.0000,+0.0000,+0.0000,+0.0000,+0.0000,+0.000,+0.000,-0.00343,+0.0017,+0.0000,-0.067,2,1,+0.000,+0.000,+0.00000,+0.000,+0.000,+0.000,+0.000,-0.005,+0.000,2,+0.000,+0.000,-0.00000,+0.000,-0.000,+0.000,+0.000,-0.005,+0.000,2,+0.000,+0.000,+0.00000,+0.000,+0.000,+0.000,+0.000,-0.005,+0.000,2,+0.000,+0.001,+0.00000,+0.001,+0.000,-0.003,+0.000,-0.005,+0.000,2,+0.001,+0.000,+0.000,+0.000
DRV,76306,+0.0000,+0.0000,+0.0000,+0.0000,+0.0000,+0.0000,+0.000,+0.000,-0.00342,+0.0025,+0.0000,-0.099,2,1,+0.000,+0.000,+0.00000,+0.000,+0.000,+0.000,+0.000,-0.008,+0.000,2,+0.000,+0.000,-0.00000,+0.000,-0.000,+0.000,+0.000,-0.008,+0.000,2,+0.000,+0.000,+0.00000,+0.000,+0.000,+0.000,+0.000,-0.008,+0.000,2,+0.000,+0.000,+0.00000,+0.000,+0.000,+0.000,+0.000,-0.008,+0.000,2,+0.000,+0.000,+0.000,+0.000
DRV,76310,+0.0000,+0.0000,+0.0000,+0.0000,+0.0000,+0.0000,+0.000,+0.000,-0.00341,+0.0025,+0.0000,-0.099,2,1,+0.000,+0.000,+0.00000,+0.000,+0.000,+0.000,+0.000,-0.008,+0.000,2,+0.000,+0.000,-0.00000,+0.000,-0.000,+0.000,+0.000,-0.008,+0.000,2,+0.000,+0.000,+0.00000,+0.000,+0.000,+0.000,+0.000,-0.008,+0.000,2,+0.000,+0.000,+0.00000,+0.000,+0.000,+0.000,+0.000,-0.008,+0.000,2,+0.000,+0.000,+0.000,+0.000
DRV,76314,+0.0000,+0.0000,+0.0000,+0.0000,+0.0000,+0.0000,+0.000,+0.000,-0.00340,+0.0025,+0.0000,-0.099,2,1,+0.000,+0.000,+0.00000,+0.000,+0.000,+0.000,+0.000,-0.008,+0.000,2,+0.000,+0.000,-0.00000,+0.000,-0.000,+0.000,+0.000,-0.008,+0.000,2,+0.000,+0.000,+0.00000,+0.000,+0.000,+0.000,+0.000,-0.008,+0.000,2,+0.000,+0.000,+0.00000,+0.000,+0.000,+0.000,+0.000,-0.008,+0.000,2,+0.000,+0.000,+0.000,+0.000
DRV,76318,+0.0000,+0.0000,+0.0000,+0.0000,+0.0000,+0.0000,+0.000,+0.000,-0.00339,+0.0022,+0.0000,-0.088,2,1,+0.000,+0.000,+0.00000,+0.000,+0.000,+0.000,+0.000,-0.007,+0.000,2,+0.000,+0.000,-0.00000,+0.000,-0.000,+0.000,+0.000,-0.007,+0.000,2,+0.000,+0.000,+0.00000,+0.000,+0.000,+0.000,+0.000,-0.007,+0.000,2,+0.000,+0.000,+0.00000,+0.000,+0.000,+0.000,+0.000,-0.007,+0.000,2,+0.000,+0.000,+0.000,+0.000
DRV,76322,+0.0000,+0.0000,+0.0000,+0.0000,+0.0000,+0.0000,+0.000,+0.000,-0.00338,+0.0019,+0.0000,-0.077,2,1,+0.000,+0.001,+0.00000,+0.001,+0.000,-0.002,+0.000,-0.006,+0.000,2,+0.000,+0.000,-0.00000,+0.000,-0.000,+0.000,+0.000,-0.006,+0.000,0,+0.000,+0.000,+0.00000,+0.000,+0.000,+0.000,+0.000,-0.006,+0.000,2,+0.000,+0.000,+0.00000,+0.000,+0.000,+0.000,+0.000,-0.006,+0.000,2,+0.001,+0.000,+0.000,+0.000
DRV,76326,+0.0000,+0.0000,+0.0000,+0.0000,+0.0000,+0.0000,+0.000,+0.000,-0.00338,+0.0019,+0.0000,-0.077,2,1,+0.000,+0.003,+0.00000,+0.003,+0.000,-0.006,+0.000,-0.006,+0.000,0,+0.000,+0.000,+0.00000,+0.000,+0.000,+0.000,+0.000,-0.006,+0.000,0,+0.000,+0.000,+0.00000,+0.000,+0.000,+0.000,+0.000,-0.006,+0.000,2,+0.000,-0.002,+0.00000,-0.002,+0.000,+0.004,+0.000,-0.006,+0.000,0,+0.001,+0.000,+0.000,+0.000
DRV,76330,+0.0000,+0.0000,+0.0000,+0.0000,+0.0000,+0.0000,+0.000,+0.000,-0.00337,+0.0019,+0.0000,-0.077,2,1,+0.000,+0.000,+0.00000,+0.000,+0.000,+0.000,+0.000,-0.006,+0.000,0,+0.000,+0.000,+0.00000,+0.000,+0.000,+0.000,+0.000,-0.006,+0.000,2,+0.000,+0.000,+0.00000,+0.000,+0.000,+0.000,+0.000,-0.006,+0.000,0,+0.000,-0.002,+0.00000,-0.002,+0.000,+0.004,+0.000,-0.006,+0.000,0,-0.002,+0.000,+0.000,+0.000
DRV,76334,+0.0000,+0.0000,+0.0000,+0.0000,+0.0000,+0.0000,+0.000,+0.000,-0.00336,+0.0016,+0.0000,-0.066,2,1,+0.000,+0.000,+0.00000,+0.000,+0.000,+0.000,+0.000,-0.005,+0.000,0,+0.000,+0.000,+0.00000,+0.000,+0.000,+0.000,+0.000,-0.005,+0.000,2,+0.000,+0.000,+0.00000,+0.000,+0.000,+0.000,+0.000,-0.005,+0.000,0,+0.000,-0.001,+0.00000,-0.001,+0.000,+0.002,+0.000,-0.005,+0.000,0,-0.001,+0.000,+0.000,+0.000
DRV,76338,+0.0000,+0.0000,+0.0000,+0.0000,+0.0000,+0.0000,+0.000,+0.000,-0.00336,+0.0014,+0.0000,-0.055,2,1,+0.000,+0.000,+0.00000,+0.000,+0.000,+0.000,+0.000,-0.004,+0.000,2,+0.000,+0.000,+0.00000,+0.000,+0.000,+0.000,+0.000,-0.004,+0.000,2,+0.000,-0.003,+0.00000,-0.003,+0.000,+0.006,+0.000,-0.004,+0.000,0,+0.000,+0.000,+0.00000,+0.000,+0.000,+0.000,+0.000,-0.004,+0.000,2,+0.000,-0.003,+0.000,+0.000
DRV,76342,+0.0000,+0.0000,+0.0000,+0.0000,+0.0000,+0.0000,+0.000,+0.000,-0.00335,+0.0011,+0.0000,-0.044,2,1,+0.000,+0.000,+0.00000,+0.000,+0.000,+0.000,+0.000,-0.004,+0.000,2,+0.000,+0.000,+0.00000,+0.000,+0.000,+0.000,+0.000,-0.004,+0.000,2,+0.000,+0.000,+0.00000,+0.000,+0.000,+0.000,+0.000,-0.004,+0.000,2,+0.000,+0.000,+0.00000,+0.000,+0.000,+0.000,+0.000,-0.004,+0.000,2,+0.000,+0.000,+0.000,+0.000
DRV,76346,+0.0000,+0.0000,+0.0000,+0.0000,+0.0000,+0.0000,+0.000,+0.000,-0.00335,+0.0008,+0.0000,-0.034,2,1,+0.000,+0.000,+0.00000,+0.000,+0.000,+0.000,+0.000,-0.003,+0.000,2,+0.000,+0.000,+0.00000,+0.000,+0.000,+0.000,+0.000,-0.003,+0.000,2,+0.000,+0.000,+0.00000,+0.000,+0.000,+0.000,+0.000,-0.003,+0.000,2,+0.000,+0.000,+0.00000,+0.000,+0.000,+0.000,+0.000,-0.003,+0.000,2,+0.000,+0.000,+0.000,+0.000
DRV,76350,+0.0000,+0.0000,+0.0000,+0.0000,+0.0000,+0.0000,+0.000,+0.000,-0.00334,+0.0008,+0.0000,-0.034,2,1,+0.000,+0.000,+0.00000,+0.000,+0.000,+0.000,+0.000,-0.003,+0.000,2,+0.000,+0.000,+0.00000,+0.000,+0.000,+0.000,+0.000,-0.003,+0.000,2,+0.000,+0.000,+0.00000,+0.000,+0.000,+0.000,+0.000,-0.003,+0.000,2,+0.000,+0.000,+0.00000,+0.000,+0.000,+0.000,+0.000,-0.003,+0.000,2,+0.000,+0.000,+0.000,+0.000
DRV,76354,+0.0000,+0.0000,+0.0000,+0.0000,+0.0000,+0.0000,+0.000,+0.000,-0.00334,+0.0008,+0.0000,-0.034,2,1,+0.000,+0.000,+0.00000,+0.000,+0.000,+0.000,+0.000,-0.003,+0.000,2,+0.000,+0.000,+0.00000,+0.000,+0.000,+0.000,+0.000,-0.003,+0.000,2,+0.000,+0.000,+0.00000,+0.000,+0.000,+0.000,+0.000,-0.003,+0.000,2,+0.000,+0.000,+0.00000,+0.000,+0.000,+0.000,+0.000,-0.003,+0.000,2,+0.000,+0.000,+0.000,+0.000
DRV,76358,+0.0000,+0.0000,+0.0000,+0.0000,+0.0000,+0.0000,+0.000,+0.000,-0.00334,+0.0011,+0.0000,-0.044,2,1,+0.000,+0.000,+0.00000,+0.000,+0.000,+0.000,+0.000,-0.004,+0.000,2,+0.000,+0.000,-0.00000,+0.000,-0.000,+0.000,+0.000,-0.004,+0.000,0,+0.000,+0.000,+0.00000,+0.000,+0.000,+0.000,+0.000,-0.004,+0.000,2,+0.000,+0.000,+0.00000,+0.000,+0.000,+0.000,+0.000,-0.004,+0.000,2,+0.000,+0.000,+0.000,+0.000
DRV,76362,+0.0000,+0.0000,+0.0000,+0.0000,+0.0000,+0.0000,+0.000,+0.000,-0.00333,+0.0014,+0.0000,-0.055,2,1,+0.000,+0.000,+0.00000,+0.000,+0.000,+0.000,+0.000,-0.004,+0.000,0,+0.000,+0.000,-0.00000,+0.000,-0.000,+0.000,+0.000,-0.004,+0.000,0,+0.000,+0.000,+0.00000,+0.000,+0.000,+0.000,+0.000,-0.004,+0.000,2,+0.000,+0.000,+0.00000,+0.000,+0.000,+0.000,+0.000,-0.004,+0.000,2,+0.000,+0.000,+0.000,+0.000
DRV,76366,+0.0000,+0.0000,+0.0000,+0.0000,+0.0000,+0.0000,+0.000,+0.000,-0.00333,+0.0019,+0.0000,-0.076,2,1,+0.000,+0.000,+0.00000,+0.000,+0.000,+0.000,+0.000,-0.006,+0.000,0,+0.000,+0.000,-0.00000,+0.000,-0.000,+0.000,+0.000,-0.006,+0.000,2,+0.000,+0.000,+0.00000,+0.000,+0.000,+0.000,+0.000,-0.006,+0.000,2,+0.000,+0.000,+0.00000,+0.000,+0.000,+0.000,+0.000,-0.006,+0.000,0,+0.000,+0.000,+0.000,+0.000
DRV,76370,+0.0000,+0.0000,+0.0000,+0.0000,+0.0000,+0.0000,+0.000,+0.000,-0.00332,+0.0024,+0.0000,-0.097,2,1,+0.000,+0.000,+0.00000,+0.000,+0.000,+0.000,+0.000,-0.008,+0.000,2,+0.000,+0.000,-0.00000,+0.000,-0.000,+0.000,+0.000,-0.008,+0.000,2,+0.000,+0.000,+0.00000,+0.000,+0.000,+0.000,+0.000,-0.008,+0.000,0,+0.000,+0.000,+0.00000,+0.000,+0.000,+0.000,+0.000,-0.008,+0.000,0,+0.000,+0.000,+0.000,+0.000
DRV,76374,+0.0000,+0.0000,+0.0000,+0.0000,+0.0000,+0.0000,+0.000,+0.000,-0.00331,+0.0019,+0.0000,-0.076,2,1,+0.000,+0.000,+0.00000,+0.000,+0.000,+0.000,+0.000,-0.006,+0.000,2,+0.000,+0.000,-0.00000,+0.000,-0.000,+0.000,+0.000,-0.006,+0.000,2,+0.000,+0.000,+0.00000,+0.000,+0.000,+0.000,+0.000,-0.006,+0.000,0,+0.000,+0.000,+0.00000,+0.000,+0.000,+0.000,+0.000,-0.006,+0.000,2,+0.000,+0.000,+0.000,+0.000
DRV,76378,+0.0000,+0.0000,+0.0000,+0.0000,+0.0000,+0.0000,+0.000,+0.000,-0.00330,+0.0014,+0.0000,-0.054,2,1,+0.000,+0.000,+0.00000,+0.000,+0.000,+0.000,+0.000,-0.004,+0.000,2,+0.000,+0.000,-0.00000,+0.000,-0.000,+0.000,+0.000,-0.004,+0.000,2,+0.000,+0.000,+0.00000,+0.000,+0.000,+0.000,+0.000,-0.004,+0.000,2,+0.000,+0.000,+0.00000,+0.000,+0.000,+0.000,+0.000,-0.004,+0.000,2,+0.000,+0.000,+0.000,+0.000
DRV,76382,+0.0000,+0.0000,+0.0000,+0.0000,+0.0000,+0.0000,+0.000,+0.000,-0.00330,+0.0019,+0.0000,-0.075,2,1,+0.000,+0.000,+0.00000,+0.000,+0.000,+0.000,+0.000,-0.006,+0.000,2,+0.000,+0.000,-0.00000,+0.000,-0.000,+0.000,+0.000,-0.006,+0.000,2,+0.000,+0.000,+0.00000,+0.000,+0.000,+0.000,+0.000,-0.006,+0.000,2,+0.000,+0.000,+0.00000,+0.000,+0.000,+0.000,+0.000,-0.006,+0.000,2,+0.000,+0.000,+0.000,+0.000
