DRV,16238,+0.0000,+0.0000,+0.0000,+0.0000,+0.0000,+0.0000,+0.000,+0.000,-0.00644,+0.0031,+0.0000,-0.125,+0.000,+0.000,-0.01419,+0.000,-0.355,+0.000,+0.000,-0.010,-0.365,2,+0.000,+0.000,+0.07323,+0.000,+1.831,+0.000,+0.000,-0.010,+1.821,0,+0.000,+0.000,-0.05042,+0.000,-1.261,+0.000,+0.000,-0.010,-1.271,0,+0.000,+0.000,+0.02921,+0.000,+0.730,+0.000,+0.000,-0.010,+0.720,2,+0.000,+0.000,+0.355,+0.550
DRV,16242,+0.0000,+0.0000,+0.0000,+0.0000,+0.0000,+0.0000,+0.000,+0.000,-0.00643,+0.0039,+0.0000,-0.157,+0.000,+0.000,-0.01419,+0.000,-0.355,+0.000,+0.000,-0.013,-0.367,0,+0.000,+0.000,+0.07323,+0.000,+1.831,+0.000,+0.000,-0.013,+1.818,0,+0.000,+0.000,-0.05042,+0.000,-1.261,+0.000,+0.000,-0.013,-1.273,2,+0.000,+0.000,+0.02921,+0.000,+0.730,+0.000,+0.000,-0.013,+0.718,2,+0.000,+0.000,+0.350,+0.545
DRV,16246,+0.0000,+0.0000,+0.0000,+0.0000,+0.0000,+0.0000,+0.000,+0.000,-0.00641,+0.0047,+0.0000,-0.189,+0.000,+0.000,-0.01419,+0.000,-0.355,+0.000,+0.000,-0.015,-0.370,0,+0.000,+0.004,+0.07323,+0.004,+1.831,-0.008,+0.000,-0.015,+1.808,0,+0.000,+0.000,-0.05042,+0.000,-1.261,+0.000,+0.000,-0.015,-1.276,2,+0.000,+0.000,+0.02921,+0.000,+0.730,+0.000,+0.000,-0.015,+0.715,2,+0.000,+0.004,+0.345,+0.532
DRV,16250,+0.0000,+0.0000,+0.0000,+0.0000,+0.0000,+0.0000,+0.000,+0.000,-0.00639,+0.0044,+0.0000,-0.178,+0.000,+0.000,-0.01419,+0.000,-0.355,-0.001,+0.000,-0.014,-0.370,2,+0.000,+0.000,+0.07323,+0.000,+1.831,+0.000,+0.000,-0.014,+1.817,2,+0.000,+0.002,-0.05042,+0.002,-1.261,-0.004,+0.000,-0.014,-1.279,2,+0.000,+0.000,+0.02921,+0.000,+0.730,+0.000,+0.000,-0.014,+0.716,2,+0.000,+0.002,+0.346,+0.538
DRV,16254,+0.0000,+0.0000,+0.0000,+0.0000,+0.0000,+0.0000,+0.000,+0.000,-0.00638,+0.0042,+0.0000,-0.167,+0.000,+0.001,-0.01458,+0.001,-0.364,-0.002,+0.000,-0.013,-0.380,2,+0.000,+0.000,+0.07323,+0.000,+1.831,+0.000,+0.000,-0.013,+1.818,2,+0.000,+0.000,-0.05042,+0.000,-1.261,+0.000,+0.000,-0.013,-1.274,2,+0.000,+0.000,+0.02921,+0.000,+0.730,+0.000,+0.000,-0.013,+0.717,2,+0.001,+0.000,+0.337,+0.544
DRV,16258,+0.0000,+0.0000,+0.0000,+0.0000,+0.0000,+0.0000,+0.000,+0.000,-0.00636,+0.0044,+0.0000,-0.177,+0.000,+0.000,-0.01458,+0.000,-0.364,+0.000,+0.000,-0.014,-0.379,2,+0.000,+0.000,+0.07323,+0.000,+1.831,+0.000,+0.000,-0.014,+1.817,2,+0.000,+0.000,-0.05042,+0.000,-1.261,+0.000,+0.000,-0.014,-1.275,2,+0.000,+0.000,+0.02921,+0.000,+0.730,+0.000,+0.000,-0.014,+0.716,2,+0.000,+0.000,+0.337,+0.542
DRV,16262,+0.0000,+0.0000,+0.0000,+0.0000,+0.0000,+0.0000,+0.000,+0.000,-0.00634,+0.0047,+0.0000,-0.187,+0.000,+0.000,-0.01458,+0.000,-0.364,+0.000,+0.000,-0.015,-0.379,2,+0.000,-0.001,+0.07323,-0.001,+1.831,+0.003,+0.000,-0.015,+1.819,2,+0.000,+0.000,-0.05042,+0.000,-1.261,+0.000,+0.000,-0.015,-1.276,2,+0.000,+0.000,+0.02921,+0.000,+0.730,+0.000,+0.000,-0.015,+0.715,2,+0.000,-0.001,+0.336,+0.543
DRV,16266,+0.0000,+0.0000,+0.0000,+0.0000,+0.0000,+0.0000,+0.000,+0.000,-0.00632,+0.0041,+0.0000,-0.166,+0.000,+0.000,-0.01458,+0.000,-0.364,+0.000,+0.000,-0.013,-0.378,2,+0.000,+0.000,+0.07323,+0.000,+1.831,+0.000,+0.000,-0.013,+1.818,2,+0.000,+0.000,-0.05042,+0.000,-1.261,+0.000,+0.000,-0.013,-1.274,2,+0.000,+0.000,+0.02921,+0.000,+0.730,+0.000,+0.000,-0.013,+0.717,2,+0.000,+0.000,+0.339,+0.544
DRV,16270,+0.0000,+0.0000,+0.0000,+0.0000,+0.0000,+0.0000,+0.000,+0.000,-0.00631,+0.0036,+0.0000,-0.144,+0.000,+0.000,-0.01458,+0.000,-0.364,+0.000,+0.000,-0.012,-0.376,2,+0.000,+0.000,+0.07323,+0.000,+1.831,+0.000,+0.000,-0.012,+1.819,2,+0.000,+0.000,-0.05042,+0.000,-1.261,-0.001,+0.000,-0.012,-1.273,2,+0.000,+0.000,+0.02921,+0.000,+0.730,+0.000,+0.000,-0.012,+0.719,0,+0.000,+0.000,+0.343,+0.546
DRV,16274,+0.0000,+0.0000,+0.0000,+0.0000,+0.0000,+0.0000,+0.000,+0.000,-0.00629,+0.0025,+0.0000,-0.101,+0.000,+0.000,-0.01458,+0.000,-0.364,+0.000,+0.000,-0.008,-0.373,2,+0.000,+0.000,+0.07323,+0.000,+1.831,+0.000,+0.000,-0.008,+1.823,2,+0.000,+0.000,-0.05042,+0.000,-1.261,+0.000,+0.000,-0.008,-1.269,0,+0.000,+0.000,+0.02921,+0.000,+0.730,+0.000,+0.000,-0.008,+0.722,2,+0.000,+0.000,+0.350,+0.554
DRV,16278,+0.0000,+0.0000,+0.0000,+0.0000,+0.0000,+0.0000,+0.000,+0.000,-0.00629,+0.0015,+0.0000,-0.058,+0.000,+0.000,-0.01458,+0.000,-0.364,+0.000,+0.000,-0.005,-0.369,2,+0.000,+0.000,+0.07323,+0.000,+1.831,+0.000,+0.000,-0.005,+1.826,0,+0.000,+0.000,-0.05042,+0.000,-1.261,+0.000,+0.000,-0.005,-1.265,2,+0.000,+0.000,+0.02921,+0.000,+0.730,+0.000,+0.000,-0.005,+0.726,2,+0.000,+0.000,+0.356,+0.561
DRV,16282,+0.0000,+0.0000,+0.0000,+0.0000,+0.0000,+0.0000,+0.000,+0.000,-0.00628,+0.0017,+0.0000,-0.069,+0.000,+0.000,-0.01458,+0.000,-0.364,+0.000,+0.000,-0.006,-0.370,0,+0.000,+0.000,+0.07323,+0.000,+1.831,+0.000,+0.000,-0.006,+1.825,2,+0.000,+0.000,-0.05042,+0.000,-1.261,+0.000,+0.000,-0.006,-1.266,2,+0.000,+0.000,+0.02921,+0.000,+0.730,+0.000,+0.000,-0.006,+0.725,2,+0.000,+0.000,+0.355,+0.559
DRV,16286,+0.0000,+0.0000,+0.0000,+0.0000,+0.0000,+0.0000,+0.000,+0.000,-0.00627,+0.0020,+0.0000,-0.079,+0.000,+0.000,-0.01458,+0.000,-0.364,+0.000,+0.000,-0.006,-0.371,2,+0.000,+0.000,+0.07323,+0.000,+1.831,+0.000,+0.000,-0.006,+1.825,2,+0.000,+0.000,-0.05042,+0.000,-1.261,+0.000,+0.000,-0.006,-1.267,2,+0.000,+0.000,+0.02921,+0.000,+0.730,+0.000,+0.000,-0.006,+0.724,2,+0.000,+0.000,+0.353,+0.558
DRV,16290,+0.0000,+0.0000,+0.0000,+0.0000,+0.0000,+0.0000,+0.000,+0.000,-0.00627,+0.0020,+0.0000,-0.079,+0.000,+0.000,-0.01458,+0.000,-0.364,+0.000,+0.000,-0.006,-0.371,2,+0.000,+0.000,+0.07323,+0.000,+1.831,+0.000,+0.000,-0.006,+1.825,2,+0.000,+0.000,-0.05042,+0.000,-1.261,+0.000,+0.000,-0.006,-1.267,2,+0.000,+0.000,+0.02921,+0.000,+0.730,+0.000,+0.000,-0.006,+0.724,2,+0.000,+0.000,+0.353,+0.558
DRV,16294,+0.0000,+0.0000,+0.0000,+0.0000,+0.0000,+0.0000,+0.000,+0.000,-0.00626,+0.0020,+0.0000,-0.079,+0.000,+0.000,-0.01458,+0.000,-0.364,+0.000,+0.000,-0.006,-0.371,2,+0.000,+0.000,+0.07323,+0.000,+1.831,+0.000,+0.000,-0.006,+1.825,2,+0.000,+0.000,-0.05042,+0.000,-1.261,+0.000,+0.000,-0.006,-1.267,2,+0.000,-0.001,+0.02921,-0.001,+0.730,+0.002,+0.000,-0.006,+0.726,2,-0.001,+0.000,+0.355,+0.558
DRV,16298,+0.0000,+0.0000,+0.0000,+0.0000,+0.0000,+0.0000,+0.000,+0.000,-0.00625,+0.0017,+0.0000,-0.068,+0.000,+0.000,-0.01458,+0.000,-0.364,+0.000,+0.000,-0.005,-0.370,2,+0.000,+0.000,+0.07323,+0.000,+1.831,+0.000,+0.000,-0.005,+1.825,2,+0.000,-0.002,-0.05042,-0.002,-1.261,+0.004,+0.000,-0.005,-1.262,2,+0.000,+0.000,+0.02921,+0.000,+0.730,+0.000,+0.000,-0.005,+0.725,2,+0.000,-0.002,+0.355,+0.563
DRV,16302,+0.0000,+0.0000,+0.0000,+0.0000,+0.0000,+0.0000,+0.000,+0.000,-0.00625,+0.0014,+0.0000,-0.058,+0.000,+0.000,-0.01458,+0.000,-0.364,+0.000,+0.000,-0.005,-0.369,2,+0.000,+0.000,+0.07323,+0.000,+1.831,+0.000,+0.000,-0.005,+1.826,2,+0.000,+0.000,-0.05042,+0.000,-1.261,+0.000,+0.000,-0.005,-1.265,2,+0.000,+0.000,+0.02921,+0.000,+0.730,+0.000,+0.000,-0.005,+0.726,2,+0.000,+0.000,+0.357,+0.561
DRV,16306,+0.0000,+0.0000,+0.0000,+0.0000,+0.0000,+0.0000,+0.000,+0.000,-0.00624,+0.0022,+0.0000,-0.089,+0.000,+0.000,-0.01458,+0.000,-0.364,+0.000,+0.000,-0.007,-0.372,2,+0.000,+0.000,+0.07323,+0.000,+1.831,+0.000,+0.000,-0.007,+1.824,2,+0.000,-0.002,-0.05042,-0.002,-1.261,+0.004,+0.000,-0.007,-1.264,2,+0.000,-0.001,+0.02921,-0.001,+0.730,+0.003,+0.000,-0.007,+0.726,0,-0.001,-0.002,+0.354,+0.560
DRV,16310,+0.0000,+0.0000,+0.0000,+0.
DRV,720898,+0.0000,+0.0000,+0.0000,+0.0000,+0.0000,+0.0000,+0.000,+0.000,+0.00030,-0.2094,+0.0000,+8.374,+0.000,+0.041,-0.10311,+0.041,-2.578,-0.083,+0.000,+0.670,-1.991,0,+0.000,+0.009,+0.09178,+0.009,+2.295,-0.018,+0.000,+0.670,+2.946,0,+0.000,-0.023,-0.08773,-0.023,-2.193,+0.046,+0.000,+0.670,-1.477,2,+0.000,-0.020,+0.09412,-0.020,+2.353,+0.039,+0.000,+0.670,+3.062,0,+0.022,-0.014,+1.071,+1.469
DRV,720902,+0.0000,+0.0000,+0.0000,+0.0000,+0.0000,+0.0000,+0.000,+0.000,-0.00042,-0.1528,+0.0000,+6.112,+0.000,+0.020,-0.10541,+0.020,-2.635,-0.039,+0.000,+0.489,-2.185,0,+0.000,-0.000,+0.09216,-0.000,+2.304,+0.001,+0.000,+0.489,+2.794,2,+0.000,+0.080,-0.08965,+0.080,-2.241,-0.160,+0.000,+0.489,-1.912,0,+0.000,+0.063,+0.09258,+0.063,+2.315,-0.127,+0.000,+0.489,+2.677,0,+0.083,+0.080,+0.491,+0.882
DRV,720906,+0.0000,+0.0000,+0.0000,+0.0000,+0.0000,+0.0000,+0.000,+0.000,-0.00081,-0.0964,+0.0000,+3.857,+0.000,-0.007,-0.10503,-0.007,-2.626,+0.014,+0.000,+0.309,-2.303,2,+0.000,+0.095,+0.09025,+0.095,+2.256,-0.191,+0.000,+0.309,+2.374,2,+0.000,-0.001,-0.09003,-0.001,-2.251,+0.002,+0.000,+0.309,-1.940,0,+0.000,+0.000,+0.09181,+0.000,+2.295,+0.000,+0.000,+0.309,+2.604,2,-0.007,+0.094,+0.301,+0.434
DRV,720910,+0.0000,+0.0000,+0.0000,+0.0000,+0.0000,+0.0000,+0.000,+0.000,-0.00100,-0.0002,+0.0000,+0.007,+0.000,+0.128,-0.10733,+0.128,-2.683,-0.256,+0.000,+0.001,-2.938,2,+0.000,+0.000,+0.08948,+0.000,+2.237,+0.000,+0.000,+0.001,+2.238,2,+0.000,+0.124,-0.09156,+0.124,-2.289,-0.249,+0.000,+0.001,-2.537,2,+0.000,+0.101,+0.09028,+0.101,+2.257,-0.202,+0.000,+0.001,+2.055,2,+0.229,+0.124,-0.883,-0.300
DRV,720914,+0.0000,+0.0000,+0.0000,+0.0000,+0.0000,+0.0000,+0.000,+0.000,-0.00062,+0.0958,+0.0000,-3.831,+0.000,+0.011,-0.10886,+0.011,-2.722,-0.022,+0.000,-0.306,-3.050,2,+0.000,+0.112,+0.08756,+0.112,+2.189,-0.224,+0.000,-0.306,+1.658,2,+0.000,+0.032,-0.09386,+0.032,-2.347,-0.064,+0.000,-0.306,-2.717,2,+0.000,+0.046,+0.08798,+0.046,+2.199,-0.093,+0.000,-0.306,+1.801,2,+0.057,+0.144,-1.249,-1.058
DRV,720918,+0.0000,+0.0000,+0.0000,+0.0000,+0.0000,+0.0000,+0.000,+0.000,-0.00012,+0.1538,+0.0000,-6.154,+0.000,+0.032,-0.10886,+0.032,-2.722,-0.065,+0.000,-0.492,-3.279,2,+0.000,-0.010,+0.08680,-0.010,+2.170,+0.021,+0.000,-0.492,+1.699,2,+0.000,-0.004,-0.09348,-0.004,-2.337,+0.008,+0.000,-0.492,-2.822,2,+0.000,-0.002,+0.08798,-0.002,+2.199,+0.004,+0.000,-0.492,+1.711,2,+0.031,-0.014,-1.568,-1.123
DRV,720922,+0.0000,+0.0000,+0.0000,+0.0000,+0.0000,+0.0000,+0.000,+0.000,+0.00073,+0.2117,+0.0000,-8.470,+0.000,+0.017,-0.11040,+0.017,-2.760,-0.033,+0.000,-0.678,-3.471,2,+0.000,+0.000,+0.08718,+0.000,+2.179,+0.000,+0.000,-0.678,+1.502,2,+0.000,+0.055,-0.09578,+0.055,-2.395,-0.111,+0.000,-0.678,-3.183,2,+0.000,+0.057,+0.08645,+0.057,+2.161,-0.113,+0.000,-0.678,+1.370,2,+0.073,+0.055,-2.101,-1.681
DRV,720926,+0.0000,+0.0000,+0.0000,+0.0000,+0.0000,+0.0000,+0.000,+0.000,+0.00152,+0.1855,+0.0000,-7.420,+0.000,-0.035,-0.10925,-0.035,-2.731,+0.071,+0.000,-0.594,-3.254,2,+0.000,-0.001,+0.08718,-0.001,+2.179,+0.002,+0.000,-0.594,+1.588,2,+0.000,-0.083,-0.09386,-0.083,-2.347,+0.167,+0.000,-0.594,-2.773,2,+0.000,-0.057,+0.08721,-0.057,+2.180,+0.114,+0.000,-0.594,+1.701,2,-0.093,-0.084,-1.553,-1.186
DRV,720930,+0.0000,+0.0000,+0.0000,+0.0000,+0.0000,+0.0000,+0.000,+0.000,+0.00216,+0.1594,+0.0000,-6.374,+0.000,-0.008,-0.10925,-0.008,-2.731,+0.016,+0.000,-0.510,-3.225,2,+0.000,-0.057,+0.08833,-0.057,+2.208,+0.113,+0.000,-0.510,+1.812,0,+0.000,+0.013,-0.09386,+0.013,-2.347,-0.026,+0.000,-0.510,-2.882,2,+0.000,+0.000,+0.08760,+0.000,+2.190,+0.000,+0.000,-0.510,+1.680,2,-0.008,-0.044,-1.545,-1.071
DRV,720934,+0.0000,+0.0000,+0.0000,+0.0000,+0.0000,+0.0000,+0.000,+0.000,+0.00260,+0.0598,+0.0000,-2.392,+0.000,-0.102,-0.10656,-0.102,-2.664,+0.203,+0.000,-0.191,-2.652,0,+0.000,-0.058,+0.08948,-0.058,+2.237,+0.115,+0.000,-0.191,+2.161,0,+0.000,-0.144,-0.09156,-0.144,-2.289,+0.288,+0.000,-0.191,-2.192,2,+0.000,-0.124,+0.08951,-0.124,+2.238,+0.248,+0.000,-0.191,+2.294,0,-0.226,-0.202,-0.358,-0.031
DRV,720938,+0.0000,+0.0000,+0.0000,+0.0000,+0.0000,+0.0000,+0.000,+0.000,+0.00244,-0.0395,+0.0000,+1.578,+0.000,+0.000,-0.10579,+0.000,-2.645,+0.000,+0.000,+0.126,-2.519,0,+0.000,-0.100,+0.09140,-0.100,+2.285,+0.200,+0.000,+0.126,+2.611,2,+0.000,+0.000,-0.09003,+0.000,-2.251,+0.000,+0.000,+0.126,-2.124,0,+0.000,-0.012,+0.09105,-0.012,+2.276,+0.025,+0.000,+0.126,+2.427,0,-0.012,-0.100,-0.091,+0.487
DRV,720942,+0.0000,+0.0000,+0.0000,+0.0000,+0.0000,+0.0000,+0.000,+0.000,+0.00212,-0.1224,+0.0000,+4.895,+0.000,-0.099,-0.10464,-0.099,-2.616,+0.197,+0.000,+0.392,-2.027,2,+0.000,+0.009,+0.09178,+0.009,+2.295,-0.018,+0.000,+0.392,+2.668,2,+0.000,-0.109,-0.08926,-0.109,-2.232,+0.218,+0.000,+0.392,-1.622,0,+0.000,-0.041,+0.09143,-0.041,+2.286,+0.083,+0.000,+0.392,+2.760,2,-0.140,-0.100,+0.733,+1.046
DRV,720946,+0.0000,+0.0000,+0.0000,+0.0000,+0.0000,+0.0000,+0.000,+0.000,+0.00130,-0.2051,+0.0000,+8.203,+0.000,-0.020,-0.10234,-0.020,-2.559,+0.039,+0.000,+0.656,-1.863,2,+0.000,-0.091,+0.09293,-0.091,+2.323,+0.181,+0.000,+0.656,+3.161,2,+0.000,-0.053,-0.08735,-0.053,-2.184,+0.107,+0.000,+0.656,-1.421,2,+0.000,-0.075,+0.09412,-0.075,+2.353,+0.151,+0.000,+0.656,+3.160,2,-0.095,-0.144,+1.296,+1.740
DRV,720950,+0.0000,+0.0000,+0.0000,+0.0000,+0.0000,+0.0000,+0.000,+0.000,+0.00048,-0.2052,+0.0000,+8.207,+0.000,+0.050,-0.10388,+0.050,-2.597,-0.099,+0.000,+0.657,-2.040,2,+0.000,+0.057,+0.09331,+0.057,+2.333,-0.114,+0.000,+0.657,+2.875,2,+0.000,+0.063,-0.08888,+0.063,-2.222,-0.127,+0.000,+0.657,-1.692,2,+0.000,+0.073,+0.09296,+0.073,+2.324,-0.147,+0.000,+0.657,+2.834,2,+0.123,+0.121,+0.794,+1.183
DRV,720954,+0.0000,+0.0000,+0.0000,+0.0000,+0.0000,+0.0000,+0.000,+0.000,-0.00034,-0.2048,+0.0000,+8.191,+0.000,-0.046,-0.10311,-0.046,-2.578,+0.092,+0.000,+0.655,-1.831,2,+0.000,+0.024,+0.09178,+0.024,+2.295,-0.048,+0.000,+0.655,+2.902,2,+0.000,-0.043,-0.08811,-0.043,-2.203,+0.087,+0.000,+0.655,-1.461,2,+0.000,-0.038,+0.09296,-0.038,+2.324,+0.076,+0.000,+0.655,+3.056,2,-0.084,-0.020,+1.225,+1.441
DRV,720958,+0.0000,+0.0000,+0.0000,+0.0000,+0.0000,+0.0000,+0.000,+0.000,-0.00067,-0.0416,+0.0000,+1.665,+0.000,+0.140,-0.10541,+0.140,-2.635,-0.280,+0.000,+0.133,-2.782,2,+0.000,+0.035,+0.09140,+0.035,+2.285,-0.070,+0.000,+0.133,+2.349,2,+0.000,+0.138,-0.09003,+0.138,-2.251,-0.276,+0.000,+0.133,-2.393,2,+0.000,+0.125,+0.09181,+0.125,+2.295,-0.251,+0.000,+0.133,+2.178,2,+0.266,+0.173,-0.605,-0.045
DRV,720962,+0.0000,+0.0000,+0.0000,+0.0000,+0.0000,+0.0000,+0.000,+0.000,-0.00084,-0.0415,+0.0000,+1.662,+0.000,-0.067,-0.10503,-0.067,-2.626,+0.134,+0.000,+0.133,-2.358,2,+0.000,+0.055,+0.08986,+0.055,+2.247,-0.111,+0.000,+0.133,+2.269,2,+0.000,-0.013,-0.09080,-0.013,-2.270,+0.027,+0.000,+0.133,-2.110,2,+0.000,-0.001,+0.09066,-0.001,+2.267,+0.002,+0.000,+0.133,+2.401,2,-0.068,+0.042,+0.043,+0.159
DRV,720966,+0.0000,+0.0000,+0.0000,+0.0000,+0.0000,+0.0000,+0.000,+0.000,-0.00039,+0.1649,+0.0000,-6.596,+0.000,+0.196,-0.10810,+0.196,-2.702,-0.391,+0.000,-0.528,-3.621,2,+0.000,+0.062,+0.08871,+0.062,+2.218,-0.123,+0.000,-0.528,+1.567,2,+0.000,+0.149,-0.09310,+0.149,-2.327,-0.298,+0.000,-0.528,-3.153,2,+0.000,+0.130,+0.08913,+0.130,+2.228,-0.259,+0.000,-0.528,+1.441,2,+0.325,+0.210,-2.180,-1.586
DRV,720970,+0.0000,+0.0000,+0.0000,+0.0000,+0.0000,+0.0000,+0.000,+0.000,+0.00027,+0.1646,+0.0000,-6.582,+0.000,-0.126,-0.10771,-0.126,-2.693,+0.252,+0.000,-0.527,-2.968,2,+0.000,-0.003,+0.08795,-0.003,+2.199,+0.006,+0.000,-0.527,+1.678,0,+0.000,-0.066,-0.09348,-0.066,-2.337,+0.132,+0.000,-0.527,-2.732,2,+0.000,-0.019,+0.08798,-0.019,+2.199,+0.037,+0.000,-0.527,+1.710,0,-0.144,-0.069,-1.258,-1.054
DRV,720974,+0.0000,+0.0000,+0.0000,+0.0000,+0.0000,+0.0000,+0.000,+0.000,+0.00106,+0.2089,+0.0000,-8.356,+0.000,+0.156,-0.10886,+0.156,-2.722,-0.313,+0.000,-0.669,-3.703,0,+0.000,-0.001,+0.08833,-0.001,+2.208,+0.003,+0.000,-0.669,+1.543,2,+0.000,+0.095,-0.09348,+0.095,-2.337,-0.190,+0.000,-0.669,-3.195,0,+0.000,+0.056,+0.08798,+0.056,+2.199,-0.112,+0.000,-0.669,+1.419,0,+0.212,+0.093,-2.283,-1.653
DRV,720978,+0.0000,+0.0000,+0.0000,+0.0000,+0.0000,+0.0000,+0.000,+0.000,+0.00190,+0.2085,+0.0000,-8.340,+0.000,-0.093,-0.10886,-0.093,-2.722,+0.186,+0.000,-0.667,-3.203,2,+0.000,+0.006,+0.08795,+0.006,+2.199,-0.012,+0.000,-0.667,+1.519,2,+0.000,-0.102,-0.09348,-0.102,-2.337,+0.204,+0.000,-0.667,-2.800,0,+0.000,+0.000,+0.08760,+0.000,+2.190,-0.001,+0.000,-0.667,+1.522,2,-0.093,-0.096,-1.681,-1.281
DRV,720982,+0.0000,+0.0000,+0.0000,+0.0000,+0.0000,+0.0000,+0.000,+0.000,+0.00230,+0.0661,+0.0000,-2.643,+0.000,-0.021,-0.10618,-0.021,-2.654,+0.041,+0.000,-0.211,-2.825,2,+0.000,-0.079,+0.08948,-0.079,+2.237,+0.158,+0.000,-0.211,+2.184,2,+0.000,-0.035,-0.09195,-0.035,-2.299,+0.071,+0.000,-0.211,-2.440,2,+0.000,-0.070,+0.08913,-0.070,+2.228,+0.139,+0.000,-0.211,+2.156,2,-0.090,-0.114,-0.669,-0.256
DRV,720986,+0.0000,+0.0000,+0.0000,+0.0000,+0.0000,+0.0000,+0.000,+0.000,+0.00257,+0.0659,+0.0000,-2.638,+0.000,+0.013,-0.10771,+0.013,-2.693,-0.026,+0.000,-0.211,-2.930,2,+0.000,+0.000,+0.09025,+0.000,+2.256,+0.000,+0.000,-0.211,+2.045,2,+0.000,-0.004,-0.09195,-0.004,-2.299,+0.009,+0.000,-0.211,-2.501,2,+0.000,+0.000,+0.08951,+0.000,+2.238,+0.000,+0.000,-0.211,+2.027,2,+0.013,-0.004,-0.903,-0.456
DRV,720990,+0.0000,+0.0000,+0.0000,+0.0000,+0.0000,+0.0000,+0.000,+0.000,+0.00225,-0.1283,+0.0000,+5.132,+0.000,-0.173,-0.10388,-0.173,-2.597,+0.345,+0.000,+0.411,-1.841,2,+0.000,-0.098,+0.09101,-0.098,+2.275,+0.196,+0.000,+0.411,+2.881,2,+0.000,-0.128,-0.08926,-0.128,-2.232,+0.257,+0.000,+0.411,-1.564,2,+0.000,-0.135,+0.09181,-0.135,+2.295,+0.271,+0.000,+0.411,+2.977,2,-0.308,-0.226,+1.136,+1.317
DRV,720994,+0.0000,+0.0000,+0.0000,+0.0000,+0.0000,+0.0000,+0.000,+0.000,+0.00174,-0.1281,+0.0000,+5.122,+0.000,+0.122,-0.10464,+0.122,-2.616,-0.243,+0.000,+0.410,-2.450,2,+0.000,-0.013,+0.09331,-0.013,+2.333,+0.026,+0.000,+0.410,+2.768,2,+0.000,+0.065,-0.08888,+0.065,-2.222,-0.131,+0.000,+0.410,-1.943,2,+0.000,+0.019,+0.09296,+0.019,+2.324,-0.037,+0.000,+0.410,+2.697,2,+0.140,+0.052,+0.247,+0.826
DRV,720998,+0.0000,+0.0000,+0.0000,+0.0000,+0.0000,+0.0000,+0.000,+0.000,+0.00100,-0.2012,+0.0000,+8.048,+0.000,-0.172,-0.10311,-0.172,-2.578,+0.344,+0.000,+0.644,-1.590,2,+0.000,+0.023,+0.09178,+0.023,+2.295,-0.046,+0.000,+0.644,+2.893,2,+0.000,-0.099,-0.08850,-0.099,-2.212,+0.198,+0.000,+0.644,-1.370,2,+0.000,-0.094,+0.09296,-0.094,+2.324,+0.189,+0.000,+0.644,+3.157,2,-0.267,-0.076,+1.567,+1.522
DRV,721002,+0.0000,+0.0000,+0.0000,+0.0000,+0.0000,+0.0000,+0.000,+0.000,+0.00020,-0.2008,+0.0000,+8.032,+0.000,+0.156,-0.10349,+0.156,-2.587,-0.312,+0.000,+0.643,-2.257,2,+0.000,-0.026,+0.09293,-0.026,+2.323,+0.052,+0.000,+0.643,+3.018,0,+0.000,+0.041,-0.08773,+0.041,-2.193,-0.082,+0.000,+0.643,-1.633,2,+0.000,+0.037,+0.09373,+0.037,+2.343,-0.073,+0.000,+0.643,+2.912,2,+0.193,+0.015,+0.656,+1.386
DRV,721006,+0.0000,+0.0000,+0.0000,+0.0000,+0.0000,+0.0000,+0.000,+0.000,-0.00031,-0.1041,+0.0000,+4.165,+0.000,-0.049,-0.10464,-0.049,-2.616,+0.098,+0.000,+0.333,-2.185,2,+0.000,+0.074,+0.09101,+0.074,+2.275,-0.149,+0.000,+0.333,+2.460,0,+0.000,+0.015,-0.08965,+0.015,-2.241,-0.031,+0.000,+0.333,-1.938,2,+0.000,+0.025,+0.09181,+0.025,+2.295,-0.051,+0.000,+0.333,+2.578,2,-0.024,+0.090,+0.393,+0.521
DRV,721010,+0.0000,+0.0000,+0.0000,+0.0000,+0.0000,+0.0000,+0.000,+0.000,-0.00073,-0.1039,+0.0000,+4.157,+0.000,+0.119,-0.10464,+0.119,-2.616,-0.238,+0.000,+0.333,-2.522,0,+0.000,-0.011,+0.09101,-0.011,+2.275,+0.023,+0.000,+0.333,+2.631,0,+0.000,+0.049,-0.08965,+0.049,-2.241,-0.097,+0.000,+0.333,-2.006,2,+0.000,+0.023,+0.09181,+0.023,+2.295,-0.046,+0.000,+0.333,+2.582,0,+0.142,+0.037,+0.060,+0.625
DRV,721014,+0.0000,+0.0000,+0.0000,+0.0000,+0.0000,+0.0000,+0.000,+0.000,-0.00057,+0.0888,+0.0000,-3.553,+0.000,+0.088,-0.10695,+0.088,-2.674,-0.175,+0.000,-0.284,-3.133,0,+0.000,+0.146,+0.08948,+0.146,+2.237,-0.293,+0.000,-0.284,+1.660,2,+0.000,+0.094,-0.09271,+0.094,-2.318,-0.189,+0.000,-0.284,-2.791,0,+0.000,+0.122,+0.08990,+0.122,+2.247,-0.243,+0.000,-0.284,+1.720,0,+0.209,+0.241,-1.413,-1.131
DRV,721018,+0.0000,+0.0000,+0.0000,+0.0000,+0.0000,+0.0000,+0.000,+0.000,-0.00021,+0.0886,+0.0000,-3.545,+0.000,-0.032,-0.10695,-0.032,-2.674,+0.064,+0.000,-0.284,-2.893,2,+0.000,-0.010,+0.08756,-0.010,+2.189,+0.021,+0.000,-0.284,+1.926,2,+0.000,-0.045,-0.09271,-0.045,-2.318,+0.090,+0.000,-0.284,-2.512,2,+0.000,-0.009,+0.08875,-0.009,+2.219,+0.017,+0.000,-0.284,+1.952,2,-0.041,-0.055,-0.941,-0.585
DRV,721022,+0.0000,+0.0000,+0.0000,+0.0000,+0.0000,+0.0000,+0.000,+0.000,+0.00048,+0.2007,+0.0000,-8.027,+0.000,+0.136,-0.10886,+0.136,-2.722,-0.273,+0.000,-0.642,-3.636,2,+0.000,-0.019,+0.08948,-0.019,+2.237,+0.037,+0.000,-0.642,+1.632,2,+0.000,+0.125,-0.09348,+0.125,-2.337,-0.250,+0.000,-0.642,-3.229,2,+0.000,+0.098,+0.08836,+0.098,+2.209,-0.196,+0.000,-0.642,+1.370,2,+0.235,+0.106,-2.266,-1.597
DRV,721026,+0.0000,+0.0000,+0.0000,+0.0000,+0.0000,+0.0000,+0.000,+0.000,+0.00128,+0.2003,+0.0000,-8.011,+0.000,-0.119,-0.10886,-0.119,-2.722,+0.238,+0.000,-0.641,-3.124,2,+0.000,+0.096,+0.08680,+0.096,+2.170,-0.192,+0.000,-0.641,+1.337,2,+0.000,-0.052,-0.09463,-0.052,-2.366,+0.105,+0.000,-0.641,-2.902,2,+0.000,-0.015,+0.08683,-0.015,+2.171,+0.031,+0.000,-0.641,+1.560,2,-0.134,+0.043,-1.564,-1.564
DRV,721030,+0.0000,+0.0000,+0.0000,+0.0000,+0.0000,+0.0000,+0.000,+0.000,+0.00190,+0.1382,+0.0000,-5.527,+0.000,+0.029,-0.10771,+0.029,-2.693,-0.058,+0.000,-0.442,-3.193,2,+0.000,-0.148,+0.08910,-0.148,+2.227,+0.297,+0.000,-0.442,+2.082,2,+0.000,-0.011,-0.09271,-0.011,-2.318,+0.022,+0.000,-0.442,-2.738,2,+0.000,-0.022,+0.08836,-0.022,+2.209,+0.045,+0.000,-0.442,+1.812,2,+0.007,-0.159,-1.381,-0.656
DRV,721034,+0.0000,+0.0000,+0.0000,+0.0000,+0.0000,+0.0000,+0.000,+0.000,+0.00245,+0.1379,+0.0000,-5.516,+0.000,-0.070,-0.10810,-0.070,-2.702,+0.139,+0.000,-0.441,-3.004,2,+0.000,+0.072,+0.08910,+0.072,+2.227,-0.143,+0.000,-0.441,+1.643,2,+0.000,+0.005,-0.09348,+0.005,-2.337,-0.010,+0.000,-0.441,-2.789,2,+0.000,+0.002,+0.08836,+0.002,+2.209,-0.004,+0.000,-0.441,+1.764,2,-0.068,+0.077,-1.241,-1.146
DRV,721038,+0.0000,+0.0000,+0.0000,+0.0000,+0.0000,+0.0000,+0.000,+0.000,+0.00247,-0.0400,+0.0000,+1.600,+0.000,-0.044,-0.10541,-0.044,-2.635,+0.088,+0.000,+0.128,-2.420,2,+0.000,-0.172,+0.09063,-0.172,+2.266,+0.344,+0.000,+0.128,+2.738,2,+0.000,-0.130,-0.09003,-0.130,-2.251,+0.260,+0.000,+0.128,-1.862,2,+0.000,-0.106,+0.09066,-0.106,+2.267,+0.213,+0.000,+0.128,+2.607,2,-0.150,-0.302,+0.188,+0.876
DRV,721042,+0.0000,+0.0000,+0.0000,+0.0000,+0.0000,+0.0000,+0.000,+0.000,+0.00231,-0.0399,+0.0000,+1.597,+0.000,+0.007,-0.10618,+0.007,-2.654,-0.014,+0.000,+0.128,-2.541,2,+0.000,+0.061,+0.09178,+0.061,+2.295,-0.122,+0.000,+0.128,+2.300,0,+0.000,+0.048,-0.09080,+0.048,-2.270,-0.096,+0.000,+0.128,-2.238,2,+0.000,+0.024,+0.09105,+0.024,+2.276,-0.048,+0.000,+0.128,+2.356,2,+0.031,+0.109,-0.185,+0.062
DRV,721046,+0.0000,+0.0000,+0.0000,+0.0000,+0.0000,+0.0000,+0.000,+0.000,+0.00171,-0.1850,+0.0000,+7.401,+0.000,-0.102,-0.10273,-0.102,-2.568,+0.204,+0.000,+0.592,-1.772,0,+0.000,-0.083,+0.09101,-0.083,+2.275,+0.166,+0.000,+0.592,+3.033,0,+0.000,-0.145,-0.08850,-0.145,-2.212,+0.290,+0.000,+0.592,-1.330,2,+0.000,-0.117,+0.09296,-0.117,+2.324,+0.234,+0.000,+0.592,+3.150,0,-0.219,-0.228,+1.378,+1.703
DRV,721050,+0.0000,+0.0000,+0.0000,+0.0000,+0.0000,+0.0000,+0.000,+0.000,+0.00097,-0.1847,+0.0000,+7.386,+0.000,+0.106,-0.10464,+0.106,-2.616,-0.212,+0.000,+0.591,-2.237,0,+0.000,-0.053,+0.09331,-0.053,+2.333,+0.107,+0.000,+0.591,+3.031,2,+0.000,+0.104,-0.08888,+0.104,-2.222,-0.208,+0.000,+0.591,-1.839,0,+0.000,+0.085,+0.09258,+0.085,+2.315,-0.170,+0.000,+0.591,+2.736,0,+0.191,+0.051,+0.499,+1.192
DRV,721054,+0.0000,+0.0000,+0.0000,+0.0000,+0.0000,+0.0000,+0.000,+0.000,+0.00031,-0.1604,+0.0000,+6.414,+0.000,-0.094,-0.10388,-0.094,-2.597,+0.188,+0.000,+0.513,-1.896,2,+0.000,+0.111,+0.09101,+0.111,+2.275,-0.221,+0.000,+0.513,+2.567,2,+0.000,-0.066,-0.08926,-0.066,-2.232,+0.133,+0.000,+0.513,-1.586,0,+0.000,-0.014,+0.09220,-0.014,+2.305,+0.029,+0.000,+0.513,+2.847,2,-0.108,+0.044,+0.951,+0.981
DRV,721058,+0.0000,+0.0000,+0.0000,+0.0000,+0.0000,+0.0000,+0.000,+0.000,-0.00033,-0.1600,+0.0000,+6.402,+0.000,+0.112,-0.10388,+0.112,-2.597,-0.224,+0.000,+0.512,-2.309,2,+0.000,-0.072,+0.09140,-0.072,+2.285,+0.143,+0.000,+0.512,+2.940,2,+0.000,+0.075,-0.08888,+0.075,-2.222,-0.150,+0.000,+0.512,-1.860,2,+0.000,+0.035,+0.09258,+0.035,+2.315,-0.071,+0.000,+0.512,+2.756,2,+0.147,+0.003,+0.447,+1.081
DRV,721062,+0.0000,+0.0000,+0.0000,+0.0000,+0.0000,+0.0000,+0.000,+0.000,-0.00049,+0.0009,+0.0000,-0.036,+0.000,+0.036,-0.10656,+0.036,-2.664,-0.072,+0.000,-0.003,-2.738,2,+0.000,+0.147,+0.09025,+0.147,+2.256,-0.295,+0.000,-0.003,+1.959,2,+0.000,+0.059,-0.09156,+0.059,-2.289,-0.118,+0.000,-0.003,-2.410,2,+0.000,+0.087,+0.09028,+0.087,+2.257,-0.174,+0.000,-0.003,+2.081,2,+0.123,+0.206,-0.658,-0.452
DRV,721066,+0.0000,+0.0000,+0.0000,+0.0000,+0.0000,+0.0000,+0.000,+0.000,-0.00049,+0.0009,+0.0000,-0.036,+0.000,-0.003,-0.10618,-0.003,-2.654,+0.006,+0.000,-0.003,-2.652,2,+0.000,-0.002,+0.08756,-0.002,+2.189,+0.004,+0.000,-0.003,+2.190,2,+0.000,-0.013,-0.09195,-0.013,-2.299,+0.027,+0.000,-0.003,-2.275,2,+0.000,+0.000,+0.08990,+0.000,+2.247,+0.000,+0.000,-0.003,+2.245,2,-0.003,-0.015,-0.407,-0.085
DRV,721070,+0.0000,+0.0000,+0.0000,+0.0000,+0.0000,+0.0000,+0.000,+0.000,+0.00000,+0.1626,+0.0000,-6.503,+0.000,+0.127,-0.10925,+0.127,-2.731,-0.254,+0.000,-0.520,-3.505,2,+0.000,+0.000,+0.08910,+0.000,+2.227,+0.000,+0.000,-0.520,+1.707,2,+0.000,+0.140,-0.09425,+0.140,-2.356,-0.279,+0.000,-0.520,-3.156,2,+0.000,+0.124,+0.08798,+0.124,+2.199,-0.249,+0.000,-0.520,+1.430,2,+0.251,+0.140,-2.075,-1.449
DRV,721074,+0.0000,+0.0000,+0.0000,+0.0000,+0.0000,+0.0000,+0.000,+0.000,+0.00065,+0.1622,+0.0000,-6.490,+0.000,-0.086,-0.10848,-0.086,-2.712,+0.173,+0.000,-0.519,-3.059,2,+0.000,+0.050,+0.08641,+0.050,+2.160,-0.099,+0.000,-0.519,+1.542,2,+0.000,-0.086,-0.09386,-0.086,-2.347,+0.173,+0.000,-0.519,-2.693,2,+0.000,-0.041,+0.08721,-0.041,+2.180,+0.081,+0.000,-0.519,+1.742,2,-0.127,-0.037,-1.316,-1.151
DRV,721078,+0.0000,+0.0000,+0.0000,+0.0000,+0.0000,+0.0000,+0.000,+0.000,+0.00139,+0.1912,+0.0000,-7.647,+0.000,+0.100,-0.10963,+0.100,-2.741,-0.199,+0.000,-0.612,-3.552,2,+0.000,-0.066,+0.08795,-0.066,+2.199,+0.132,+0.000,-0.612,+1.718,2,+0.000,+0.091,-0.09463,+0.091,-2.366,-0.182,+0.000,-0.612,-3.160,2,+0.000,+0.052,+0.08721,+0.052,+2.180,-0.104,+0.000,-0.612,+1.465,2,+0.152,+0.025,-2.087,-1.441
DRV,721082,+0.0000,+0.0000,+0.0000,+0.0000,+0.0000,+0.0000,+0.000,+0.000,+0.00215,+0.1908,+0.0000,-7.631,+0.000,-0.150,-0.10810,-0.150,-2.702,+0.299,+0.000,-0.611,-3.013,2,+0.000,+0.028,+0.08756,+0.028,+2.189,-0.055,+0.000,-0.611,+1.523,0,+0.000,-0.122,-0.09386,-0.122,-2.347,+0.243,+0.000,-0.611,-2.714,2,+0.000,-0.088,+0.08760,-0.088,+2.190,+0.175,+0.000,-0.611,+1.755,0,-0.237,-0.094,-1.259,-1.191
DRV,721086,+0.0000,+0.0000,+0.0000,+0.0000,+0.0000,+0.0000,+0.000,+0.000,+0.00248,+0.0457,+0.0000,-1.830,+0.000,+0.038,-0.10733,+0.038,-2.683,-0.075,+0.000,-0.146,-2.905,0,+0.000,-0.138,+0.08986,-0.138,+2.247,+0.276,+0.000,-0.146,+2.376,0,+0.000,-0.006,-0.09233,-0.006,-2.308,+0.011,+0.000,-0.146,-2.443,0,+0.000,-0.025,+0.08913,-0.025,+2.228,+0.050,+0.000,-0.146,+2.131,0,+0.013,-0.144,-0.774,-0.067
DRV,721090,+0.0000,+0.0000,+0.0000,+0.0000,+0.0000,+0.0000,+0.000,+0.000,+0.00266,+0.0457,+0.0000,-1.826,+0.000,-0.083,-0.10695,-0.083,-2.674,+0.166,+0.000,-0.146,-2.654,2,+0.000,-0.006,+0.09063,-0.006,+2.266,+0.012,+0.000,-0.146,+2.132,2,+0.000,-0.080,-0.09156,-0.080,-2.289,+0.159,+0.000,-0.146,-2.276,0,+0.000,-0.028,+0.08951,-0.028,+2.238,+0.055,+0.000,-0.146,+2.147,2,-0.111,-0.086,-0.507,-0.144
DRV,721094,+0.0000,+0.0000,+0.0000,+0.0000,+0.0000,+0.0000,+0.000,+0.000,+0.00229,-0.1385,+0.0000,+5.538,+0.000,-0.075,-0.10388,-0.075,-2.597,+0.151,+0.000,+0.443,-2.003,2,+0.000,-0.040,+0.09025,-0.040,+2.256,+0.079,+0.000,+0.443,+2.778,2,+0.000,-0.109,-0.08926,-0.109,-2.232,+0.218,+0.000,+0.443,-1.570,2,+0.000,-0.109,+0.09181,-0.109,+2.295,+0.218,+0.000,+0.443,+2.957,2,-0.185,-0.149,+0.954,+1.208
DRV,721098,+0.0000,+0.0000,+0.0000,+0.0000,+0.0000,+0.0000,+0.000,+0.000,+0.00174,-0.1382,+0.0000,+5.527,+0.000,+0.041,-0.10426,+0.041,-2.607,-0.081,+0.000,+0.442,-2.245,2,+0.000,-0.067,+0.09331,-0.067,+2.333,+0.134,+0.000,+0.442,+2.909,2,+0.000,+0.044,-0.08888,+0.044,-2.222,-0.088,+0.000,+0.442,-1.868,2,+0.000,+0.014,+0.09296,+0.014,+2.324,-0.029,+0.000,+0.442,+2.738,2,+0.055,-0.023,+0.492,+1.042
DRV,721102,+0.0000,+0.0000,+0.0000,+0.0000,+0.0000,+0.0000,+0.000,+0.000,+0.00098,-0.2065,+0.0000,+8.260,+0.000,-0.090,-0.10349,-0.090,-2.587,+0.180,+0.000,+0.661,-1.746,2,+0.000,+0.087,+0.09178,+0.087,+2.295,-0.175,+0.000,+0.661,+2.781,2,+0.000,-0.098,-0.08850,-0.098,-2.212,+0.196,+0.000,+0.661,-1.356,2,+0.000,-0.041,+0.09258,-0.041,+2.315,+0.082,+0.000,+0.661,+3.057,2,-0.131,-0.010,+1.311,+1.425
DRV,721106,+0.0000,+0.0000,+0.0000,+0.0000,+0.0000,+0.0000,+0.000,+0.000,+0.00016,-0.2061,+0.0000,+8.244,+0.000,+0.094,-0.10311,+0.094,-2.578,-0.189,+0.000,+0.659,-2.107,2,+0.000,-0.075,+0.09255,-0.075,+2.314,+0.150,+0.000,+0.659,+3.123,2,+0.000,+0.077,-0.08811,+0.077,-2.203,-0.154,+0.000,+0.659,-1.697,2,+0.000,+0.018,+0.09373,+0.018,+2.343,-0.036,+0.000,+0.659,+2.967,2,+0.113,+0.002,+0.859,+1.426
DRV,721110,+0.0000,+0.0000,+0.0000,+0.0000,+0.0000,+0.0000,+0.000,+0.000,-0.00036,-0.1046,+0.0000,+4.185,+0.000,+0.000,-0.10503,+0.000,-2.626,-0.001,+0.000,+0.335,-2.292,2,+0.000,+0.168,+0.09101,+0.168,+2.275,-0.337,+0.000,+0.335,+2.274,2,+0.000,+0.026,-0.08965,+0.026,-2.241,-0.051,+0.000,+0.335,-1.958,2,+0.000,+0.041,+0.09143,+0.041,+2.286,-0.081,+0.000,+0.335,+2.540,2,+0.041,+0.194,+0.248,+0.316
DRV,721114,+0.0000,+0.0000,+0.0000,+0.0000,+0.0000,+0.0000,+0.000,+0.000,-0.00078,-0.1044,+0.0000,+4.177,+0.000,+0.082,-0.10464,+0.082,-2.616,-0.165,+0.000,+0.334,-2.447,2,+0.000,-0.054,+0.08986,-0.054,+2.247,+0.108,+0.000,+0.334,+2.688,2,+0.000,+0.054,-0.09003,+0.054,-2.251,-0.108,+0.000,+0.334,-2.024,2,+0.000,+0.004,+0.09181,+0.004,+2.295,-0.008,+0.000,+0.334,+2.622,2,+0.086,+0.000,+0.175,+0.664
DRV,721118,+0.0000,+0.0000,+0.0000,+0.0000,+0.0000,+0.0000,+0.000,+0.000,-0.00063,+0.0857,+0.0000,-3.426,+0.000,+0.063,-0.10810,+0.063,-2.702,-0.126,+0.000,-0.274,-3.102,0,+0.000,+0.154,+0.08910,+0.154,+2.227,-0.308,+0.000,-0.274,+1.645,0,+0.000,+0.090,-0.09310,+0.090,-2.327,-0.179,+0.000,-0.274,-2.781,2,+0.000,+0.121,+0.08875,+0.121,+2.219,-0.242,+0.000,-0.274,+1.702,2,+0.184,+0.244,-1.400,-1.136
DRV,721122,+0.0000,+0.0000,+0.0000,+0.0000,+0.0000,+0.0000,+0.000,+0.000,-0.00029,+0.0855,+0.0000,-3.419,+0.000,-0.005,-0.10733,-0.005,-2.683,+0.010,+0.000,-0.274,-2.946,0,+0.000,+0.047,+0.08680,+0.047,+2.170,-0.094,+0.000,-0.274,+1.802,0,+0.000,-0.028,-0.09271,-0.028,-2.318,+0.055,+0.000,-0.274,-2.536,2,+0.000,-0.037,+0.08875,-0.037,+2.219,+0.074,+0.000,-0.274,+2.020,0,-0.042,+0.020,-0.927,-0.734
DRV,721126,+0.0000,+0.0000,+0.0000,+0.0000,+0.0000,+0.0000,+0.000,+0.000,+0.00041,+0.2050,+0.0000,-8.199,+0.000,+0.136,-0.10963,+0.136,-2.741,-0.273,+0.000,-0.656,-3.669,0,+0.000,-0.052,+0.08871,-0.052,+2.218,+0.104,+0.000,-0.656,+1.666,2,+0.000,+0.116,-0.09502,+0.116,-2.375,-0.232,+0.000,-0.656,-3.263,0,+0.000,+0.114,+0.08760,+0.114,+2.190,-0.229,+0.000,-0.656,+1.305,2,+0.251,+0.064,-2.364,-1.597
DRV,721130,+0.0000,+0.0000,+0.0000,+0.0000,+0.0000,+0.0000,+0.000,+0.000,+0.00123,+0.2046,+0.0000,-8.182,+0.000,-0.122,-0.10848,-0.122,-2.712,+0.244,+0.000,-0.655,-3.122,2,+0.000,+0.107,+0.08680,+0.107,+2.170,-0.215,+0.000,-0.655,+1.301,2,+0.000,-0.083,-0.09463,-0.083,-2.366,+0.166,+0.000,-0.655,-2.854,2,+0.000,-0.050,+0.08683,-0.050,+2.171,+0.099,+0.000,-0.655,+1.615,2,-0.172,+0.024,-1.507,-1.554
DRV,721134,+0.0000,+0.0000,+0.0000,+0.0000,+0.0000,+0.0000,+0.000,+0.000,+0.00190,+0.1536,+0.0000,-6.145,+0.000,+0.075,-0.10810,+0.075,-2.702,-0.150,+0.000,-0.492,-3.344,2,+0.000,-0.146,+0.08833,-0.146,+2.208,+0.292,+0.000,-0.492,+2.008,2,+0.000,-0.001,-0.09348,-0.001,-2.337,+0.002,+0.000,-0.492,-2.827,2,+0.000,-0.013,+0.08798,-0.013,+2.199,+0.027,+0.000,-0.492,+1.735,2,+0.062,-0.147,-1.609,-0.818
DRV,721138,+0.0000,+0.0000,+0.0000,+0.0000,+0.0000,+0.0000,+0.000,+0.000,+0.00251,+0.1533,+0.0000,-6.133,+0.000,-0.132,-0.10771,-0.132,-2.693,+0.263,+0.000,-0.491,-2.920,2,+0.000,+0.000,+0.09025,+0.000,+2.256,+0.000,+0.000,-0.491,+1.766,2,+0.000,-0.059,-0.09348,-0.059,-2.337,+0.117,+0.000,-0.491,-2.710,2,+0.000,-0.017,+0.08798,-0.017,+2.199,+0.033,+0.000,-0.491,+1.742,2,-0.148,-0.059,-1.178,-0.945
DRV,721142,+0.0000,+0.0000,+0.0000,+0.0000,+0.0000,+0.0000,+0.000,+0.000,+0.00256,-0.0337,+0.0000,+1.346,+0.000,-0.037,-0.10503,-0.037,-2.626,+0.073,+0.000,+0.108,-2.445,2,+0.000,-0.060,+0.08986,-0.060,+2.247,+0.120,+0.000,+0.108,+2.474,2,+0.000,-0.111,-0.09003,-0.111,-2.251,+0.222,+0.000,+0.108,-1.921,2,+0.000,-0.123,+0.09105,-0.123,+2.276,+0.246,+0.000,+0.108,+2.630,2,-0.160,-0.171,+0.185,+0.554
DRV,721146,+0.0000,+0.0000,+0.0000,+0.0000,+0.0000,+0.0000,+0.000,+0.000,+0.00243,-0.0336,+0.0000,+1.344,+0.000,-0.006,-0.10541,-0.006,-2.635,+0.011,+0.000,+0.107,-2.516,2,+0.000,-0.055,+0.09255,-0.055,+2.314,+0.111,+0.000,+0.107,+2.532,2,+0.000,+0.048,-0.09003,+0.048,-2.251,-0.096,+0.000,+0.107,-2.240,2,+0.000,+0.044,+0.09143,+0.044,+2.286,-0.089,+0.000,+0.107,+2.305,2,+0.039,-0.007,-0.212,+0.292
DRV,721150,+0.0000,+0.0000,+0.0000,+0.0000,+0.0000,+0.0000,+0.000,+0.000,+0.00179,-0.2000,+0.0000,+7.999,+0.000,-0.113,-0.10196,-0.113,-2.549,+0.226,+0.000,+0.640,-1.683,2,+0.000,+0.003,+0.09216,+0.003,+2.304,-0.006,+0.000,+0.640,+2.938,2,+0.000,-0.157,-0.08773,-0.157,-2.193,+0.314,+0.000,+0.640,-1.240,2,+0.000,-0.158,+0.09373,-0.158,+2.343,+0.316,+0.000,+0.640,+3.299,2,-0.271,-0.154,+1.616,+1.699
DRV,721154,+0.0000,+0.0000,+0.0000,+0.0000,+0.0000,+0.0000,+0.000,+0.000,+0.00100,-0.1996,+0.0000,+7.984,+0.000,+0.113,-0.10388,+0.113,-2.597,-0.227,+0.000,+0.639,-2.185,2,+0.000,-0.029,+0.09370,-0.029,+2.342,+0.057,+0.000,+0.639,+3.038,0,+0.000,+0.093,-0.08773,+0.093,-2.193,-0.185,+0.000,+0.639,-1.740,2,+0.000,+0.108,+0.09335,+0.108,+2.334,-0.216,+0.000,+0.639,+2.757,2,+0.221,+0.064,+0.572,+1.299
DRV,721158,+0.0000,+0.0000,+0.0000,+0.0000,+0.0000,+0.0000,+0.000,+0.000,+0.00019,-0.2018,+0.0000,+8.074,+0.000,-0.110,-0.10273,-0.110,-2.568,+0.219,+0.000,+0.646,-1.703,0,+0.000,+0.065,+0.09216,+0.065,+2.304,-0.131,+0.000,+0.646,+2.819,0,+0.000,-0.054,-0.08811,-0.054,-2.203,+0.109,+0.000,+0.646,-1.448,2,+0.000,-0.080,+0.09335,-0.080,+2.334,+0.160,+0.000,+0.646,+3.140,0,-0.190,+0.011,+1.437,+1.371
DRV,721162,+0.0000,+0.0000,+0.0000,+0.0000,+0.0000,+0.0000,+0.000,+0.000,-0.00045,-0.1182,+0.0000,+4.727,+0.000,+0.183,-0.10464,+0.183,-2.616,-0.365,+0.000,+0.378,-2.603,0,+0.000,+0.005,+0.09178,+0.005,+2.295,-0.010,+0.000,+0.378,+2.662,2,+0.000,+0.112,-0.08888,+0.112,-2.222,-0.224,+0.000,+0.378,-2.068,0,+0.000,+0.123,+0.09258,+0.123,+2.315,-0.246,+0.000,+0.378,+2.447,0,+0.306,+0.117,-0.157,+0.594
DRV,721166,+0.0000,+0.0000,+0.0000,+0.0000,+0.0000,+0.0000,+0.000,+0.000,-0.00059,-0.0347,+0.0000,+1.390,+0.000,+0.003,-0.10579,+0.003,-2.645,-0.007,+0.000,+0.111,-2.540,2,+0.000,+0.076,+0.09063,+0.076,+2.266,-0.153,+0.000,+0.111,+2.224,2,+0.000,+0.057,-0.09041,+0.057,-2.260,-0.113,+0.000,+0.111,-2.263,0,+0.000,+0.028,+0.09105,+0.028,+2.276,-0.055,+0.000,+0.111,+2.332,2,+0.031,+0.133,-0.208,-0.038
DRV,721170,+0.0000,+0.0000,+0.0000,+0.0000,+0.0000,+0.0000,+0.000,+0.000,-0.00053,+0.0648,+0.0000,-2.593,+0.000,+0.062,-0.10503,+0.062,-2.626,-0.124,+0.000,-0.207,-2.957,2,+0.000,+0.026,+0.08948,+0.026,+2.237,-0.052,+0.000,-0.207,+1.977,2,+0.000,+0.005,-0.09041,+0.005,-2.260,-0.010,+0.000,-0.207,-2.478,2,+0.000,+0.019,+0.09105,+0.019,+2.276,-0.037,+0.000,-0.207,+2.032,2,+0.081,+0.031,-0.926,-0.501
DRV,721174,+0.0000,+0.0000,+0.0000,+0.0000,+0.0000,+0.0000,+0.000,+0.000,+0.00013,+0.1641,+0.0000,-6.564,+0.000,+0.088,-0.10925,+0.088,-2.731,-0.176,+0.000,-0.525,-3.433,2,+0.000,+0.070,+0.08833,+0.070,+2.208,-0.139,+0.000,-0.525,+1.544,2,+0.000,+0.125,-0.09386,+0.125,-2.347,-0.250,+0.000,-0.525,-3.122,2,+0.000,+0.101,+0.08798,+0.101,+2.199,-0.201,+0.000,-0.525,+1.473,2,+0.189,+0.195,-1.960,-1.578
DRV,721178,+0.0000,+0.0000,+0.0000,+0.0000,+0.0000,+0.0000,+0.000,+0.000,+0.00083,+0.1859,+0.0000,-7.434,+0.000,-0.093,-0.10695,-0.093,-2.674,+0.185,+0.000,-0.595,-3.083,2,+0.000,-0.017,+0.08795,-0.017,+2.199,+0.034,+0.000,-0.595,+1.638,2,+0.000,-0.090,-0.09310,-0.090,-2.327,+0.179,+0.000,-0.595,-2.743,2,+0.000,-0.063,+0.08875,-0.063,+2.219,+0.126,+0.000,-0.595,+1.750,2,-0.155,-0.107,-1.334,-1.105
DRV,721182,+0.0000,+0.0000,+0.0000,+0.0000,+0.0000,+0.0000,+0.000,+0.000,+0.00166,+0.2075,+0.0000,-8.302,+0.000,+0.103,-0.10963,+0.103,-2.741,-0.205,+0.000,-0.664,-3.610,2,+0.000,+0.012,+0.08795,+0.012,+2.199,-0.025,+0.000,-0.664,+1.510,2,+0.000,+0.103,-0.09386,+0.103,-2.347,-0.207,+0.000,-0.664,-3.218,2,+0.000,+0.083,+0.08760,+0.083,+2.190,-0.166,+0.000,-0.664,+1.360,2,+0.185,+0.116,-2.250,-1.708
DRV,721186,+0.0000,+0.0000,+0.0000,+0.0000,+0.0000,+0.0000,+0.000,+0.000,+0.00236,+0.1417,+0.0000,-5.667,+0.000,-0.123,-0.10733,-0.123,-2.683,+0.245,+0.000,-0.453,-2.892,2,+0.000,-0.052,+0.08833,-0.052,+2.208,+0.104,+0.000,-0.453,+1.859,2,+0.000,-0.140,-0.09271,-0.140,-2.318,+0.280,+0.000,-0.453,-2.491,2,+0.000,-0.094,+0.08836,-0.094,+2.209,+0.189,+0.000,-0.453,+1.945,2,-0.217,-0.192,-0.947,-0.632
DRV,721190,+0.0000,+0.0000,+0.0000,+0.0000,+0.0000,+0.0000,+0.000,+0.000,+0.00266,+0.0760,+0.0000,-3.041,+0.000,+0.055,-0.10771,+0.055,-2.693,-0.110,+0.000,-0.243,-3.046,2,+0.000,-0.021,+0.08948,-0.021,+2.237,+0.043,+0.000,-0.243,+2.037,0,+0.000,+0.040,-0.09195,+0.040,-2.299,-0.079,+0.000,-0.243,-2.621,2,+0.000,+0.000,+0.08951,+0.000,+2.238,+0.000,+0.000,-0.243,+1.995,2,+0.055,+0.018,-1.051,-0.584
DRV,721194,+0.0000,+0.0000,+0.0000,+0.0000,+0.0000,+0.0000,+0.000,+0.000,+0.00277,-0.0231,+0.0000,+0.924,+0.000,-0.165,-0.10503,-0.165,-2.626,+0.329,+0.000,+0.074,-2.223,2,+0.000,-0.057,+0.08986,-0.057,+2.247,+0.114,+0.000,+0.074,+2.435,0,+0.000,-0.139,-0.09118,-0.139,-2.280,+0.278,+0.000,+0.074,-1.928,2,+0.000,-0.105,+0.09066,-0.105,+2.267,+0.210,+0.000,+0.074,+2.550,0,-0.269,-0.196,+0.328,+0.507
DRV,721198,+0.0000,+0.0000,+0.0000,+0.0000,+0.0000,+0.0000,+0.000,+0.000,+0.00228,-0.1219,+0.0000,+4.877,+0.000,+0.067,-0.10464,+0.067,-2.616,-0.134,+0.000,+0.390,-2.359,0,+0.000,-0.062,+0.09255,-0.062,+2.314,+0.124,+0.000,+0.390,+2.828,0,+0.000,-0.003,-0.08850,-0.003,-2.212,+0.006,+0.000,+0.390,-1.816,0,+0.000,-0.006,+0.09258,-0.006,+2.315,+0.011,+0.000,+0.390,+2.716,0,+0.061,-0.065,+0.357,+1.011
DRV,721202,+0.0000,+0.0000,+0.0000,+0.0000,+0.0000,+0.0000,+0.000,+0.000,+0.00171,-0.1611,+0.0000,+6.443,+0.000,-0.052,-0.10503,-0.052,-2.626,+0.104,+0.000,+0.515,-2.006,2,+0.000,+0.061,+0.09178,+0.061,+2.295,-0.121,+0.000,+0.515,+2.689,2,+0.000,-0.036,-0.08926,-0.036,-2.232,+0.072,+0.000,+0.515,-1.644,0,+0.000,+0.018,+0.09181,+0.018,+2.295,-0.036,+0.000,+0.515,+2.775,2,-0.034,+0.024,+0.768,+1.045
DRV,721206,+0.0000,+0.0000,+0.0000,+0.0000,+0.0000,+0.0000,+0.000,+0.000,+0.00091,-0.2001,+0.0000,+8.003,+0.000,-0.029,-0.10273,-0.029,-2.568,+0.058,+0.000,+0.640,-1.870,2,+0.000,-0.065,+0.09216,-0.065,+2.304,+0.131,+0.000,+0.640,+3.075,2,+0.000,-0.060,-0.08773,-0.060,-2.193,+0.120,+0.000,+0.640,-1.433,2,+0.000,-0.069,+0.09373,-0.069,+2.343,+0.137,+0.000,+0.640,+3.121,2,-0.098,-0.125,+1.251,+1.642
DRV,721210,+0.0000,+0.0000,+0.0000,+0.0000,+0.0000,+0.0000,+0.000,+0.000,+0.00021,-0.1491,+0.0000,+5.965,+0.000,+0.075,-0.10464,+0.075,-2.616,-0.150,+0.000,+0.477,-2.289,2,+0.000,+0.082,+0.09216,+0.082,+2.304,-0.163,+0.000,+0.477,+2.618,2,+0.000,+0.091,-0.08926,+0.091,-2.232,-0.182,+0.000,+0.477,-1.937,2,+0.000,+0.100,+0.09258,+0.100,+2.315,-0.200,+0.000,+0.477,+2.591,2,+0.175,+0.173,+0.303,+0.682
DRV,721214,+0.0000,+0.0000,+0.0000,+0.0000,+0.0000,+0.0000,+0.000,+0.000,-0.00018,-0.0983,+0.0000,+3.933,+0.000,-0.032,-0.10426,-0.032,-2.607,+0.065,+0.000,+0.315,-2.227,2,+0.000,+0.027,+0.09025,+0.027,+2.256,-0.053,+0.000,+0.315,+2.517,2,+0.000,-0.016,-0.08965,-0.016,-2.241,+0.032,+0.000,+0.315,-1.894,2,+0.000,+0.000,+0.09143,+0.000,+2.286,+0.000,+0.000,+0.315,+2.600,2,-0.032,+0.010,+0.373,+0.623
DRV,721218,+0.0000,+0.0000,+0.0000,+0.0000,+0.0000,+0.0000,+0.000,+0.000,-0.00039,-0.0071,+0.0000,+0.286,+0.000,+0.139,-0.10618,+0.139,-2.654,-0.278,+0.000,+0.023,-2.909,2,+0.000,-0.009,+0.09063,-0.009,+2.266,+0.018,+0.000,+0.023,+2.307,2,+0.000,+0.117,-0.09080,+0.117,-2.270,-0.235,+0.000,+0.023,-2.482,2,+0.000,+0.102,+0.09105,+0.102,+2.276,-0.204,+0.000,+0.023,+2.095,2,+0.241,+0.108,-0.814,-0.175
DRV,721222,+0.0000,+0.0000,+0.0000,+0.0000,+0.0000,+0.0000,+0.000,+0.000,-0.00005,+0.0838,+0.0000,-3.351,+0.000,-0.032,-0.10733,-0.032,-2.683,+0.065,+0.000,-0.268,-2.886,2,+0.000,+0.105,+0.08795,+0.105,+2.199,-0.211,+0.000,-0.268,+1.720,2,+0.000,+0.008,-0.09271,+0.008,-2.318,-0.016,+0.000,-0.268,-2.602,2,+0.000,+0.020,+0.08875,+0.020,+2.219,-0.039,+0.000,-0.268,+1.912,2,-0.013,+0.113,-0.975,-0.882
DRV,721226,+0.0000,+0.0000,+0.0000,+0.0000,+0.0000,+0.0000,+0.000,+0.000,+0.00039,+0.1373,+0.0000,-5.494,+0.000,+0.111,-0.10771,+0.111,-2.693,-0.222,+0.000,-0.439,-3.355,2,+0.000,-0.076,+0.08871,-0.076,+2.218,+0.152,+0.000,-0.439,+1.930,2,+0.000,+0.038,-0.09271,+0.038,-2.318,-0.075,+0.000,-0.439,-2.833,2,+0.000,+0.025,+0.08913,+0.025,+2.228,-0.051,+0.000,-0.439,+1.738,2,+0.136,-0.038,-1.616,-0.903
DRV,721230,+0.0000,+0.0000,+0.0000,+0.0000,+0.0000,+0.0000,+0.000,+0.000,+0.00115,+0.1908,+0.0000,-7.630,+0.000,-0.043,-0.10886,-0.043,-2.722,+0.086,+0.000,-0.610,-3.246,0,+0.000,+0.106,+0.08833,+0.106,+2.208,-0.212,+0.000,-0.610,+1.386,0,+0.000,+0.012,-0.09463,+0.012,-2.366,-0.024,+0.000,-0.610,-3.000,2,+0.000,+0.030,+0.08721,+0.030,+2.180,-0.059,+0.000,-0.610,+1.511,0,-0.013,+0.118,-1.735,-1.614
DRV,721234,+0.0000,+0.0000,+0.0000,+0.0000,+0.0000,+0.0000,+0.000,+0.000,+0.00184,+0.1542,+0.0000,-6.168,+0.000,+0.001,-0.10733,+0.001,-2.683,-0.002,+0.000,-0.493,-3.179,0,+0.000,-0.069,+0.08756,-0.069,+2.189,+0.138,+0.000,-0.493,+1.834,2,+0.000,-0.038,-0.09271,-0.038,-2.318,+0.076,+0.000,-0.493,-2.735,2,+0.000,-0.045,+0.08836,-0.045,+2.209,+0.090,+0.000,-0.493,+1.805,0,-0.044,-0.107,-1.373,-0.901
DRV,721238,+0.0000,+0.0000,+0.0000,+0.0000,+0.0000,+0.0000,+0.000,+0.000,+0.00231,+0.1177,+0.0000,-4.709,+0.000,+0.016,-0.10848,+0.016,-2.712,-0.031,+0.000,-0.377,-3.120,0,+0.000,-0.037,+0.08986,-0.037,+2.247,+0.074,+0.000,-0.377,+1.944,2,+0.000,+0.004,-0.09310,+0.004,-2.327,-0.009,+0.000,-0.377,-2.713,0,+0.000,+0.032,+0.08836,+0.032,+2.209,-0.064,+0.000,-0.377,+1.768,2,+0.048,-0.033,-1.352,-0.769
DRV,721242,+0.0000,+0.0000,+0.0000,+0.0000,+0.0000,+0.0000,+0.000,+0.000,+0.00261,+0.0310,+0.0000,-1.241,+0.000,-0.115,-0.10579,-0.115,-2.645,+0.230,+0.000,-0.099,-2.514,2,+0.000,+0.037,+0.08871,+0.037,+2.218,-0.073,+0.000,-0.099,+2.045,2,+0.000,-0.118,-0.09156,-0.118,-2.289,+0.237,+0.000,-0.099,-2.152,2,+0.000,-0.115,+0.08990,-0.115,+2.247,+0.230,+0.000,-0.099,+2.378,2,-0.230,-0.082,-0.136,-0.107
DRV,721246,+0.0000,+0.0000,+0.0000,+0.0000,+0.0000,+0.0000,+0.000,+0.000,+0.00239,-0.0554,+0.0000,+2.216,+0.000,+0.009,-0.10541,+0.009,-2.635,-0.018,+0.000,+0.177,-2.476,2,+0.000,-0.176,+0.09178,-0.176,+2.295,+0.352,+0.000,+0.177,+2.824,2,+0.000,-0.008,-0.09003,-0.008,-2.251,+0.015,+0.000,+0.177,-2.058,2,+0.000,-0.017,+0.09181,-0.017,+2.295,+0.033,+0.000,+0.177,+2.506,2,-0.008,-0.184,+0.030,+0.766
DRV,721250,+0.0000,+0.0000,+0.0000,+0.0000,+0.0000,+0.0000,+0.000,+0.000,+0.00204,-0.1184,+0.0000,+4.734,+0.000,-0.090,-0.10464,-0.090,-2.616,+0.179,+0.000,+0.379,-2.058,2,+0.000,+0.128,+0.09178,+0.128,+2.295,-0.257,+0.000,+0.379,+2.417,2,+0.000,-0.054,-0.08965,-0.054,-2.241,+0.108,+0.000,+0.379,-1.755,2,+0.000,-0.007,+0.09143,-0.007,+2.286,+0.014,+0.000,+0.379,+2.679,2,-0.097,+0.074,+0.621,+0.662
DRV,721254,+0.0000,+0.0000,+0.0000,+0.0000,+0.0000,+0.0000,+0.000,+0.000,+0.00131,-0.1811,+0.0000,+7.244,+0.000,+0.005,-0.10311,+0.005,-2.578,-0.010,+0.000,+0.580,-2.008,2,+0.000,-0.135,+0.09178,-0.135,+2.295,+0.270,+0.000,+0.580,+3.144,2,+0.000,-0.048,-0.08773,-0.048,-2.193,+0.095,+0.000,+0.580,-1.518,2,+0.000,-0.071,+0.09373,-0.071,+2.343,+0.142,+0.000,+0.580,+3.065,2,-0.066,-0.183,+1.057,+1.626
DRV,721258,+0.0000,+0.0000,+0.0000,+0.0000,+0.0000,+0.0000,+0.000,+0.000,+0.00062,-0.1658,+0.0000,+6.634,+0.000,+0.001,-0.10426,+0.001,-2.607,-0.002,+0.000,+0.531,-2.078,2,+0.000,+0.093,+0.09255,+0.093,+2.314,-0.185,+0.000,+0.531,+2.659,2,+0.000,+0.060,-0.08888,+0.060,-2.222,-0.120,+0.000,+0.531,-1.811,2,+0.000,+0.070,+0.09296,+0.070,+2.324,-0.139,+0.000,+0.531,+2.716,2,+0.071,+0.153,+0.638,+0.848
DRV,721262,+0.0000,+0.0000,+0.0000,+0.0000,+0.0000,+0.0000,+0.000,+0.000,+0.00002,-0.1506,+0.0000,+6.025,+0.000,+0.000,-0.10349,+0.000,-2.587,+0.000,+0.000,+0.482,-2.105,2,+0.000,+0.008,+0.09025,+0.008,+2.256,-0.015,+0.000,+0.482,+2.723,2,+0.000,-0.033,-0.08850,-0.033,-2.212,+0.066,+0.000,+0.482,-1.665,2,+0.000,-0.032,+0.09296,-0.032,+2.324,+0.065,+0.000,+0.482,+2.871,2,-0.032,-0.025,+0.766,+1.058
DRV,721266,+0.0000,+0.0000,+0.0000,+0.0000,+0.0000,+0.0000,+0.000,+0.000,-0.00043,-0.0713,+0.0000,+2.852,+0.000,+0.076,-0.10579,+0.076,-2.645,-0.153,+0.000,+0.228,-2.569,2,+0.000,+0.011,+0.09140,+0.011,+2.285,-0.023,+0.000,+0.228,+2.490,0,+0.000,+0.124,-0.09041,+0.124,-2.260,-0.247,+0.000,+0.228,-2.279,2,+0.000,+0.112,+0.09143,+0.112,+2.286,-0.223,+0.000,+0.228,+2.291,2,+0.188,+0.135,-0.278,+0.211
DRV,721270,+0.0000,+0.0000,+0.0000,+0.0000,+0.0000,+0.0000,+0.000,+0.000,-0.00039,+0.0078,+0.0000,-0.311,+0.000,+0.000,-0.10618,+0.000,-2.654,+0.000,+0.000,-0.025,-2.679,0,+0.000,+0.091,+0.08795,+0.091,+2.199,-0.181,+0.000,-0.025,+1.993,0,+0.000,+0.000,-0.09118,+0.000,-2.280,+0.000,+0.000,-0.025,-2.304,2,+0.000,+0.001,+0.09028,+0.001,+2.257,-0.003,+0.000,-0.025,+2.229,0,+0.001,+0.091,-0.450,-0.312
DRV,721274,+0.0000,+0.0000,+0.0000,+0.0000,+0.0000,+0.0000,+0.000,+0.000,-0.00021,+0.0844,+0.0000,-3.375,+0.000,+0.100,-0.10810,+0.100,-2.702,-0.200,+0.000,-0.270,-3.173,0,+0.000,-0.107,+0.08910,-0.107,+2.227,+0.214,+0.000,-0.270,+2.171,2,+0.000,+0.121,-0.09233,+0.121,-2.308,-0.241,+0.000,-0.270,-2.820,0,+0.000,+0.020,+0.09028,+0.020,+2.257,-0.039,+0.000,-0.270,+1.948,0,+0.120,+0.014,-1.225,-0.649
DRV,721278,+0.0000,+0.0000,+0.0000,+0.0000,+0.0000,+0.0000,+0.000,+0.000,+0.00043,+0.1608,+0.0000,-6.430,+0.000,+0.009,-0.10886,+0.009,-2.722,-0.018,+0.000,-0.514,-3.254,2,+0.000,+0.153,+0.08795,+0.153,+2.199,-0.305,+0.000,-0.514,+1.379,2,+0.000,+0.040,-0.09425,+0.040,-2.356,-0.079,+0.000,-0.514,-2.950,0,+0.000,+0.085,+0.08760,+0.085,+2.190,-0.170,+0.000,-0.514,+1.506,2,+0.094,+0.192,-1.748,-1.571
DRV,721282,+0.0000,+0.0000,+0.0000,+0.0000,+0.0000,+0.0000,+0.000,+0.000,+0.00109,+0.1666,+0.0000,-6.662,+0.000,-0.011,-0.10810,-0.011,-2.702,+0.022,+0.000,-0.533,-3.213,2,+0.000,-0.070,+0.08680,-0.070,+2.170,+0.140,+0.000,-0.533,+1.777,2,+0.000,-0.048,-0.09271,-0.048,-2.318,+0.095,+0.000,-0.533,-2.755,2,+0.000,-0.062,+0.08836,-0.062,+2.209,+0.124,+0.000,-0.533,+1.800,2,-0.073,-0.118,-1.413,-0.978
DRV,721286,+0.0000,+0.0000,+0.0000,+0.0000,+0.0000,+0.0000,+0.000,+0.000,+0.00178,+0.1723,+0.0000,-6.893,+0.000,+0.018,-0.10925,+0.018,-2.731,-0.035,+0.000,-0.551,-3.318,2,+0.000,-0.041,+0.08948,-0.041,+2.237,+0.082,+0.000,-0.551,+1.768,2,+0.000,+0.061,-0.09386,+0.061,-2.347,-0.121,+0.000,-0.551,-3.019,2,+0.000,+0.062,+0.08798,+0.062,+2.199,-0.123,+0.000,-0.551,+1.525,2,+0.079,+0.020,-1.793,-1.252
DRV,721290,+0.0000,+0.0000,+0.0000,+0.0000,+0.0000,+0.0000,+0.000,+0.000,+0.00233,+0.1047,+0.0000,-4.187,+0.000,-0.105,-0.10733,-0.105,-2.683,+0.211,+0.000,-0.335,-2.807,2,+0.000,+0.046,+0.08795,+0.046,+2.199,-0.092,+0.000,-0.335,+1.772,2,+0.000,-0.127,-0.09233,-0.127,-2.308,+0.255,+0.000,-0.335,-2.389,2,+0.000,-0.117,+0.08875,-0.117,+2.219,+0.234,+0.000,-0.335,+2.117,2,-0.222,-0.082,-0.690,-0.616
DRV,721294,+0.0000,+0.0000,+0.0000,+0.0000,+0.0000,+0.0000,+0.000,+0.000,+0.00248,+0.0372,+0.0000,-1.489,+0.000,+0.019,-0.10695,+0.019,-2.674,-0.037,+0.000,-0.119,-2.830,2,+0.000,-0.143,+0.09101,-0.143,+2.275,+0.285,+0.000,-0.119,+2.441,2,+0.000,+0.033,-0.09118,+0.033,-2.280,-0.066,+0.000,-0.119,-2.464,2,+0.000,-0.001,+0.09028,-0.001,+2.257,+0.003,+0.000,-0.119,+2.141,2,+0.017,-0.110,-0.689,-0.023
DRV,721298,+0.0000,+0.0000,+0.0000,+0.0000,+0.0000,+0.0000,+0.000,+0.000,+0.00246,-0.0496,+0.0000,+1.983,+0.000,-0.145,-0.10503,-0.145,-2.626,+0.291,+0.000,+0.159,-2.176,2,+0.000,+0.061,+0.09063,+0.061,+2.266,-0.122,+0.000,+0.159,+2.302,2,+0.000,-0.127,-0.09041,-0.127,-2.260,+0.255,+0.000,+0.159,-1.847,2,+0.000,-0.102,+0.09105,-0.102,+2.276,+0.204,+0.000,+0.159,+2.639,2,-0.247,-0.066,+0.463,+0.455
DRV,721302,+0.0000,+0.0000,+0.0000,+0.0000,+0.0000,+0.0000,+0.000,+0.000,+0.00191,-0.1361,+0.0000,+5.445,+0.000,+0.047,-0.10426,+0.047,-2.607,-0.093,+0.000,+0.436,-2.264,2,+0.000,-0.128,+0.09216,-0.128,+2.304,+0.256,+0.000,+0.436,+2.995,0,+0.000,-0.001,-0.08811,-0.001,-2.203,+0.003,+0.000,+0.436,-1.764,2,+0.000,-0.011,+0.09296,-0.011,+2.324,+0.023,+0.000,+0.436,+2.783,2,+0.035,-0.129,+0.518,+1.231
DRV,721306,+0.0000,+0.0000,+0.0000,+0.0000,+0.0000,+0.0000,+0.000,+0.000,+0.00132,-0.1609,+0.0000,+6.435,+0.000,-0.099,-0.10388,-0.099,-2.597,+0.198,+0.000,+0.515,-1.884,0,+0.000,+0.080,+0.09216,+0.080,+2.304,-0.160,+0.000,+0.515,+2.659,0,+0.000,-0.006,-0.08926,-0.006,-2.232,+0.011,+0.000,+0.515,-1.705,2,+0.000,-0.010,+0.09220,-0.010,+2.305,+0.021,+0.000,+0.515,+2.841,0,-0.110,+0.074,+0.957,+0.953
DRV,721310,+0.0000,+0.0000,+0.0000,+0.0000,+0.0000,+0.0000,+0.000,+0.000,+0.00057,-0.1855,+0.0000,+7.421,+0.000,+0.081,-0.10349,+0.081,-2.587,-0.162,+0.000,+0.594,-2.156,0,+0.000,+0.005,+0.09140,+0.005,+2.285,-0.010,+0.000,+0.594,+2.868,2,+0.000,-0.010,-0.08773,-0.010,-2.193,+0.019,+0.000,+0.594,-1.580,0,+0.000,-0.016,+0.09373,-0.016,+2.343,+0.032,+0.000,+0.594,+2.969,0,+0.065,-0.004,+0.814,+1.288
DRV,721314,+0.0000,+0.0000,+0.0000,+0.0000,+0.0000,+0.0000,+0.000,+0.000,-0.00006,-0.1314,+0.0000,+5.257,+0.000,+0.042,-0.10503,+0.042,-2.626,-0.085,+0.000,+0.421,-2.290,2,+0.000,-0.003,+0.09255,-0.003,+2.314,+0.006,+0.000,+0.421,+2.740,2,+0.000,+0.058,-0.08965,+0.058,-2.241,-0.116,+0.000,+0.421,-1.937,0,+0.000,+0.093,+0.09220,+0.093,+2.305,-0.186,+0.000,+0.421,+2.540,2,+0.135,+0.055,+0.249,+0.803
DRV,721318,+0.0000,+0.0000,+0.0000,+0.0000,+0.0000,+0.0000,+0.000,+0.000,-0.00037,-0.0775,+0.0000,+3.099,+0.000,+0.000,-0.10464,+0.000,-2.616,+0.000,+0.000,+0.248,-2.368,2,+0.000,+0.107,+0.08948,+0.107,+2.237,-0.215,+0.000,+0.248,+2.270,2,+0.000,-0.008,-0.09003,-0.008,-2.251,+0.016,+0.000,+0.248,-1.987,2,+0.000,+0.000,+0.09143,+0.000,+2.286,+0.000,+0.000,+0.248,+2.534,2,+0.000,+0.099,+0.165,+0.284
DRV,721322,+0.0000,+0.0000,+0.0000,+0.0000,+0.0000,+0.0000,+0.000,+0.000,-0.00050,+0.0100,+0.0000,-0.398,+0.000,+0.110,-0.10695,+0.110,-2.674,-0.219,+0.000,-0.032,-2.925,2,+0.000,-0.056,+0.08986,-0.056,+2.247,+0.113,+0.000,-0.032,+2.327,2,+0.000,+0.128,-0.09156,+0.128,-2.289,-0.257,+0.000,-0.032,-2.577,2,+0.000,+0.099,+0.09028,+0.099,+2.257,-0.197,+0.000,-0.032,+2.028,2,+0.208,+0.072,-0.897,-0.250
DRV,721326,+0.0000,+0.0000,+0.0000,+0.0000,+0.0000,+0.0000,+0.000,+0.000,-0.00012,+0.0971,+0.0000,-3.884,+0.000,+0.004,-0.10810,+0.004,-2.702,-0.008,+0.000,-0.311,-3.021,2,+0.000,+0.148,+0.08795,+0.148,+2.199,-0.297,+0.000,-0.311,+1.591,2,+0.000,+0.020,-0.09348,+0.020,-2.337,-0.039,+0.000,-0.311,-2.687,2,+0.000,+0.044,+0.08798,+0.044,+2.199,-0.088,+0.000,-0.311,+1.801,2,+0.048,+0.168,-1.220,-1.096
DRV,721330,+0.0000,+0.0000,+0.0000,+0.0000,+0.0000,+0.0000,+0.000,+0.000,+0.00037,+0.1453,+0.0000,-5.814,+0.000,+0.056,-0.10848,+0.056,-2.712,-0.113,+0.000,-0.465,-3.290,2,+0.000,-0.065,+0.08756,-0.065,+2.189,+0.130,+0.000,-0.465,+1.854,2,+0.000,-0.011,-0.09310,-0.011,-2.327,+0.022,+0.000,-0.465,-2.771,2,+0.000,-0.011,+0.08836,-0.011,+2.209,+0.022,+0.000,-0.465,+1.766,2,+0.045,-0.076,-1.524,-0.917
DRV,721334,+0.0000,+0.0000,+0.0000,+0.0000,+0.0000,+0.0000,+0.000,+0.000,+0.00114,+0.1934,+0.0000,-7.737,+0.000,+0.000,-0.11001,+0.000,-2.750,+0.000,+0.000,-0.619,-3.369,2,+0.000,+0.057,+0.08756,+0.057,+2.189,-0.113,+0.000,-0.619,+1.457,2,+0.000,+0.035,-0.09502,+0.035,-2.375,-0.071,+0.000,-0.619,-3.065,2,+0.000,+0.054,+0.08683,+0.054,+2.171,-0.109,+0.000,-0.619,+1.443,2,+0.054,+0.092,-1.926,-1.608
DRV,721338,+0.0000,+0.0000,+0.0000,+0.0000,+0.0000,+0.0000,+0.000,+0.000,+0.00185,+0.1616,+0.0000,-6.466,+0.000,-0.023,-0.10848,-0.023,-2.712,+0.046,+0.000,-0.517,-3.183,2,+0.000,-0.060,+0.08756,-0.060,+2.189,+0.120,+0.000,-0.517,+1.792,2,+0.000,-0.069,-0.09310,-0.069,-2.327,+0.137,+0.000,-0.517,-2.707,2,+0.000,-0.061,+0.08798,-0.061,+2.199,+0.122,+0.000,-0.517,+1.804,2,-0.084,-0.129,-1.379,-0.915
DRV,721342,+0.0000,+0.0000,+0.0000,+0.0000,+0.0000,+0.0000,+0.000,+0.000,+0.00237,+0.1300,+0.0000,-5.198,+0.000,-0.021,-0.10848,-0.021,-2.712,+0.043,+0.000,-0.416,-3.085,2,+0.000,-0.016,+0.08871,-0.016,+2.218,+0.031,+0.000,-0.416,+1.833,0,+0.000,+0.013,-0.09348,+0.013,-2.337,-0.027,+0.000,-0.416,-2.780,2,+0.000,+0.000,+0.08798,+0.000,+2.199,+0.000,+0.000,-0.416,+1.784,0,-0.021,-0.002,-1.301,-0.946
DRV,721346,+0.0000,+0.0000,+0.0000,+0.0000,+0.0000,+0.0000,+0.000,+0.000,+0.00271,+0.0376,+0.0000,-1.506,+0.000,-0.078,-0.10579,-0.078,-2.645,+0.155,+0.000,-0.120,-2.610,0,+0.000,-0.035,+0.08910,-0.035,+2.227,+0.071,+0.000,-0.120,+2.178,2,+0.000,-0.146,-0.09080,-0.146,-2.270,+0.293,+0.000,-0.120,-2.098,0,+0.000,-0.105,+0.08951,-0.105,+2.238,+0.210,+0.000,-0.120,+2.327,0,-0.183,-0.182,-0.283,+0.080
DRV,721350,+0.0000,+0.0000,+0.0000,+0.0000,+0.0000,+0.0000,+0.000,+0.000,+0.00249,-0.0544,+0.0000,+2.176,+0.000,-0.017,-0.10541,-0.017,-2.635,+0.033,+0.000,+0.174,-2.428,0,+0.000,-0.111,+0.09178,-0.111,+2.295,+0.221,+0.000,+0.174,+2.690,2,+0.000,+0.001,-0.08965,+0.001,-2.241,-0.003,+0.000,+0.174,-2.070,0,+0.000,-0.039,+0.09143,-0.039,+2.286,+0.078,+0.000,+0.174,+2.538,2,-0.056,-0.109,+0.110,+0.620
DRV,721354,+0.0000,+0.0000,+0.0000,+0.0000,+0.0000,+0.0000,+0.000,+0.000,+0.00213,-0.1243,+0.0000,+4.970,+0.000,-0.081,-0.10426,-0.081,-2.607,+0.162,+0.000,+0.398,-2.047,2,+0.000,+0.071,+0.09178,+0.071,+2.295,-0.141,+0.000,+0.398,+2.551,2,+0.000,-0.053,-0.08965,-0.053,-2.241,+0.107,+0.000,+0.398,-1.737,2,+0.000,-0.029,+0.09181,-0.029,+2.295,+0.057,+0.000,+0.398,+2.750,2,-0.110,+0.017,+0.703,+0.814
DRV,721358,+0.0000,+0.0000,+0.0000,+0.0000,+0.0000,+0.0000,+0.000,+0.000,+0.00136,-0.1939,+0.0000,+7.756,+0.000,-0.028,-0.10234,-0.028,-2.559,+0.055,+0.000,+0.621,-1.883,2,+0.000,-0.100,+0.09255,-0.100,+2.314,+0.200,+0.000,+0.621,+3.134,2,+0.000,-0.041,-0.08735,-0.041,-2.184,+0.082,+0.000,+0.621,-1.481,2,+0.000,-0.075,+0.09412,-0.075,+2.353,+0.150,+0.000,+0.621,+3.123,2,-0.103,-0.141,+1.240,+1.653
DRV,721362,+0.0000,+0.0000,+0.0000,+0.0000,+0.0000,+0.0000,+0.000,+0.000,+0.00060,-0.1861,+0.0000,+7.443,+0.000,+0.054,-0.10388,+0.054,-2.597,-0.108,+0.000,+0.595,-2.109,2,+0.000,+0.074,+0.09293,+0.074,+2.323,-0.149,+0.000,+0.595,+2.770,2,+0.000,+0.062,-0.08850,+0.062,-2.212,-0.125,+0.000,+0.595,-1.742,2,+0.000,+0.087,+0.09296,+0.087,+2.324,-0.174,+0.000,+0.595,+2.746,2,+0.141,+0.137,+0.637,+1.028
DRV,721366,+0.0000,+0.0000,+0.0000,+0.0000,+0.0000,+0.0000,+0.000,+0.000,-0.00012,-0.1783,+0.0000,+7.130,+0.000,-0.031,-0.10311,-0.031,-2.578,+0.062,+0.000,+0.570,-1.945,2,+0.000,+0.001,+0.09140,+0.001,+2.285,-0.003,+0.000,+0.570,+2.852,2,+0.000,-0.037,-0.08811,-0.037,-2.203,+0.074,+0.000,+0.570,-1.558,2,+0.000,-0.038,+0.09296,-0.038,+2.324,+0.075,+0.000,+0.570,+2.970,2,-0.069,-0.036,+1.025,+1.295
DRV,721370,+0.0000,+0.0000,+0.0000,+0.0000,+0.0000,+0.0000,+0.000,+0.000,-0.00067,-0.0978,+0.0000,+3.913,+0.000,+0.134,-0.10541,+0.134,-2.635,-0.268,+0.000,+0.313,-2.590,2,+0.000,+0.047,+0.09140,+0.047,+2.285,-0.094,+0.000,+0.313,+2.504,2,+0.000,+0.133,-0.09003,+0.133,-2.251,-0.266,+0.000,+0.313,-2.204,2,+0.000,+0.128,+0.09143,+0.128,+2.286,-0.257,+0.000,+0.313,+2.342,2,+0.262,+0.180,-0.248,+0.300
DRV,721374,+0.0000,+0.0000,+0.0000,+0.0000,+0.0000,+0.0000,+0.000,+0.000,-0.00074,-0.0176,+0.0000,+0.705,+0.000,-0.029,-0.10618,-0.029,-2.654,+0.057,+0.000,+0.056,-2.541,2,+0.000,+0.076,+0.08795,+0.076,+2.199,-0.153,+0.000,+0.056,+2.102,0,+0.000,+0.002,-0.09156,+0.002,-2.289,-0.004,+0.000,+0.056,-2.237,2,+0.000,+0.001,+0.08990,+0.001,+2.247,-0.003,+0.000,+0.056,+2.301,2,-0.027,+0.078,-0.240,-0.134
DRV,721378,+0.0000,+0.0000,+0.0000,+0.0000,+0.0000,+0.0000,+0.000,+0.000,-0.00025,+0.1675,+0.0000,-6.700,+0.000,+0.150,-0.10810,+0.150,-2.702,-0.300,+0.000,-0.536,-3.539,2,+0.000,-0.018,+0.08910,-0.018,+2.227,+0.035,+0.000,-0.536,+1.727,0,+0.000,+0.114,-0.09271,+0.114,-2.318,-0.229,+0.000,-0.536,-3.083,2,+0.000,+0.113,+0.08913,+0.113,+2.228,-0.227,+0.000,-0.536,+1.465,2,+0.264,+0.097,-2.073,-1.356
DRV,721382,+0.0000,+0.0000,+0.0000,+0.0000,+0.0000,+0.0000,+0.000,+0.000,+0.00042,+0.1672,+0.0000,-6.686,+0.000,-0.091,-0.10848,-0.091,-2.712,+0.181,+0.000,-0.535,-3.066,0,+0.000,+0.098,+0.08756,+0.098,+2.189,-0.196,+0.000,-0.535,+1.458,0,+0.000,-0.021,-0.09386,-0.021,-2.347,+0.041,+0.000,-0.535,-2.841,2,+0.000,+0.000,+0.08760,+0.000,+2.190,+0.000,+0.000,-0.535,+1.655,0,-0.091,+0.078,-1.411,-1.383
DRV,721386,+0.0000,+0.0000,+0.0000,+0.0000,+0.0000,+0.0000,+0.000,+0.000,+0.00122,+0.2136,+0.0000,-8.545,+0.000,+0.072,-0.10848,+0.072,-2.712,-0.143,+0.000,-0.684,-3.539,0,+0.000,-0.042,+0.08756,-0.042,+2.189,+0.084,+0.000,-0.684,+1.589,2,+0.000,+0.045,-0.09348,+0.045,-2.337,-0.090,+0.000,-0.684,-3.110,0,+0.000,-0.005,+0.08798,-0.005,+2.199,+0.010,+0.000,-0.684,+1.525,2,+0.067,+0.003,-2.013,-1.521
DRV,721390,+0.0000,+0.0000,+0.0000,+0.0000,+0.0000,+0.0000,+0.000,+0.000,+0.00208,+0.2132,+0.0000,-8.528,+0.000,-0.089,-0.10925,-0.089,-2.731,+0.178,+0.000,-0.682,-3.235,2,+0.000,-0.004,+0.08795,-0.004,+2.199,+0.008,+0.000,-0.682,+1.524,2,+0.000,+0.003,-0.09425,+0.003,-2.356,-0.006,+0.000,-0.682,-3.044,2,+0.000,+0.004,+0.08721,+0.004,+2.180,-0.009,+0.000,-0.682,+1.489,2,-0.085,-0.001,-1.746,-1.520
DRV,721394,+0.0000,+0.0000,+0.0000,+0.0000,+0.0000,+0.0000,+0.000,+0.000,+0.00245,+0.0548,+0.0000,-2.193,+0.000,-0.015,-0.10695,-0.015,-2.674,+0.031,+0.000,-0.175,-2.819,2,+0.000,-0.066,+0.08871,-0.066,+2.218,+0.132,+0.000,-0.175,+2.174,2,+0.000,-0.091,-0.09195,-0.091,-2.299,+0.182,+0.000,-0.175,-2.292,2,+0.000,-0.088,+0.08913,-0.088,+2.228,+0.176,+0.000,-0.175,+2.229,2,-0.103,-0.157,-0.589,-0.118
DRV,721398,+0.0000,+0.0000,+0.0000,+0.0000,+0.0000,+0.0000,+0.000,+0.000,+0.00267,+0.0547,+0.0000,-2.188,+0.000,-0.012,-0.10733,-0.012,-2.683,+0.024,+0.000,-0.175,-2.834,2,+0.000,-0.037,+0.09063,-0.037,+2.266,+0.073,+0.000,-0.175,+2.164,2,+0.000,+0.015,-0.09156,+0.015,-2.289,-0.031,+0.000,-0.175,-2.495,2,+0.000,+0.000,+0.08990,+0.000,+2.247,+0.000,+0.000,-0.175,+2.072,2,-0.012,-0.021,-0.762,-0.331
DRV,721402,+0.0000,+0.0000,+0.0000,+0.0000,+0.0000,+0.0000,+0.000,+0.000,+0.00229,-0.1464,+0.0000,+5.858,+0.000,-0.123,-0.10388,-0.123,-2.597,+0.246,+0.000,+0.469,-1.882,2,+0.000,-0.040,+0.09063,-0.040,+2.266,+0.079,+0.000,+0.469,+2.814,2,+0.000,-0.161,-0.08965,-0.161,-2.241,+0.321,+0.000,+0.469,-1.451,2,+0.000,-0.138,+0.09181,-0.138,+2.295,+0.277,+0.000,+0.469,+3.041,2,-0.261,-0.200,+1.158,+1.362
DRV,721406,+0.0000,+0.0000,+0.0000,+0.0000,+0.0000,+0.0000,+0.000,+0.000,+0.00170,-0.1461,+0.0000,+5.846,+0.000,+0.073,-0.10503,+0.073,-2.626,-0.146,+0.000,+0.468,-2.304,2,+0.000,-0.021,+0.09216,-0.021,+2.304,+0.043,+0.000,+0.468,+2.815,2,+0.000,+0.097,-0.08850,+0.097,-2.212,-0.194,+0.000,+0.468,-1.938,2,+0.000,+0.053,+0.09296,+0.053,+2.324,-0.106,+0.000,+0.468,+2.686,2,+0.126,+0.075,+0.382,+0.876
DRV,721410,+0.0000,+0.0000,+0.0000,+0.0000,+0.0000,+0.0000,+0.000,+0.000,+0.00091,-0.2145,+0.0000,+8.578,+0.000,-0.120,-0.10311,-0.120,-2.578,+0.239,+0.000,+0.686,-1.652,2,+0.000,+0.000,+0.09216,+0.000,+2.304,+0.000,+0.000,+0.686,+2.990,2,+0.000,-0.104,-0.08850,-0.104,-2.212,+0.208,+0.000,+0.686,-1.318,2,+0.000,-0.094,+0.09296,-0.094,+2.324,+0.189,+0.000,+0.686,+3.199,2,-0.214,-0.104,+1.547,+1.672
DRV,721414,+0.0000,+0.0000,+0.0000,+0.0000,+0.0000,+0.0000,+0.000,+0.000,+0.00006,-0.2140,+0.0000,+8.561,+0.000,+0.141,-0.10426,+0.141,-2.607,-0.282,+0.000,+0.685,-2.204,2,+0.000,+0.002,+0.09216,+0.002,+2.304,-0.004,+0.000,+0.685,+2.985,0,+0.000,+0.088,-0.08811,+0.088,-2.203,-0.175,+0.000,+0.685,-1.693,2,+0.000,+0.096,+0.09335,+0.096,+2.334,-0.193,+0.000,+0.685,+2.826,2,+0.237,+0.090,+0.622,+1.292
DRV,721418,+0.0000,+0.0000,+0.0000,+0.0000,+0.0000,+0.0000,+0.000,+0.000,-0.00041,-0.0849,+0.0000,+3.396,+0.000,-0.057,-0.10464,-0.057,-2.616,+0.114,+0.000,+0.272,-2.230,0,+0.000,+0.070,+0.09101,+0.070,+2.275,-0.140,+0.000,+0.272,+2.407,0,+0.000,+0.014,-0.08965,+0.014,-2.241,-0.029,+0.000,+0.272,-1.998,2,+0.000,+0.004,+0.09181,+0.004,+2.295,-0.008,+0.000,+0.272,+2.559,0,-0.053,+0.084,+0.329,+0.409
DRV,721422,+0.0000,+0.0000,+0.0000,+0.0000,+0.0000,+0.0000,+0.000,+0.000,-0.00075,-0.0847,+0.0000,+3.389,+0.000,+0.122,-0.10579,+0.122,-2.645,-0.243,+0.000,+0.271,-2.617,0,+0.000,+0.010,+0.09025,+0.010,+2.256,-0.020,+0.000,+0.271,+2.507,2,+0.000,+0.076,-0.09041,+0.076,-2.260,-0.153,+0.000,+0.271,-2.142,0,+0.000,+0.059,+0.09143,+0.059,+2.286,-0.117,+0.000,+0.271,+2.440,0,+0.180,+0.086,-0.177,+0.365
DRV,721426,+0.0000,+0.0000,+0.0000,+0.0000,+0.0000,+0.0000,+0.000,+0.000,-0.00048,+0.1170,+0.0000,-4.680,+0.000,+0.058,-0.10771,+0.058,-2.693,-0.115,+0.000,-0.374,-3.183,2,+0.000,+0.101,+0.08910,+0.101,+2.227,-0.202,+0.000,-0.374,+1.651,2,+0.000,+0.105,-0.09233,+0.105,-2.308,-0.210,+0.000,-0.374,-2.892,0,+0.000,+0.118,+0.08951,+0.118,+2.238,-0.236,+0.000,-0.374,+1.628,2,+0.175,+0.206,-1.555,-1.242
DRV,721430,+0.0000,+0.0000,+0.0000,+0.0000,+0.0000,+0.0000,+0.000,+0.000,-0.00002,+0.1168,+0.0000,-4.671,+0.000,+0.000,-0.10771,+0.000,-2.693,+0.000,+0.000,-0.374,-3.066,2,+0.000,+0.005,+0.08718,+0.005,+2.179,-0.010,+0.000,-0.374,+1.796,2,+0.000,-0.022,-0.09310,-0.022,-2.327,+0.045,+0.000,-0.374,-2.656,2,+0.000,-0.009,+0.08875,-0.009,+2.219,+0.017,+0.000,-0.374,+1.862,2,-0.009,-0.018,-1.204,-0.860
DRV,721434,+0.0000,+0.0000,+0.0000,+0.0000,+0.0000,+0.0000,+0.000,+0.000,+0.00073,+0.2091,+0.0000,-8.363,+0.000,+0.103,-0.10925,+0.103,-2.731,-0.205,+0.000,-0.669,-3.605,2,+0.000,-0.015,+0.08871,-0.015,+2.218,+0.031,+0.000,-0.669,+1.579,2,+0.000,+0.102,-0.09348,+0.102,-2.337,-0.204,+0.000,-0.669,-3.210,2,+0.000,+0.097,+0.08798,+0.097,+2.199,-0.194,+0.000,-0.669,+1.337,2,+0.199,+0.087,-2.268,-1.631
DRV,721438,+0.0000,+0.0000,+0.0000,+0.0000,+0.0000,+0.0000,+0.000,+0.000,+0.00156,+0.2087,+0.0000,-8.346,+0.000,-0.086,-0.10886,-0.086,-2.722,+0.172,+0.000,-0.668,-3.218,2,+0.000,+0.047,+0.08718,+0.047,+2.179,-0.093,+0.000,-0.668,+1.418,2,+0.000,-0.047,-0.09463,-0.047,-2.366,+0.093,+0.000,-0.668,-2.940,2,+0.000,-0.028,+0.08721,-0.028,+2.180,+0.056,+0.000,-0.668,+1.569,2,-0.114,+0.000,-1.649,-1.522
DRV,721442,+0.0000,+0.0000,+0.0000,+0.0000,+0.0000,+0.0000,+0.000,+0.000,+0.00210,+0.1109,+0.0000,-4.437,+0.000,+0.001,-0.10810,+0.001,-2.702,-0.003,+0.000,-0.355,-3.060,2,+0.000,-0.098,+0.08871,-0.098,+2.218,+0.196,+0.000,-0.355,+2.058,2,+0.000,-0.021,-0.09233,-0.021,-2.308,+0.041,+0.000,-0.355,-2.622,2,+0.000,-0.034,+0.08875,-0.034,+2.219,+0.068,+0.000,-0.355,+1.931,2,-0.032,-0.118,-1.129,-0.564
DRV,721446,+0.0000,+0.0000,+0.0000,+0.0000,+0.0000,+0.0000,+0.000,+0.000,+0.00255,+0.1107,+0.0000,-4.428,+0.000,-0.097,-0.10733,-0.097,-2.683,+0.195,+0.000,-0.354,-2.843,2,+0.000,+0.046,+0.08910,+0.046,+2.227,-0.092,+0.000,-0.354,+1.782,2,+0.000,-0.016,-0.09310,-0.016,-2.327,+0.031,+0.000,-0.354,-2.650,2,+0.000,-0.003,+0.08875,-0.003,+2.219,+0.007,+0.000,-0.354,+1.871,2,-0.101,+0.030,-0.972,-0.869
DRV,721450,+0.0000,+0.0000,+0.0000,+0.0000,+0.0000,+0.0000,+0.000,+0.000,+0.00241,-0.0810,+0.0000,+3.240,+0.000,-0.041,-0.10541,-0.041,-2.635,+0.081,+0.000,+0.259,-2.295,2,+0.000,-0.157,+0.09101,-0.157,+2.275,+0.315,+0.000,+0.259,+2.849,2,+0.000,-0.109,-0.08965,-0.109,-2.241,+0.218,+0.000,+0.259,-1.764,2,+0.000,-0.126,+0.09143,-0.126,+2.286,+0.253,+0.000,+0.259,+2.798,2,-0.167,-0.267,+0.503,+1.086
DRV,721454,+0.0000,+0.0000,+0.0000,+0.0000,+0.0000,+0.0000,+0.000,+0.000,+0.00209,-0.0808,+0.0000,+3.233,+0.000,+0.000,-0.10541,+0.000,-2.635,-0.001,+0.000,+0.259,-2.378,2,+0.000,+0.093,+0.09178,+0.093,+2.295,-0.186,+0.000,+0.259,+2.367,0,+0.000,+0.041,-0.09003,+0.041,-2.251,-0.083,+0.000,+0.259,-2.075,2,+0.000,+0.048,+0.09143,+0.048,+2.286,-0.095,+0.000,+0.259,+2.449,0,+0.048,+0.134,+0.071,+0.292
DRV,721458,+0.0000,+0.0000,+0.0000,+0.0000,+0.0000,+0.0000,+0.000,+0.000,+0.00141,-0.1987,+0.0000,+7.949,+0.000,-0.112,-0.10349,-0.112,-2.587,+0.223,+0.000,+0.636,-1.728,0,+0.000,-0.010,+0.09063,-0.010,+2.266,+0.021,+0.000,+0.636,+2.923,2,+0.000,-0.114,-0.08811,-0.114,-2.203,+0.228,+0.000,+0.636,-1.339,0,+0.000,-0.131,+0.09335,-0.131,+2.334,+0.261,+0.000,+0.636,+3.231,0,-0.242,-0.124,+1.503,+1.584
DRV,721462,+0.0000,+0.0000,+0.0000,+0.0000,+0.0000,+0.0000,+0.000,+0.000,+0.00062,-0.1983,+0.0000,+7.933,+0.000,+0.093,-0.10388,+0.093,-2.597,-0.186,+0.000,+0.635,-2.148,2,+0.000,-0.046,+0.09331,-0.046,+2.333,+0.093,+0.000,+0.635,+3.060,2,+0.000,+0.093,-0.08888,+0.093,-2.222,-0.187,+0.000,+0.635,-1.774,0,+0.000,+0.076,+0.09335,+0.076,+2.334,-0.152,+0.000,+0.635,+2.817,2,+0.169,+0.047,+0.669,+1.286
DRV,721466,+0.0000,+0.0000,+0.0000,+0.0000,+0.0000,+0.0000,+0.000,+0.000,+0.00001,-0.1362,+0.0000,+5.450,+0.000,-0.021,-0.10464,-0.021,-2.616,+0.043,+0.000,+0.436,-2.137,2,+0.000,+0.135,+0.09063,+0.135,+2.266,-0.270,+0.000,+0.436,+2.432,2,+0.000,-0.010,-0.08926,-0.010,-2.232,+0.020,+0.000,+0.436,-1.776,2,+0.000,+0.003,+0.09181,+0.003,+2.295,-0.006,+0.000,+0.436,+2.726,2,-0.019,+0.125,+0.588,+0.656
DRV,721470,+0.0000,+0.0000,+0.0000,+0.0000,+0.0000,+0.0000,+0.000,+0.000,-0.00053,-0.1360,+0.0000,+5.439,+0.000,+0.055,-0.10426,+0.055,-2.607,-0.111,+0.000,+0.435,-2.282,2,+0.000,-0.102,+0.09101,-0.102,+2.275,+0.203,+0.000,+0.435,+2.914,2,+0.000,+0.078,-0.08926,+0.078,-2.232,-0.156,+0.000,+0.435,-1.953,2,+0.000,+0.003,+0.09220,+0.003,+2.305,-0.007,+0.000,+0.435,+2.733,2,+0.059,-0.023,+0.451,+0.961
DRV,721474,+0.0000,+0.0000,+0.0000,+0.0000,+0.0000,+0.0000,+0.000,+0.000,-0.00055,+0.0403,+0.0000,-1.613,+0.000,+0.076,-0.10733,+0.076,-2.683,-0.152,+0.000,-0.129,-2.964,2,+0.000,+0.187,+0.08986,+0.187,+2.247,-0.374,+0.000,-0.129,+1.744,2,+0.000,+0.083,-0.09195,+0.083,-2.299,-0.167,+0.000,-0.129,-2.595,2,+0.000,+0.114,+0.08951,+0.114,+2.238,-0.229,+0.000,-0.129,+1.880,2,+0.190,+0.270,-1.084,-0.851
DRV,721478,+0.0000,+0.0000,+0.0000,+0.0000,+0.0000,+0.0000,+0.000,+0.000,-0.00038,+0.0403,+0.0000,-1.610,+0.000,-0.029,-0.10695,-0.029,-2.674,+0.058,+0.000,-0.129,-2.744,2,+0.000,-0.011,+0.08680,-0.011,+2.170,+0.023,+0.000,-0.129,+2.064,2,+0.000,-0.016,-0.09233,-0.016,-2.308,+0.031,+0.000,-0.129,-2.406,2,+0.000,-0.029,+0.08875,-0.029,+2.219,+0.057,+0.000,-0.129,+2.147,2,-0.058,-0.027,-0.597,-0.342
DRV,721482,+0.0000,+0.0000,+0.0000,+0.0000,+0.0000,+0.0000,+0.000,+0.000,+0.00020,+0.1811,+0.0000,-7.244,+0.000,+0.141,-0.10925,+0.141,-2.731,-0.281,+0.000,-0.580,-3.592,2,+0.000,-0.010,+0.08948,-0.010,+2.237,+0.020,+0.000,-0.580,+1.677,2,+0.000,+0.124,-0.09425,+0.124,-2.356,-0.249,+0.000,-0.580,-3.185,2,+0.000,+0.129,+0.08721,+0.129,+2.180,-0.258,+0.000,-0.580,+1.342,2,+0.270,+0.114,-2.250,-1.507
DRV,721486,+0.0000,+0.0000,+0.0000,+0.0000,+0.0000,+0.0000,+0.000,+0.000,+0.00092,+0.1807,+0.0000,-7.230,+0.000,-0.102,-0.10886,-0.102,-2.722,+0.203,+0.000,-0.578,-3.097,2,+0.000,+0.072,+0.08603,+0.072,+2.151,-0.145,+0.000,-0.578,+1.427,2,+0.000,-0.087,-0.09386,-0.087,-2.347,+0.175,+0.000,-0.578,-2.750,2,+0.000,-0.064,+0.08683,-0.064,+2.171,+0.128,+0.000,-0.578,+1.720,2,-0.165,-0.015,-1.377,-1.323
DRV,721490,+0.0000,+0.0000,+0.0000,+0.0000,+0.0000,+0.0000,+0.000,+0.000,+0.00164,+0.1777,+0.0000,-7.109,+0.000,+0.089,-0.10925,+0.089,-2.731,-0.177,+0.000,-0.569,-3.477,2,+0.000,-0.122,+0.08871,-0.122,+2.218,+0.244,+0.000,-0.569,+1.893,0,+0.000,+0.076,-0.09425,+0.076,-2.356,-0.152,+0.000,-0.569,-3.077,2,+0.000,+0.024,+0.08721,+0.024,+2.180,-0.049,+0.000,-0.569,+1.563,2,+0.113,-0.046,-1.914,-1.183
DRV,721494,+0.0000,+0.0000,+0.0000,+0.0000,+0.0000,+0.0000,+0.000,+0.000,+0.00235,+0.1774,+0.0000,-7.095,+0.000,-0.156,-0.10771,-0.156,-2.693,+0.312,+0.000,-0.568,-2.949,0,+0.000,+0.082,+0.08833,+0.082,+2.208,-0.164,+0.000,-0.568,+1.477,0,+0.000,-0.136,-0.09348,-0.136,-2.337,+0.272,+0.000,-0.568,-2.633,2,+0.000,-0.072,+0.08760,-0.072,+2.190,+0.145,+0.000,-0.568,+1.767,0,-0.228,-0.054,-1.181,-1.156
DRV,721498,+0.0000,+0.0000,+0.0000,+0.0000,+0.0000,+0.0000,+0.000,+0.000,+0.00255,+0.0079,+0.0000,-0.316,+0.000,-0.005,-0.10656,-0.005,-2.664,+0.010,+0.000,-0.025,-2.679,0,+0.000,-0.155,+0.08910,-0.155,+2.227,+0.310,+0.000,-0.025,+2.512,2,+0.000,-0.017,-0.09118,-0.017,-2.280,+0.034,+0.000,-0.025,-2.270,0,+0.000,-0.077,+0.08951,-0.077,+2.238,+0.154,+0.000,-0.025,+2.366,2,-0.082,-0.172,-0.313,+0.242
DRV,721502,+0.0000,+0.0000,+0.0000,+0.0000,+0.0000,+0.0000,+0.000,+0.000,+0.00258,+0.0079,+0.0000,-0.315,+0.000,-0.069,-0.10656,-0.069,-2.664,+0.137,+0.000,-0.025,-2.552,2,+0.000,-0.013,+0.09216,-0.013,+2.304,+0.027,+0.000,-0.025,+2.306,2,+0.000,+0.000,-0.09118,+0.000,-2.280,+0.000,+0.000,-0.025,-2.305,2,+0.000,-0.015,+0.08990,-0.015,+2.247,+0.030,+0.000,-0.025,+2.252,2,-0.083,-0.013,-0.300,+0.001
DRV,721506,+0.0000,+0.0000,+0.0000,+0.0000,+0.0000,+0.0000,+0.000,+0.000,+0.00209,-0.1671,+0.0000,+6.684,+0.000,-0.104,-0.10349,-0.104,-2.587,+0.208,+0.000,+0.535,-1.845,2,+0.000,+0.022,+0.08986,+0.022,+2.247,-0.045,+0.000,+0.535,+2.737,2,+0.000,-0.146,-0.08850,-0.146,-2.212,+0.292,+0.000,+0.535,-1.386,2,+0.000,-0.126,+0.09220,-0.126,+2.305,+0.253,+0.000,+0.535,+3.092,2,-0.230,-0.124,+1.248,+1.351
DRV,721510,+0.0000,+0.0000,+0.0000,+0.0000,+0.0000,+0.0000,+0.000,+0.000,+0.00142,-0.1668,+0.0000,+6.671,+0.000,+0.081,-0.10388,+0.081,-2.597,-0.161,+0.000,+0.534,-2.224,2,+0.000,-0.138,+0.09370,-0.138,+2.342,+0.277,+0.000,+0.534,+3.153,2,+0.000,+0.078,-0.08850,+0.078,-2.212,-0.155,+0.000,+0.534,-1.834,2,+0.000,+0.019,+0.09335,+0.019,+2.334,-0.037,+0.000,+0.534,+2.830,2,+0.099,-0.061,+0.606,+1.319
DRV,721514,+0.0000,+0.0000,+0.0000,+0.0000,+0.0000,+0.0000,+0.000,+0.000,+0.00064,-0.2053,+0.0000,+8.211,+0.000,-0.103,-0.10349,-0.103,-2.587,+0.207,+0.000,+0.657,-1.724,2,+0.000,+0.151,+0.09178,+0.151,+2.295,-0.301,+0.000,+0.657,+2.650,2,+0.000,-0.077,-0.08850,-0.077,-2.212,+0.154,+0.000,+0.657,-1.402,2,+0.000,-0.019,+0.09258,-0.019,+2.315,+0.037,+0.000,+0.657,+3.009,2,-0.122,+0.074,+1.285,+1.248
DRV,721518,+0.0000,+0.0000,+0.0000,+0.0000,+0.0000,+0.0000,+0.000,+0.000,-0.00018,-0.2049,+0.0000,+8.194,+0.000,+0.133,-0.10388,+0.133,-2.597,-0.266,+0.000,+0.656,-2.207,2,+0.000,-0.089,+0.09178,-0.089,+2.295,+0.178,+0.000,+0.656,+3.128,2,+0.000,+0.081,-0.08811,+0.081,-2.203,-0.161,+0.000,+0.656,-1.708,2,+0.000,+0.037,+0.09335,+0.037,+2.334,-0.073,+0.000,+0.656,+2.916,2,+0.170,-0.009,+0.708,+1.420
DRV,721522,+0.0000,+0.0000,+0.0000,+0.0000,+0.0000,+0.0000,+0.000,+0.000,-0.00061,-0.0741,+0.0000,+2.966,+0.000,-0.009,-0.10503,-0.009,-2.626,+0.018,+0.000,+0.237,-2.370,2,+0.000,+0.168,+0.09063,+0.168,+2.266,-0.336,+.000,+0.237,+2.167,2,+0.000,+.033,-0.09041,0.033,-.260,-.067,+0.000,+0.237,-2.090,2,+0.000,+0.043,+0.09143,+0.043,+2.286,-0.086,+0.000,+0.237,+2.43,2,+0.034,+0.201,+0.067,+0.078
DRV,721526,+0.0000,+0.0000,+0.0000,+0.0000,+0.0000,+0.0000,+0.000,+0.000,-0.00091,-0.0740,+0.0000,+2.960,+0.000,+0.110,-0.10541,+0.110,-2.635,-0.219,+0.000,+0.237,-2.618,2,+0.000,-0.017,+0.08871,-0.017,+2.218,+0.033,+0.000,+0.237,+2.488,0,+0.000,+0.025,-0.09041,+0.025,-2.260,-0.050,+0.000,+0.237,-2.073,2,+0.000,+0.055,+0.09105,+0.055,+2.276,-0.111,+0.000,+0.237,+2.402,2,+0.165,+0.008,-0.215,+0.415
DRV,721530,+0.0000,+0.0000,+0.0000,+0.0000,+0.0000,+0.0000,+0.000,+0.000,-0.00060,+0.1272,+0.0000,-5.087,+0.000,+0.062,-0.10848,+0.062,-2.712,-0.124,+0.000,-0.407,-3.243,0,+0.000,+0.103,+0.08871,+0.103,+2.218,-0.205,+0.000,-0.407,+1.606,0,+0.000,+0.109,-0.09348,+0.109,-2.337,-0.218,+0.000,-0.407,-2.962,2,+0.000,+0.116,+0.08798,+0.116,+2.199,-0.233,+0.000,-0.407,+1.560,0,+0.178,+0.212,-1.683,-1.357
DRV,721534,+0.0000,+0.0000,+0.0000,+0.0000,+0.0000,+0.0000,+0.000,+0.000,-0.00009,+0.1269,+0.0000,-5.077,+0.000,-0.021,-0.10771,-0.021,-2.693,+0.043,+0.000,-0.406,-3.056,0,+0.000,+0.077,+0.08641,+0.077,+2.160,-0.154,+0.000,-0.406,+1.601,2,+0.000,-0.046,-0.09310,-0.046,-2.327,+0.093,+0.000,-0.406,-2.641,0,+0.000,-0.023,+0.08798,-0.023,+2.199,+0.047,+0.000,-0.406,+1.840,0,-0.045,+0.031,-1.216,-1.041
DRV,721538,+0.0000,+0.0000,+0.0000,+0.0000,+0.0000,+0.0000,+0.000,+0.000,+0.00068,+0.2144,+0.0000,-8.577,+0.000,+0.114,-0.10963,+0.114,-2.741,-0.228,+0.000,-0.686,-3.655,2,+0.000,-0.078,+0.08795,-0.078,+2.199,+0.155,+0.000,-0.686,+1.668,2,+0.000,+0.102,-0.09386,+0.102,-2.347,-0.204,+0.000,-0.686,-3.237,0,+0.000,+0.085,+0.08760,+0.085,+2.190,-0.170,+0.000,-0.686,+1.334,2,+0.199,+0.024,-2.321,-1.569
DRV,721542,+0.0000,+0.0000,+0.0000,+0.0000,+0.0000,+0.0000,+0.000,+0.000,+0.00153,+0.2140,+0.0000,-8.560,+0.000,-0.117,-0.10925,-0.117,-2.731,+0.234,+0.000,-0.685,-3.182,2,+0.000,+0.078,+0.08718,+0.078,+2.179,-0.155,+0.000,-0.685,+1.339,2,+0.000,-0.075,-0.09463,-0.075,-2.366,+0.150,+0.000,-0.685,-2.901,2,+0.000,-0.033,+0.08645,-0.033,+2.161,+0.067,+0.000,-0.685,+1.543,2,-0.150,+0.003,-1.639,-1.562
DRV,721546,+0.0000,+0.0000,+0.0000,+0.0000,+0.0000,+0.0000,+0.000,+0.000,+0.00211,+0.1216,+0.0000,-4.863,+0.000,+0.000,-0.10771,+0.000,-2.693,+0.000,+0.000,-0.389,-3.082,2,+0.000,-0.119,+0.08795,-0.119,+2.199,+0.238,+0.000,-0.389,+2.048,2,+0.000,-0.025,-0.09271,-0.025,-2.318,+0.050,+0.000,-0.389,-2.657,2,+0.000,-0.037,+0.08836,-0.037,+2.209,+0.074,+0.000,-0.389,+1.894,2,-0.037,-0.144,-1.187,-0.609
DRV,721550,+0.0000,+0.0000,+0.0000,+0.0000,+0.0000,+0.0000,+0.000,+0.000,+0.00260,+0.1213,+0.0000,-4.853,+0.000,-0.078,-0.10733,-0.078,-2.683,+0.156,+0.000,-0.388,-2.915,2,+0.000,-0.017,+0.09025,-0.017,+2.256,+0.033,+0.000,-0.388,+1.901,2,+0.000,-0.016,-0.09271,-0.016,-2.318,+0.032,+0.000,-0.388,-2.674,2,+0.000,-0.015,+0.08875,-0.015,+2.219,+0.031,+0.000,-0.388,+1.861,2,-0.093,-0.033,-1.054,-0.772
DRV,721554,+0.0000,+0.0000,+0.0000,+0.0000,+0.0000,+0.0000,+0.000,+0.000,+0.00249,-0.0773,+0.0000,+3.092,+0.000,-0.087,-0.10426,-0.087,-2.607,+0.175,+0.000,+0.247,-2.185,2,+0.000,-0.040,+0.09025,-0.040,+2.256,+0.079,+0.000,+0.247,+2.583,2,+0.000,-0.144,-0.08926,-0.144,-2.232,+0.288,+0.000,+0.247,-1.696,2,+0.000,-0.126,+0.09143,-0.126,+2.286,+0.253,+0.000,+0.247,+2.786,2,-0.214,-0.184,+0.601,+0.886
DRV,721558,+0.0000,+0.0000,+0.0000,+0.0000,+0.0000,+0.0000,+0.000,+0.000,+0.00218,-0.0771,+0.0000,+3.086,+0.000,+0.032,-0.10503,+0.032,-2.626,-0.065,+0.000,+0.247,-2.444,2,+0.000,-0.053,+0.09255,-0.053,+2.314,+0.107,+0.000,+0.247,+2.667,2,+0.000,+0.058,-0.08965,+0.058,-2.241,-0.116,+0.000,+0.247,-2.111,2,+0.000,+0.031,+0.09181,+0.031,+2.295,-0.063,+0.000,+0.247,+2.479,2,+0.064,+0.005,+0.036,+0.557
DRV,721562,+0.0000,+0.0000,+0.0000,+0.0000,+0.0000,+0.0000,+0.000,+0.000,+0.00144,-0.2206,+0.0000,+8.823,+0.000,-0.131,-0.10234,-0.131,-2.559,+0.261,+0.000,+0.706,-1.591,2,+0.000,+0.005,+0.09255,+0.005,+2.314,-0.010,+0.000,+0.706,+3.010,0,+0.000,-0.147,-0.08735,-0.147,-2.184,+0.294,+0.000,+0.706,-1.184,2,+0.000,-0.109,+0.09373,-0.109,+2.343,+0.217,+0.000,+0.706,+3.267,2,-0.239,-0.142,+1.675,+1.826
DRV,721566,+0.0000,+0.0000,+0.0000,+0.0000,+0.0000,+0.0000,+0.000,+0.000,+0.00056,-0.2201,+0.0000,+8.806,+0.000,+0.124,-0.10349,+0.124,-2.587,-0.248,+0.000,+0.704,-2.131,0,+0.000,-0.006,+0.09293,-0.006,+2.323,+0.012,+0.000,+0.704,+3.040,0,+0.000,+0.106,-0.08773,+0.106,-2.193,-0.212,+0.000,+0.704,-1.700,2,+0.000,+0.095,+0.09335,+0.095,+2.334,-0.191,+0.000,+0.704,+2.847,0,+0.219,+0.100,+0.717,+1.340
DRV,721570,+0.0000,+0.0000,+0.0000,+0.0000,+0.0000,+0.0000,+0.000,+0.000,-0.00018,-0.1724,+0.0000,+6.895,+0.000,-0.073,-0.10349,-0.073,-2.587,+0.147,+0.000,+0.552,-1.889,0,+0.000,+0.065,+0.09216,+0.065,+2.304,-0.130,+0.000,+0.552,+2.726,2,+0.000,-0.021,-0.08850,-0.021,-2.212,+0.043,+0.000,+0.552,-1.618,0,+0.000,-0.040,+0.09296,-0.040,+2.324,+0.079,+0.000,+0.552,+2.955,0,-0.113,+0.043,+1.066,+1.108
DRV,721574,+0.0000,+0.0000,+0.0000,+0.0000,+0.0000,+0.0000,+0.000,+0.000,-0.00087,-0.1720,+0.0000,+6.881,+0.000,+0.109,-0.10388,+0.109,-2.597,-0.218,+0.000,+0.550,-2.265,2,+0.000,+0.021,+0.09101,+0.021,+2.275,-0.043,+0.000,+0.550,+2.783,2,+0.000,+0.121,-0.08965,+0.121,-2.241,-0.242,+0.000,+0.550,-1.933,0,+0.000,+0.086,+0.09258,+0.086,+2.315,-0.173,+0.000,+0.550,+2.692,2,+0.196,+0.143,+0.428,+0.850
DRV,721578,+0.0000,+0.0000,+0.0000,+0.0000,+0.0000,+0.0000,+0.000,+0.000,-0.00098,+0.0203,+0.0000,-0.812,+0.000,+0.073,-0.10695,+0.073,-2.674,-0.147,+0.000,-0.065,-2.885,2,+0.000,+0.096,+0.08948,+0.096,+2.237,-0.193,+0.000,-0.065,+1.979,2,+0.000,+0.095,-0.09156,+0.095,-2.289,-0.191,+0.000,-0.065,-2.545,2,+0.000,+0.087,+0.08990,+0.087,+2.247,-0.175,+0.000,-0.065,+2.008,2,+0.161,+0.192,-0.878,-0.565
DRV,721582,+0.0000,+0.0000,+0.0000,+0.0000,+0.0000,+0.0000,+0.000,+0.000,-0.00090,+0.0203,+0.0000,-0.811,+0.000,-0.008,-0.10695,-0.008,-2.674,+0.015,+0.000,-0.065,-2.723,2,+0.000,+0.032,+0.08756,+0.032,+2.189,-0.064,+0.000,-0.065,+2.060,2,+0.000,+0.009,-0.09233,+0.009,-2.308,-0.018,+0.000,-0.065,-2.391,2,+0.000,+0.003,+0.08913,+0.003,+2.228,-0.006,+0.000,-0.065,+2.158,2,-0.005,+0.041,-0.566,-0.331
DRV,721586,+0.0000,+0.0000,+0.0000,+0.0000,+0.0000,+0.0000,+0.000,+0.000,-0.00027,+0.2016,+0.0000,-8.063,+0.000,+0.165,-0.10963,+0.165,-2.741,-0.329,+0.000,-0.645,-3.715,2,+0.000,+0.019,+0.08756,+0.019,+2.189,-0.037,+0.000,-0.645,+1.507,2,+0.000,+0.142,-0.09463,+0.142,-2.366,-0.284,+0.000,-0.645,-3.295,2,+0.000,+0.131,+0.08721,+0.131,+2.180,-0.262,+0.000,-0.645,+1.273,2,+0.296,+0.161,-2.442,-1.788
DRV,721590,+0.0000,+0.0000,+0.0000,+0.0000,+0.0000,+0.0000,+0.000,+0.000,+0.00056,+0.2129,+0.0000,-8.516,+0.000,-0.119,-0.11001,-0.119,-2.750,+0.237,+0.000,-0.681,-3.194,2,+0.000,+0.034,+0.08564,+0.034,+2.141,-0.068,+0.000,-0.681,+1.392,2,+0.000,-0.056,-0.09540,-0.056,-2.385,+0.112,+0.000,-0.681,-2.955,2,+0.000,-0.029,+0.08606,-0.029,+2.152,+0.057,+0.000,-0.681,+1.528,2,-0.147,-0.022,-1.667,-1.562
DRV,721594,+0.0000,+0.0000,+0.0000,+0.0000,+0.0000,+0.0000,+0.000,+0.000,+0.00145,+0.2242,+0.0000,-8.966,+0.000,+0.104,-0.10963,+0.104,-2.741,-0.209,+0.000,-0.717,-3.667,2,+0.000,-0.070,+0.08680,-0.070,+2.170,+0.139,+0.000,-0.717,+1.592,2,+0.000,+0.021,-0.09463,+0.021,-2.366,-0.043,+0.000,-0.717,-3.126,2,+0.000,+0.010,+0.08683,+0.010,+2.171,-0.019,+0.000,-0.717,+1.434,2,+0.114,-0.048,-2.233,-1.534
DRV,721598,+0.0000,+0.0000,+0.0000,+0.0000,+0.0000,+0.0000,+0.000,+0.000,+0.00219,+0.1455,+0.0000,-5.820,+0.000,-0.156,-0.10925,-0.156,-2.731,+0.313,+0.000,-0.466,-2.884,2,+0.000,+0.000,+0.08718,+0.000,+2.179,+0.000,+0.000,-0.466,+1.714,2,+0.000,-0.082,-0.09425,-0.082,-2.356,+0.164,+0.000,-0.466,-2.658,2,+0.000,-0.052,+0.08683,-0.052,+2.171,+0.104,+0.000,-0.466,+1.809,2,-0.208,-0.082,-1.075,-0.944
DRV,721602,+0.0000,+0.0000,+0.0000,+0.0000,+0.0000,+0.0000,+0.000,+0.000,+0.00246,+0.0671,+0.0000,-2.682,+0.000,+0.038,-0.10771,+0.038,-2.693,-0.075,+0.000,-0.215,-2.983,0,+0.000,-0.079,+0.08871,-0.079,+2.218,+0.157,+0.000,-0.215,+2.161,0,+0.000,-0.019,-0.09233,-0.019,-2.308,+0.037,+0.000,-0.215,-2.486,2,+0.000,-0.053,+0.08875,-0.053,+2.219,+0.106,+0.000,-0.215,+2.110,0,-0.015,-0.097,-0.873,-0.325
DRV,721606,+0.0000,+0.0000,+0.0000,+0.0000,+0.0000,+0.0000,+0.000,+0.000,+0.00250,-0.0469,+0.0000,+1.878,+0.000,-0.167,-0.10656,-0.167,-2.664,+0.335,+0.000,+0.150,-2.179,0,+0.000,-0.029,+0.08948,-0.029,+2.237,+0.058,+0.000,+0.150,+2.445,2,+0.000,-0.085,-0.09156,-0.085,-2.289,+0.170,+0.000,+0.150,-1.969,0,+0.000,-0.022,+0.08913,-0.022,+2.228,+0.044,+0.000,+0.150,+2.422,2,-0.189,-0.114,+0.243,+0.476
DRV,721610,+0.0000,+0.0000,+0.0000,+0.0000,+0.0000,+0.0000,+0.000,+0.000,+0.00186,-0.1606,+0.0000,+6.424,+0.000,-0.051,-0.10388,-0.051,-2.597,+0.101,+0.000,+0.514,-1.982,0,+0.000,-0.087,+0.09101,-0.087,+2.275,+0.175,+0.000,+0.514,+2.964,2,+0.000,-0.043,-0.08888,-0.043,-2.222,+0.086,+0.000,+0.514,-1.622,0,+0.000,-0.109,+0.09220,-0.109,+2.305,+0.217,+0.000,+0.514,+3.036,2,-0.159,-0.130,+1.054,+1.342
DRV,721614,+0.0000,+0.0000,+0.0000,+0.0000,+0.0000,+0.0000,+0.000,+0.000,+0.00115,-0.1965,+0.0000,+7.859,+0.000,+0.057,-0.10618,+0.057,-2.654,-0.114,+0.000,+0.629,-2.140,2,+0.000,+0.015,+0.09178,+0.015,+2.295,-0.030,+0.000,+0.629,+2.894,2,+0.000,+0.039,-0.08965,+0.039,-2.241,-0.077,+0.000,+0.629,-1.690,2,+0.000,+0.066,+0.09143,+0.066,+2.286,-0.132,+0.000,+0.629,+2.783,2,+0.123,+0.053,+0.643,+1.204
DRV,721618,+0.0000,+0.0000,+0.0000,+0.0000,+0.0000,+0.0000,+0.000,+0.000,+0.00022,-0.2322,+0.0000,+9.289,+0.000,-0.137,-0.10311,-0.137,-2.578,+0.275,+0.000,+0.743,-1.560,2,+0.000,-0.034,+0.09178,-0.034,+2.295,+0.068,+0.000,+0.743,+3.105,2,+0.000,-0.093,-0.08811,-0.093,-2.203,+0.186,+0.000,+0.743,-1.274,2,+0.000,-0.096,+0.09258,-0.096,+2.315,+0.193,+0.000,+0.743,+3.250,2,-0.234,-0.127,+1.690,+1.832
DRV,721622,+0.0000,+0.0000,+0.0000,+0.0000,+0.0000,+0.0000,+0.000,+0.000,-0.00058,-0.1660,+0.0000,+6.642,+0.000,+0.177,-0.10503,+0.177,-2.626,-0.354,+0.000,+0.531,-2.448,2,+0.000,+0.061,+0.09140,+0.061,+2.285,-0.122,+0.000,+0.531,+2.694,2,+0.000,+0.119,-0.08926,+0.119,-2.232,-0.237,+0.000,+0.531,-1.938,2,+0.000,+0.107,+0.09220,+0.107,+2.305,-0.215,+0.000,+0.531,+2.622,2,+0.284,+0.180,+0.174,+0.756
DRV,721626,+0.0000,+0.0000,+0.0000,+0.0000,+0.0000,+0.0000,+0.000,+0.000,-0.00098,-0.1001,+0.0000,+4.002,+0.000,-0.119,-0.10541,-0.119,-2.635,+0.238,+0.000,+0.320,-2.077,2,+0.000,+0.008,+0.09025,+0.008,+2.256,-0.015,+0.000,+0.320,+2.561,2,+0.000,+0.000,-0.09041,+0.000,-2.260,+0.000,+0.000,+0.320,-1.940,2,+0.000,+0.008,+0.09066,+0.008,+2.267,-0.016,+0.000,+0.320,+2.571,2,-0.111,+0.008,+0.494,+0.621
DRV,721630,+0.0000,+0.0000,+0.0000,+0.0000,+0.0000,+0.0000,+0.000,+0.000,-0.00117,+0.0034,+0.0000,-0.135,+0.000,+0.184,-0.10618,+0.184,-2.654,-0.368,+0.000,-0.011,-3.033,2,+0.000,+0.070,+0.08986,+0.070,+2.247,-0.140,+0.000,-0.011,+2.096,2,+0.000,+0.118,-0.09118,+0.118,-2.280,-0.236,+0.000,-0.011,-2.526,2,+0.000,+0.082,+0.09028,+0.082,+2.257,-0.163,+0.000,-0.011,+2.083,2,+0.266,+0.188,-0.950,-0.430
DRV,721634,+0.0000,+0.0000,+0.0000,+0.0000,+0.0000,+0.0000,+0.000,+0.000,-0.00075,+0.1065,+0.0000,-4.259,+0.000,-0.031,-0.10886,-0.031,-2.722,+0.061,+0.000,-0.341,-3.001,2,+0.000,+0.045,+0.08718,+0.045,+2.179,-0.091,+0.000,-0.341,+1.748,2,+0.000,+0.021,-0.09348,+0.021,-2.337,-0.041,+0.000,-0.341,-2.719,2,+0.000,+0.028,+0.08760,+0.028,+2.190,-0.055,+0.000,-0.341,+1.794,2,-0.003,+0.066,-1.207,-0.971
DRV,721638,+0.0000,+0.0000,+0.0000,+0.0000,+0.0000,+0.0000,+0.000,+0.000,-0.00021,+0.1605,+0.0000,-6.422,+0.000,+0.069,-0.10733,+0.069,-2.683,-0.137,+0.000,-0.514,-3.334,2,+0.000,-0.040,+0.08871,-0.040,+2.218,+0.079,+0.000,-0.514,+1.783,0,+0.000,+0.027,-0.09310,+0.027,-2.327,-0.053,+0.000,-0.514,-2.895,2,+0.000,+0.008,+0.08836,+0.008,+2.209,-0.016,+0.000,-0.514,+1.679,2,+0.077,-0.013,-1.655,-1.111
DRV,721642,+0.0000,+0.0000,+0.0000,+0.0000,+0.0000,+0.0000,+0.000,+0.000,+0.00064,+0.2144,+0.0000,-8.578,+0.000,-0.019,-0.11001,-0.019,-2.750,+0.038,+0.000,-0.686,-3.398,0,+0.000,+0.093,+0.08641,+0.093,+2.160,-0.187,+0.000,-0.686,+1.287,0,+0.000,+0.022,-0.09540,+0.022,-2.385,-0.044,+0.000,-0.686,-3.115,2,+0.000,+0.023,+0.08645,+0.023,+2.161,-0.047,+0.000,-0.686,+1.428,0,+0.004,+0.115,-1.970,-1.828
DRV,721646,+0.0000,+0.0000,+0.0000,+0.0000,+0.0000,+0.0000,+0.000,+0.000,+0.00141,+0.1667,+0.0000,-6.666,+0.000,-0.088,-0.10771,-0.088,-2.693,+0.176,+0.000,-0.533,-3.050,0,+0.000,-0.136,+0.08756,-0.136,+2.189,+0.273,+0.000,-0.533,+1.928,2,+0.000,-0.066,-0.09310,-0.066,-2.327,+0.133,+0.000,-0.533,-2.728,0,+0.000,-0.071,+0.08721,-0.071,+2.180,+0.142,+0.000,-0.533,+1.789,2,-0.159,-0.203,-1.261,-0.800
DRV,721650,+0.0000,+0.0000,+0.0000,+0.0000,+0.0000,+0.0000,+0.000,+0.000,+0.00188,+0.1190,+0.0000,-4.761,+0.000,+0.055,-0.10886,+0.055,-2.722,-0.110,+0.000,-0.381,-3.212,2,+0.000,-0.003,+0.08948,-0.003,+2.237,+0.006,+0.000,-0.381,+1.862,2,+0.000,+0.040,-0.09348,+0.040,-2.337,-0.079,+0.000,-0.381,-2.797,2,+0.000,+0.008,+0.08760,+0.008,+2.190,-0.015,+0.000,-0.381,+1.794,2,+0.062,+0.037,-1.418,-0.935
DRV,721654,+0.0000,+0.0000,+0.0000,+0.0000,+0.0000,+0.0000,+0.000,+0.000,+0.00216,+0.0201,+0.0000,-0.803,+0.000,-0.176,-0.10618,-0.176,-2.654,+0.353,+0.000,-0.064,-2.366,2,+0.000,+0.008,+0.08833,+0.008,+2.208,-0.016,+0.000,-0.064,+2.128,2,+0.000,-0.140,-0.09156,-0.140,-2.289,+0.279,+0.000,-0.064,-2.074,2,+0.000,-0.111,+0.08913,-0.111,+2.228,+0.222,+0.000,-0.064,+2.386,2,-0.288,-0.132,+0.020,+0.054
DRV,721658,+0.0000,+0.0000,+0.0000,+0.0000,+0.0000,+0.0000,+0.000,+0.000,+0.00185,-0.0786,+0.0000,+3.143,+0.000,+0.051,-0.10541,+0.051,-2.635,-0.102,+0.000,+0.251,-2.486,2,+0.000,-0.175,+0.09255,-0.175,+2.314,+0.351,+0.000,+0.251,+2.916,2,+0.000,-0.016,-0.08965,-0.016,-2.241,+0.032,+0.000,+0.251,-1.957,2,+0.000,-0.040,+0.09143,-0.040,+2.286,+0.080,+0.000,+0.251,+2.617,2,+0.011,-0.192,+0.131,+0.959
DRV,721662,+0.0000,+0.0000,+0.0000,+0.0000,+0.0000,+0.0000,+0.000,+0.000,+0.00140,-0.1420,+0.0000,+5.680,+0.000,-0.105,-0.10464,-0.105,-2.616,+0.210,+0.000,+0.454,-1.952,2,+0.000,+0.153,+0.09140,+0.153,+2.285,-0.305,+0.000,+0.454,+2.434,2,+0.000,-0.008,-0.09003,-0.008,-2.251,+0.016,+0.000,+0.454,-1.780,2,+0.000,+0.000,+0.09143,+0.000,+2.286,+0.000,+0.000,+0.454,+2.740,2,-0.105,+0.144,+0.788,+0.654
DRV,721666,+0.0000,+0.0000,+0.0000,+0.0000,+0.0000,+0.0000,+0.000,+0.000,+0.00058,-0.2052,+0.0000,+8.210,+0.000,-0.016,-0.10234,-0.016,-2.559,+0.032,+0.000,+0.657,-1.869,2,+0.000,-0.156,+0.09216,-0.156,+2.304,+0.312,+0.000,+0.657,+3.273,2,+0.000,-0.068,-0.08735,-0.068,-2.184,+0.136,+0.000,+0.657,-1.390,2,+0.000,-0.079,+0.09373,-0.079,+2.343,+0.157,+0.000,+0.657,+3.157,2,-0.095,-0.224,+1.288,+1.882
DRV,721670,+0.0000,+0.0000,+0.0000,+0.0000,+0.0000,+0.0000,+0.000,+0.000,-0.00019,-0.1835,+0.0000,+7.342,+0.000,+0.028,-0.10464,+0.028,-2.616,-0.055,+0.000,+0.587,-2.084,2,+0.000,+0.133,+0.09216,+0.133,+2.304,-0.265,+0.000,+0.587,+2.626,2,+0.000,+0.055,-0.08888,+0.055,-2.222,-0.110,+0.000,+0.587,-1.744,2,+0.000,+0.062,+0.09220,+0.062,+2.305,-0.124,+0.000,+0.587,+2.768,2,+0.090,+0.187,+0.684,+0.882
DRV,721674,+0.0000,+0.0000,+0.0000,+0.0000,+0.0000,+0.0000,+0.000,+0.000,-0.00084,-0.1619,+0.0000,+6.477,+0.000,-0.013,-0.10311,-0.013,-2.578,+0.027,+0.000,+0.518,-2.033,2,+0.000,-0.026,+0.09025,-0.026,+2.256,+0.051,+0.000,+0.518,+2.826,0,+0.000,-0.014,-0.08850,-0.014,-2.212,+0.029,+0.000,+0.518,-1.666,2,+0.000,-0.023,+0.09296,-0.023,+2.324,+0.046,+0.000,+0.518,+2.888,2,-0.036,-0.040,+0.855,+1.160
DRV,721678,+0.0000,+0.0000,+0.0000,+0.0000,+0.0000,+0.0000,+0.000,+0.000,-0.00130,-0.0695,+0.0000,+2.782,+0.000,+0.108,-0.10618,+0.108,-2.654,-0.216,+0.000,+0.223,-2.647,0,+0.000,+0.054,+0.09140,+0.054,+2.285,-0.109,+0.000,+0.223,+2.399,0,+0.000,+0.113,-0.09041,+0.113,-2.260,-0.227,+0.000,+0.223,-2.265,2,+0.000,+0.125,+0.09066,+0.125,+2.267,-0.250,+0.000,+0.223,+2.239,0,+0.233,+0.168,-0.408,+0.134
DRV,721682,+0.0000,+0.0000,+0.0000,+0.0000,+0.0000,+0.0000,+0.000,+0.000,-0.00121,+0.0226,+0.0000,-0.902,+0.000,-0.014,-0.10618,-0.014,-2.654,+0.029,+0.000,-0.072,-2.698,0,+0.000,+0.177,+0.08795,+0.177,+2.199,-0.354,+0.000,-0.072,+1.773,2,+0.000,+0.003,-0.09156,+0.003,-2.289,-0.006,+0.000,-0.072,-2.367,0,+0.000,-0.003,+0.08990,-0.003,+2.247,+0.007,+0.000,-0.072,+2.182,0,-0.018,+0.180,-0.516,-0.594
DRV,721686,+0.0000,+0.0000,+0.0000,+0.0000,+0.0000,+0.0000,+0.000,+0.000,-0.00096,+0.1026,+0.0000,-4.104,+0.000,+0.106,-0.10733,+0.106,-2.683,-0.212,+0.000,-0.328,-3.223,2,+0.000,-0.134,+0.08910,-0.134,+2.227,+0.267,+0.000,-0.328,+2.166,2,+0.000,+0.107,-0.09195,+0.107,-2.299,-0.215,+0.000,-0.328,-2.842,0,+0.000,+0.062,+0.08951,+0.062,+2.238,-0.125,+0.000,-0.328,+1.785,2,+0.168,-0.026,-1.439,-0.675
DRV,721690,+0.0000,+0.0000,+0.0000,+0.0000,+0.0000,+0.0000,+0.000,+0.000,-0.00023,+0.1824,+0.0000,-7.296,+0.000,+0.012,-0.10963,+0.012,-2.741,-0.025,+0.000,-0.584,-3.349,2,+0.000,+0.178,+0.08795,+0.178,+2.199,-0.357,+0.000,-0.584,+1.258,2,+0.000,+0.052,-0.09463,+0.052,-2.366,-0.105,+0.000,-0.584,-3.054,2,+0.000,+0.060,+0.08683,+0.060,+2.171,-0.120,+0.000,-0.584,+1.467,2,+0.072,+0.231,-1.882,-1.796
DRV,721694,+0.0000,+0.0000,+0.0000,+0.0000,+0.0000,+0.0000,+0.000,+0.000,+0.00050,+0.1839,+0.0000,-7.356,+0.000,-0.024,-0.10810,-0.024,-2.702,+0.049,+0.000,-0.588,-3.242,2,+0.000,-0.065,+0.08603,-0.065,+2.151,+0.131,+0.000,-0.588,+1.693,2,+0.000,-0.076,-0.09310,-0.076,-2.327,+0.153,+0.000,-0.588,-2.763,2,+0.000,-0.053,+0.08798,-0.053,+2.199,+0.107,+0.000,-0.588,+1.718,2,-0.078,-0.142,-1.524,-1.070
DRV,721698,+0.0000,+0.0000,+0.0000,+0.0000,+0.0000,+0.0000,+0.000,+0.000,+0.00124,+0.1854,+0.0000,-7.415,+0.000,+0.037,-0.10963,+0.037,-2.741,-0.073,+0.000,-0.593,-3.407,2,+0.000,-0.065,+0.08948,-0.065,+2.237,+0.131,+0.000,-0.593,+1.774,2,+0.000,+0.080,-0.09425,+0.080,-2.356,-0.160,+0.000,-0.593,-3.110,2,+0.000,+0.053,+0.08721,+0.053,+2.180,-0.107,+0.000,-0.593,+1.480,2,+0.090,+0.015,-1.927,-1.335
DRV,721702,+0.0000,+0.0000,+0.0000,+0.0000,+0.0000,+0.0000,+0.000,+0.000,+0.00183,+0.1073,+0.0000,-4.293,+0.000,-0.116,-0.10695,-0.116,-2.674,+0.233,+0.000,-0.343,-2.784,2,+0.000,+0.065,+0.08756,+0.065,+2.189,-0.130,+0.000,-0.343,+1.716,2,+0.000,-0.169,-0.09233,-0.169,-2.308,+0.339,+0.000,-0.343,-2.313,2,+0.000,-0.113,+0.08836,-0.113,+2.209,+0.225,+0.000,-0.343,+2.091,2,-0.229,-0.104,-0.694,-0.597
DRV,721706,+0.0000,+0.0000,+0.0000,+0.0000,+0.0000,+0.0000,+0.000,+0.000,+0.00194,+0.0295,+0.0000,-1.180,+0.000,+0.029,-0.10695,+0.029,-2.674,-0.057,+0.000,-0.094,-2.825,2,+0.000,-0.175,+0.09101,-0.175,+2.275,+0.349,+0.000,-0.094,+2.530,2,+0.000,+0.049,-0.09118,+0.049,-2.280,-0.098,+0.000,-0.094,-2.472,2,+0.000,-0.002,+0.08990,-0.002,+2.247,+0.005,+0.000,-0.094,+2.158,2,+0.026,-0.125,-0.667,+0.058
DRV,721710,+0.0000,+0.0000,+0.0000,+0.0000,+0.0000,+0.0000,+0.000,+0.000,+0.00188,-0.0615,+0.0000,+2.462,+0.000,-0.140,-0.10464,-0.140,-2.616,+0.280,+0.000,+0.197,-2.139,2,+0.000,+0.093,+0.09025,+0.093,+2.256,-0.186,+0.000,+0.197,+2.267,2,+0.000,-0.151,-0.09041,-0.151,-2.260,+0.301,+0.000,+0.197,-1.762,2,+0.000,-0.101,+0.09066,-0.101,+2.267,+0.201,+0.000,+0.197,+2.665,2,-0.241,-0.058,+0.526,+0.505
DRV,721714,+0.0000,+0.0000,+0.0000,+0.0000,+0.0000,+0.0000,+0.000,+0.000,+0.00127,-0.1523,+0.0000,+6.093,+0.000,+0.032,-0.10388,+0.032,-2.597,-0.065,+0.000,+0.487,-2.174,0,+0.000,-0.128,+0.09140,-0.128,+2.285,+0.257,+0.000,+0.487,+3.029,0,+0.000,+0.004,-0.08811,+0.004,-2.203,-0.009,+0.000,+0.487,-1.724,2,+0.000,-0.011,+0.09296,-0.011,+2.324,+0.023,+0.000,+0.487,+2.834,0,+0.021,-0.124,+0.660,+1.305
DRV,721718,+0.0000,+0.0000,+0.0000,+0.0000,+0.0000,+0.0000,+0.000,+0.000,+0.00062,-0.1749,+0.0000,+6.996,+0.000,-0.077,-0.10388,-0.077,-2.597,+0.154,+0.000,+0.560,-1.884,0,+0.000,+0.035,+0.09293,+0.035,+2.323,-0.071,+0.000,+0.560,+2.812,2,+0.000,-0.010,-0.08926,-0.010,-2.232,+0.020,+0.000,+0.560,-1.652,0,+0.000,-0.006,+0.09220,-0.006,+2.305,+0.011,+0.000,+0.560,+2.876,0,-0.082,+0.025,+0.992,+1.160
DRV,721722,+0.0000,+0.0000,+0.0000,+0.0000,+0.0000,+0.0000,+0.000,+0.000,-0.00017,-0.1974,+0.0000,+7.896,+0.000,-0.018,-0.10273,-0.018,-2.568,+0.036,+0.000,+0.632,-1.900,2,+0.000,+0.025,+0.09101,+0.025,+2.275,-0.050,+0.000,+0.632,+2.857,2,+0.000,-0.008,-0.08773,-0.008,-2.193,+0.016,+0.000,+0.632,-1.545,0,+0.000,-0.048,+0.09335,-0.048,+2.334,+0.095,+0.000,+0.632,+3.061,2,-0.066,+0.017,+1.161,+1.312
DRV,721726,+0.0000,+0.0000,+0.0000,+0.0000,+0.0000,+0.0000,+0.000,+0.000,-0.00084,-0.1356,+0.0000,+5.422,+0.000,+0.081,-0.10503,+0.081,-2.626,-0.162,+0.000,+0.434,-2.354,2,+0.000,-0.023,+0.09178,-0.023,+2.295,+0.046,+0.000,+0.434,+2.774,2,+0.000,+0.102,-0.08965,+0.102,-2.241,-0.203,+0.000,+0.434,-2.011,2,+0.000,+0.109,+0.09181,+0.109,+2.295,-0.218,+0.000,+0.434,+2.511,2,+0.190,+0.079,+0.157,+0.764
DRV,721730,+0.0000,+0.0000,+0.0000,+0.0000,+0.0000,+0.0000,+0.000,+0.000,-0.00114,-0.0739,+0.0000,+2.955,+0.000,-0.005,-0.10503,-0.005,-2.626,+0.010,+0.000,+0.236,-2.379,2,+0.000,+0.148,+0.08910,+0.148,+2.227,-0.296,+0.000,+0.236,+2.168,2,+0.000,+0.000,-0.09041,+0.000,-2.260,+0.000,+0.000,+0.236,-2.024,2,+0.000,+0.000,+0.09066,+0.000,+2.267,+0.000,+0.000,+0.236,+2.503,2,-0.005,+0.148,+0.124,+0.144
DRV,721734,+0.0000,+0.0000,+0.0000,+0.0000,+0.0000,+0.0000,+0.000,+0.000,-0.00124,+0.0218,+0.0000,-0.871,+0.000,+0.131,-0.10695,+0.131,-2.674,-0.261,+0.000,-0.070,-3.005,2,+0.000,-0.062,+0.08871,-0.062,+2.218,+0.124,+0.000,-0.070,+2.272,2,+0.000,+0.106,-0.09156,+0.106,-2.289,-0.212,+0.000,-0.070,-2.570,2,+0.000,+0.109,+0.08990,+0.109,+2.247,-0.218,+0.000,-0.070,+1.959,2,+0.240,+0.044,-1.045,-0.298
DRV,721738,+0.0000,+0.0000,+0.0000,+0.0000,+0.0000,+0.0000,+0.000,+0.000,-0.00077,+0.1171,+0.0000,-4.686,+0.000,-0.017,-0.10848,-0.017,-2.712,+0.034,+0.000,-0.375,-3.053,2,+0.000,+0.117,+0.08795,+0.117,+2.199,-0.235,+0.000,-0.375,+1.589,2,+0.000,+0.032,-0.09425,+0.032,-2.356,-0.065,+0.000,-0.375,-2.796,2,+0.000,+0.042,+0.08721,+0.042,+2.180,-0.084,+0.000,-0.375,+1.722,2,+0.025,+0.150,-1.331,-1.207
DRV,721742,+0.0000,+0.0000,+0.0000,+0.0000,+0.0000,+0.0000,+0.000,+0.000,-0.00021,+0.1648,+0.0000,-6.592,+0.000,+0.099,-0.10848,+0.099,-2.712,-0.198,+0.000,-0.527,-3.438,2,+0.000,-0.013,+0.08680,-0.013,+2.170,+0.027,+0.000,-0.527,+1.669,2,+0.000,-0.003,-0.09348,-0.003,-2.337,+0.006,+0.000,-0.527,-2.859,2,+0.000,+0.000,+0.08798,+0.000,+2.199,+0.000,+0.000,-0.527,+1.672,2,+0.099,-0.016,-1.766,-1.189
DRV,721746,+0.0000,+0.0000,+0.0000,+0.0000,+0.0000,+0.0000,+0.000,+0.000,+0.00064,+0.2123,+0.0000,-8.493,+0.000,-0.039,-0.11001,-0.039,-2.750,+0.077,+0.000,-0.679,-3.352,2,+0.000,+0.000,+0.08718,+0.000,+2.179,+0.000,+0.000,-0.679,+1.500,0,+0.000,+0.028,-0.09540,+0.028,-2.385,-0.055,+0.000,-0.679,-3.120,2,+0.000,+0.039,+0.08568,+0.039,+2.142,-0.078,+0.000,-0.679,+1.384,2,+0.000,+0.028,-1.968,-1.620
DRV,721750,+0.0000,+0.0000,+0.0000,+0.0000,+0.0000,+0.0000,+0.000,+0.000,+0.00140,+0.1675,+0.0000,-6.698,+0.000,-0.009,-0.10810,-0.009,-2.702,+0.018,+0.000,-0.536,-3.220,2,+0.000,-0.020,+0.08718,-0.020,+2.179,+0.039,+0.000,-0.536,+1.683,0,+0.000,-0.069,-0.09348,-0.069,-2.337,+0.137,+0.000,-0.536,-2.736,2,+0.000,-0.071,+0.08760,-0.071,+2.190,+0.142,+0.000,-0.536,+1.796,0,-0.080,-0.088,-1.424,-1.053
DRV,721754,+0.0000,+0.0000,+0.0000,+0.0000,+0.0000,+0.0000,+0.000,+0.000,+0.00189,+0.1227,+0.0000,-4.910,+0.000,-0.057,-0.10810,-0.057,-2.702,+0.113,+0.000,-0.393,-2.982,0,+0.000,-0.073,+0.08871,-0.073,+2.218,+0.146,+0.000,-0.393,+1.971,0,+0.000,+0.008,-0.09348,+0.008,-2.337,-0.016,+0.000,-0.393,-2.746,2,+0.000,+0.000,+0.08798,+0.000,+2.199,+0.000,+0.000,-0.393,+1.807,0,-0.057,-0.065,-1.175,-0.775
DRV,721758,+0.0000,+0.0000,+0.0000,+0.0000,+0.0000,+0.0000,+0.000,+0.000,+0.00218,+0.0233,+0.0000,-0.930,+0.000,-0.099,-0.10579,-0.099,-2.645,+0.197,+0.000,-0.074,-2.522,0,+0.000,-0.022,+0.08948,-0.022,+2.237,+0.044,+0.000,-0.074,+2.206,2,+0.000,-0.138,-0.09080,-0.138,-2.270,+0.277,+0.000,-0.074,-2.068,0,+0.000,-0.107,+0.08913,-0.107,+2.228,+0.214,+0.000,-0.074,+2.367,2,-0.206,-0.160,-0.154,+0.139
DRV,721762,+0.0000,+0.0000,+0.0000,+0.0000,+0.0000,+0.0000,+0.000,+0.000,+0.00188,-0.0759,+0.0000,+3.037,+0.000,-0.013,-0.10503,-0.013,-2.626,+0.026,+0.000,+0.243,-2.357,2,+0.000,-0.117,+0.09178,-0.117,+2.295,+0.235,+0.000,+0.243,+2.772,2,+0.000,-0.019,-0.08965,-0.019,-2.241,+0.038,+0.000,+0.243,-1.960,2,+0.000,-0.031,+0.09143,-0.031,+2.286,+0.062,+0.000,+0.243,+2.591,2,-0.044,-0.136,+0.234,+0.812
DRV,721766,+0.0000,+0.0000,+0.0000,+0.0000,+0.0000,+0.0000,+0.000,+0.000,+0.00144,-0.1447,+0.0000,+5.787,+0.000,-0.072,-0.10388,-0.072,-2.597,+0.144,+0.000,+0.463,-1.990,2,+0.000,+0.056,+0.09216,+0.056,+2.304,-0.113,+0.000,+0.463,+2.655,2,+0.000,+0.001,-0.09003,+0.001,-2.251,-0.003,+0.000,+0.463,-1.791,2,+0.000,-0.028,+0.09181,-0.028,+2.295,+0.055,+0.000,+0.463,+2.814,2,-0.100,+0.058,+0.824,+0.864
DRV,721770,+0.0000,+0.0000,+0.0000,+0.0000,+0.0000,+0.0000,+0.000,+0.000,+0.00059,-0.2132,+0.0000,+8.529,+0.000,-0.013,-0.10196,-0.013,-2.549,+0.027,+0.000,+0.682,-1.840,2,+0.000,-0.078,+0.09216,-0.078,+2.304,+0.155,+0.000,+0.682,+3.142,2,+0.000,-0.082,-0.08696,-0.082,-2.174,+0.163,+0.000,+0.682,-1.329,2,+0.000,-0.062,+0.09373,-0.062,+2.343,+0.124,+0.000,+0.682,+3.150,2,-0.075,-0.159,+1.310,+1.813
DRV,721774,+0.0000,+0.0000,+0.0000,+0.0000,+0.0000,+0.0000,+0.000,+0.000,-0.00023,-0.1929,+0.0000,+7.714,+0.000,+0.055,-0.10349,+0.055,-2.587,-0.111,+0.000,+0.617,-2.081,2,+0.000,+0.064,+0.09255,+0.064,+2.314,-0.128,+0.000,+0.617,+2.803,2,+0.000,+0.116,-0.08888,+0.116,-2.222,-0.233,+0.000,+0.617,-1.838,2,+0.000,+0.077,+0.09258,+0.077,+2.315,-0.154,+0.000,+0.617,+2.778,2,+0.132,+0.180,+0.697,+0.965
DRV,721778,+0.0000,+0.0000,+0.0000,+0.0000,+0.0000,+0.0000,+0.000,+0.000,-0.00092,-0.1725,+0.0000,+6.901,+0.000,-0.015,-0.10311,-0.015,-2.578,+0.030,+0.000,+0.552,-1.996,2,+0.000,+0.012,+0.09101,+0.012,+2.275,-0.024,+0.000,+0.552,+2.804,2,+0.000,-0.064,-0.08850,-0.064,-2.212,+0.128,+0.000,+0.552,-1.533,2,+0.000,-0.031,+0.09258,-0.031,+2.315,+0.063,+0.000,+0.552,+2.930,2,-0.046,-0.052,+0.933,+1.271
DRV,721782,+0.0000,+0.0000,+0.0000,+0.0000,+0.0000,+0.0000,+0.000,+0.000,-0.00143,-0.0825,+0.0000,+3.301,+0.000,+0.119,-0.10579,+0.119,-2.645,-0.237,+0.000,+0.264,-2.618,2,+0.000,+0.069,+0.09101,+0.069,+2.275,-0.137,+0.000,+0.264,+2.402,2,+0.000,+0.177,-0.09041,+0.177,-2.260,-0.354,+0.000,+0.264,-2.350,2,+0.000,+0.125,+0.09066,+0.125,+2.267,-0.250,+0.000,+0.264,+2.281,2,+0.244,+0.246,-0.337,+0.052
DRV,721786,+0.0000,+0.0000,+0.0000,+0.0000,+0.0000,+0.0000,+0.000,+0.000,-0.00140,+0.0072,+0.0000,-0.288,+0.000,+0.000,-0.10656,+0.000,-2.664,+0.000,+0.000,-0.023,-2.687,2,+0.000,+0.068,+0.08756,+0.068,+2.189,-0.135,+0.000,-0.023,+2.031,0,+0.000,-0.000,-0.09233,-0.000,-2.308,+0.001,+0.000,-0.023,-2.330,2,+0.000,+0.002,+0.08913,+0.002,+2.228,-0.005,+0.000,-0.023,+2.200,2,+0.002,+0.067,-0.487,-0.300
DRV,721790,+0.0000,+0.0000,+0.0000,+0.0000,+0.0000,+0.0000,+0.000,+0.000,-0.00119,+0.0982,+0.0000,-3.927,+0.000,+0.137,-0.10810,+0.137,-2.702,-0.274,+0.000,-0.314,-3.290,0,+0.000,-0.020,+0.08871,-0.020,+2.218,+0.040,+0.000,-0.314,+1.944,0,+0.000,+0.124,-0.09271,+0.124,-2.318,-0.248,+0.000,-0.314,-2.880,2,+0.000,+0.103,+0.08836,+0.103,+2.209,-0.205,+0.000,-0.314,+1.690,0,+0.239,+0.104,-1.600,-0.936
DRV,721794,+0.0000,+0.0000,+0.0000,+0.0000,+0.0000,+0.0000,+0.000,+0.000,-0.00043,+0.1889,+0.0000,-7.555,+0.000,-0.025,-0.10963,-0.025,-2.741,+0.050,+0.000,-0.604,-3.296,0,+0.000,+0.162,+0.08641,+0.162,+2.160,-0.324,+0.000,-0.604,+1.232,2,+0.000,+0.004,-0.09540,+0.004,-2.385,-0.008,+0.000,-0.604,-2.997,0,+0.000,+0.075,+0.08606,+0.075,+2.152,-0.150,+0.000,-0.604,+1.397,0,+0.050,+0.166,-1.898,-1.765
DRV,721798,+0.0000,+0.0000,+0.0000,+0.0000,+0.0000,+0.0000,+0.000,+0.000,+0.00035,+0.2018,+0.0000,-8.072,+0.000,-0.021,-0.10848,-0.021,-2.712,+0.043,+0.000,-0.646,-3.315,0,+0.000,-0.121,+0.08641,-0.121,+2.160,+0.241,+0.000,-0.646,+1.756,2,+0.000,-0.011,-0.09386,-0.011,-2.347,+0.022,+0.000,-0.646,-2.970,0,+0.000,-0.056,+0.08721,-0.056,+2.180,+0.113,+0.000,-0.646,+1.647,2,-0.078,-0.132,-1.668,-1.215
DRV,721802,+0.0000,+0.0000,+0.0000,+0.0000,+0.0000,+0.0000,+0.000,+0.000,+0.00121,+0.2147,+0.0000,-8.588,+0.000,+0.040,-0.11001,+0.040,-2.750,-0.080,+0.000,-0.687,-3.517,2,+0.000,-0.000,+0.08833,-0.000,+2.208,+0.001,+0.000,-0.687,+1.522,2,+0.000,+0.048,-0.09502,+0.048,-2.375,-0.095,+0.000,-0.687,-3.158,2,+0.000,+0.059,+0.08645,+0.059,+2.161,-0.117,+0.000,-0.687,+1.357,2,+0.099,+0.047,-2.161,-1.636
DRV,721806,+0.0000,+0.0000,+0.0000,+0.0000,+0.0000,+0.0000,+0.000,+0.000,+0.00165,+0.0715,+0.0000,-2.859,+0.000,-0.142,-0.10733,-0.142,-2.683,+0.284,+0.000,-0.229,-2.628,2,+0.000,+0.001,+0.08718,+0.001,+2.179,-0.002,+0.000,-0.229,+1.949,2,+0.000,-0.143,-0.09271,-0.143,-2.318,+0.286,+0.000,-0.229,-2.260,2,+0.000,-0.129,+0.08798,-0.129,+2.199,+0.257,+0.000,-0.229,+2.228,2,-0.271,-0.142,-0.399,-0.312
DRV,721810,+0.0000,+0.0000,+0.0000,+0.0000,+0.0000,+0.0000,+0.000,+0.000,+0.00190,+0.0647,+0.0000,-2.587,+0.000,+0.081,-0.10771,+0.081,-2.693,-0.162,+0.000,-0.207,-3.062,2,+0.000,-0.103,+0.09025,-0.103,+2.256,+0.207,+0.000,-0.207,+2.256,2,+0.000,+0.028,-0.09195,+0.028,-2.299,-0.056,+0.000,-0.207,-2.562,2,+0.000,-0.004,+0.08951,-0.004,+2.238,+0.009,+0.000,-0.207,+2.039,2,+0.077,-0.075,-1.022,-0.306
DRV,721814,+0.0000,+0.0000,+0.0000,+0.0000,+0.0000,+0.0000,+0.000,+0.000,+0.00153,-0.1455,+0.0000,+5.821,+0.000,-0.214,-0.10464,-0.214,-2.616,+0.428,+0.000,+0.466,-1.722,2,+0.000,+0.014,+0.09025,+0.014,+2.256,-0.028,+0.000,+0.466,+2.694,2,+0.000,-0.156,-0.09041,-0.156,-2.260,+0.313,+0.000,+0.466,-1.482,2,+0.000,-0.130,+0.09028,-0.130,+2.257,+0.260,+0.000,+0.466,+2.983,2,-0.344,-0.143,+1.261,+1.212
DRV,721818,+0.0000,+0.0000,+0.0000,+0.0000,+0.0000,+0.0000,+0.000,+0.000,+0.00095,-0.1452,+0.0000,+5.809,+0.000,+0.134,-0.10503,+0.134,-2.626,-0.268,+0.000,+0.465,-2.429,2,+0.000,-0.066,+0.09140,-0.066,+2.285,+0.132,+0.000,+0.465,+2.881,2,+0.000,+0.043,-0.08926,+0.043,-2.232,-0.087,+0.000,+0.465,-1.854,2,+0.000,+0.000,+0.09220,+0.000,+2.305,+0.000,+0.000,+0.465,+2.770,2,+0.134,-0.022,+0.341,+1.028
DRV,721822,+0.0000,+0.0000,+0.0000,+0.0000,+0.0000,+0.0000,+0.000,+0.000,+0.00012,-0.2284,+0.0000,+9.138,+0.000,-0.175,-0.10388,-0.175,-2.597,+0.349,+0.000,+0.731,-1.517,2,+0.000,-0.002,+0.09216,-0.002,+2.304,+0.004,+0.000,+0.731,+3.039,0,+0.000,-0.089,-0.08888,-0.089,-2.222,+0.177,+0.000,+0.731,-1.314,2,+0.000,-0.077,+0.09220,-0.077,+2.305,+0.154,+0.000,+0.731,+3.190,2,-0.251,-0.091,+1.673,+1.725
DRV,721826,+0.0000,+0.0000,+0.0000,+0.0000,+0.0000,+0.0000,+0.000,+0.000,-0.00079,-0.2280,+0.0000,+9.120,+0.000,+0.154,-0.10388,+0.154,-2.597,-0.308,+0.000,+0.730,-2.175,2,+0.000,+0.024,+0.09178,+0.024,+2.295,-0.049,+0.000,+0.730,+2.975,0,+0.000,+0.072,-0.08850,+0.072,-2.212,-0.144,+0.000,+0.730,-1.627,2,+0.000,+0.073,+0.09258,+0.073,+2.315,-0.146,+0.000,+0.730,+2.898,0,+0.227,+0.096,+0.723,+1.349
DRV,721830,+0.0000,+0.0000,+0.0000,+0.0000,+0.0000,+0.0000,+0.000,+0.000,-0.00131,-0.0956,+0.0000,+3.825,+0.000,+0.015,-0.10579,+0.015,-2.645,-0.030,+0.000,+0.306,-2.368,0,+0.000,+0.035,+0.09101,+0.035,+2.275,-0.070,+0.000,+0.306,+2.512,2,+0.000,+0.012,-0.09003,+0.012,-2.251,-0.024,+0.000,+0.306,-1.969,0,+0.000,+0.011,+0.09105,+0.011,+2.276,-0.023,+0.000,+0.306,+2.559,0,+0.026,+0.047,+0.191,+0.543
DRV,721834,+0.0000,+0.0000,+0.0000,+0.0000,+0.0000,+0.0000,+0.000,+0.000,-0.00169,-0.0954,+0.0000,+3.818,+0.000,-0.004,-0.10464,-0.004,-2.616,+0.009,+0.000,+0.305,-2.302,2,+0.000,+0.043,+0.08986,+0.043,+2.247,-0.087,+0.000,+0.305,+2.465,2,+0.000,+0.068,-0.09080,+0.068,-2.270,-0.135,+0.000,+0.305,-2.100,0,+0.000,+0.004,+0.09105,+0.004,+2.276,-0.009,+0.000,+0.305,+2.573,2,+0.000,+0.111,+0.271,+0.365
DRV,721838,+0.0000,+0.0000,+0.0000,+0.0000,+0.0000,+0.0000,+0.000,+0.000,-0.00144,+0.1138,+0.0000,-4.550,+0.000,+0.151,-0.10810,+0.151,-2.702,-0.302,+0.000,-0.364,-3.369,2,+0.000,+0.086,+0.08833,+0.086,+2.208,-0.172,+0.000,-0.364,+1.673,2,+0.000,+0.118,-0.09271,+0.118,-2.318,-0.236,+0.000,-0.364,-2.917,2,+0.000,+0.122,+0.08875,+0.122,+2.219,-0.244,+0.000,-0.364,+1.610,2,+0.273,+0.204,-1.758,-1.245
DRV,721842,+0.0000,+0.0000,+0.0000,+0.0000,+0.0000,+0.0000,+0.000,+0.000,-0.00099,+0.1135,+0.0000,-4.541,+0.000,-0.103,-0.10771,-0.103,-2.693,+0.205,+0.000,-0.363,-2.851,2,+0.000,+0.005,+0.08718,+0.005,+2.179,-0.010,+0.000,-0.363,+1.806,2,+0.000,-0.030,-0.09348,-0.030,-2.337,+0.059,+0.000,-0.363,-2.641,2,+0.000,-0.013,+0.08760,-0.013,+2.190,+0.027,+0.000,-0.363,+1.853,2,-0.116,-0.024,-0.998,-0.836
DRV,721846,+0.0000,+0.0000,+0.0000,+0.0000,+0.0000,+0.0000,+0.000,+0.000,-0.00024,+0.2117,+0.0000,-8.468,+0.000,+0.159,-0.10886,+0.159,-2.722,-0.319,+0.000,-0.677,-3.718,2,+0.000,+0.002,+0.08795,+0.002,+2.199,-0.004,+0.000,-0.677,+1.517,2,+0.000,+0.106,-0.09425,+0.106,-2.356,-0.213,+0.000,-0.677,-3.246,2,+0.000,+0.081,+0.08721,+0.081,+2.180,-0.162,+0.000,-0.677,+1.341,2,+0.240,+0.108,-2.377,-1.729
DRV,721850,+0.0000,+0.0000,+0.0000,+0.0000,+0.0000,+0.0000,+0.000,+0.000,+0.00061,+0.2113,+0.0000,-8.451,+0.000,-0.160,-0.10925,-0.160,-2.731,+0.320,+0.000,-0.676,-3.087,2,+0.000,+0.006,+0.08680,+0.006,+2.170,-0.012,+0.000,-0.676,+1.481,2,+0.000,-0.050,-0.09502,-0.050,-2.375,+0.100,+0.000,-0.676,-2.951,2,+0.000,-0.010,+0.08606,-0.010,+2.152,+0.020,+0.000,-0.676,+1.496,2,-0.170,-0.044,-1.591,-1.470
DRV,721854,+0.0000,+0.0000,+0.0000,+0.0000,+0.0000,+0.0000,+0.000,+0.000,+0.00119,+0.1231,+0.0000,-4.924,+0.000,+0.070,-0.10771,+0.070,-2.693,-0.139,+0.000,-0.394,-3.226,2,+0.000,-0.059,+0.08833,-0.059,+2.208,+0.118,+0.000,-0.394,+1.933,2,+0.000,-0.009,-0.09348,-0.009,-2.337,+0.017,+0.000,-0.394,-2.714,2,+0.000,-0.031,+0.08760,-0.031,+2.190,+0.063,+0.000,-0.394,+1.859,2,+0.038,-0.068,-1.367,-0.781
DRV,721858,+0.0000,+0.0000,+0.0000,+0.0000,+0.0000,+0.0000,+0.000,+0.000,+0.00168,+0.1228,+0.0000,-4.914,+0.000,-0.124,-0.10810,-0.124,-2.702,+0.247,+0.000,-0.393,-2.848,2,+0.000,+0.013,+0.08833,+0.013,+2.208,-0.027,+0.000,-0.393,+1.788,0,+0.000,-0.047,-0.09348,-0.047,-2.337,+0.094,+0.000,-0.393,-2.636,2,+0.000,-0.008,+0.08760,-0.008,+2.190,+0.016,+0.000,-0.393,+1.813,2,-0.132,-0.034,-1.035,-0.847
DRV,721862,+0.0000,+0.0000,+0.0000,+0.0000,+0.0000,+0.0000,+0.000,+0.000,+0.00158,-0.0736,+0.0000,+2.946,+0.000,-0.016,-0.10503,-0.016,-2.626,+0.031,+0.000,+0.236,-2.359,2,+0.000,-0.154,+0.09063,-0.154,+2.266,+0.308,+0.000,+0.236,+2.809,0,+0.000,-0.100,-0.09041,-0.100,-2.260,+0.200,+0.000,+0.236,-1.824,2,+0.000,-0.105,+0.09028,-0.105,+2.257,+0.210,+0.000,+0.236,+2.702,0,-0.121,-0.254,+0.344,+0.985
DRV,721866,+0.0000,+0.0000,+0.0000,+0.0000,+0.0000,+0.0000,+0.000,+0.000,+0.00129,-0.0735,+0.0000,+2.940,+0.000,-0.017,-0.10579,-0.017,-2.645,+0.034,+0.000,+0.235,-2.375,0,+0.000,+0.021,+0.09140,+0.021,+2.285,-0.043,+0.000,+0.235,+2.477,0,+0.000,+0.036,-0.09080,+0.036,-2.270,-0.072,+0.000,+0.235,-2.106,0,+0.000,+0.021,+0.09066,+0.021,+2.267,-0.041,+0.000,+0.235,+2.461,0,+0.003,+0.057,+0.085,+0.371
DRV,721870,+0.0000,+0.0000,+0.0000,+0.0000,+0.0000,+0.0000,+0.000,+0.000,+0.00061,-0.2010,+0.0000,+8.040,+0.000,-0.142,-0.10311,-0.142,-2.578,+0.284,+0.000,+0.643,-1.650,0,+0.000,-0.025,+0.09025,-0.025,+2.256,+0.051,+0.000,+0.643,+2.950,2,+0.000,-0.123,-0.08850,-0.123,-2.212,+0.246,+0.000,+0.643,-1.323,0,+0.000,-0.116,+0.09181,-0.116,+2.295,+0.233,+0.000,+0.643,+3.171,2,-0.258,-0.148,+1.521,+1.627
DRV,721874,+0.0000,+0.0000,+0.0000,+0.0000,+0.0000,+0.0000,+0.000,+0.000,-0.00019,-0.2006,+0.0000,+8.024,+0.000,+0.127,-0.10426,+0.127,-2.607,-0.254,+0.000,+0.642,-2.218,2,+0.000,-0.050,+0.09293,-0.050,+2.323,+0.099,+0.000,+0.642,+3.064,2,+0.000,+0.079,-0.08850,+0.079,-2.212,-0.158,+0.000,+0.642,-1.729,2,+0.000,+0.045,+0.09258,+0.045,+2.315,-0.090,+0.000,+0.642,+2.867,2,+0.172,+0.030,+0.648,+1.336
DRV,721878,+0.0000,+0.0000,+0.0000,+0.0000,+0.0000,+0.0000,+0.000,+0.000,-0.00084,-0.1486,+0.0000,+5.944,+0.000,-0.085,-0.10464,-0.085,-2.616,+0.170,+0.000,+0.476,-1.971,2,+0.000,+0.125,+0.09063,+0.125,+2.266,-0.250,+0.000,+0.476,+2.491,2,+0.000,-0.005,-0.08965,-0.005,-2.241,+0.010,+0.000,+0.476,-1.755,2,+0.000,+0.006,+0.09143,+0.006,+2.286,-0.011,+0.000,+0.476,+2.750,2,-0.079,+0.120,+0.779,+0.736
DRV,721882,+0.0000,+0.0000,+0.0000,+0.0000,+0.0000,+0.0000,+0.000,+0.000,-0.00143,-0.1483,+0.0000,+5.932,+0.000,+0.089,-0.10426,+0.089,-2.607,-0.177,+0.000,+0.475,-2.309,2,+0.000,-0.076,+0.09063,-0.076,+2.266,+0.153,+0.000,+0.475,+2.893,2,+0.000,+0.041,-0.08926,+0.041,-2.232,-0.083,+0.000,+0.475,-1.840,2,+0.000,+0.004,+0.09181,+0.004,+2.295,-0.008,+0.000,+0.475,+2.762,2,+0.093,-0.035,+0.453,+1.053
DRV,721886,+0.0000,+0.0000,+0.0000,+0.0000,+0.0000,+0.0000,+0.000,+0.000,-0.00149,+0.0318,+0.0000,-1.270,+0.000,+0.031,-0.10695,+0.031,-2.674,-0.061,+0.000,-0.102,-2.836,2,+0.000,+0.167,+0.08910,+0.167,+2.227,-0.335,+0.000,-0.102,+1.791,2,+0.000,+0.101,-0.09233,+0.101,-2.308,-0.201,+0.000,-0.102,-2.611,2,+0.000,+0.114,+0.08913,+0.114,+2.228,-0.229,+0.000,-0.102,+1.898,2,+0.145,+0.268,-0.939,-0.820
DRV,721890,+0.0000,+0.0000,+0.0000,+0.0000,+0.0000,+0.0000,+0.000,+0.000,-0.00136,+0.0317,+0.0000,-1.268,+0.000,-0.001,-0.10618,-0.001,-2.654,+0.003,+0.000,-0.101,-2.753,2,+0.000,-0.069,+0.08756,-0.069,+2.189,+0.138,+0.000,-0.101,+2.226,2,+0.000,-0.037,-0.09233,-0.037,-2.308,+0.074,+0.000,-0.101,-2.335,2,+0.000,-0.016,+0.08875,-0.016,+2.219,+0.032,+0.000,-0.101,+2.150,2,-0.018,-0.106,-0.603,-0.109
DRV,721894,+0.0000,+0.0000,+0.0000,+0.0000,+0.0000,+0.0000,+0.000,+0.000,-0.00078,+0.1811,+0.0000,-7.243,+0.000,+0.105,-0.10963,+0.105,-2.741,-0.210,+0.000,-0.579,-3.530,2,+0.000,+0.084,+0.08871,+0.084,+2.218,-0.168,+0.000,-0.579,+1.471,2,+0.000,+0.135,-0.09425,+0.135,-2.356,-0.271,+0.000,-0.579,-3.206,2,+0.000,+0.129,+0.08721,+0.129,+2.180,-0.258,+0.000,-0.579,+1.342,2,+0.234,+0.219,-2.188,-1.736
DRV,721898,+0.0000,+0.0000,+0.0000,+0.0000,+0.0000,+0.0000,+0.000,+0.000,-0.00006,+0.1807,+0.0000,-7.228,+0.000,-0.096,-0.10771,-0.096,-2.693,+0.192,+0.000,-0.578,-3.079,2,+0.000,+0.005,+0.08603,+0.005,+2.151,-0.010,+0.000,-0.578,+1.562,0,+0.000,-0.079,-0.09425,-0.079,-2.356,+0.157,+0.000,-0.578,-2.777,2,+0.000,-0.070,+0.08683,-0.070,+2.171,+0.140,+0.000,-0.578,+1.733,2,-0.166,-0.073,-1.347,-1.215
DRV,721902,+0.0000,+0.0000,+0.0000,+0.0000,+0.0000,+0.0000,+0.000,+0.000,+0.00064,+0.1740,+0.0000,-6.959,+0.000,+0.084,-0.10925,+0.084,-2.731,-0.169,+0.000,-0.557,-3.457,0,+0.000,-0.058,+0.08871,-0.058,+2.218,+0.115,+0.000,-0.557,+1.777,0,+0.000,+0.068,-0.09425,+0.068,-2.356,-0.136,+0.000,-0.557,-3.049,2,+0.000,+0.037,+0.08683,+0.037,+2.171,-0.074,+0.000,-0.557,+1.540,0,+0.122,+0.010,-1.917,-1.273
DRV,721906,+0.0000,+0.0000,+0.0000,+0.0000,+0.0000,+0.0000,+0.000,+0.000,+0.00134,+0.1736,+0.0000,-6.945,+0.000,-0.136,-0.10810,-0.136,-2.702,+0.273,+0.000,-0.556,-2.985,0,+0.000,+0.083,+0.08756,+0.083,+2.189,-0.166,+0.000,-0.556,+1.468,2,+0.000,-0.121,-0.09348,-0.121,-2.337,+0.241,+0.000,-0.556,-2.651,0,+0.000,-0.025,+0.08683,-0.025,+2.171,+0.050,+0.000,-0.556,+1.665,2,-0.161,-0.038,-1.320,-1.184
DRV,721910,+0.0000,+0.0000,+0.0000,+0.0000,+0.0000,+0.0000,+0.000,+0.000,+0.00154,+0.0089,+0.0000,-0.357,+0.000,+0.000,-0.10656,+0.000,-2.664,+0.000,+0.000,-0.029,-2.693,2,+0.000,-0.177,+0.08948,-0.177,+2.237,+0.354,+0.000,-0.029,+2.562,2,+0.000,-0.050,-0.09195,-0.050,-2.299,+0.099,+0.000,-0.029,-2.228,2,+0.000,-0.073,+0.08913,-0.073,+2.228,+0.147,+0.000,-0.029,+2.347,2,-0.073,-0.226,-0.346,+0.334
DRV,721914,+0.0000,+0.0000,+0.0000,+0.0000,+0.0000,+0.0000,+0.000,+0.000,+0.00157,+0.0089,+0.0000,-0.357,+0.000,-0.081,-0.10579,-0.081,-2.645,+0.162,+0.000,-0.029,-2.511,2,+0.000,+0.020,+0.09178,+0.020,+2.295,-0.039,+0.000,-0.029,+2.227,2,+0.000,+0.001,-0.09156,+0.001,-2.289,-0.002,+0.000,-0.029,-2.320,2,+0.000,-0.005,+0.08951,-0.005,+2.238,+0.010,+0.000,-0.029,+2.220,2,-0.086,+0.021,-0.291,-0.093
DRV,721918,+0.0000,+0.0000,+0.0000,+0.0000,+0.0000,+0.0000,+0.000,+0.000,+0.00109,-0.1629,+0.0000,+6.515,+0.000,-0.067,-0.10349,-0.067,-2.587,+0.134,+0.000,+0.521,-1.933,2,+0.000,+0.003,+0.08986,+0.003,+2.247,-0.007,+0.000,+0.521,+2.761,2,+0.000,-0.138,-0.08888,-0.138,-2.222,+0.277,+0.000,+0.521,-1.424,2,+0.000,-0.124,+0.09143,-0.124,+2.286,+0.248,+0.000,+0.521,+3.055,2,-0.191,-0.135,+1.122,+1.337
DRV,721922,+0.0000,+0.0000,+0.0000,+0.0000,+0.0000,+0.0000,+0.000,+0.000,+0.00044,-0.1626,+0.0000,+6.502,+0.000,+0.043,-0.10311,+0.043,-2.578,-0.087,+0.000,+0.520,-2.144,2,+0.000,-0.109,+0.09370,-0.109,+2.342,+0.217,+0.000,+0.520,+3.080,2,+0.000,+0.080,-0.08888,+0.080,-2.222,-0.159,+0.000,+0.520,-1.861,2,+0.000,+0.009,+0.09296,+0.009,+2.324,-0.018,+0.000,+0.520,+2.826,2,+0.052,-0.029,+0.682,+1.219
DRV,721926,+0.0000,+0.0000,+0.0000,+0.0000,+0.0000,+0.0000,+0.000,+0.000,-0.00031,-0.1963,+0.0000,+7.851,+0.000,-0.062,-0.10273,-0.062,-2.568,+0.124,+0.000,+0.628,-1.816,2,+0.000,+0.146,+0.09063,+0.146,+2.266,-0.293,+0.000,+0.628,+2.601,2,+0.000,-0.091,-0.08888,-0.091,-2.222,+0.181,+0.000,+0.628,-1.413,2,+0.000,-0.026,+0.09220,-0.026,+2.305,+0.051,+0.000,+0.628,+2.985,2,-0.088,+0.056,+1.168,+1.188
DRV,721930,+0.0000,+0.0000,+0.0000,+0.0000,+0.0000,+0.0000,+0.000,+0.000,-0.00109,-0.1959,+0.0000,+7.835,+0.000,+0.097,-0.10349,+0.097,-2.587,-0.195,+0.000,+0.627,-2.155,2,+0.000,-0.114,+0.09216,-0.114,+2.304,+0.228,+0.000,+0.627,+3.159,2,+0.000,+0.102,-0.08850,+0.102,-2.212,-0.204,+0.000,+0.627,-1.790,2,+0.000,+0.032,+0.09258,+0.032,+2.315,-0.064,+0.000,+0.627,+2.877,2,+0.129,-0.012,+0.722,+1.369
DRV,721934,+0.0000,+0.0000,+0.0000,+0.0000,+0.0000,+0.0000,+0.000,+0.000,-0.00150,-0.0689,+0.0000,+2.756,+0.000,+0.000,-0.10464,+0.000,-2.616,+0.000,+0.000,+0.221,-2.396,2,+0.000,+0.231,+0.08986,+0.231,+2.247,-0.463,+0.000,+0.221,+2.005,0,+0.000,+0.015,-0.09041,+0.015,-2.260,-0.030,+0.000,+0.221,-2.069,2,+0.000,+0.039,+0.09105,+0.039,+2.276,-0.077,+0.000,+0.221,+2.419,2,+0.039,+0.246,+0.024,-0.065
DRV,721938,+0.0000,+0.0000,+0.0000,+0.0000,+0.0000,+0.0000,+0.000,+0.000,-0.00177,-0.0688,+0.0000,+2.751,+0.000,+0.099,-0.10541,+0.099,-2.635,-0.198,+0.000,+0.220,-2.614,0,+0.000,-0.127,+0.08948,-0.127,+2.237,+0.255,+0.000,+0.220,+2.712,0,+0.000,+0.072,-0.09080,+0.072,-2.270,-0.143,+0.000,+0.220,-2.193,2,+0.000,+0.039,+0.09066,+0.039,+2.267,-0.078,+0.000,+0.220,+2.408,0,+0.138,-0.056,-0.205,+0.519
DRV,721942,+0.0000,+0.0000,+0.0000,+0.0000,+0.0000,+0.0000,+0.000,+0.000,-0.00147,+0.1223,+0.0000,-4.892,+0.000,+0.099,-0.10771,+0.099,-2.693,-0.198,+0.000,-0.391,-3.283,2,+0.000,+0.059,+0.08986,+0.059,+2.247,-0.117,+0.000,-0.391,+1.738,2,+0.000,+0.089,-0.09348,+0.089,-2.337,-0.178,+0.000,-0.391,-2.907,0,+0.000,+0.106,+0.08798,+0.106,+2.199,-0.212,+0.000,-0.391,+1.596,0,+0.205,+0.148,-1.686,-1.169
DRV,721946,+0.0000,+0.0000,+0.0000,+0.0000,+0.0000,+0.0000,+0.000,+0.000,-0.00099,+0.1220,+0.0000,-4.882,+0.000,-0.034,-0.10771,-0.034,-2.693,+0.069,+0.000,-0.391,-3.015,2,+0.000,+0.069,+0.08564,+0.069,+2.141,-0.137,+0.000,-0.391,+1.613,2,+0.000,-0.031,-0.09348,-0.031,-2.337,+0.061,+0.000,-0.391,-2.667,0,+0.000,-0.021,+0.08760,-0.021,+2.190,+0.041,+0.000,-0.391,+1.840,2,-0.055,+0.038,-1.174,-1.053
DRV,721950,+0.0000,+0.0000,+0.0000,+0.0000,+0.0000,+0.0000,+0.000,+0.000,-0.00024,+0.2069,+0.0000,-8.276,+0.000,+0.107,-0.10886,+0.107,-2.722,-0.214,+0.000,-0.662,-3.597,2,+0.000,-0.108,+0.08833,-0.108,+2.208,+0.216,+0.000,-0.662,+1.762,2,+0.000,+0.109,-0.09425,+0.109,-2.356,-0.217,+0.000,-0.662,-3.236,2,+0.000,+0.079,+0.08760,+0.079,+2.190,-0.157,+0.000,-0.662,+1.370,2,+0.185,+0.001,-2.227,-1.474
DRV,721954,+0.0000,+0.0000,+0.0000,+0.0000,+0.0000,+0.0000,+0.000,+0.000,+0.00058,+0.2065,+0.0000,-8.259,+0.000,-0.094,-0.10925,-0.094,-2.731,+0.189,+0.000,-0.661,-3.203,2,+0.000,+0.117,+0.08718,+0.117,+2.179,-0.234,+0.000,-0.661,+1.285,2,+0.000,-0.079,-0.09463,-0.079,-2.366,+0.157,+0.000,-0.661,-2.869,2,+0.000,-0.021,+0.08645,-0.021,+2.161,+0.041,+0.000,-0.661,+1.541,2,-0.115,+0.038,-1.662,-1.584
DRV,721958,+0.0000,+0.0000,+0.0000,+0.0000,+0.0000,+0.0000,+0.000,+0.000,+0.00115,+0.1189,+0.0000,-4.754,+0.000,-0.004,-0.10733,-0.004,-2.683,+0.009,+0.000,-0.380,-3.055,2,+0.000,-0.149,+0.08795,-0.149,+2.199,+0.298,+0.000,-0.380,+2.116,2,+0.000,-0.026,-0.09271,-0.026,-2.318,+0.051,+0.000,-0.380,-2.647,2,+0.000,-0.046,+0.08836,-0.046,+2.209,+0.092,+0.000,-0.380,+1.920,2,-0.050,-0.175,-1.135,-0.531
DRV,721962,+0.0000,+0.0000,+0.0000,+0.0000,+0.0000,+0.0000,+0.000,+0.000,+0.00162,+0.1186,+0.0000,-4.745,+0.000,-0.055,-0.10771,-0.055,-2.693,+0.110,+0.000,-0.380,-2.963,2,+0.000,-0.010,+0.09063,-0.010,+2.266,+0.021,+0.000,-0.380,+1.907,2,+0.000,-0.007,-0.09310,-0.007,-2.327,+0.014,+0.000,-0.380,-2.693,2,+0.000,-0.004,+0.08836,-0.004,+2.209,+0.009,+0.000,-0.380,+1.838,2,-0.059,-0.018,-1.125,-0.786
DRV,721966,+0.0000,+0.0000,+0.0000,+0.0000,+0.0000,+0.0000,+0.000,+0.000,+0.00152,-0.0726,+0.0000,+2.902,+0.000,-0.100,-0.10426,-0.100,-2.607,+0.200,+0.000,+0.232,-2.174,2,+0.000,-0.015,+0.08948,-0.015,+2.237,+0.031,+0.000,+0.232,+2.500,2,+0.000,-0.139,-0.08926,-0.139,-2.232,+0.278,+0.000,+0.232,-1.722,2,+0.000,-0.126,+0.09105,-0.126,+2.276,+0.252,+0.000,+0.232,+2.760,2,-0.226,-0.154,+0.586,+0.778
DRV,721970,+0.0000,+0.0000,+0.0000,+0.0000,+0.0000,+0.0000,+0.000,+0.000,+0.00123,-0.0724,+0.0000,+2.896,+0.000,+0.032,-0.10503,+0.032,-2.626,-0.064,+0.000,+0.232,-2.458,2,+0.000,-0.069,+0.09255,-0.069,+2.314,+0.138,+0.000,+0.232,+2.684,0,+0.000,+0.066,-0.09003,+0.066,-2.251,-0.132,+0.000,+0.232,-2.151,2,+0.000,+0.025,+0.09181,+0.025,+2.295,-0.050,+0.000,+0.232,+2.477,2,+0.057,-0.003,+0.020,+0.533
DRV,721974,+0.0000,+0.0000,+0.0000,+0.0000,+0.0000,+0.0000,+0.000,+0.000,+0.00052,-0.2121,+0.0000,+8.485,+0.000,-0.143,-0.10196,-0.143,-2.549,+0.285,+0.000,+0.679,-1.585,0,+0.000,+0.021,+0.09216,+0.021,+2.304,-0.041,+0.000,+0.679,+2.942,0,+0.000,-0.144,-0.08773,-0.144,-2.193,+0.289,+0.000,+0.679,-1.225,2,+0.000,-0.116,+0.09335,-0.116,+2.334,+0.233,+0.000,+0.679,+3.245,0,-0.259,-0.124,+1.660,+1.716
DRV,721978,+0.0000,+0.0000,+0.0000,+0.0000,+0.0000,+0.0000,+0.000,+0.000,-0.00032,-0.2117,+0.0000,+8.468,+0.000,+0.138,-0.10388,+0.138,-2.597,-0.276,+0.000,+0.677,-2.195,0,+0.000,-0.041,+0.09255,-0.041,+2.314,+0.082,+0.000,+0.677,+3.073,0,+0.000,+0.093,-0.08811,+0.093,-2.203,-0.187,+0.000,+0.677,-1.712,0,+0.000,+0.091,+0.09296,+0.091,+2.324,-0.182,+0.000,+0.677,+2.819,0,+0.229,+0.052,+0.624,+1.361
DRV,721982,+0.0000,+0.0000,+0.0000,+0.0000,+0.0000,+0.0000,+0.000,+0.000,-0.00103,-0.1650,+0.0000,+6.601,+0.000,-0.082,-0.10388,-0.082,-2.597,+0.164,+0.000,+0.528,-1.905,2,+0.000,+0.076,+0.09178,+0.076,+2.295,-0.152,+0.000,+0.528,+2.671,2,+0.000,-0.014,-0.08888,-0.014,-2.222,+0.029,+0.000,+0.528,-1.665,0,+0.000,+0.000,+0.09220,+0.000,+2.305,+0.000,+0.000,+0.528,+2.833,2,-0.082,+0.062,+0.928,+1.006
DRV,721986,+0.0000,+0.0000,+0.0000,+0.0000,+0.0000,+0.0000,+0.000,+0.000,-0.00169,-0.1647,+0.0000,+6.588,+0.000,+0.117,-0.10388,+0.117,-2.597,-0.235,+0.000,+0.527,-2.305,2,+0.000,+0.006,+0.09063,+0.006,+2.266,-0.011,+0.000,+0.527,+2.781,2,+0.000,+0.060,-0.08888,+0.060,-2.222,-0.119,+0.000,+0.527,-1.814,2,+0.000,+0.054,+0.09220,+0.054,+2.305,-0.108,+0.000,+0.527,+2.724,2,+0.171,+0.065,+0.420,+0.967
DRV,721990,+0.0000,+0.0000,+0.0000,+0.0000,+0.0000,+0.0000,+0.000,+0.000,-0.00179,+0.0213,+0.0000,-0.850,+0.000,+0.061,-0.10695,+0.061,-2.674,-0.121,+0.000,-0.068,-2.863,2,+0.000,+0.101,+0.08986,+0.101,+2.247,-0.202,+0.000,-0.068,+1.976,2,+0.000,+0.103,-0.09195,+0.103,-2.299,-0.206,+0.000,-0.068,-2.573,2,+0.000,+0.102,+0.08951,+0.102,+2.238,-0.203,+0.000,-0.068,+1.967,2,+0.162,+0.204,-0.896,-0.596
DRV,721994,+0.0000,+0.0000,+0.0000,+0.0000,+0.0000,+0.0000,+0.000,+0.000,-0.00171,+0.0212,+0.0000,-0.848,+0.000,-0.006,-0.10656,-0.006,-2.664,+0.012,+0.000,-0.068,-2.720,2,+0.000,+0.044,+0.08718,+0.044,+2.179,-0.088,+0.000,-0.068,+2.024,2,+0.000,+0.000,-0.09233,+0.000,-2.308,+0.000,+0.000,-0.068,-2.376,2,+0.000,+0.000,+0.08875,+0.000,+2.219,+0.000,+0.000,-0.068,+2.151,2,-0.006,+0.044,-0.569,-0.352
DRV,721998,+0.0000,+0.0000,+0.0000,+0.0000,+0.0000,+0.0000,+0.000,+0.000,-0.00110,+0.1956,+0.0000,-7.824,+0.000,+0.137,-0.10963,+0.137,-2.741,-0.274,+0.000,-0.626,-3.640,2,+0.000,+0.000,+0.08756,+0.000,+2.189,+0.000,+0.000,-0.626,+1.563,2,+0.000,+0.136,-0.09463,+0.136,-2.366,-0.272,+0.000,-0.626,-3.264,2,+0.000,+0.133,+0.08683,+0.133,+2.171,-0.265,+0.000,-0.626,+1.280,2,+0.269,+0.136,-2.361,-1.700
DRV,722002,+0.0000,+0.0000,+0.0000,+0.0000,+0.0000,+0.0000,+0.000,+0.000,-0.00032,+0.1952,+0.0000,-7.809,+0.000,-0.093,-0.10886,-0.093,-2.722,+0.185,+0.000,-0.625,-3.161,2,+0.000,+0.042,+0.08603,+0.042,+2.151,-0.084,+0.000,-0.625,+1.442,2,+0.000,-0.077,-0.09502,-0.077,-2.375,+0.154,+0.000,-0.625,-2.847,2,+0.000,-0.048,+0.08606,-0.048,+2.152,+0.096,+0.000,-0.625,+1.623,2,-0.141,-0.035,-1.538,-1.404
DRV,722006,+0.0000,+0.0000,+0.0000,+0.0000,+0.0000,+0.0000,+0.000,+0.000,+0.00054,+0.2198,+0.0000,-8.793,+0.000,+0.084,-0.10963,+0.084,-2.741,-0.169,+0.000,-0.703,-3.613,2,+0.000,-0.052,+0.08680,-0.052,+2.170,+0.105,+0.000,-0.703,+1.571,2,+0.000,+0.061,-0.09463,+0.061,-2.366,-0.122,+0.000,-0.703,-3.191,2,+0.000,+0.029,+0.08645,+0.029,+2.161,-0.058,+0.000,-0.703,+1.400,2,+0.113,+0.009,-2.213,-1.620
DRV,722010,+0.0000,+0.0000,+0.0000,+0.0000,+0.0000,+0.0000,+0.000,+0.000,+0.00142,+0.2194,+0.0000,-8.775,+0.000,-0.147,-0.10810,-0.147,-2.702,+0.294,+0.000,-0.702,-3.111,2,+0.000,-0.019,+0.08756,-0.019,+2.189,+0.038,+0.000,-0.702,+1.525,0,+0.000,-0.126,-0.09386,-0.126,-2.347,+0.252,+0.000,-0.702,-2.797,2,+0.000,-0.084,+0.08683,-0.084,+2.171,+0.168,+0.000,-0.702,+1.637,2,-0.231,-0.145,-1.474,-1.272
DRV,722014,+0.0000,+0.0000,+0.0000,+0.0000,+0.0000,+0.0000,+0.000,+0.000,+0.00177,+0.0450,+0.0000,-1.801,+0.000,-0.005,-0.10656,-0.005,-2.664,+0.010,+0.000,-0.144,-2.799,0,+0.000,-0.117,+0.08871,-0.117,+2.218,+0.234,+0.000,-0.144,+2.307,0,+0.000,-0.019,-0.09195,-0.019,-2.299,+0.038,+0.000,-0.144,-2.405,2,+0.000,-0.058,+0.08913,-0.058,+2.228,+0.116,+0.000,-0.144,+2.200,0,-0.063,-0.136,-0.598,-0.097
DRV,722018,+0.0000,+0.0000,+0.0000,+0.0000,+0.0000,+0.0000,+0.000,+0.000,+0.00174,-0.0615,+0.0000,+2.459,+0.000,-0.082,-0.10579,-0.082,-2.645,+0.164,+0.000,+0.197,-2.284,0,+0.000,-0.021,+0.09063,-0.021,+2.266,+0.041,+0.000,+0.197,+2.503,2,+0.000,-0.082,-0.09118,-0.082,-2.280,+0.163,+0.000,+0.197,-1.920,0,+0.000,-0.034,+0.08990,-0.034,+2.247,+0.068,+0.000,+0.197,+2.512,2,-0.116,-0.102,+0.228,+0.584
DRV,722022,+0.0000,+0.0000,+0.0000,+0.0000,+0.0000,+0.0000,+0.000,+0.000,+0.00107,-0.1677,+0.0000,+6.707,+0.000,-0.073,-0.10349,-0.073,-2.587,+0.147,+0.000,+0.537,-1.904,2,+0.000,-0.048,+0.09101,-0.048,+2.275,+0.096,+0.000,+0.537,+2.908,2,+0.000,-0.102,-0.08888,-0.102,-2.222,+0.203,+0.000,+0.537,-1.482,2,+0.000,-0.110,+0.09220,-0.110,+2.305,+0.219,+0.000,+0.537,+3.061,2,-0.183,-0.150,+1.157,+1.426
DRV,722026,+0.0000,+0.0000,+0.0000,+0.0000,+0.0000,+0.0000,+0.000,+0.000,+0.00032,-0.2064,+0.0000,+8.258,+0.000,+0.047,-0.10388,+0.047,-2.597,-0.093,+0.000,+0.661,-2.030,2,+0.000,-0.027,+0.09255,-0.027,+2.314,+0.053,+0.000,+0.661,+3.028,2,+0.000,+0.039,-0.08888,+0.039,-2.222,-0.077,+0.000,+0.661,-1.639,2,+0.000,+0.036,+0.09220,+0.036,+2.305,-0.072,+0.000,+0.661,+2.894,2,+0.082,+0.012,+0.864,+1.389
DRV,722030,+0.0000,+0.0000,+0.0000,+0.0000,+0.0000,+0.0000,+0.000,+0.000,-0.00066,-0.2451,+0.0000,+9.804,+0.000,-0.089,-0.10234,-0.089,-2.559,+0.178,+0.000,+0.784,-1.596,2,+0.000,+0.000,+0.09255,+0.000,+2.314,+0.000,+0.000,+0.784,+3.098,2,+0.000,-0.071,-0.08811,-0.071,-2.203,+0.142,+0.000,+0.784,-1.276,2,+0.000,-0.068,+0.09296,-0.068,+2.324,+0.136,+0.000,+0.784,+3.245,2,-0.157,-0.071,+1.649,+1.822
DRV,722034,+0.0000,+0.0000,+0.0000,+0.0000,+0.0000,+0.0000,+0.000,+0.000,-0.00149,-0.1688,+0.0000,+6.751,+0.000,+0.129,-0.10388,+0.129,-2.597,-0.258,+0.000,+0.540,-2.315,2,+0.000,+0.046,+0.09140,+0.046,+2.285,-0.093,+0.000,+0.540,+2.733,2,+0.000,+0.097,-0.08850,+0.097,-2.212,-0.194,+0.000,+0.540,-1.866,2,+0.000,+0.106,+0.09220,+0.106,+2.305,-0.212,+0.000,+0.540,+2.633,2,+0.235,+0.143,+0.318,+0.867
DRV,722038,+0.0000,+0.0000,+0.0000,+0.0000,+0.0000,+0.0000,+0.000,+0.000,-0.00186,-0.0927,+0.0000,+3.708,+0.000,-0.050,-0.10426,-0.050,-2.607,+0.099,+0.000,+0.297,-2.211,2,+0.000,+0.011,+0.09063,+0.011,+2.266,-0.022,+0.000,+0.297,+2.540,2,+0.000,+0.003,-0.09003,+0.003,-2.251,-0.007,+0.000,+0.297,-1.961,2,+0.000,-0.012,+0.09105,-0.012,+2.276,+0.025,+0.000,+0.297,+2.598,2,-0.062,+0.014,+0.387,+0.580
DRV,722042,+0.0000,+0.0000,+0.0000,+0.0000,+0.0000,+0.0000,+0.000,+0.000,-0.00201,+0.0198,+0.0000,-0.790,+0.000,+0.168,-0.10579,+0.168,-2.645,-0.337,+0.000,-0.063,-3.045,2,+0.000,+0.086,+0.08948,+0.086,+2.237,-0.173,+0.000,-0.063,+2.001,2,+0.000,+0.108,-0.09080,+0.108,-2.270,-0.216,+0.000,-0.063,-2.549,2,+0.000,+0.138,+0.09028,+0.138,+2.257,-0.277,+0.000,-0.063,+1.917,2,+0.307,+0.194,-1.128,-0.548
DRV,722046,+0.0000,+0.0000,+0.0000,+0.0000,+0.0000,+0.0000,+0.000,+0.000,-0.00148,+0.1319,+0.0000,-5.275,+0.000,-0.033,-0.10771,-0.033,-2.693,+0.067,+0.000,-0.422,-3.048,2,+0.000,+0.034,+0.08756,+0.034,+2.189,-0.068,+0.000,-0.422,+1.699,0,+0.000,+0.022,-0.09348,+0.022,-2.337,-0.045,+0.000,-0.422,-2.804,2,+0.000,+0.006,+0.08798,+0.006,+2.199,-0.011,+0.000,-0.422,+1.766,2,-0.028,+0.056,-1.282,-1.105
DRV,722050,+0.0000,+0.0000,+0.0000,+0.0000,+0.0000,+0.0000,+0.000,+0.000,-0.00085,+0.1798,+0.0000,-7.191,+0.000,+0.098,-0.10733,+0.098,-2.683,-0.196,+0.000,-0.575,-3.454,0,+0.000,-0.023,+0.08871,-0.023,+2.218,+0.047,+0.000,-0.575,+1.689,0,+0.000,+0.017,-0.09310,+0.017,-2.327,-0.033,+0.000,-0.575,-2.936,2,+0.000,+0.036,+0.08836,+0.036,+2.209,-0.072,+0.000,-0.575,+1.562,0,+0.134,-0.007,-1.892,-1.247
DRV,722054,+0.0000,+0.0000,+0.0000,+0.0000,+0.0000,+0.0000,+0.000,+0.000,+0.00006,+0.2275,+0.0000,-9.101,+0.000,-0.031,-0.10925,-0.031,-2.731,+0.062,+0.000,-0.728,-3.397,0,+0.000,+0.119,+0.08718,+0.119,+2.179,-0.237,+0.000,-0.728,+1.214,2,+0.000,+0.021,-0.09502,+0.021,-2.375,-0.042,+0.000,-0.728,-3.145,0,+0.000,+0.019,+0.08645,+0.019,+2.161,-0.038,+0.000,-0.728,+1.395,0,-0.012,+0.140,-2.002,-1.931
DRV,722058,+0.0000,+0.0000,+0.0000,+0.0000,+0.0000,+0.0000,+0.000,+0.000,+0.00085,+0.1715,+0.0000,-6.858,+0.000,-0.082,-0.10695,-0.082,-2.674,+0.165,+0.000,-0.549,-3.057,2,+0.000,-0.124,+0.08756,-0.124,+2.189,+0.248,+0.000,-0.549,+1.888,2,+0.000,-0.115,-0.09348,-0.115,-2.337,+0.230,+0.000,-0.549,-2.656,0,+0.000,-0.078,+0.08760,-0.078,+2.190,+0.156,+0.000,-0.549,+1.798,2,-0.161,-0.239,-1.260,-0.768
DRV,722062,+0.0000,+0.0000,+0.0000,+0.0000,+0.0000,+0.0000,+0.000,+0.000,+0.00132,+0.1156,+0.0000,-4.623,+0.000,+0.031,-0.10810,+0.031,-2.702,-0.062,+0.000,-0.370,-3.134,2,+0.000,-0.009,+0.08948,-0.009,+2.237,+0.017,+0.000,-0.370,+1.884,2,+0.000,+0.048,-0.09310,+0.048,-2.327,-0.095,+0.000,-0.370,-2.793,2,+0.000,+0.000,+0.08798,+0.000,+2.199,+0.000,+0.000,-0.370,+1.830,2,+0.031,+0.039,-1.305,-0.908
DRV,722066,+0.0000,+0.0000,+0.0000,+0.0000,+0.0000,+0.0000,+0.000,+0.000,+0.00157,+0.0118,+0.0000,-0.474,+0.000,-0.152,-0.10579,-0.152,-2.645,+0.303,+0.000,-0.038,-2.380,2,+0.000,+0.010,+0.08871,+0.010,+2.218,-0.021,+0.000,-0.038,+2.159,2,+0.000,-0.153,-0.09156,-0.153,-2.289,+0.306,+0.000,-0.038,-2.021,2,+0.000,-0.106,+0.08951,-0.106,+2.238,+0.213,+0.000,-0.038,+2.413,2,-0.258,-0.143,+0.033,+0.138
DRV,722070,+0.0000,+0.0000,+0.0000,+0.0000,+0.0000,+0.0000,+0.000,+0.000,+0.00120,-0.0916,+0.0000,+3.663,+0.000,+0.000,-0.10426,+0.000,-2.607,+0.000,+0.000,+0.293,-2.314,2,+0.000,-0.170,+0.09255,-0.170,+2.314,+0.340,+0.000,+0.293,+2.946,2,+0.000,-0.018,-0.08926,-0.018,-2.232,+0.036,+0.000,+0.293,-1.902,2,+0.000,-0.047,+0.09181,-0.047,+2.295,+0.094,+0.000,+0.293,+2.683,2,-0.047,-0.188,+0.369,+1.044
DRV,722074,+0.0000,+0.0000,+0.0000,+0.0000,+0.0000,+0.0000,+0.000,+0.000,+0.00072,-0.1510,+0.0000,+6.039,+0.000,-0.072,-0.10426,-0.072,-2.607,+0.144,+0.000,+0.483,-1.979,2,+0.000,+0.155,+0.09140,+0.155,+2.285,-0.310,+0.000,+0.483,+2.458,2,+0.000,-0.023,-0.09003,-0.023,-2.251,+0.047,+0.000,+0.483,-1.721,2,+0.000,+0.000,+0.09181,+0.000,+2.295,+0.000,+0.000,+0.483,+2.778,2,-0.072,+0.132,+0.799,+0.737
DRV,722078,+0.0000,+0.0000,+0.0000,+0.0000,+0.0000,+0.0000,+0.000,+0.000,-0.00012,-0.2102,+0.0000,+8.409,+0.000,-0.010,-0.10234,-0.010,-2.559,+0.019,+0.000,+0.673,-1.867,2,+0.000,-0.173,+0.09216,-0.173,+2.304,+0.345,+0.000,+0.673,+3.322,2,+0.000,-0.046,-0.08735,-0.046,-2.184,+0.093,+0.000,+0.673,-1.418,2,+0.000,-0.057,+0.09335,-0.057,+2.334,+0.113,+0.000,+0.673,+3.120,2,-0.066,-0.219,+1.253,+1.904
DRV,722082,+0.0000,+0.0000,+0.0000,+0.0000,+0.0000,+0.0000,+0.000,+0.000,-0.00091,-0.1824,+0.0000,+7.296,+0.000,+0.015,-0.10349,+0.015,-2.587,-0.030,+0.000,+0.584,-2.033,2,+0.000,+0.160,+0.09216,+0.160,+2.304,-0.319,+0.000,+0.584,+2.568,2,+0.000,+0.057,-0.08888,+0.057,-2.222,-0.114,+0.000,+0.584,-1.753,2,+0.000,+0.052,+0.09258,+0.052,+2.315,-0.105,+0.000,+0.584,+2.793,2,+0.067,+0.217,+0.760,+0.815
DRV,722086,+0.0000,+0.0000,+0.0000,+0.0000,+0.0000,+0.0000,+0.000,+0.000,-0.00153,-0.1547,+0.0000,+6.186,+0.000,+0.012,-0.10311,+0.012,-2.578,-0.024,+0.000,+0.495,-2.107,0,+0.000,+0.034,+0.09025,+0.034,+2.256,-0.068,+0.000,+0.495,+2.683,0,+0.000,-0.018,-0.08850,-0.018,-2.212,+0.035,+0.000,+0.495,-1.682,2,+0.000,-0.006,+0.09258,-0.006,+2.315,+0.012,+0.000,+0.495,+2.822,0,+0.006,+0.016,+0.715,+1.001
DRV,722090,+0.0000,+0.0000,+0.0000,+0.0000,+0.0000,+0.0000,+0.000,+0.000,-0.00195,-0.0559,+0.0000,+2.236,+0.000,+0.083,-0.10541,+0.083,-2.635,-0.167,+0.000,+0.179,-2.623,0,+0.000,-0.030,+0.09178,-0.030,+2.295,+0.060,+0.000,+0.179,+2.533,2,+0.000,+0.136,-0.09080,+0.136,-2.270,-0.272,+0.000,+0.179,-2.363,0,+0.000,+0.114,+0.09066,+0.114,+2.267,-0.228,+0.000,+0.179,+2.218,0,+0.197,+0.106,-0.406,+0.171
DRV,722094,+0.0000,+0.0000,+0.0000,+0.0000,+0.0000,+0.0000,+0.000,+0.000,-0.00178,+0.0425,+0.0000,-1.702,+0.000,+0.006,-0.10618,+0.006,-2.654,-0.012,+0.000,-0.136,-2.803,2,+0.000,+0.195,+0.08756,+0.195,+2.189,-0.389,+0.000,-0.136,+1.664,2,+0.000,+0.000,-0.09195,+0.000,-2.299,+0.000,+0.000,-0.136,-2.435,0,+0.000,+0.023,+0.08951,+0.023,+2.238,-0.047,+0.000,-0.136,+2.055,2,+0.030,+0.195,-0.748,-0.771
DRV,722098,+0.0000,+0.0000,+0.0000,+0.0000,+0.0000,+0.0000,+0.000,+0.000,-0.00145,+0.1191,+0.0000,-4.763,+0.000,+0.086,-0.10695,+0.086,-2.674,-0.172,+0.000,-0.381,-3.226,2,+0.000,-0.139,+0.08833,-0.139,+2.208,+0.278,+0.000,-0.381,+2.106,2,+0.000,+0.059,-0.09233,+0.059,-2.308,-0.118,+0.000,-0.381,-2.808,2,+0.000,+0.034,+0.08913,+0.034,+2.228,-0.069,+0.000,-0.381,+1.779,2,+0.120,-0.080,-1.448,-0.702
DRV,722102,+0.0000,+0.0000,+0.0000,+0.0000,+0.0000,+0.0000,+0.000,+0.000,-0.00067,+0.1954,+0.0000,-7.816,+0.000,+0.030,-0.10925,+0.030,-2.731,-0.060,+0.000,-0.625,-3.416,2,+0.000,+0.143,+0.08871,+0.143,+2.218,-0.285,+0.000,-0.625,+1.307,2,+0.000,+0.057,-0.09502,+0.057,-2.375,-0.114,+0.000,-0.625,-3.115,2,+0.000,+0.084,+0.08645,+0.084,+2.161,-0.168,+0.000,-0.625,+1.368,2,+0.114,+0.200,-2.048,-1.808
DRV,722106,+0.0000,+0.0000,+0.0000,+0.0000,+0.0000,+0.0000,+0.000,+0.000,+0.00010,+0.1892,+0.0000,-7.566,+0.000,-0.042,-0.10771,-0.042,-2.693,+0.084,+0.000,-0.605,-3.214,2,+0.000,-0.013,+0.08603,-0.013,+2.151,+0.026,+0.000,-0.605,+1.571,2,+0.000,-0.080,-0.09348,-0.080,-2.337,+0.159,+0.000,-0.605,-2.783,2,+0.000,-0.072,+0.08760,-0.072,+2.190,+0.143,+0.000,-0.605,+1.728,2,-0.113,-0.093,-1.487,-1.212
DRV,722110,+0.0000,+0.0000,+0.0000,+0.0000,+0.0000,+0.0000,+0.000,+0.000,+0.00083,+0.1829,+0.0000,-7.317,+0.000,+0.037,-0.10886,+0.037,-2.722,-0.073,+0.000,-0.585,-3.380,2,+0.000,-0.069,+0.08910,-0.069,+2.227,+0.138,+0.000,-0.585,+1.780,2,+0.000,+0.054,-0.09386,+0.054,-2.347,-0.108,+0.000,-0.585,-3.040,2,+0.000,+0.051,+0.08721,+0.051,+2.180,-0.102,+0.000,-0.585,+1.493,2,+0.088,-0.015,-1.887,-1.259
DRV,722114,+0.0000,+0.0000,+0.0000,+0.0000,+0.0000,+0.0000,+0.000,+0.000,+0.00139,+0.0982,+0.0000,-3.929,+0.000,-0.128,-0.10656,-0.128,-2.664,+0.256,+0.000,-0.314,-2.723,2,+0.000,+0.040,+0.08795,+0.040,+2.199,-0.080,+0.000,-0.314,+1.804,2,+0.000,-0.137,-0.09233,-0.137,-2.308,+0.275,+0.000,-0.314,-2.348,2,+0.000,-0.131,+0.08836,-0.131,+2.209,+0.262,+0.000,-0.314,+2.157,2,-0.259,-0.097,-0.566,-0.544
DRV,722118,+0.0000,+0.0000,+0.0000,+0.0000,+0.0000,+0.0000,+0.000,+0.000,+0.00145,+0.0138,+0.0000,-0.551,+0.000,+0.024,-0.10618,+0.024,-2.654,-0.049,+0.000,-0.044,-2.747,2,+0.000,-0.149,+0.09101,-0.149,+2.275,+0.299,+0.000,-0.044,+2.530,2,+0.000,+0.000,-0.09118,+0.000,-2.280,-0.001,+0.000,-0.044,-2.325,2,+0.000,+0.000,+0.08990,+0.000,+2.247,+0.000,+0.000,-0.044,+2.203,2,+0.024,-0.149,-0.544,+0.205
DRV,722122,+0.0000,+0.0000,+0.0000,+0.0000,+0.0000,+0.0000,+0.000,+0.000,+0.00132,-0.0778,+0.0000,+3.111,+0.000,-0.142,-0.10426,-0.142,-2.607,+0.283,+0.000,+0.249,-2.074,2,+0.000,+0.065,+0.09063,+0.065,+2.266,-0.131,+0.000,+0.249,+2.384,0,+0.000,-0.124,-0.09003,-0.124,-2.251,+0.249,+0.000,+0.249,-1.753,2,+0.000,-0.103,+0.09066,-0.103,+2.267,+0.205,+0.000,+0.249,+2.721,0,-0.244,-0.059,+0.646,+0.631
DRV,722126,+0.0000,+0.0000,+0.0000,+0.0000,+0.0000,+0.0000,+0.000,+0.000,+0.00064,-0.1691,+0.0000,+6.762,+0.000,+0.041,-0.10349,+0.041,-2.587,-0.081,+0.000,+0.541,-2.127,0,+0.000,-0.128,+0.09140,-0.128,+2.285,+0.256,+0.000,+0.541,+3.081,0,+0.000,-0.005,-0.08811,-0.005,-2.203,+0.010,+0.000,+0.541,-1.651,0,+0.000,-0.011,+0.09296,-0.011,+2.324,+0.023,+0.000,+0.541,+2.888,0,+0.029,-0.133,+0.761,+1.430
DRV,722130,+0.0000,+0.0000,+0.0000,+0.0000,+0.0000,+0.0000,+0.000,+0.000,-0.00006,-0.1831,+0.0000,+7.323,+0.000,-0.002,-0.10388,-0.002,-2.597,+0.004,+0.000,+0.586,-2.007,0,+0.000,+0.066,+0.09255,+0.066,+2.314,-0.133,+0.000,+0.586,+2.767,2,+0.000,+0.001,-0.08926,+0.001,-2.232,-0.003,+0.000,+0.586,-1.649,0,+0.000,+0.031,+0.09220,+0.031,+2.305,-0.061,+0.000,+0.586,+2.830,2,+0.029,+0.068,+0.823,+1.118
DRV,722134,+0.0000,+0.0000,+0.0000,+0.0000,+0.0000,+0.0000,+0.000,+0.000,-0.00085,-0.1971,+0.0000,+7.883,+0.000,-0.010,-0.10234,-0.010,-2.559,+0.020,+0.000,+0.631,-1.908,2,+0.000,+0.010,+0.09063,+0.010,+2.266,-0.019,+0.000,+0.631,+2.877,2,+0.000,-0.051,-0.08811,-0.051,-2.203,+0.101,+0.000,+0.631,-1.471,2,+0.000,-0.050,+0.09335,-0.050,+2.334,+0.100,+0.000,+0.631,+3.064,2,-0.060,-0.041,+1.157,+1.406
DRV,722138,+0.0000,+0.0000,+0.0000,+0.0000,+0.0000,+0.0000,+0.000,+0.000,-0.00150,-0.1270,+0.0000,+5.079,+0.000,+0.099,-0.10464,+0.099,-2.616,-0.197,+0.000,+0.406,-2.407,2,+0.000,-0.012,+0.09178,-0.012,+2.295,+0.024,+0.000,+0.406,+2.725,2,+0.000,+0.117,-0.08965,+0.117,-2.241,-0.234,+0.000,+0.406,-2.069,2,+0.000,+0.129,+0.09143,+0.129,+2.286,-0.257,+0.000,+0.406,+2.435,2,+0.227,+0.105,+0.027,+0.656
DRV,722142,+0.0000,+0.0000,+0.0000,+0.0000,+0.0000,+0.0000,+0.000,+0.000,-0.00173,-0.0571,+0.0000,+2.283,+0.000,-0.006,-0.10503,-0.006,-2.626,+0.011,+0.000,+0.183,-2.432,2,+0.000,+0.145,+0.08833,+0.145,+2.208,-0.291,+0.000,+0.183,+2.100,2,+0.000,+0.000,-0.09080,+0.000,-2.270,+0.000,+0.000,+0.183,-2.087,2,+0.000,+0.000,+0.09028,+0.000,+2.257,+0.000,+0.000,+0.183,+2.440,2,-0.006,+0.145,+0.008,+0.013
DRV,722146,+0.0000,+0.0000,+0.0000,+0.0000,+0.0000,+0.0000,+0.000,+0.000,-0.00176,+0.0385,+0.0000,-1.542,+0.000,+0.131,-0.10695,+0.131,-2.674,-0.261,+0.000,-0.123,-3.058,2,+0.000,-0.088,+0.08910,-0.088,+2.227,+0.175,+0.000,-0.123,+2.280,2,+0.000,+0.116,-0.09195,+0.116,-2.299,-0.232,+0.000,-0.123,-2.654,2,+0.000,+0.095,+0.08951,+0.095,+2.238,-0.190,+0.000,-0.123,+1.925,2,+0.226,+0.028,-1.134,-0.374
DRV,722150,+0.0000,+0.0000,+0.0000,+0.0000,+0.0000,+0.0000,+0.000,+0.000,-0.00123,+0.1339,+0.0000,-5.356,+0.000,+0.000,-0.10848,+0.000,-2.712,+0.000,+0.000,-0.428,-3.140,2,+0.000,+0.157,+0.08718,+0.157,+2.179,-0.314,+0.000,-0.428,+1.437,2,+0.000,+0.016,-0.09425,+0.016,-2.356,-0.031,+0.000,-0.428,-2.816,2,+0.000,+0.029,+0.08721,+0.029,+2.180,-0.057,+0.000,-0.428,+1.695,2,+0.029,+0.173,-1.446,-1.379
DRV,722154,+0.0000,+0.0000,+0.0000,+0.0000,+0.0000,+0.0000,+0.000,+0.000,-0.00061,+0.1746,+0.0000,-6.984,+0.000,+0.072,-0.10848,+0.072,-2.712,-0.143,+0.000,-0.559,-3.414,2,+0.000,-0.094,+0.08680,-0.094,+2.170,+0.189,+0.000,-0.559,+1.800,2,+0.000,+0.000,-0.09348,+0.000,-2.337,+0.000,+0.000,-0.559,-2.896,2,+0.000,-0.002,+0.08760,-0.002,+2.190,+0.004,+0.000,-0.559,+1.635,2,+0.070,-0.094,-1.779,-1.096
DRV,722158,+0.0000,+0.0000,+0.0000,+0.0000,+0.0000,+0.0000,+0.000,+0.000,+0.00025,+0.2152,+0.0000,-8.607,+0.000,-0.034,-0.10963,-0.034,-2.741,+0.068,+0.000,-0.689,-3.362,2,+0.000,+0.044,+0.08756,+0.044,+2.189,-0.088,+0.000,-0.689,+1.413,0,+0.000,+0.016,-0.09540,+0.016,-2.385,-0.032,+0.000,-0.689,-3.106,2,+0.000,+0.018,+0.08606,+0.018,+2.152,-0.036,+0.000,-0.689,+1.427,2,-0.016,+0.060,-1.935,-1.693
DRV,722162,+0.0000,+0.0000,+0.0000,+0.0000,+0.0000,+0.0000,+0.000,+0.000,+0.00100,+0.1591,+0.0000,-6.366,+0.000,-0.021,-0.10733,-0.021,-2.683,+0.042,+0.000,-0.509,-3.150,0,+0.000,-0.069,+0.08718,-0.069,+2.179,+0.138,+0.000,-0.509,+1.809,0,+0.000,-0.073,-0.09310,-0.073,-2.327,+0.146,+0.000,-0.509,-2.691,2,+0.000,-0.069,+0.08798,-0.069,+2.199,+0.138,+0.000,-0.509,+1.829,0,-0.090,-0.142,-1.322,-0.882
DRV,722166,+0.0000,+0.0000,+0.0000,+0.0000,+0.0000,+0.0000,+0.000,+0.000,+0.00141,+0.1033,+0.0000,-4.131,+0.000,-0.043,-0.10771,-0.043,-2.693,+0.087,+0.000,-0.330,-2.936,0,+0.000,-0.090,+0.08948,-0.090,+2.237,+0.180,+0.000,-0.330,+2.087,2,+0.000,+0.006,-0.09310,+0.006,-2.327,-0.011,+0.000,-0.330,-2.669,0,+0.000,+0.000,+0.08798,+0.000,+2.199,+0.000,+0.000,-0.330,+1.869,0,-0.043,-0.084,-1.067,-0.583
DRV,722170,+0.0000,+0.0000,+0.0000,+0.0000,+0.0000,+0.0000,+0.000,+0.000,+0.00162,+0.0028,+0.0000,-0.111,+0.000,-0.115,-0.10541,-0.115,-2.635,+0.230,+0.000,-0.009,-2.414,2,+0.000,+0.018,+0.08948,+0.018,+2.237,-0.035,+0.000,-0.009,+2.193,2,+0.000,-0.140,-0.09118,-0.140,-2.280,+0.279,+0.000,-0.009,-2.009,2,+0.000,-0.107,+0.08951,-0.107,+2.238,+0.214,+0.000,-0.009,+2.443,2,-0.222,-0.122,+0.028,+0.184
DRV,722174,+0.0000,+0.0000,+0.0000,+0.0000,+0.0000,+0.0000,+0.000,+0.000,+0.00123,-0.0974,+0.0000,+3.898,+0.000,-0.015,-0.10426,-0.015,-2.607,+0.031,+0.000,+0.312,-2.264,2,+0.000,-0.145,+0.09178,-0.145,+2.295,+0.290,+0.000,+0.312,+2.896,2,+0.000,-0.011,-0.08926,-0.011,-2.232,+0.023,+0.000,+0.312,-1.897,2,+0.000,-0.043,+0.09181,-0.043,+2.295,+0.087,+0.000,+0.312,+2.694,2,-0.059,-0.156,+0.430,+0.999
DRV,722178,+0.0000,+0.0000,+0.0000,+0.0000,+0.0000,+0.0000,+0.000,+0.000,+0.00072,-0.1576,+0.0000,+6.306,+0.000,-0.057,-0.10349,-0.057,-2.587,+0.114,+0.000,+0.504,-1.968,2,+0.000,+0.069,+0.09255,+0.069,+2.314,-0.137,+0.000,+0.504,+2.681,2,+0.000,-0.001,-0.08965,-0.001,-2.241,+0.003,+0.000,+0.504,-1.734,2,+0.000,+0.000,+0.09181,+0.000,+2.295,+0.000,+0.000,+0.504,+2.800,2,-0.057,+0.067,+0.831,+0.947
DRV,722182,+0.0000,+0.0000,+0.0000,+0.0000,+0.0000,+0.0000,+0.000,+0.000,-0.00015,-0.2177,+0.0000,+8.706,+0.000,-0.028,-0.10158,-0.028,-2.539,+0.056,+0.000,+0.697,-1.787,2,+0.000,-0.035,+0.09178,-0.035,+2.295,+0.071,+0.000,+0.697,+3.062,2,+0.000,-0.070,-0.08696,-0.070,-2.174,+0.139,+0.000,+0.697,-1.338,2,+0.000,-0.071,+0.09373,-0.071,+2.343,+0.142,+0.000,+0.697,+3.182,2,-0.099,-0.105,+1.395,+1.723
DRV,722186,+0.0000,+0.0000,+0.0000,+0.0000,+0.0000,+0.0000,+0.000,+0.000,-0.00096,-0.1880,+0.0000,+7.518,+0.000,+0.058,-0.10349,+0.058,-2.587,-0.115,+0.000,+0.601,-2.101,2,+0.000,+0.029,+0.09255,+0.029,+2.314,-0.057,+0.000,+0.601,+2.858,2,+0.000,+0.097,-0.08850,+0.097,-2.212,-0.195,+0.000,+0.601,-1.805,2,+0.000,+0.095,+0.09258,+0.095,+2.315,-0.191,+0.000,+0.601,+2.725,2,+0.153,+0.126,+0.624,+1.052
DRV,722190,+0.0000,+0.0000,+0.0000,+0.0000,+0.0000,+0.0000,+0.000,+0.000,-0.00159,-0.1583,+0.0000,+6.334,+0.000,-0.014,-0.10311,-0.014,-2.578,+0.029,+0.000,+0.507,-2.042,2,+0.000,+0.041,+0.09063,+0.041,+2.266,-0.082,+0.000,+0.507,+2.690,2,+0.000,-0.026,-0.08888,-0.026,-2.222,+0.052,+0.000,+0.507,-1.663,2,+0.000,-0.024,+0.09220,-0.024,+2.305,+0.048,+0.000,+0.507,+2.859,2,-0.038,+0.015,+0.817,+1.028
DRV,722194,+0.0000,+0.0000,+0.0000,+0.0000,+0.0000,+0.0000,+0.000,+0.000,-0.00203,-0.0615,+0.0000,+2.458,+0.000,+0.128,-0.10579,+0.128,-2.645,-0.257,+0.000,+0.197,-2.705,2,+0.000,+0.046,+0.09025,+0.046,+2.256,-0.092,+0.000,+0.197,+2.361,0,+0.000,+0.146,-0.09080,+0.146,-2.270,-0.292,+0.000,+0.197,-2.365,2,+0.000,+0.129,+0.09066,+0.129,+2.267,-0.258,+0.000,+0.197,+2.205,2,+0.257,+0.192,-0.500,-0.004
DRV,722198,+0.0000,+0.0000,+0.0000,+0.0000,+0.0000,+0.0000,+0.000,+0.000,-0.00189,+0.0351,+0.0000,-1.406,+0.000,-0.014,-0.10618,-0.014,-2.654,+0.029,+0.000,-0.112,-2.738,0,+0.000,+0.129,+0.08795,+0.129,+2.199,-0.258,+0.000,-0.112,+1.828,2,+0.000,+0.001,-0.09233,+0.001,-2.308,-0.002,+0.000,-0.112,-2.423,2,+0.000,+0.002,+0.08913,+0.002,+2.228,-0.005,+0.000,-0.112,+2.111,0,-0.012,+0.130,-0.627,-0.595
DRV,722202,+0.0000,+0.0000,+0.0000,+0.0000,+0.0000,+0.0000,+0.000,+0.000,-0.00158,+0.1178,+0.0000,-4.713,+0.000,+0.150,-0.10810,+0.150,-2.702,-0.300,+0.000,-0.377,-3.380,0,+0.000,-0.071,+0.08795,-0.071,+2.199,+0.142,+0.000,-0.377,+1.964,2,+0.000,+0.111,-0.09310,+0.111,-2.327,-0.221,+0.000,-0.377,-2.926,0,+0.000,+0.110,+0.08836,+0.110,+2.209,-0.219,+0.000,-0.377,+1.613,0,+0.260,+0.040,-1.767,-0.962
DRV,722206,+0.0000,+0.0000,+0.0000,+0.0000,+0.0000,+0.0000,+0.000,+0.000,-0.00078,+0.2002,+0.0000,-8.010,+0.000,+0.015,-0.10963,+0.015,-2.741,-0.031,+0.000,-0.641,-3.412,2,+0.000,+0.134,+0.08718,+0.134,+2.179,-0.267,+0.000,-0.641,+1.272,2,+0.000,-0.006,-0.09502,-0.006,-2.375,+0.011,+0.000,-0.641,-3.005,0,+0.000,+0.068,+0.08606,+0.068,+2.152,-0.136,+0.000,-0.641,+1.374,2,+0.083,+0.128,-2.038,-1.733
DRV,722210,+0.0000,+0.0000,+0.0000,+0.0000,+0.0000,+0.0000,+0.000,+0.000,+0.00002,+0.2017,+0.0000,-8.068,+0.000,-0.041,-0.10771,-0.041,-2.693,+0.081,+0.000,-0.645,-3.257,2,+0.000,-0.057,+0.08603,-0.057,+2.151,+0.113,+0.000,-0.645,+1.619,2,+0.000,-0.051,-0.09386,-0.051,-2.347,+0.101,+0.000,-0.645,-2.891,2,+0.000,-0.058,+0.08721,-0.058,+2.180,+0.116,+0.000,-0.645,+1.651,2,-0.099,-0.107,-1.606,-1.272
DRV,722214,+0.0000,+0.0000,+0.0000,+0.0000,+0.0000,+0.0000,+0.000,+0.000,+0.00083,+0.2032,+0.0000,-8.127,+0.000,+0.044,-0.10925,+0.044,-2.731,-0.089,+0.000,-0.650,-3.470,2,+0.000,-0.041,+0.08833,-0.041,+2.208,+0.082,+0.000,-0.650,+1.640,2,+0.000,+0.036,-0.09463,+0.036,-2.366,-0.072,+0.000,-0.650,-3.088,2,+0.000,+0.036,+0.08683,+0.036,+2.171,-0.072,+0.000,-0.650,+1.449,2,+0.080,-0.005,-2.021,-1.448
DRV,722218,+0.0000,+0.0000,+0.0000,+0.0000,+0.0000,+0.0000,+0.000,+0.000,+0.00147,+0.1168,+0.0000,-4.673,+0.000,-0.154,-0.10656,-0.154,-2.664,+0.308,+0.000,-0.374,-2.730,2,+0.000,+0.012,+0.08795,+0.012,+2.199,-0.024,+0.000,-0.374,+1.801,2,+0.000,-0.155,-0.09233,-0.155,-2.308,+0.311,+0.000,-0.374,-2.371,2,+0.000,-0.122,+0.08836,-0.122,+2.209,+0.244,+0.000,-0.374,+2.079,2,-0.276,-0.144,-0.650,-0.570
DRV,722222,+0.0000,+0.0000,+0.0000,+0.0000,+0.0000,+0.0000,+0.000,+0.000,+0.00160,+0.0307,+0.0000,-1.230,+0.000,+0.068,-0.10579,+0.068,-2.645,-0.136,+0.000,-0.098,-2.880,2,+0.000,-0.149,+0.09063,-0.149,+2.266,+0.299,+0.000,-0.098,+2.466,2,+0.000,-0.004,-0.09080,-0.004,-2.270,+0.008,+0.000,-0.098,-2.361,2,+0.000,-0.032,+0.09066,-0.032,+2.267,+0.065,+0.000,-0.098,+2.233,2,+0.036,-0.153,-0.647,+0.105
DRV,722226,+0.0000,+0.0000,+0.0000,+0.0000,+0.0000,+0.0000,+0.000,+0.000,+0.00152,-0.0696,+0.0000,+2.785,+0.000,-0.201,-0.10388,-0.201,-2.597,+0.402,+0.000,+0.223,-1.972,2,+0.000,+0.039,+0.09101,+0.039,+2.275,-0.078,+0.000,+0.223,+2.420,2,+0.000,-0.121,-0.09003,-0.121,-2.251,+0.241,+0.000,+0.223,-1.787,2,+0.000,-0.085,+0.09105,-0.085,+2.276,+0.170,+0.000,+0.223,+2.669,2,-0.286,-0.082,+0.697,+0.633
DRV,722230,+0.0000,+0.0000,+0.0000,+0.0000,+0.0000,+0.0000,+0.000,+0.000,+0.00084,-0.1697,+0.0000,+6.787,+0.000,+0.065,-0.10234,+0.065,-2.559,-0.131,+0.000,+0.543,-2.146,2,+0.000,-0.118,+0.09293,-0.118,+2.323,+0.237,+0.000,+0.543,+3.103,0,+0.000,-0.014,-0.08735,-0.014,-2.184,+0.028,+0.000,+0.543,-1.613,2,+0.000,-0.043,+0.09373,-0.043,+2.343,+0.086,+0.000,+0.543,+2.972,2,+0.022,-0.132,+0.826,+1.490
DRV,722234,+0.0000,+0.0000,+0.0000,+0.0000,+0.0000,+0.0000,+0.000,+0.000,-0.00004,-0.2369,+0.0000,+9.475,+0.000,-0.086,-0.10311,-0.086,-2.578,+0.173,+0.000,+0.758,-1.647,2,+0.000,+0.085,+0.09255,+0.085,+2.314,-0.171,+0.000,+0.758,+2.901,0,+0.000,-0.002,-0.08850,-0.002,-2.212,+0.004,+0.000,+0.758,-1.451,2,+0.000,+0.007,+0.09296,+0.007,+2.324,-0.014,+0.000,+0.758,+3.068,0,-0.079,+0.083,+1.421,+1.450
DRV,722238,+0.0000,+0.0000,+0.0000,+0.0000,+0.0000,+0.0000,+0.000,+0.000,-0.00099,-0.2364,+0.0000,+9.456,+0.000,+0.069,-0.10196,+0.069,-2.549,-0.138,+0.000,+0.757,-1.931,0,+0.000,+0.000,+0.09216,+0.000,+2.304,-0.001,+0.000,+0.757,+3.060,0,+0.000,-0.010,-0.08696,-0.010,-2.174,+0.021,+0.000,+0.757,-1.397,0,+0.000,-0.001,+0.09373,-0.001,+2.343,+0.002,+0.000,+0.757,+3.102,0,+0.068,-0.010,+1.171,+1.663
DRV,722242,+0.0000,+0.0000,+0.0000,+0.0000,+0.0000,+0.0000,+0.000,+0.000,-0.00153,-0.1035,+0.0000,+4.141,+0.000,+0.066,-0.10388,+0.066,-2.597,-0.133,+0.000,+0.331,-2.398,0,+0.000,+0.042,+0.09216,+0.042,+2.304,-0.084,+0.000,+0.331,+2.551,2,+0.000,+0.083,-0.08926,+0.083,-2.232,-0.167,+0.000,+0.331,-2.067,0,+0.000,+0.092,+0.09220,+0.092,+2.305,-0.184,+0.000,+0.331,+2.452,2,+0.158,+0.125,+0.054,+0.484
DRV,722246,+0.0000,+0.0000,+0.0000,+0.0000,+0.0000,+0.0000,+0.000,+0.000,-0.00195,-0.1033,+0.0000,+4.132,+0.000,-0.022,-0.10349,-0.022,-2.587,+0.044,+0.000,+0.331,-2.213,2,+0.000,+0.064,+0.08986,+0.064,+2.247,-0.128,+0.000,+0.331,+2.449,2,+0.000,+0.000,-0.08965,+0.000,-2.241,+0.000,+0.000,+0.331,-1.911,2,+0.000,+0.000,+0.09181,+0.000,+2.295,+0.000,+0.000,+0.331,+2.626,2,-0.022,+0.064,+0.413,+0.539
DRV,722250,+0.0000,+0.0000,+0.0000,+0.0000,+0.0000,+0.0000,+0.000,+0.000,-0.00167,+0.1256,+0.0000,-5.024,+0.000,+0.187,-0.10695,+0.187,-2.674,-0.374,+0.000,-0.402,-3.449,2,+0.000,+0.007,+0.08948,+0.007,+2.237,-0.013,+0.000,-0.402,+1.822,2,+0.000,+0.158,-0.09195,+0.158,-2.299,-0.317,+0.000,-0.402,-3.017,2,+0.000,+0.159,+0.08990,+0.159,+2.247,-0.318,+0.000,-0.402,+1.528,2,+0.346,+0.165,-1.921,-1.195
DRV,722254,+0.0000,+0.0000,+0.0000,+0.0000,+0.0000,+0.0000,+0.000,+0.000,-0.00117,+0.1253,+0.0000,-5.014,+0.000,-0.103,-0.10733,-0.103,-2.683,+0.206,+0.000,-0.401,-2.878,2,+0.000,+0.072,+0.08718,+0.072,+2.179,-0.143,+0.000,-0.401,+1.635,2,+0.000,-0.021,-0.09348,-0.021,-2.337,+0.042,+0.000,-0.401,-2.696,2,+0.000,+0.003,+0.08798,+0.003,+2.199,-0.006,+0.000,-0.401,+1.793,2,-0.100,+0.051,-1.086,-1.061
DRV,722258,+0.0000,+0.0000,+0.0000,+0.0000,+0.0000,+0.0000,+0.000,+0.000,-0.00033,+0.2389,+0.0000,-9.556,+0.000,+0.182,-0.10810,+0.182,-2.702,-0.363,+0.000,-0.764,-3.830,2,+0.000,-0.021,+0.08718,-0.021,+2.179,+0.043,+0.000,-0.764,+1.458,2,+0.000,+0.070,-0.09310,+0.070,-2.327,-0.139,+0.000,-0.764,-3.231,2,+0.000,+0.052,+0.08798,+0.052,+2.199,-0.104,+0.000,-0.764,+1.331,2,+0.234,+0.048,-2.499,-1.773
DRV,722262,+0.0000,+0.0000,+0.0000,+0.0000,+0.0000,+0.0000,+0.000,+0.000,+0.00062,+0.2384,+0.0000,-9.537,+0.000,-0.157,-0.10848,-0.157,-2.712,+0.314,+0.000,-0.763,-3.161,2,+0.000,+0.000,+0.08756,+0.000,+2.189,+0.000,+0.000,-0.763,+1.426,2,+0.000,-0.002,-0.09463,-0.002,-2.366,+0.004,+0.000,-0.763,-3.125,2,+0.000,+0.007,+0.08645,+0.007,+2.161,-0.014,+0.000,-0.763,+1.384,2,-0.150,-0.002,-1.777,-1.699
DRV,722266,+0.0000,+0.0000,+0.0000,+0.0000,+0.0000,+0.0000,+0.000,+0.000,+0.00129,+0.1433,+0.0000,-5.731,+0.000,+0.075,-0.10733,+0.075,-2.683,-0.151,+0.000,-0.458,-3.292,2,+0.000,-0.046,+0.08756,-0.046,+2.189,+0.093,+0.000,-0.458,+1.823,2,+0.000,-0.036,-0.09310,-0.036,-2.327,+0.072,+0.000,-0.458,-2.714,2,+0.000,-0.040,+0.08798,-0.040,+2.199,+0.079,+0.000,-0.458,+1.820,2,+0.036,-0.082,-1.472,-0.891
DRV,722270,+0.0000,+0.0000,+0.0000,+0.0000,+0.0000,+0.0000,+0.000,+0.000,+0.00186,+0.1430,+0.0000,-5.720,+0.000,-0.130,-0.10733,-0.130,-2.683,+0.260,+0.000,-0.458,-2.880,2,+0.000,-0.037,+0.08910,-0.037,+2.227,+0.073,+0.000,-0.458,+1.843,0,+0.000,-0.022,-0.09310,-0.022,-2.327,+0.044,+0.000,-0.458,-2.741,2,+0.000,-0.010,+0.08798,-0.010,+2.199,+0.019,+0.000,-0.458,+1.761,2,-0.140,-0.059,-1.119,-0.898
DRV,722274,+0.0000,+0.0000,+0.0000,+0.0000,+0.0000,+0.0000,+0.000,+0.000,+0.00176,-0.0823,+0.0000,+3.290,+0.000,-0.030,-0.10464,-0.030,-2.616,+0.060,+0.000,+0.263,-2.293,0,+0.000,-0.086,+0.09063,-0.086,+2.266,+0.172,+0.000,+0.263,+2.701,0,+0.000,-0.122,-0.08965,-0.122,-2.241,+0.244,+0.000,+0.263,-1.734,2,+0.000,-0.129,+0.09105,-0.129,+2.276,+0.258,+0.000,+0.263,+2.798,0,-0.159,-0.208,+0.505,+0.967
DRV,722278,+0.0000,+0.0000,+0.0000,+0.0000,+0.0000,+0.0000,+0.000,+0.000,+0.00143,-0.0821,+0.0000,+3.284,+0.000,+0.018,-0.10503,+0.018,-2.626,-0.035,+0.000,+0.263,-2.398,0,+0.000,-0.005,+0.09140,-0.005,+2.285,+0.010,+0.000,+0.263,+2.558,2,+0.000,+0.051,-0.09003,+0.051,-2.251,-0.103,+0.000,+0.263,-2.091,0,+0.000,+0.010,+0.09143,+0.010,+2.286,-0.019,+0.000,+0.263,+2.529,2,+0.027,+0.046,+0.131,+0.467
DRV,722282,+0.0000,+0.0000,+0.0000,+0.0000,+0.0000,+0.0000,+0.000,+0.000,+0.00069,-0.2213,+0.0000,+8.851,+0.000,-0.133,-0.10273,-0.133,-2.568,+0.266,+0.000,+0.708,-1.594,2,+0.000,-0.020,+0.09101,-0.020,+2.275,+0.040,+0.000,+0.708,+3.023,2,+0.000,-0.137,-0.08888,-0.137,-2.222,+0.274,+0.000,+0.708,-1.240,2,+0.000,-0.104,+0.09220,-0.104,+2.305,+0.209,+0.000,+0.708,+3.222,2,-0.237,-0.157,+1.628,+1.783
DRV,722286,+0.0000,+0.0000,+0.0000,+0.0000,+0.0000,+0.0000,+0.000,+0.000,-0.00020,-0.2208,+0.0000,+8.833,+0.000,+0.110,-0.10311,+0.110,-2.578,-0.220,+0.000,+0.707,-2.091,2,+0.000,-0.025,+0.09293,-0.025,+2.323,+0.050,+0.000,+0.707,+3.080,2,+0.000,+0.048,-0.08773,+0.048,-2.193,-0.095,+0.000,+0.707,-1.582,2,+0.000,+0.020,+0.09373,+0.020,+2.343,-0.039,+0.000,+0.707,+3.011,2,+0.130,+0.023,+0.919,+1.498
DRV,722290,+0.0000,+0.0000,+0.0000,+0.0000,+0.0000,+0.0000,+0.000,+0.000,-0.00089,-0.1571,+0.0000,+6.284,+0.000,-0.035,-0.10388,-0.035,-2.597,+0.070,+0.000,+0.503,-2.025,2,+0.000,+0.106,+0.09101,+0.106,+2.275,-0.212,+0.000,+0.503,+2.566,2,+0.000,+0.009,-0.08926,+0.009,-2.232,-0.017,+0.000,+0.503,-1.746,2,+0.000,+0.033,+0.09181,+0.033,+2.295,-0.066,+0.000,+0.503,+2.732,2,-0.002,+0.114,+0.708,+0.820
DRV,722294,+0.0000,+0.0000,+0.0000,+0.0000,+0.0000,+0.0000,+0.000,+0.000,-0.00152,-0.1568,+0.0000,+6.271,+0.000,+0.062,-0.10349,+0.062,-2.587,-0.124,+0.000,+0.502,-2.210,2,+0.000,-0.058,+0.09101,-0.058,+2.275,+0.115,+0.000,+0.502,+2.892,2,+0.000,+0.016,-0.08888,+0.016,-2.222,-0.031,+0.000,+0.502,-1.752,2,+0.000,-0.010,+0.09220,-0.010,+2.305,+0.019,+0.000,+0.502,+2.826,2,+0.052,-0.042,+0.616,+1.141
DRV,722298,+0.0000,+0.0000,+0.0000,+0.0000,+0.0000,+0.0000,+0.000,+0.000,-0.00155,+0.0398,+0.0000,-1.591,+0.000,+0.070,-0.10618,+0.070,-2.654,-0.140,+0.000,-0.127,-2.922,2,+0.000,+0.185,+0.08910,+0.185,+2.227,-0.370,+0.000,-0.127,+1.730,2,+0.000,+0.118,-0.09195,+0.118,-2.299,-0.236,+0.000,-0.127,-2.662,2,+0.000,+0.130,+0.08951,+0.130,+2.238,-0.260,+0.000,-0.127,+1.850,2,+0.200,+0.303,-1.072,-0.931
DRV,722302,+0.0000,+0.0000,+0.0000,+0.0000,+0.0000,+0.0000,+0.000,+0.000,-0.00140,+0.0397,+0.0000,-1.588,+0.000,-0.014,-0.10579,-0.014,-2.645,+0.028,+0.000,-0.127,-2.744,2,+0.000,-0.090,+0.08833,-0.090,+2.208,+0.179,+0.000,-0.127,+2.260,2,+0.000,-0.035,-0.09195,-0.035,-2.299,+0.071,+0.000,-0.127,-2.355,2,+0.000,-0.033,+0.08913,-0.033,+2.228,+0.066,+0.000,-0.127,+2.167,2,-0.047,-0.125,-0.577,-0.095
DRV,722306,+0.0000,+0.0000,+0.0000,+0.0000,+0.0000,+0.0000,+0.000,+0.000,-0.00076,+0.1992,+0.0000,-7.967,+0.000,+0.113,-0.10886,+0.113,-2.722,-0.227,+0.000,-0.637,-3.586,2,+0.000,+0.131,+0.08833,+0.131,+2.208,-0.261,+0.000,-0.637,+1.310,0,+0.000,+0.144,-0.09386,+0.144,-2.347,-0.288,+0.000,-0.637,-3.272,2,+0.000,+0.132,+0.08721,+0.132,+2.180,-0.264,+0.000,-0.637,+1.279,2,+0.246,+0.275,-2.307,-1.962
DRV,722310,+0.0000,+0.0000,+0.0000,+0.0000,+0.0000,+0.0000,+0.000,+0.000,+0.00004,+0.1988,+0.0000,-7.951,+0.000,-0.088,-0.10771,-0.088,-2.693,+0.175,+0.000,-0.636,-3.153,0,+0.000,-0.041,+0.08641,-0.041,+2.160,+0.081,+0.000,-0.636,+1.605,0,+0.000,-0.101,-0.09386,-0.101,-2.347,+0.201,+0.000,-0.636,-2.781,2,+0.000,-0.073,+0.08721,-0.073,+2.180,+0.146,+0.000,-0.636,+1.690,0,-0.161,-0.141,-1.463,-1.176
DRV,722314,+0.0000,+0.0000,+0.0000,+0.0000,+0.0000,+0.0000,+0.000,+0.000,+0.00077,+0.1771,+0.0000,-7.084,+0.000,+0.077,-0.10771,+0.077,-2.693,-0.154,+0.000,-0.567,-3.413,0,+0.000,-0.089,+0.08871,-0.089,+2.218,+0.177,+0.000,-0.567,+1.828,2,+0.000,+0.068,-0.09386,+0.068,-2.347,-0.136,+0.000,-0.567,-3.050,0,+0.000,+0.053,+0.08721,+0.053,+2.180,-0.107,+0.000,-0.567,+1.507,0,+0.130,-0.021,-1.906,-1.221
DRV,722318,+0.0000,+0.0000,+0.0000,+0.0000,+0.0000,+0.0000,+0.000,+0.000,+0.00147,+0.1767,+0.0000,-7.070,+0.000,-0.110,-0.10771,-0.110,-2.693,+0.220,+0.000,-0.566,-3.038,2,+0.000,+0.070,+0.08795,+0.070,+2.199,-0.139,+0.000,-0.566,+1.494,2,+0.000,-0.072,-0.09386,-0.072,-2.347,+0.144,+0.000,-0.566,-2.768,0,+0.000,-0.041,+0.08721,-0.041,+2.180,+0.082,+0.000,-0.566,+1.697,2,-0.151,-0.002,-1.341,-1.274
DRV,722322,+0.0000,+0.0000,+0.0000,+0.0000,+0.0000,+0.0000,+0.000,+0.000,+0.00165,-0.0007,+0.0000,+0.028,+0.000,-0.018,-0.10579,-0.018,-2.645,+0.035,+0.000,+0.002,-2.607,2,+0.000,-0.166,+0.08948,-0.166,+2.237,+0.332,+0.000,+0.002,+2.571,2,+0.000,-0.072,-0.09118,-0.072,-2.280,+0.144,+0.000,+0.002,-2.133,2,+0.000,-0.082,+0.08951,-0.082,+2.238,+0.163,+0.000,+0.002,+2.403,2,-0.099,-0.238,-0.204,+0.438
DRV,722326,+0.0000,+0.0000,+0.0000,+0.0000,+0.0000,+0.0000,+0.000,+0.000,+0.00165,-0.0007,+0.0000,+0.028,+0.000,-0.045,-0.10541,-0.045,-2.635,+0.090,+0.000,+0.002,-2.543,2,+0.000,+0.017,+0.09178,+0.017,+2.295,-0.033,+0.000,+0.002,+2.263,2,+0.000,+0.013,-0.09118,+0.013,-2.280,-0.027,+0.000,+0.002,-2.304,2,+0.000,-0.006,+0.09028,-0.006,+2.257,+0.012,+0.000,+0.002,+2.272,2,-0.051,+0.030,-0.272,-0.041
DRV,722330,+0.0000,+0.0000,+0.0000,+0.0000,+0.0000,+0.0000,+0.000,+0.000,+0.00112,-0.1741,+0.0000,+6.963,+0.000,-0.107,-0.10273,-0.107,-2.568,+0.215,+0.000,+0.557,-1.797,2,+0.000,-0.001,+0.09025,-0.001,+2.256,+0.003,+0.000,+0.557,+2.816,2,+0.000,-0.149,-0.08850,-0.149,-2.212,+0.298,+0.000,+0.557,-1.358,2,+0.000,-0.129,+0.09220,-0.129,+2.305,+0.257,+0.000,+0.557,+3.120,2,-0.236,-0.150,+1.323,+1.458
DRV,722334,+0.0000,+0.0000,+0.0000,+0.0000,+0.0000,+0.0000,+0.000,+0.000,+0.00043,-0.1737,+0.0000,+6.949,+0.000,+0.091,-0.10311,+0.091,-2.578,-0.181,+0.000,+0.556,-2.203,2,+0.000,-0.054,+0.09293,-0.054,+2.323,+0.108,+0.000,+0.556,+2.987,2,+0.000,+0.085,-0.08811,+0.085,-2.203,-0.171,+0.000,+0.556,-1.818,2,+0.000,+0.082,+0.09296,+0.082,+2.324,-0.164,+0.000,+0.556,+2.716,2,+0.173,+0.031,+0.513,+1.169
DRV,722338,+0.0000,+0.0000,+0.0000,+0.0000,+0.0000,+0.0000,+0.000,+0.000,-0.00034,-0.1994,+0.0000,+7.978,+0.000,-0.104,-0.10273,-0.104,-2.568,+0.209,+0.000,+0.638,-1.721,2,+0.000,+0.071,+0.09101,+0.071,+2.275,-0.142,+0.000,+0.638,+2.771,2,+0.000,-0.070,-0.08811,-0.070,-2.203,+0.140,+0.000,+0.638,-1.424,2,+0.000,-0.085,+0.09296,-0.085,+2.324,+0.170,+0.000,+0.638,+3.132,2,-0.189,+0.001,+1.411,+1.347
DRV,722342,+0.0000,+0.0000,+0.0000,+0.0000,+0.0000,+0.0000,+0.000,+0.000,-0.00114,-0.1991,+0.0000,+7.962,+0.000,+0.140,-0.10349,+0.140,-2.587,-0.280,+0.000,+0.637,-2.231,2,+0.000,-0.045,+0.09216,-0.045,+2.304,+0.090,+0.000,+0.637,+3.031,0,+0.000,+0.097,-0.08811,+0.097,-2.203,-0.195,+0.000,+0.637,-1.760,2,+0.000,+0.104,+0.09258,+0.104,+2.315,-0.208,+0.000,+0.637,+2.744,2,+0.244,+0.052,+0.513,+1.270
DRV,722346,+0.0000,+0.0000,+0.0000,+0.0000,+0.0000,+0.0000,+0.000,+0.000,-0.00150,-0.0524,+0.0000,+2.096,+0.000,-0.006,-0.10464,-0.006,-2.616,+0.011,+0.000,+0.168,-2.437,2,+0.000,+0.164,+0.08948,+0.164,+2.237,-0.327,+0.000,+0.168,+2.078,0,+0.000,+0.023,-0.09003,+0.023,-2.251,-0.046,+0.000,+0.168,-2.129,2,+0.000,+0.014,+0.09105,+0.014,+2.276,-0.028,+0.000,+0.168,+2.416,0,+0.008,+0.186,-0.021,-0.051
DRV,722350,+0.0000,+0.0000,+0.0000,+0.0000,+0.0000,+0.0000,+0.000,+0.000,-0.00171,-0.0523,+0.0000,+2.092,+0.000,+0.113,-0.10541,+0.113,-2.635,-0.226,+0.000,+0.167,-2.694,0,+0.000,-0.059,+0.08910,-0.059,+2.227,+0.118,+0.000,+0.167,+2.513,0,+0.000,+0.060,-0.09080,+0.060,-2.270,-0.119,+0.000,+0.167,-2.222,0,+0.000,+0.066,+0.09066,+0.066,+2.267,-0.133,+0.000,+0.167,+2.301,0,+0.179,+0.000,-0.393,+0.291
DRV,722354,+0.0000,+0.0000,+0.0000,+0.0000,+0.0000,+0.0000,+0.000,+0.000,-0.00134,+0.1409,+0.0000,-5.635,+0.000,+0.095,-0.10771,+0.095,-2.693,-0.191,+0.000,-0.451,-3.334,2,+0.000,+0.119,+0.08910,+0.119,+2.227,-0.237,+0.000,-0.451,+1.539,2,+0.000,+0.086,-0.09348,+0.086,-2.337,-0.172,+0.000,-0.451,-2.959,0,+0.000,+0.109,+0.08836,+0.109,+2.209,-0.217,+0.000,-0.451,+1.541,2,+0.204,+0.205,-1.793,-1.420
DRV,722358,+0.0000,+0.0000,+0.0000,+0.0000,+0.0000,+0.0000,+0.000,+0.000,-0.00077,+0.1406,+0.0000,-5.623,+0.000,-0.055,-0.10733,-0.055,-2.683,+0.111,+0.000,-0.450,-3.022,2,+0.000,+0.035,+0.08564,+0.035,+2.141,-0.070,+0.000,-0.450,+1.622,2,+0.000,-0.022,-0.09348,-0.022,-2.337,+0.044,+0.000,-0.450,-2.743,2,+0.000,-0.018,+0.08760,-0.018,+2.190,+0.036,+0.000,-0.450,+1.776,2,-0.073,+0.013,-1.246,-1.121
DRV,722362,+0.0000,+0.0000,+0.0000,+0.0000,+0.0000,+0.0000,+0.000,+0.000,-0.00000,+0.2110,+0.0000,-8.441,+0.000,+0.113,-0.10886,+0.113,-2.722,-0.225,+0.000,-0.675,-3.622,2,+0.000,-0.098,+0.08833,-0.098,+2.208,+0.196,+0.000,-0.675,+1.728,2,+0.000,+0.082,-0.09386,+0.082,-2.347,-0.164,+0.000,-0.675,-3.186,2,+0.000,+0.068,+0.08721,+0.068,+2.180,-0.136,+0.000,-0.675,+1.369,2,+0.181,-0.016,-2.253,-1.458
DRV,722366,+0.0000,+0.0000,+0.0000,+0.0000,+0.0000,+0.0000,+0.000,+0.000,+0.00084,+0.2106,+0.0000,-8.425,+0.000,-0.114,-0.10886,-0.114,-2.722,+0.228,+0.000,-0.674,-3.168,2,+0.000,+0.128,+0.08680,+0.128,+2.170,-0.257,+0.000,-0.674,+1.239,2,+0.000,-0.062,-0.09463,-0.062,-2.366,+0.125,+0.000,-0.674,-2.915,2,+0.000,-0.024,+0.08645,-0.024,+2.161,+0.048,+0.000,-0.674,+1.535,2,-0.138,+0.066,-1.633,-1.675
DRV,722370,+0.0000,+0.0000,+0.0000,+0.0000,+0.0000,+0.0000,+0.000,+0.000,+0.00137,+0.1044,+0.0000,-4.174,+0.000,+0.006,-0.10695,+0.006,-2.674,-0.012,+0.000,-0.334,-3.020,2,+0.000,-0.184,+0.08833,-0.184,+2.208,+0.368,+0.000,-0.334,+2.242,2,+0.000,-0.035,-0.09233,-0.035,-2.308,+0.070,+0.000,-0.334,-2.573,2,+0.000,-0.041,+0.08836,-0.041,+2.209,+0.081,+0.000,-0.334,+1.956,2,-0.034,-0.219,-1.064,-0.330
DRV,722374,+0.0000,+0.0000,+0.0000,+0.0000,+0.0000,+0.0000,+0.000,+0.000,+0.00178,+0.1042,+0.0000,-4.166,+0.000,-0.083,-0.10733,-0.083,-2.683,+0.167,+0.000,-0.333,-2.850,2,+0.000,+0.045,+0.08986,+0.045,+2.247,-0.090,+0.000,-0.333,+1.824,2,+0.000,-0.006,-0.09271,-0.006,-2.318,+0.012,+0.000,-0.333,-2.639,2,+0.000,-0.010,+0.08836,-0.010,+2.209,+0.021,+0.000,-0.333,+1.897,2,-0.094,+0.039,-0.953,-0.815
DRV,722378,+0.0000,+0.0000,+0.0000,+0.0000,+0.0000,+0.0000,+0.000,+0.000,+0.00161,-0.0928,+0.0000,+3.713,+0.000,-0.057,-0.10388,-0.057,-2.597,+0.114,+0.000,+0.297,-2.185,2,+0.000,-0.142,+0.08986,-0.142,+2.247,+0.283,+0.000,+0.297,+2.827,2,+0.000,-0.125,-0.08926,-0.125,-2.232,+0.251,+0.000,+0.297,-1.684,2,+0.000,-0.122,+0.09143,-0.122,+2.286,+0.243,+0.000,+0.297,+2.826,2,-0.179,-0.267,+0.641,+1.143
DRV,722382,+0.0000,+0.0000,+0.0000,+0.0000,+0.0000,+0.0000,+0.000,+0.000,+0.00124,-0.0926,+0.0000,+3.706,+0.000,+0.012,-0.10464,+0.012,-2.616,-0.025,+0.000,+0.296,-2.344,2,+0.000,-0.004,+0.09255,-0.004,+2.314,+0.009,+0.000,+0.296,+2.619,0,+0.000,+0.054,-0.08965,+0.054,-2.241,-0.108,+0.000,+0.296,-2.052,2,+0.000,+0.044,+0.09143,+0.044,+2.286,-0.089,+0.000,+0.296,+2.494,0,+0.057,+0.050,+0.149,+0.566
DRV,722386,+0.0000,+0.0000,+0.0000,+0.0000,+0.0000,+0.0000,+0.000,+0.000,+0.00051,-0.2105,+0.0000,+8.421,+0.000,-0.097,-0.10196,-0.097,-2.549,+0.194,+0.000,+0.674,-1.682,0,+0.000,+0.005,+0.09101,+0.005,+2.275,-0.010,+0.000,+0.674,+2.939,0,+0.000,-0.127,-0.08773,-0.127,-2.193,+0.254,+0.000,+0.674,-1.266,0,+0.000,-0.105,+0.09335,-0.105,+2.334,+0.211,+0.000,+0.674,+3.218,0,-0.202,-0.122,+1.536,+1.674
DRV,722390,+0.0000,+0.0000,+0.0000,+0.0000,+0.0000,+0.0000,+0.000,+0.000,-0.00033,-0.2101,+0.0000,+8.404,+0.000,+0.113,-0.10311,+0.113,-2.578,-0.226,+0.000,+0.672,-2.131,0,+0.000,-0.078,+0.09293,-0.078,+2.323,+0.155,+0.000,+0.672,+3.151,2,+0.000,+0.106,-0.08850,+0.106,-2.212,-0.212,+0.000,+0.672,-1.752,0,+0.000,+0.057,+0.09335,+0.057,+2.334,-0.113,+0.000,+0.672,+2.893,2,+0.170,+0.028,+0.761,+1.399
DRV,722394,+0.0000,+0.0000,+0.0000,+0.0000,+0.0000,+0.0000,+0.000,+0.000,-0.00098,-0.1491,+0.0000,+5.962,+0.000,-0.070,-0.10349,-0.070,-2.587,+0.139,+0.000,+0.477,-1.971,2,+0.000,+0.145,+0.09101,+0.145,+2.275,-0.290,+0.000,+0.477,+2.462,2,+0.000,+0.001,-0.08888,+0.001,-2.222,-0.002,+0.000,+0.477,-1.747,2,+0.000,+0.002,+0.09220,+0.002,+2.305,-0.005,+0.000,+0.477,+2.777,2,-0.067,+0.146,+0.806,+0.716
DRV,722398,+0.0000,+0.0000,+0.0000,+0.0000,+0.0000,+0.0000,+0.000,+0.000,-0.00158,-0.1488,+0.0000,+5.951,+0.000,+0.130,-0.10426,+0.130,-2.607,-0.260,+0.000,+0.476,-2.391,2,+0.000,-0.051,+0.08986,-0.051,+2.247,+0.101,+0.000,+0.476,+2.824,2,+0.000,+0.065,-0.08926,+0.065,-2.232,-0.131,+0.000,+0.476,-1.886,2,+0.000,+0.047,+0.09181,+0.047,+2.295,-0.094,+0.000,+0.476,+2.677,2,+0.177,+0.015,+0.286,+0.938
DRV,722402,+0.0000,+0.0000,+0.0000,+0.0000,+0.0000,+0.0000,+0.000,+0.000,-0.00161,+0.0398,+0.0000,-1.592,+0.000,+0.039,-0.10656,+0.039,-2.664,-0.078,+0.000,-0.127,-2.870,2,+0.000,+0.128,+0.08986,+0.128,+2.247,-0.256,+0.000,-0.127,+1.864,2,+0.000,+0.106,-0.09233,+0.106,-2.308,-0.212,+0.000,-0.127,-2.647,2,+0.000,+0.111,+0.08913,+0.111,+2.228,-0.222,+0.000,-0.127,+1.879,2,+0.150,+0.234,-0.991,-0.784
DRV,722406,+0.0000,+0.0000,+0.0000,+0.0000,+0.0000,+0.0000,+0.000,+0.000,-0.00145,+0.0397,+0.0000,-1.589,+0.000,+0.018,-0.10695,+0.018,-2.674,-0.035,+0.000,-0.127,-2.836,2,+0.000,+0.033,+0.08603,+0.033,+2.151,-0.066,+0.000,-0.127,+1.958,2,+0.000,-0.001,-0.09271,-0.001,-2.318,+0.002,+0.000,-0.127,-2.443,2,+0.000,-0.005,+0.08836,-0.005,+2.209,+0.010,+0.000,-0.127,+2.091,2,+0.013,+0.032,-0.745,-0.485
DRV,722410,+0.0000,+0.0000,+0.0000,+0.0000,+0.0000,+0.0000,+0.000,+0.000,-0.00081,+0.1992,+0.0000,-7.968,+0.000,+0.100,-0.10925,+0.100,-2.731,-0.200,+0.000,-0.637,-3.569,2,+0.000,-0.020,+0.08795,-0.020,+2.199,+0.040,+0.000,-0.637,+1.601,2,+0.000,+0.127,-0.09463,+0.127,-2.366,-0.255,+0.000,-0.637,-3.258,2,+0.000,+0.128,+0.08683,+0.128,+2.171,-0.257,+0.000,-0.637,+1.277,2,+0.228,+0.107,-2.292,-1.657
DRV,722414,+0.0000,+0.0000,+0.0000,+0.0000,+0.0000,+0.0000,+0.000,+0.000,-0.00002,+0.1988,+0.0000,-7.952,+0.000,-0.072,-0.10848,-0.072,-2.712,+0.145,+0.000,-0.636,-3.203,2,+0.000,+0.060,+0.08564,+0.060,+2.141,-0.120,+0.000,-0.636,+1.385,2,+0.000,-0.087,-0.09502,-0.087,-2.375,+0.174,+0.000,-0.636,-2.838,2,+0.000,-0.054,+0.08645,-0.054,+2.161,+0.109,+0.000,-0.636,+1.634,2,-0.127,-0.027,-1.569,-1.453
DRV,722418,+0.0000,+0.0000,+0.0000,+0.0000,+0.0000,+0.0000,+0.000,+0.000,+0.00079,+0.2037,+0.0000,-8.149,+0.000,+0.070,-0.10925,+0.070,-2.731,-0.140,+0.000,-0.652,-3.523,2,+0.000,-0.090,+0.08756,-0.090,+2.189,+0.179,+0.000,-0.652,+1.716,0,+0.000,+0.038,-0.09425,+0.038,-2.356,-0.075,+0.000,-0.652,-3.083,2,+0.000,+0.024,+0.08683,+0.024,+2.171,-0.049,+0.000,-0.652,+1.470,2,+0.094,-0.052,-2.053,-1.367
DRV,722422,+0.0000,+0.0000,+0.0000,+0.0000,+0.0000,+0.0000,+0.000,+0.000,+0.00161,+0.2033,+0.0000,-8.132,+0.000,-0.159,-0.10771,-0.159,-2.693,+0.318,+0.000,-0.651,-3.026,0,+0.000,+0.021,+0.08756,+0.021,+2.189,-0.041,+0.000,-0.651,+1.497,0,+0.000,-0.098,-0.09386,-0.098,-2.347,+0.196,+0.000,-0.651,-2.801,2,+0.000,-0.096,+0.08721,-0.096,+2.180,+0.192,+0.000,-0.651,+1.721,0,-0.255,-0.078,-1.304,-1.303
DRV,722426,+0.0000,+0.0000,+0.0000,+0.0000,+0.0000,+0.0000,+0.000,+0.000,+0.00187,+0.0210,+0.0000,-0.841,+0.000,-0.014,-0.10618,-0.014,-2.654,+0.028,+0.000,-0.067,-2.694,0,+0.000,-0.135,+0.08871,-0.135,+2.218,+0.270,+0.000,-0.067,+2.420,2,+0.000,-0.045,-0.09118,-0.045,-2.280,+0.091,+0.000,-0.067,-2.256,0,+0.000,-0.062,+0.08951,-0.062,+2.238,+0.124,+0.000,-0.067,+2.295,0,-0.076,-0.180,-0.399,+0.164
DRV,722430,+0.0000,+0.0000,+0.0000,+0.0000,+0.0000,+0.0000,+0.000,+0.000,+0.00196,+0.0210,+0.0000,-0.839,+0.000,-0.087,-0.10541,-0.087,-2.635,+0.175,+0.000,-0.067,-2.528,2,+0.000,-0.027,+0.09140,-0.027,+2.285,+0.053,+0.000,-0.067,+2.271,2,+0.000,-0.002,-0.09118,-0.002,-2.280,+0.005,+0.000,-0.067,-2.342,2,+0.000,-0.024,+0.08990,-0.024,+2.247,+0.048,+0.000,-0.067,+2.228,2,-0.111,-0.029,-0.300,-0.071
DRV,722434,+0.0000,+0.0000,+0.0000,+0.0000,+0.0000,+0.0000,+0.000,+0.000,+0.00144,-0.1785,+0.0000,+7.140,+0.000,-0.094,-0.10273,-0.094,-2.568,+0.188,+0.000,+0.571,-1.809,2,+0.000,-0.001,+0.09063,-0.001,+2.266,+0.002,+0.000,+0.571,+2.839,2,+0.000,-0.172,-0.08811,-0.172,-2.203,+0.344,+0.000,+0.571,-1.287,2,+0.000,-0.120,+0.09220,-0.120,+2.305,+0.239,+0.000,+0.571,+3.116,2,-0.214,-0.173,+1.306,+1.552
DRV,722438,+0.0000,+0.0000,+0.0000,+0.0000,+0.0000,+0.0000,+0.000,+0.000,+0.00073,-0.1781,+0.0000,+7.126,+0.000,+0.055,-0.10273,+0.055,-2.568,-0.111,+0.000,+0.570,-2.109,2,+0.000,-0.102,+0.09370,-0.102,+2.342,+0.203,+0.000,+0.570,+3.116,2,+0.000,+0.083,-0.08773,+0.083,-2.193,-0.167,+0.000,+0.570,-1.790,2,+0.000,+0.010,+0.09373,+0.010,+2.343,-0.019,+0.000,+0.570,+2.894,2,+0.065,-0.018,+0.786,+1.326
DRV,722442,+0.0000,+0.0000,+0.0000,+0.0000,+0.0000,+0.0000,+0.000,+0.000,-0.00017,-0.2411,+0.0000,+9.643,+0.000,-0.099,-0.10234,-0.099,-2.559,+0.198,+0.000,+0.771,-1.589,2,+0.000,+0.124,+0.09216,+0.124,+2.304,-0.249,+0.000,+0.771,+2.827,2,+0.000,-0.072,-0.08773,-0.072,-2.193,+0.143,+0.000,+0.771,-1.279,2,+0.000,-0.016,+0.09296,-0.016,+2.324,+0.031,+0.000,+0.771,+3.127,2,-0.115,+0.053,+1.538,+1.548
DRV,722446,+0.0000,+0.0000,+0.0000,+0.0000,+0.0000,+0.0000,+0.000,+0.000,-0.00101,-0.1759,+0.0000,+7.038,+0.000,+0.105,-0.10196,+0.105,-2.549,-0.210,+0.000,+0.563,-2.196,2,+0.000,-0.031,+0.09178,-0.031,+2.295,+0.062,+0.000,+0.563,+2.920,2,+0.000,+0.055,-0.08696,+0.055,-2.174,-0.110,+0.000,+0.563,-1.721,2,+0.000,+0.008,+0.09412,+0.008,+2.353,-0.015,+0.000,+0.563,+2.901,2,+0.113,+0.024,+0.705,+1.199
DRV,722450,+0.0000,+0.0000,+0.0000,+0.0000,+0.0000,+0.0000,+0.000,+0.000,-0.00145,-0.1110,+0.0000,+4.440,+0.000,+0.001,-0.10388,+0.001,-2.597,-0.003,+0.000,+0.355,-2.245,2,+0.000,+0.083,+0.09140,+0.083,+2.285,-0.167,+0.000,+0.355,+2.473,2,+0.000,+0.042,-0.08926,+0.042,-2.232,-0.085,+0.000,+0.355,-1.961,2,+0.000,+0.048,+0.09181,+0.048,+2.295,-0.096,+0.000,+0.355,+2.554,2,+0.050,+0.126,+0.310,+0.512
DRV,722454,+0.0000,+0.0000,+0.0000,+0.0000,+0.0000,+0.0000,+0.000,+0.000,-0.00167,+0.0025,+0.0000,-0.102,+0.000,+0.120,-0.10426,+0.120,-2.607,-0.239,+0.000,-0.008,-2.854,2,+0.000,+0.059,+0.08948,+0.059,+2.237,-0.117,+0.000,-0.008,+2.112,0,+0.000,+0.067,-0.08965,+0.067,-2.241,-0.134,+0.000,-0.008,-2.384,2,+0.000,+0.040,+0.09143,+0.040,+2.286,-0.080,+0.000,-0.008,+2.198,2,+0.160,+0.126,-0.657,-0.272
DRV,722458,+0.0000,+0.0000,+0.0000,+0.0000,+0.0000,+0.0000,+0.000,+0.000,-0.00120,+0.1158,+0.0000,-4.631,+0.000,+0.007,-0.10733,+0.007,-2.683,-0.014,+0.000,-0.370,-3.068,0,+0.000,+0.029,+0.08833,+0.029,+2.208,-0.058,+0.000,-0.370,+1.780,0,+0.000,+0.054,-0.09271,+0.054,-2.318,-0.108,+0.000,-0.370,-2.796,2,+0.000,+0.055,+0.08875,+0.055,+2.219,-0.110,+0.000,-0.370,+1.739,0,+0.062,+0.083,-1.329,-1.016
DRV,722462,+0.0000,+0.0000,+0.0000,+0.0000,+0.0000,+0.0000,+0.000,+0.000,-0.00063,+0.1722,+0.0000,-6.888,+0.000,+0.045,-0.10579,+0.045,-2.645,-0.090,+0.000,-0.551,-3.286,0,+0.000,+0.000,+0.08833,+0.000,+2.208,+0.000,+0.000,-0.551,+1.657,2,+0.000,-0.001,-0.09233,-0.001,-2.308,+0.003,+0.000,-0.551,-2.856,0,+0.000,-0.005,+0.08913,-0.005,+2.228,+0.010,+0.000,-0.551,+1.688,0,+0.040,-0.001,-1.598,-1.199
DRV,722466,+0.0000,+0.0000,+0.0000,+0.0000,+0.0000,+0.0000,+0.000,+0.000,+0.00029,+0.2285,+0.0000,-9.139,+0.000,+0.115,-0.10886,+0.115,-2.722,-0.231,+0.000,-0.731,-3.683,2,+0.000,+0.057,+0.08718,+0.057,+2.179,-0.114,+0.000,-0.731,+1.334,2,+0.000,+0.037,-0.09425,+0.037,-2.356,-0.074,+0.000,-0.731,-3.162,0,+0.000,+0.099,+0.08721,+0.099,+2.180,-0.198,+0.000,-0.731,+1.251,2,+0.215,+0.094,-2.433,-1.828
DRV,722470,+0.0000,+0.0000,+0.0000,+0.0000,+0.0000,+0.0000,+0.000,+0.000,+0.00111,+0.1820,+0.0000,-7.280,+0.000,-0.136,-0.10695,-0.136,-2.674,+0.273,+0.000,-0.582,-2.983,2,+0.000,-0.068,+0.08795,-0.068,+2.199,+0.135,+0.000,-0.582,+1.752,2,+0.000,-0.093,-0.09271,-0.093,-2.318,+0.187,+0.000,-0.582,-2.713,2,+0.000,-0.087,+0.08798,-0.087,+2.199,+0.175,+0.000,-0.582,+1.792,2,-0.224,-0.161,-1.192,-0.962
DRV,722474,+0.0000,+0.0000,+0.0000,+0.0000,+0.0000,+0.0000,+0.000,+0.000,+0.00165,+0.1356,+0.0000,-5.426,+0.000,+0.101,-0.10733,+0.101,-2.683,-0.201,+0.000,-0.434,-3.318,2,+0.000,-0.007,+0.08910,-0.007,+2.227,+0.014,+0.000,-0.434,+1.808,2,+0.000,+0.021,-0.09233,+0.021,-2.308,-0.043,+0.000,-0.434,-2.785,2,+0.000,+0.000,+0.08875,+0.000,+2.219,+0.000,+0.000,-0.434,+1.785,2,+0.101,+0.014,-1.534,-0.978
DRV,722478,+0.0000,+0.0000,+0.0000,+0.0000,+0.0000,+0.0000,+0.000,+0.000,+0.00199,+0.0324,+0.0000,-1.296,+0.000,-0.177,-0.10579,-0.177,-2.645,+0.354,+0.000,-0.104,-2.395,2,+0.000,-0.034,+0.08910,-0.034,+2.227,+0.069,+0.000,-0.104,+2.192,2,+0.000,-0.110,-0.09156,-0.110,-2.289,+0.219,+0.000,-0.104,-2.173,2,+0.000,-0.105,+0.08951,-0.105,+2.238,+0.210,+0.000,-0.104,+2.344,2,-0.282,-0.144,-0.051,+0.019
DRV,722482,+0.0000,+0.0000,+0.0000,+0.0000,+0.0000,+0.0000,+0.000,+0.000,+0.00170,-0.0705,+0.0000,+2.820,+0.000,+0.082,-0.10388,+0.082,-2.597,-0.163,+0.000,+0.226,-2.534,2,+0.000,-0.070,+0.09178,-0.070,+2.295,+0.139,+0.000,+0.226,+2.659,2,+0.000,-0.039,-0.08888,-0.039,-2.222,+0.077,+0.000,+0.226,-1.919,2,+0.000,-0.050,+0.09220,-0.050,+2.305,+0.100,+0.000,+0.226,+2.631,2,+0.031,-0.108,+0.096,+0.740
DRV,722486,+0.0000,+0.0000,+0.0000,+0.0000,+0.0000,+0.0000,+0.000,+0.000,+0.00129,-0.1382,+0.0000,+5.529,+0.000,-0.141,-0.10426,-0.141,-2.607,+0.282,+0.000,+0.442,-1.882,2,+0.000,+0.025,+0.09063,+0.025,+2.266,-0.051,+0.000,+0.442,+2.657,2,+0.000,-0.014,-0.08965,-0.014,-2.241,+0.029,+0.000,+0.442,-1.770,2,+0.000,+0.002,+0.09143,+0.002,+2.286,-0.005,+0.000,+0.442,+2.723,2,-0.139,+0.011,+0.841,+0.887
DRV,722490,+0.0000,+0.0000,+0.0000,+0.0000,+0.0000,+0.0000,+0.000,+0.000,+0.00046,-0.2057,+0.0000,+8.229,+0.000,+0.030,-0.10196,+0.030,-2.549,-0.060,+0.000,+0.658,-1.951,2,+0.000,-0.085,+0.09293,-0.085,+2.323,+0.170,+0.000,+0.658,+3.151,2,+0.000,-0.043,-0.08696,-0.043,-2.174,+0.086,+0.000,+0.658,-1.430,2,+0.000,-0.041,+0.09373,-0.041,+2.343,+0.082,+0.000,+0.658,+3.084,2,-0.011,-0.128,+1.133,+1.721
DRV,722494,+0.0000,+0.0000,+0.0000,+0.0000,+0.0000,+0.0000,+0.000,+0.000,-0.00030,-0.1768,+0.0000,+7.073,+0.000,+0.005,-0.10426,+0.005,-2.607,-0.010,+0.000,+0.566,-2.050,2,+0.000,+0.115,+0.09101,+0.115,+2.275,-0.231,+0.000,+0.566,+2.610,0,+0.000,+0.050,-0.08850,+0.050,-2.212,-0.099,+0.000,+0.566,-1.746,2,+0.000,+0.038,+0.09220,+0.038,+2.305,-0.075,+0.000,+0.566,+2.795,0,+0.042,+0.165,+0.745,+0.865
DRV,722498,+0.0000,+0.0000,+0.0000,+0.0000,+0.0000,+0.0000,+0.000,+0.000,-0.00089,-0.1480,+0.0000,+5.922,+0.000,-0.004,-0.10273,-0.004,-2.568,+0.009,+0.000,+0.474,-2.086,0,+0.000,-0.055,+0.09101,-0.055,+2.275,+0.111,+0.000,+0.474,+2.860,0,+0.000,-0.003,-0.08811,-0.003,-2.203,+0.007,+0.000,+0.474,-1.722,0,+0.000,-0.007,+0.09296,-0.007,+2.324,+0.014,+0.000,+0.474,+2.812,0,-0.011,-0.059,+0.726,+1.137
DRV,722502,+0.0000,+0.0000,+0.0000,+0.0000,+0.0000,+0.0000,+0.000,+0.000,-0.00130,-0.0536,+0.0000,+2.143,+0.000,+0.141,-0.10541,+0.141,-2.635,-0.282,+0.000,+0.171,-2.746,0,+0.000,+0.106,+0.09101,+0.106,+2.275,-0.213,+0.000,+0.171,+2.234,2,+0.000,+0.109,-0.09041,+0.109,-2.260,-0.218,+0.000,+0.171,-2.307,0,+0.000,+0.117,+0.09105,+0.117,+2.276,-0.234,+0.000,+0.171,+2.214,2,+0.258,+0.216,-0.532,-0.073
DRV,722506,+0.0000,+0.0000,+0.0000,+0.0000,+0.0000,+0.0000,+0.000,+0.000,-0.00113,+0.0406,+0.0000,-1.625,+0.000,-0.043,-0.10579,-0.043,-2.645,+0.087,+0.000,-0.130,-2.688,2,+0.000,+0.066,+0.08756,+0.066,+2.189,-0.132,+0.000,-0.130,+1.927,2,+0.000,+0.019,-0.09156,+0.019,-2.289,-0.037,+0.000,-0.130,-2.456,2,+0.000,+0.002,+0.08990,+0.002,+2.247,-0.005,+0.000,-0.130,+2.113,2,-0.041,+0.084,-0.575,-0.529
DRV,722510,+0.0000,+0.0000,+0.0000,+0.0000,+0.0000,+0.0000,+0.000,+0.000,-0.00082,+0.1153,+0.0000,-4.612,+0.000,+0.124,-0.10656,+0.124,-2.664,-0.247,+0.000,-0.369,-3.280,2,+0.000,-0.081,+0.08948,-0.081,+2.237,+0.162,+0.000,-0.369,+2.030,2,+0.000,+0.057,-0.09195,+0.057,-2.299,-0.114,+0.000,-0.369,-2.782,2,+0.000,+0.069,+0.08951,+0.069,+2.238,-0.137,+0.000,-0.369,+1.732,2,+0.192,-0.024,-1.549,-0.752
DRV,722514,+0.0000,+0.0000,+0.0000,+0.0000,+0.0000,+0.0000,+0.000,+0.000,-0.00006,+0.1898,+0.0000,-7.591,+0.000,+0.005,-0.10925,+0.005,-2.731,-0.010,+0.000,-0.607,-3.349,2,+0.000,+0.193,+0.08680,+0.193,+2.170,-0.386,+0.000,-0.607,+1.176,2,+0.000,+0.051,-0.09425,+0.051,-2.356,-0.103,+0.000,-0.607,-3.066,2,+0.000,+0.050,+0.08683,+0.050,+2.171,-0.100,+0.000,-0.607,+1.463,2,+0.055,+0.245,-1.886,-1.890
DRV,722518,+0.0000,+0.0000,+0.0000,+0.0000,+0.0000,+0.0000,+0.000,+0.000,+0.00067,+0.1795,+0.0000,-7.182,+0.000,-0.013,-0.10733,-0.013,-2.683,+0.027,+0.000,-0.575,-3.231,2,+0.000,-0.179,+0.08718,-0.179,+2.179,+0.359,+0.000,-0.575,+1.964,2,+0.000,-0.079,-0.09310,-0.079,-2.327,+0.158,+0.000,-0.575,-2.744,2,+0.000,-0.052,+0.08798,-0.052,+2.199,+0.105,+0.000,-0.575,+1.730,2,-0.066,-0.258,-1.501,-0.780
DRV,722522,+0.0000,+0.0000,+0.0000,+0.0000,+0.0000,+0.0000,+0.000,+0.000,+0.00135,+0.1693,+0.0000,-6.774,+0.000,+0.010,-0.10886,+0.010,-2.722,-0.021,+0.000,-0.542,-3.284,2,+0.000,+0.067,+0.08871,+0.067,+2.218,-0.134,+0.000,-0.542,+1.541,2,+0.000,+0.062,-0.09348,+0.062,-2.337,-0.124,+0.000,-0.542,-3.003,2,+0.000,+0.045,+0.08760,+0.045,+2.190,-0.091,+0.000,-0.542,+1.557,2,+0.056,+0.129,-1.727,-1.461
DRV,722526,+0.0000,+0.0000,+0.0000,+0.0000,+0.0000,+0.0000,+0.000,+0.000,+0.00187,+0.0903,+0.0000,-3.610,+0.000,-0.068,-0.10618,-0.068,-2.654,+0.136,+0.000,-0.289,-2.807,2,+0.000,-0.061,+0.08756,-0.061,+2.189,+0.121,+0.000,-0.289,+2.021,2,+0.000,-0.142,-0.09195,-0.142,-2.299,+0.283,+0.000,-0.289,-2.304,2,+0.000,-0.119,+0.08875,-0.119,+2.219,+0.237,+0.000,-0.289,+2.167,2,-0.187,-0.202,-0.640,-0.283
DRV,722530,+0.0000,+0.0000,+0.0000,+0.0000,+0.0000,+0.0000,+0.000,+0.000,+0.00192,+0.0114,+0.0000,-0.456,+0.000,+0.002,-0.10618,+0.002,-2.654,-0.005,+0.000,-0.036,-2.696,2,+0.000,-0.070,+0.09140,-0.070,+2.285,+0.140,+0.000,-0.036,+2.389,0,+0.000,+0.014,-0.09080,+0.014,-2.270,-0.029,+0.000,-0.036,-2.335,2,+0.000,+0.000,+0.09028,+0.000,+2.257,+0.000,+0.000,-0.036,+2.221,2,+0.002,-0.056,-0.475,+0.054
DRV,722534,+0.0000,+0.0000,+0.0000,+0.0000,+0.0000,+0.0000,+0.000,+0.000,+0.00179,-0.0735,+0.0000,+2.939,+0.000,-0.108,-0.10426,-0.108,-2.607,+0.216,+0.000,+0.235,-2.155,0,+0.000,+0.054,+0.08948,+0.054,+2.237,-0.108,+0.000,+0.235,+2.364,0,+0.000,-0.129,-0.09003,-0.129,-2.251,+0.257,+0.000,+0.235,-1.758,0,+0.000,-0.096,+0.09105,-0.096,+2.276,+0.192,+0.000,+0.235,+2.703,0,-0.204,-0.075,+0.548,+0.606
DRV,722538,+0.0000,+0.0000,+0.0000,+0.0000,+0.0000,+0.0000,+0.000,+0.000,+0.00116,-0.1581,+0.0000,+6.325,+0.000,+0.009,-0.10311,+0.009,-2.578,-0.018,+0.000,+0.506,-2.090,0,+0.000,-0.202,+0.09216,-0.202,+2.304,+0.403,+0.000,+0.506,+3.213,2,+0.000,+0.001,-0.08773,+0.001,-2.193,-0.002,+0.000,+0.506,-1.689,0,+0.000,-0.064,+0.09296,-0.064,+2.324,+0.128,+0.000,+0.506,+2.958,2,-0.055,-0.201,+0.868,+1.524
DRV,722542,+0.0000,+0.0000,+0.0000,+0.0000,+0.0000,+0.0000,+0.000,+0.000,+0.00050,-0.1708,+0.0000,+6.834,+0.000,+0.000,-0.10388,+0.000,-2.597,+0.000,+0.000,+0.547,-2.050,2,+0.000,+0.144,+0.09216,+0.144,+2.304,-0.287,+0.000,+0.547,+2.564,2,+0.000,+0.031,-0.08926,+0.031,-2.232,-0.063,+0.000,+0.547,-1.748,2,+0.000,+0.036,+0.09220,+0.036,+2.305,-0.072,+0.000,+0.547,+2.780,2,+0.036,+0.175,+0.730,+0.816
DRV,722546,+0.0000,+0.0000,+0.0000,+0.0000,+0.0000,+0.0000,+0.000,+0.000,-0.00023,-0.1835,+0.0000,+7.341,+0.000,-0.021,-0.10234,-0.021,-2.559,+0.043,+0.000,+0.587,-1.928,2,+0.000,-0.006,+0.08986,-0.006,+2.247,+0.012,+0.000,+0.587,+2.846,2,+0.000,-0.062,-0.08773,-0.062,-2.193,+0.125,+0.000,+0.587,-1.481,0,+0.000,-0.052,+0.09296,-0.052,+2.324,+0.104,+0.000,+0.587,+3.015,2,-0.073,-0.069,+1.087,+1.365
DRV,722550,+0.0000,+0.0000,+0.0000,+0.0000,+0.0000,+0.0000,+0.000,+0.000,-0.00084,-0.1185,+0.0000,+4.740,+0.000,+0.095,-0.10426,+0.095,-2.607,-0.191,+0.000,+0.379,-2.418,2,+0.000,-0.038,+0.09216,-0.038,+2.304,+0.076,+0.000,+0.379,+2.760,2,+0.000,+0.115,-0.08965,+0.115,-2.241,-0.230,+0.000,+0.379,-2.092,2,+0.000,+0.108,+0.09143,+0.108,+2.286,-0.216,+0.000,+0.379,+2.449,2,+0.204,+0.077,+0.030,+0.668
DRV,722554,+0.0000,+0.0000,+0.0000,+0.0000,+0.0000,+0.0000,+0.000,+0.000,-0.00105,-0.0537,+0.0000,+2.148,+0.000,-0.022,-0.10464,-0.022,-2.616,+0.045,+0.000,+0.172,-2.399,2,+0.000,+0.201,+0.08795,+0.201,+2.199,-0.402,+0.000,+0.172,+1.968,2,+0.000,+0.002,-0.09080,+0.002,-2.270,-0.004,+0.000,+0.172,-2.102,2,+0.000,+0.001,+0.09066,+0.001,+2.267,-0.003,+0.000,+0.172,+2.436,2,-0.021,+0.203,+0.036,-0.134
DRV,722558,+0.0000,+0.0000,+0.0000,+0.0000,+0.0000,+0.0000,+0.000,+0.000,-0.00109,+0.0347,+0.0000,-1.390,+0.000,+0.141,-0.10656,+0.141,-2.664,-0.281,+0.000,-0.111,-3.057,2,+0.000,-0.146,+0.08871,-0.146,+2.218,+0.292,+0.000,-0.111,+2.398,2,+0.000,+0.104,-0.09156,+0.104,-2.289,-0.209,+0.000,-0.111,-2.609,2,+0.000,+0.098,+0.08951,+0.098,+2.238,-0.196,+0.000,-0.111,+1.931,2,+0.238,-0.041,-1.125,-0.211
DRV,722562,+0.0000,+0.0000,+0.0000,+0.0000,+0.0000,+0.0000,+0.000,+0.000,-0.00060,+0.1229,+0.0000,-4.917,+0.000,-0.009,-0.10771,-0.009,-2.693,+0.018,+0.000,-0.393,-3.068,2,+0.000,+0.175,+0.08756,+0.175,+2.189,-0.351,+0.000,-0.393,+1.445,2,+0.000,+0.022,-0.09386,+0.022,-2.347,-0.044,+0.000,-0.393,-2.784,2,+0.000,+0.026,+0.08760,+0.026,+2.190,-0.051,+0.000,-0.393,+1.745,2,+0.017,+0.197,-1.323,-1.339
DRV,722566,+0.0000,+0.0000,+0.0000,+0.0000,+0.0000,+0.0000,+0.000,+0.000,-0.00002,+0.1631,+0.0000,-6.525,+0.000,+0.087,-0.10771,+0.087,-2.693,-0.174,+0.000,-0.522,-3.388,2,+0.000,-0.093,+0.08641,-0.093,+2.160,+0.185,+0.000,-0.522,+1.823,0,+0.000,+0.004,-0.09310,+0.004,-2.327,-0.009,+0.000,-0.522,-2.858,2,+0.000,+0.024,+0.08760,+0.024,+2.190,-0.049,+0.000,-0.522,+1.619,2,+0.111,-0.088,-1.769,-1.035
DRV,722570,+0.0000,+0.0000,+0.0000,+0.0000,+0.0000,+0.0000,+0.000,+0.000,+0.00079,+0.2032,+0.0000,-8.127,+0.000,-0.033,-0.10925,-0.033,-2.731,+0.066,+0.000,-0.650,-3.316,0,+0.000,-0.031,+0.08795,-0.031,+2.199,+0.063,+0.000,-0.650,+1.611,0,+0.000,+0.014,-0.09463,+0.014,-2.366,-0.029,+0.000,-0.650,-3.045,2,+0.000,+0.010,+0.08606,+0.010,+2.152,-0.020,+0.000,-0.650,+1.481,0,-0.023,-0.017,-1.834,-1.433
DRV,722574,+0.0000,+0.0000,+0.0000,+0.0000,+0.0000,+0.0000,+0.000,+0.000,+0.00149,+0.1498,+0.0000,-5.993,+0.000,-0.010,-0.10695,-0.010,-2.674,+0.021,+0.000,-0.479,-3.132,0,+0.000,+0.033,+0.08680,+0.033,+2.170,-0.067,+0.000,-0.479,+1.624,2,+0.000,-0.067,-0.09271,-0.067,-2.318,+0.134,+0.000,-0.479,-2.664,0,+0.000,-0.065,+0.08798,-0.065,+2.199,+0.131,+0.000,-0.479,+1.851,0,-0.076,-0.033,-1.281,-1.040
DRV,722578,+0.0000,+0.0000,+0.0000,+0.0000,+0.0000,+0.0000,+0.000,+0.000,+0.00188,+0.0966,+0.0000,-3.866,+0.000,+0.008,-0.10733,+0.008,-2.683,-0.016,+0.000,-0.309,-3.009,2,+0.000,-0.138,+0.08910,-0.138,+2.227,+0.276,+0.000,-0.309,+2.194,2,+0.000,+0.019,-0.09271,+0.019,-2.318,-0.038,+0.000,-0.309,-2.665,0,+0.000,+0.000,+0.08836,+0.000,+2.209,+0.000,+0.000,-0.309,+1.900,2,+0.008,-0.119,-1.109,-0.472
DRV,722582,+0.0000,+0.0000,+0.0000,+0.0000,+0.0000,+0.0000,+0.000,+0.000,+0.00208,+0.0012,+0.0000,-0.048,+0.000,-0.112,-0.10503,-0.112,-2.626,+0.224,+0.000,-0.004,-2.405,2,+0.000,+0.047,+0.08986,+0.047,+2.247,-0.093,+0.000,-0.004,+2.149,2,+0.000,-0.126,-0.09118,-0.126,-2.280,+0.253,+0.000,-0.004,-2.031,2,+0.000,-0.104,+0.08990,-0.104,+2.247,+0.209,+0.000,-0.004,+2.452,2,-0.216,-0.080,+0.047,+0.119
DRV,722586,+0.0000,+0.0000,+0.0000,+0.0000,+0.0000,+0.0000,+0.000,+0.000,+0.00170,-0.0939,+0.0000,+3.758,+0.000,-0.001,-0.10388,-0.001,-2.597,+0.002,+0.000,+0.301,-2.294,2,+0.000,-0.145,+0.09101,-0.145,+2.275,+0.291,+0.000,+0.301,+2.867,2,+0.000,-0.020,-0.08888,-0.020,-2.222,+0.039,+0.000,+0.301,-1.882,2,+0.000,-0.043,+0.09181,-0.043,+2.295,+0.087,+0.000,+0.301,+2.683,2,-0.044,-0.165,+0.388,+0.985
DRV,722590,+0.0000,+0.0000,+0.0000,+0.0000,+0.0000,+0.0000,+0.000,+0.000,+0.00121,-0.1510,+0.0000,+6.038,+0.000,-0.054,-0.10349,-0.054,-2.587,+0.108,+0.000,+0.483,-1.997,2,+0.000,+0.003,+0.09255,+0.003,+2.314,-0.006,+0.000,+0.483,+2.791,2,+0.000,+0.003,-0.08926,+0.003,-2.232,-0.007,+0.000,+0.483,-1.755,2,+0.000,+0.003,+0.09181,+0.003,+2.295,-0.006,+0.000,+0.483,+2.773,2,-0.051,+0.006,+0.776,+1.036
DRV,722594,+0.0000,+0.0000,+0.0000,+0.0000,+0.0000,+0.0000,+0.000,+0.000,+0.00038,-0.2078,+0.0000,+8.312,+0.000,-0.011,-0.10196,-0.011,-2.549,+0.023,+0.000,+0.665,-1.861,2,+0.000,+0.020,+0.09140,+0.020,+2.285,-0.039,+0.000,+0.665,+2.911,2,+0.000,-0.081,-0.08696,-0.081,-2.174,+0.162,+0.000,+0.665,-1.347,2,+0.000,-0.056,+0.09373,-0.056,+2.343,+0.113,+0.000,+0.665,+3.121,2,-0.068,-0.062,+1.260,+1.564
DRV,722598,+0.0000,+0.0000,+0.0000,+0.0000,+0.0000,+0.0000,+0.000,+0.000,-0.00039,-0.1789,+0.0000,+7.157,+0.000,+0.031,-0.10349,+0.031,-2.587,-0.063,+0.000,+0.573,-2.078,2,+0.000,-0.012,+0.09216,-0.012,+2.304,+0.024,+0.000,+0.573,+2.900,2,+0.000,+0.082,-0.08850,+0.082,-2.212,-0.164,+0.000,+0.573,-1.804,2,+0.000,+0.071,+0.09258,+0.071,+2.315,-0.141,+0.000,+0.573,+2.746,2,+0.102,+0.070,+0.668,+1.097
DRV,722602,+0.0000,+0.0000,+0.0000,+0.0000,+0.0000,+0.0000,+0.000,+0.000,-0.00099,-0.1501,+0.0000,+6.005,+0.000,+0.000,-0.10311,+0.000,-2.578,+0.000,+0.000,+0.480,-2.097,2,+0.000,+0.074,+0.09063,+0.074,+2.266,-0.149,+0.000,+0.480,+2.597,2,+0.000,-0.024,-0.08850,-0.024,-2.212,+0.048,+0.000,+0.480,-1.684,2,+0.000,-0.017,+0.09220,-0.017,+2.305,+0.033,+0.000,+0.480,+2.819,2,-0.017,+0.051,+0.721,+0.913
DRV,722606,+0.0000,+0.0000,+0.0000,+0.0000,+0.0000,+0.0000,+0.000,+0.000,-0.00140,-0.0535,+0.0000,+2.140,+0.000,+0.097,-0.10579,+0.097,-2.645,-0.195,+0.000,+0.171,-2.668,2,+0.000,+0.033,+0.08986,+0.033,+2.247,-0.066,+0.000,+0.171,+2.352,0,+0.000,+0.147,-0.09080,+0.147,-2.270,-0.294,+0.000,+0.171,-2.392,2,+0.000,+0.117,+0.09028,+0.117,+2.257,-0.234,+0.000,+0.171,+2.195,0,+0.214,+0.180,-0.474,-0.040
DRV,722610,+0.0000,+0.0000,+0.0000,+0.0000,+0.0000,+0.0000,+0.000,+0.000,-0.00123,+0.0428,+0.0000,-1.712,+0.000,+0.000,-0.10618,+0.000,-2.654,+0.000,+0.000,-0.137,-2.791,0,+0.000,+0.118,+0.08795,+0.118,+2.199,-0.236,+0.000,-0.137,+1.826,0,+0.000,+0.000,-0.09233,+0.000,-2.308,+0.000,+0.000,-0.137,-2.445,0,+0.000,+0.003,+0.08913,+0.003,+2.228,-0.007,+0.000,-0.137,+2.085,0,+0.003,+0.118,-0.707,-0.619
DRV,722614,+0.0000,+0.0000,+0.0000,+0.0000,+0.0000,+0.0000,+0.000,+0.000,-0.00090,+0.1199,+0.0000,-4.795,+0.000,+0.105,-0.10733,+0.105,-2.683,-0.210,+0.000,-0.384,-3.277,0,+0.000,-0.058,+0.08795,-0.058,+2.199,+0.115,+0.000,-0.384,+1.930,2,+0.000,+0.104,-0.09310,+0.104,-2.327,-0.209,+0.000,-0.384,-2.920,0,+0.000,+0.057,+0.08875,+0.057,+2.219,-0.114,+0.000,-0.384,+1.721,2,+0.162,+0.047,-1.556,-0.989
DRV,722618,+0.0000,+0.0000,+0.0000,+0.0000,+0.0000,+0.0000,+0.000,+0.000,-0.00012,+0.1967,+0.0000,-7.869,+0.000,+0.014,-0.10925,+0.014,-2.731,-0.029,+0.000,-0.629,-3.389,2,+0.000,+0.106,+0.08718,+0.106,+2.179,-0.213,+0.000,-0.629,+1.337,2,+0.000,+0.045,-0.09463,+0.045,-2.366,-0.091,+0.000,-0.629,-3.086,2,+0.000,+0.064,+0.08645,+0.064,+2.161,-0.128,+0.000,-0.629,+1.404,2,+0.078,+0.152,-1.985,-1.749
DRV,722622,+0.0000,+0.0000,+0.0000,+0.0000,+0.0000,+0.0000,+0.000,+0.000,+0.00066,+0.1931,+0.0000,-7.725,+0.000,-0.042,-0.10771,-0.042,-2.693,+0.084,+0.000,-0.618,-3.227,2,+0.000,-0.039,+0.08603,-0.039,+2.151,+0.078,+0.000,-0.618,+1.611,2,+0.000,-0.051,-0.09348,-0.051,-2.337,+0.103,+0.000,-0.618,-2.852,2,+0.000,-0.070,+0.08721,-0.070,+2.180,+0.139,+0.000,-0.618,+1.702,2,-0.112,-0.091,-1.525,-1.241
DRV,722626,+0.0000,+0.0000,+0.0000,+0.0000,+0.0000,+0.0000,+0.000,+0.000,+0.00142,+0.1896,+0.0000,-7.582,+0.000,+0.036,-0.10925,+0.036,-2.731,-0.072,+0.000,-0.607,-3.410,2,+0.000,-0.050,+0.08833,-0.050,+2.208,+0.100,+0.000,-0.607,+1.702,2,+0.000,+0.041,-0.09386,+0.041,-2.347,-0.083,+0.000,-0.607,-3.036,2,+0.000,+0.042,+0.08721,+0.042,+2.180,-0.085,+0.000,-0.607,+1.489,2,+0.079,-0.009,-1.921,-1.334
DRV,722630,+0.0000,+0.0000,+0.0000,+0.0000,+0.0000,+0.0000,+0.000,+0.000,+0.00201,+0.1046,+0.0000,-4.183,+0.000,-0.134,-0.10618,-0.134,-2.654,+0.269,+0.000,-0.335,-2.720,2,+0.000,+0.004,+0.08795,+0.004,+2.199,-0.008,+0.000,-0.335,+1.856,2,+0.000,-0.134,-0.09195,-0.134,-2.299,+0.268,+0.000,-0.335,-2.365,2,+0.000,-0.129,+0.08875,-0.129,+2.219,+0.257,+0.000,-0.335,+2.142,2,-0.263,-0.130,-0.579,-0.509
DRV,722634,+0.0000,+0.0000,+0.0000,+0.0000,+0.0000,+0.0000,+0.000,+0.000,+0.00209,+0.0198,+0.0000,-0.794,+0.000,+0.033,-0.10618,+0.033,-2.654,-0.066,+0.000,-0.063,-2.784,2,+0.000,-0.125,+0.09063,-0.125,+2.266,+0.250,+0.000,-0.063,+2.452,2,+0.000,+0.000,-0.09041,+0.000,-2.260,+0.000,+0.000,-0.063,-2.324,2,+0.000,-0.008,+0.08990,-0.008,+2.247,+0.015,+0.000,-0.063,+2.199,2,+0.025,-0.125,-0.585,+0.128
DRV,722638,+0.0000,+0.0000,+0.0000,+0.0000,+0.0000,+0.0000,+0.000,+0.000,+0.00198,-0.0757,+0.0000,+3.028,+0.000,-0.169,-0.10388,-0.169,-2.597,+0.339,+0.000,+0.242,-2.016,2,+0.000,+0.027,+0.09101,+0.027,+2.275,-0.054,+0.000,+0.242,+2.463,2,+0.000,-0.111,-0.08965,-0.111,-2.241,+0.221,+0.000,+0.242,-1.778,2,+0.000,-0.117,+0.09105,-0.117,+2.276,+0.235,+0.000,+0.242,+2.753,2,-0.287,-0.083,+0.737,+0.686
DRV,722642,+0.0000,+0.0000,+0.0000,+0.0000,+0.0000,+0.0000,+0.000,+0.000,+0.00129,-0.1710,+0.0000,+6.839,+0.000,+0.055,-0.10273,+0.055,-2.568,-0.110,+0.000,+0.547,-2.131,2,+0.000,-0.087,+0.09255,-0.087,+2.314,+0.175,+0.000,+0.547,+3.035,0,+0.000,-0.010,-0.08735,-0.010,-2.184,+0.021,+0.000,+0.547,-1.616,2,+0.000,-0.021,+0.09335,-0.021,+2.334,+0.041,+0.000,+0.547,+2.922,0,+0.034,-0.098,+0.791,+1.420
DRV,722646,+0.0000,+0.0000,+0.0000,+0.0000,+0.0000,+0.0000,+0.000,+0.000,+0.00057,-0.1924,+0.0000,+7.698,+0.000,-0.079,-0.10311,-0.079,-2.578,+0.157,+0.000,+0.616,-1.805,0,+0.000,+0.055,+0.09255,+0.055,+2.314,-0.111,+0.000,+0.616,+2.819,0,+0.000,+0.004,-0.08850,+0.004,-2.212,-0.008,+0.000,+0.616,-1.604,2,+0.000,+0.001,+0.09220,+0.001,+2.305,-0.003,+0.000,+0.616,+2.918,0,-0.077,+0.059,+1.113,+1.215
DRV,722650,+0.0000,+0.0000,+0.0000,+0.0000,+0.0000,+0.0000,+0.000,+0.000,-0.00029,-0.2139,+0.0000,+8.554,+0.000,-0.020,-0.10196,-0.020,-2.549,+0.040,+0.000,+0.684,-1.825,0,+0.000,+0.000,+0.09178,+0.000,+2.295,+0.000,+0.000,+0.684,+2.979,2,+0.000,-0.004,-0.08696,-0.004,-2.174,+0.009,+0.000,+0.684,-1.481,0,+0.000,-0.047,+0.09373,-0.047,+2.343,+0.093,+0.000,+0.684,+3.121,2,-0.067,-0.004,+1.297,+1.498
DRV,722654,+0.0000,+0.0000,+0.0000,+0.0000,+0.0000,+0.0000,+0.000,+0.000,-0.00101,-0.1467,+0.0000,+5.866,+0.000,+0.087,-0.10426,+0.087,-2.607,-0.174,+0.000,+0.469,-2.311,2,+0.000,+0.049,+0.09178,+0.049,+2.295,-0.098,+0.000,+0.469,+2.666,2,+0.000,+0.117,-0.08926,+0.117,-2.232,-0.235,+0.000,+0.469,-1.997,2,+0.000,+0.117,+0.09181,+0.117,+2.295,-0.234,+0.000,+0.469,+2.531,2,+0.204,+0.166,+0.220,+0.669
DRV,722658,+0.0000,+0.0000,+0.0000,+0.0000,+0.0000,+0.0000,+0.000,+0.000,-0.00133,-0.0796,+0.0000,+3.186,+0.000,-0.017,-0.10464,-0.017,-2.616,+0.033,+0.000,+0.255,-2.328,2,+0.000,+0.092,+0.08910,+0.092,+2.227,-0.183,+0.000,+0.255,+2.299,2,+0.000,+0.008,-0.09003,+0.008,-2.251,-0.016,+0.000,+0.255,-2.012,2,+0.000,+0.002,+0.09066,+0.002,+2.267,-0.004,+0.000,+0.255,+2.518,2,-0.015,+0.100,+0.190,+0.287
DRV,722662,+0.0000,+0.0000,+0.0000,+0.0000,+0.0000,+0.0000,+0.000,+0.000,-0.00117,+0.0910,+0.0000,-3.639,+0.000,+0.145,-0.10695,+0.145,-2.674,-0.291,+0.000,-0.291,-3.256,2,+0.000,-0.019,+0.08910,-0.019,+2.227,+0.038,+0.000,-0.291,+1.974,2,+0.000,+0.130,-0.09195,+0.130,-2.299,-0.260,+0.000,-0.291,-2.850,2,+0.000,+0.117,+0.08951,+0.117,+2.238,-0.235,+0.000,-0.291,+1.712,2,+0.263,+0.111,-1.544,-0.876
DRV,722666,+0.0000,+0.0000,+0.0000,+0.0000,+0.0000,+0.0000,+0.000,+0.000,-0.00067,+0.1251,+0.0000,-5.003,+0.000,-0.003,-0.10848,-0.003,-2.712,+0.006,+0.000,-0.400,-3.107,2,+0.000,+0.114,+0.08718,+0.114,+2.179,-0.228,+0.000,-0.400,+1.551,2,+0.000,+0.012,-0.09386,+0.012,-2.347,-0.024,+0.000,-0.400,-2.771,2,+0.000,+0.022,+0.08721,+0.022,+2.180,-0.044,+0.000,-0.400,+1.736,2,+0.019,+0.126,-1.370,-1.219
DRV,722670,+0.0000,+0.0000,+0.0000,+0.0000,+0.0000,+0.0000,+0.000,+0.000,+0.00016,+0.2365,+0.0000,-9.461,+0.000,+0.082,-0.10848,+0.082,-2.712,-0.165,+0.000,-0.757,-3.634,2,+0.000,-0.025,+0.08680,-0.025,+2.170,+0.051,+0.000,-0.757,+1.464,2,+0.000,+0.026,-0.09348,+0.026,-2.337,-0.052,+0.000,-0.757,-3.146,2,+0.000,+0.007,+0.08721,+0.007,+2.180,-0.014,+0.000,-0.757,+1.409,2,+0.090,+0.001,-2.225,-1.683
DRV,722674,+0.0000,+0.0000,+0.0000,+0.0000,+0.0000,+0.0000,+0.000,+0.000,+0.00111,+0.2360,+0.0000,-9.442,+0.000,-0.071,-0.10925,-0.071,-2.731,+0.141,+0.000,-0.755,-3.345,2,+0.000,+0.000,+0.08680,+0.000,+2.170,+0.000,+0.000,-0.755,+1.415,2,+0.000,+0.003,-0.09502,+0.003,-2.375,-0.007,+0.000,-0.755,-3.137,2,+0.000,+0.010,+0.08606,+0.010,+2.152,-0.019,+0.000,-0.755,+1.377,2,-0.061,+0.003,-1.968,-1.723
DRV,722678,+0.0000,+0.0000,+0.0000,+0.0000,+0.0000,+0.0000,+0.000,+0.000,+0.00177,+0.1404,+0.0000,-5.615,+0.000,+0.000,-0.10771,+0.000,-2.693,+0.000,+0.000,-0.449,-3.142,2,+0.000,-0.037,+0.08718,-0.037,+2.179,+0.073,+0.000,-0.449,+1.804,0,+0.000,-0.041,-0.09310,-0.041,-2.327,+0.083,+0.000,-0.449,-2.694,2,+0.000,-0.048,+0.08721,-0.048,+2.180,+0.095,+0.000,-0.449,+1.826,2,-0.048,-0.078,-1.316,-0.890
DRV,722682,+0.0000,+0.0000,+0.0000,+0.0000,+0.0000,+0.0000,+0.000,+0.000,+0.00233,+0.1401,+0.0000,-5.604,+0.000,-0.085,-0.10771,-0.085,-2.693,+0.170,+0.000,-0.448,-2.971,0,+0.000,-0.052,+0.08833,-0.052,+2.208,+0.104,+0.000,-0.448,+1.864,2,+0.000,-0.018,-0.09310,-0.018,-2.327,+0.036,+0.000,-0.448,-2.740,2,+0.000,-0.028,+0.08760,-0.028,+2.190,+0.056,+0.000,-0.448,+1.798,0,-0.113,-0.070,-1.174,-0.876
DRV,722686,+0.0000,+0.0000,+0.0000,+0.0000,+0.0000,+0.0000,+0.000,+0.000,+0.00219,-0.0915,+0.0000,+3.661,+0.000,-0.069,-0.10464,-0.069,-2.616,+0.138,+0.000,+0.293,-2.185,0,+0.000,-0.073,+0.08986,-0.073,+2.247,+0.146,+0.000,+0.293,+2.685,2,+0.000,-0.137,-0.09003,-0.137,-2.251,+0.275,+0.000,+0.293,-1.683,0,+0.000,-0.137,+0.08990,-0.137,+2.247,+0.275,+0.000,+0.293,+2.815,0,-0.206,-0.210,+0.630,+1.002
DRV,722690,+0.0000,+0.0000,+0.0000,+0.0000,+0.0000,+0.0000,+0.000,+0.000,+0.00183,-0.0913,+0.0000,+3.654,+0.000,+0.011,-0.10464,+0.011,-2.616,-0.023,+0.000,+0.292,-2.347,2,+0.000,-0.009,+0.09101,-0.009,+2.275,+0.017,+0.000,+0.292,+2.585,2,+0.000,+0.033,-0.08965,+0.033,-2.241,-0.066,+0.000,+0.292,-2.015,2,+0.000,+0.009,+0.09105,+0.009,+2.276,-0.018,+0.000,+0.292,+2.550,2,+0.021,+0.024,+0.204,+0.570
DRV,722694,+0.0000,+0.0000,+0.0000,+0.0000,+0.0000,+0.0000,+0.000,+0.000,+0.00105,-0.2284,+0.0000,+9.135,+0.000,-0.132,-0.10311,-0.132,-2.578,+0.264,+0.000,+0.731,-1.583,2,+0.000,-0.008,+0.09101,-0.008,+2.275,+0.016,+0.000,+0.731,+3.022,2,+0.000,-0.124,-0.08888,-0.124,-2.222,+0.248,+0.000,+0.731,-1.243,2,+0.000,-0.106,+0.09181,-0.106,+2.295,+0.212,+0.000,+0.731,+3.238,2,-0.238,-0.132,+1.655,+1.779
DRV,722698,+0.0000,+0.0000,+0.0000,+0.0000,+0.0000,+0.0000,+0.000,+0.000,+0.00014,-0.2279,+0.0000,+9.117,+0.000,+0.087,-0.10273,+0.087,-2.568,-0.174,+0.000,+0.729,-2.012,2,+0.000,-0.024,+0.09255,-0.024,+2.314,+0.049,+0.000,+0.729,+3.092,2,+0.000,+0.027,-0.08735,+0.027,-2.184,-0.053,+0.000,+0.729,-1.508,2,+0.000,+0.019,+0.09335,+0.019,+2.334,-0.037,+0.000,+0.729,+3.026,2,+0.105,+0.002,+1.013,+1.584
DRV,722702,+0.0000,+0.0000,+0.0000,+0.0000,+0.0000,+0.0000,+0.000,+0.000,-0.00057,-0.1599,+0.0000,+6.397,+0.000,-0.001,-0.10426,-0.001,-2.607,+0.003,+0.000,+0.512,-2.092,2,+0.000,+0.092,+0.09063,+0.092,+2.266,-0.183,+0.000,+0.512,+2.594,2,+0.000,+0.024,-0.08926,+0.024,-2.232,-0.048,+0.000,+0.512,-1.768,2,+0.000,+0.027,+0.09143,+0.027,+2.286,-0.053,+0.000,+0.512,+2.744,2,+0.025,+0.115,+0.652,+0.827
DRV,722706,+0.0000,+0.0000,+0.0000,+0.0000,+0.0000,+0.0000,+0.000,+0.000,-0.00121,-0.1596,+0.0000,+6.384,+0.000,+0.023,-0.10349,+0.023,-2.587,-0.047,+0.000,+0.511,-2.123,2,+0.000,-0.041,+0.09101,-0.041,+2.275,+0.083,+0.000,+0.511,+2.869,2,+0.000,+0.000,-0.08888,+0.000,-2.222,+0.000,+0.000,+0.511,-1.711,2,+0.000,-0.007,+0.09181,-0.007,+2.295,+0.014,+0.000,+0.511,+2.820,2,+0.016,-0.041,+0.697,+1.158
DRV,722710,+0.0000,+0.0000,+0.0000,+0.0000,+0.0000,+0.0000,+0.000,+0.000,-0.00125,+0.0402,+0.0000,-1.606,+0.000,+0.099,-0.10656,+0.099,-2.664,-0.197,+0.000,-0.128,-2.990,2,+0.000,+0.166,+0.08871,+0.166,+2.218,-0.333,+0.000,-0.128,+1.756,2,+0.000,+0.133,-0.09195,+0.133,-2.299,-0.266,+0.000,-0.128,-2.693,2,+0.000,+0.124,+0.08951,+0.124,+2.238,-0.247,+0.000,-0.128,+1.862,2,+0.222,+0.299,-1.128,-0.937
DRV,722714,+0.0000,+0.0000,+0.0000,+0.0000,+0.0000,+0.0000,+0.000,+0.000,-0.00109,+0.0401,+0.0000,-1.603,+0.000,-0.037,-0.10579,-0.037,-2.645,+0.074,+0.000,-0.128,-2.699,2,+0.000,-0.095,+0.08833,-0.095,+2.208,+0.191,+0.000,-0.128,+2.271,0,+0.000,-0.048,-0.09156,-0.048,-2.289,+0.095,+0.000,-0.128,-2.322,2,+0.000,-0.026,+0.08913,-0.026,+2.228,+0.051,+0.000,-0.128,+2.152,2,-0.063,-0.143,-0.547,-0.051
DRV,722718,+0.0000,+0.0000,+0.0000,+0.0000,+0.0000,+0.0000,+0.000,+0.000,-0.00045,+0.2001,+0.0000,-8.003,+0.000,+0.160,-0.10886,+0.160,-2.722,-0.319,+0.000,-0.640,-3.681,2,+0.000,+0.149,+0.08795,+0.149,+2.199,-0.298,+0.000,-0.640,+1.261,0,+0.000,+0.156,-0.09386,+0.156,-2.347,-0.312,+0.000,-0.640,-3.299,2,+0.000,+0.136,+0.08683,+0.136,+2.171,-0.272,+0.000,-0.640,+1.259,0,+0.296,+0.305,-2.423,-2.038
DRV,722722,+0.0000,+0.0000,+0.0000,+0.0000,+0.0000,+0.0000,+0.000,+0.000,+0.00035,+0.1997,+0.0000,-7.987,+0.000,-0.125,-0.10733,-0.125,-2.683,+0.250,+0.000,-0.639,-3.072,0,+0.000,+0.023,+0.08603,+0.023,+2.151,-0.046,+0.000,-0.639,+1.466,2,+0.000,-0.102,-0.09386,-0.102,-2.347,+0.203,+0.000,-0.639,-2.782,0,+0.000,-0.091,+0.08721,-0.091,+2.180,+0.181,+0.000,-0.639,+1.723,0,-0.216,-0.079,-1.350,-1.316
DRV,722726,+0.0000,+0.0000,+0.0000,+0.0000,+0.0000,+0.0000,+0.000,+0.000,+0.00107,+0.1732,+0.0000,-6.929,+0.000,+0.112,-0.10771,+0.112,-2.693,-0.223,+0.000,-0.554,-3.470,2,+0.000,-0.091,+0.08871,-0.091,+2.218,+0.181,+0.000,-0.554,+1.845,2,+0.000,+0.072,-0.09386,+0.072,-2.347,-0.145,+0.000,-0.554,-3.046,0,+0.000,+0.015,+0.08760,+0.015,+2.190,-0.030,+0.000,-0.554,+1.606,2,+0.126,-0.018,-1.864,-1.201
DRV,722730,+0.0000,+0.0000,+0.0000,+0.0000,+0.0000,+0.0000,+0.000,+0.000,+0.00176,+0.1729,+0.0000,-6.915,+0.000,-0.123,-0.10771,-0.123,-2.693,+0.245,+0.000,-0.553,-3.001,2,+0.000,+0.077,+0.08795,+0.077,+2.199,-0.154,+0.000,-0.553,+1.491,2,+0.000,-0.072,-0.09348,-0.072,-2.337,+0.145,+0.000,-0.553,-2.745,2,+0.000,-0.042,+0.08721,-0.042,+2.180,+0.085,+0.000,-0.553,+1.712,2,-0.165,+0.005,-1.289,-1.254
DRV,722734,+0.0000,+0.0000,+0.0000,+0.0000,+0.0000,+0.0000,+0.000,+0.000,+0.00191,-0.0088,+0.0000,+0.353,+0.000,-0.023,-0.10541,-0.023,-2.635,+0.046,+0.000,+0.028,-2.561,2,+0.000,-0.174,+0.08948,-0.174,+2.237,+0.348,+0.000,+0.028,+2.613,2,+0.000,-0.061,-0.09080,-0.061,-2.270,+0.122,+0.000,+0.028,-2.120,2,+0.000,-0.084,+0.08990,-0.084,+2.247,+0.168,+0.000,+0.028,+2.444,2,-0.107,-0.235,-0.118,+0.494
DRV,722738,+0.0000,+0.0000,+0.0000,+0.0000,+0.0000,+0.0000,+0.000,+0.000,+0.00187,-0.0088,+0.0000,+0.353,+0.000,-0.011,-0.10541,-0.011,-2.635,+0.022,+0.000,+0.028,-2.585,2,+0.000,+0.011,+0.09178,+0.011,+2.295,-0.023,+0.000,+0.028,+2.300,2,+0.000,+0.006,-0.09080,+0.006,-2.270,-0.011,+0.000,+0.028,-2.253,2,+0.000,+0.000,+0.09028,+0.000,+2.257,+0.000,+0.000,+0.028,+2.285,2,-0.011,+0.017,-0.300,+0.047
DRV,722742,+0.0000,+0.0000,+0.0000,+0.0000,+0.0000,+0.0000,+0.000,+0.000,+0.00133,-0.1800,+0.0000,+7.202,+0.000,-0.109,-0.10273,-0.109,-2.568,+0.217,+0.000,+0.576,-1.775,2,+0.000,-0.014,+0.09025,-0.014,+2.256,+0.029,+0.000,+0.576,+2.861,2,+0.000,-0.153,-0.08850,-0.153,-2.212,+0.306,+0.000,+0.576,-1.330,2,+0.000,-0.118,+0.09220,-0.118,+2.305,+0.237,+0.000,+0.576,+3.118,2,-0.227,-0.167,+1.343,+1.531
DRV,722746,+0.0000,+0.0000,+0.0000,+0.0000,+0.0000,+0.0000,+0.000,+0.000,+0.00061,-0.1797,+0.0000,+7.187,+0.000,+0.062,-0.10311,+0.062,-2.578,-0.125,+0.000,+0.575,-2.128,2,+0.000,-0.038,+0.09293,-0.038,+2.323,+0.076,+0.000,+0.575,+2.975,2,+0.000,+0.085,-0.08850,+0.085,-2.212,-0.170,+0.000,+0.575,-1.807,2,+0.000,+0.062,+0.09258,+0.062,+2.315,-0.124,+0.000,+0.575,+2.766,2,+0.124,+0.047,+0.638,+1.167
DRV,722750,+0.0000,+0.0000,+0.0000,+0.0000,+0.0000,+0.0000,+0.000,+0.000,-0.00017,-0.1985,+0.0000,+7.939,+0.000,-0.074,-0.10234,-0.074,-2.559,+0.149,+0.000,+0.635,-1.775,2,+0.000,+0.065,+0.09101,+0.065,+2.275,-0.130,+0.000,+0.635,+2.781,2,+0.000,-0.087,-0.08811,-0.087,-2.203,+0.175,+0.000,+0.635,-1.393,2,+0.000,-0.064,+0.09258,-0.064,+2.315,+0.129,+0.000,+0.635,+3.078,2,-0.139,-0.022,+1.304,+1.388
DRV,722754,+0.0000,+0.0000,+0.0000,+0.0000,+0.0000,+0.0000,+0.000,+0.000,-0.00096,-0.1981,+0.0000,+7.923,+0.000,+0.106,-0.10349,+0.106,-2.587,-0.212,+0.000,+0.634,-2.165,2,+0.000,-0.028,+0.09178,-0.028,+2.295,+0.056,+0.000,+0.634,+2.985,0,+0.000,+0.128,-0.08888,+0.128,-2.222,-0.256,+0.000,+0.634,-1.844,2,+0.000,+0.091,+0.09220,+0.091,+2.305,-0.182,+0.000,+0.634,+2.757,0,+0.197,+0.100,+0.591,+1.141
DRV,722758,+0.0000,+0.0000,+0.0000,+0.0000,+0.0000,+0.0000,+0.000,+0.000,-0.00125,-0.0317,+0.0000,+1.270,+0.000,+0.004,-0.10464,+0.004,-2.616,-0.008,+0.000,+0.102,-2.522,0,+0.000,+0.158,+0.08986,+0.158,+2.247,-0.317,+0.000,+0.102,+2.032,0,+0.000,+0.020,-0.09041,+0.020,-2.260,-0.039,+0.000,+0.102,-2.198,0,+0.000,+0.014,+0.09066,+0.014,+2.267,-0.028,+0.000,+0.102,+2.341,0,+0.018,+0.178,-0.182,-0.166
DRV,722762,+0.0000,+0.0000,+0.0000,+0.0000,+0.0000,+0.0000,+0.000,+0.000,-0.00138,-0.0317,+0.0000,+1.267,+0.000,+0.059,-0.10503,+0.059,-2.626,-0.118,+0.000,+0.101,-2.643,0,+0.000,-0.063,+0.08871,-0.063,+2.218,+0.127,+0.000,+0.101,+2.446,2,+0.000,+0.072,-0.09118,+0.072,-2.280,-0.145,+0.000,+0.101,-2.323,0,+0.000,+0.041,+0.09028,+0.041,+2.257,-0.082,+0.000,+0.101,+2.276,2,+0.100,+0.009,-0.366,+0.123
DRV,722766,+0.0000,+0.0000,+0.0000,+0.0000,+0.0000,+0.0000,+0.000,+0.000,-0.00095,+0.1556,+0.0000,-6.223,+0.000,+0.102,-0.10771,+0.102,-2.693,-0.204,+0.000,-0.498,-3.395,2,+0.000,+0.109,+0.08910,+0.109,+2.227,-0.217,+0.000,-0.498,+1.512,2,+0.000,+0.119,-0.09310,+0.119,-2.327,-0.238,+0.000,-0.498,-3.064,2,+0.000,+0.117,+0.08798,+0.117,+2.199,-0.234,+0.000,-0.498,+1.468,2,+0.219,+0.228,-1.927,-1.552
DRV,722770,+0.0000,+0.0000,+0.0000,+0.0000,+0.0000,+0.0000,+0.000,+0.000,-0.00032,+0.1553,+0.0000,-6.211,+0.000,-0.058,-0.10771,-0.058,-2.693,+0.116,+0.000,-0.497,-3.073,2,+0.000,+0.028,+0.08564,+0.028,+2.141,-0.056,+0.000,-0.497,+1.588,2,+0.000,-0.033,-0.09386,-0.033,-2.347,+0.066,+0.000,-0.497,-2.778,2,+0.000,-0.037,+0.08721,-0.037,+2.180,+0.073,+0.000,-0.497,+1.757,2,-0.095,-0.005,-1.316,-1.190
DRV,722774,+0.0000,+0.0000,+0.0000,+0.0000,+0.0000,+0.0000,+0.000,+0.000,+0.00046,+0.2092,+0.0000,-8.368,+0.000,+0.108,-0.10848,+0.108,-2.712,-0.216,+0.000,-0.669,-3.597,2,+0.000,-0.098,+0.08871,-0.098,+2.218,+0.196,+0.000,-0.669,+1.744,2,+0.000,+0.080,-0.09386,+0.080,-2.347,-0.159,+0.000,-0.669,-3.175,2,+0.000,+0.071,+0.08721,+0.071,+2.180,-0.141,+0.000,-0.669,+1.370,2,+0.178,-0.018,-2.227,-1.432
DRV,722778,+0.0000,+0.0000,+0.0000,+0.0000,+0.0000,+0.0000,+0.000,+0.000,+0.00129,+0.2088,+0.0000,-8.352,+0.000,-0.118,-0.10848,-0.118,-2.712,+0.236,+0.000,-0.668,-3.145,2,+0.000,+0.094,+0.08718,+0.094,+2.179,-0.189,+0.000,-0.668,+1.322,2,+0.000,-0.051,-0.09463,-0.051,-2.366,+0.102,+0.000,-0.668,-2.932,2,+0.000,-0.042,+0.08645,-0.042,+2.161,+0.084,+0.000,-0.668,+1.577,2,-0.160,+0.043,-1.568,-1.609
DRV,722782,+0.0000,+0.0000,+0.0000,+0.0000,+0.0000,+0.0000,+0.000,+0.000,+0.00175,+0.0839,+0.0000,-3.357,+0.000,+0.000,-0.10695,+0.000,-2.674,+0.000,+0.000,-0.269,-2.942,2,+0.000,-0.152,+0.08871,-0.152,+2.218,+0.304,+0.000,-0.269,+2.253,2,+0.000,-0.042,-0.09195,-0.042,-2.299,+0.085,+0.000,-0.269,-2.482,2,+0.000,-0.037,+0.08836,-0.037,+2.209,+0.074,+0.000,-0.269,+2.015,2,-0.037,-0.195,-0.927,-0.229
DRV,722786,+0.0000,+0.0000,+0.0000,+0.0000,+0.0000,+0.0000,+0.000,+0.000,+0.00209,+0.0838,+0.0000,-3.350,+0.000,-0.105,-0.10656,-0.105,-2.664,+0.211,+0.000,-0.268,-2.721,2,+0.000,+0.043,+0.09025,+0.043,+2.256,-0.086,+0.000,-0.268,+1.902,2,+0.000,-0.009,-0.09233,-0.009,-2.308,+0.018,+0.000,-0.268,-2.558,2,+0.000,-0.025,+0.08875,-0.025,+2.219,+0.050,+0.000,-0.268,+2.000,2,-0.130,+0.034,-0.721,-0.656
DRV,722790,+0.0000,+0.0000,+0.0000,+0.0000,+0.0000,+0.0000,+0.000,+0.000,+0.00183,-0.1132,+0.0000,+4.528,+0.000,-0.051,-0.10388,-0.051,-2.597,+0.101,+0.000,+0.362,-2.134,2,+0.000,-0.122,+0.09025,-0.122,+2.256,+0.244,+0.000,+0.362,+2.863,0,+0.000,-0.124,-0.08888,-0.124,-2.222,+0.248,+0.000,+0.362,-1.612,2,+0.000,-0.120,+0.09181,-0.120,+2.295,+0.240,+0.000,+0.362,+2.898,2,-0.171,-0.246,+0.764,+1.251
DRV,722794,+0.0000,+0.0000,+0.0000,+0.0000,+0.0000,+0.0000,+0.000,+0.000,+0.00138,-0.1130,+0.0000,+4.518,+0.000,+0.011,-0.10426,+0.011,-2.607,-0.023,+0.000,+0.361,-2.268,0,+0.000,+0.012,+0.09255,+0.012,+2.314,-0.025,+0.000,+0.361,+2.650,0,+0.000,+0.057,-0.08926,+0.057,-2.232,-0.113,+0.000,+0.361,-1.984,2,+0.000,+0.043,+0.09181,+0.043,+2.295,-0.086,+0.000,+0.361,+2.571,0,+0.054,+0.069,+0.303,+0.667
DRV,722798,+0.0000,+0.0000,+0.0000,+0.0000,+0.0000,+0.0000,+0.000,+0.000,+0.00063,-0.2138,+0.0000,+8.551,+0.000,-0.092,-0.10196,-0.092,-2.549,+0.184,+0.000,+0.684,-1.681,0,+0.000,+0.046,+0.09101,+0.046,+2.275,-0.093,+0.000,+0.684,+2.867,0,+0.000,-0.113,-0.08735,-0.113,-2.184,+0.225,+0.000,+0.684,-1.274,0,+0.000,-0.107,+0.09296,-0.107,+2.324,+0.214,+0.000,+0.684,+3.222,0,-0.199,-0.066,+1.541,+1.592
DRV,722802,+0.0000,+0.0000,+0.0000,+0.0000,+0.0000,+0.0000,+0.000,+0.000,-0.00023,-0.2134,+0.0000,+8.534,+0.000,+0.111,-0.10273,+0.111,-2.568,-0.221,+0.000,+0.683,-2.107,2,+0.000,-0.070,+0.09255,-0.070,+2.314,+0.140,+0.000,+0.683,+3.137,2,+0.000,+0.078,-0.08773,+0.078,-2.193,-0.155,+0.000,+0.683,-1.666,2,+0.000,+0.060,+0.09296,+0.060,+2.324,-0.120,+0.000,+0.683,+2.887,2,+0.171,+0.008,+0.780,+1.471
DRV,722806,+0.0000,+0.0000,+0.0000,+0.0000,+0.0000,+0.0000,+0.000,+0.000,-0.00083,-0.1284,+0.0000,+5.135,+0.000,+0.000,-0.10426,+0.000,-2.607,+0.000,+0.000,+0.411,-2.196,2,+0.000,+0.144,+0.09063,+0.144,+2.266,-0.289,+0.000,+0.411,+2.388,2,+0.000,+0.010,-0.08926,+0.010,-2.232,-0.020,+0.000,+0.411,-1.841,2,+0.000,+0.010,+0.09181,+0.010,+2.295,-0.021,+0.000,+0.411,+2.685,2,+0.010,+0.154,+0.489,+0.547
DRV,722810,+0.0000,+0.0000,+0.0000,+0.0000,+0.0000,+0.0000,+0.000,+0.000,-0.00134,-0.1281,+0.0000,+5.124,+0.000,+0.054,-0.10388,+0.054,-2.597,-0.108,+0.000,+0.410,-2.295,2,+0.000,-0.042,+0.08948,-0.042,+2.237,+0.084,+0.000,+0.410,+2.731,2,+0.000,+0.040,-0.08926,+0.040,-2.232,-0.079,+0.000,+0.410,-1.901,2,+0.000,+0.035,+0.09143,+0.035,+2.286,-0.070,+0.000,+0.410,+2.626,2,+0.089,-0.002,+0.331,+0.830
DRV,722814,+0.0000,+0.0000,+0.0000,+0.0000,+0.0000,+0.0000,+0.000,+0.000,-0.00128,+0.0615,+0.0000,-2.459,+0.000,+0.107,-0.10733,+0.107,-2.683,-0.215,+0.000,-0.197,-3.095,2,+0.000,+0.132,+0.08910,+0.132,+2.227,-0.263,+0.000,-0.197,+1.767,2,+0.000,+0.123,-0.09233,+0.123,-2.308,-0.245,+0.000,-0.197,-2.750,2,+0.000,+0.113,+0.08875,+0.113,+2.219,-0.226,+0.000,-0.197,+1.796,2,+0.220,+0.254,-1.299,-0.983
DRV,722818,+0.0000,+0.0000,+0.0000,+0.0000,+0.0000,+0.0000,+0.000,+0.000,-0.00104,+0.0614,+0.0000,-2.454,+0.000,-0.060,-0.10695,-0.060,-2.674,+0.120,+0.000,-0.196,-2.750,2,+0.000,+0.005,+0.08680,+0.005,+2.170,-0.010,+0.000,-0.196,+1.964,2,+0.000,-0.047,-0.09271,-0.047,-2.318,+0.093,+0.000,-0.196,-2.421,2,+0.000,-0.042,+0.08836,-0.042,+2.209,+0.085,+0.000,-0.196,+2.098,2,-0.103,-0.042,-0.652,-0.457
DRV,722822,+0.0000,+0.0000,+0.0000,+0.0000,+0.0000,+0.0000,+0.000,+0.000,-0.00035,+0.2070,+0.0000,-8.278,+0.000,+0.144,-0.10925,+0.144,-2.731,-0.289,+0.000,-0.662,-3.682,2,+0.000,+0.018,+0.08795,+0.018,+2.199,-0.035,+0.000,-0.662,+1.501,2,+0.000,+0.146,-0.09463,+0.146,-2.366,-0.293,+0.000,-0.662,-3.321,2,+0.000,+0.128,+0.08683,+0.128,+2.171,-0.257,+0.000,-0.662,+1.252,2,+0.273,+0.164,-2.430,-1.820
DRV,722826,+0.0000,+0.0000,+0.0000,+0.0000,+0.0000,+0.0000,+0.000,+0.000,+0.00047,+0.2065,+0.0000,-8.262,+0.000,-0.125,-0.10848,-0.125,-2.712,+0.251,+0.000,-0.661,-3.122,2,+0.000,+0.021,+0.08564,+0.021,+2.141,-0.042,+0.000,-0.661,+1.438,0,+0.000,-0.116,-0.09463,-0.116,-2.366,+0.232,+0.000,-0.661,-2.795,2,+0.000,-0.073,+0.08645,-0.073,+2.161,+0.147,+0.000,-0.661,+1.647,2,-0.199,-0.095,-1.475,-1.357
DRV,722830,+0.0000,+0.0000,+0.0000,+0.0000,+0.0000,+0.0000,+0.000,+0.000,+0.00122,+0.1806,+0.0000,-7.224,+0.000,+0.093,-0.10848,+0.093,-2.712,-0.186,+0.000,-0.578,-3.476,0,+0.000,-0.090,+0.08795,-0.090,+2.199,+0.180,+0.000,-0.578,+1.801,0,+0.000,+0.051,-0.09386,+0.051,-2.347,-0.101,+0.000,-0.578,-3.026,2,+0.000,+0.021,+0.08683,+0.021,+2.171,-0.041,+0.000,-0.578,+1.552,0,+0.113,-0.040,-1.924,-1.225
DRV,722834,+0.0000,+0.0000,+0.0000,+0.0000,+0.0000,+0.0000,+0.000,+0.000,+0.00194,+0.1802,+0.0000,-7.210,+0.000,-0.159,-0.10733,-0.159,-2.683,+0.319,+0.000,-0.577,-2.941,0,+0.000,+0.038,+0.08795,+0.038,+2.199,-0.075,+0.000,-0.577,+1.547,2,+0.000,-0.125,-0.09310,-0.125,-2.327,+0.250,+0.000,-0.577,-2.654,0,+0.000,-0.100,+0.08760,-0.100,+2.190,+0.200,+0.000,-0.577,+1.813,0,-0.259,-0.087,-1.128,-1.108
DRV,722838,+0.0000,+0.0000,+0.0000,+0.0000,+0.0000,+0.0000,+0.000,+0.000,+0.00210,-0.0068,+0.0000,+0.272,+0.000,-0.040,-0.10541,-0.040,-2.635,+0.080,+0.000,+0.022,-2.533,2,+0.000,-0.150,+0.08910,-0.150,+2.227,+0.299,+0.000,+0.022,+2.549,2,+0.000,-0.033,-0.09118,-0.033,-2.280,+0.066,+0.000,+0.022,-2.192,0,+0.000,-0.088,+0.08951,-0.088,+2.238,+0.176,+0.000,+0.022,+2.436,2,-0.128,-0.183,-0.097,+0.357
DRV,722842,+0.0000,+0.0000,+0.0000,+0.0000,+0.0000,+0.0000,+0.000,+0.000,+0.00207,-0.0068,+0.0000,+0.271,+0.000,-0.010,-0.10541,-0.010,-2.635,+0.021,+0.000,+0.022,-2.593,2,+0.000,-0.018,+0.09216,-0.018,+2.304,+0.035,+0.000,+0.022,+2.361,2,+0.000,-0.016,-0.09080,-0.016,-2.270,+0.032,+0.000,+0.022,-2.216,2,+0.000,-0.016,+0.09028,-0.016,+2.257,+0.032,+0.000,+0.022,+2.311,2,-0.027,-0.034,-0.281,+0.145
DRV,722846,+0.0000,+0.0000,+0.0000,+0.0000,+0.0000,+0.0000,+0.000,+0.000,+0.00149,-0.1924,+0.0000,+7.695,+0.000,-0.152,-0.10234,-0.152,-2.559,+0.304,+0.000,+0.616,-1.639,2,+0.000,+0.014,+0.09063,+0.014,+2.266,-0.028,+0.000,+0.616,+2.854,2,+0.000,-0.141,-0.08811,-0.141,-2.203,+0.281,+0.000,+0.616,-1.306,2,+0.000,-0.131,+0.09220,-0.131,+2.305,+0.262,+0.000,+0.616,+3.183,2,-0.283,-0.127,+1.544,+1.548
DRV,722850,+0.0000,+0.0000,+0.0000,+0.0000,+0.0000,+0.0000,+0.000,+0.000,+0.00072,-0.1920,+0.0000,+7.680,+0.000,+0.103,-0.10234,+0.103,-2.559,-0.207,+0.000,+0.614,-2.151,2,+0.000,-0.090,+0.09370,-0.090,+2.342,+0.180,+0.000,+0.614,+3.137,2,+0.000,+0.077,-0.08735,+0.077,-2.184,-0.154,+0.000,+0.614,-1.724,2,+0.000,+0.030,+0.09335,+0.030,+2.334,-0.060,+0.000,+0.614,+2.888,2,+0.134,-0.013,+0.737,+1.413
DRV,722854,+0.0000,+0.0000,+0.0000,+0.0000,+0.0000,+0.0000,+0.000,+0.000,-0.00014,-0.2219,+0.0000,+8.877,+0.000,-0.116,-0.10234,-0.116,-2.559,+0.232,+0.000,+0.710,-1.617,2,+0.000,+0.122,+0.09216,+0.122,+2.304,-0.244,+0.000,+0.710,+2.770,2,+0.000,-0.048,-0.08811,-0.048,-2.203,+0.096,+0.000,+0.710,-1.396,2,+0.000,-0.016,+0.09258,-0.016,+2.315,+0.032,+0.000,+0.710,+3.057,2,-0.132,+0.074,+1.440,+1.374
DRV,722858,+0.0000,+0.0000,+0.0000,+0.0000,+0.0000,+0.0000,+0.000,+0.000,-0.00102,-0.2215,+0.0000,+8.859,+0.000,+0.144,-0.10273,+0.144,-2.568,-0.287,+0.000,+0.709,-2.146,2,+0.000,-0.044,+0.09178,-0.044,+2.295,+0.089,+0.000,+0.709,+3.092,2,+0.000,+0.073,-0.08773,+0.073,-2.193,-0.146,+0.000,+0.709,-1.630,2,+0.000,+0.038,+0.09335,+0.038,+2.334,-0.076,+0.000,+0.709,+2.966,2,+0.182,+0.029,+0.820,+1.462
DRV,722862,+0.0000,+0.0000,+0.0000,+0.0000,+0.0000,+0.0000,+0.000,+0.000,-0.00147,-0.0769,+0.0000,+3.076,+0.000,+0.006,-0.10464,+0.006,-2.616,-0.011,+0.000,+0.246,-2.381,2,+0.000,+0.149,+0.09025,+0.149,+2.256,-0.298,+0.000,+0.246,+2.205,2,+0.000,+0.050,-0.09003,+0.050,-2.251,-0.099,+0.000,+0.246,-2.104,2,+0.000,+0.080,+0.09066,+0.080,+2.267,-0.160,+0.000,+0.246,+2.352,2,+0.086,+0.198,-0.029,+0.101
DRV,722866,+0.0000,+0.0000,+0.0000,+0.0000,+0.0000,+0.0000,+0.000,+0.000,-0.00178,-0.0768,+0.0000,+3.070,+0.000,+0.107,-0.10503,+0.107,-2.626,-0.215,+0.000,+0.246,-2.595,2,+0.000,-0.013,+0.08871,-0.013,+2.218,+0.026,+0.000,+0.246,+2.489,0,+0.000,+0.057,-0.09080,+0.057,-2.270,-0.113,+0.000,+0.246,-2.138,2,+0.000,+0.023,+0.09028,+0.023,+2.257,-0.046,+0.000,+0.246,+2.457,0,+0.130,+0.044,-0.138,+0.351
DRV,722870,+0.0000,+0.0000,+0.0000,+0.0000,+0.0000,+0.0000,+0.000,+0.000,-0.00142,+0.1446,+0.0000,-5.786,+0.000,+0.079,-0.10810,+0.079,-2.702,-0.158,+0.000,-0.463,-3.324,0,+0.000,+0.053,+0.08871,+0.053,+2.218,-0.106,+0.000,-0.463,+1.649,0,+0.000,+0.122,-0.09386,+0.122,-2.347,-0.244,+0.000,-0.463,-3.054,0,+0.000,+0.142,+0.08721,+0.142,+2.180,-0.284,+0.000,-0.463,+1.433,0,+0.221,+0.175,-1.890,-1.404
DRV,722874,+0.0000,+0.0000,+0.0000,+0.0000,+0.0000,+0.0000,+0.000,+0.000,-0.00085,+0.1443,+0.0000,-5.774,+0.000,-0.036,-0.10810,-0.036,-2.702,+0.072,+0.000,-0.462,-3.092,0,+0.000,+0.052,+0.08564,+0.052,+2.141,-0.105,+0.000,-0.462,+1.574,2,+0.000,-0.061,-0.09386,-0.061,-2.347,+0.121,+0.000,-0.462,-2.687,0,+0.000,-0.019,+0.08683,-0.019,+2.171,+0.037,+0.000,-0.462,+1.746,2,-0.055,-0.008,-1.346,-1.113
DRV,722878,+0.0000,+0.0000,+0.0000,+0.0000,+0.0000,+0.0000,+0.000,+0.000,+0.00004,+0.2456,+0.0000,-9.826,+0.000,+0.121,-0.10925,+0.121,-2.731,-0.242,+0.000,-0.786,-3.759,2,+0.000,-0.076,+0.08718,-0.076,+2.179,+0.153,+0.000,-0.786,+1.546,2,+0.000,+0.104,-0.09463,+0.104,-2.366,-0.208,+0.000,-0.786,-3.360,2,+0.000,+0.071,+0.08683,+0.071,+2.171,-0.142,+0.000,-0.786,+1.243,2,+0.192,+0.028,-2.517,-1.814
DRV,722882,+0.0000,+0.0000,+0.0000,+0.0000,+0.0000,+0.0000,+0.000,+0.000,+0.00092,+0.1970,+0.0000,-7.880,+0.000,-0.128,-0.10925,-0.128,-2.731,+0.256,+0.000,-0.630,-3.106,2,+0.000,+0.072,+0.08641,+0.072,+2.160,-0.143,+0.000,-0.630,+1.387,2,+0.000,-0.077,-0.09540,-0.077,-2.385,+0.154,+0.000,-0.630,-2.862,2,+0.000,-0.011,+0.08529,-0.011,+2.132,+0.022,+0.000,-0.630,+1.524,2,-0.139,-0.005,-1.582,-1.475
DRV,722886,+0.0000,+0.0000,+0.0000,+0.0000,+0.0000,+0.0000,+0.000,+0.000,+0.00151,+0.1485,+0.0000,-5.940,+0.000,-0.001,-0.10733,-0.001,-2.683,+0.002,+0.000,-0.475,-3.156,2,+0.000,-0.113,+0.08718,-0.113,+2.179,+0.225,+0.000,-0.475,+1.929,2,+0.000,-0.024,-0.09271,-0.024,-2.318,+0.048,+0.000,-0.475,-2.745,2,+0.000,-0.061,+0.08760,-0.061,+2.190,+0.122,+0.000,-0.475,+1.837,2,-0.062,-0.136,-1.320,-0.816
DRV,722890,+0.0000,+0.0000,+0.0000,+0.0000,+0.0000,+0.0000,+0.000,+0.000,+0.00189,+0.0375,+0.0000,-1.501,+0.000,-0.106,-0.10733,-0.106,-2.683,+0.213,+0.000,-0.120,-2.591,2,+0.000,-0.013,+0.08910,-0.013,+2.227,+0.026,+0.000,-0.120,+2.133,2,+0.000,-0.025,-0.09310,-0.025,-2.327,+0.051,+0.000,-0.120,-2.397,2,+0.000,-0.008,+0.08798,-0.008,+2.199,+0.015,+0.000,-0.120,+2.095,2,-0.114,-0.038,-0.496,-0.264
DRV,722894,+0.0000,+0.0000,+0.0000,+0.0000,+0.0000,+0.0000,+0.000,+0.000,+0.00159,-0.0731,+0.0000,+2.925,+0.000,-0.011,-0.10464,-0.011,-2.616,+0.023,+0.000,+0.234,-2.359,2,+0.000,-0.057,+0.08948,-0.057,+2.237,+0.114,+0.000,+0.234,+2.585,2,+0.000,-0.088,-0.08965,-0.088,-2.241,+0.175,+0.000,+0.234,-1.832,2,+0.000,-0.096,+0.09066,-0.096,+2.267,+0.192,+0.000,+0.234,+2.692,2,-0.107,-0.145,+0.333,+0.754
DRV,722898,+0.0000,+0.0000,+0.0000,+0.0000,+0.0000,+0.0000,+0.000,+0.000,+0.00114,-0.1541,+0.0000,+6.165,+0.000,-0.053,-0.10541,-0.053,-2.635,+0.107,+0.000,+0.493,-2.035,2,+0.000,-0.051,+0.09101,-0.051,+2.275,+0.101,+0.000,+0.493,+2.870,2,+0.000,+0.003,-0.09041,+0.003,-2.260,-0.006,+0.000,+0.493,-1.773,2,+0.000,+0.009,+0.09066,+0.009,+2.267,-0.018,+0.000,+0.493,+2.742,2,-0.044,-0.048,+0.706,+1.097
DRV,722902,+0.0000,+0.0000,+0.0000,+0.0000,+0.0000,+0.0000,+0.000,+0.000,+0.00020,-0.2349,+0.0000,+9.395,+0.000,-0.032,-0.10234,-0.032,-2.559,+0.065,+0.000,+0.752,-1.742,2,+0.000,+0.000,+0.09178,+0.000,+2.295,+0.000,+0.000,+0.752,+3.046,0,+0.000,-0.067,-0.08773,-0.067,-2.193,+0.134,+0.000,+0.752,-1.308,2,+0.000,-0.068,+0.09296,-0.068,+2.324,+0.136,+0.000,+0.752,+3.212,2,-0.101,-0.067,+1.470,+1.738
DRV,722906,+0.0000,+0.0000,+0.0000,+0.0000,+0.0000,+0.0000,+0.000,+0.000,-0.00068,-0.2035,+0.0000,+8.142,+0.000,+0.042,-0.10464,+0.042,-2.616,-0.084,+0.000,+0.651,-2.049,0,+0.000,+0.041,+0.09063,+0.041,+2.266,-0.082,+0.000,+0.651,+2.835,0,+0.000,+0.051,-0.08888,+0.051,-2.222,-0.102,+0.000,+0.651,-1.673,2,+0.000,+0.051,+0.09181,+0.051,+2.295,-0.102,+0.000,+0.651,+2.845,0,+0.093,+0.092,+0.796,+1.162
DRV,722910,+0.0000,+0.0000,+0.0000,+0.0000,+0.0000,+0.0000,+0.000,+0.000,-0.00137,-0.1723,+0.0000,+6.892,+0.000,-0.088,-0.10349,-0.088,-2.587,+0.175,+0.000,+0.551,-1.860,2,+0.000,-0.021,+0.09101,-0.021,+2.275,+0.042,+0.000,+0.551,+2.869,2,+0.000,-0.012,-0.08888,-0.012,-2.222,+0.024,+0.000,+0.551,-1.647,0,+0.000,-0.028,+0.09181,-0.028,+2.295,+0.055,+0.000,+0.551,+2.902,2,-0.115,-0.033,+1.042,+1.222
DRV,722914,+0.0000,+0.0000,+0.0000,+0.0000,+0.0000,+0.0000,+0.000,+0.000,-0.00185,-0.0677,+0.0000,+2.707,+0.000,+0.175,-0.10541,+0.175,-2.635,-0.350,+0.000,+0.217,-2.769,2,+0.000,+0.090,+0.08986,+0.090,+2.247,-0.179,+0.000,+0.217,+2.284,2,+0.000,+0.094,-0.09003,+0.094,-2.251,-0.189,+0.000,+0.217,-2.223,2,+0.000,+0.117,+0.09066,+0.117,+2.267,-0.234,+0.000,+0.217,+2.249,2,+0.292,+0.184,-0.519,+0.061
DRV,722918,+0.0000,+0.0000,+0.0000,+0.0000,+0.0000,+0.0000,+0.000,+0.000,-0.00170,+0.0367,+0.0000,-1.466,+0.000,-0.032,-0.10695,-0.032,-2.674,+0.064,+0.000,-0.117,-2.727,2,+0.000,+0.050,+0.08756,+0.050,+2.189,-0.100,+0.000,-0.117,+1.972,2,+0.000,+0.034,-0.09233,+0.034,-2.308,-0.068,+0.000,-0.117,-2.493,2,+0.000,+0.031,+0.08875,+0.031,+2.219,-0.062,+0.000,-0.117,+2.039,2,-0.001,+0.084,-0.688,-0.522
DRV,722922,+0.0000,+0.0000,+0.0000,+0.0000,+0.0000,+0.0000,+0.000,+0.000,-0.00139,+0.1204,+0.0000,-4.815,+0.000,+0.086,-0.10656,+0.086,-2.664,-0.173,+0.000,-0.385,-3.222,2,+0.000,-0.041,+0.08833,-0.041,+2.208,+0.081,+0.000,-0.385,+1.904,2,+0.000,+0.031,-0.09233,+0.031,-2.308,-0.063,+0.000,-0.385,-2.756,2,+0.000,+0.007,+0.08875,+0.007,+2.219,-0.014,+0.000,-0.385,+1.819,2,+0.093,-0.009,-1.403,-0.852
DRV,722926,+0.0000,+0.0000,+0.0000,+0.0000,+0.0000,+0.0000,+0.000,+0.000,-0.00057,+0.2039,+0.0000,-8.155,+0.000,+0.038,-0.11001,+0.038,-2.750,-0.075,+0.000,-0.652,-3.478,2,+0.000,+0.139,+0.08603,+0.139,+2.151,-0.278,+0.000,-0.652,+1.221,2,+0.000,+0.069,-0.09502,+0.069,-2.375,-0.138,+0.000,-0.652,-3.166,2,+0.000,+0.099,+0.08568,+0.099,+2.142,-0.198,+0.000,-0.652,+1.291,2,+0.137,+0.208,-2.187,-1.945
DRV,722930,+0.0000,+0.0000,+0.0000,+0.0000,+0.0000,+0.0000,+0.000,+0.000,+0.00023,+0.1963,+0.0000,-7.851,+0.000,-0.062,-0.10771,-0.062,-2.693,+0.124,+0.000,-0.628,-3.197,2,+0.000,-0.121,+0.08641,-0.121,+2.160,+0.241,+0.000,-0.628,+1.773,2,+0.000,-0.077,-0.09386,-0.077,-2.347,+0.154,+0.000,-0.628,-2.820,2,+0.000,-0.073,+0.08683,-0.073,+2.171,+0.146,+0.000,-0.628,+1.689,2,-0.135,-0.198,-1.508,-1.047
DRV,722934,+0.0000,+0.0000,+0.0000,+0.0000,+0.0000,+0.0000,+0.000,+0.000,+0.00099,+0.1887,+0.0000,-7.548,+0.000,+0.045,-0.10963,+0.045,-2.741,-0.091,+0.000,-0.604,-3.435,2,+0.000,+0.032,+0.08756,+0.032,+2.189,-0.064,+0.000,-0.604,+1.521,2,+0.000,+0.055,-0.09463,+0.055,-2.366,-0.110,+0.000,-0.604,-3.079,2,+0.000,+0.053,+0.08645,+0.053,+2.161,-0.106,+0.000,-0.604,+1.451,2,+0.098,+0.087,-1.984,-1.558
DRV,722938,+0.0000,+0.0000,+0.0000,+0.0000,+0.0000,+0.0000,+0.000,+0.000,+0.00156,+0.1005,+0.0000,-4.021,+0.000,-0.125,-0.10656,-0.125,-2.664,+0.250,+0.000,-0.322,-2.736,0,+0.000,-0.073,+0.08718,-0.073,+2.179,+0.147,+0.000,-0.322,+2.005,0,+0.000,-0.141,-0.09271,-0.141,-2.318,+0.281,+0.000,-0.322,-2.358,2,+0.000,-0.127,+0.08798,-0.127,+2.199,+0.254,+0.000,-0.322,+2.131,2,-0.252,-0.214,-0.604,-0.354
DRV,722942,+0.0000,+0.0000,+0.0000,+0.0000,+0.0000,+0.0000,+0.000,+0.000,+0.00161,+0.0126,+0.0000,-0.505,+0.000,+0.029,-0.10656,+0.029,-2.664,-0.058,+0.000,-0.040,-2.763,0,+0.000,-0.049,+0.09025,-0.049,+2.256,+0.098,+0.000,-0.040,+2.314,0,+0.000,+0.000,-0.09156,+0.000,-2.289,+0.000,+0.000,-0.040,-2.329,2,+0.000,-0.001,+0.08913,-0.001,+2.228,+0.002,+0.000,-0.040,+2.190,0,+0.028,-0.049,-0.573,-0.015
DRV,722946,+0.0000,+0.0000,+0.0000,+0.0000,+0.0000,+0.0000,+0.000,+0.000,+0.00147,-0.0829,+0.0000,+3.317,+0.000,-0.154,-0.10426,-0.154,-2.607,+0.309,+0.000,+0.265,-2.032,0,+0.000,+0.065,+0.08948,+0.065,+2.237,-0.130,+0.000,+0.265,+2.373,2,+0.000,-0.054,-0.09118,-0.054,-2.280,+0.108,+0.000,+0.265,-1.906,0,+0.000,-0.040,+0.08951,-0.040,+2.238,+0.080,+0.000,+0.265,+2.583,2,-0.195,+0.011,+0.551,+0.466
DRV,722950,+0.0000,+0.0000,+0.0000,+0.0000,+0.0000,+0.0000,+0.000,+0.000,+0.00076,-0.1782,+0.0000,+7.127,+0.000,-0.011,-0.10311,-0.011,-2.578,+0.022,+0.000,+0.570,-1.986,2,+0.000,-0.164,+0.09178,-0.164,+2.295,+0.327,+0.000,+0.570,+3.192,2,+0.000,-0.089,-0.08811,-0.089,-2.203,+0.178,+0.000,+0.570,-1.454,0,+0.000,-0.085,+0.09258,-0.085,+2.315,+0.170,+0.000,+0.570,+3.054,2,-0.096,-0.253,+1.069,+1.737
DRV,722954,+0.0000,+0.0000,+0.0000,+0.0000,+0.0000,+0.0000,+0.000,+0.000,+0.00002,-0.1930,+0.0000,+7.719,+0.000,+0.020,-0.10426,+0.020,-2.607,-0.039,+0.000,+0.618,-2.028,2,+0.000,+0.117,+0.09178,+0.117,+2.295,-0.235,+0.000,+0.618,+2.677,2,+0.000,+0.067,-0.08926,+0.067,-2.232,-0.134,+0.000,+0.618,-1.749,2,+0.000,+0.060,+0.09181,+0.060,+2.295,-0.119,+0.000,+0.618,+2.794,2,+0.079,+0.185,+0.766,+0.929
DRV,722958,+0.0000,+0.0000,+0.0000,+0.0000,+0.0000,+0.0000,+0.000,+0.000,-0.00081,-0.2077,+0.0000,+8.309,+0.000,-0.059,-0.10234,-0.059,-2.559,+0.117,+0.000,+0.665,-1.777,2,+0.000,-0.029,+0.09025,-0.029,+2.256,+0.058,+0.000,+0.665,+2.979,2,+0.000,-0.093,-0.08811,-0.093,-2.203,+0.185,+0.000,+0.665,-1.353,2,+0.000,-0.071,+0.09258,-0.071,+2.315,+0.142,+0.000,+0.665,+3.121,2,-0.130,-0.122,+1.345,+1.626
DRV,722962,+0.0000,+0.0000,+0.0000,+0.0000,+0.0000,+0.0000,+0.000,+0.000,-0.00150,-0.1355,+0.0000,+5.420,+0.000,+0.137,-0.10464,+0.137,-2.616,-0.274,+0.000,+0.434,-2.456,2,+0.000,+0.014,+0.09178,+0.014,+2.295,-0.028,+0.000,+0.434,+2.700,2,+0.000,+0.152,-0.08965,+0.152,-2.241,-0.303,+0.000,+0.434,-2.111,2,+0.000,+0.107,+0.09143,+0.107,+2.286,-0.215,+0.000,+0.434,+2.505,2,+0.244,+0.165,+0.049,+0.590
DRV,722966,+0.0000,+0.0000,+0.0000,+0.0000,+0.0000,+0.0000,+0.000,+0.000,-0.00175,-0.0635,+0.0000,+2.538,+0.000,-0.062,-0.10464,-0.062,-2.616,+0.125,+0.000,+0.203,-2.288,2,+0.000,+0.092,+0.08833,+0.092,+2.208,-0.184,+0.000,+0.203,+2.227,2,+0.000,-0.005,-0.09118,-0.005,-2.280,+0.010,+0.000,+0.203,-2.066,2,+0.000,+0.015,+0.08951,+0.015,+2.238,-0.030,+0.000,+0.203,+2.411,2,-0.048,+0.087,+0.123,+0.161
DRV,722970,+0.0000,+0.0000,+0.0000,+0.0000,+0.0000,+0.0000,+0.000,+0.000,-0.00181,+0.0343,+0.0000,-1.372,+0.000,+0.172,-0.10656,+0.172,-2.664,-0.344,+0.000,-0.110,-3.118,2,+0.000,-0.047,+0.08986,-0.047,+2.247,+0.093,+0.000,-0.110,+2.230,2,+0.000,+0.124,-0.09156,+0.124,-2.289,-0.249,+0.000,-0.110,-2.648,2,+0.000,+0.067,+0.08951,+0.067,+2.238,-0.134,+0.000,-0.110,+1.994,2,+0.239,+0.078,-1.125,-0.418
DRV,722974,+0.0000,+0.0000,+0.0000,+0.0000,+0.0000,+0.0000,+0.000,+0.000,-0.00128,+0.1318,+0.0000,-5.271,+0.000,-0.041,-0.10810,-0.041,-2.702,+0.081,+0.000,-0.422,-3.043,2,+0.000,+0.168,+0.08603,+0.168,+2.151,-0.337,+0.000,-0.422,+1.392,2,+0.000,+0.009,-0.09425,+0.009,-2.356,-0.017,+0.000,-0.422,-2.795,2,+0.000,+0.040,+0.08683,+0.040,+2.171,-0.079,+0.000,-0.422,+1.670,2,-0.001,+0.177,-1.373,-1.403
DRV,722978,+0.0000,+0.0000,+0.0000,+0.0000,+0.0000,+0.0000,+0.000,+0.000,-0.00068,+0.1725,+0.0000,-6.900,+0.000,+0.099,-0.10771,+0.099,-2.693,-0.197,+0.000,-0.552,-3.442,2,+0.000,-0.141,+0.08795,-0.141,+2.199,+0.282,+0.000,-0.552,+1.929,0,+0.000,+0.013,-0.09310,+0.013,-2.327,-0.027,+0.000,-0.552,-2.906,2,+0.000,-0.001,+0.08721,-0.001,+2.180,+0.003,+0.000,-0.552,+1.631,0,+0.097,-0.128,-1.811,-0.977
DRV,722982,+0.0000,+0.0000,+0.0000,+0.0000,+0.0000,+0.0000,+0.000,+0.000,+0.00018,+0.2131,+0.0000,-8.523,+0.000,-0.054,-0.10925,-0.054,-2.731,+0.108,+0.000,-0.682,-3.305,0,+0.000,+0.102,+0.08756,+0.102,+2.189,-0.204,+0.000,-0.682,+1.303,0,+0.000,+0.013,-0.09502,+0.013,-2.375,-0.027,+0.000,-0.682,-3.084,0,+0.000,+0.021,+0.08568,+0.021,+2.142,-0.043,+0.000,-0.682,+1.417,0,-0.032,+0.115,-1.888,-1.781
DRV,722986,+0.0000,+0.0000,+0.0000,+0.0000,+0.0000,+0.0000,+0.000,+0.000,+0.00092,+0.1578,+0.0000,-6.314,+0.000,-0.071,-0.10695,-0.071,-2.674,+0.142,+0.000,-0.505,-3.037,2,+0.000,-0.063,+0.08641,-0.063,+2.160,+0.127,+0.000,-0.505,+1.782,2,+0.000,-0.067,-0.09310,-0.067,-2.327,+0.134,+0.000,-0.505,-2.698,0,+0.000,-0.094,+0.08721,-0.094,+2.180,+0.188,+0.000,-0.505,+1.863,2,-0.165,-0.131,-1.174,-0.916
DRV,722990,+0.0000,+0.0000,+0.0000,+0.0000,+0.0000,+0.0000,+0.000,+0.000,+0.00133,+0.1028,+0.0000,-4.111,+0.000,+0.021,-0.10771,+0.021,-2.693,-0.043,+0.000,-0.329,-3.065,2,+0.000,-0.091,+0.09025,-0.091,+2.256,+0.182,+0.000,-0.329,+2.109,2,+0.000,+0.011,-0.09310,+0.011,-2.327,-0.022,+0.000,-0.329,-2.678,2,+0.000,+0.000,+0.08798,+0.000,+2.199,+0.000,+0.000,-0.329,+1.871,2,+0.021,-0.080,-1.194,-0.569
DRV,722994,+0.0000,+0.0000,+0.0000,+0.0000,+0.0000,+0.0000,+0.000,+0.000,+0.00154,+0.0017,+0.0000,-0.070,+0.000,-0.155,-0.10503,-0.155,-2.626,+0.310,+0.000,-0.006,-2.321,2,+0.000,+0.075,+0.08871,+0.075,+2.218,-0.151,+0.000,-0.006,+2.062,2,+0.000,-0.132,-0.09118,-0.132,-2.280,+0.264,+0.000,-0.006,-2.021,2,+0.000,-0.095,+0.08913,-0.095,+2.228,+0.191,+0.000,-0.006,+2.413,2,-0.250,-0.057,+0.092,+0.041
DRV,722998,+0.0000,+0.0000,+0.0000,+0.0000,+0.0000,+0.0000,+0.000,+0.000,+0.00114,-0.0990,+0.0000,+3.960,+0.000,-0.000,-0.10349,-0.000,-2.587,+0.001,+0.000,+0.317,-2.270,2,+0.000,-0.214,+0.09178,-0.214,+2.295,+0.428,+0.000,+0.317,+3.039,2,+0.000,-0.014,-0.08888,-0.014,-2.222,+0.029,+0.000,+0.317,-1.877,2,+0.000,-0.066,+0.09181,-0.066,+2.295,+0.133,+0.000,+0.317,+2.745,2,-0.067,-0.228,+0.475,+1.163
DRV,723002,+0.0000,+0.0000,+0.0000,+0.0000,+0.0000,+0.0000,+0.000,+0.000,+0.00063,-0.1571,+0.0000,+6.282,+0.000,-0.079,-0.10349,-0.079,-2.587,+0.157,+0.000,+0.503,-1.927,2,+0.000,+0.151,+0.09216,+0.151,+2.304,-0.301,+0.000,+0.503,+2.505,2,+0.000,-0.002,-0.08965,-0.002,-2.241,+0.004,+0.000,+0.503,-1.735,2,+0.000,+0.010,+0.09143,+0.010,+2.286,-0.019,+0.000,+0.503,+2.769,2,-0.069,+0.149,+0.842,+0.771
DRV,723006,+0.0000,+0.0000,+0.0000,+0.0000,+0.0000,+0.0000,+0.000,+0.000,-0.00023,-0.2150,+0.0000,+8.598,+0.000,+0.006,-0.10158,+0.006,-2.539,-0.012,+0.000,+0.688,-1.864,2,+0.000,-0.094,+0.09140,-0.094,+2.285,+0.188,+0.000,+0.688,+3.161,2,+0.000,-0.051,-0.08696,-0.051,-2.174,+0.103,+0.000,+0.688,-1.383,2,+0.000,-0.065,+0.09373,-0.065,+2.343,+0.130,+0.000,+0.688,+3.161,2,-0.059,-0.145,+1.297,+1.777
DRV,723010,+0.0000,+0.0000,+0.0000,+0.0000,+0.0000,+0.0000,+0.000,+0.000,-0.00103,-0.1871,+0.0000,+7.485,+0.000,+0.013,-0.10349,+0.013,-2.587,-0.027,+0.000,+0.599,-2.015,2,+0.000,+0.047,+0.09255,+0.047,+2.314,-0.093,+0.000,+0.599,+2.819,2,+0.000,+0.057,-0.08850,+0.057,-2.212,-0.113,+0.000,+0.599,-1.727,2,+0.000,+0.071,+0.09220,+0.071,+2.305,-0.142,+0.000,+0.599,+2.762,2,+0.084,+0.103,+0.746,+1.092
DRV,723014,+0.0000,+0.0000,+0.0000,+0.0000,+0.0000,+0.0000,+0.000,+0.000,-0.00167,-0.1594,+0.0000,+6.375,+0.000,+0.012,-0.10273,+0.012,-2.568,-0.025,+0.000,+0.510,-2.083,2,+0.000,+0.041,+0.08986,+0.041,+2.247,-0.083,+0.000,+0.510,+2.674,0,+0.000,-0.006,-0.08850,-0.006,-2.212,+0.011,+0.000,+0.510,-1.691,2,+0.000,-0.010,+0.09220,-0.010,+2.305,+0.019,+0.000,+0.510,+2.834,0,+0.003,+0.036,+0.751,+0.983
DRV,723018,+0.0000,+0.0000,+0.0000,+0.0000,+0.0000,+0.0000,+0.000,+0.000,-0.00211,-0.0580,+0.0000,+2.318,+0.000,+0.089,-0.10579,+0.089,-2.645,-0.178,+0.000,+0.185,-2.638,0,+0.000,+0.008,+0.09063,+0.008,+2.266,-0.016,+0.000,+0.185,+2.435,0,+0.000,+0.133,-0.09080,+0.133,-2.270,-0.265,+0.000,+0.185,-2.350,0,+0.000,+0.122,+0.09028,+0.122,+2.257,-0.244,+0.000,+0.185,+2.198,0,+0.211,+0.141,-0.439,+0.085
DRV,723022,+0.0000,+0.0000,+0.0000,+0.0000,+0.0000,+0.0000,+0.000,+0.000,-0.00193,+0.0432,+0.0000,-1.726,+0.000,+0.008,-0.10618,+0.008,-2.654,-0.016,+0.000,-0.138,-2.809,0,+0.000,+0.181,+0.08718,+0.181,+2.179,-0.362,+0.000,-0.138,+1.679,2,+0.000,+0.000,-0.09233,+0.000,-2.308,+0.000,+0.000,-0.138,-2.446,0,+0.000,+0.024,+0.08913,+0.024,+2.228,-0.048,+0.000,-0.138,+2.042,2,+0.032,+0.181,-0.766,-0.767
DRV,723026,+0.0000,+0.0000,+0.0000,+0.0000,+0.0000,+0.0000,+0.000,+0.000,-0.00160,+0.1248,+0.0000,-4.990,+0.000,+0.084,-0.10733,+0.084,-2.683,-0.168,+0.000,-0.399,-3.250,2,+0.000,-0.116,+0.08756,-0.116,+2.189,+0.233,+0.000,-0.399,+2.023,2,+0.000,+0.051,-0.09271,+0.051,-2.318,-0.101,+0.000,-0.399,-2.818,2,+0.000,+0.053,+0.08836,+0.053,+2.209,-0.106,+0.000,-0.399,+1.704,2,+0.137,-0.066,-1.546,-0.796
DRV,723030,+0.0000,+0.0000,+0.0000,+0.0000,+0.0000,+0.0000,+0.000,+0.000,-0.00077,+0.2061,+0.0000,-8.244,+0.000,+0.025,-0.10963,+0.025,-2.741,-0.051,+0.000,-0.660,-3.451,2,+0.000,+0.134,+0.08756,+0.134,+2.189,-0.269,+0.000,-0.660,+1.261,2,+0.000,+0.075,-0.09540,+0.075,-2.385,-0.151,+0.000,-0.660,-3.195,2,+0.000,+0.065,+0.08606,+0.065,+2.152,-0.130,+0.000,-0.660,+1.362,2,+0.090,+0.210,-2.088,-1.935
DRV,723034,+0.0000,+0.0000,+0.0000,+0.0000,+0.0000,+0.0000,+0.000,+0.000,+0.00005,+0.2038,+0.0000,-8.153,+0.000,-0.047,-0.10810,-0.047,-2.702,+0.093,+0.000,-0.652,-3.261,2,+0.000,-0.030,+0.08526,-0.030,+2.132,+0.060,+0.000,-0.652,+1.539,2,+0.000,-0.094,-0.09386,-0.094,-2.347,+0.189,+0.000,-0.652,-2.810,2,+0.000,-0.055,+0.08683,-0.055,+2.171,+0.110,+0.000,-0.652,+1.628,2,-0.102,-0.124,-1.633,-1.271
DRV,723038,+0.0000,+0.0000,+0.0000,+0.0000,+0.0000,+0.0000,+0.000,+0.000,+0.00085,+0.2016,+0.0000,-8.062,+0.000,+0.042,-0.10886,+0.042,-2.722,-0.084,+0.000,-0.645,-3.450,2,+0.000,-0.081,+0.08871,-0.081,+2.218,+0.161,+0.000,-0.645,+1.734,2,+0.000,+0.064,-0.09425,+0.064,-2.356,-0.129,+0.000,-0.645,-3.130,2,+0.000,+0.028,+0.08683,+0.028,+2.171,-0.055,+0.000,-0.645,+1.470,2,+0.070,-0.016,-1.980,-1.396
DRV,723042,+0.0000,+0.0000,+0.0000,+0.0000,+0.0000,+0.0000,+0.000,+0.000,+0.00148,+0.1128,+0.0000,-4.513,+0.000,-0.124,-0.10656,-0.124,-2.664,+0.249,+0.000,-0.361,-2.776,2,+0.000,+0.038,+0.08756,+0.038,+2.189,-0.076,+0.000,-0.361,+1.752,2,+0.000,-0.167,-0.09271,-0.167,-2.318,+0.335,+0.000,-0.361,-2.344,2,+0.000,-0.113,+0.08798,-0.113,+2.199,+0.225,+0.000,-0.361,+2.064,2,-0.237,-0.129,-0.713,-0.592
DRV,723046,+0.0000,+0.0000,+0.0000,+0.0000,+0.0000,+0.0000,+0.000,+0.000,+0.00158,+0.0244,+0.0000,-0.974,+0.000,+0.000,-0.10579,+0.000,-2.645,+0.000,+0.000,-0.078,-2.723,2,+0.000,-0.169,+0.09101,-0.169,+2.275,+0.339,+0.000,-0.078,+2.536,2,+0.000,+0.013,-0.09080,+0.013,-2.270,-0.026,+0.000,-0.078,-2.374,2,+0.000,-0.012,+0.08990,-0.012,+2.247,+0.024,+0.000,-0.078,+2.193,2,-0.012,-0.156,-0.529,+0.162
DRV,723050,+0.0000,+0.0000,+0.0000,+0.0000,+0.0000,+0.0000,+0.000,+0.000,+0.00147,-0.0771,+0.0000,+3.082,+0.000,-0.149,-0.10388,-0.149,-2.597,+0.299,+0.000,+0.247,-2.052,2,+0.000,+0.077,+0.09063,+0.077,+2.266,-0.154,+0.000,+0.247,+2.359,0,+0.000,-0.131,-0.09003,-0.131,-2.251,+0.262,+0.000,+0.247,-1.742,2,+0.000,-0.106,+0.09105,-0.106,+2.276,+0.213,+0.000,+0.247,+2.735,0,-0.256,-0.054,+0.684,+0.617
DRV,723054,+0.0000,+0.0000,+0.0000,+0.0000,+0.0000,+0.0000,+0.000,+0.000,+0.00076,-0.1782,+0.0000,+7.127,+0.000,+0.022,-0.10234,+0.022,-2.559,-0.044,+0.000,+0.570,-2.032,0,+0.000,-0.119,+0.09140,-0.119,+2.285,+0.238,+0.000,+0.570,+3.093,2,+0.000,-0.016,-0.08735,-0.016,-2.184,+0.032,+0.000,+0.570,-1.581,2,+0.000,-0.021,+0.09335,-0.021,+2.334,+0.043,+0.000,+0.570,+2.947,0,+0.000,-0.135,+0.914,+1.512
DRV,723058,+0.0000,+0.0000,+0.0000,+0.0000,+0.0000,+0.0000,+0.000,+0.000,-0.00000,-0.2039,+0.0000,+8.155,+0.000,-0.035,-0.10311,-0.035,-2.578,+0.071,+0.000,+0.652,-1.855,0,+0.000,+0.012,+0.09331,+0.012,+2.333,-0.024,+0.000,+0.652,+2.961,2,+0.000,+0.001,-0.08850,+0.001,-2.212,-0.002,+0.000,+0.652,-1.562,0,+0.000,+0.045,+0.09220,+0.045,+2.305,-0.090,+0.000,+0.652,+2.868,0,+0.010,+0.013,+1.013,+1.400
DRV,723062,+0.0000,+0.0000,+0.0000,+0.0000,+0.0000,+0.0000,+0.000,+0.000,-0.00092,-0.2295,+0.0000,+9.181,+0.000,-0.037,-0.10158,-0.037,-2.539,+0.073,+0.000,+0.734,-1.732,2,+0.000,+0.034,+0.09140,+0.034,+2.285,-0.069,+0.000,+0.734,+2.951,2,+0.000,-0.055,-0.08735,-0.055,-2.184,+0.110,+0.000,+0.734,-1.339,0,+0.000,-0.062,+0.09335,-0.062,+2.334,+0.124,+0.000,+0.734,+3.192,2,-0.099,-0.021,+1.461,+1.611
DRV,723066,+0.0000,+0.0000,+0.0000,+0.0000,+0.0000,+0.0000,+0.000,+0.000,-0.00170,-0.1599,+0.0000,+6.396,+0.000,+0.122,-0.10388,+0.122,-2.597,-0.244,+0.000,+0.512,-2.329,2,+0.000,-0.006,+0.09178,-0.006,+2.295,+0.011,+0.000,+0.512,+2.818,2,+0.000,+0.122,-0.08926,+0.122,-2.232,-0.244,+0.000,+0.512,-1.964,2,+0.000,+0.132,+0.09181,+0.132,+2.295,-0.263,+0.000,+0.512,+2.544,2,+0.254,+0.116,+0.214,+0.854
DRV,723070,+0.0000,+0.0000,+0.0000,+0.0000,+0.0000,+0.0000,+0.000,+0.000,-0.00206,-0.0905,+0.0000,+3.619,+0.000,-0.011,-0.10464,-0.011,-2.616,+0.023,+0.000,+0.289,-2.304,2,+0.000,+0.126,+0.08910,+0.126,+2.227,-0.252,+0.000,+0.289,+2.265,2,+0.000,+0.004,-0.09041,+0.004,-2.260,-0.008,+0.000,+0.289,-1.978,2,+0.000,+0.003,+0.09028,+0.003,+2.257,-0.007,+0.000,+0.289,+2.540,2,-0.008,+0.130,+0.236,+0.287
DRV,723074,+0.0000,+0.0000,+0.0000,+0.0000,+0.0000,+0.0000,+0.000,+0.000,-0.00221,+0.0183,+0.0000,-0.731,+0.000,+0.150,-0.10618,+0.150,-2.654,-0.300,+0.000,-0.058,-3.013,2,+0.000,-0.004,+0.08833,-0.004,+2.208,+0.009,+0.000,-0.058,+2.158,2,+0.000,+0.117,-0.09195,+0.117,-2.299,-0.234,+0.000,-0.058,-2.591,2,+0.000,+0.114,+0.08913,+0.114,+2.228,-0.228,+0.000,-0.058,+1.942,2,+0.264,+0.113,-1.071,-0.432
DRV,723078,+0.0000,+0.0000,+0.0000,+0.0000,+0.0000,+0.0000,+0.000,+0.000,-0.00170,+0.1267,+0.0000,-5.067,+0.000,+0.007,-0.10848,+0.007,-2.712,-0.014,+0.000,-0.405,-3.132,2,+0.000,+0.100,+0.08680,+0.100,+2.170,-0.199,+0.000,-0.405,+1.565,2,+0.000,+0.025,-0.09463,+0.025,-2.366,-0.051,+0.000,-0.405,-2.822,2,+0.000,+0.032,+0.08645,+0.032,+2.161,-0.064,+0.000,-0.405,+1.692,2,+0.039,+0.125,-1.440,-1.256
DRV,723082,+0.0000,+0.0000,+0.0000,+0.0000,+0.0000,+0.0000,+0.000,+0.000,-0.00107,+0.1892,+0.0000,-7.568,+0.000,+0.063,-0.10810,+0.063,-2.702,-0.127,+0.000,-0.605,-3.435,2,+0.000,-0.019,+0.08603,-0.019,+2.151,+0.038,+0.000,-0.605,+1.583,2,+0.000,+0.013,-0.09386,+0.013,-2.347,-0.026,+0.000,-0.605,-2.978,2,+0.000,+0.010,+0.08683,+0.010,+2.171,-0.021,+0.000,-0.605,+1.544,2,+0.074,-0.006,-1.890,-1.394
DRV,723086,+0.0000,+0.0000,+0.0000,+0.0000,+0.0000,+0.0000,+0.000,+0.000,-0.00006,+0.2515,+0.0000,-10.062,+0.000,-0.027,-0.11001,-0.027,-2.750,+0.054,+0.000,-0.805,-3.501,2,+0.000,+0.027,+0.08603,+0.027,+2.151,-0.054,+0.000,-0.805,+1.291,2,+0.000,+0.012,-0.09617,+0.012,-2.404,-0.024,+0.000,-0.805,-3.233,2,+0.000,+0.025,+0.08491,+0.025,+2.123,-0.051,+0.000,-0.805,+1.267,2,-0.002,+0.039,-2.234,-1.942
DRV,723090,+0.0000,+0.0000,+0.0000,+0.0000,+0.0000,+0.0000,+0.000,+0.000,+0.00085,+0.2045,+0.0000,-8.179,+0.000,-0.016,-0.10771,-0.016,-2.693,+0.032,+0.000,-0.654,-3.315,2,+0.000,-0.071,+0.08680,-0.071,+2.170,+0.141,+0.000,-0.654,+1.657,0,+0.000,-0.067,-0.09386,-0.067,-2.347,+0.134,+0.000,-0.654,-2.867,2,+0.000,-0.065,+0.08683,-0.065,+2.171,+0.131,+0.000,-0.654,+1.647,0,-0.082,-0.137,-1.668,-1.211
DRV,723094,+0.0000,+0.0000,+0.0000,+0.0000,+0.0000,+0.0000,+0.000,+0.000,+0.00148,+0.1576,+0.0000,-6.303,+0.000,-0.048,-0.10810,-0.048,-2.702,+0.096,+0.000,-0.504,-3.110,0,+0.000,-0.058,+0.08795,-0.058,+2.199,+0.115,+0.000,-0.504,+1.810,2,+0.000,-0.002,-0.09348,-0.002,-2.337,+0.005,+0.000,-0.504,-2.836,0,+0.000,-0.023,+0.08721,-0.023,+2.180,+0.047,+0.000,-0.504,+1.723,0,-0.072,-0.060,-1.387,-1.027
DRV,723098,+0.0000,+0.0000,+0.0000,+0.0000,+0.0000,+0.0000,+0.000,+0.000,+0.00143,-0.0704,+0.0000,+2.815,+0.000,-0.147,-0.10541,-0.147,-2.635,+0.294,+0.000,+0.225,-2.116,2,+0.000,-0.061,+0.08910,-0.061,+2.227,+0.121,+0.000,+0.225,+2.574,2,+0.000,-0.136,-0.09080,-0.136,-2.270,+0.273,+0.000,+0.225,-1.772,0,+0.000,-0.127,+0.08875,-0.127,+2.219,+0.255,+0.000,+0.225,+2.698,2,-0.274,-0.197,+0.582,+0.802
DRV,723102,+0.0000,+0.0000,+0.0000,+0.0000,+0.0000,+0.0000,+0.000,+0.000,+0.00115,-0.0702,+0.0000,+2.809,+0.000,+0.056,-0.10503,+0.056,-2.626,-0.113,+0.000,+0.225,-2.513,2,+0.000,-0.050,+0.09063,-0.050,+2.266,+0.099,+0.000,+0.225,+2.590,2,+0.000,+0.000,-0.09003,+0.000,-2.251,+0.000,+0.000,+0.225,-2.026,2,+0.000,-0.011,+0.09066,-0.011,+2.267,+0.022,+0.000,+0.225,+2.513,2,+0.045,-0.050,-0.000,+0.564
DRV,723106,+0.0000,+0.0000,+0.0000,+0.0000,+0.0000,+0.0000,+0.000,+0.000,+0.00034,-0.2472,+0.0000,+9.888,+0.000,-0.161,-0.10349,-0.161,-2.587,+0.322,+0.000,+0.791,-1.474,2,+0.000,-0.042,+0.09140,-0.042,+2.285,+0.084,+0.000,+0.791,+3.160,2,+0.000,-0.119,-0.08926,-0.119,-2.232,+0.237,+0.000,+0.791,-1.203,2,+0.000,-0.084,+0.09143,-0.084,+2.286,+0.168,+0.000,+0.791,+3.245,2,-0.245,-0.161,+1.771,+1.957
DRV,723110,+0.0000,+0.0000,+0.0000,+0.0000,+0.0000,+0.0000,+0.000,+0.000,-0.00065,-0.2467,+0.0000,+9.868,+0.000,+0.088,-0.10196,+0.088,-2.549,-0.175,+0.000,+0.789,-1.935,2,+0.000,-0.008,+0.09255,-0.008,+2.314,+0.016,+0.000,+0.789,+3.119,2,+0.000,-0.003,-0.08735,-0.003,-2.184,+0.006,+0.000,+0.789,-1.388,2,+0.000,-0.003,+0.09335,-0.003,+2.334,+0.007,+0.000,+0.789,+3.130,2,+0.084,-0.011,+1.195,+1.731
DRV,723114,+0.0000,+0.0000,+0.0000,+0.0000,+0.0000,+0.0000,+0.000,+0.000,-0.00147,-0.1898,+0.0000,+7.593,+0.000,-0.018,-0.10388,-0.018,-2.597,+0.035,+0.000,+0.607,-1.954,2,+0.000,+0.054,+0.09140,+0.054,+2.285,-0.109,+0.000,+0.607,+2.784,2,+0.000,+0.031,-0.08926,+0.031,-2.232,-0.063,+0.000,+0.607,-1.687,2,+0.000,+0.028,+0.09143,+0.028,+2.286,-0.055,+0.000,+0.607,+2.838,2,+0.010,+0.086,+0.884,+1.097
DRV,723118,+0.0000,+0.0000,+0.0000,+0.0000,+0.0000,+0.0000,+0.000,+0.000,-0.00223,-0.1895,+0.0000,+7.578,+0.000,+0.039,-0.10273,+0.039,-2.568,-0.077,+0.000,+0.606,-2.039,2,+0.000,+0.000,+0.09140,+0.000,+2.285,+0.000,+0.000,+0.606,+2.891,2,+0.000,-0.003,-0.08850,-0.003,-2.212,+0.006,+0.000,+0.606,-1.600,2,+0.000,-0.005,+0.09220,-0.005,+2.305,+0.010,+0.000,+0.606,+2.922,2,+0.033,-0.003,+0.883,+1.291
DRV,723122,+0.0000,+0.0000,+0.0000,+0.0000,+0.0000,+0.0000,+0.000,+0.000,-0.00237,+0.0167,+0.0000,-0.670,+0.000,+0.071,-0.10618,+0.071,-2.654,-0.142,+0.000,-0.054,-2.850,2,+0.000,+0.139,+0.08871,+0.139,+2.218,-0.278,+0.000,-0.054,+1.886,2,+0.000,+0.120,-0.09156,+0.120,-2.289,-0.239,+0.000,-0.054,-2.582,2,+0.000,+0.113,+0.08951,+0.113,+2.238,-0.226,+0.000,-0.054,+1.958,2,+0.184,+0.259,-0.892,-0.696
DRV,723126,+0.0000,+0.0000,+0.0000,+0.0000,+0.0000,+0.0000,+0.000,+0.000,-0.00230,+0.0167,+0.0000,-0.668,+0.000,-0.023,-0.10503,-0.023,-2.626,+0.046,+0.000,-0.053,-2.633,2,+0.000,-0.079,+0.08871,-0.079,+2.218,+0.157,+0.000,-0.053,+2.322,0,+0.000,-0.035,-0.09156,-0.035,-2.289,+0.071,+0.000,-0.053,-2.272,2,+0.000,-0.019,+0.08913,-0.019,+2.228,+0.037,+0.000,-0.053,+2.212,0,-0.041,-0.114,-0.421,+0.050
DRV,723130,+0.0000,+0.0000,+0.0000,+0.0000,+0.0000,+0.0000,+0.000,+0.000,-0.00167,+0.2034,+0.0000,-8.134,+0.000,+0.130,-0.10886,+0.130,-2.722,-0.260,+0.000,-0.651,-3.633,0,+0.000,+0.102,+0.08833,+0.102,+2.208,-0.203,+0.000,-0.651,+1.354,0,+0.000,+0.168,-0.09425,+0.168,-2.356,-0.337,+0.000,-0.651,-3.344,0,+0.000,+0.143,+0.08683,+0.143,+2.171,-0.285,+0.000,-0.651,+1.235,0,+0.273,+0.270,-2.398,-1.989
DRV,723134,+0.0000,+0.0000,+0.0000,+0.0000,+0.0000,+0.0000,+0.000,+0.000,-0.00086,+0.2029,+0.0000,-8.118,+0.000,-0.134,-0.10771,-0.134,-2.693,+0.267,+0.000,-0.649,-3.075,0,+0.000,+0.015,+0.08564,+0.015,+2.141,-0.030,+0.000,-0.649,+1.462,2,+0.000,-0.083,-0.09386,-0.083,-2.347,+0.166,+0.000,-0.649,-2.830,0,+0.000,-0.028,+0.08645,-0.028,+2.161,+0.055,+0.000,-0.649,+1.567,2,-0.161,-0.068,-1.508,-1.368
DRV,723138,+0.0000,+0.0000,+0.0000,+0.0000,+0.0000,+0.0000,+0.000,+0.000,-0.00006,+0.1999,+0.0000,-7.995,+0.000,+0.147,-0.10810,+0.147,-2.702,-0.295,+0.000,-0.640,-3.637,2,+0.000,-0.093,+0.08833,-0.093,+2.208,+0.187,+0.000,-0.640,+1.756,2,+0.000,+0.047,-0.09386,+0.047,-2.347,-0.093,+0.000,-0.640,-3.080,2,+0.000,+0.006,+0.08721,+0.006,+2.180,-0.012,+0.000,-0.640,+1.528,2,+0.154,-0.047,-2.108,-1.324
DRV,723142,+0.0000,+0.0000,+0.0000,+0.0000,+0.0000,+0.0000,+0.000,+0.000,+0.00074,+0.1995,+0.0000,-7.979,+0.000,-0.139,-0.10848,-0.139,-2.712,+0.278,+0.000,-0.638,-3.072,2,+0.000,+0.089,+0.08756,+0.089,+2.189,-0.177,+0.000,-0.638,+1.373,2,+0.000,-0.060,-0.09425,-0.060,-2.356,+0.119,+0.000,-0.638,-2.875,2,+0.000,+0.004,+0.08645,+0.004,+2.161,-0.008,+0.000,-0.638,+1.515,2,-0.135,+0.029,-1.557,-1.502
DRV,723146,+0.0000,+0.0000,+0.0000,+0.0000,+0.0000,+0.0000,+0.000,+0.000,+0.00101,+0.0230,+0.0000,-0.922,+0.000,-0.014,-0.10541,-0.014,-2.635,+0.028,+0.000,-0.074,-2.681,2,+0.000,-0.166,+0.08871,-0.166,+2.218,+0.333,+0.000,-0.074,+2.477,2,+0.000,-0.069,-0.09156,-0.069,-2.289,+0.138,+0.000,-0.074,-2.225,2,+0.000,-0.122,+0.08913,-0.122,+2.228,+0.243,+0.000,-0.074,+2.398,2,-0.135,-0.236,-0.284,+0.252
DRV,723150,+0.0000,+0.0000,+0.0000,+0.0000,+0.0000,+0.0000,+0.000,+0.000,+0.00110,+0.0230,+0.0000,-0.920,+0.000,-0.013,-0.10618,-0.013,-2.654,+0.027,+0.000,-0.074,-2.701,2,+0.000,+0.044,+0.09101,+0.044,+2.275,-0.089,+0.000,-0.074,+2.113,2,+0.000,+0.005,-0.09156,+0.005,-2.289,-0.010,+0.000,-0.074,-2.373,2,+0.000,+0.009,+0.08990,+0.009,+2.247,-0.018,+0.000,-0.074,+2.156,2,-0.004,+0.050,-0.546,-0.260
DRV,723154,+0.0000,+0.0000,+0.0000,+0.0000,+0.0000,+0.0000,+0.000,+0.000,+0.00062,-0.1685,+0.0000,+6.740,+0.000,-0.109,-0.10273,-0.109,-2.568,+0.218,+0.000,+0.539,-1.811,2,+0.000,-0.082,+0.08986,-0.082,+2.247,+0.165,+0.000,+0.539,+2.951,2,+0.000,-0.143,-0.08888,-0.143,-2.222,+0.286,+0.000,+0.539,-1.397,2,+0.000,-0.151,+0.09181,-0.151,+2.295,+0.301,+0.000,+0.539,+3.136,2,-0.260,-0.226,+1.325,+1.554
DRV,723158,+0.0000,+0.0000,+0.0000,+0.0000,+0.0000,+0.0000,+0.000,+0.000,-0.00005,-0.1682,+0.0000,+6.727,+0.000,+0.085,-0.10426,+0.085,-2.607,-0.171,+0.000,+0.538,-2.239,2,+0.000,-0.015,+0.09255,-0.015,+2.314,+0.030,+0.000,+0.538,+2.881,2,+0.000,+0.068,-0.08888,+0.068,-2.222,-0.135,+0.000,+0.538,-1.819,2,+0.000,+0.062,+0.09220,+0.062,+2.305,-0.124,+0.000,+0.538,+2.719,2,+0.147,+0.053,+0.480,+1.062
DRV,723162,+0.0000,+0.0000,+0.0000,+0.0000,+0.0000,+0.0000,+0.000,+0.000,-0.00087,-0.2146,+0.0000,+8.585,+0.000,-0.129,-0.10196,-0.129,-2.549,+0.257,+0.000,+0.687,-1.605,2,+0.000,+0.029,+0.09063,+0.029,+2.266,-0.057,+0.000,+0.687,+2.895,0,+0.000,-0.091,-0.08811,-0.091,-2.203,+0.182,+0.000,+0.687,-1.334,2,+0.000,-0.090,+0.09258,-0.090,+2.315,+0.179,+0.000,+0.687,+3.181,2,-0.218,-0.062,+1.576,+1.562
DRV,723166,+0.0000,+0.0000,+0.0000,+0.0000,+0.0000,+0.0000,+0.000,+0.000,-0.00172,-0.2142,+0.0000,+8.568,+0.000,+0.147,-0.10388,+0.147,-2.597,-0.294,+0.000,+0.685,-2.205,0,+0.000,-0.070,+0.09178,-0.070,+2.295,+0.139,+0.000,+0.685,+3.119,2,+0.000,+0.110,-0.08850,+0.110,-2.212,-0.220,+0.000,+0.685,-1.747,2,+0.000,+0.097,+0.09258,+0.097,+2.315,-0.194,+0.000,+0.685,+2.806,0,+0.244,+0.041,+0.601,+1.372
DRV,723170,+0.0000,+0.0000,+0.0000,+0.0000,+0.0000,+0.0000,+0.000,+0.000,-0.00213,-0.0649,+0.0000,+2.595,+0.000,-0.002,-0.10464,-0.002,-2.616,+0.004,+0.000,+0.208,-2.405,0,+0.000,+0.176,+0.08948,+0.176,+2.237,-0.352,+0.000,+0.208,+2.093,2,+0.000,+0.010,-0.09003,+0.010,-2.251,-0.019,+0.000,+0.208,-2.062,0,+0.000,+0.045,+0.09105,+0.045,+2.276,-0.090,+0.000,+0.208,+2.394,2,+0.043,+0.185,-0.011,+0.030
DRV,723174,+0.0000,+0.0000,+0.0000,+0.0000,+0.0000,+0.0000,+0.000,+0.000,-0.00239,-0.0647,+0.0000,+2.589,+0.000,+0.085,-0.10464,+0.085,-2.616,-0.171,+0.000,+0.207,-2.580,2,+0.000,-0.069,+0.08833,-0.069,+2.208,+0.138,+0.000,+0.207,+2.554,2,+0.000,+0.045,-0.09041,+0.045,-2.260,-0.091,+0.000,+0.207,-2.144,2,+0.000,+0.038,+0.09066,+0.038,+2.267,-0.075,+0.000,+0.207,+2.398,2,+0.123,-0.024,-0.181,+0.410
DRV,723178,+0.0000,+0.0000,+0.0000,+0.0000,+0.0000,+0.0000,+0.000,+0.000,-0.00204,+0.1380,+0.0000,-5.521,+0.000,+0.089,-0.10771,+0.089,-2.693,-0.177,+0.000,-0.442,-3.312,2,+0.000,+0.085,+0.08948,+0.085,+2.237,-0.171,+0.000,-0.442,+1.625,2,+0.000,+0.138,-0.09310,+0.138,-2.327,-0.277,+0.000,-0.442,-3.046,2,+0.000,+0.118,+0.08798,+0.118,+2.199,-0.236,+0.000,-0.442,+1.522,2,+0.206,+0.224,-1.790,-1.421
DRV,723182,+0.0000,+0.0000,+0.0000,+0.0000,+0.0000,+0.0000,+0.000,+0.000,-0.00149,+0.1377,+0.0000,-5.510,+0.000,-0.045,-0.10771,-0.045,-2.693,+0.091,+0.000,-0.441,-3.043,2,+0.000,+0.078,+0.08526,+0.078,+2.132,-0.156,+0.000,-0.441,+1.534,2,+0.000,-0.056,-0.09386,-0.056,-2.347,+0.113,+0.000,-0.441,-2.675,2,+0.000,-0.007,+0.08683,-0.007,+2.171,+0.013,+0.000,-0.441,+1.743,2,-0.052,+0.022,-1.300,-1.141
DRV,723186,+0.0000,+0.0000,+0.0000,+0.0000,+0.0000,+0.0000,+0.000,+0.000,-0.00069,+0.2194,+0.0000,-8.775,+0.000,+0.114,-0.10848,+0.114,-2.712,-0.228,+0.000,-0.702,-3.642,2,+0.000,-0.143,+0.08833,-0.143,+2.208,+0.286,+0.000,-0.702,+1.792,2,+0.000,+0.113,-0.09425,+0.113,-2.356,-0.227,+0.000,-0.702,-3.285,2,+0.000,+0.059,+0.08683,+0.059,+2.171,-0.118,+0.000,-0.702,+1.350,2,+0.173,-0.030,-2.291,-1.493
DRV,723190,+0.0000,+0.0000,+0.0000,+0.0000,+0.0000,+0.0000,+0.000,+0.000,+0.00018,+0.2189,+0.0000,-8.757,+0.000,-0.089,-0.10886,-0.089,-2.722,+0.177,+0.000,-0.701,-3.245,2,+0.000,+0.142,+0.08641,+0.142,+2.160,-0.284,+0.000,-0.701,+1.175,2,+0.000,-0.077,-0.09502,-0.077,-2.375,+0.154,+0.000,-0.701,-2.921,2,+0.000,-0.001,+0.08568,-0.001,+2.142,+0.003,+0.000,-0.701,+1.444,2,-0.090,+0.065,-1.801,-1.746
DRV,723194,+0.0000,+0.0000,+0.0000,+0.0000,+0.0000,+0.0000,+0.000,+0.000,+0.00075,+0.1174,+0.0000,-4.698,+0.000,-0.000,-0.10733,-0.000,-2.683,+0.001,+0.000,-0.376,-3.058,2,+0.000,-0.192,+0.08795,-0.192,+2.199,+0.383,+0.000,-0.376,+2.206,0,+0.000,-0.015,-0.09271,-0.015,-2.318,+0.030,+0.000,-0.376,-2.664,2,+0.000,-0.045,+0.08760,-0.045,+2.190,+0.090,+0.000,-0.376,+1.904,2,-0.045,-0.206,-1.154,-0.458
DRV,723198,+0.0000,+0.0000,+0.0000,+0.0000,+0.0000,+0.0000,+0.000,+0.000,+0.00122,+0.1172,+0.0000,-4.689,+0.000,-0.102,-0.10695,-0.102,-2.674,+0.203,+0.000,-0.375,-2.846,2,+0.000,+0.063,+0.08948,+0.063,+2.237,-0.126,+0.000,-0.375,+1.736,0,+0.000,-0.038,-0.09310,-0.038,-2.327,+0.076,+0.000,-0.375,-2.626,2,+0.000,-0.012,+0.08798,-0.012,+2.199,+0.025,+0.000,-0.375,+1.849,2,-0.114,+0.025,-0.996,-0.890
DRV,723202,+0.0000,+0.0000,+0.0000,+0.0000,+0.0000,+0.0000,+0.000,+0.000,+0.00108,-0.0878,+0.0000,+3.511,+0.000,-0.053,-0.10388,-0.053,-2.597,+0.107,+0.000,+0.281,-2.209,0,+0.000,-0.156,+0.08948,-0.156,+2.237,+0.312,+0.000,+0.281,+2.830,0,+0.000,-0.103,-0.08965,-0.103,-2.241,+0.207,+0.000,+0.281,-1.753,2,+0.000,-0.120,+0.09066,-0.120,+2.267,+0.240,+0.000,+0.281,+2.788,0,-0.174,-0.259,+0.579,+1.076
DRV,723206,+0.0000,+0.0000,+0.0000,+0.0000,+0.0000,+0.0000,+0.000,+0.000,+0.00073,-0.0876,+0.0000,+3.504,+0.000,+0.011,-0.10464,+0.011,-2.616,-0.023,+0.000,+0.280,-2.359,0,+0.000,-0.070,+0.09255,-0.070,+2.314,+0.140,+0.000,+0.280,+2.734,2,+0.000,+0.026,-0.09003,+0.026,-2.251,-0.052,+0.000,+0.280,-2.023,0,+0.000,+0.025,+0.09105,+0.025,+2.276,-0.051,+0.000,+0.280,+2.506,2,+0.037,-0.044,+0.147,+0.711
DRV,723210,+0.0000,+0.0000,+0.0000,+0.0000,+0.0000,+0.0000,+0.000,+0.000,-0.00001,-0.2156,+0.0000,+8.624,+0.000,-0.141,-0.10273,-0.141,-2.568,+0.282,+0.000,+0.690,-1.596,2,+0.000,+0.070,+0.09063,+0.070,+2.266,-0.140,+0.000,+0.690,+2.815,2,+0.000,-0.123,-0.08850,-0.123,-2.212,+0.246,+0.000,+0.690,-1.276,0,+0.000,-0.109,+0.09181,-0.109,+2.295,+0.218,+0.000,+0.690,+3.204,2,-0.250,-0.053,+1.608,+1.539
DRV,723214,+0.0000,+0.0000,+0.0000,+0.0000,+0.0000,+0.0000,+0.000,+0.000,-0.00087,-0.2152,+0.0000,+8.607,+0.000,+0.116,-0.10234,+0.116,-2.559,-0.233,+0.000,+0.689,-2.103,2,+0.000,-0.094,+0.09216,-0.094,+2.304,+0.188,+0.000,+0.689,+3.180,2,+0.000,+0.075,-0.08811,+0.075,-2.203,-0.151,+0.000,+0.689,-1.665,2,+0.000,+0.015,+0.09296,+0.015,+2.324,-0.030,+0.000,+0.689,+2.983,2,+0.131,-0.019,+0.880,+1.516
DRV,723218,+0.0000,+0.0000,+0.0000,+0.0000,+0.0000,+0.0000,+0.000,+0.000,-0.00156,-0.1578,+0.0000,+6.313,+0.000,-0.027,-0.10388,-0.027,-2.597,+0.054,+0.000,+0.505,-2.038,2,+0.000,+0.138,+0.09101,+0.138,+2.275,-0.276,+0.000,+0.505,+2.505,2,+0.000,+0.003,-0.08926,+0.003,-2.232,-0.007,+0.000,+0.505,-1.733,2,+0.000,+0.023,+0.09143,+0.023,+2.286,-0.047,+0.000,+0.505,+2.744,2,-0.004,+0.141,+0.707,+0.772
DRV,723222,+0.0000,+0.0000,+0.0000,+0.0000,+0.0000,+0.0000,+0.000,+0.000,-0.00219,-0.1575,+0.0000,+6.301,+0.000,+0.056,-0.10311,+0.056,-2.578,-0.112,+0.000,+0.504,-2.185,2,+0.000,-0.010,+0.08948,-0.010,+2.237,+0.019,+0.000,+0.504,+2.760,2,+0.000,+0.029,-0.08926,+0.029,-2.232,-0.058,+0.000,+0.504,-1.786,2,+0.000,+0.000,+0.09143,+0.000,+2.286,-0.001,+0.000,+0.504,+2.789,2,+0.056,+0.020,+0.604,+0.974
DRV,723226,+0.0000,+0.0000,+0.0000,+0.0000,+0.0000,+0.0000,+0.000,+0.000,-0.00224,+0.0348,+0.0000,-1.392,+0.000,+0.088,-0.10656,+0.088,-2.664,-0.176,+0.000,-0.111,-2.952,2,+0.000,+0.097,+0.08948,+0.097,+2.237,-0.194,+0.000,-0.111,+1.932,2,+0.000,+0.114,-0.09233,+0.114,-2.308,-0.228,+0.000,-0.111,-2.648,2,+0.000,+0.123,+0.08875,+0.123,+2.219,-0.246,+0.000,-0.111,+1.861,2,+0.211,+0.211,-1.091,-0.715
DRV,723230,+0.0000,+0.0000,+0.0000,+0.0000,+0.0000,+0.0000,+0.000,+0.000,-0.00210,+0.0347,+0.0000,-1.389,+0.000,-0.024,-0.10579,-0.024,-2.645,+0.048,+0.000,-0.111,-2.708,2,+0.000,+0.021,+0.08680,+0.021,+2.170,-0.041,+0.000,-0.111,+2.018,2,+0.000,-0.031,-0.09233,-0.031,-2.308,+0.063,+0.000,-0.111,-2.356,2,+0.000,-0.026,+0.08875,-0.026,+2.219,+0.051,+0.000,-0.111,+2.159,2,-0.050,-0.011,-0.549,-0.339
DRV,723234,+3.3000,+0.0000,+3.6300,+0.0063,+0.0341,+0.0000,+6.090,+0.007,-0.00147,+0.2001,+0.0000,-8.002,+0.168,+0.149,-0.10539,-0.019,-2.635,+0.038,+0.168,-0.640,-3.069,2,+0.137,+0.018,+0.09039,-0.119,+2.260,+0.238,+0.137,-0.640,+1.994,2,-0.137,+0.139,-0.09785,+0.276,-2.446,-0.553,-0.137,-0.640,-3.777,2,-0.168,+0.130,+0.08298,+0.298,+2.075,-0.596,-0.168,-0.640,+0.671,2,+0.279,+0.157,-2.398,-1.782
DRV,723238,+3.3000,+0.0000,+3.6300,+0.0029,+0.0585,+0.0000,+6.090,+0.003,-0.00067,+0.1997,+0.0000,-7.986,+0.288,-0.021,-0.09930,-0.309,-2.482,+0.618,+0.288,-0.639,-2.216,2,+0.235,+0.088,+0.09261,-0.147,+2.315,+0.293,+0.235,-0.639,+2.205,0,-0.235,-0.179,-0.10084,+0.056,-2.521,-0.112,-0.235,-0.639,-3.507,2,-0.288,-0.096,+0.07765,+0.192,+1.941,-0.384,-0.288,-0.639,+0.631,0,-0.117,-0.091,-1.585,-1.302
DRV,723242,+3.3000,+0.0000,+3.6300,-0.0004,+0.0828,-0.0000,+6.090,-0.001,+0.00010,+0.1892,+0.0000,-7.566,+0.408,+0.171,-0.09287,-0.237,-2.322,+0.474,+0.408,-0.605,-2.046,0,+0.333,-0.035,+0.10036,-0.368,+2.509,+0.736,+0.333,-0.605,+2.972,0,-0.333,-0.011,-0.10706,+0.321,-2.676,-0.643,-0.333,-0.605,-4.257,0,-0.408,-0.002,+0.06893,+0.406,+1.723,-0.812,-0.408,-0.605,-0.102,0,+0.169,-0.046,-2.147,-1.285
DRV,723246,+3.3000,+0.0000,+3.6300,-0.0037,+0.1072,-0.0001,+6.090,-0.004,+0.00085,+0.1888,+0.0000,-7.551,+0.527,-0.002,-0.08152,-0.530,-2.038,+1.059,+0.527,-0.604,-1.055,0,+0.431,+0.150,+0.10905,-0.281,+2.726,+0.562,+0.431,-0.604,+3.115,0,-0.430,-0.169,-0.11419,+0.262,-2.855,-0.523,-0.430,-0.604,-4.412,0,-0.528,-0.101,+0.05756,+0.427,+1.439,-0.854,-0.528,-0.604,-0.547,0,-0.103,-0.019,-1.602,-1.297
DRV,723250,+3.3000,+0.0000,+3.6300,-0.0048,+0.1315,-0.0002,+6.090,-0.005,+0.00111,+0.0235,+0.0000,-0.941,+0.647,+0.148,-0.06754,-0.499,-1.689,+0.999,+0.647,-0.075,-0.118,2,+0.529,+0.032,+0.11905,-0.497,+2.976,+0.994,+0.529,-0.075,+4.424,2,-0.528,-0.215,-0.12302,+0.313,-3.075,-0.626,-0.528,-0.075,-4.305,2,-0.648,-0.156,+0.04472,+0.492,+1.118,-0.983,-0.648,-0.075,-0.588,2,-0.009,-0.183,-0.707,+0.119
DRV,723254,+3.3000,+0.0000,+3.6300,-0.0052,+0.1559,-0.0002,+6.090,-0.006,+0.00121,+0.0235,+0.0000,-0.939,+0.767,+0.122,-0.05286,-0.645,-1.321,+1.290,+0.767,-0.075,+0.660,2,+0.627,+0.149,+0.13305,-0.479,+3.326,+0.957,+0.627,-0.075,+4.836,2,-0.626,-0.210,-0.13276,+0.416,-3.319,-0.832,-0.626,-0.075,-4.852,2,-0.768,-0.145,+0.03001,+0.623,+0.750,-1.246,-0.768,-0.075,-1.339,2,-0.023,-0.061,-0.679,-0.016
DRV,723258,+3.3000,+0.0000,+3.6300,-0.0037,+0.1803,-0.0002,+6.090,-0.004,+0.00086,-0.1223,+0.0000,+4.892,+0.887,+0.024,-0.03247,-0.863,-0.812,+1.725,+0.887,+0.391,+2.192,2,+0.725,+0.431,+0.14184,-0.294,+3.546,+0.588,+0.725,+0.391,+5.251,2,-0.724,-0.313,-0.14420,+0.411,-3.605,-0.822,-0.724,+0.391,-4.760,2,-0.888,-0.206,+0.01305,+0.681,+0.326,-1.363,-0.888,+0.391,-1.533,2,-0.182,+0.118,+0.659,+0.491
DRV,723262,+3.3000,+0.0000,+3.6300,-0.0016,+0.2046,-0.0001,+6.090,-0.002,+0.00037,-0.1220,+0.0000,+4.882,+1.007,+0.306,-0.01252,-0.701,-0.313,+1.402,+1.007,+0.391,+2.487,2,+0.823,+0.437,+0.15155,-0.386,+3.789,+0.772,+0.823,+0.391,+5.774,2,-0.822,-0.381,-0.15504,+0.441,-3.876,-0.881,-0.822,+0.391,-5.189,2,-1.007,-0.279,-0.00500,+0.729,-0.125,-1.457,-1.007,+0.391,-2.199,2,+0.027,+0.055,+0.287,+0.585
DRV,723266,+3.3000,+0.0000,+3.6300,+0.0009,+0.2290,+0.0001,+6.090,+0.002,-0.00020,-0.1505,+0.0000,+6.021,+1.127,+0.427,+0.00470,-0.701,+0.118,+1.401,+1.127,+0.482,+3.128,2,+0.920,+0.463,+0.16294,-0.458,+4.074,+0.915,+0.920,+0.482,+6.391,2,-0.921,-0.424,-0.16797,+0.496,-4.199,-0.992,-0.921,+0.482,-5.631,2,-1.127,-0.429,-0.02299,+0.698,-0.575,-1.397,-1.127,+0.482,-2.617,2,-0.002,+0.038,+0.511,+0.760
DRV,723270,+3.3000,+0.0000,+3.6300,+0.0034,+0.2533,+0.0002,+6.090,+0.004,-0.00080,-0.1502,+0.0000,+6.009,+1.248,+0.571,+0.02227,-0.676,+0.557,+1.353,+1.248,+0.481,+3.638,2,+1.017,+0.535,+0.17563,-0.482,+4.391,+0.964,+1.017,+0.481,+6.853,2,-1.019,-0.504,-0.18146,+0.515,-4.537,-1.029,-1.019,+0.481,-6.104,2,-1.247,-0.561,-0.04014,+0.686,-1.004,-1.372,-1.247,+0.481,-3.141,2,+0.010,+0.031,+0.497,+0.749
DRV,723274,+3.3000,+0.0000,+3.6300,+0.0056,+0.2777,+0.0004,+6.090,+0.006,-0.00130,-0.1180,+0.0000,+4.720,+1.368,+0.767,+0.03748,-0.601,+0.937,+1.203,+1.368,+0.378,+3.885,2,+1.115,+0.741,+0.18731,-0.374,+4.683,+0.747,+1.115,+0.378,+6.923,0,-1.118,-0.564,-0.19589,+0.554,-4.897,-1.107,-1.118,+0.378,-6.744,2,-1.366,-0.646,-0.05762,+0.720,-1.440,-1.440,-1.366,+0.378,-3.869,0,+0.121,+0.177,+0.017,+0.178
DRV,723278,+3.3000,+0.0000,+3.6300,+0.0076,+0.3021,+0.0005,+6.090,+0.009,-0.00178,-0.1178,+0.0000,+4.711,+1.488,+0.716,+0.05496,-0.772,+1.374,+1.544,+1.488,+0.377,+4.784,0,+1.212,+1.051,+0.19415,-0.161,+4.854,+0.322,+1.212,+0.377,+6.765,0,-1.216,-0.590,-0.21165,+0.626,-5.291,-1.253,-1.216,+0.377,-7.383,0,-1.485,-0.659,-0.07694,+0.826,-1.924,-1.652,-1.485,+0.377,-4.684,0,+0.057,+0.461,+0.100,-0.619
DRV,723282,+3.3000,+0.0000,+3.6300,+0.0087,+0.3264,+0.0006,+6.090,+0.010,-0.00203,-0.0468,+0.0000,+1.872,+1.609,+0.854,+0.07968,-0.754,+1.992,+1.508,+1.609,+0.150,+5.259,2,+1.309,+0.901,+0.20804,-0.409,+5.201,+0.817,+1.309,+0.150,+7.477,2,-1.315,-0.705,-0.22835,+0.609,-5.709,-1.219,-1.315,+0.150,-8.092,0,-1.605,-0.756,-0.10311,+0.849,-2.578,-1.698,-1.605,+0.150,-5.731,2,+0.099,+0.196,-0.473,-0.615
DRV,723286,+3.3000,+0.0000,+3.6300,+0.0095,+0.3508,+0.0007,+6.090,+0.011,-0.00222,-0.0467,+0.0000,+1.868,+1.729,+1.054,+0.09860,-0.675,+2.465,+1.350,+1.729,+0.149,+5.693,2,+1.407,+0.698,+0.22323,-0.709,+5.581,+1.418,+1.407,+0.149,+8.555,2,-1.413,-0.914,-0.24752,+0.499,-6.188,-0.998,-1.413,+0.149,-8.449,2,-1.725,-1.036,-0.12346,+0.688,-3.086,-1.377,-1.725,+0.149,-6.038,2,+0.018,-0.216,-0.345,+0.106
DRV,723290,+3.3000,+0.0000,+3.6300,+0.0095,+0.3751,+0.0008,+6.090,+0.011,-0.00222,+0.0172,+0.0000,-0.688,+1.849,+1.379,+0.11363,-0.469,+2.841,+0.939,+1.849,-0.055,+5.574,2,+1.505,+0.868,+0.24049,-0.636,+6.012,+1.273,+1.505,-0.055,+8.734,2,-1.511,-1.307,-0.25419,+0.203,-6.355,-0.407,-1.511,-0.055,-8.328,2,-1.844,-1.445,-0.13685,+0.399,-3.421,-0.798,-1.844,-0.055,-6.119,2,-0.066,-0.439,-0.545,+0.406
DRV,723294,+3.3000,+0.0000,+3.6300,+0.0092,+0.3995,+0.0008,+6.090,+0.011,-0.00215,+0.0172,+0.0000,-0.687,+1.969,+1.481,+0.12631,-0.488,+3.158,+0.977,+1.969,-0.055,+6.048,2,+1.602,+1.276,+0.25023,-0.327,+6.256,+0.654,+1.602,-0.055,+8.457,2,-1.609,-1.264,-0.25988,+0.345,-6.497,-0.690,-1.609,-0.055,-8.851,2,-1.964,-1.293,-0.15171,+0.672,-3.793,-1.343,-1.964,-0.055,-7.155,2,+0.188,+0.011,-1.107,-0.394
DRV,723298,+3.3000,+0.0000,+3.6300,+0.0084,+0.4239,+0.0008,+6.090,+0.010,-0.00195,+0.0597,+0.0000,-2.387,+2.089,+1.439,+0.14392,-0.650,+3.598,+1.300,+2.089,-0.191,+6.796,2,+1.701,+1.152,+0.26091,-0.549,+6.523,+1.098,+1.701,-0.191,+9.130,2,-1.707,-1.272,-0.26995,+0.434,-6.749,-0.869,-1.707,-0.191,-9.515,2,-2.084,-1.604,-0.16921,+0.481,-4.230,-0.961,-2.084,-0.191,-7.467,2,-0.165,-0.121,-0.671,-0.385
DRV,723302,+3.3000,+0.0000,+3.6300,+0.0073,+0.4482,+0.0007,+6.090,+0.008,-0.00171,+0.0596,+0.0000,-2.382,+2.208,+2.056,+0.15419,-0.153,+3.855,+0.305,+2.208,-0.191,+6.178,2,+1.799,+1.391,+0.27367,-0.407,+6.842,+0.815,+1.799,-0.191,+9.264,2,-1.804,-1.622,-0.27633,+0.183,-6.908,-0.365,-1.804,-0.191,-9.269,2,-2.204,-2.093,-0.17592,+0.111,-4.398,-0.222,-2.204,-0.191,-7.015,2,-0.038,-0.230,-0.837,-0.004
DRV,723306,+3.3000,+0.0000,+3.6300,+0.0065,+0.4726,+0.0006,+6.090,+0.007,-0.00151,+0.0477,+0.0000,-1.910,+2.328,+1.988,+0.16209,-0.340,+4.052,+0.679,+2.328,-0.153,+6.907,2,+1.897,+2.198,+0.27048,+0.301,+6.762,-0.602,+1.897,-0.153,+7.904,2,-1.902,-1.684,-0.28019,+0.218,-7.005,-0.437,-1.902,-0.153,-9.496,2,-2.325,-2.002,-0.18450,+0.323,-4.612,-0.645,-2.325,-0.153,-7.735,2,-0.013,+0.514,-0.828,-1.592
DRV,723310,+3.3000,+0.0000,+3.6300,+0.0058,+0.4969,+0.0006,+6.090,+0.007,-0.00136,+0.0266,+0.0000,-1.065,+2.448,+2.201,+0.17186,-0.247,+4.296,+0.494,+2.448,-0.085,+7.153,2,+1.995,+1.878,+0.26670,-0.117,+6.668,+0.233,+1.995,-0.085,+8.811,0,-2.000,-1.828,-0.28343,+0.172,-7.086,-0.344,-2.000,-0.085,-9.515,2,-2.445,-2.348,-0.19149,+0.096,-4.787,-0.192,-2.445,-0.085,-7.509,2,-0.147,+0.051,-0.357,-0.704
DRV,723314,+3.3000,+0.0000,+3.6300,+0.0057,+0.5213,+0.0006,+6.090,+0.007,-0.00134,+0.0056,+0.0000,-0.223,+2.568,+2.753,+0.17428,+0.185,+4.357,-0.370,+2.568,-0.018,+6.537,0,+2.093,+1.619,+0.27535,-0.473,+6.884,+0.947,+2.093,-0.018,+9.906,0,-2.098,-1.865,-0.28798,+0.233,-7.199,-0.466,-2.098,-0.018,-9.781,2,-2.564,-3.037,-0.18808,-0.473,-4.702,+0.945,-2.564,-0.018,-6.339,0,-0.284,-0.246,+0.198,+0.125
DRV,723318,+3.3000,+0.0000,+3.6300,+0.0060,+0.5457,+0.0007,+6.090,+0.007,-0.00141,-0.0391,+0.0000,+1.565,+2.688,+2.918,+0.16975,+0.230,+4.244,-0.461,+2.688,+0.125,+6.596,0,+2.190,+1.982,+0.29527,-0.209,+7.382,+0.417,+2.190,+0.125,+10.115,2,-2.196,-2.233,-0.28732,-0.037,-7.183,+0.074,-2.196,+0.125,-9.179,0,-2.684,-3.160,-0.19573,-0.476,-4.893,+0.952,-2.684,+0.125,-6.500,0,-0.242,-0.251,+0.096,+0.935
DRV,723322,+3.3000,+0.0000,+3.6300,+0.0075,+0.5700,+0.0009,+6.090,+0.009,-0.00174,-0.0837,+0.0000,+3.348,+2.809,+2.613,+0.17362,-0.195,+4.340,+0.391,+2.809,+0.268,+7.808,0,+2.287,+2.429,+0.29693,+0.142,+7.423,-0.283,+2.287,+0.268,+9.696,2,-2.295,-2.522,-0.28263,-0.227,-7.066,+0.455,-2.295,+0.268,-8.638,0,-2.803,-3.406,-0.18068,-0.602,-4.517,+1.204,-2.803,+0.268,-5.848,0,-0.793,-0.093,+1.959,+1.058
DRV,723326,+3.3000,+0.0000,+3.6300,+0.0086,+0.5944,+0.0011,+6.090,+0.010,-0.00201,-0.0492,+0.0000,+1.969,+2.929,+2.769,+0.19470,-0.160,+4.868,+0.321,+2.929,+0.157,+8.275,2,+2.385,+2.611,+0.29374,+0.226,+7.343,-0.452,+2.385,+0.157,+9.433,2,-2.393,-2.576,-0.29269,-0.183,-7.317,+0.365,-2.393,+0.157,-9.188,2,-2.923,-3.380,-0.16288,-0.457,-4.072,+0.915,-2.923,+0.157,-5.922,2,-0.612,+0.035,+2.352,+0.245
DRV,723330,+3.3000,+0.0000,+3.6300,+0.0089,+0.6187,+0.0012,+6.090,+0.010,-0.00207,-0.0148,+0.0000,+0.593,+3.049,+2.848,+0.19656,-0.201,+4.914,+0.402,+3.049,+0.047,+8.412,2,+2.482,+2.716,+0.29070,+0.233,+7.267,-0.467,+2.482,+0.047,+9.330,2,-2.492,-2.046,-0.30024,+0.445,-7.506,-0.891,-2.492,+0.047,-10.841,2,-3.042,-2.685,-0.16190,+0.357,-4.047,-0.715,-3.042,+0.047,-7.757,2,+0.163,+0.669,+0.655,-1.510
DRV,723334,+3.3000,+0.0000,+3.6300,+0.0084,+0.6431,+0.0011,+6.090,+0.010,-0.00195,+0.0722,+0.0000,-2.888,+3.169,+2.492,+0.20834,-0.676,+5.209,+1.353,+3.169,-0.231,+9.499,2,+2.580,+2.795,+0.28705,+0.214,+7.176,-0.429,+2.580,-0.231,+9.096,2,-2.589,-2.239,-0.31561,+0.350,-7.890,-0.700,-2.589,-0.231,-11.411,2,-3.162,-2.290,-0.17850,+0.872,-4.462,-1.744,-3.162,-0.231,-9.600,2,+0.202,+0.556,-0.101,-2.314
DRV,723338,+3.3000,+0.0000,+3.6300,+0.0056,+0.6675,+0.0007,+6.090,+0.006,-0.00131,+0.1590,+0.0000,-6.359,+3.288,+2.981,+0.21889,-0.307,+5.472,+0.614,+3.288,-0.509,+8.865,2,+2.680,+2.893,+0.28398,+0.213,+7.099,-0.427,+2.680,-0.509,+8.844,2,-2.686,-2.877,-0.31731,-0.191,-7.933,+0.382,-2.686,-0.509,-10.745,2,-3.284,-2.760,-0.19468,+0.523,-4.867,-1.046,-3.284,-0.509,-9.705,2,+0.220,+0.016,-0.840,-1.901
DRV,723342,+3.3000,+0.0000,+3.6300,+0.0028,+0.6918,+0.0003,+6.090,+0.003,-0.00065,+0.1719,+0.0000,-6.878,+3.406,+3.057,+0.22323,-0.350,+5.581,+0.700,+3.406,-0.550,+9.137,2,+2.779,+2.831,+0.28455,+0.051,+7.114,-0.102,+2.779,-0.550,+9.241,2,-2.782,-3.106,-0.31261,-0.324,-7.815,+0.648,-2.782,-0.550,-10.500,2,-3.405,-3.399,-0.19742,+0.005,-4.935,-0.011,-3.405,-0.550,-8.901,2,-0.343,-0.275,+0.236,-1.259
DRV,723346,+3.3000,+0.0000,+3.6300,-0.0004,+0.7162,-0.0002,+6.090,-0.001,+0.00009,+0.1849,+0.0000,-7.396,+3.525,+3.523,+0.22593,-0.002,+5.648,+0.004,+3.525,-0.592,+8.586,2,+2.879,+3.280,+0.28074,+0.400,+7.019,-0.801,+2.879,-0.592,+8.505,2,-2.878,-3.268,-0.30571,-0.391,-7.643,+0.781,-2.878,-0.592,-10.331,2,-3.526,-3.706,-0.19208,-0.180,-4.802,+0.361,-3.526,-0.592,-8.559,2,-0.184,+0.011,+0.027,-1.826
DRV,723350,+3.3000,+0.0000,+3.6300,-0.0033,+0.7405,-0.0007,+6.090,-0.004,+0.00077,+0.1561,+0.0000,-6.242,+3.643,+4.014,+0.21666,+0.371,+5.417,-0.741,+3.643,-0.499,+7.819,2,+2.979,+3.024,+0.27752,+0.044,+6.938,-0.089,+2.979,-0.499,+9.329,0,-2.974,-3.169,-0.30238,-0.195,-7.559,+0.391,-2.974,-0.499,-10.641,2,-3.647,-4.257,-0.17829,-0.609,-4.457,+1.219,-3.647,-0.499,-7.385,0,-0.243,-0.145,+0.434,-1.312
DRV,723354,+3.3000,+0.0000,+3.6300,-0.0055,+0.7649,-0.0011,+6.090,-0.006,+0.00128,+0.1273,+0.0000,-5.092,+3.762,+3.849,+0.20769,+0.086,+5.192,-0.173,+3.762,-0.407,+8.374,0,+3.079,+2.687,+0.30212,-0.391,+7.553,+0.783,+3.079,-0.407,+11.007,0,-3.070,-3.391,-0.29916,-0.321,-7.479,+0.642,-3.070,-0.407,-10.314,0,-3.768,-4.311,-0.15873,-0.542,-3.968,+1.084,-3.768,-0.407,-7.060,0,-0.462,-0.703,+1.314,+0.693
DRV,723358,+3.3000,+0.0000,+3.6300,-0.0075,+0.7893,-0.0015,+6.090,-0.009,+0.00175,+0.1103,+0.0000,-4.412,+3.881,+3.820,+0.23238,-0.060,+5.810,+0.121,+3.881,-0.353,+9.458,2,+3.178,+3.163,+0.30544,-0.015,+7.636,+0.030,+3.178,-0.353,+10.491,2,-3.166,-3.708,-0.28916,-0.542,-7.229,+1.084,-3.166,-0.353,-9.664,0,-3.889,-4.277,-0.17519,-0.388,-4.380,+0.776,-3.889,-0.353,-7.847,2,-0.457,-0.545,+1.612,+0.828
DRV,723362,+3.3000,+0.0000,+3.6300,-0.0091,+0.8136,-0.0018,+6.090,-0.011,+0.00213,+0.0933,+0.0000,-3.733,+4.000,+4.093,+0.23667,+0.093,+5.917,-0.186,+4.000,-0.299,+9.432,2,+3.278,+3.685,+0.29477,+0.407,+7.369,-0.815,+3.278,-0.299,+9.533,2,-3.263,-3.117,-0.30881,+0.146,-7.720,-0.292,-3.263,-0.299,-11.574,2,-4.010,-4.351,-0.17129,-0.340,-4.282,+0.681,-4.010,-0.299,-7.911,2,-0.258,+0.568,+1.522,-2.040
DRV,723366,+3.3000,+0.0000,+3.6300,-0.0111,+0.8380,-0.0023,+6.090,-0.013,+0.00258,+0.1344,+0.0000,-5.375,+4.119,+4.757,+0.22937,+0.639,+5.734,-1.278,+4.119,-0.430,+8.145,2,+3.377,+3.904,+0.27969,+0.527,+6.992,-1.053,+3.377,-0.430,+8.886,2,-3.359,-3.512,-0.30672,-0.153,-7.668,+0.307,-3.359,-0.430,-11.150,2,-4.131,-4.363,-0.16775,-0.231,-4.194,+0.462,-4.131,-0.430,-8.293,2,+0.395,+0.391,-0.148,-2.264
DRV,723370,+3.3000,+0.0000,+3.6300,-0.0141,+0.8623,-0.0029,+6.090,-0.017,+0.00328,+0.1753,+0.0000,-7.012,+4.237,+4.571,+0.21929,+0.335,+5.482,-0.670,+4.237,-0.561,+8.488,2,+3.478,+3.544,+0.26982,+0.066,+6.746,-0.132,+3.478,-0.561,+9.530,2,-3.454,-3.735,-0.29667,-0.280,-7.417,+0.561,-3.454,-0.561,-10.871,2,-4.253,-4.824,-0.16113,-0.570,-4.028,+1.141,-4.253,-0.561,-7.701,2,-0.252,-0.191,+0.787,-1.341
DRV,723374,+3.3000,+0.0000,+3.6300,-0.0175,+0.8867,-0.0037,+6.090,-0.021,+0.00407,+0.2186,+0.0000,-8.744,+4.354,+4.294,+0.22253,-0.060,+5.563,+0.120,+4.354,-0.699,+9.338,2,+3.579,+3.357,+0.27131,-0.221,+6.783,+0.443,+3.579,-0.699,+10.104,2,-3.549,-3.605,-0.29094,-0.056,-7.273,+0.112,-3.549,-0.699,-11.410,2,-4.375,-5.033,-0.14722,-0.658,-3.680,+1.316,-4.375,-0.699,-7.439,2,-0.739,-0.247,+1.899,-1.306
DRV,723378,+3.3000,+0.0000,+3.6300,-0.0220,+0.9110,-0.0047,+6.089,-0.026,+0.00512,+0.2617,+0.0000,-10.470,+4.471,+4.391,+0.22794,-0.081,+5.698,+0.161,+4.471,-0.838,+9.493,2,+3.681,+4.138,+0.26385,+0.457,+6.596,-0.914,+3.681,-0.838,+8.526,2,-3.643,-3.602,-0.28909,+0.041,-7.227,-0.082,-3.643,-0.838,-11.790,2,-4.498,-4.878,-0.14023,-0.379,-3.506,+0.759,-4.498,-0.838,-8.082,2,-0.487,+0.536,+1.411,-3.264
DRV,723382,+3.3000,+0.0000,+3.6299,-0.0267,+0.9354,-0.0059,+6.089,-0.032,+0.00623,+0.2931,+0.0000,-11.726,+4.588,+4.653,+0.23283,+0.066,+5.821,-0.131,+4.588,-0.938,+9.339,2,+3.783,+4.079,+0.25090,+0.296,+6.273,-0.591,+3.783,-0.938,+8.526,2,-3.736,-3.814,-0.28423,-0.078,-7.106,+0.155,-3.736,-0.938,-11.624,2,-4.621,-4.812,-0.13709,-0.191,-3.427,+0.382,-4.621,-0.938,-8.605,2,-0.159,+0.265,+0.735,-3.098
DRV,723386,+3.3000,+0.0000,+3.6299,-0.0323,+0.9597,-0.0072,+6.089,-0.039,+0.00753,+0.3245,+0.0000,-12.978,+4.704,+4.497,+0.23757,-0.207,+5.939,+0.414,+4.704,-1.038,+10.018,2,+3.887,+3.683,+0.24899,-0.203,+6.225,+0.407,+3.887,-1.038,+9.480,0,-3.828,-3.896,-0.28102,-0.068,-7.025,+0.136,-3.828,-1.038,-11.756,2,-4.745,-4.840,-0.13975,-0.095,-3.494,+0.190,-4.745,-1.038,-9.087,0,-0.343,-0.213,+0.931,-2.276
DRV,723390,+3.3000,+0.0000,+3.6299,-0.0379,+0.9841,-0.0087,+6.088,-0.046,+0.00883,+0.3283,+0.0000,-13.133,+4.820,+4.293,+0.25405,-0.526,+6.351,+1.052,+4.820,-1.051,+11.172,0,+3.990,+4.122,+0.27307,+0.132,+6.827,-0.264,+3.990,-1.051,+9.502,0,-3.920,-4.134,-0.27236,-0.213,-6.809,+0.427,-3.920,-1.051,-11.354,0,-4.869,-5.255,-0.13632,-0.386,-3.408,+0.772,-4.869,-1.051,-8.556,0,-0.961,-0.011,+2.617,-1.851
DRV,723394,+3.3000,+0.0000,+3.6298,-0.0436,+1.0084,-0.0102,+6.088,-0.053,+0.01016,+0.3322,+0.0000,-13.287,+4.935,+4.552,+0.29346,-0.383,+7.337,+0.765,+4.935,-1.063,+11.974,2,+4.094,+4.675,+0.26448,+0.581,+6.612,-1.162,+4.094,-1.063,+8.481,2,-4.012,-3.960,-0.26907,+0.053,-6.727,-0.105,-4.012,-1.063,-11.907,0,-4.993,-4.872,-0.16669,+0.121,-4.167,-0.241,-4.993,-1.063,-10.465,2,-0.320,+0.715,+1.509,-3.426
DRV,723398,+3.3000,+0.0000,+3.6298,-0.0492,+1.0328,-0.0118,+6.087,-0.059,+0.01147,+0.3238,+0.0000,-12.952,+5.050,+5.230,+0.29004,+0.180,+7.251,-0.359,+5.050,-1.036,+10.906,2,+4.198,+4.195,+0.26157,-0.003,+6.539,+0.006,+4.198,-1.036,+9.707,2,-4.104,-4.312,-0.29225,-0.208,-7.306,+0.416,-4.104,-1.036,-12.030,2,-5.117,-5.235,-0.16336,-0.118,-4.084,+0.236,-5.117,-1.036,-10.002,2,-0.005,-0.116,+0.905,-2.323
DRV,723402,+3.3000,+0.0000,+3.6297,-0.0546,+1.0571,-0.0133,+6.087,-0.066,+0.01273,+0.3155,+0.0000,-12.618,+5.166,+5.646,+0.27457,+0.480,+6.864,-0.961,+5.166,-1.009,+10.060,2,+4.302,+4.070,+0.27049,-0.232,+6.762,+0.464,+4.302,-1.009,+10.519,2,-4.195,-4.454,-0.29012,-0.258,-7.253,+0.517,-4.195,-1.009,-11.941,2,-5.241,-5.958,-0.14705,-0.716,-3.676,+1.432,-5.241,-1.009,-8.495,2,-0.311,-0.383,+1.565,-1.422
DRV,723406,+3.3000,+0.0000,+3.6296,-0.0601,+1.0814,-0.0150,+6.086,-0.073,+0.01400,+0.3193,+0.0000,-12.774,+5.281,+5.314,+0.26544,+0.033,+6.636,-0.066,+5.281,-1.022,+10.829,2,+4.407,+4.868,+0.26898,+0.461,+6.725,-0.923,+4.407,-1.022,+9.186,2,-4.286,-4.377,-0.29066,-0.091,-7.266,+0.182,-4.286,-1.022,-12.393,2,-5.366,-6.350,-0.11890,-0.984,-2.973,+1.967,-5.366,-1.022,-7.393,2,-1.036,+0.491,+3.436,-3.206
DRV,723410,+3.3000,+0.0000,+3.6296,-0.0656,+1.1057,-0.0167,+6.085,-0.080,+0.01530,+0.3232,+0.0000,-12.929,+5.396,+5.825,+0.25498,+0.429,+6.375,-0.858,+5.396,-1.034,+9.878,2,+4.511,+4.811,+0.26244,+0.300,+6.561,-0.600,+4.511,-1.034,+9.438,2,-4.377,-4.943,-0.28582,-0.566,-7.145,+1.132,-4.377,-1.034,-11.425,2,-5.490,-6.528,-0.08814,-1.038,-2.203,+2.076,-5.490,-1.034,-6.652,2,-0.704,-0.132,+3.226,-1.987
DRV,723414,+3.3000,+0.0000,+3.6295,-0.0714,+1.1300,-0.0185,+6.084,-0.087,+0.01664,+0.3513,+0.0000,-14.052,+5.510,+5.841,+0.24088,+0.331,+6.022,-0.662,+5.510,-1.124,+9.746,2,+4.616,+4.514,+0.26696,-0.103,+6.674,+0.205,+4.616,-1.124,+10.372,2,-4.468,-4.952,-0.27635,-0.484,-6.909,+0.969,-4.468,-1.124,-11.532,2,-5.615,-6.345,-0.06166,-0.730,-1.541,+1.460,-5.615,-1.124,-6.821,2,-0.504,-0.438,+2.924,-1.160
DRV,723418,+3.3000,+0.0000,+3.6294,-0.0779,+1.1544,-0.0206,+6.083,-0.095,+0.01816,+0.3793,-0.0503,-17.183,+5.601,+5.728,+0.23012,+0.127,+5.753,-0.254,+5.601,-1.375,+9.726,2,+4.700,+5.264,+0.26351,+0.564,+6.588,-1.128,+4.700,-1.375,+8.784,2,-4.580,-5.024,-0.26980,-0.444,-6.745,+0.889,-4.580,-1.375,-11.811,2,-5.764,-6.189,-0.04361,-0.425,-1.090,+0.850,-5.764,-1.375,-7.379,2,-0.461,+0.240,+2.347,-3.026
DRV,723422,+3.3000,+0.0000,+3.6293,-0.0851,+1.1786,-0.0230,+6.081,-0.104,+0.01983,+0.4533,-0.1508,-24.165,+5.668,+5.132,+0.23218,-0.536,+5.805,+1.073,+5.668,-1.933,+10.612,0,+4.761,+5.285,+0.25277,+0.524,+6.319,-1.049,+4.761,-1.933,+8.099,0,-4.714,-5.758,-0.25243,-1.044,-6.311,+2.088,-4.714,-1.933,-10.869,2,-5.936,-6.142,-0.03293,-0.206,-0.823,+0.413,-5.936,-1.933,-8.280,2,-1.010,-0.473,+2.333,-2.771
DRV,723426,+3.3000,+0.0000,+3.6291,-0.0941,+1.2029,-0.0259,+6.079,-0.116,+0.02194,+0.5271,-0.2513,-31.137,+5.734,+5.063,+0.24663,-0.670,+6.166,+1.341,+5.734,-2.491,+10.749,0,+4.825,+4.946,+0.25091,+0.121,+6.273,-0.242,+4.825,-2.491,+8.364,0,-4.845,-5.862,-0.22995,-1.017,-5.749,+2.034,-4.845,-2.491,-11.051,2,-6.109,-6.422,-0.02163,-0.312,-0.541,+0.624,-6.109,-2.491,-8.517,0,-1.359,-0.916,+2.233,-2.687
DRV,723430,+3.3000,+0.0000,+3.6289,-0.1039,+1.2272,-0.0292,+6.077,-0.129,+0.02421,+0.6128,-0.3519,-38.585,+5.798,+5.481,+0.25274,-0.317,+6.318,+0.633,+5.798,-3.087,+9.663,0,+4.889,+4.685,+0.28403,-0.205,+7.101,+0.409,+4.889,-3.087,+9.312,2,-4.975,-5.349,-0.22033,-0.374,-5.508,+0.748,-4.975,-3.087,-12.822,0,-6.284,-6.976,-0.05037,-0.692,-1.259,+1.384,-6.284,-3.087,-9.246,0,-1.494,-0.664,+0.417,-3.510
DRV,723434,+3.3000,+0.0000,+3.6287,-0.1159,+1.2514,-0.0332,+6.073,-0.144,+0.02701,+0.6982,-0.4524,-46.023,+5.860,+5.432,+0.29570,-0.428,+7.392,+0.857,+5.860,-3.682,+10.427,2,+4.957,+4.971,+0.28278,+0.013,+7.070,-0.027,+4.957,-3.682,+8.318,2,-5.102,-5.075,-0.25073,+0.027,-6.268,-0.055,-5.102,-3.682,-15.107,2,-6.460,-6.804,-0.04441,-0.345,-1.110,+0.689,-6.460,-3.682,-10.563,2,-1.373,-0.104,-0.136,-6.789
DRV,723438,+3.3000,+0.0000,+3.6284,-0.1282,+1.2755,-0.0374,+6.070,-0.160,+0.02989,+0.7444,-0.5529,-51.894,+5.921,+5.455,+0.31527,-0.467,+7.882,+0.933,+5.921,-4.151,+10.585,2,+5.026,+4.821,+0.28019,-0.205,+7.005,+0.410,+5.026,-4.151,+8.289,2,-5.228,-5.299,-0.24634,-0.071,-6.159,+0.143,-5.228,-4.151,-15.395,2,-6.637,-6.816,-0.04404,-0.179,-1.101,+0.358,-6.637,-4.151,-11.531,2,-1.361,-0.478,-0.946,-7.107
DRV,723442,+3.3000,+0.0000,+3.6280,-0.1418,+1.2997,-0.0422,+6.065,-0.177,+0.03306,+0.7905,-1.2524,-81.718,+5.708,+6.027,+0.31875,+0.318,+7.969,-0.637,+5.708,-6.537,+6.503,2,+4.824,+4.288,+0.28858,-0.536,+7.215,+1.072,+4.824,-6.537,+6.573,2,-5.624,-5.647,-0.24121,-0.023,-6.030,+0.046,-5.624,-6.537,-18.146,2,-7.087,-6.968,-0.04936,+0.119,-1.234,-0.238,-7.087,-6.537,-15.097,2,-0.941,-1.359,-8.594,-11.573
DRV,723446,+3.3000,+0.0000,+3.6276,-0.1547,+1.3238,-0.0469,+6.060,-0.193,+0.03607,+0.7176,-1.3681,-83.429,+5.761,+5.189,+0.32589,-0.572,+8.147,+1.144,+5.761,-6.674,+8.378,2,+4.887,+4.107,+0.30131,-0.780,+7.533,+1.560,+4.887,-6.674,+7.305,2,-5.755,-6.359,-0.22627,-0.605,-5.657,+1.209,-5.755,-6.674,-16.876,2,-7.272,-7.178,-0.06071,+0.094,-1.518,-0.188,-7.272,-6.674,-15.652,2,-1.988,-2.252,-7.274,-9.571
DRV,723450,+3.3000,+0.0000,+3.6273,-0.1658,+1.3479,-0.0511,+6.056,-0.207,+0.03865,+0.6450,-1.4599,-84.193,+5.826,+4.983,+0.35494,-0.843,+8.873,+1.685,+5.826,-6.735,+9.650,2,+4.959,+3.618,+0.32846,-1.341,+8.211,+2.682,+4.959,-6.735,+9.117,2,-5.876,-6.449,-0.20483,-0.573,-5.121,+1.145,-5.876,-6.735,-16.587,2,-7.444,-9.137,-0.04347,-1.692,-1.087,+3.385,-7.444,-6.735,-11.881,2,-4.153,-2.831,-2.232,-7.470
DRV,723454,+3.3000,+0.0000,+3.6270,-0.1752,+1.3720,-0.0549,+6.052,-0.218,+0.04085,+0.4540,-1.5336,-79.504,+5.900,+6.054,+0.36312,+0.154,+9.078,-0.308,+5.900,-6.360,+8.310,2,+5.038,+4.245,+0.35177,-0.793,+8.794,+1.586,+5.038,-6.360,+9.058,2,-5.991,-7.076,-0.17906,-1.085,-4.477,+2.170,-5.991,-6.360,-14.658,2,-7.607,-10.346,+0.01022,-2.739,+0.256,+5.477,-7.607,-6.360,-8.235,2,-4.292,-2.831,+0.075,-5.601
DRV,723458,+3.3000,+0.0000,+3.6268,-0.1797,+1.3961,-0.0573,+6.050,-0.223,+0.04190,+0.2636,-1.5678,-73.255,+5.997,+5.613,+0.37287,-0.384,+9.322,+0.768,+5.997,-5.860,+10.226,2,+5.129,+4.545,+0.36428,-0.584,+9.107,+1.168,+5.129,-5.860,+9.543,2,-6.094,-7.322,-0.14328,-1.228,-3.582,+2.455,-6.094,-5.860,-13.081,2,-7.748,-10.190,+0.06642,-2.442,+1.660,+4.884,-7.748,-5.860,-7.064,2,-4.578,-2.777,+3.162,-3.538
DRV,723462,+3.3000,+0.0000,+3.6267,-0.1824,+1.4203,-0.0591,+6.049,-0.226,+0.04253,+0.0499,-1.5878,-65.508,+6.102,+6.268,+0.38017,+0.166,+9.504,-0.332,+6.102,-5.241,+10.034,2,+5.224,+4.914,+0.37146,-0.310,+9.287,+0.619,+5.224,-5.241,+9.889,0,-6.193,-7.860,-0.09853,-1.667,-2.463,+3.334,-6.193,-5.241,-10.563,2,-7.881,-9.853,+0.11188,-1.972,+2.797,+3.944,-7.881,-5.241,-6.381,0,-3.586,-2.946,+3.652,-0.674
DRV,723466,+3.3000,+0.0000,+3.6268,-0.1796,+1.4445,-0.0590,+6.050,-0.223,+0.04188,-0.1631,-1.5670,-56.157,+6.231,+6.655,+0.37641,+0.424,+9.410,-0.848,+6.231,-4.493,+10.300,0,+5.331,+5.552,+0.40429,+0.221,+10.107,-0.442,+5.331,-4.493,+10.503,2,-6.281,-7.772,-0.05067,-1.491,-1.267,+2.982,-6.281,-4.493,-9.058,0,-7.991,-9.396,+0.08622,-1.404,+2.156,+2.809,-7.991,-4.493,-7.519,0,-2.741,-2.221,+2.781,+1.445
DRV,723470,+3.3000,+0.0000,+3.6269,-0.1768,+1.4688,-0.0589,+6.051,-0.220,+0.04122,-0.1662,-1.5457,-55.181,+6.360,+6.932,+0.36900,+0.572,+9.225,-1.145,+6.360,-4.414,+10.025,0,+5.437,+5.948,+0.39915,+0.511,+9.979,-1.021,+5.437,-4.414,+9.980,2,-6.369,-6.586,-0.02880,-0.217,-0.720,+0.433,-6.369,-4.414,-11.071,0,-8.101,-8.409,+0.10613,-0.308,+2.653,+0.617,-8.101,-4.414,-9.245,0,-1.477,-0.638,+0.780,-1.090
DRV,723474,+3.3000,+0.0000,+3.6270,-0.1739,+1.4930,-0.0588,+6.052,-0.217,+0.04054,-0.1693,-1.5235,-54.168,+6.490,+6.649,+0.40243,+0.159,+10.061,-0.318,+6.490,-4.333,+11.899,2,+5.545,+6.162,+0.38759,+0.618,+9.690,-1.235,+5.545,-4.333,+9.665,2,-6.457,-6.748,-0.06513,-0.291,-1.628,+0.582,-6.457,-4.333,-11.837,2,-8.210,-8.368,+0.11908,-0.159,+2.977,+0.317,-8.210,-4.333,-9.249,2,-1.719,-0.586,+2.650,-2.172
DRV,723478,+3.3000,+0.0000,+3.6271,-0.1719,+1.5173,-0.0590,+6.053,-0.216,+0.04008,-0.0642,-1.5081,-57.756,+6.615,+6.750,+0.39458,+0.135,+9.865,-0.269,+6.615,-4.620,+11.590,2,+5.650,+5.714,+0.38512,+0.064,+9.628,-0.129,+5.650,-4.620,+10.528,2,-6.547,-6.442,-0.07072,+0.105,-1.768,-0.211,-6.547,-4.620,-13.146,2,-8.322,-7.833,+0.12082,+0.489,+3.020,-0.978,-8.322,-4.620,-10.900,2,-1.083,-0.728,+0.690,-2.618
DRV,723482,+3.3000,+0.0000,+3.6271,-0.1726,+1.5415,-0.0601,+6.052,-0.218,+0.04024,+0.0407,-1.5135,-62.167,+6.729,+6.604,+0.38965,-0.125,+9.741,+0.250,+6.729,-4.973,+11.746,2,+5.749,+6.068,+0.38632,+0.319,+9.658,-0.638,+5.749,-4.973,+9.796,2,-6.642,-5.937,-0.08787,+0.706,-2.197,-1.411,-6.642,-4.973,-15.224,2,-8.447,-6.877,+0.09799,+1.570,+2.450,-3.140,-8.447,-4.973,-14.111,2,-0.273,+0.131,-2.365,-5.428
DRV,723486,+3.3000,+0.0000,+3.6270,-0.1739,+1.5657,-0.0615,+6.051,-0.221,+0.04055,+0.1132,-1.5237,-65.476,+6.840,+6.309,+0.39443,-0.531,+9.861,+1.062,+6.840,-5.238,+12.524,2,+5.847,+6.053,+0.38424,+0.206,+9.606,-0.413,+5.847,-5.238,+9.802,2,-6.739,-6.375,-0.10705,+0.364,-2.676,-0.728,-6.739,-5.238,-15.381,2,-8.575,-6.680,+0.05473,+1.895,+1.368,-3.789,-8.575,-5.238,-16.234,2,-0.371,-0.321,-3.710,-5.579
DRV,723490,+3.3000,+0.0000,+3.6269,-0.1771,+1.5898,-0.0635,+6.049,-0.227,+0.04129,+0.1856,-1.5480,-69.342,+6.941,+6.662,+0.39989,-0.279,+9.997,+0.558,+6.941,-5.547,+11.949,2,+5.941,+5.704,+0.39146,-0.237,+9.786,+0.475,+5.941,-5.547,+10.655,2,-6.838,-6.858,-0.11377,-0.020,-2.844,+0.040,-6.838,-5.547,-15.190,2,-8.710,-7.679,+0.02650,+1.031,+0.662,-2.062,-8.710,-5.547,-15.657,2,-1.017,-1.154,-3.708,-4.535
DRV,723494,+3.3000,+0.0000,+3.6268,-0.1796,+1.6140,-0.0654,+6.048,-0.230,+0.04187,+0.1046,-1.5667,-66.851,+7.047,+6.994,+0.39836,-0.052,+9.959,+0.105,+7.047,-5.348,+11.762,2,+6.037,+5.887,+0.40260,-0.150,+10.065,+0.300,+6.037,-5.348,+11.055,2,-6.937,-7.222,-0.11262,-0.285,-2.816,+0.570,-6.937,-5.348,-14.530,2,-8.843,-8.853,+0.02404,-0.010,+0.601,+0.021,-8.843,-5.348,-13.569,2,-1.859,-1.335,-1.807,-3.475
DRV,723498,+3.3000,+0.0000,+3.6268,-0.1800,+1.6381,-0.0665,+6.047,-0.231,+0.04196,+0.0239,-1.5697,-63.744,+7.161,+6.989,+0.39431,-0.173,+9.858,+0.345,+7.161,-5.100,+12.265,2,+6.137,+6.393,+0.40321,+0.256,+10.080,-0.511,+6.137,-5.100,+10.607,0,-7.031,-7.664,-0.10580,-0.633,-2.645,+1.266,-7.031,-5.100,-13.510,2,-8.967,-9.433,+0.03838,-0.466,+0.960,+0.932,-8.967,-5.100,-12.174,0,-2.444,-1.271,+0.091,-2.903
DRV,723502,+3.3000,+0.0000,+3.6268,-0.1796,+1.6623,-0.0672,+6.047,-0.231,+0.04188,-0.0664,-1.5670,-60.025,+7.279,+7.129,+0.39395,-0.150,+9.849,+0.300,+7.279,-4.802,+12.626,0,+6.239,+6.130,+0.44240,-0.109,+11.060,+0.218,+6.239,-4.802,+12.715,0,-7.124,-8.053,-0.09098,-0.930,-2.275,+1.859,-7.124,-4.802,-12.341,0,-9.087,-10.050,+0.06501,-0.963,+1.625,+1.926,-9.087,-4.802,-10.337,0,-2.921,-1.923,+2.289,+0.373
DRV,723506,+3.3000,+0.0000,+3.6269,-0.1769,+1.6866,-0.0671,+6.048,-0.228,+0.04125,-0.1564,-1.5468,-55.618,+7.408,+7.940,+0.43436,+0.532,+10.859,-1.064,+7.408,-4.449,+12.753,0,+6.345,+6.759,+0.43476,+0.414,+10.869,-0.828,+6.345,-4.449,+11.937,2,-7.212,-8.482,-0.06575,-1.270,-1.644,+2.540,-7.212,-4.449,-10.766,0,-9.196,-10.870,+0.03475,-1.673,+0.869,+3.346,-9.196,-4.449,-9.431,2,-2.929,-1.723,+3.323,+1.171
DRV,723510,+3.3000,+0.0000,+3.6270,-0.1745,+1.7108,-0.0670,+6.049,-0.226,+0.04068,-0.1302,-1.5281,-55.914,+7.536,+8.667,+0.41779,+1.130,+10.445,-2.261,+7.536,-4.473,+11.247,2,+6.451,+7.664,+0.40256,+1.213,+10.064,-2.427,+6.451,-4.473,+9.615,2,-7.302,-7.490,-0.10182,-0.188,-2.545,+0.376,-7.302,-4.473,-13.944,2,-9.307,-10.776,+0.06463,-1.469,+1.616,+2.937,-9.307,-4.473,-9.227,2,-2.109,+0.175,+2.020,-4.329
DRV,723514,+3.3000,+0.0000,+3.6271,-0.1727,+1.7350,-0.0672,+6.050,-0.225,+0.04026,-0.1042,-1.5143,-56.405,+7.661,+8.159,+0.40361,+0.498,+10.090,-0.996,+7.661,-4.512,+12.243,2,+6.555,+6.711,+0.38103,+0.156,+9.526,-0.312,+6.555,-4.512,+11.257,2,-7.392,-7.910,-0.08646,-0.518,-2.162,+1.036,-7.392,-4.512,-13.030,2,-9.420,-10.710,+0.08936,-1.290,+2.234,+2.580,-9.420,-4.512,-9.119,2,-2.551,-1.199,+3.124,-1.773
DRV,723518,+3.3000,+0.0000,+3.6271,-0.1718,+1.7592,-0.0678,+6.049,-0.225,+0.04006,+0.0000,-1.5074,-60.297,+7.782,+8.098,+0.40250,+0.316,+10.062,-0.631,+7.782,-4.824,+12.389,2,+6.658,+6.237,+0.38282,-0.421,+9.571,+0.842,+6.658,-4.824,+12.247,2,-7.484,-7.615,-0.06994,-0.131,-1.749,+0.261,-7.484,-4.824,-13.795,2,-9.538,-10.463,+0.10697,-0.925,+2.674,+1.850,-9.538,-4.824,-9.837,2,-2.366,-1.378,+2.552,-1.548
DRV,723522,+3.3000,+0.0000,+3.6270,-0.1736,+1.7834,-0.0694,+6.048,-0.229,+0.04047,+0.1040,-1.5212,-65.006,+7.890,+8.610,+0.39379,+0.720,+9.845,-1.440,+7.890,-5.200,+11.095,2,+6.755,+6.175,+0.39054,-0.581,+9.763,+1.161,+6.755,-5.200,+12.480,2,-7.581,-7.006,-0.07271,+0.575,-1.818,-1.149,-7.581,-5.200,-15.748,2,-9.668,-10.172,+0.11561,-0.504,+2.890,+1.008,-9.668,-5.200,-10.970,2,-1.562,-0.832,+0.124,-3.269
DRV,723526,+3.3000,+0.0000,+3.6269,-0.1784,+1.8075,-0.0724,+6.045,-0.238,+0.04159,+0.3372,-1.5576,-75.794,+7.984,+7.959,+0.39408,-0.024,+9.852,+0.049,+7.984,-6.064,+11.821,2,+6.847,+5.942,+0.40674,-0.906,+10.169,+1.811,+6.847,-6.064,+12.763,2,-7.682,-7.106,-0.08374,+0.577,-2.094,-1.153,-7.682,-6.064,-16.993,2,-9.812,-9.945,+0.11424,-0.133,+2.856,+0.267,-9.812,-6.064,-12.752,2,-1.986,-1.164,-0.932,-4.229
DRV,723530,+3.3000,+0.0000,+3.6267,-0.1841,+1.8316,-0.0758,+6.041,-0.247,+0.04293,+0.3366,-1.6005,-77.482,+8.073,+7.779,+0.40581,-0.294,+10.145,+0.589,+8.073,-6.199,+12.608,2,+6.938,+6.480,+0.41795,-0.458,+10.449,+0.916,+6.938,-6.199,+12.105,2,-7.785,-7.590,-0.08662,+0.195,-2.166,-0.389,-7.785,-6.199,-16.538,2,-9.959,-9.763,+0.10378,+0.196,+2.595,-0.392,-9.959,-6.199,-13.955,2,-1.985,-1.110,-1.347,-4.433
DRV,723534,+3.3000,+0.0000,+3.6264,-0.1909,+1.8556,-0.0797,+6.037,-0.257,+0.04450,+0.4114,-1.6491,-82.420,+8.158,+7.894,+0.41780,-0.264,+10.445,+0.529,+8.158,-6.594,+12.538,2,+7.029,+7.200,+0.41378,+0.171,+10.345,-0.342,+7.029,-6.594,+10.437,0,-7.888,-7.657,-0.08364,+0.231,-2.091,-0.462,-7.888,-6.594,-17.034,2,-10.111,-9.411,+0.08610,+0.699,+2.153,-1.399,-10.111,-6.594,-15.951,0,-1.518,-0.457,-3.412,-6.597
DRV,723538,+3.3000,+0.0000,+3.6261,-0.1979,+1.8796,-0.0838,+6.033,-0.268,+0.04615,+0.4106,-1.6984,-84.361,+8.242,+7.905,+0.43229,-0.337,+10.807,+0.674,+8.242,-6.749,+12.974,0,+7.119,+7.816,+0.44794,+0.697,+11.198,-1.394,+7.119,-6.749,+10.174,2,-7.990,-7.972,-0.07903,+0.018,-1.976,-0.037,-7.990,-6.749,-16.752,0,-10.263,-9.848,+0.06037,+0.415,+1.509,-0.831,-10.263,-6.749,-16.333,0,-1.943,-0.155,-3.359,-6.577
DRV,723542,+3.3000,+0.0000,+3.6259,-0.2032,+1.9036,-0.0872,+6.030,-0.275,+0.04738,+0.2741,-1.7345,-80.348,+8.334,+8.101,+0.44595,-0.234,+11.149,+0.467,+8.334,-6.428,+13.522,0,+7.213,+7.800,+0.43803,+0.587,+10.951,-1.174,+7.213,-6.428,+10.562,2,-8.089,-8.643,-0.06389,-0.553,-1.597,+1.107,-8.089,-6.428,-15.008,0,-10.407,-9.966,-0.01124,+0.441,-0.281,-0.882,-10.407,-6.428,-17.998,0,-1.866,-0.843,-4.476,-4.446
DRV,723546,+3.3000,+0.0000,+3.6257,-0.2079,+1.9276,-0.0904,+6.026,-0.282,+0.04848,+0.2736,-1.7660,-81.583,+8.429,+8.142,+0.50303,-0.287,+12.576,+0.574,+8.429,-6.527,+15.052,0,+7.308,+7.957,+0.42897,+0.648,+10.724,-1.297,+7.308,-6.527,+10.209,2,-8.187,-8.769,-0.04211,-0.582,-1.053,+1.163,-8.187,-6.527,-14.603,0,-10.549,-10.569,-0.00894,-0.020,-0.223,+0.039,-10.549,-6.527,-17.260,2,-2.427,-0.813,-2.208,-4.394
DRV,723550,+3.3000,+0.0000,+3.6257,-0.2086,+1.9517,-0.0919,+6.027,-0.281,+0.04864,-0.0375,-1.7706,-69.321,+8.541,+8.972,+0.49270,+0.431,+12.317,-0.862,+8.541,-5.546,+14.451,2,+7.409,+7.952,+0.42009,+0.543,+10.502,-1.086,+7.409,-5.546,+11.279,2,-8.280,-9.201,-0.08167,-0.920,-2.042,+1.840,-8.280,-5.546,-14.028,2,-10.674,-12.224,+0.02565,-1.550,+0.641,+3.100,-10.674,-5.546,-12.478,2,-3.252,-1.249,+1.973,-2.749
DRV,723554,+3.3000,+0.0000,+3.6257,-0.2079,+1.9758,-0.0927,+6.026,-0.282,+0.04849,-0.0375,-1.7663,-69.153,+8.660,+9.272,+0.46876,+0.612,+11.719,-1.224,+8.660,-5.532,+13.622,2,+7.511,+7.634,+0.41915,+0.123,+10.479,-0.246,+7.511,-5.532,+12.212,2,-8.372,-9.078,-0.06678,-0.705,-1.669,+1.411,-8.372,-5.532,-14.163,2,-10.793,-12.784,+0.08496,-1.992,+2.124,+3.983,-10.793,-5.532,-10.218,2,-3.513,-1.444,+3.404,-1.951
DRV,723558,+3.3000,+0.0000,+3.6258,-0.2053,+2.0000,-0.0926,+6.028,-0.278,+0.04788,-0.1900,-1.7489,-62.356,+8.787,+8.965,+0.45637,+0.179,+11.409,-0.357,+8.787,-4.988,+14.850,2,+7.616,+7.430,+0.42810,-0.185,+10.703,+0.371,+7.616,-4.988,+13.701,2,-8.462,-8.523,-0.06604,-0.062,-1.651,+0.124,-8.462,-4.988,-14.978,2,-10.904,-12.443,+0.13872,-1.539,+3.468,+3.079,-10.904,-4.988,-9.345,2,-3.478,-1.093,+5.505,-1.277
DRV,723562,+3.3000,+0.0000,+3.6260,-0.2021,+2.0242,-0.0922,+6.029,-0.275,+0.04712,-0.1897,-1.7270,-61.493,+8.917,+9.573,+0.43729,+0.656,+10.932,-1.312,+8.917,-4.919,+13.618,2,+7.721,+7.943,+0.43473,+0.222,+10.868,-0.444,+7.721,-4.919,+13.226,2,-8.551,-8.567,-0.07444,-0.017,-1.861,+0.034,-8.551,-4.919,-15.297,2,-11.012,-12.059,+0.17942,-1.047,+4.485,+2.094,-11.012,-4.919,-9.351,2,-2.486,-0.624,+4.266,-2.072
DRV,723566,+3.3000,+0.0000,+3.6260,-0.2011,+2.0483,-0.0928,+6.029,-0.277,+0.04689,-0.0148,-1.7201,-68.213,+9.037,+9.756,+0.40981,+0.719,+10.245,-1.438,+9.037,-5.457,+12.387,2,+7.824,+8.151,+0.43053,+0.327,+10.763,-0.655,+7.824,-5.457,+12.475,2,-8.642,-9.038,-0.07438,-0.396,-1.859,+0.792,-8.642,-5.457,-15.166,2,-11.129,-11.713,+0.20804,-0.584,+5.201,+1.168,-11.129,-5.457,-10.217,2,-1.957,-0.887,+2.170,-2.691
DRV,723570,+3.3000,+0.0000,+3.6260,-0.2008,+2.0725,-0.0938,+6.028,-0.278,+0.04683,-0.0148,-1.7184,-68.145,+9.154,+9.342,+0.39254,+0.188,+9.814,-0.376,+9.154,-5.452,+13.140,2,+7.925,+7.707,+0.43925,-0.218,+10.981,+0.437,+7.925,-5.452,+13.892,0,-8.734,-9.326,-0.07126,-0.592,-1.782,+1.185,-8.734,-5.452,-14.783,2,-11.250,-11.392,+0.22519,-0.142,+5.630,+0.284,-11.250,-5.452,-10.787,2,-2.050,-1.619,+2.353,-0.891
DRV,723574,+3.3000,+0.0000,+3.6259,-0.2034,+2.0965,-0.0962,+6.025,-0.285,+0.04742,+0.2022,-1.7356,-77.514,+9.258,+8.818,+0.38988,-0.440,+9.747,+0.880,+9.258,-6.201,+13.683,0,+8.024,+9.059,+0.43282,+1.036,+10.821,-2.071,+8.024,-6.201,+10.572,0,-8.829,-10.153,-0.05211,-1.324,-1.303,+2.647,-8.829,-6.201,-13.685,2,-11.383,-11.323,+0.23450,+0.060,+5.862,-0.120,-11.383,-6.201,-11.841,0,-2.505,-1.093,+1.842,-3.114
DRV,723578,+3.3000,+0.0000,+3.6258,-0.2068,+2.1205,-0.0990,+6.022,-0.291,+0.04823,+0.2018,-1.7589,-78.428,+9.357,+8.797,+0.39701,-0.560,+9.925,+1.120,+9.357,-6.274,+14.128,0,+8.121,+8.279,+0.47333,+0.158,+11.833,-0.316,+8.121,-6.274,+13.364,2,-8.925,-10.205,-0.02347,-1.280,-0.587,+2.560,-8.925,-6.274,-13.225,0,-11.520,-11.217,+0.16788,+0.303,+4.197,-0.606,-11.520,-6.274,-14.203,0,-2.419,-1.925,-0.075,+0.138
DRV,723582,+3.3000,+0.0000,+3.6255,-0.2129,+2.1444,-0.1033,+6.016,-0.304,+0.04965,+0.4067,-1.7991,-88.230,+9.445,+9.325,+0.46128,-0.120,+11.532,+0.239,+9.445,-7.058,+14.158,2,+8.216,+8.144,+0.46945,-0.072,+11.736,+0.144,+8.216,-7.058,+13.038,2,-9.022,-9.082,-0.07242,-0.060,-1.811,+0.120,-9.022,-7.058,-17.771,0,-11.668,-12.081,+0.16744,-0.413,+4.186,+0.826,-11.668,-7.058,-13.714,2,-2.756,-0.938,+0.443,-4.733
DRV,723586,+3.3000,+0.0000,+3.6252,-0.2199,+2.1683,-0.1080,+6.011,-0.315,+0.05127,+0.4059,-1.8439,-89.991,+9.528,+9.129,+0.47627,-0.399,+11.907,+0.799,+9.528,-7.199,+15.034,2,+8.311,+8.924,+0.45146,+0.613,+11.287,-1.226,+8.311,-7.199,+11.172,2,-9.119,-9.138,-0.06631,-0.018,-1.658,+0.036,-9.119,-7.199,-17.940,2,-11.819,-11.889,+0.16549,-0.069,+4.137,+0.139,-11.819,-7.199,-14.743,2,-2.759,-0.214,+0.292,-6.768
DRV,723590,+3.3000,+0.0000,+3.6248,-0.2296,+2.1921,-0.1142,+6.002,-0.332,+0.05354,+0.6199,-1.9046,-100.983,+9.600,+9.601,+0.48931,+0.001,+12.233,-0.001,+9.600,-8.079,+13.753,2,+8.404,+8.541,+0.43467,+0.137,+10.867,-0.275,+8.404,-8.079,+10.917,2,-9.218,-9.650,-0.05229,-0.433,-1.307,+0.865,-9.218,-8.079,-17.738,2,-11.982,-10.840,+0.13961,+1.142,+3.490,-2.283,-11.982,-8.079,-18.853,2,-1.239,-1.109,-5.100,-6.821
DRV,723594,+3.3000,+0.0000,+3.6243,-0.2402,+2.2158,-0.1211,+5.993,-0.349,+0.05601,+0.6187,-1.9689,-103.504,+9.668,+9.763,+0.49410,+0.095,+12.352,-0.190,+9.668,-8.280,+13.550,2,+8.497,+7.761,+0.43748,-0.737,+10.937,+1.473,+8.497,-8.280,+12.627,2,-9.315,-9.161,-0.04495,+0.154,-1.124,-0.308,-9.315,-8.280,-19.027,2,-12.147,-10.382,+0.08694,+1.765,+2.173,-3.530,-12.147,-8.280,-21.784,2,-0.619,-1.400,-8.233,-6.400
DRV,723598,+3.3000,+0.0000,+3.6239,-0.2493,+2.2395,-0.1273,+5.985,-0.362,+0.05816,+0.5074,-2.0228,-101.208,+9.742,+9.668,+0.50300,-0.075,+12.575,+0.149,+9.742,-8.097,+14.370,2,+8.593,+7.553,+0.45571,-1.040,+11.393,+2.079,+8.593,-8.097,+13.968,2,-9.409,-9.334,-0.04153,+0.076,-1.038,-0.152,-9.409,-8.097,-18.696,2,-12.305,-12.017,+0.05477,+0.289,+1.369,-0.577,-12.305,-8.097,-19.610,2,-2.349,-1.781,-5.240,-4.728
DRV,723602,+3.3000,+0.0000,+3.6234,-0.2580,+2.2631,-0.1333,+5.977,-0.376,+0.06018,+0.5064,-2.0726,-103.157,+9.819,+10.085,+0.50654,+0.266,+12.664,-0.531,+9.819,-8.253,+13.699,2,+8.689,+7.677,+0.47560,-1.013,+11.890,+2.025,+8.689,-8.253,+14.352,2,-9.503,-9.801,-0.02935,-0.298,-0.734,+0.596,-9.503,-8.253,-17.893,2,-12.462,-14.138,+0.06777,-1.677,+1.694,+3.353,-12.462,-8.253,-15.667,2,-4.054,-2.124,-1.968,-3.540
DRV,723606,+3.3000,+0.0000,+3.6233,-0.2613,+2.2869,-0.1365,+5.976,-0.377,+0.06094,+0.0847,-2.0909,-87.023,+9.919,+10.292,+0.50818,+0.373,+12.704,-0.747,+9.919,-6.962,+14.915,2,+8.790,+8.054,+0.49147,-0.736,+12.287,+1.472,+8.790,-6.962,+15.586,2,-9.594,-9.766,-0.01871,-0.172,-0.468,+0.345,-9.594,-6.962,-16.679,2,-12.596,-14.910,+0.11018,-2.313,+2.755,+4.627,-12.596,-6.962,-12.177,2,-4.618,-1.712,+2.738,-1.092
DRV,723610,+3.3000,+0.0000,+3.6232,-0.2627,+2.3108,-0.1388,+5.974,-0.382,+0.06128,+0.0845,-2.0990,-87.341,+10.026,+11.338,+0.49410,+1.312,+12.352,-2.625,+10.026,-6.987,+12.766,2,+8.891,+9.160,+0.48917,+0.269,+12.229,-0.538,+8.891,-6.987,+13.595,0,-9.684,-10.286,+0.00270,-0.602,+0.068,+1.204,-9.684,-6.987,-15.399,2,-12.724,-14.720,+0.15284,-1.996,+3.821,+3.992,-12.724,-6.987,-11.898,0,-3.382,-1.126,+0.868,-1.804
DRV,723614,+3.3000,+0.0000,+3.6232,-0.2627,+2.3347,-0.1404,+5.973,-0.382,+0.06128,-0.0268,-2.0991,-82.892,+10.139,+11.172,+0.47016,+1.033,+11.754,-2.065,+10.139,-6.631,+13.196,0,+8.993,+10.258,+0.52712,+1.264,+13.178,-2.529,+8.993,-6.631,+13.011,0,-9.774,-10.284,+0.02185,-0.510,+0.546,+1.021,-9.774,-6.631,-14.838,0,-12.846,-14.423,+0.18356,-1.577,+4.589,+3.154,-12.846,-6.631,-11.735,0,-3.251,-0.027,+1.462,-1.827
DRV,723618,+3.3000,+0.0000,+3.6232,-0.2623,+2.3586,-0.1416,+5.972,-0.384,+0.06118,-0.0268,-2.0966,-82.791,+10.254,+10.186,+0.53003,-0.068,+13.251,+0.136,+10.254,-6.623,+17.018,0,+9.096,+9.538,+0.51577,+0.442,+12.894,-0.884,+9.096,-6.623,+14.482,2,-9.864,-10.880,-0.02185,-1.016,-0.546,+2.033,-9.864,-6.623,-15.001,0,-12.966,-13.357,+0.11692,-0.391,+2.923,+0.782,-12.966,-6.623,-15.884,2,-3.171,-1.342,+1.133,-0.518
DRV,723622,+3.3000,+0.0000,+3.6232,-0.2631,+2.3824,-0.1437,+5.969,-0.389,+0.06137,+0.0743,-2.1013,-87.023,+10.364,+10.874,+0.51793,+0.510,+12.948,-1.021,+10.364,-6.962,+15.329,2,+9.197,+9.638,+0.51580,+0.441,+12.895,-0.882,+9.197,-6.962,+14.249,2,-9.954,-11.034,-0.00491,-1.080,-0.123,+2.161,-9.954,-6.962,-14.878,2,-13.091,-13.866,+0.14113,-0.775,+3.528,+1.549,-13.091,-6.962,-14.976,2,-2.992,-1.396,+0.353,-0.629
DRV,723626,+3.3000,+0.0000,+3.6231,-0.2644,+2.4062,-0.1459,+5.966,-0.393,+0.06167,+0.0742,-2.1084,-87.301,+10.471,+11.294,+0.48551,+0.822,+12.138,-1.645,+10.471,-6.984,+13.980,2,+9.299,+9.910,+0.50957,+0.611,+12.739,-1.222,+9.299,-6.984,+13.833,2,-10.043,-10.709,+0.00785,-0.666,+0.196,+1.332,-10.043,-6.984,-15.500,2,-13.218,-14.193,+0.17634,-0.974,+4.408,+1.948,-13.218,-6.984,-13.846,2,-2.899,-0.799,+0.135,-1.667
DRV,723630,+3.3000,+0.0000,+3.6229,-0.2678,+2.4300,-0.1494,+5.960,-0.403,+0.06246,+0.2384,-2.1271,-94.618,+10.570,+10.245,+0.47367,-0.325,+11.842,+0.650,+10.570,-7.569,+15.492,2,+9.400,+9.563,+0.50857,+0.163,+12.714,-0.327,+9.400,-7.569,+14.218,2,-10.133,-10.132,+0.00646,+0.001,+0.162,-0.003,-10.133,-7.569,-17.544,2,-13.354,-13.791,+0.20438,-0.437,+5.110,+0.874,-13.354,-7.569,-14.940,2,-3.546,-0.568,+0.552,-3.326
DRV,723634,+3.3000,+0.0000,+3.6227,-0.2719,+2.4536,-0.1534,+5.954,-0.412,+0.06341,+0.2379,-2.1495,-95.494,+10.665,+10.132,+0.47918,-0.533,+11.980,+1.065,+10.665,-7.640,+16.070,2,+9.501,+9.529,+0.51624,+0.028,+12.906,-0.056,+9.501,-7.640,+14.711,2,-10.223,-10.453,+0.00014,-0.230,+0.004,+0.460,-10.223,-7.640,-17.399,2,-13.492,-12.636,+0.20432,+0.856,+5.108,-1.712,-13.492,-7.640,-17.735,2,-2.503,-0.924,-1.665,-2.687
DRV,723638,+3.3000,+0.0000,+3.6223,-0.2785,+2.4772,-0.1589,+5.944,-0.428,+0.06497,+0.4395,-2.1856,-105.003,+10.749,+10.251,+0.48382,-0.498,+12.096,+0.996,+10.749,-8.400,+15.440,2,+9.601,+9.989,+0.51723,+0.387,+12.931,-0.775,+9.601,-8.400,+13.357,2,-10.312,-10.587,+0.00117,-0.275,+0.029,+0.550,-10.312,-8.400,-18.132,2,-13.640,-11.564,+0.17080,+2.076,+4.270,-4.152,-13.640,-8.400,-21.922,2,-1.313,-0.598,-6.482,-4.775
DRV,723642,+3.3000,+0.0000,+3.6219,-0.2860,+2.5007,-0.1650,+5.934,-0.442,+0.06672,+0.4386,-2.2256,-106.568,+10.829,+10.332,+0.48664,-0.496,+12.166,+0.993,+10.829,-8.525,+15.462,2,+9.702,+10.085,+0.51462,+0.383,+12.865,-0.765,+9.702,-8.525,+13.277,2,-10.399,-10.292,-0.00769,+0.108,-0.192,-0.216,-10.399,-8.525,-19.333,2,-13.791,-12.075,+0.12927,+1.716,+3.232,-3.432,-13.791,-8.525,-22.516,2,-1.743,-0.207,-7.054,-6.056
DRV,723646,+3.3000,+0.0000,+3.6215,-0.2930,+2.5241,-0.1709,+5.925,-0.454,+0.06834,+0.3931,-2.2618,-106.196,+10.911,+10.128,+0.49457,-0.782,+12.364,+1.565,+10.911,-8.496,+16.344,2,+9.803,+9.310,+0.52681,-0.493,+13.170,+0.986,+9.803,-8.496,+15.464,0,-10.487,-11.071,-0.00800,-0.585,-0.200,+1.169,-10.487,-8.496,-18.013,2,-13.939,-13.126,+0.11121,+0.813,+2.780,-1.626,-13.939,-8.496,-21.280,0,-2.998,-1.761,-4.936,-2.549
DRV,723650,+3.3000,+0.0000,+3.6211,-0.2997,+2.5475,-0.1767,+5.915,-0.468,+0.06991,+0.3923,-2.2964,-107.549,+10.994,+10.714,+0.49921,-0.280,+12.480,+0.560,+10.994,-8.604,+15.430,0,+9.905,+8.924,+0.60484,-0.981,+15.000,+1.962,+9.905,-8.604,+18.263,2,-10.573,-11.096,-0.00330,-0.523,-0.082,+1.045,-10.573,-8.604,-18.214,0,-14.087,-14.690,+0.12588,-0.604,+3.147,+1.207,-14.087,-8.604,-18.337,0,-3.977,-2.172,-2.906,+0.049
DRV,723654,+3.3000,+0.0000,+3.6210,-0.3019,+2.5711,-0.1799,+5.915,-0.468,+0.07044,+0.0442,-2.3079,-94.085,+11.095,+11.981,+0.55966,+0.886,+13.991,-1.771,+11.095,-7.527,+15.789,0,+10.008,+9.576,+0.61526,-0.432,+15.000,+0.863,+10.008,-7.527,+18.344,2,-10.660,-11.595,+0.00814,-0.935,+0.204,+1.870,-10.660,-7.527,-16.114,0,-14.217,-16.576,+0.07116,-2.359,+1.779,+4.718,-14.217,-7.527,-15.246,2,-4.595,-2.019,+0.542,+2.230
DRV,723658,+3.3000,+0.0000,+3.6210,-0.3027,+2.5947,-0.1823,+5.912,-0.472,+0.07061,+0.0441,-2.3117,-94.235,+11.203,+12.704,+0.53912,+1.501,+13.478,-3.001,+11.203,-7.539,+14.141,2,+10.110,+10.579,+0.60218,+0.469,+15.000,-0.938,+10.110,-7.539,+16.633,2,-10.747,-10.684,-0.05394,+0.063,-1.349,-0.126,-10.747,-7.539,-19.760,2,-14.342,-16.536,+0.11724,-2.194,+2.931,+4.388,-14.342,-7.539,-14.562,2,-3.832,-0.105,-0.421,-3.127
DRV,723662,+3.3000,+0.0000,+3.6210,-0.3026,+2.6183,-0.1841,+5.910,-0.474,+0.07060,-0.0203,-2.3114,-91.643,+11.315,+13.178,+0.50562,+1.863,+12.641,-3.727,+11.315,-7.331,+12.897,2,+10.213,+10.767,+0.57863,+0.554,+14.466,-1.108,+10.213,-7.331,+16.239,2,-10.835,-11.385,-0.04114,-0.551,-1.028,+1.101,-10.835,-7.331,-18.093,2,-14.463,-16.167,+0.15065,-1.703,+3.766,+3.407,-14.463,-7.331,-14.621,2,-2.989,-0.618,-1.725,-1.854
DRV,723666,+3.3000,+0.0000,+3.6210,-0.3023,+2.6420,-0.1858,+5.908,-0.477,+0.07051,-0.0203,-2.3096,-91.574,+11.427,+12.671,+0.47802,+1.244,+11.950,-2.487,+11.427,-7.326,+13.564,2,+10.315,+10.841,+0.55805,+0.525,+13.951,-1.051,+10.315,-7.326,+15.890,2,-10.922,-12.565,+0.00168,-1.643,+0.042,+3.285,-10.922,-7.326,-14.921,2,-14.584,-16.038,+0.17644,-1.455,+4.411,+2.909,-14.584,-7.326,-14.589,2,-3.368,-1.724,-1.025,+0.969
DRV,723670,+3.3000,+0.0000,+3.6209,-0.3037,+2.6655,-0.1887,+5.901,-0.486,+0.07085,+0.1202,-2.3170,-97.488,+11.531,+12.076,+0.46921,+0.544,+11.730,-1.089,+11.531,-7.799,+14.374,2,+10.418,+11.386,+0.52855,+0.968,+13.214,-1.936,+10.418,-7.799,+13.897,2,-11.009,-12.054,+0.04653,-1.046,+1.163,+2.091,-11.009,-7.799,-15.553,2,-14.711,-16.086,+0.19831,-1.375,+4.958,+2.750,-14.711,-7.799,-14.802,2,-4.010,-0.669,-0.428,-1.656
DRV,723674,+3.3000,+0.0000,+3.6208,-0.3058,+2.6890,-0.1919,+5.896,-0.493,+0.07133,+0.1199,-2.3274,-97.893,+11.633,+11.954,+0.46757,+0.321,+11.689,-0.642,+11.633,-7.831,+14.848,2,+10.521,+11.681,+0.49242,+1.160,+12.311,-2.319,+10.521,-7.831,+12.681,2,-11.095,-11.638,+0.06889,-0.543,+1.722,+1.087,-11.095,-7.831,-16.117,2,-14.841,-16.088,+0.21808,-1.247,+5.452,+2.494,-14.841,-7.831,-14.726,2,-4.133,+0.042,+0.122,-3.437
DRV,723678,+3.3000,+0.0000,+3.6205,-0.3101,+2.7124,-0.1967,+5.883,-0.508,+0.07236,+0.3011,-2.3494,-106.018,+11.724,+11.477,+0.47751,-0.247,+11.938,+0.495,+11.724,-8.481,+15.676,2,+10.624,+11.004,+0.46656,+0.381,+11.664,-0.761,+10.624,-8.481,+13.045,0,-11.180,-11.399,+0.08911,-0.220,+2.228,+0.440,-11.180,-8.481,-16.994,2,-14.979,-15.899,+0.23214,-0.920,+5.803,+1.840,-14.979,-8.481,-15.817,2,-4.422,-0.395,-0.141,-3.948
DRV,723682,+3.3000,+0.0000,+3.6202,-0.3153,+2.7356,-0.2020,+5.873,-0.521,+0.07356,+0.3005,-2.3750,-107.017,+11.812,+11.344,+0.49733,-0.468,+12.433,+0.936,+11.812,-8.561,+16.620,2,+10.727,+10.424,+0.45939,-0.304,+11.485,+0.607,+10.727,-8.561,+14.258,0,-11.263,-10.573,+0.08920,+0.690,+2.230,-1.381,-11.263,-8.561,-18.975,2,-15.120,-14.682,+0.22500,+0.439,+5.625,-0.877,-15.120,-8.561,-18.934,2,-3.337,-0.149,-2.315,-4.717
DRV,723686,+3.3000,+0.0000,+3.6198,-0.3210,+2.7588,-0.2078,+5.861,-0.536,+0.07489,+0.3445,-2.4030,-109.903,+11.897,+11.532,+0.51624,-0.365,+12.906,+0.731,+11.897,-8.792,+16.741,0,+10.831,+9.822,+0.46940,-1.009,+11.735,+2.018,+10.831,-8.792,+15.792,0,-11.346,-10.798,+0.08222,+0.548,+2.056,-1.096,-11.346,-8.792,-19.178,2,-15.264,-13.880,+0.18206,+1.384,+4.552,-2.768,-15.264,-8.792,-22.272,0,-2.348,-0.976,-5.531,-3.387
DRV,723690,+3.3000,+0.0000,+3.6194,-0.3269,+2.7819,-0.2138,+5.848,-0.550,+0.07627,+0.3438,-2.4317,-111.020,+11.981,+11.588,+0.53687,-0.393,+13.422,+0.787,+11.981,-8.882,+17.307,0,+10.935,+10.920,+0.54569,-0.015,+13.642,+0.030,+10.935,-8.882,+15.725,2,-11.428,-10.812,+0.07625,+0.616,+1.906,-1.232,-11.428,-8.882,-19.635,0,-15.408,-13.186,+0.04769,+2.221,+1.192,-4.442,-15.408,-8.882,-27.539,0,-1.599,+0.108,-10.232,-3.910
DRV,723694,+3.3000,+0.0000,+3.6192,-0.3307,+2.8051,-0.2185,+5.842,-0.557,+0.07717,+0.1863,-2.4502,-105.460,+12.073,+11.366,+0.62417,-0.707,+15.000,+1.413,+12.073,-8.437,+20.050,2,+11.039,+11.627,+0.54634,+0.589,+13.659,-1.177,+11.039,-8.437,+15.083,2,-11.510,-11.716,+0.00071,-0.206,+0.018,+0.411,-11.510,-8.437,-19.518,0,-15.544,-14.183,+0.01415,+1.361,+0.354,-2.722,-15.544,-8.437,-26.349,2,-2.816,-0.089,-6.299,-4.435
DRV,723698,+3.3000,+0.0000,+3.6190,-0.3339,+2.8283,-0.2229,+5.833,-0.567,+0.07792,+0.1859,-2.4655,-106.054,+12.168,+12.884,+0.61185,+0.716,+15.000,-1.433,+12.168,-8.484,+17.251,2,+11.142,+11.484,+0.54271,+0.341,+13.568,-0.683,+11.142,-8.484,+15.543,2,-11.593,-12.077,+0.00094,-0.484,+0.024,+0.969,-11.593,-8.484,-19.085,2,-15.677,-17.100,+0.03861,-1.423,+0.965,+2.846,-15.677,-8.484,-20.350,2,-4.216,-0.594,-3.099,-3.542
DRV,723702,+3.3000,+0.0000,+3.6191,-0.3328,+2.8517,-0.2244,+5.839,-0.561,+0.07764,-0.1533,-2.4599,-92.264,+12.281,+13.539,+0.57154,+1.257,+14.289,-2.515,+12.281,-7.381,+16.674,2,+11.245,+10.895,+0.55623,-0.350,+13.906,+0.699,+11.245,-7.381,+18.469,2,-11.679,-12.628,+0.01324,-0.949,+0.331,+1.898,-11.679,-7.381,-16.830,2,-15.794,-18.587,+0.11513,-2.793,+2.878,+5.586,-15.794,-7.381,-14.710,2,-5.048,-1.732,+1.964,+1.638
DRV,723706,+3.3000,+0.0000,+3.6192,-0.3301,+2.8752,-0.2249,+5.838,-0.561,+0.07703,-0.1530,-2.4473,-91.775,+12.401,+13.694,+0.52888,+1.293,+13.222,-2.586,+12.401,-7.342,+15.696,2,+11.347,+11.439,+0.56925,+0.092,+14.231,-0.184,+11.347,-7.342,+18.053,2,-11.765,-12.933,+0.03180,-1.168,+0.795,+2.335,-11.765,-7.342,-15.977,2,-15.905,-18.195,+0.19470,-2.289,+4.867,+4.579,-15.905,-7.342,-13.801,2,-4.500,-1.494,+1.895,+2.076
DRV,723710,+3.3000,+0.0000,+3.6195,-0.3258,+2.8988,-0.2241,+5.844,-0.555,+0.07601,-0.2893,-2.4263,-85.477,+12.529,+13.802,+0.48477,+1.273,+12.119,-2.546,+12.529,-6.838,+15.264,2,+11.449,+12.326,+0.56259,+0.877,+14.065,-1.754,+11.449,-6.838,+16.921,2,-11.853,-12.848,+0.04777,-0.995,+1.194,+1.989,-11.853,-6.838,-15.508,2,-16.010,-17.463,+0.25355,-1.453,+6.339,+2.907,-16.010,-6.838,-13.602,2,-3.661,-0.522,+1.662,+1.412
DRV,723714,+3.3000,+0.0000,+3.6198,-0.3208,+2.9224,-0.2230,+5.847,-0.552,+0.07485,-0.2888,-2.4022,-84.538,+12.660,+13.714,+0.44470,+1.055,+11.117,-2.109,+12.660,-6.763,+14.905,2,+11.550,+12.253,+0.55051,+0.703,+13.763,-1.406,+11.550,-6.763,+17.144,2,-11.942,-12.566,+0.05691,-0.624,+1.423,+1.247,-11.942,-6.763,-16.035,2,-16.112,-16.709,+0.29067,-0.597,+7.267,+1.195,-16.112,-6.763,-14.414,2,-2.995,-0.313,+0.491,+1.109
DRV,723718,+3.3000,+0.0000,+3.6200,-0.3175,+2.9460,-0.2229,+5.844,-0.555,+0.07407,-0.1637,-2.3858,-88.884,+12.783,+13.396,+0.41201,+0.612,+10.300,-1.225,+12.783,-7.111,+14.748,2,+11.652,+11.689,+0.55394,+0.037,+13.848,-0.075,+11.652,-7.111,+18.315,2,-12.030,-12.793,+0.06345,-0.763,+1.586,+1.527,-12.030,-7.111,-16.027,2,-16.220,-16.241,+0.30977,-0.021,+7.744,+0.042,-16.220,-7.111,-15.545,2,-2.845,-1.104,-0.797,+2.288
DRV,723722,+3.3000,+0.0000,+3.6202,-0.3147,+2.9695,-0.2232,+5.843,-0.556,+0.07342,-0.1634,-2.3720,-88.345,+12.905,+12.990,+0.39426,+0.085,+9.857,-0.171,+12.905,-7.068,+15.523,2,+11.754,+12.086,+0.55801,+0.332,+13.950,-0.664,+11.754,-7.068,+17.972,0,-12.117,-12.999,+0.07701,-0.882,+1.925,+1.764,-12.117,-7.068,-15.495,0,-16.331,-15.745,+0.31459,+0.585,+7.865,-1.171,-16.331,-7.068,-16.704,0,-2.755,-0.913,-1.182,+2.477
DRV,723726,+3.3000,+0.0000,+3.6202,-0.3142,+2.9929,-0.2252,+5.832,-0.568,+0.07332,+0.0193,-2.3698,-95.565,+13.015,+12.821,+0.38628,-0.194,+9.657,+0.389,+13.015,-7.645,+15.415,0,+11.857,+11.786,+0.63100,-0.071,+15.000,+0.142,+11.857,-7.645,+19.353,0,-12.202,-12.425,+0.07845,-0.224,+1.961,+0.447,-12.202,-7.645,-17.438,0,-16.450,-15.265,+0.30383,+1.186,+7.596,-2.371,-16.450,-7.645,-18.871,0,-2.444,-0.640,-3.455,+1.915
DRV,723730,+3.3000,+0.0000,+3.6202,-0.3146,+3.0162,-0.2277,+5.826,-0.575,+0.07339,+0.0193,-2.3714,-95.629,+13.122,+13.416,+0.46612,+0.294,+11.653,-0.588,+13.122,-7.650,+16.536,2,+11.960,+12.380,+0.61416,+0.421,+15.000,-0.841,+11.960,-7.650,+18.468,2,-12.286,-12.043,-0.00852,+0.242,-0.213,-0.485,-12.286,-7.650,-20.634,0,-16.573,-15.925,+0.18453,+0.647,+4.613,-1.295,-16.573,-7.650,-20.904,2,-2.510,+0.337,-4.368,-2.166
DRV,723734,+3.3000,+0.0000,+3.6200,-0.3180,+3.0392,-0.2325,+5.804,-0.599,+0.07420,+0.2634,-2.3885,-106.076,+13.214,+12.750,+0.48330,-0.464,+12.082,+0.928,+13.214,-8.486,+17.738,2,+12.064,+12.466,+0.59379,+0.402,+14.845,-0.804,+12.064,-8.486,+17.618,2,-12.367,-11.315,-0.02776,+1.052,-0.694,-2.104,-12.367,-8.486,-23.651,2,-16.708,-14.117,+0.12829,+2.591,+3.207,-5.182,-16.708,-8.486,-27.168,2,-1.367,+1.151,-9.430,-6.033
DRV,723738,+3.3000,+0.0000,+3.6197,-0.3224,+3.0621,-0.2381,+5.789,-0.614,+0.07522,+0.2453,-2.4098,-106.205,+13.301,+13.196,+0.49912,-0.105,+12.478,+0.211,+13.301,-8.496,+17.493,2,+12.169,+12.829,+0.56876,+0.660,+14.219,-1.321,+12.169,-8.496,+16.571,2,-12.447,-12.193,-0.03720,+0.254,-0.930,-0.508,-12.447,-8.496,-22.381,2,-16.846,-13.227,+0.02522,+3.619,+0.631,-7.238,-16.846,-8.496,-31.950,2,-0.031,+0.636,-14.456,-5.810
DRV,723742,+3.3000,+0.0000,+3.6195,-0.3263,+3.0850,-0.2433,+5.774,-0.629,+0.07613,+0.2273,-2.4287,-106.239,+13.390,+12.997,+0.51641,-0.393,+12.910,+0.786,+13.390,-8.499,+18.588,2,+12.273,+12.919,+0.53985,+0.646,+13.496,-1.292,+12.273,-8.499,+15.978,2,-12.526,-13.076,-0.02094,-0.550,-0.524,+1.100,-12.526,-8.499,-20.449,2,-16.982,-16.898,-0.02720,+0.084,-0.680,-0.168,-16.982,-8.499,-26.330,2,-3.901,-0.156,-7.742,-4.471
DRV,723746,+3.3000,+0.0000,+3.6194,-0.3279,+3.1080,-0.2471,+5.775,-0.628,+0.07652,-0.0331,-2.4367,-96.145,+13.489,+13.461,+0.53183,-0.029,+13.296,+0.057,+13.489,-7.692,+19.151,2,+12.377,+12.326,+0.52545,-0.051,+13.136,+0.102,+12.377,-7.692,+17.924,2,-12.607,-13.557,+0.01172,-0.950,+0.293,+1.900,-12.607,-7.692,-18.106,2,-17.110,-18.553,-0.00893,-1.443,-0.223,+2.886,-17.110,-7.692,-22.138,2,-5.092,-1.231,-2.987,-0.182
DRV,723750,+3.3000,+0.0000,+3.6197,-0.3229,+3.1315,-0.2459,+5.789,-0.614,+0.07534,-0.2927,-2.4124,-84.789,+13.619,+13.939,+0.53736,+0.320,+13.434,-0.641,+13.619,-6.783,+19.629,2,+12.477,+11.771,+0.52739,-0.706,+13.185,+1.412,+12.477,-6.783,+20.292,2,-12.695,-13.266,+0.04373,-0.571,+1.093,+1.141,-12.695,-6.783,-17.244,2,-17.211,-17.615,-0.00710,-0.405,-0.178,+0.809,-17.211,-6.783,-23.362,2,-3.676,-1.494,-3.733,+3.048
DRV,723754,+3.3000,+0.0000,+3.6201,-0.3167,+3.1550,-0.2438,+5.801,-0.602,+0.07390,-0.4315,-2.3821,-78.022,+13.755,+14.784,+0.53049,+1.029,+13.262,-2.058,+13.755,-6.242,+18.717,2,+12.577,+12.224,+0.53300,-0.354,+13.325,+0.707,+12.577,-6.242,+20.368,2,-12.784,-12.580,+0.05588,+0.204,+1.397,-0.409,-12.784,-6.242,-18.038,2,-17.307,-18.722,+0.00260,-1.415,+0.065,+2.831,-17.307,-6.242,-20.653,2,-3.938,-0.356,-1.936,+2.330
DRV,723758,+3.3000,+0.0000,+3.6207,-0.3070,+3.1788,-0.2389,+5.820,-0.581,+0.07162,-0.5700,-2.3335,-70.540,+13.908,+15.853,+0.50248,+1.945,+12.562,-3.891,+13.908,-5.643,+16.936,2,+12.676,+12.592,+0.52575,-0.083,+13.144,+0.167,+12.676,-5.643,+20.343,0,-12.877,-12.486,+0.05534,+0.391,+1.384,-0.783,-12.877,-5.643,-17.920,2,-17.388,-18.768,+0.02515,-1.380,+0.629,+2.760,-17.388,-5.643,-19.643,0,-2.914,+0.106,-2.707,+2.422
DRV,723762,+3.3000,+0.0000,+3.6213,-0.2973,+3.2027,-0.2340,+5.832,-0.569,+0.06936,-0.5600,-2.2843,-68.970,+14.062,+16.561,+0.45570,+2.499,+11.392,-4.998,+14.062,-5.518,+14.939,0,+12.774,+14.166,+0.58884,+1.392,+14.721,-2.785,+12.774,-5.518,+19.193,0,-12.971,-12.287,+0.05131,+0.684,+1.283,-1.367,-12.971,-5.518,-18.573,0,-17.469,-19.242,+0.05017,-1.773,+1.254,+3.545,-17.469,-5.518,-18.187,0,-2.681,+1.879,-3.248,+0.620
DRV,723766,+3.3000,+0.0000,+3.6218,-0.2879,+3.2265,-0.2292,+5.843,-0.556,+0.06716,-0.5502,-2.2353,-67.406,+14.215,+15.400,+0.51402,+1.185,+12.850,-2.370,+14.215,-5.393,+19.303,2,+12.873,+14.785,+0.56085,+1.912,+14.021,-3.825,+12.873,-5.393,+17.677,2,-13.064,-12.497,+0.04456,+0.567,+1.114,-1.134,-13.064,-5.393,-18.476,0,-17.551,-18.354,-0.03874,-0.803,-0.969,+1.607,-17.551,-5.393,-22.305,2,-2.954,+2.288,-3.002,-0.799
DRV,723770,+3.3000,+0.0000,+3.6223,-0.2786,+3.2504,-0.2243,+5.854,-0.544,+0.06499,-0.5320,-2.1861,-66.164,+14.369,+16.324,+0.46154,+1.955,+11.538,-3.910,+14.369,-5.293,+16.704,2,+12.972,+15.018,+0.52001,+2.046,+13.000,-4.091,+12.972,-5.293,+16.588,2,-13.157,-13.969,-0.03011,-0.812,-0.753,+1.624,-13.157,-5.293,-17.578,2,-17.632,-19.685,+0.01334,-2.053,+0.334,+4.105,-17.632,-5.293,-18.487,2,-3.361,+1.049,-1.783,-0.990
DRV,723774,+3.3000,+0.0000,+3.6228,-0.2698,+3.2743,-0.2198,+5.863,-0.533,+0.06294,-0.5140,-2.1383,-64.974,+14.521,+16.645,+0.39294,+2.124,+9.824,-4.249,+14.521,-5.198,+14.898,2,+13.071,+14.056,+0.49393,+0.984,+12.348,-1.968,+13.071,-5.198,+18.253,2,-13.249,-14.398,-0.01354,-1.149,-0.338,+2.297,-13.249,-5.198,-16.488,2,-17.715,-20.117,+0.08981,-2.402,+2.245,+4.803,-17.715,-5.198,-15.865,2,-3.471,-0.342,-0.966,+1.765
DRV,723778,+3.3000,+0.0000,+3.6233,-0.2610,+3.2983,-0.2151,+5.874,-0.519,+0.06087,-0.5206,-2.0891,-62.740,+14.675,+15.219,+0.35006,+0.545,+8.752,-1.089,+14.675,-5.019,+17.318,2,+13.171,+12.712,+0.50718,-0.459,+12.679,+0.918,+13.171,-5.019,+21.750,2,-13.342,-14.820,+0.01183,-1.478,+0.296,+2.955,-13.342,-5.019,-15.110,2,-17.797,-19.704,+0.15922,-1.907,+3.981,+3.814,-17.797,-5.019,-15.022,2,-4.485,-2.108,+2.296,+6.639
DRV,723782,+3.3000,+0.0000,+3.6237,-0.2519,+3.3222,-0.2102,+5.886,-0.505,+0.05876,-0.5273,-2.0377,-60.417,+14.830,+14.058,+0.34636,-0.773,+8.659,+1.545,+14.830,-4.833,+20.201,2,+13.271,+13.075,+0.52907,-0.196,+13.227,+0.391,+13.271,-4.833,+22.056,2,-13.435,-13.566,+0.01876,-0.131,+0.469,+0.261,-13.435,-4.833,-17.538,2,-17.878,-18.659,+0.20627,-0.781,+5.157,+1.562,-17.878,-4.833,-15.992,2,-4.601,-0.490,+4.209,+4.518
DRV,723786,+3.3000,+0.0000,+3.6241,-0.2445,+3.3462,-0.2064,+5.880,-0.512,+0.05703,-0.3363,-1.9947,-66.336,+14.978,+13.947,+0.36066,-1.031,+9.017,+2.063,+14.978,-5.307,+20.750,2,+13.372,+14.211,+0.52625,+0.839,+13.156,-1.679,+13.372,-5.307,+19.542,2,-13.526,-12.577,-0.00578,+0.950,-0.144,-1.900,-13.526,-5.307,-20.877,2,-17.965,-17.131,+0.21785,+0.835,+5.446,-1.669,-17.965,-5.307,-19.495,2,-3.184,+1.635,+1.255,-1.335
DRV,723790,+3.3000,+0.0000,+3.6242,-0.2420,+3.3697,-0.2066,+5.860,-0.537,+0.05645,-0.1458,-1.9799,-73.363,+15.100,+13.769,+0.37776,-1.331,+9.444,+2.662,+15.100,-5.869,+21.337,2,+13.474,+14.543,+0.51268,+1.069,+12.817,-2.138,+13.474,-5.869,+18.284,2,-13.614,-13.060,-0.03674,+0.554,-0.919,-1.107,-13.614,-5.869,-21.508,2,-18.075,-14.548,+0.16540,+3.527,+4.135,-7.054,-18.075,-5.869,-26.863,2,-0.779,+1.483,-5.526,-3.225
DRV,723794,+3.3000,+0.0000,+3.6243,-0.2403,+3.3932,-0.2074,+5.844,-0.556,+0.05603,-0.0610,-1.9694,-76.338,+15.218,+13.394,+0.41130,-1.824,+10.282,+3.648,+15.218,-6.107,+23.042,2,+13.576,+14.600,+0.49697,+1.023,+12.424,-2.047,+13.576,-6.107,+17.847,0,-13.700,-13.618,-0.05378,+0.083,-1.345,-0.165,-13.700,-6.107,-21.317,2,-18.188,-14.237,+0.07564,+3.951,+1.891,-7.902,-18.188,-6.107,-30.306,2,-0.843,+0.982,-7.265,-3.470
DRV,723798,+0.0000,+0.0000,+0.0000,+0.0000,+3.3897,-0.2080,-7.576,+0.447,+0.05613,+0.0237,-1.9718,-79.820,+15.198,+14.470,+0.43025,-0.728,+10.756,+1.456,+15.198,-6.386,+21.025,0,+13.563,+14.657,+0.48469,+1.094,+12.117,-2.187,+13.563,-6.386,+17.108,0,-13.685,-14.452,-0.05827,-0.768,-1.457,+1.535,-13.685,-6.386,-19.992,2,-18.174,-15.996,+0.01293,+2.177,+0.323,-4.355,-18.174,-6.386,-28.591,0,-1.526,+0.205,-7.566,-2.884
DRV,723802,+0.0000,+0.0000,+0.0000,+0.0000,+3.3594,-0.2055,-7.576,+0.448,+0.05591,-0.1328,-1.9662,-73.338,+15.059,+14.829,+0.42720,-0.230,+10.680,+0.460,+15.059,-5.867,+20.332,0,+13.434,+13.870,+0.55623,+0.436,+13.906,-0.871,+13.434,-5.867,+20.602,2,-13.571,-14.946,-0.04033,-1.375,-1.008,+2.750,-13.571,-5.867,-17.696,0,-18.015,-18.654,-0.10570,-0.639,-2.642,+1.278,-18.015,-5.867,-25.246,2,-3.825,-1.076,-4.914,+2.905
DRV,723806,+0.0000,+0.0000,+0.0000,+0.0000,+3.3294,-0.1998,-7.578,+0.442,+0.05475,-0.2888,-1.9365,-65.906,+14.941,+16.226,+0.50748,+1.285,+12.687,-2.571,+14.941,-5.273,+19.784,2,+13.304,+14.620,+0.52402,+1.316,+13.100,-2.631,+13.304,-5.273,+18.501,2,-13.459,-13.528,-0.11583,-0.069,-2.896,+0.139,-13.459,-5.273,-21.489,2,-17.837,-20.095,-0.07996,-2.257,-1.999,+4.515,-17.837,-5.273,-20.594,2,-3.869,+1.091,-0.810,-2.988
DRV,723810,+0.0000,+0.0000,+0.0000,+0.0000,+3.2993,-0.1935,-7.582,+0.434,+0.05338,-0.3965,-1.9006,-60.162,+14.827,+16.801,+0.47582,+1.975,+11.896,-3.949,+14.827,-4.813,+17.960,2,+13.174,+14.613,+0.47014,+1.439,+11.753,-2.878,+13.174,-4.813,+17.237,2,-13.347,-13.032,-0.11143,+0.315,-2.786,-0.630,-13.347,-4.813,-21.576,2,-17.655,-20.720,-0.02209,-3.065,-0.552,+6.130,-17.655,-4.813,-16.890,2,-3.919,+1.581,+1.070,-4.339
DRV,723814,+0.0000,+0.0000,+0.0000,+0.0000,+3.2693,-0.1852,-7.587,+0.421,+0.05137,-0.5039,-1.8465,-53.703,+14.728,+16.895,+0.43318,+2.168,+10.829,-4.335,+14.728,-4.296,+16.925,2,+13.045,+12.821,+0.44560,-0.224,+11.140,+0.449,+13.045,-4.296,+20.337,2,-13.236,-13.421,-0.09589,-0.185,-2.397,+0.370,-13.236,-4.296,-19.559,2,-17.460,-20.422,+0.03834,-2.963,+0.959,+5.926,-17.460,-4.296,-14.871,2,-3.527,-0.600,+2.054,+0.778
DRV,723818,+0.0000,+0.0000,+0.0000,+0.0000,+3.2393,-0.1770,-7.593,+0.406,+0.04937,-0.4936,-1.7914,-51.912,+14.628,+16.600,+0.39302,+1.972,+9.825,-3.944,+14.628,-4.153,+16.357,2,+12.917,+12.245,+0.45312,-0.672,+11.328,+1.343,+12.917,-4.153,+21.435,2,-13.123,-13.738,-0.06822,-0.615,-1.706,+1.231,-13.123,-4.153,-17.750,2,-17.264,-20.008,+0.09402,-2.744,+2.350,+5.489,-17.264,-4.153,-13.577,2,-3.408,-1.493,+2.779,+3.685
DRV,723822,+0.0000,+0.0000,+0.0000,+0.0000,+3.2093,-0.1692,-7.599,+0.392,+0.04744,-0.4833,-1.7363,-50.118,+14.527,+15.750,+0.36836,+1.223,+9.209,-2.446,+14.527,-4.009,+17.281,2,+12.790,+13.063,+0.44362,+0.274,+11.091,-0.548,+12.790,-4.009,+19.323,2,-13.008,-13.513,-0.04076,-0.505,-1.019,+1.009,-13.008,-4.009,-17.027,2,-17.068,-19.280,+0.14089,-2.212,+3.522,+4.423,-17.068,-4.009,-13.132,2,-3.530,-0.450,+4.149,+2.296
DRV,723826,+0.0000,+0.0000,+0.0000,+0.0000,+3.1792,-0.1622,-7.604,+0.378,+0.04572,-0.3778,-1.6857,-52.317,+14.422,+15.113,+0.35838,+0.691,+8.959,-1.382,+14.422,-4.185,+17.814,2,+12.663,+13.735,+0.41062,+1.072,+10.266,-2.143,+12.663,-4.185,+16.600,2,-12.893,-13.607,-0.01154,-0.714,-0.289,+1.428,-12.893,-4.185,-15.939,2,-16.877,-18.521,+0.17192,-1.644,+4.298,+3.288,-16.877,-4.185,-13.477,2,-3.407,+0.128,+4.337,+0.662
DRV,723830,+0.0000,+0.0000,+0.0000,+0.0000,+3.1489,-0.1572,-7.607,+0.368,+0.04463,-0.2726,-1.6528,-55.211,+14.302,+14.718,+0.35695,+0.416,+8.924,-0.832,+14.302,-4.417,+17.977,2,+12.537,+13.803,+0.36678,+1.267,+9.169,-2.534,+12.537,-4.417,+14.755,0,-12.776,-13.431,+0.01638,-0.655,+0.410,+1.310,-12.776,-4.417,-15.473,2,-16.699,-17.935,+0.19328,-1.236,+4.832,+2.472,-16.699,-4.417,-13.812,2,-3.217,+0.372,+4.165,-0.717
DRV,723834,+0.0000,+0.0000,+0.0000,+0.0000,+3.1186,-0.1534,-7.610,+0.361,+0.04386,-0.1119,-1.6293,-60.698,+14.175,+14.703,+0.35739,+0.528,+8.935,-1.056,+14.175,-4.856,+17.197,0,+12.410,+13.293,+0.33125,+0.883,+8.281,-1.766,+12.410,-4.856,+14.070,0,-12.659,-13.506,+0.04763,-0.847,+1.191,+1.694,-12.659,-4.856,-14.630,2,-16.528,-17.532,+0.20714,-1.004,+5.178,+2.008,-16.528,-4.856,-14.198,0,-2.830,-0.213,+3.000,-0.560
DRV,723838,+0.0000,+0.0000,+0.0000,+0.0000,+3.0881,-0.1525,-7.610,+0.360,+0.04405,+0.0484,-1.6353,-67.346,+14.024,+14.940,+0.34839,+0.916,+8.710,-1.832,+14.024,-5.388,+15.515,0,+12.281,+13.923,+0.38263,+1.642,+9.566,-3.283,+12.281,-5.388,+13.176,2,-12.542,-12.920,+0.07299,-0.378,+1.825,+0.756,-12.542,-5.388,-15.350,0,-16.379,-16.654,+0.10481,-0.275,+2.620,+0.551,-16.379,-5.388,-18.595,0,-1.714,+1.003,-3.080,-2.174
DRV,723842,+0.0000,+0.0000,+0.0000,+0.0000,+3.0576,-0.1524,-7.610,+0.361,+0.04449,+0.1704,-1.6487,-72.762,+13.868,+13.735,+0.43219,-0.134,+10.805,+0.267,+13.868,-5.821,+19.119,2,+12.152,+13.575,+0.35407,+1.422,+8.852,-2.845,+12.152,-5.821,+12.339,2,-12.426,-13.252,+0.00731,-0.826,+0.183,+1.652,-12.426,-5.821,-16.413,0,-16.234,-14.719,+0.09055,+1.515,+2.264,-3.029,-16.234,-5.821,-22.821,2,-0.985,+0.322,-3.702,-4.074
DRV,723846,+0.0000,+0.0000,+0.0000,+0.0000,+3.0270,-0.1545,-7.607,+0.368,+0.04566,+0.2920,-1.6839,-79.039,+13.696,+14.056,+0.41431,+0.361,+10.358,-0.721,+13.696,-6.323,+17.009,2,+12.022,+12.707,+0.33796,+0.686,+8.449,-1.371,+12.022,-6.323,+12.776,2,-12.311,-13.219,+0.01970,-0.908,+0.493,+1.816,-12.311,-6.323,-16.325,2,-16.106,-14.214,+0.05619,+1.891,+1.405,-3.783,-16.106,-6.323,-24.807,2,-0.158,-0.512,-7.798,-3.549
DRV,723850,+0.0000,+0.0000,+0.0000,+0.0000,+2.9964,-0.1563,-7.604,+0.377,+0.04675,+0.2532,-1.7161,-78.772,+13.525,+12.764,+0.41130,-0.761,+10.282,+1.523,+13.525,-6.302,+19.029,2,+11.891,+11.758,+0.34311,-0.133,+8.578,+0.267,+11.891,-6.302,+14.434,2,-12.195,-13.127,+0.03347,-0.931,+0.837,+1.863,-12.195,-6.302,-15.798,2,-15.975,-14.449,+0.02778,+1.526,+0.695,-3.052,-15.975,-6.302,-24.634,2,-1.685,-1.369,-5.605,-1.364
DRV,723854,+0.0000,+0.0000,+0.0000,+0.0000,+2.9659,-0.1574,-7.602,+0.384,+0.04761,+0.2144,-1.7411,-78.218,+13.361,+13.081,+0.41601,-0.280,+10.400,+0.560,+13.361,-6.257,+18.064,2,+11.761,+11.564,+0.35879,-0.198,+8.970,+0.395,+11.761,-6.257,+14.869,2,-12.080,-12.982,+0.04706,-0.902,+1.177,+1.804,-12.080,-6.257,-15.357,2,-15.839,-14.982,+0.00738,+0.857,+0.184,-1.714,-15.839,-6.257,-23.625,2,-1.901,-1.418,-5.562,-0.488
DRV,723858,+0.0000,+0.0000,+0.0000,+0.0000,+2.9354,-0.1574,-7.599,+0.390,+0.04816,+0.0623,-1.7570,-72.771,+13.203,+13.375,+0.40249,+0.172,+10.062,-0.344,+13.203,-5.822,+17.100,2,+11.632,+11.612,+0.36931,-0.020,+9.233,+0.039,+11.632,-5.822,+15.082,2,-11.964,-12.991,+0.06280,-1.027,+1.570,+2.054,-11.964,-5.822,-14.162,2,-15.696,-16.110,+0.01808,-0.414,+0.452,+0.829,-15.696,-5.822,-20.237,2,-2.735,-1.379,-3.137,+0.920
DRV,723862,+0.0000,+0.0000,+0.0000,+0.0000,+2.9050,-0.1548,-7.599,+0.390,+0.04780,-0.0893,-1.7467,-66.296,+13.066,+13.719,+0.38313,+0.653,+9.578,-1.305,+13.066,-5.304,+16.035,2,+11.504,+11.954,+0.37200,+0.450,+9.300,-0.899,+11.504,-5.304,+14.601,2,-11.848,-12.909,+0.08030,-1.061,+2.007,+2.122,-11.848,-5.304,-13.023,2,-15.535,-16.955,+0.06307,-1.420,+1.577,+2.841,-15.535,-5.304,-16.421,2,-3.236,-0.955,-0.386,+1.579
DRV,723866,+0.0000,+0.0000,+0.0000,+0.0000,+2.8747,-0.1519,-7.600,+0.388,+0.04731,-0.1575,-1.7325,-62.998,+12.932,+14.242,+0.34425,+1.310,+8.606,-2.620,+12.932,-5.040,+13.878,2,+11.377,+11.807,+0.36880,+0.430,+9.220,-0.860,+11.377,-5.040,+14.696,2,-11.732,-12.776,+0.09689,-1.044,+2.422,+2.088,-11.732,-5.040,-12.261,2,-15.370,-16.701,+0.11214,-1.330,+2.804,+2.661,-15.370,-5.040,-14.946,2,-2.459,-0.969,-1.068,+2.436
DRV,723870,+0.0000,+0.0000,+0.0000,+0.0000,+2.8444,-0.1477,-7.602,+0.382,+0.04641,-0.2255,-1.7061,-59.223,+12.806,+14.132,+0.29989,+1.326,+7.497,-2.652,+12.806,-4.738,+12.913,2,+11.251,+11.509,+0.37057,+0.259,+9.264,-0.518,+11.251,-4.738,+15.259,0,-11.615,-12.425,+0.11066,-0.811,+2.767,+1.622,-11.615,-4.738,-11.964,2,-15.198,-16.304,+0.15824,-1.106,+3.956,+2.213,-15.198,-4.738,-13.767,0,-2.172,-0.916,-0.853,+3.295
DRV,723874,+0.0000,+0.0000,+0.0000,+0.0000,+2.8141,-0.1440,-7.605,+0.376,+0.04561,-0.1716,-1.6825,-60.438,+12.679,+13.877,+0.25704,+1.198,+6.426,-2.397,+12.679,-4.835,+11.873,0,+11.124,+11.823,+0.44309,+0.699,+11.077,-1.398,+11.124,-4.835,+15.969,0,-11.497,-12.301,+0.12010,-0.804,+3.002,+1.608,-11.497,-4.835,-11.721,0,-15.027,-15.917,+0.19637,-0.890,+4.909,+1.780,-15.027,-4.835,-13.173,0,-2.040,-0.478,-1.300,+4.248
DRV,723878,+0.0000,+0.0000,+0.0000,+0.0000,+2.7838,-0.1412,-7.606,+0.372,+0.04514,-0.1178,-1.6684,-62.022,+12.544,+14.451,+0.30431,+1.907,+7.608,-3.814,+12.544,-4.962,+11.375,2,+10.997,+11.827,+0.42345,+0.830,+10.586,-1.659,+10.997,-4.962,+14.963,2,-11.380,-11.452,+0.05501,-0.072,+1.375,+0.143,-11.380,-4.962,-14.823,0,-14.863,-16.659,+0.13128,-1.796,+3.282,+3.592,-14.863,-4.962,-12.951,2,-2.209,+0.375,-1.576,+0.140
DRV,723882,+0.0000,+0.0000,+0.0000,+0.0000,+2.7534,-0.1389,-7.607,+0.368,+0.04486,-0.0226,-1.6599,-65.492,+12.404,+13.919,+0.27335,+1.515,+6.834,-3.030,+12.404,-5.239,+10.968,2,+10.870,+12.702,+0.37493,+1.831,+9.373,-3.663,+10.870,-5.239,+11.341,2,-11.263,-11.488,+0.06689,-0.225,+1.672,+0.450,-11.263,-5.239,-14.381,2,-14.703,-16.019,+0.15721,-1.316,+3.930,+2.631,-14.703,-5.239,-13.382,2,-2.100,+1.214,-2.413,-3.040
DRV,723886,+0.0000,+0.0000,+0.0000,+0.0000,+2.7229,-0.1382,-7.607,+0.369,+0.04515,+0.0723,-1.6686,-69.639,+12.252,+13.417,+0.25127,+1.165,+6.282,-2.329,+12.252,-5.571,+10.634,2,+10.741,+12.063,+0.32316,+1.322,+8.079,-2.643,+10.741,-5.571,+10.606,2,-11.147,-11.933,+0.09433,-0.785,+2.358,+1.571,-11.147,-5.571,-12.789,2,-14.555,-14.674,+0.16207,-0.119,+4.052,+0.238,-14.555,-5.571,-15.837,2,-1.257,+0.130,-5.203,-2.184
DRV,723890,+0.0000,+0.0000,+0.0000,+0.0000,+2.6924,-0.1377,-7.606,+0.372,+0.04551,+0.1092,-1.6795,-71.548,+12.099,+12.945,+0.23763,+0.847,+5.941,-1.693,+12.099,-5.724,+10.622,2,+10.611,+10.809,+0.29653,+0.198,+7.413,-0.396,+10.611,-5.724,+11.905,2,-11.032,-11.536,+0.12046,-0.504,+3.011,+1.008,-11.032,-5.724,-12.736,2,-14.409,-13.270,+0.13305,+1.139,+3.326,-2.277,-14.409,-5.724,-19.083,2,-0.325,-0.727,-8.461,-0.831
DRV,723894,+0.0000,+0.0000,+0.0000,+0.0000,+2.6619,-0.1378,-7.605,+0.376,+0.04610,+0.1459,-1.6969,-73.713,+11.940,+12.727,+0.22770,+0.786,+5.692,-1.573,+11.940,-5.897,+10.163,2,+10.481,+9.981,+0.29539,-0.500,+7.385,+1.000,+10.481,-5.897,+12.969,2,-10.917,-11.220,+0.13826,-0.304,+3.457,+0.607,-10.917,-5.897,-12.750,2,-14.267,-13.175,+0.09190,+1.091,+2.298,-2.183,-14.267,-5.897,-20.049,2,-0.449,-1.239,-9.886,+0.219
DRV,723898,+0.0000,+0.0000,+0.0000,+0.0000,+2.6315,-0.1373,-7.603,+0.380,+0.04648,+0.0472,-1.7083,-70.219,+11.787,+12.887,+0.21155,+1.100,+5.289,-2.200,+11.787,-5.618,+9.258,2,+10.352,+9.845,+0.30018,-0.506,+7.505,+1.013,+10.352,-5.618,+13.251,2,-10.802,-11.616,+0.16558,-0.814,+4.139,+1.628,-10.802,-5.618,-10.651,2,-14.121,-13.618,+0.06434,+0.502,+1.609,-1.004,-14.121,-5.618,-19.134,2,-0.732,-1.770,-9.876,+2.600
DRV,723902,+0.0000,+0.0000,+0.0000,+0.0000,+2.6011,-0.1352,-7.603,+0.380,+0.04628,-0.0513,-1.7023,-66.040,+11.646,+12.798,+0.19218,+1.153,+4.805,-2.305,+11.646,-5.283,+8.862,2,+10.224,+10.125,+0.29754,-0.099,+7.439,+0.199,+10.224,-5.283,+12.578,2,-10.685,-11.436,+0.19505,-0.751,+4.876,+1.502,-10.685,-5.283,-9.590,2,-13.963,-14.118,+0.05260,-0.155,+1.315,+0.310,-13.963,-5.283,-17.620,2,-1.319,-1.311,-8.759,+2.988
DRV,723906,+0.0000,+0.0000,+0.0000,+0.0000,+2.5707,-0.1324,-7.604,+0.379,+0.04578,-0.1988,-1.6874,-59.544,+11.511,+12.677,+0.17166,+1.166,+4.291,-2.332,+11.511,-4.764,+8.707,0,+10.097,+10.021,+0.28903,-0.077,+7.226,+0.153,+10.097,-4.764,+12.713,0,-10.568,-11.354,+0.22324,-0.787,+5.581,+1.574,-10.568,-4.764,-8.176,2,-13.798,-14.339,+0.05181,-0.541,+1.295,+1.082,-13.798,-4.764,-16.185,0,-1.662,-1.334,-7.478,+4.537
DRV,723910,+0.0000,+0.0000,+0.0000,+0.0000,+2.5405,-0.1274,-7.606,+0.371,+0.04439,-0.3459,-1.6457,-51.989,+11.395,+12.440,+0.15428,+1.045,+3.857,-2.089,+11.395,-4.159,+9.004,0,+9.975,+10.738,+0.34260,+0.763,+8.565,-1.527,+9.975,-4.159,+12.854,0,-10.447,-11.040,+0.24984,-0.593,+6.246,+1.186,-10.447,-4.159,-7.175,0,-13.616,-14.470,+0.06012,-0.854,+1.503,+1.708,-13.616,-4.159,-14.565,0,-2.030,-0.302,-5.561,+5.679
DRV,723914,+0.0000,+0.0000,+0.0000,+0.0000,+2.5103,-0.1219,-7.610,+0.361,+0.04281,-0.4448,-1.5967,-46.076,+11.284,+12.257,+0.13866,+0.973,+3.467,-1.945,+11.284,-3.686,+9.120,0,+9.853,+10.957,+0.32600,+1.103,+8.150,-2.207,+9.853,-3.686,+12.111,2,-10.325,-10.491,+0.26684,-0.166,+6.671,+0.332,-10.325,-3.686,-7.009,0,-13.430,-13.463,-0.01859,-0.033,-0.465,+0.066,-13.430,-3.686,-17.514,2,-1.205,+0.465,-8.395,+5.102
DRV,723918,+0.0000,+0.0000,+0.0000,+0.0000,+2.4801,-0.1151,-7.615,+0.347,+0.04064,-0.5433,-1.5267,-39.337,+11.187,+11.321,+0.20146,+0.134,+5.036,-0.267,+11.187,-3.147,+12.809,2,+9.736,+11.079,+0.30260,+1.342,+7.565,-2.685,+9.736,-3.147,+11.470,2,-10.200,-11.060,+0.21333,-0.860,+5.333,+1.720,-10.200,-3.147,-6.293,2,-13.230,-13.658,-0.00259,-0.428,-0.065,+0.856,-13.230,-3.147,-15.585,2,-2.337,+0.019,-2.776,+5.176
DRV,723922,+0.0000,+0.0000,+0.0000,+0.0000,+2.4498,-0.1083,-7.620,+0.331,+0.03844,-0.5547,-1.4526,-35.917,+11.091,+11.851,+0.18014,+0.760,+4.503,-1.520,+11.091,-2.873,+11.201,2,+9.621,+10.950,+0.27668,+1.328,+6.917,-2.656,+9.621,-2.873,+11.009,2,-10.072,-10.539,+0.22018,-0.467,+5.504,+0.935,-10.072,-2.873,-6.506,2,-13.028,-14.075,+0.03265,-1.047,+0.816,+2.095,-13.028,-2.873,-12.990,2,-2.224,+0.411,-1.789,+4.502
DRV,723926,+0.0000,+0.0000,+0.0000,+0.0000,+2.4196,-0.1015,-7.625,+0.315,+0.03618,-0.5661,-1.3720,-32.237,+10.998,+11.917,+0.14650,+0.919,+3.662,-1.838,+10.998,-2.579,+10.244,2,+9.509,+10.553,+0.25521,+1.044,+6.380,-2.089,+9.509,-2.579,+11.222,2,-9.941,-10.231,+0.22070,-0.290,+5.518,+0.579,-9.941,-2.579,-6.423,2,-12.823,-13.721,+0.06958,-0.898,+1.739,+1.796,-12.823,-2.579,-11.866,2,-1.804,+0.323,-1.623,+4.799
DRV,723930,+0.0000,+0.0000,+0.0000,+0.0000,+2.3893,-0.0950,-7.630,+0.298,+0.03399,-0.5269,-1.2895,-30.503,+10.905,+11.677,+0.11513,+0.772,+2.878,-1.544,+10.905,-2.440,+9.799,2,+9.399,+10.206,+0.24131,+0.807,+6.033,-1.614,+9.399,-2.440,+11.377,2,-9.808,-10.286,+0.22188,-0.479,+5.547,+0.957,-9.808,-2.440,-5.743,2,-12.618,-12.945,+0.09594,-0.327,+2.399,+0.655,-12.618,-2.440,-12.005,2,-1.268,-0.081,-2.206,+5.634
DRV,723934,+0.0000,+0.0000,+0.0000,+0.0000,+2.3589,-0.0892,-7.634,+0.283,+0.03204,-0.4878,-1.2110,-28.926,+10.808,+11.433,+0.08786,+0.625,+2.196,-1.250,+10.808,-2.314,+9.440,2,+9.289,+10.255,+0.22541,+0.966,+5.635,-1.932,+9.289,-2.314,+10.678,2,-9.673,-10.201,+0.22681,-0.528,+5.670,+1.056,-9.673,-2.314,-5.261,2,-12.416,-11.763,+0.10092,+0.654,+2.523,-1.307,-12.416,-2.314,-13.515,2,-0.330,+0.054,-4.074,+5.417
DRV,723938,+0.0000,+0.0000,+0.0000,+0.0000,+2.3285,-0.0838,-7.638,+0.269,+0.03018,-0.4432,-1.1311,-27.515,+10.710,+11.599,+0.05967,+0.889,+1.492,-1.778,+10.710,-2.201,+8.223,2,+9.181,+9.896,+0.21217,+0.714,+5.304,-1.429,+9.181,-2.201,+10.856,2,-9.537,-9.871,+0.22979,-0.334,+5.745,+0.669,-9.537,-2.201,-5.324,2,-12.215,-11.332,+0.08874,+0.883,+2.218,-1.767,-12.215,-2.201,-13.964,2,+0.268,+0.025,-5.741,+5.531
DRV,723942,+0.0000,+0.0000,+0.0000,+0.0000,+2.2981,-0.0790,-7.641,+0.257,+0.02858,-0.3988,-1.0578,-26.362,+10.607,+11.696,+0.02279,+1.089,+0.570,-2.178,+10.607,-2.109,+6.890,2,+9.073,+9.840,+0.20196,+0.766,+5.049,-1.532,+9.073,-2.109,+10.481,0,-9.400,-9.892,+0.23198,-0.492,+5.800,+0.984,-9.400,-2.109,-4.726,2,-12.018,-11.238,+0.07806,+0.780,+1.951,-1.560,-12.018,-2.109,-13.736,2,+0.458,-0.052,-6.846,+5.755
DRV,723946,+0.0000,+0.0000,+0.0000,+0.0000,+2.2677,-0.0744,-7.644,+0.245,+0.02700,-0.3958,-0.9794,-23.344,+10.506,+11.119,-0.00553,+0.613,-0.138,-1.226,+10.506,-1.867,+7.274,0,+8.968,+9.813,+0.18947,+0.845,+4.737,-1.690,+8.968,-1.867,+10.147,0,-9.261,-9.985,+0.24226,-0.724,+6.057,+1.449,-9.261,-1.867,-3.623,2,-11.820,-11.140,+0.06929,+0.680,+1.732,-1.359,-11.820,-1.867,-13.314,0,-0.021,-0.172,-6.040,+6.524
DRV,723950,+0.0000,+0.0000,+0.0000,+0.0000,+2.2372,-0.0699,-7.647,+0.234,+0.02542,-0.3929,-0.8951,-20.087,+10.407,+11.328,-0.03674,+0.921,-0.918,-1.842,+10.407,-1.607,+6.039,0,+8.866,+9.174,+0.23613,+0.309,+5.903,-0.617,+8.866,-1.607,+12.545,2,-9.118,-9.457,+0.24805,-0.339,+6.201,+0.677,-9.118,-1.607,-3.846,0,-11.618,-11.967,-0.00308,-0.348,-0.077,+0.697,-11.618,-1.607,-12.606,0,-0.638,-0.282,-6.566,+8.699
DRV,723954,+0.0000,+0.0000,+0.0000,+0.0000,+2.2067,-0.0652,-7.649,+0.222,+0.02372,-0.4357,-0.7939,-14.326,+10.316,+11.864,+0.00220,+1.548,+0.055,-3.096,+10.316,-1.146,+6.130,2,+8.770,+9.646,+0.21362,+0.876,+5.340,-1.752,+8.770,-1.146,+11.213,2,-8.968,-8.722,+0.19082,+0.246,+4.771,-0.493,-8.968,-1.146,-5.837,0,-11.409,-11.813,-0.00238,-0.404,-0.059,+0.808,-11.409,-1.146,-11.806,2,+0.051,+0.925,-5.677,+5.376
DRV,723958,+0.0000,+0.0000,+0.0000,+0.0000,+2.1762,-0.0605,-7.652,+0.209,+0.02198,-0.4349,-0.6748,-9.596,+10.234,+11.139,-0.01765,+0.905,-0.441,-1.810,+10.234,-0.768,+7.214,2,+8.683,+10.309,+0.16854,+1.626,+4.213,-3.251,+8.683,-0.768,+8.878,2,-8.810,-9.127,+0.19926,-0.317,+4.981,+0.634,-8.810,-0.768,-3.963,2,-11.191,-11.710,+0.00097,-0.519,+0.024,+1.037,-11.191,-0.768,-10.898,2,-0.571,+1.182,-3.683,+4.915
DRV,723962,+0.0000,+0.0000,+0.0000,+0.0000,+2.1457-0.0554,-7.655,+0.196,+0.01998-0.5212,-0.5044,+0.673,+10.176,+10.903,-0.02890,+0.727,-0.723,-1.454,+10176,+0.054,+8.053,2,+8.617,+9.989,+0.12240,+1.372,+3.060,-2.744,+8.617,+0.054,+8.988,2,-8.631,-9.331,+0.22468,-0.700,+5.617,+1.401,-8.631,+0.054,-1.560,2,-10.949,-11.481,+0.00569,-0.532,+0.142,+1.063,-10.949,+0.054,-9.690,2,-0.578,+0.658,-1.637,+7.428
DRV,723966,+0.0000,+0.0000,+0.0000,+0.0000,+2.1152,-0.0502,-7.657,+0.181,+0.01790,-0.5202,-0.2124,+12.310,+10.173,+11.017,-0.03952,+0.844,-0.988,-1.689,+10.173,+0.985,+8.481,2,+8.607,+9.717,+0.08368,+1.110,+2.092,-2.220,+8.607,+0.985,+9.464,2,-8.396,-8.388,+0.23943,+0.009,+5.986,-0.018,-8.396,+0.985,-1.443,2,-10.651,-11.126,+0.01054,-0.474,+0.264,+0.948,-10.651,+0.985,-8.455,2,-0.108,+1.329,+0.026,+8.021
DRV,723970,+0.0000,+0.0000,+0.0000,+0.0000,+2.0847,-0.0455,-7.660,+0.166,+0.01597,-0.4697,+0.0000,+18.787,+10.133,+11.308,-0.05705,+1.175,-1.426,-2.351,+10.133,+1.503,+7.858,2,+8.561,+9.442,+0.05123,+0.880,+1.281,-1.761,+8.561,+1.503,+9.585,2,-8.196,-7.237,+0.23106,+0.959,+5.776,-1.918,-8.196,+1.503,-2.835,2,-10.391,-10.858,+0.01528,-0.467,+0.382,+0.933,-10.391,+1.503,-7.573,2,+0.451,+2.205,+0.285,+6.750
DRV,723974,+0.0000,+0.0000,+0.0000,+0.0000,+2.0541,-0.0409,-7.662,+0.152,+0.01410,-0.4687,+0.0000,+18.749,+9.995,+11.548,-0.08570,+1.552,-2.143,-3.105,+9.995,+1.500,+6.247,2,+8.420,+9.194,+0.02214,+0.774,+0.554,-1.548,+8.420,+1.500,+8.926,2,-8.091,-7.292,+0.21572,+0.799,+5.393,-1.598,-8.091,+1.500,-2.797,2,-10.228,-10.428,+0.01453,-0.200,+0.363,+0.400,-10.228,+1.500,-7.964,2,+1.120,+1.902,-1.717,+6.129
DRV,723978,+0.0000,+0.0000,+0.0000,+0.0000,+2.0235,-0.0370,-7.664,+0.139,+0.01245,-0.3933,+0.0000,+15.734,+9.856,+11.333,-0.11478,+1.477,-2.869,-2.954,+9.856,+1.259,+5.291,2,+8.282,+8.831,-0.00240,+0.549,-0.060,-1.099,+8.282,+1.259,+8.382,2,-7.984,-7.750,+0.21035,+0.234,+5.259,-0.469,-7.984,+1.259,-1.936,2,-10.066,-10.133,+0.01019,-0.067,+0.255,+0.135,-10.066,+1.259,-8.418,2,+1.199,+1.081,-3.127,+6.446
DRV,723982,+0.0000,+0.0000,+0.0000,+0.0000,+1.9929,-0.0333,-7.665,+0.128,+0.01088,-0.3926,+0.0000,+15.702,+9.716,+11.097,-0.14085,+1.382,-3.521,-2.764,+9.716,+1.256,+4.687,2,+8.144,+8.273,-0.01776,+0.129,-0.444,-0.258,+8.144,+1.256,+8.698,0,-7.876,-7.867,+0.21689,+0.009,+5.422,-0.019,-7.876,+1.256,-1.216,2,-9.905,-10.064,+0.00492,-0.159,+0.123,+0.318,-9.905,+1.256,-8.208,0,+1.034,+0.406,-3.522,+7.482
DRV,723986,+0.0000,+0.0000,+0.0000,+0.0000,+1.9623,-0.0305,-7.667,+0.117,+0.00972,-0.2562,+0.0000,+10.246,+9.573,+11.156,-0.17126,+1.583,-4.282,-3.166,+9.573,+0.820,+2.945,0,+8.010,+8.488,+0.02638,+0.479,+0.659,-0.957,+8.010,+0.820,+8.531,0,-7.764,-7.395,+0.21663,+0.369,+5.416,-0.739,-7.764,+0.820,-2.268,0,-9.746,-10.059,+0.00442,-0.313,+0.110,+0.626,-9.746,+0.820,-8.190,0,+1.096,+1.093,-5.245,+6.264
DRV,723990,+0.0000,+0.0000,+0.0000,+0.0000,+1.9316,-0.0281,-7.667,+0.110,+0.00869,-0.2556,+0.0000,+10.226,+9.429,+10.060,-0.13012,+0.631,-3.253,-1.262,+9.429,+0.818,+5.732,0,+7.877,+8.415,+0.02038,+0.538,+0.510,-1.076,+7.877,+0.818,+8.128,2,-7.651,-7.535,+0.21768,+0.116,+5.442,-0.233,-7.651,+0.818,-1.624,0,-9.588,-9.334,-0.05693,+0.255,-1.423,-0.510,-9.588,+0.818,-10.703,2,+0.726,+0.880,-4.971,+6.504
DRV,723994,+0.0000,+0.0000,+0.0000,+0.0000,+1.9010,-0.0262,-7.668,+0.103,+0.00796,-0.1583,+0.0000,+6.333,+9.283,+10.144,-0.15476,+0.861,-3.869,-1.722,+9.283,+0.507,+4.199,2,+7.746,+8.310,+0.01224,+0.564,+0.306,-1.129,+7.746,+0.507,+7.430,2,-7.535,-8.117,+0.17713,-0.582,+4.428,+1.163,-7.535,+0.507,-1.437,2,-9.432,-9.523,-0.04914,-0.091,-1.228,+0.182,-9.432,+0.507,-9.972,2,+0.621,+0.194,-5.773,+5.993
DRV,723998,+0.0000,+0.0000,+0.0000,+0.0000,+1.8703,-0.0246,-7.669,+0.099,+0.00733,-0.1580,+0.0000,+6.321,+9.137,+10.259,-0.19419,+1.122,-4.855,-2.245,+9.137,+0.506,+2.543,2,+7.616,+8.212,+0.00352,+0.596,+0.088,-1.191,+7.616,+0.506,+7.019,2,-7.418,-7.950,+0.18555,-0.532,+4.639,+1.064,-7.418,+0.506,-1.210,2,-9.277,-9.458,-0.03591,-0.181,-0.898,+0.362,-9.277,+0.506,-9.306,2,+0.801,+0.262,-6.764,+5.809
DRV,724002,+0.0000,+0.0000,+0.0000,+0.0000,+1.8397,-0.0231,-7.669,+0.094,+0.00673,-0.1476,+0.0000,+5.904,+8.990,+9.215,-0.21737,+0.225,-5.434,-0.451,+8.990,+0.472,+3.578,2,+7.487,+8.117,-0.00615,+0.630,-0.154,-1.259,+7.487,+0.472,+6.546,2,-7.301,-7.552,+0.19028,-0.251,+4.757,+0.502,-7.301,+0.472,-1.569,2,-9.122,-9.279,-0.02376,-0.157,-0.594,+0.314,-9.122,+0.472,-8.929,2,-0.063,+0.565,-5.352,+4.977
DRV,724006,+0.0000,+0.0000,+0.0000,+0.0000,+1.8090,-0.0217,-7.669,+0.090,+0.00614,-0.1473,+0.0000,+5.892,+8.843,+9.040,-0.22813,+0.197,-5.703,-0.394,+8.843,+0.471,+3.217,2,+7.358,+8.029,-0.01676,+0.670,-0.419,-1.341,+7.358,+0.471,+6.069,2,-7.184,-7.134,+0.18618,+0.049,+4.654,-0.098,-7.184,+0.471,-2.156,2,-8.967,-9.113,-0.01194,-0.146,-0.298,+0.292,-8.967,+0.471,-8.501,2,-0.072,+0.894,-5.284,+3.913
DRV,724010,+0.0000,+0.0000,+0.0000,+0.0000,+1.7783,-0.0204,-7.670,+0.086,+0.00558,-0.1364,+0.0000,+5.455,+8.696,+8.872,-0.24143,+0.175,-6.036,-0.351,+8.696,+0.436,+2.746,2,+7.229,+7.869,-0.02716,+0.639,-0.679,-1.279,+7.229,+0.436,+5.708,2,-7.066,-7.080,+0.17966,-0.014,+4.492,+0.029,-7.066,+0.436,-2.109,2,-8.812,-9.046,+0.00071,-0.234,+0.018,+0.468,-8.812,+0.436,-7.890,2,-0.174,+0.789,-5.144,+3.599
DRV,724014,+0.0000,+0.0000,+0.0000,+0.0000,+1.7477,-0.0191,-7.670,+0.082,+0.00504,-0.1361,+0.0000,+5.444,+8.549,+8.673,-0.25076,+0.124,-6.269,-0.248,+8.549,+0.436,+2.467,2,+7.101,+7.745,-0.03734,+0.644,-0.934,-1.289,+7.101,+0.436,+5.314,2,-6.948,-6.958,+0.17458,-0.010,+4.365,+0.021,-6.948,+0.436,-2.127,2,-8.657,-9.085,+0.01686,-0.428,+0.422,+0.855,-8.657,+0.436,-6.945,2,-0.412,+0.787,-4.477,+3.187
DRV,724018,+0.0000,+0.0000,+0.0000,+0.0000,+1.7170,-0.0176,-7.670,+0.077,+0.00436,-0.1810,+0.0000,+7.241,+8.402,+8.906,-0.26878,+0.504,-6.719,-1.008,+8.402,+0.579,+1.254,2,+6.972,+7.565,-0.04654,+0.593,-1.164,-1.187,+6.972,+0.579,+5.201,0,-6.830,-7.111,+0.17207,-0.280,+4.302,+0.560,-6.830,+0.579,-1.389,2,-8.502,-8.963,+0.03653,-0.461,+0.913,+0.922,-8.502,+0.579,-6.087,0,-0.057,+0.454,-4.833,+3.812
DRV,724022,+0.0000,+0.0000,+0.0000,+0.0000,+1.6863,-0.0160,-7.671,+0.072,+0.00364,-0.1807,+0.0000,+7.227,+8.255,+8.659,-0.28817,+0.404,-7.204,-0.808,+8.255,+0.578,+0.821,0,+6.842,+7.000,-0.00914,+0.158,-0.229,-0.316,+6.842,+0.578,+6.876,2,-6.713,-7.106,+0.17480,-0.393,+4.370,+0.786,-6.713,+0.578,-0.979,0,-8.347,-8.720,+0.05588,-0.374,+1.397,+0.748,-8.347,+0.578,-5.624,0,-0.061,-0.106,-4.802,+5.897
DRV,724026,+0.0000,+0.0000,+0.0000,+0.0000,+1.6556,-0.0141,-7.671,+0.066,+0.00263,-0.2755,+0.0000,+11.020,+8.110,+9.166,-0.25217,+1.056,-6.304,-2.112,+8.110,+0.882,+0.575,0,+6.711,+6.956,-0.02028,+0.245,-0.507,-0.490,+6.711,+0.882,+6.596,2,-6.598,-7.155,+0.18428,-0.557,+4.607,+1.115,-6.598,+0.882,+0.006,0,-8.190,-9.177,+0.01895,-0.987,+0.474,+1.974,-8.190,+0.882,-4.860,2,-0.011,-0.199,-4.285,+6.601
DRV,724030,+0.0000,+0.0000,+0.0000,+0.0000,+1.6250,-0.0120,-7.672,+0.058,+0.00153,-0.2750,+0.0000,+10.998,+7.965,+9.174,-0.27505,+1.209,-6.876,-2.418,+7.965,+0.880,-0.449,2,+6.580,+6.904,-0.03318,+0.324,-0.830,-0.648,+6.580,+0.880,+5.982,2,-6.483,-6.530,+0.14718,-0.047,+3.680,+0.095,-6.483,+0.880,-1.829,2,-8.033,-9.177,+0.04080,-1.144,+1.020,+2.288,-8.033,+0.880,-3.845,2,-0.003,+0.373,-4.295,+4.153
DRV,724034,+0.0000,+0.0000,+0.0000,+0.0000,+1.5943,-0.0095,-7.672,+0.049,+0.00009,-0.3872,+0.0000,+15.486,+7.821,+8.825,-0.29579,+1.004,-7.395,-2.007,+7.821,+1.239,-0.342,2,+6.446,+6.822,-0.04866,+0.376,-1.217,-0.752,+6.446,+1.239,+5.716,2,-6.370,-7.109,+0.16356,-0.739,+4.089,+1.478,-6.370,+1.239,+0.436,2,-7.875,-8.706,+0.05702,-0.831,+1.426,+1.661,-7.875,+1.239,-3.549,2,+0.119,-0.287,-3.892,+6.152
DRV,724038,+0.0000,+0.0000,+0.0000,+0.0000,+1.5636,-0.0069,-7.673,+0.038,-0.00145,-0.3864,+0.0000,+15.455,+7.678,+8.774,-0.31477,+1.096,-7.869,-2.193,+7.678,+1.236,-1.148,2,+6.312,+6.720,-0.06444,+0.407,-1.611,-0.815,+6.312,+1.236,+5.123,2,-6.257,-6.632,+0.18584,-0.375,+4.646,+0.750,-6.257,+1.236,+0.375,2,-7.717,-8.378,+0.06803,-0.661,+1.701,+1.322,-7.717,+1.236,-3.458,2,+0.396,+0.088,-4.605,+5.498
DRV,724042,+0.0000,+0.0000,+0.0000,+0.0000,+1.5329,-0.0040,-7.673,+0.026,-0.00324,-0.4664,+0.0000,+18.658,+7.535,+8.487,-0.33620,+0.952,-8.405,-1.904,+7.535,+1.493,-1.282,2,+6.177,+6.558,-0.07976,+0.381,-1.994,-0.761,+6.177,+1.493,+4.915,2,-6.145,-5.963,+0.18985,+0.182,+4.746,-0.364,-6.145,+1.493,-0.270,2,-7.557,-8.238,+0.07920,-0.680,+1.980,+1.361,-7.557,+1.493,-2.724,2,+0.249,+0.595,-4.006,+4.644
DRV,724046,+0.0000,+0.0000,+0.0000,+0.0000,+1.5023,-0.0011,-7.673,+0.012,-0.00510,-0.4655,+0.0000,+18.621,+7.392,+7.434,-0.33859,+0.042,-8.465,-0.084,+7.392,+1.490,+0.333,2,+6.042,+6.330,-0.09349,+0.287,-2.337,-0.574,+6.042,+1.490,+4.620,2,-6.034,-5.675,+0.18822,+0.358,+4.706,-0.717,-6.034,+1.490,-0.555,2,-7.398,-7.848,+0.08746,-0.450,+2.187,+0.900,-7.398,+1.490,-2.822,2,-0.414,+0.654,-2.489,+4.065
DRV,724050,+0.0000,+0.0000,+0.0000,+0.0000,+1.4716,+0.0020,-7.673,-0.002,-0.00714,-0.5236,+0.0000,+20.945,+7.249,+7.784,-0.34111,+0.535,-8.528,-1.070,+7.249,+1.676,-0.673,2,+5.907,+6.181,-0.10564,+0.274,-2.641,-0.548,+5.907,+1.676,+4.393,2,-5.923,-5.105,+0.17750,+0.818,+4.438,-1.636,-5.923,+1.676,-1.445,2,-7.238,-7.588,+0.09054,-0.350,+2.264,+0.700,-7.238,+1.676,-2.599,2,+0.196,+1.076,-3.271,+2.948
DRV,724054,+0.0000,+0.0000,+0.0000,+0.0000,+1.4409,+0.0050,-7.673,-0.018,-0.00923,-0.5226,+0.0000,+20.903,+7.107,+7.167,-0.34338,+0.060,-8.585,-0.120,+7.107,+1.672,+0.075,2,+5.771,+5.949,-0.11621,+0.178,-2.905,-0.357,+5.771,+1.672,+4.181,0,-5.811,-5.136,+0.16114,+0.676,+4.029,-1.351,-5.811,+1.672,-1.462,2,-7.079,-7.207,+0.08996,-0.129,+2.249,+0.258,-7.079,+1.672,-2.900,2,-0.041,+0.814,-2.825,+2.720
DRV,724058,+0.0000,+0.0000,+0.0000,+0.0000,+1.4102,+0.0080,-7.673,-0.033,-0.01141,-0.5513,+0.0000,+22.052,+6.964,+6.584,-0.33121,-0.381,-8.280,+0.761,+6.964,+1.764,+1.209,0,+5.636,+5.720,-0.12482,+0.084,-3.121,-0.168,+5.636,+1.764,+4.111,0,-5.700,-5.046,+0.14988,+0.654,+3.747,-1.308,-5.700,+1.764,-1.497,2,-6.919,-7.105,+0.08956,-0.186,+2.239,+0.373,-6.919,+1.764,-2.543,0,-0.522,+0.674,-1.333,+2.615
DRV,724062,+0.0000,+0.0000,+0.0000,+0.0000,+1.3794,+0.0109,-7.672,-0.050,-0.01361,-0.5502,+0.0000,+22.008,+6.821,+7.686,-0.33720,+0.865,-8.430,-1.730,+6.821,+1.761,-1.578,0,+5.501,+5.992,-0.09694,+0.491,-2.424,-0.983,+5.501,+1.761,+3.855,2,-5.588,-4.928,+0.13797,+0.660,+3.449,-1.321,-5.588,+1.761,-1.699,0,-6.759,-6.521,+0.04485,+0.238,+1.121,-0.476,-6.759,+1.761,-4.354,2,+1.165,+1.064,-5.932,+2.156
DRV,724066,+0.0000,+0.0000,+0.0000,+0.0000,+1.3487,+0.0138,-7.671,-0.066,-0.01591,-0.5853,+0.0000,+23.411,+6.678,+7.197,-0.30805,+0.519,-7.701,-1.038,+6.678,+1.873,-0.188,2,+5.365,+5.784,-0.10429,+0.418,-2.607,-0.836,+5.365,+1.873,+3.795,2,-5.476,-5.465,+0.09781,+0.012,+2.445,-0.024,-5.476,+1.873,-1.182,2,-6.600,-6.822,+0.05016,-0.222,+1.254,+0.443,-6.600,+1.873,-3.030,2,+0.376,+0.319,-3.218,+2.613
DRV,724070,+0.0000,+0.0000,+0.0000,+0.0000,+1.3180,+0.0166,-7.670,-0.083,-0.01825,-0.5841,+0.0503,+25.375,+6.558,+7.747,-0.33733,+1.189,-8.433,-2.377,+6.558,+2.030,-2.222,2,+5.253,+5.649,-0.11053,+0.395,-2.763,-0.790,+5.253,+2.030,+3.730,2,-5.341,-5.724,+0.09987,-0.383,+2.497,+0.766,-5.341,+2.030,-0.049,2,-6.418,-7.202,+0.07281,-0.784,+1.820,+1.568,-6.418,+2.030,-1.000,2,+0.545,-0.076,-3.223,+3.681
DRV,724074,+0.0000,+0.0000,+0.0000,+0.0000,+1.2873,+0.0198,-7.668,-0.102,-0.02094,-0.7005,+0.1508,+34.051,+6.461,+7.656,-0.37606,+1.194,-9.401,-2.388,+6.461,+2.724,-2.604,2,+5.163,+5.515,-0.11557,+0.351,-2.889,-0.703,+5.163,+2.724,+4.295,2,-5.185,-6.049,+0.11431,-0.864,+2.858,+1.729,-5.185,+2.724,+2.126,2,-6.212,-6.660,+0.09400,-0.448,+2.350,+0.897,-6.212,+2.724,-0.241,2,+0.995,-0.535,-2.845,+6.421
DRV,724078,+0.0000,+0.0000,+0.0000,+0.0000,+1.2566,+0.0229,-7.666,-0.123,-0.02374,-0.6991,+0.2513,+38.016,+6.365,+7.207,-0.40608,+0.843,-10.152,-1.685,+6.365,+3.041,-2.431,2,+5.073,+5.446,-0.12096,+0.374,-3.024,-0.747,+5.073,+3.041,+4.343,2,-5.028,-5.845,+0.13192,-0.817,+3.298,+1.634,-5.028,+3.041,+2.945,2,-6.006,-6.242,+0.10666,-0.236,+2.666,+0.472,-6.006,+3.041,+0.174,2,+0.965,-0.399,-2.258,+7.288
DRV,724082,+0.0000,+0.0000,+0.0000,+0.0000,+1.2258,+0.0262,-7.663,-0.144,-0.02686,-0.8078,+0.3519,+46.385,+6.269,+6.801,-0.42779,+0.532,-10.695,-1.064,+6.269,+3.711,-1.779,2,+4.982,+5.239,-0.12481,+0.257,-3.120,-0.514,+4.982,+3.711,+5.058,2,-4.872,-5.485,+0.14540,-0.613,+3.635,+1.226,-4.872,+3.711,+3.699,2,-5.800,-6.057,+0.11913,-0.257,+2.978,+0.514,-5.800,+3.711,+1.403,2,+0.744,-0.247,-0.376,+8.757
DRV,724086,+0.0000,+0.0000,+0.0000,+0.0000,+1.1951,+0.0295,-7.660,-0.168,-0.03008,-0.8061,+0.4524,+50.341,+6.172,+6.746,-0.44847,+0.574,-11.212,-1.148,+6.172,+4.027,-2.160,2,+4.891,+5.248,-0.12903,+0.357,-3.226,-0.715,+4.891,+4.027,+4.977,2,-4.716,-4.584,+0.14630,+0.132,+3.658,-0.264,-4.716,+4.027,+2.705,2,-5.593,-5.503,+0.12567,+0.091,+3.142,-0.181,-5.593,+4.027,+1.394,2,+1.244,+0.664,-0.765,+7.682
DRV,724090,+0.0000,+0.0000,+0.0000,+0.0000,+1.1644,+0.0324,-7.655,-0.192,-0.03318,-0.7620,+0.5529,+52.596,+6.075,+6.685,-0.46774,+0.610,-11.694,-1.219,+6.075,+4.208,-2.630,2,+4.801,+5.156,-0.13436,+0.355,-3.359,-0.709,+4.801,+4.208,+4.941,2,-4.559,-3.807,+0.12930,+0.752,+3.232,-1.503,-4.559,+4.208,+1.378,2,-5.388,-5.303,+0.12818,+0.085,+3.204,-0.170,-5.388,+4.208,+1.854,2,+1.382,+1.348,-0.776,+6.319
DRV,724094,+0.0000,+0.0000,+0.0000,+0.0000,+1.1337,+0.0351,-7.651,-0.215,-0.03622,-0.7605,+0.6535,+56.557,+5.977,+6.342,-0.48871,+0.365,-12.218,-0.730,+5.977,+4.525,-2.446,2,+4.713,+5.164,-0.14077,+0.451,-3.519,-0.902,+4.713,+4.525,+4.815,0,-4.400,-3.060,+0.09978,+1.341,+2.494,-2.681,-4.400,+4.525,-0.063,2,-5.184,-4.790,+0.12586,+0.393,+3.146,-0.787,-5.184,+4.525,+1.701,0,+1.552,+2.104,-0.745,+4.753
DRV,724098,+0.0000,+0.0000,+0.0000,+0.0000,+1.1030,+0.0371,-7.646,-0.237,-0.03884,-0.6201,+0.7540,+54.965,+5.878,+5.672,-0.49145,-0.205,-12.286,+0.411,+5.878,+4.397,-1.600,0,+4.627,+4.862,-0.11753,+0.236,-2.938,-0.471,+4.627,+4.397,+5.615,2,-4.240,-2.607,+0.05817,+1.633,+1.454,-3.265,-4.240,+4.397,-1.653,0,-4.981,-4.367,+0.11637,+0.614,+2.909,-1.228,-4.981,+4.397,+1.097,0,+1.306,+2.255,-0.504,+3.961
DRV,724102,+0.0000,+0.0000,+0.0000,+0.0000,+1.0723,+0.0388,-7.642,-0.255,-0.04132,-0.6189,+1.5489,+86.711,+6.093,+6.154,-0.45114,+0.061,-11.279,-0.122,+6.093,+6.937,+1.630,2,+4.858,+4.858,-0.12025,+0.000,-3.006,-0.001,+4.858,+6.937,+8.788,2,-3.762,-2.512,+0.01022,+1.249,+0.255,-2.498,-3.762,+6.937,+0.932,0,-4.464,-4.781,+0.08964,-0.317,+2.241,+0.635,-4.464,+6.937,+5.349,2,+1.373,+2.346,+6.979,+9.720
DRV,724106,+0.0000,+0.0000,+0.0000,+0.0000,+1.0417,+0.0404,-7.637,-0.274,-0.04384,-0.6331,+1.6286,+90.466,+5.983,+6.934,-0.46038,+0.951,-11.509,-1.901,+5.983,+7.237,-0.190,2,+4.765,+6.007,-0.14181,+1.242,-3.545,-2.484,+4.765,+7.237,+5.973,2,-3.609,-1.728,-0.02660,+1.881,-0.665,-3.762,-3.609,+7.237,-0.799,2,-4.272,-3.973,+0.08768,+0.299,+2.192,-0.598,-4.272,+7.237,+4.559,2,+2.961,+4.279,+4.369,+5.174
DRV,724110,+0.0000,+0.0000,+0.0000,+0.0000,+1.0110,+0.0419,-7.632,-0.293,-0.04636,-0.6318,+1.7048,+93.465,+5.871,+6.968,-0.48431,+1.096,-12.108,-2.193,+5.871,+7.477,-0.952,2,+4.670,+6.579,-0.19143,+1.909,-4.786,-3.817,+4.670,+7.477,+3.545,2,-3.457,-1.369,-0.07799,+2.088,-1.950,-4.176,-3.457,+7.477,-2.106,2,-4.083,-3.358,+0.06672,+0.725,+1.668,-1.449,-4.083,+7.477,+3.614,2,+3.610,+5.210,+2.661,+1.439
DRV,724114,+0.0000,+0.0000,+0.0000,+0.0000,+0.9804,+0.0435,-7.626,-0.313,-0.04914,-0.7156,+1.7849,+100.021,+5.761,+6.348,-0.49874,+0.586,-12.469,-1.173,+5.761,+8.002,+0.121,2,+4.577,+6.287,-0.24301,+1.710,-6.075,-3.419,+4.577,+8.002,+3.084,2,-3.303,-1.684,-0.12095,+1.620,-3.024,-3.240,-3.303,+8.002,-1.565,2,-3.891,-4.281,+0.06360,-0.390,+1.590,+0.780,-3.891,+8.002,+6.481,2,+2.067,+4.603,+6.602,+1.519
DRV,724118,+0.0000,+0.0000,+0.0000,+0.0000,+0.9498,+0.0449,-7.619,-0.334,-0.05200,-0.7142,+1.8636,+103.114,+5.650,+7.136,-0.52094,+1.485,-13.023,-2.971,+5.650,+8.249,-2.095,2,+4.484,+5.636,-0.28264,+1.152,-7.066,-2.304,+4.484,+8.249,+3.364,2,-3.151,-2.021,-0.15316,+1.130,-3.829,-2.259,-3.151,+8.249,-0.990,2,-3.700,-3.960,+0.07180,-0.259,+1.795,+0.519,-3.700,+8.249,+6.863,2,+3.176,+3.615,+4.768,+2.374
DRV,724122,+0.0000,+0.0000,+0.0000,+0.0000,+0.9192,+0.0459,-7.612,-0.355,-0.05449,-0.5915,+1.9296,+100.845,+5.533,+7.100,-0.55754,+1.567,-13.939,-3.134,+5.533,+8.068,-3.472,2,+4.388,+5.227,-0.31135,+0.839,-7.784,-1.679,+4.388,+8.068,+2.993,2,-3.001,-3.008,-0.16202,-0.006,-4.051,+0.013,-3.001,+8.068,+1.028,2,-3.517,-3.283,+0.06626,+0.235,+1.656,-0.469,-3.517,+8.068,+5.738,2,+3.817,+2.219,+2.266,+4.021
DRV,724126,+0.0000,+0.0000,+0.0000,+0.0000,+0.8887,+0.0465,-7.606,-0.373,-0.05685,-0.5904,+1.9902,+103.221,+5.412,+6.753,-0.58797,+1.341,-14.699,-2.682,+5.412,+8.258,-3.712,2,+4.290,+4.998,-0.33523,+0.708,-8.381,-1.416,+4.290,+8.258,+2.751,2,-2.854,-3.346,-0.14762,-0.493,-3.691,+0.985,-2.854,+8.258,+2.698,2,-3.337,-3.451,+0.06179,-0.114,+1.545,+0.228,-3.337,+8.258,+6.693,2,+3.302,+1.651,+2.981,+5.449
DRV,724130,+0.0000,+0.0000,+0.0000,+0.0000,+0.8582,+0.0466,-7.599,-0.390,-0.05869,-0.4147,+2.0360,+98.029,+5.283,+6.444,-0.61506,+1.161,-15.000,-2.321,+5.283,+7.842,-4.196,2,+4.188,+4.620,-0.35243,+0.432,-8.811,-0.865,+4.188,+7.842,+2.354,0,-2.711,-2.814,-0.13803,-0.103,-3.451,+0.206,-2.711,+7.842,+1.887,2,-3.166,-3.059,+0.06016,+0.107,+1.504,-0.214,-3.166,+7.842,+5.967,0,+3.384,+1.806,+1.770,+4.241
DRV,724134,+0.0000,+0.0000,+0.0000,+0.0000,+0.8277,+0.0464,-7.594,-0.403,-0.06034,-0.4139,+2.0765,+99.615,+5.151,+6.179,-0.63550,+1.029,-15.000,-2.057,+5.151,+7.969,-3.937,0,+4.084,+4.690,-0.33734,+0.605,-8.433,-1.210,+4.084,+7.969,+2.410,2,-2.569,-2.962,-0.13216,-0.393,-3.304,+0.786,-2.569,+7.969,+2.882,0,-2.998,-2.667,+0.04933,+0.331,+1.233,-0.662,-2.998,+7.969,+5.542,0,+3.512,+1.728,+1.605,+5.292
DRV,724138,+0.0000,+0.0000,+0.0000,+0.0000,+0.7973,+0.0456,-7.590,-0.414,-0.06135,-0.1971,+2.1007,+91.913,+5.010,+6.054,-0.62374,+1.044,-15.000,-2.088,+5.010,+7.353,-4.726,0,+3.977,+4.333,-0.34562,+0.357,-8.641,-0.714,+3.977,+7.353,+1.975,2,-2.433,-3.359,-0.13355,-0.927,-3.339,+1.853,-2.433,+7.353,+3.435,2,-2.840,-2.414,+0.02491,+0.426,+0.623,-0.852,-2.840,+7.353,+4.284,2,+3.640,+0.974,-0.441,+5.410
DRV,724142,+0.0000,+0.0000,+0.0000,+0.0000,+0.7669,+0.0446,-7.587,-0.421,-0.06214,-0.1968,+2.1194,+92.647,+4.866,+5.711,-0.65241,+0.845,-15.000,-1.691,+4.866,+7.412,-4.413,2,+3.867,+4.034,-0.34822,+0.166,-8.705,-0.333,+3.867,+7.412,+2.241,2,-2.298,-3.288,-0.11008,-0.990,-2.752,+1.981,-2.298,+7.412,+4.343,2,-2.685,-2.751,+0.02319,-0.066,+0.580,+0.133,-2.685,+7.412,+5.440,2,+2.960,+0.745,+1.026,+6.584
DRV,724146,+0.0000,+0.0000,+0.0000,+0.0000,+0.7366,+0.0430,-7.585,-0.426,-0.06239,-0.0187,+2.1254,+85.766,+4.715,+5.354,-0.67523,+0.639,-15.000,-1.279,+4.715,+6.861,-4.703,2,+3.754,+3.839,-0.34865,+0.085,-8.716,-0.169,+3.754,+6.861,+1.730,2,-2.167,-2.569,-0.09441,-0.402,-2.360,+0.803,-2.167,+6.861,+3.137,2,-2.537,-2.236,+0.02256,+0.301,+0.564,-0.601,-2.537,+6.861,+4.287,2,+3.118,+1.270,-0.416,+4.867
DRV,724150,+0.0000,+0.0000,+0.0000,+0.0000,+0.7062,+0.0414,-7.585,-0.427,-0.06246,-0.0187,+2.1272,+85.835,+4.561,+4.917,-0.69270,+0.356,-15.000,-0.711,+4.561,+6.867,-4.283,2,+3.639,+3.632,-0.34735,-0.008,-8.684,+0.016,+3.639,+6.867,+1.838,2,-2.038,-1.688,-0.09811,+0.349,-2.453,-0.698,-2.038,+6.867,+1.678,2,-2.392,-2.379,+0.01868,+0.013,+0.467,-0.025,-2.392,+6.867,+4.917,2,+2.538,+1.943,+0.634,+3.516
DRV,724154,+0.0000,+0.0000,+0.0000,+0.0000,+0.6759,+0.0394,-7.585,-0.427,-0.06200,+0.1611,+2.1162,+78.203,+4.401,+4.591,-0.70379,+0.190,-15.000,-0.379,+4.401,+6.256,-4.722,2,+3.521,+3.417,-0.34286,-0.104,-8.571,+0.208,+3.521,+6.256,+1.414,2,-1.913,-1.463,-0.11129,+0.449,-2.782,-0.898,-1.913,+6.256,+0.663,2,-2.253,-2.802,+0.03330,-0.549,+0.832,+1.099,-2.253,+6.256,+5.934,2,+1.789,+1.953,+1.213,+2.077
DRV,724158,+0.0000,+0.0000,+0.0000,+0.0000,+0.6456,+0.0372,-7.586,-0.423,-0.06136,+0.1608,+2.1008,+77.602,+4.239,+4.444,-0.71089,+0.205,-15.000,-0.410,+4.239,+6.208,-4.963,2,+3.400,+3.186,-0.33679,-0.214,-8.420,+0.428,+3.400,+6.208,+1.617,2,-1.789,-1.825,-0.11600,-0.036,-2.900,+0.071,-1.789,+6.208,+1.590,2,-2.117,-2.550,+0.04789,-0.433,+1.197,+0.866,-2.117,+6.208,+6.154,2,+1.894,+1.361,+1.191,+3.208
DRV,724162,+0.0000,+0.0000,+0.0000,+0.0000,+0.6153,+0.0350,-7.588,-0.418,-0.06042,+0.2573,+2.0784,+72.846,+4.073,+4.425,-0.72406,+0.351,-15.000,-0.703,+4.073,+5.828,-5.802,2,+3.278,+2.935,-0.32804,-0.343,-8.201,+0.685,+3.278,+5.828,+1.589,0,-1.668,-1.423,-0.11880,+0.245,-2.970,-0.491,-1.668,+5.828,+0.698,2,-1.984,-2.584,+0.06277,-0.599,+1.569,+1.199,-1.984,+5.828,+6.611,2,+1.841,+1.512,+0.809,+2.288
DRV,724166,+0.0000,+0.0000,+0.0000,+0.0000,+0.5850,+0.0326,-7.591,-0.411,-0.05928,+0.3155,+2.0505,+69.399,+3.905,+4.338,-0.73569,+0.434,-15.000,-0.867,+3.905,+5.552,-6.411,2,+3.152,+2.795,-0.31743,-0.358,-7.936,+0.715,+3.152,+5.552,+1.484,0,-1.550,-1.156,-0.12972,+0.393,-3.243,-0.787,-1.550,+5.552,-0.028,2,-1.854,-2.606,+0.08477,-0.752,+2.119,+1.504,-1.854,+5.552,+7.321,0,+1.732,+1.638,+0.910,+1.456
DRV,724170,+0.0000,+0.0000,+0.0000,+0.0000,+0.5546,+0.0301,-7.595,-0.402,-0.05778,+0.3736,+2.0135,+65.595,+3.731,+5.012,-0.76699,+1.281,-15.000,-2.561,+3.731,+5.248,-8.582,0,+3.024,+2.777,-0.30851,-0.247,-7.713,+0.493,+3.024,+5.248,+1.052,0,-1.435,-1.251,-0.13621,+0.183,-3.405,-0.367,-1.435,+5.248,+0.041,0,-1.729,-1.911,+0.09576,-0.182,+2.394,+0.365,-1.729,+5.248,+6.277,0,+3.101,+1.526,-2.305,+1.092
DRV,724174,+0.0000,+0.0000,+0.0000,+0.0000,+0.5243,+0.0278,-7.599,-0.391,-0.05632,+0.3564,+1.9768,+64.814,+3.559,+3.766,-0.78730,+0.207,-15.000,-0.415,+3.559,+5.185,-6.671,0,+2.894,+2.454,-0.28289,-0.440,-7.072,+0.880,+2.894,+5.185,+1.888,2,-1.320,-1.026,-0.14287,+0.294,-3.572,-0.587,-1.320,+5.185,-0.294,0,-1.603,-2.552,+0.09839,-0.949,+2.460,+1.898,-1.603,+5.185,+7.940,2,+1.214,+1.428,+1.269,+1.594
DRV,724178,+0.0000,+0.0000,+0.0000,+0.0000,+0.4939,+0.0255,-7.602,-0.382,-0.05497,+0.3392,+1.9419,+64.109,+3.387,+4.116,-0.77396,+0.729,-15.000,-1.457,+3.387,+5.129,-7.942,2,+2.766,+2.322,-0.27470,-0.443,-6.868,+0.887,+2.766,+5.129,+1.914,2,-1.205,-0.872,-0.15700,+0.333,-3.925,-0.665,-1.205,+5.129,-0.666,2,-1.476,-2.276,+0.12033,-0.800,+3.008,+1.601,-1.476,+5.129,+8.262,2,+1.840,+1.450,+0.320,+1.248
DRV,724182,+0.0000,+0.0000,+0.0000,+0.0000,+0.4635,+0.0234,-7.606,-0.373,-0.05374,+0.2750,+1.9099,+65.398,+3.217,+4.000,-0.79560,+0.783,-15.000,-1.567,+3.217,+5.232,-8.118,2,+2.637,+2.268,-0.26706,-0.369,-6.677,+0.738,+2.637,+5.232,+1.931,2,-1.089,-0.996,-0.16055,+0.093,-4.014,-0.186,-1.089,+5.232,-0.057,2,-1.347,-1.649,+0.13360,-0.302,+3.340,+0.605,-1.347,+5.232,+7.830,2,+2.351,+1.273,-0.288,+1.874
DRV,724186,+0.0000,+0.0000,+0.0000,+0.0000,+0.4331,+0.0216,-7.608,-0.366,-0.05289,+0.2109,+1.8876,+67.067,+3.052,+2.829,-0.79572,-0.223,-15.000,+0.446,+3.052,+5.365,-6.137,2,+2.512,+2.186,-0.26027,-0.327,-6.507,+0.653,+2.512,+5.365,+2.024,2,-0.969,-1.091,-0.15805,-0.122,-3.951,+0.244,-0.969,+5.365,+0.689,2,-1.212,-0.907,+0.13067,+0.305,+3.267,-0.611,-1.212,+5.365,+6.809,2,+1.922,+1.095,+0.672,+2.713
DRV,724190,+0.0000,+0.0000,+0.0000,+0.0000,+0.4027,+0.0198,-7.610,-0.361,-0.05219,+0.1434,+1.8686,+69.007,+2.888,+2.884,-0.78961,-0.004,-15.000,+0.008,+2.888,+5.521,-6.583,2,+2.389,+2.109,-0.25547,-0.279,-6.387,+0.559,+2.389,+5.521,+2.081,2,-0.848,-1.254,-0.14946,-0.405,-3.736,+0.810,-0.848,+5.521,+1.746,2,-1.076,-1.009,+0.12577,+0.067,+3.144,-0.133,-1.076,+5.521,+7.455,2,+1.875,+0.855,+0.872,+3.827
DRV,724194,+0.0000,+0.0000,+0.0000,+0.0000,+0.3722,+0.0183,-7.611,-0.359,-0.05188,+0.0761,+1.8604,+71.369,+2.730,+2.514,-0.78558,-0.216,-15.000,+0.433,+2.730,+5.710,-6.127,2,+2.269,+2.151,-0.25330,-0.118,-6.333,+0.235,+2.269,+5.710,+1.881,2,-0.724,-1.359,-0.13315,-0.635,-3.329,+1.270,-0.724,+5.710,+2.927,2,-0.935,-1.219,+0.13207,-0.284,+3.302,+0.569,-0.935,+5.710,+8.645,2,+1.295,+0.793,+2.518,+4.808
DRV,724198,+0.0000,+0.0000,+0.0000,+0.0000,+0.3418,+0.0167,-7.611,-0.358,-0.05161,+0.0595,+1.8530,+71.742,+2.573,+2.690,-0.78321,+0.117,-15.000,-0.234,+2.573,+5.739,-6.922,2,+2.149,+1.960,-0.25069,-0.189,-6.267,+0.378,+2.149,+5.739,+1.999,2,-0.598,-0.952,-0.12136,-0.353,-3.034,+0.707,-0.598,+5.739,+2.814,2,-0.792,-0.728,+0.13274,+0.064,+3.318,-0.128,-0.792,+5.739,+8.137,2,+1.962,+1.009,+1.215,+4.812
DRV,724202,+0.0000,+0.0000,+0.0000,+0.0000,+0.3114,+0.0152,-7.611,-0.357,-0.05144,+0.0429,+1.8484,+72.219,+2.417,+2.209,-0.78132,-0.208,-15.000,+0.416,+2.417,+5.778,-6.390,2,+2.031,+1.962,-0.25030,-0.068,-6.258,+0.137,+2.031,+5.778,+1.688,0,-0.472,-1.190,-0.10526,-0.717,-2.632,+1.435,-0.472,+5.778,+4.109,2,-0.649,-1.053,+0.13777,-0.404,+3.444,+0.808,-0.649,+5.778,+9.381,2,+1.156,+0.772,+2.991,+5.796
DRV,724206,+0.0000,+0.0000,+0.0000,+0.0000,+0.2809,+0.0137,-7.611,-0.358,-0.05109,+0.1306,+1.8389,+68.332,+2.258,+2.808,-0.78223,+0.550,-15.000,-1.099,+2.258,+5.467,-8.374,0,+1.910,+2.110,-0.25407,+0.200,-6.352,-0.401,+1.910,+5.467,+0.625,0,-0.348,-1.110,-0.08486,-0.762,-2.122,+1.523,-0.348,+5.467,+4.520,2,-0.508,-1.054,+0.15022,-0.547,+3.755,+1.093,-0.508,+5.467,+9.808,0,+1.753,+1.001,+1.433,+5.145
DRV,724210,+0.0000,+0.0000,+0.0000,+0.0000,+0.2505,+0.0121,-7.612,-0.354,-0.05022,+0.2181,+1.8149,+63.874,+2.093,+3.978,-0.81642,+1.886,-15.000,-3.771,+2.093,+5.110,-11.569,0,+1.784,+2.273,-0.25101,+0.489,-6.275,-0.978,+1.784,+5.110,-0.360,2,-0.230,-0.580,-0.07144,-0.350,-1.786,+0.701,-0.230,+5.110,+3.795,0,-0.373,-0.589,+0.15418,-0.215,+3.854,+0.431,-0.373,+5.110,+9.022,0,+3.389,+1.692,-2.547,+3.435
DRV,724214,+0.0000,+0.0000,+0.0000,+0.0000,+0.2200,+0.0104,-7.614,-0.349,-0.04910,+0.3413,+1.7837,+57.693,+1.924,+3.596,-0.85980,+1.672,-15.000,-3.344,+1.924,+4.615,-11.805,0,+1.654,+1.983,-0.25962,+0.329,-6.490,-0.658,+1.654,+4.615,-0.879,2,-0.115,-0.029,-0.06928,+0.086,-1.732,-0.173,-0.115,+4.615,+2.595,0,-0.243,-0.652,+0.16032,-0.409,+4.008,+0.819,-0.243,+4.615,+9.199,0,+2.944,+1.954,-2.606,+1.716
DRV,724218,+0.0000,+0.0000,+0.0000,+0.0000,+0.1896,+0.0086,-7.618,-0.338,-0.04724,+0.4642,+1.7305,+50.651,+1.745,+3.032,-0.87580,+1.287,-15.000,-2.575,+1.745,+4.052,-11.778,2,+1.514,+1.328,-0.25942,-0.186,-6.485,+0.372,+1.514,+4.052,-0.547,2,-0.010,+0.179,-0.07211,+0.189,-1.803,-0.377,-0.010,+4.052,+1.862,2,-0.122,-1.260,+0.18372,-1.138,+4.593,+2.277,-0.122,+4.052,+10.800,2,+1.772,+1.507,-0.978,+1.315
DRV,724222,+0.0000,+0.0000,+0.0000,+0.0000,+0.1591,+0.0070,-7.622,-0.326,-0.04544,+0.4359,+1.6774,+49.661,+1.566,+2.330,-0.90474,+0.764,-15.000,-1.528,+1.566,+3.973,-10.989,2,+1.374,+0.922,-0.24893,-0.452,-6.223,+0.904,+1.374,+3.973,+0.028,2,+0.095,+0.228,-0.07575,+0.133,-1.894,-0.267,+0.095,+3.973,+1.908,2,-0.001,-0.979,+0.21477,-0.979,+5.369,+1.957,-0.001,+3.973,+11.299,2,+1.350,+1.151,+0.310,+1.936
DRV,724226,+0.0000,+0.0000,+0.0000,+0.0000,+0.1286,+0.0055,-7.625,-0.315,-0.04381,+0.4077,+1.6278,+48.806,+1.389,+1.341,-0.91205,-0.048,-15.000,+0.096,+1.389,+3.904,-9.610,2,+1.235,+0.840,-0.23810,-0.395,-5.952,+0.790,+1.235,+3.904,-0.022,2,+0.201,+0.384,-0.07902,+0.183,-1.976,-0.366,+0.201,+3.904,+1.764,2,+0.122,-0.344,+0.23050,-0.467,+5.762,+0.934,+0.122,+3.904,+10.723,2,+0.997,+1.225,+1.113,+1.741
DRV,724230,+0.0000,+0.0000,+0.0000,+0.0000,+0.0981,+0.0040,-7.628,-0.305,-0.04230,+0.3475,+1.5805,+49.320,+1.213,+0.777,-0.90654,-0.437,-15.000,+0.873,+1.213,+3.946,-8.968,2,+1.097,+0.674,-0.22769,-0.423,-5.692,+0.846,+1.097,+3.946,+0.196,2,+0.308,+0.553,-0.08424,+0.245,-2.106,-0.490,+0.308,+3.946,+1.657,2,+0.247,-0.238,+0.24359,-0.486,+6.090,+0.971,+0.247,+3.946,+11.253,2,+0.538,+1.227,+2.285,+1.854
DRV,724234,+0.0000,+0.0000,+0.0000,+0.0000,+0.0676,+0.0027,-7.630,-0.299,-0.04115,+0.2876,+1.5435,+50.237,+1.043,-0.869,-0.87658,-1.912,-15.000,+3.824,+1.043,+4.019,-6.115,2,+0.963,+0.439,-0.21569,-0.524,-5.392,+1.048,+0.963,+4.019,+0.637,2,+0.419,+0.535,-0.08782,+0.116,-2.196,-0.231,+0.419,+4.019,+2.011,2,+0.377,+0.275,+0.25109,-0.102,+6.277,+0.204,+0.377,+4.019,+10.877,2,-0.595,+0.973,+4.762,+2.649
DRV,724238,+0.0000,+0.0000,+0.0000,+0.0000,+0.0371,+0.0015,-7.631,-0.295,-0.03998,+0.2979,+1.5049,+48.280,+0.871,-0.953,-0.82254,-1.824,-15.000,+3.649,+0.871,+3.862,-6.618,2,+0.827,+0.261,-0.20171,-0.566,-5.043,+1.132,+0.827,+3.862,+0.779,2,+0.529,+0.604,-0.08902,+0.075,-2.225,-0.150,+0.529,+3.862,+2.016,2,+0.506,+0.831,+0.24612,+0.325,+6.153,-0.649,+0.506,+3.862,+9.872,2,-0.123,+0.865,+3.254,+2.795
DRV,724242,+0.0000,+0.0000,+0.0000,+0.0000,+0.0066,+0.0003,-7.631,-0.295,-0.03875,+0.3082,+1.4631,+46.197,+0.699,-0.165,-0.79048,-0.863,-15.000,+1.727,+0.699,+3.696,-8.879,2,+0.691,+0.185,-0.18887,-0.505,-4.722,+1.010,+0.691,+3.696,+0.675,0,+0.638,+0.759,-0.09055,+0.121,-2.264,-0.243,+0.638,+3.696,+1.827,2,+0.634,+0.614,+0.23977,-0.020,+5.994,+0.040,+0.634,+3.696,+10.364,0,+0.449,+0.945,+1.485,+2.502
DRV,724246,+0.0000,+0.0000,+0.0000,+0.0000,+0.0000,+0.0000,+0.000,+0.000,-0.03731,+0.4108,+1.4129,+40.082,+0.642,+0.598,-0.78337,-0.045,-15.000,+0.089,+0.642,+3.207,-11.062,0,+0.642,+0.176,-0.17562,-0.467,-4.391,+0.933,+0.642,+3.207,+0.392,0,+0.642,+0.913,-0.09533,+0.271,-2.383,-0.541,+0.642,+3.207,+0.925,0,+0.642,+0.132,+0.25148,-0.510,+6.287,+1.021,+0.642,+3.207,+11.157,0,+0.730,+1.089,+0.095,+1.316
DRV,724250,+0.0000,+0.0000,+0.0000,+0.0000,+0.0000,+0.0000,+0.000,+0.000,-0.03526,+0.5131,+1.3378,+32.988,+0.608,+1.519,-0.79011,+0.910,-15.000,-1.821,+0.608,+2.639,-13.573,2,+0.608,+0.244,-0.16548,-0.365,-4.137,+0.729,+0.608,+2.639,-0.160,2,+0.608,+0.856,-0.10168,+0.248,-2.542,-0.496,+0.608,+2.639,+0.209,0,+0.608,+0.517,+0.25932,-0.091,+6.483,+0.182,+0.608,+2.639,+9.912,2,+2.036,+1.100,-3.661,+0.049
DRV,724254,+0.0000,+0.0000,+0.0000,+0.0000,+0.0000,+0.0000,+0.000,+0.000,-0.03316,+0.5334,+1.2568,+28.936,+0.571,+2.343,-0.82843,+1.771,-15.000,-3.542,+0.571,+2.315,-15.656,2,+0.571,+0.357,-0.15893,-0.215,-3.973,+0.430,+0.571,+2.315,-0.657,2,+0.571,+0.637,-0.10050,+0.065,-2.512,-0.130,+0.571,+2.315,+0.244,2,+0.571,+0.316,+0.26280,-0.256,+6.570,+0.512,+0.571,+2.315,+9.968,2,+2.658,+0.993,-5.688,-0.414
DRV,724258,+0.0000,+0.0000,+0.0000,+0.0000,+0.0000,+0.0000,+0.000,+0.000,-0.03095,+0.5536,+1.1648,+24.449,+0.530,+1.549,-0.86240,+1.019,-15.000,-2.038,+0.530,+1.956,-14.553,2,+0.530,+0.427,-0.15609,-0.102,-3.902,+0.205,+0.530,+1.956,-1.212,2,+0.530,+0.389,-0.09958,-0.141,-2.489,+0.282,+0.530,+1.956,+0.278,2,+0.530,-0.161,+0.27599,-0.691,+6.900,+1.382,+0.530,+1.956,+10.767,2,+1.388,+0.816,-3.786,-0.934
DRV,724262,+0.0000,+0.0000,+0.0000,+0.0000,+0.0000,+0.0000,+0.000,+0.000,-0.02907,+0.3840,+1.0809,+27.874,+0.492,+0.300,-0.86672,-0.192,-15.000,+0.383,+0.492,+2.230,-11.895,2,+0.492,+0.329,-0.15389,-0.162,-3.847,+0.325,+0.492,+2.230,-0.801,2,+0.492,+0.186,-0.09354,-0.306,-2.339,+0.611,+0.492,+2.230,+0.994,2,+0.492,-0.426,+0.29737,-0.918,+7.434,+1.836,+0.492,+2.230,+11.991,2,-0.126,+0.515,+0.096,+0.193
DRV,724266,+0.0000,+0.0000,+0.0000,+0.0000,+0.0000,+0.0000,+0.000,+0.000,-0.02821,+0.2150,+1.0401,+33.002,+0.473,+0.273,-0.86124,-0.200,-15.000,+0.399,+0.473,+2.640,-11.487,2,+0.473,+0.088,-0.14611,-0.385,-3.653,+0.769,+0.473,+2.640,+0.230,2,+0.473,+0.029,-0.08384,-0.444,-2.096,+0.888,+0.473,+2.640,+1.905,2,+0.473,-0.503,+0.32203,-0.976,+8.051,+1.952,+0.473,+2.640,+13.116,2,-0.230,+0.117,+1.629,+2.135
DRV,724270,+0.0000,+0.0000,+0.0000,+0.0000,+0.0000,+0.0000,+0.000,+0.000,-0.02762,+0.0813,+1.0111,+37.190,+0.460,-0.634,-0.84465,-1.094,-15.000,+2.188,+0.460,+2.975,-9.377,2,+0.460,+0.037,-0.13566,-0.423,-3.391,+0.846,+0.460,+2.975,+0.890,2,+0.460,+0.149,-0.07454,-0.311,-1.863,+0.622,+0.460,+2.975,+2.194,2,+0.460,-0.101,+0.33938,-0.560,+8.485,+1.121,+0.460,+2.975,+13.040,2,-0.735,+0.185,+3.663,+3.083
DRV,724274,+0.0000,+0.0000,+0.0000,+0.0000,+0.0000,+0.0000,+0.000,+0.000,-0.02783,-0.0520,+1.0214,+42.935,+0.464,-1.196,-0.80578,-1.661,-15.000,+3.322,+0.464,+3.435,-7.779,2,+0.464,+0.025,-0.12478,-0.439,-3.120,+0.878,+0.464,+3.435,+1.658,2,+0.464,+0.371,-0.06980,-0.093,-1.745,+0.186,+0.464,+3.435,+2.340,2,+0.464,+0.403,+0.34681,-0.062,+8.670,+0.123,+0.464,+3.435,+12.692,2,-0.793,+0.397,+4.913,+3.998
DRV,724278,+0.0000,+0.0000,+0.0000,+0.0000,+0.0000,+0.0000,+0.000,+0.000,-0.02804,-0.0540,+1.0317,+43.431,+0.469,-0.515,-0.77676,-0.984,-15.000,+1.968,+0.469,+3.474,-9.088,0,+0.469,+0.216,-0.11647,-0.253,-2.912,+0.506,+0.469,+3.474,+1.538,0,+0.469,+0.742,-0.07453,+0.273,-1.863,-0.547,+0.469,+3.474,+1.534,2,+0.469,+0.916,+0.33939,+0.447,+8.485,-0.895,+0.469,+3.474,+11.534,0,+0.401,+0.958,+2.446,+3.072
DRV,724282,+0.0000,+0.0000,+0.0000,+0.0000,+0.0000,+0.0000,+0.000,+0.000,-0.02827,-0.0560,+1.0426,+43.946,+0.474,-1.236,-0.74263,-1.710,-15.000,+3.420,+0.474,+3.516,-7.590,0,+0.474,+0.312,-0.11226,-0.162,-2.806,+0.325,+0.474,+3.516,+1.508,0,+0.474,+0.753,-0.08220,+0.279,-2.055,-0.558,+0.474,+3.516,+1.377,0,+0.474,+1.301,+0.32405,+0.827,+8.101,-1.653,+0.474,+3.516,+10.438,0,+0.065,+1.065,+2.848,+2.885
DRV,724286,+0.0000,+0.0000,+0.0000,+0.0000,+0.0000,+0.0000,+0.000,+0.000,-0.02836,+0.0087,+1.0472,+41.538,+0.476,-1.398,-0.70420,-1.874,-15.000,+3.749,+0.476,+3.323,-7.452,0,+0.476,+0.334,-0.10642,-0.142,-2.660,+0.284,+0.476,+3.323,+1.423,2,+0.476,+0.690,-0.08902,+0.213,-2.225,-0.427,+0.476,+3.323,+1.147,0,+0.476,+1.625,+0.30649,+1.148,+7.662,-2.297,+0.476,+3.323,+9.165,2,+0.226,+1.024,+1.712,+2.570
DRV,724290,+0.0000,+0.0000,+0.0000,+0.0000,+0.0000,+0.0000,+0.000,+0.000,-0.02807,+0.0733,+1.0330,+38.388,+0.470,-0.606,-0.66743,-1.076,-15.000,+2.152,+0.470,+3.071,-9.308,2,+0.470,+0.314,-0.10263,-0.156,-2.566,+0.312,+0.470,+3.071,+1.287,2,+0.470,+0.660,-0.08983,+0.191,-2.246,-0.381,+0.470,+3.071,+0.914,2,+0.470,+1.335,+0.27845,+0.865,+6.961,-1.730,+0.470,+3.071,+8.772,2,+0.729,+0.974,-0.535,+2.201
DRV,724294,+0.0000,+0.0000,+0.0000,+0.0000,+0.0000,+0.0000,+0.000,+0.000,-0.02762,+0.1487,+1.0112,+34.499,+0.460,-0.043,-0.65080,-0.503,-15.000,+1.005,+0.460,+2.760,-10.775,2,+0.460,+0.233,-0.09712,-0.227,-2.428,+0.454,+0.460,+2.760,+1.246,2,+0.460,+0.682,-0.09430,+0.222,-2.357,-0.444,+0.460,+2.760,+0.418,2,+0.460,+0.623,+0.26785,+0.163,+6.696,-0.327,+0.460,+2.760,+9.589,2,+0.580,+0.915,-1.186,+1.664
DRV,724298,+0.0000,+0.0000,+0.0000,+0.0000,+0.0000,+0.0000,+0.000,+0.000,-0.02673,+0.2239,+0.9656,+29.669,+0.439,+0.206,-0.64194,-0.234,-15.000,+0.467,+0.439,+2.373,-11.720,2,+0.439,+0.208,-0.09133,-0.231,-2.283,+0.461,+0.439,+2.373,+0.991,2,+0.439,+0.806,-0.10192,+0.367,-2.548,-0.734,+0.439,+2.373,-0.470,2,+0.439,+0.689,+0.26176,+0.250,+6.544,-0.500,+0.439,+2.373,+8.857,2,+0.895,+1.015,-2.864,+0.521
DRV,724302,+0.0000,+0.0000,+0.0000,+0.0000,+0.0000,+0.0000,+0.000,+0.000,-0.02585,+0.2173,+0.9185,+28.049,+0.418,+0.367,-0.64012,-0.051,-15.000,+0.101,+0.418,+2.244,-12.237,2,+0.418,+0.204,-0.08568,-0.214,-2.142,+0.428,+0.418,+2.244,+0.948,2,+0.418,+0.709,-0.11008,+0.291,-2.752,-0.582,+0.418,+2.244,-0.672,2,+0.418,+0.018,+0.26472,-0.400,+6.618,+0.799,+0.418,+2.244,+10.079,2,+0.385,+0.912,-2.159,+0.276
DRV,724306,+0.0000,+0.0000,+0.0000,+0.0000,+0.0000,+0.0000,+0.000,+0.000,-0.02500,+0.2108,+0.8712,+26.416,+0.396,+0.133,-0.63655,-0.263,-15.000,+0.526,+0.396,+2.113,-11.964,2,+0.396,+0.232,-0.08095,-0.164,-2.024,+0.328,+0.396,+2.113,+0.813,2,+0.396,+0.222,-0.11072,-0.174,-2.768,+0.349,+0.396,+2.113,+0.090,2,+0.396,-0.013,+0.27712,-0.409,+6.928,+0.819,+0.396,+2.113,+10.256,2,+0.120,+0.454,-1.708,+0.903
DRV,724310,+0.0000,+0.0000,+0.0000,+0.0000,+0.0000,+0.0000,+0.000,+0.000,-0.02435,+0.1170,+0.8325,+28.622,+0.379,-0.800,-0.61660,-1.178,-15.000,+2.356,+0.379,+2.290,-9.975,2,+0.379,+0.298,-0.07788,-0.081,-1.947,+0.161,+0.379,+2.290,+0.882,2,+0.379,-0.635,-0.09423,-1.014,-2.356,+2.027,+0.379,+2.290,+2.340,2,+0.379,+0.294,+0.28211,-0.084,+7.053,+0.169,+0.379,+2.290,+9.890,2,-0.505,-0.337,-0.086,+3.222
DRV,724314,+0.0000,+0.0000,+0.0000,+0.0000,+0.0000,+0.0000,+0.000,+0.000,-0.02425,+0.0234,+0.8268,+32.135,+0.376,-1.568,-0.57339,-1.944,-14.335,+3.889,+0.376,+2.571,-7.499,2,+0.376,+0.324,-0.07647,-0.052,-1.912,+0.104,+0.376,+2.571,+1.140,0,+0.376,-1.128,-0.05868,-1.504,-1.467,+3.008,+0.376,+2.571,+4.488,2,+0.376,+0.463,+0.28084,+0.088,+7.021,-0.175,+0.376,+2.571,+9.793,2,-1.105,-0.804,+2.293,+5.628
DRV,724318,+0.0000,+0.0000,+0.0000,+0.0000,+0.0000,+0.0000,+0.000,+0.000,-0.02424,-0.0155,+0.8259,+33.652,+0.376,-1.913,-0.51909,-2.289,-12.977,+4.577,+0.376,+2.692,-5.332,0,+0.376,+0.224,-0.07394,-0.151,-1.849,+0.303,+0.376,+2.692,+1.522,0,+0.376,-0.616,-0.03085,-0.991,-0.771,+1.982,+0.376,+2.692,+4.279,2,+0.376,+0.953,+0.27147,+0.577,+6.787,-1.154,+0.376,+2.692,+8.700,0,-0.960,-0.391,+3.368,+5.801
DRV,724322,+0.0000,+0.0000,+0.0000,+0.0000,+0.0000,+0.0000,+0.000,+0.000,-0.02445,-0.0542,+0.8390,+35.727,+0.381,-2.190,-0.44933,-2.571,-11.233,+5.142,+0.381,+2.858,-2.851,0,+0.381,+0.021,-0.06593,-0.361,-1.648,+0.721,+0.381,+2.858,+2.313,2,+0.381,-0.683,-0.00481,-1.065,-0.120,+2.130,+0.381,+2.858,+5.249,0,+0.381,+1.341,+0.25763,+0.960,+6.441,-1.920,+0.381,+2.858,+7.761,2,-0.848,-0.662,+4.909,+7.562
DRV,724326,+0.0000,+0.0000,+0.0000,+0.0000,+0.0000,+0.0000,+0.000,+0.000,-0.02438,+0.0909,+0.8345,+29.747,+0.379,-0.445,-0.41826,-0.825,-10.456,+1.650,+0.379,+2.380,-6.047,2,+0.379,+0.008,-0.05633,-0.372,-1.408,+0.744,+0.379,+2.380,+2.095,2,+0.379,-0.214,+0.01208,-0.594,+0.302,+1.187,+0.379,+2.380,+4.248,2,+0.379,+1.307,+0.23463,+0.928,+5.866,-1.856,+0.379,+2.380,+6.769,2,+0.862,-0.206,+0.722,+6.343
DRV,724330,+0.0000,+0.0000,+0.0000,+0.0000,+0.0000,+0.0000,+0.000,+0.000,-0.02344,+0.2356,+0.7757,+21.606,+0.353,+1.332,-0.43338,+0.979,-10.834,-1.958,+0.353,+1.728,-10.711,2,+0.353,+0.068,-0.04921,-0.285,-1.230,+0.570,+0.353,+1.728,+1.421,2,+0.353,+0.253,+0.01766,-0.100,+0.442,+0.200,+0.353,+1.728,+2.723,2,+0.353,+0.998,+0.21606,+0.646,+5.401,-1.292,+0.353,+1.728,+6.191,2,+2.330,+0.320,-4.520,+4.144
DRV,724334,+0.0000,+0.0000,+0.0000,+0.0000,+0.0000,+0.0000,+0.000,+0.000,-0.02203,+0.4668,+0.6786,+8.472,+0.309,-0.568,-0.42947,-0.877,-10.737,+1.753,+0.309,+0.678,-7.997,2,+0.309,-0.195,-0.03839,-0.504,-0.960,+1.007,+0.309,+0.678,+1.034,2,+0.309,+0.022,+0.02235,-0.286,+0.559,+0.572,+0.309,+0.678,+2.117,2,+0.309,+0.674,+0.20540,+0.366,+5.135,-0.731,+0.309,+0.678,+5.390,2,+0.106,-0.173,-2.607,+3.151
DRV,724338,+0.0000,+0.0000,+0.0000,+0.0000,+0.0000,+0.0000,+0.000,+0.000,-0.01924,+0.6974,+0.4242,-10.927,+0.193,-0.030,-0.41384,-0.223,-10.346,+0.446,+0.193,-0.874,-10.581,2,+0.193,-0.010,-0.03043,-0.203,-0.761,+0.406,+0.193,-0.874,-1.036,2,+0.193,+0.000,+0.02800,-0.193,+0.700,+0.386,+0.193,-0.874,+0.405,2,+0.193,+0.589,+0.19533,+0.396,+4.883,-0.793,+0.193,-0.874,+3.409,2,+0.559,-0.010,-7.172,-0.632
DRV,724342,+0.0000,+0.0000,+0.0000,+0.0000,+0.0000,+0.0000,+0.000,+0.000,-0.01626,+0.7936,+0.0000,-31.745,+0.000,-0.386,-0.41155,-0.386,-10.289,+0.772,+0.000,-2.540,-12.056,2,+0.000,-0.048,-0.02852,-0.048,-0.713,+0.095,+0.000,-2.540,-3.157,2,+0.000,-0.271,+0.03336,-0.271,+0.834,+0.542,+0.000,-2.540,-1.164,2,+0.000,+0.178,+0.18880,+0.178,+4.720,-0.357,+0.000,-2.540,+1.824,2,-0.208,-0.319,-10.232,-4.321
DRV,724346,+0.0000,+0.0000,+0.0000,+0.0000,+0.0000,+0.0000,+0.000,+0.000,-0.01270,+0.8896,+0.0000,-35.583,+0.000,-1.958,-0.37741,-1.958,-9.435,+3.917,+0.000,-2.847,-8.365,2,+0.000,-0.559,-0.02047,-0.559,-0.512,+1.119,+0.000,-2.847,-2.240,2,+0.000,-0.247,+0.04027,-0.247,+1.007,+0.494,+0.000,-2.847,-1.346,2,+0.000,+0.283,+0.18267,+0.283,+4.567,-0.566,+0.000,-2.847,+1.155,2,-1.676,-0.806,-7.211,-3.586
DRV,724350,+0.0000,+0.0000,+0.0000,+0.0000,+0.0000,+0.0000,+0.000,+0.000,-0.00938,+0.7726,+0.0000,-30.904,+0.000,-1.684,-0.32986,-1.684,-8.246,+3.368,+0.000,-2.472,-7.350,2,+0.000,-0.909,+0.00139,-0.909,+0.035,+1.819,+0.000,-2.472,-0.619,2,+0.000,-0.094,+0.04410,-0.094,+1.102,+0.189,+0.000,-2.472,-1.181,2,+0.000,+0.252,+0.17653,+0.252,+4.413,-0.504,+0.000,-2.472,+1.437,2,-1.432,-1.004,-5.913,-1.800
DRV,724354,+0.0000,+0.0000,+0.0000,+0.0000,+0.0000,+0.0000,+0.000,+0.000,-0.00675,+0.6560,+0.0000,-26.239,+0.000,-1.418,-0.29496,-1.418,-7.374,+2.835,+0.000,-2.099,-6.638,2,+0.000,-0.803,+0.02363,-0.803,+0.591,+1.607,+0.000,-2.099,+0.099,0,+0.000,-0.005,+0.04525,-0.005,+1.131,+0.010,+0.000,-2.099,-0.958,2,+0.000,+0.151,+0.17193,+0.151,+4.298,-0.302,+0.000,-2.099,+1.897,0,-1.266,-0.808,-4.741,-0.860
DRV,724358,+0.0000,+0.0000,+0.0000,+0.0000,+0.0000,+0.0000,+0.000,+0.000,-0.00466,+0.3942,+0.0000,-15.768,+0.000,-1.442,-0.25930,-1.442,-6.482,+2.885,+0.000,-1.261,-4.859,0,+0.000,-0.641,+0.03705,-0.641,+0.926,+1.283,+0.000,-1.261,+0.948,2,+0.000,-0.059,+0.04563,-0.059,+1.141,+0.117,+0.000,-1.261,-0.003,0,+0.000,+0.167,+0.16886,+0.167,+4.222,-0.335,+0.000,-1.261,+2.625,0,-1.275,-0.700,-2.234,+0.944
DRV,724362,+0.0000,+0.0000,+0.0000,+0.0000,+0.0000,+0.0000,+0.000,+0.000,-0.00412,+0.1332,+0.0000,-5.328,+0.000,-1.129,-0.23590,-1.129,-5.898,+2.257,+0.000,-0.426,-4.066,2,+0.000,-0.276,+0.04703,-0.276,+1.176,+0.551,+0.000,-0.426,+1.301,2,+0.000,-0.133,+0.04794,-0.133,+1.198,+0.265,+0.000,-0.426,+1.037,0,+0.000,+0.202,+0.16464,+0.202,+4.116,-0.403,+0.000,-0.426,+3.286,2,-0.927,-0.408,-0.780,+2.338
DRV,724366,+0.0000,+0.0000,+0.0000,+0.0000,+0.0000,+0.0000,+0.000,+0.000,-0.00406,-0.0999,+0.0000,+3.994,+0.000,-0.804,-0.21174,-0.804,-5.294,+1.608,+0.000,+0.320,-3.366,2,+0.000,-0.099,+0.05009,-0.099,+1.252,+0.198,+0.000,+0.320,+1.770,2,+0.000,-0.103,+0.05100,-0.103,+1.275,+0.206,+0.000,+0.320,+1.801,2,+0.000,+0.563,+0.15275,+0.563,+3.819,-1.126,+0.000,+0.320,+3.012,2,-0.241,-0.202,-0.354,+3.571
DRV,724370,+0.0000,+0.0000,+0.0000,+0.0000,+0.0000,+0.0000,+0.000,+0.000,-0.00539,-0.3322,+0.0000,+13.289,+0.000,-0.422,-0.19640,-0.422,-4.910,+0.844,+0.000,+1.063,-3.003,2,+0.000,-0.444,+0.05776,-0.444,+1.444,+0.889,+0.000,+1.063,+3.396,2,+0.000,+0.030,+0.05177,+0.030,+1.294,-0.060,+0.000,+1.063,+2.297,2,+0.000,+0.380,+0.14087,+0.380,+3.522,-0.760,+0.000,+1.063,+3.825,2,-0.042,-0.414,+0.822,+5.693
DRV,724374,+0.0000,+0.0000,+0.0000,+0.0000,+0.0000,+0.0000,+0.000,+0.000,-0.00693,-0.4388,+0.0000,+17.551,+0.000,-0.094,-0.19295,-0.094,-4.824,+0.189,+0.000,+1.404,-3.231,2,+0.000,-0.235,+0.06658,-0.235,+1.665,+0.469,+0.000,+1.404,+3.538,2,+0.000,+0.335,+0.04563,+0.335,+1.141,-0.670,+0.000,+1.404,+1.874,2,+0.000,+0.519,+0.12898,+0.519,+3.224,-1.039,+0.000,+1.404,+3.590,2,+0.425,+0.101,+0.359,+5.412
DRV,724378,+0.0000,+0.0000,+0.0000,+0.0000,+0.0000,+0.0000,+0.000,+0.000,-0.00911,-0.5450,+0.0000,+21.800,+0.000,-0.655,-0.18068,-0.655,-4.517,+1.309,+0.000,+1.744,-1.464,2,+0.000,-0.088,+0.06927,-0.088,+1.732,+0.175,+0.000,+1.744,+3.651,2,+0.000,+0.190,+0.03988,+0.190,+0.997,-0.380,+0.000,+1.744,+2.361,2,+0.000,+0.382,+0.11747,+0.382,+2.937,-0.765,+0.000,+1.744,+3.916,2,-0.272,+0.102,+2.452,+6.013
DRV,724382,+0.0000,+0.0000,+0.0000,+0.0000,+0.0000,+0.0000,+0.000,+0.000,-0.01109,-0.4780,+0.0000,+19.119,+0.000,-0.241,-0.17032,-0.241,-4.258,+0.483,+0.000,+1.529,-2.246,2,+0.000,-0.028,+0.07080,-0.028,+1.770,+0.056,+0.000,+1.529,+3.356,2,+0.000,+0.388,+0.03183,+0.388,+0.796,-0.776,+0.000,+1.529,+1.549,2,+0.000,+0.397,+0.10712,+0.397,+2.678,-0.793,+0.000,+1.529,+3.414,2,+0.155,+0.360,+1.168,+4.905
DRV,724386,+0.0000,+0.0000,+0.0000,+0.0000,+0.0000,+0.0000,+0.000,+0.000,-0.01300,-0.4770,+0.0000,+19.080,+0.000,-0.367,-0.16265,-0.367,-4.066,+0.734,+0.000,+1.526,-1.806,2,+0.000,-0.020,+0.07119,-0.020,+1.780,+0.039,+0.000,+1.526,+3.345,2,+0.000,+0.284,+0.02416,+0.284,+0.604,-0.568,+0.000,+1.526,+1.562,2,+0.000,+0.323,+0.09830,+0.323,+2.457,-0.646,+0.000,+1.526,+3.338,2,-0.044,+0.265,+1.533,+4.907
DRV,724390,+0.0000,+0.0000,+0.0000,+0.0000,+0.0000,+0.0000,+0.000,+0.000,-0.01381,-0.1112,+0.0000,+4.449,+0.000,-0.232,-0.15498,-0.232,-3.875,+0.463,+0.000,+0.356,-3.055,0,+0.000,-0.035,+0.07195,-0.035,+1.799,+0.070,+0.000,+0.356,+2.224,0,+0.000,+0.355,+0.01649,+0.355,+0.412,-0.710,+0.000,+0.356,+0.058,2,+0.000,+0.410,+0.08833,+0.410,+2.208,-0.819,+0.000,+0.356,+1.745,0,+0.178,+0.320,-1.310,+2.282
DRV,724394,+0.0000,+0.0000,+0.0000,+0.0000,+0.0000,+0.0000,+0.000,+0.000,-0.01425,-0.1110,+0.0000,+4.440,+0.000,-0.436,-0.14655,-0.436,-3.664,+0.872,+0.000,+0.355,-2.437,0,+0.000,-0.340,+0.07732,-0.340,+1.933,+0.681,+0.000,+0.355,+2.969,0,+0.000,+0.443,+0.00652,+0.443,+0.163,-0.885,+0.000,+0.355,-0.367,0,+0.000,+0.163,+0.08142,+0.163,+2.036,-0.325,+0.000,+0.355,+2.066,0,-0.273,+0.102,-0.371,+2.602
DRV,724398,+0.0000,+0.0000,+0.0000,+0.0000,+0.0000,+0.0000,+0.000,+0.000,-0.01366,+0.2354,+0.0000,-9.418,+0.000,-0.448,-0.13773,-0.448,-3.443,+0.896,+0.000,-0.753,-3.300,0,+0.000,-0.237,+0.08307,-0.237,+2.077,+0.475,+0.000,-0.753,+1.798,2,+0.000,+0.494,-0.00499,+0.494,-0.125,-0.988,+0.000,-0.753,-1.866,0,+0.000,+0.247,+0.07797,+0.247,+1.949,-0.493,+0.000,-0.753,+0.703,2,-0.202,+0.257,-2.597,-0.068
DRV,724402,+0.0000,+0.0000,+0.0000,+0.0000,+0.0000,+0.0000,+0.000,+0.000,-0.01271,+0.2350,+0.0000,-9.399,+0.000,-0.435,-0.12775,-0.435,-3.194,+0.870,+0.000,-0.752,-3.076,2,+0.000,-0.143,+0.08576,-0.143,+2.144,+0.285,+0.000,-0.752,+1.677,2,+0.000,+0.299,-0.01227,+0.299,-0.307,-0.597,+0.000,-0.752,-1.656,2,+0.000,+0.359,+0.06953,+0.359,+1.738,-0.718,+0.000,-0.752,+0.268,2,-0.076,+0.156,-2.808,+0.021
DRV,724406,+0.0000,+0.0000,+0.0000,+0.0000,+0.0000,+0.0000,+0.000,+0.000,-0.01140,+0.3590,+0.0000,-14.358,+0.000,-0.428,-0.11663,-0.428,-2.916,+0.856,+0.000,-1.149,-3.208,2,+0.000,-0.350,+0.09381,-0.350,+2.345,+0.700,+0.000,-1.149,+1.897,2,+0.000,+0.242,-0.01803,+0.242,-0.451,-0.484,+0.000,-1.149,-2.083,2,+0.000,+0.475,+0.05918,+0.475,+1.480,-0.950,+0.000,-1.149,-0.619,2,+0.047,-0.108,-3.827,-0.186
DRV,724410,+0.0000,+0.0000,+0.0000,+0.0000,+0.0000,+0.0000,+0.000,+0.000,-0.00997,+0.3582,+0.0000,-14.330,+0.000,-0.295,-0.10896,-0.295,-2.724,+0.590,+0.000,-1.146,-3.280,2,+0.000,-0.108,+0.09918,-0.108,+2.480,+0.216,+0.000,-1.146,+1.549,2,+0.000,+0.309,-0.02608,+0.309,-0.652,-0.619,+0.000,-1.146,-2.417,2,+0.000,+0.502,+0.04691,+0.502,+1.173,-1.004,+0.000,-1.146,-0.978,2,+0.207,+0.202,-4.258,-0.869
DRV,724414,+0.0000,+0.0000,+0.0000,+0.0000,+0.0000,+0.0000,+0.000,+0.000,-0.00876,+0.2841,+0.0000,-11.365,+0.000,-0.375,-0.10014,-0.375,-2.504,+0.751,+0.000,-0.909,-2.662,2,+0.000,-0.156,+0.10187,-0.156,+2.547,+0.312,+0.000,-0.909,+1.949,2,+0.000,+0.215,-0.03260,+0.215,-0.815,-0.429,+0.000,-0.909,-2.153,2,+0.000,+0.321,+0.03732,+0.321,+0.933,-0.642,+0.000,-0.909,-0.618,2,-0.054,+0.059,-3.280,-0.204
DRV,724418,+0.0000,+0.0000,+0.0000,+0.0000,+0.0000,+0.0000,+0.000,+0.000,-0.00762,+0.2836,+0.0000,-11.343,+0.000,-0.245,-0.09286,-0.245,-2.321,+0.489,+0.000,-0.907,-2.740,2,+0.000,-0.136,+0.10647,-0.136,+2.662,+0.273,+0.000,-0.907,+2.027,2,+0.000,+0.268,-0.03835,+0.268,-0.959,-0.537,+0.000,-0.907,-2.403,2,+0.000,+0.242,+0.03080,+0.242,+0.770,-0.484,+0.000,-0.907,-0.621,2,-0.003,+0.132,-3.360,-0.376
DRV,724422,+0.0000,+0.0000,+0.0000,+0.0000,+0.0000,+0.0000,+0.000,+0.000,-0.00701,+0.1091,+0.0000,-4.363,+0.000,-0.337,-0.08595,-0.337,-2.149,+0.674,+0.000,-0.349,-1.824,2,+0.000,-0.042,+0.10800,-0.042,+2.700,+0.084,+0.000,-0.349,+2.435,2,+0.000,+0.226,-0.04526,+0.226,-1.131,-0.453,+0.000,-0.349,-1.933,2,+0.000,+0.178,+0.02582,+0.178,+0.645,-0.357,+0.000,-0.349,-0.060,2,-0.159,+0.185,-1.884,+0.501
DRV,724426,+0.0000,+0.0000,+0.0000,+0.0000,+0.0000,+0.0000,+0.000,+0.000,-0.00658,+0.1089,+0.0000,-4.355,+0.000,-0.165,-0.07982,-0.165,-1.995,+0.329,+0.000,-0.348,-2.015,2,+0.000,-0.036,+0.10954,-0.036,+2.738,+0.072,+0.000,-0.348,+2.462,0,+0.000,+0.252,-0.05101,+0.252,-1.275,-0.504,+0.000,-0.348,-2.128,2,+0.000,+0.100,+0.02275,+0.100,+0.569,-0.199,+0.000,-0.348,+0.021,0,-0.065,+0.216,-1.994,+0.334
DRV,724430,+0.0000,+0.0000,+0.0000,+0.0000,+0.0000,+0.0000,+0.000,+0.000,-0.00659,-0.0403,+0.0000,+1.611,+0.000,-0.254,-0.07521,-0.254,-1.880,+0.508,+0.000,+0.129,-1.243,0,+0.000,-0.039,+0.11030,-0.039,+2.758,+0.077,+0.000,+0.129,+2.964,0,+0.000,+0.183,-0.05714,+0.183,-1.429,-0.365,+0.000,+0.129,-1.665,0,+0.000,+0.045,+0.02121,+0.045,+0.530,-0.091,+0.000,+0.129,+0.569,0,-0.209,+0.144,-0.675,+1.299
DRV,724434,+0.0000,+0.0000,+0.0000,+0.0000,+0.0000,+0.0000,+0.000,+0.000,-0.00675,-0.0402,+0.0000,+1.607,+0.000,-0.252,-0.06870,-0.252,-1.717,+0.504,+0.000,+0.129,-1.085,0,+0.000,+0.000,+0.11030,+0.000,+2.758,+0.000,+0.000,+0.129,+2.886,2,+0.000,+0.255,-0.06251,+0.255,-1.563,-0.510,+0.000,+0.129,-1.944,0,+0.000,+0.049,+0.02045,+0.049,+0.511,-0.098,+0.000,+0.129,+0.542,2,-0.203,+0.255,-0.544,+0.942
DRV,724438,+0.0000,+0.0000,+0.0000,+0.0000,+0.0000,+0.0000,+0.000,+0.000,-0.00707,-0.0928,+0.0000,+3.710,+0.000,-0.236,-0.06448,-0.236,-1.612,+0.471,+0.000,+0.297,-0.844,0,+0.000,+0.042,+0.10915,+0.042,+2.729,-0.084,+0.000,+0.297,+2.942,2,+0.000,+0.184,-0.06865,+0.184,-1.716,-0.368,+0.000,+0.297,-1.788,0,+0.000,+0.049,+0.01891,+0.049,+0.473,-0.097,+0.000,+0.297,+0.672,2,-0.187,+0.226,-0.172,+1.154
DRV,724442,+0.0000,+0.0000,+0.0000,+0.0000,+0.0000,+0.0000,+0.000,+0.000,-0.00744,-0.0926,+0.0000,+3.703,+0.000,-0.274,-0.05796,-0.274,-1.449,+0.548,+0.000,+0.296,-0.604,2,+0.000,-0.037,+0.10954,-0.037,+2.738,+0.073,+0.000,+0.296,+3.108,2,+0.000,+0.223,-0.07210,+0.223,-1.803,-0.446,+0.000,+0.296,-1.953,2,+0.000,+0.057,+0.01776,+0.057,+0.444,-0.114,+0.000,+0.296,+0.626,2,-0.217,+0.186,+0.021,+1.155
DRV,724446,+0.0000,+0.0000,+0.0000,+0.0000,+0.0000,+0.0000,+0.000,+0.000,-0.00771,-0.0589,+0.0000,+2.355,+0.000,-0.234,-0.05105,-0.234,-1.276,+0.468,+0.000,+0.188,-0.620,2,+0.000,+0.077,+0.10877,+0.077,+2.719,-0.154,+0.000,+0.188,+2.754,2,+0.000,+0.275,-0.07900,+0.275,-1.975,-0.549,+0.000,+0.188,-2.336,2,+0.000,+0.057,+0.01623,+0.057,+0.406,-0.114,+0.000,+0.188,+0.480,2,-0.177,+0.351,-0.140,+0.418
DRV,724450,+0.0000,+0.0000,+0.0000,+0.0000,+0.0000,+0.0000,+0.000,+0.000,-0.00794,-0.0588,+0.0000,+2.350,+0.000,-0.154,-0.04645,-0.154,-1.161,+0.308,+0.000,+0.188,-0.665,2,+0.000,+0.036,+0.10685,+0.036,+2.671,-0.072,+0.000,+0.188,+2.788,2,+0.000,+0.154,-0.08361,+0.154,-2.090,-0.308,+0.000,+0.188,-2.210,2,+0.000,+0.031,+0.01508,+0.031,+0.377,-0.061,+0.000,+0.188,+0.504,2,-0.124,+0.190,-0.161,+0.578
DRV,724454,+0.0000,+0.0000,+0.0000,+0.0000,+0.0000,+0.0000,+0.000,+0.000,-0.00803,-0.0081,+0.0000,+0.325,+0.000,-0.127,-0.04300,-0.127,-1.075,+0.255,+0.000,+0.026,-0.794,2,+0.000,+0.013,+0.10685,+0.013,+2.671,-0.027,+0.000,+0.026,+2.671,2,+0.000,+0.209,-0.08821,+0.209,-2.205,-0.418,+0.000,+0.026,-2.597,2,+0.000,+0.009,+0.01469,+0.009,+0.367,-0.017,+0.000,+0.026,+0.376,2,-0.119,+0.222,-0.418,+0.074
DRV,724458,+0.0000,+0.0000,+0.0000,+0.0000,+0.0000,+0.0000,+0.000,+0.000,-0.00806,-0.0081,+0.0000,+0.324,+0.000,-0.090,-0.04032,-0.090,-1.008,+0.179,+0.000,+0.026,-0.803,2,+0.000,+0.067,+0.10532,+0.067,+2.633,-0.134,+0.000,+0.026,+2.525,2,+0.000,+0.099,-0.09166,+0.099,-2.291,-0.197,+0.000,+0.026,-2.463,2,+0.000,-0.003,+0.01469,-0.003,+0.367,+0.006,+0.000,+0.026,+0.399,2,-0.093,+0.165,-0.404,+0.062
DRV,724462,+0.0000,+0.0000,+0.0000,+0.0000,+0.0000,+0.0000,+0.000,+0.000,-0.00798,+0.0275,+0.0000,-1.102,+0.000,-0.056,-0.03840,-0.056,-0.960,+0.112,+0.000,-0.088,-0.937,2,+0.000,+0.037,+0.10455,+0.037,+2.614,-0.073,+0.000,-0.088,+2.452,0,+0.000,+0.132,-0.09434,+0.132,-2.359,-0.264,+0.000,-0.088,-2.711,2,+0.000,-0.029,+0.01508,-0.029,+0.377,+0.057,+0.000,-0.088,+0.346,2,-0.084,+0.169,-0.591,-0.259
DRV,724466,+0.0000,+0.0000,+0.0000,+0.0000,+0.0000,+0.0000,+0.000,+0.000,-0.00787,+0.0275,+0.0000,-1.100,+0.000,-0.055,-0.03686,-0.055,-0.922,+0.110,+0.000,-0.088,-0.900,2,+0.000,+0.083,+0.10263,+0.083,+2.566,-0.167,+0.000,-0.088,+2.311,0,+0.000,+0.063,-0.09703,+0.063,-2.426,-0.127,+0.000,-0.088,-2.641,2,+0.000,-0.047,+0.01623,-0.047,+0.406,+0.093,+0.000,-0.088,+0.411,0,-0.102,+0.147,-0.489,-0.330
DRV,724470,+0.0000,+0.0000,+0.0000,+0.0000,+0.0000,+0.0000,+0.000,+0.000,-0.00776,+0.0290,+0.0000,-1.161,+0.000,-0.040,-0.03571,-0.040,-0.893,+0.079,+0.000,-0.093,-0.907,0,+0.000,+0.046,+0.10148,+0.046,+2.537,-0.093,+0.000,-0.093,+2.352,2,+0.000,+0.052,-0.09818,+0.052,-2.454,-0.104,+0.000,-0.093,-2.651,0,+0.000,-0.055,+0.01699,-0.055,+0.425,+0.111,+0.000,-0.093,+0.443,0,-0.095,+0.098,-0.464,-0.300
DRV,724474,+0.0000,+0.0000,+0.0000,+0.0000,+0.0000,+0.0000,+0.000,+0.000,-0.00764,+0.0290,+0.0000,-1.159,+0.000,-0.038,-0.03495,-0.038,-0.874,+0.075,+0.000,-0.093,-0.891,2,+0.000,+0.062,+0.10033,+0.062,+2.508,-0.123,+0.000,-0.093,+2.293,2,+0.000,+0.054,-0.09933,+0.054,-2.483,-0.109,+0.000,-0.093,-2.685,0,+0.000,-0.059,+0.01853,-0.059,+0.463,+0.117,+0.000,-0.093,+0.488,2,-0.096,+0.116,-0.403,-0.392
DRV,724478,+0.0000,+0.0000,+0.0000,+0.0000,+0.0000,+0.0000,+0.000,+0.000,-0.00759,+0.0071,+0.0000,-0.284,+0.000,-0.031,-0.03418,-0.031,-0.855,+0.061,+0.000,-0.023,-0.816,2,+0.000,+0.062,+0.09841,+0.062,+2.460,-0.124,+0.000,-0.023,+2.314,2,+0.000,+0.005,-0.09971,+0.005,-2.493,-0.010,+0.000,-0.023,-2.525,2,+0.000,-0.077,+0.02006,-0.077,+0.502,+0.154,+0.000,-0.023,+0.633,2,-0.108,+0.067,-0.183,-0.211
DRV,724482,+0.0000,+0.0000,+0.0000,+0.0000,+0.0000,+0.0000,+0.000,+0.000,-0.00757,+0.0071,+0.0000,-0.284,+0.000,-0.007,-0.03380,-0.007,-0.845,+0.014,+0.000,-0.023,-0.853,2,+0.000,+0.046,+0.09726,+0.046,+2.432,-0.092,+0.000,-0.023,+2.317,2,+0.000,+0.019,-0.10010,+0.019,-2.502,-0.038,+0.000,-0.023,-2.563,2,+0.000,-0.085,+0.02198,-0.085,+0.550,+0.171,+0.000,-0.023,+0.698,2,-0.093,+0.065,-0.156,-0.246
DRV,724486,+0.0000,+0.0000,+0.0000,+0.0000,+0.0000,+0.0000,+0.000,+0.000,-0.00764,-0.0275,+0.0000,+1.099,+0.000,+0.000,-0.03380,+0.000,-0.845,+0.000,+0.000,+0.088,-0.757,2,+0.000,+0.050,+0.09611,+0.050,+2.403,-0.099,+0.000,+0.088,+2.392,2,+0.000,-0.030,-0.10010,-0.030,-2.502,+0.060,+0.000,+0.088,-2.354,2,+0.000,-0.096,+0.02428,-0.096,+0.607,+0.193,+0.000,+0.088,+0.888,2,-0.096,+0.020,+0.131,+0.037
DRV,724490,+0.0000,+0.0000,+0.0000,+0.0000,+0.0000,+0.0000,+0.000,+0.000,-0.00775,-0.0274,+0.0000,+1.097,+0.000,+0.022,-0.03418,+0.022,-0.855,-0.045,+0.000,+0.088,-0.812,2,+0.000,+0.055,+0.09458,+0.055,+2.364,-0.110,+0.000,+0.088,+2.343,2,+0.000,-0.014,-0.09895,-0.014,-2.474,+0.028,+0.000,+0.088,-2.358,2,+0.000,-0.098,+0.02658,-0.098,+0.665,+0.196,+0.000,+0.088,+0.948,2,-0.075,+0.041,+0.136,-0.016
DRV,724494,+0.0000,+0.0000,+0.0000,+0.0000,+0.0000,+0.0000,+0.000,+0.000,-0.00793,-0.0518,+0.0000,+2.074,+0.000,+0.038,-0.03495,+0.038,-0.874,-0.075,+0.000,+0.166,-0.783,2,+0.000,+0.049,+0.09343,+0.049,+2.336,-0.098,+0.000,+0.166,+2.403,2,+0.000,-0.068,-0.09818,-0.068,-2.454,+0.135,+0.000,+0.166,-2.153,2,+0.000,-0.110,+0.02927,-0.110,+0.732,+0.220,+0.000,+0.166,+1.118,2,-0.072,-0.019,+0.335,+0.250
DRV,724498,+0.0000,+0.0000,+0.0000,+0.0000,+0.0000,+0.0000,+0.000,+0.000,-0.00814,-0.0517,+0.0000,+2.069,+0.000,+0.052,-0.03610,+0.052,-0.902,-0.105,+0.000,+0.166,-0.842,2,+0.000,+0.072,+0.09189,+0.072,+2.297,-0.145,+0.000,+0.166,+2.318,2,+0.000,-0.031,-0.09664,-0.031,-2.416,+0.061,+0.000,+0.166,-2.190,2,+0.000,-0.095,+0.03157,-0.095,+0.789,+0.191,+0.000,+0.166,+1.145,2,-0.043,+0.042,+0.304,+0.128
DRV,724502,+0.0000,+0.0000,+0.0000,+0.0000,+0.0000,+0.0000,+0.000,+0.000,-0.00835,-0.0527,+0.0000,+2.108,+0.000,+0.063,-0.03763,+0.063,-0.941,-0.126,+0.000,+0.169,-0.898,2,+0.000,+0.048,+0.09036,+0.048,+2.259,-0.096,+0.000,+0.169,+2.331,0,+0.000,-0.065,-0.09549,-0.065,-2.387,+0.131,+0.000,+0.169,-2.088,2,+0.000,-0.090,+0.03349,-0.090,+0.837,+0.180,+0.000,+0.169,+1.186,0,-0.027,-0.017,+0.288,+0.243
DRV,724506,+0.0000,+0.0000,+0.0000,+0.0000,+0.0000,+0.0000,+0.000,+0.000,-0.00856,-0.0526,+0.0000,+2.104,+0.000,+0.075,-0.03917,+0.075,-0.979,-0.150,+0.000,+0.168,-0.961,0,+0.000,+0.067,+0.08921,+0.067,+2.230,-0.134,+0.000,+0.168,+2.264,2,+0.000,-0.060,-0.09358,-0.060,-2.339,+0.119,+0.000,+0.168,-2.052,0,+0.000,-0.080,+0.03579,-0.080,+0.895,+0.159,+0.000,+0.168,+1.222,0,-0.005,+0.008,+0.262,+0.212
DRV,724510,+0.0000,+0.0000,+0.0000,+0.0000,+0.0000,+0.0000,+0.000,+0.000,-0.00870,-0.0275,+0.0000,+1.100,+0.000,+0.082,-0.04070,+0.082,-1.017,-0.163,+0.000,+0.088,-1.093,0,+0.000,+0.063,+0.08768,+0.063,+2.192,-0.126,+0.000,+0.088,+2.154,2,+0.000,-0.027,-0.09281,-0.027,-2.320,+0.053,+0.000,+0.088,-2.179,0,+0.000,-0.059,+0.03694,-0.059,+0.923,+0.118,+0.000,+0.088,+1.130,2,+0.022,+0.036,+0.037,-0.025
DRV,724514,+0.0000,+0.0000,+0.0000,+0.0000,+0.0000,+0.0000,+0.000,+0.000,-0.00881,-0.0274,+0.0000,+1.097,+0.000,+0.079,-0.04262,+0.079,-1.065,-0.157,+0.000,+0.088,-1.135,2,+0.000,+0.055,+0.08614,+0.055,+2.154,-0.111,+0.000,+0.088,+2.131,2,+0.000,-0.073,-0.09166,-0.073,-2.291,+0.147,+0.000,+0.088,-2.057,2,+0.000,-0.063,+0.03847,-0.063,+0.962,+0.126,+0.000,+0.088,+1.175,2,+0.016,-0.018,+0.040,+0.074
DRV,724518,+0.0000,+0.0000,+0.0000,+0.0000,+0.0000,+0.0000,+0.000,+0.000,-0.00880,+0.0098,+0.0000,-0.394,+0.000,+0.090,-0.04453,+0.090,-1.113,-0.180,+0.000,-0.032,-1.325,2,+0.000,+0.072,+0.08422,+0.072,+2.106,-0.145,+0.000,-0.032,+1.929,2,+0.000,-0.035,-0.09013,-0.035,-2.253,+0.071,+0.000,-0.032,-2.214,2,+0.000,-0.041,+0.04001,-0.041,+1.000,+0.081,+0.000,-0.032,+1.050,2,+0.050,+0.037,-0.275,-0.285
DRV,724522,+0.0000,+0.0000,+0.0000,+0.0000,+0.0000,+0.0000,+0.000,+0.000,-0.00876,+0.0098,+0.0000,-0.393,+0.000,+0.064,-0.04684,+0.064,-1.171,-0.128,+0.000,-0.031,-1.330,2,+0.000,+0.051,+0.08307,+0.051,+2.077,-0.103,+0.000,-0.031,+1.942,2,+0.000,-0.063,-0.08897,-0.063,-2.224,+0.126,+0.000,-0.031,-2.130,2,+0.000,-0.043,+0.04116,-0.043,+1.029,+0.087,+0.000,-0.031,+1.084,2,+0.021,-0.011,-0.246,-0.188
DRV,724526,+0.0000,+0.0000,+0.0000,+0.0000,+0.0000,+0.0000,+0.000,+0.000,-0.00864,+0.0396,+0.0000,-1.584,+0.000,+0.075,-0.04837,+0.075,-1.209,-0.151,+0.000,-0.127,-1.487,2,+0.000,+0.056,+0.08154,+0.056,+2.039,-0.113,+0.000,-0.127,+1.799,2,+0.000,-0.045,-0.08744,-0.045,-2.186,+0.091,+0.000,-0.127,-2.222,2,+0.000,-0.039,+0.04192,-0.039,+1.048,+0.077,+0.000,-0.127,+0.999,2,+0.037,+0.011,-0.488,-0.423
DRV,724530,+0.0000,+0.0000,+0.0000,+0.0000,+0.0000,+0.0000,+0.000,+0.000,-0.00848,+0.0395,+0.0000,-1.580,+0.000,+0.059,-0.05029,+0.059,-1.257,-0.117,+0.000,-0.126,-1.501,2,+0.000,+0.041,+0.08039,+0.041,+2.010,-0.083,+0.000,-0.126,+1.800,2,+0.000,-0.055,-0.08667,-0.055,-2.167,+0.110,+0.000,-0.126,-2.184,2,+0.000,-0.038,+0.04307,-0.038,+1.077,+0.076,+0.000,-0.126,+1.027,2,+0.021,-0.013,-0.474,-0.383
DRV,724534,+0.0000,+0.0000,+0.0000,+0.0000,+0.0000,+0.0000,+0.000,+0.000,-0.00830,+0.0453,+0.0000,-1.811,+0.000,+0.055,-0.05182,+0.055,-1.296,-0.110,+0.000,-0.145,-1.550,2,+0.000,+0.035,+0.07962,+0.035,+1.991,-0.070,+0.000,-0.145,+1.776,0,+0.000,-0.046,-0.08514,-0.046,-2.128,+0.093,+0.000,-0.145,-2.181,2,+0.000,-0.031,+0.04384,-0.031,+1.096,+0.063,+0.000,-0.145,+1.014,2,+0.023,-0.011,-0.536,-0.405
DRV,724538,+0.0000,+0.0000,+0.0000,+0.0000,+0.0000,+0.0000,+0.000,+0.000,-0.00812,+0.0452,+0.0000,-1.808,+0.000,+0.057,-0.05336,+0.057,-1.334,-0.113,+0.000,-0.145,-1.592,2,+0.000,+0.029,+0.07886,+0.029,+1.971,-0.058,+0.000,-0.145,+1.769,0,+0.000,-0.052,-0.08437,-0.052,-2.109,+0.105,+0.000,-0.145,-2.149,2,+0.000,-0.033,+0.04461,-0.033,+1.115,+0.066,+0.000,-0.145,+1.036,0,+0.024,-0.023,-0.556,-0.380
DRV,724542,+0.0000,+0.0000,+0.0000,+0.0000,+0.0000,+0.0000,+0.000,+0.000,-0.00800,+0.0260,+0.0000,-1.038,+0.000,+0.028,-0.05412,+0.028,-1.353,-0.056,+0.000,-0.083,-1.492,0,+0.000,+0.008,+0.07847,+0.008,+1.962,-0.015,+0.000,-0.083,+1.863,0,+0.000,-0.043,-0.08284,-0.043,-2.071,+0.087,+0.000,-0.083,-2.067,0,+0.000,-0.031,+0.04576,-0.031,+1.144,+0.061,+0.000,-0.083,+1.122,0,-0.002,-0.036,-0.370,-0.204
DRV,724546,+0.0000,+0.0000,+0.0000,+0.0000,+0.0000,+0.0000,+0.000,+0.000,-0.00789,+0.0259,+0.0000,-1.036,+0.000,+0.048,-0.05489,+0.048,-1.372,-0.095,+0.000,-0.083,-1.550,0,+0.000,+0.031,+0.07809,+0.031,+1.952,-0.062,+0.000,-0.083,+1.807,2,+0.000,-0.032,-0.08246,-0.032,-2.061,+0.065,+0.000,-0.083,-2.079,2,+0.000,-0.020,+0.04614,-0.020,+1.154,+0.039,+0.000,-0.083,+1.110,2,+0.028,-0.001,-0.441,-0.272
DRV,724550,+0.0000,+0.0000,+0.0000,+0.0000,+0.0000,+0.0000,+0.000,+0.000,-0.00787,+0.0003,+0.0000,-0.013,+0.000,+0.009,-0.05527,+0.009,-1.382,-0.017,+0.000,-0.001,-1.400,2,+0.000,+0.000,+0.07771,+0.000,+1.943,+0.000,+0.000,-0.001,+1.942,2,+0.000,-0.039,-0.08130,-0.039,-2.033,+0.078,+0.000,-0.001,-1.955,2,+0.000,-0.020,+0.04652,-0.020,+1.163,+0.040,+0.000,-0.001,+1.202,2,-0.011,-0.039,-0.198,-0.014
DRV,724554,+0.0000,+0.0000,+0.0000,+0.0000,+0.0000,+0.0000,+0.000,+0.000,-0.00787,+0.0003,+0.0000,-0.013,+0.000,+0.039,-0.05604,+0.039,-1.401,-0.078,+0.000,-0.001,-1.480,2,+0.000,+0.000,+0.07809,+0.000,+1.952,+0.000,+0.000,-0.001,+1.951,2,+0.000,-0.021,-0.08054,-0.021,-2.013,+0.041,+0.000,-0.001,-1.973,2,+0.000,-0.010,+0.04691,-0.010,+1.173,+0.020,+0.000,-0.001,+1.192,2,+0.029,-0.021,-0.289,-0.022
DRV,724558,+0.0000,+0.0000,+0.0000,+0.0000,+0.0000,+0.0000,+0.000,+0.000,-0.00791,-0.0135,+0.0000,+0.540,+0.000,+0.003,-0.05642,+0.003,-1.411,-0.006,+0.000,+0.043,-1.373,2,+0.000,+0.001,+0.07771,+0.001,+1.943,-0.003,+0.000,+0.043,+1.983,2,+0.000,-0.023,-0.08015,-0.023,-2.004,+0.047,+0.000,+0.043,-1.914,2,+0.000,-0.005,+0.04691,-0.005,+1.173,+0.010,+0.000,+0.043,+1.226,2,-0.002,-0.022,-0.147,+0.069
DRV,724562,+0.0000,+0.0000,+0.0000,+0.0000,+0.0000,+0.0000,+0.000,+0.000,-0.00796,-0.0135,+0.0000,+0.539,+0.000,+0.007,-0.05642,+0.007,-1.411,-0.014,+0.000,+0.043,-1.382,2,+0.000,-0.008,+0.07809,-0.008,+1.952,+0.015,+0.000,+0.043,+2.011,2,+0.000,-0.007,-0.07977,-0.007,-1.994,+0.013,+0.000,+0.043,-1.938,2,+0.000,-0.000,+0.04691,-0.000,+1.173,+0.001,+0.000,+0.043,+1.217,2,+0.007,-0.014,-0.165,+0.073
DRV,724566,+0.0000,+0.0000,+0.0000,+0.0000,+0.0000,+0.0000,+0.000,+0.000,-0.00800,-0.0092,+0.0000,+0.368,+0.000,+0.007,-0.05719,+0.007,-1.430,-0.014,+0.000,+0.029,-1.415,2,+0.000,+0.009,+0.07809,+0.009,+1.952,-0.018,+0.000,+0.029,+1.964,2,+0.000,+0.013,-0.08015,+0.013,-2.004,-0.027,+0.000,+0.029,-2.001,2,+0.000,+0.015,+0.04691,+0.015,+1.173,-0.031,+0.000,+0.029,+1.172,2,+0.022,+0.022,-0.243,-0.038
DRV,724570,+0.0000,+0.0000,+0.0000,+0.0000,+0.0000,+0.0000,+0.000,+0.000,-0.00804,-0.0092,+0.0000,+0.367,+0.000,-0.004,-0.05681,-0.004,-1.420,+0.009,+0.000,+0.029,-1.382,2,+0.000,-0.007,+0.07809,-0.007,+1.952,+0.013,+0.000,+0.029,+1.995,2,+0.000,+0.000,-0.08015,+0.000,-2.004,+0.000,+0.000,+0.029,-1.974,2,+0.000,+0.020,+0.04652,+0.020,+1.163,-0.040,+0.000,+0.029,+1.152,2,+0.016,-0.007,-0.230,+0.020
DRV,724574,+0.0000,+0.0000,+0.0000,+0.0000,+0.0000,+0.0000,+0.000,+0.000,-0.00802,+0.0100,+0.0000,-0.399,+0.000,+0.009,-0.05719,+0.009,-1.430,-0.017,+0.000,-0.032,-1.479,2,+0.000,+0.002,+0.07809,+0.002,+1.952,-0.005,+0.000,-0.032,+1.915,0,+0.000,+0.029,-0.08054,+0.029,-2.013,-0.057,+0.000,-0.032,-2.103,2,+0.000,+0.024,+0.04614,+0.024,+1.154,-0.048,+0.000,-0.032,+1.074,2,+0.032,+0.031,-0.405,-0.187
DRV,724578,+0.0000,+0.0000,+0.0000,+0.0000,+0.0000,+0.0000,+0.000,+0.000,-0.00798,+0.0100,+0.0000,-0.399,+0.000,-0.022,-0.05681,-0.022,-1.420,+0.045,+0.000,-0.032,-1.407,0,+0.000,+0.000,+0.07771,+0.000,+1.943,+0.000,+0.000,-0.032,+1.911,0,+0.000,+0.013,-0.08092,+0.013,-2.023,-0.027,+0.000,-0.032,-2.082,2,+0.000,+0.021,+0.04537,+0.021,+1.134,-0.041,+0.000,-0.032,+1.061,0,-0.002,+0.013,-0.346,-0.171
DRV,724582,+0.0000,+0.0000,+0.0000,+0.0000,+0.0000,+0.0000,+0.000,+0.000,-0.00788,+0.0291,+0.0000,-1.164,+0.000,+0.009,-0.05681,+0.009,-1.420,-0.017,+0.000,-0.093,-1.530,0,+0.000,+0.000,+0.07771,+0.000,+1.943,+0.000,+0.000,-0.093,+1.850,2,+0.000,+0.029,-0.08169,+0.029,-2.042,-0.057,+0.000,-0.093,-2.193,0,+0.000,+0.023,+0.04499,+0.023,+1.125,-0.047,+0.000,-0.093,+0.985,2,+0.032,+0.029,-0.545,-0.343
DRV,724586,+0.0000,+0.0000,+0.0000,+0.0000,+0.0000,+0.0000,+0.000,+0.000,-0.00776,+0.0290,+0.0000,-1.161,+0.000,-0.020,-0.05681,-0.020,-1.420,+0.040,+0.000,-0.093,-1.473,2,+0.000,+0.000,+0.07771,+0.000,+1.943,+0.000,+0.000,-0.093,+1.850,2,+0.000,+0.011,-0.08207,+0.011,-2.052,-0.023,+0.000,-0.093,-2.168,2,+0.000,+0.012,+0.04461,+0.012,+1.115,-0.024,+0.000,-0.093,+0.998,2,-0.008,+0.011,-0.475,-0.318
DRV,724590,+0.0000,+0.0000,+0.0000,+0.0000,+0.0000,+0.0000,+0.000,+0.000,-0.00764,+0.0322,+0.0000,-1.287,+0.000,-0.004,-0.05642,-0.004,-1.411,+0.009,+0.000,-0.103,-1.505,2,+0.000,-0.000,+0.07809,-0.000,+1.952,+0.001,+0.000,-0.103,+1.850,2,+0.000,+0.024,-0.08246,+0.024,-2.061,-0.049,+0.000,-0.103,-2.213,2,+0.000,+0.011,+0.04422,+0.011,+1.106,-0.023,+0.000,-0.103,+0.980,2,+0.007,+0.024,-0.525,-0.363
DRV,724594,+0.0000,+0.0000,+0.0000,+0.0000,+0.0000,+0.0000,+0.000,+0.000,-0.00752,+0.0257,+0.0000,-1.029,+0.000,+0.000,-0.05642,+0.000,-1.411,+0.000,+0.000,-0.082,-1.493,2,+0.000,-0.002,+0.07809,-0.002,+1.952,+0.004,+0.000,-0.082,+1.874,2,+0.000,+0.013,-0.08284,+0.013,-2.071,-0.027,+0.000,-0.082,-2.180,2,+0.000,+0.007,+0.04384,+0.007,+1.096,-0.014,+0.000,-0.082,+0.999,2,+0.007,+0.011,-0.493,-0.306
DRV,724598,+0.0000,+0.0000,+0.0000,+0.0000,+0.0000,+0.0000,+0.000,+0.000,-0.00745,+0.0193,+0.0000,-0.772,+0.000,-0.020,-0.05566,-0.020,-1.391,+0.039,+0.000,-0.062,-1.414,2,+0.000,-0.012,+0.07847,-0.012,+1.962,+0.025,+0.000,-0.062,+1.925,2,+0.000,+0.000,-0.08284,+0.000,-2.071,+0.000,+0.000,-0.062,-2.133,2,+0.000,+0.004,+0.04384,+0.004,+1.096,-0.009,+0.000,-0.062,+1.026,2,-0.015,-0.012,-0.388,-0.208
DRV,724602,+0.0000,+0.0000,+0.0000,+0.0000,+0.0000,+0.0000,+0.000,+0.000,-0.00739,+0.0083,+0.0000,-0.334,+0.000,+0.001,-0.05527,+0.001,-1.382,-0.002,+0.000,-0.027,-1.410,2,+0.000,-0.002,+0.07847,-0.002,+1.962,+0.005,+0.000,-0.027,+1.940,2,+0.000,+0.010,-0.08361,+0.010,-2.090,-0.019,+0.000,-0.027,-2.136,2,+0.000,+0.000,+0.04384,+0.000,+1.096,+0.000,+0.000,-0.027,+1.069,2,+0.001,+0.007,-0.341,-0.196
DRV,724606,+0.0000,+0.0000,+0.0000,+0.0000,+0.0000,+0.0000,+0.000,+0.000,-0.00740,-0.0026,+0.0000,+0.103,+0.000,-0.027,-0.05489,-0.027,-1.372,+0.053,+0.000,+0.008,-1.311,2,+0.000,-0.009,+0.07886,-0.009,+1.971,+0.017,+0.000,+0.008,+1.997,2,+0.000,-0.011,-0.08322,-0.011,-2.081,+0.023,+0.000,+0.008,-2.049,2,+0.000,+0.000,+0.04384,+0.000,+1.096,+0.000,+0.000,+0.008,+1.104,2,-0.027,-0.020,-0.206,-0.053
DRV,724610,+0.0000,+0.0000,+0.0000,+0.0000,+0.0000,+0.0000,+0.000,+0.000,-0.00742,-0.0087,+0.0000,+0.347,+0.000,+0.000,-0.05489,+0.000,-1.372,+0.000,+0.000,+0.028,-1.344,2,+0.000,+0.003,+0.07886,+0.003,+1.971,-0.007,+0.000,+0.028,+1.993,2,+0.000,+0.019,-0.08361,+0.019,-2.090,-0.037,+0.000,+0.028,-2.100,2,+0.000,-0.007,+0.04384,-0.007,+1.096,+0.014,+0.000,+0.028,+1.138,2,-0.007,+0.022,-0.206,-0.107
DRV,724614,+0.0000,+0.0000,+0.0000,+0.0000,+0.0000,+0.0000,+0.000,+0.000,-0.00748,-0.0148,+0.0000,+0.591,+0.000,-0.021,-0.05412,-0.021,-1.353,+0.042,+0.000,+0.047,-1.264,2,+0.000,-0.002,+0.07886,-0.002,+1.971,+0.005,+0.000,+0.047,+2.023,0,+0.000,-0.022,-0.08322,-0.022,-2.081,+0.045,+0.000,+0.047,-1.988,2,+0.000,-0.004,+0.04384,-0.004,+1.096,+0.009,+0.000,+0.047,+1.152,0,-0.025,-0.025,-0.112,+0.035
DRV,724618,+0.0000,+0.0000,+0.0000,+0.0000,+0.0000,+0.0000,+0.000,+0.000,-0.00754,-0.0129,+0.0000,+0.516,+0.000,+0.009,-0.05412,+0.009,-1.353,-0.017,+0.000,+0.041,-1.329,0,+0.000,+0.000,+0.07886,+0.000,+1.971,+0.000,+0.000,+0.041,+2.013,2,+0.000,+0.017,-0.08361,+0.017,-2.090,-0.033,+0.000,+0.041,-2.082,0,+0.000,+0.000,+0.04384,+0.000,+1.096,+0.000,+0.000,+0.041,+1.137,0,+0.009,+0.017,-0.192,-0.070
DRV,724622,+0.0000,+0.0000,+0.0000,+0.0000,+0.0000,+0.0000,+0.000,+0.000,-0.00758,-0.0110,+0.0000,+0.440,+0.000,-0.005,-0.05451,-0.005,-1.363,+0.010,+0.000,+0.035,-1.318,2,+0.000,+0.002,+0.07886,+0.002,+1.971,-0.004,+0.000,+0.035,+2.003,2,+0.000,-0.009,-0.08361,-0.009,-2.090,+0.018,+0.000,+0.035,-2.037,0,+0.000,-0.002,+0.04422,-0.002,+1.106,+0.004,+0.000,+0.035,+1.145,2,-0.007,-0.007,-0.173,-0.034
DRV,724626,+0.0000,+0.0000,+0.0000,+0.0000,+0.0000,+0.0000,+0.000,+0.000,-0.00761,-0.0038,+0.0000,+0.152,+0.000,+0.007,-0.05412,+0.007,-1.353,-0.014,+0.000,+0.012,-1.355,2,+0.000,+0.022,+0.07847,+0.022,+1.962,-0.045,+0.000,+0.012,+1.929,2,+0.000,+0.004,-0.08322,+0.004,-2.081,-0.009,+0.000,+0.012,-2.077,2,+0.000,+0.000,+0.04422,+0.000,+1.106,+0.000,+0.000,+0.012,+1.118,2,+0.007,+0.027,-0.237,-0.148
DRV,724630,+0.0000,+0.0000,+0.0000,+0.0000,+0.0000,+0.0000,+0.000,+0.000,-0.00760,+0.0034,+0.0000,-0.135,+0.000,+0.010,-0.05451,+0.010,-1.363,-0.019,+0.000,-0.011,-1.393,2,+0.000,+0.000,+0.07847,+0.000,+1.962,+0.000,+0.000,-0.011,+1.951,2,+0.000,+0.000,-0.08361,+0.000,-2.090,+0.000,+0.000,-0.011,-2.101,2,+0.000,-0.001,+0.04422,-0.001,+1.106,+0.003,+0.000,-0.011,+1.098,2,+0.008,+0.000,-0.295,-0.150
DRV,724634,+0.0000,+0.0000,+0.0000,+0.0000,+0.0000,+0.0000,+0.000,+0.000,-0.00757,+0.0090,+0.0000,-0.359,+0.000,+0.001,-0.05489,+0.001,-1.372,-0.003,+0.000,-0.029,-1.404,2,+0.000,+0.010,+0.07847,+0.010,+1.962,-0.020,+0.000,-0.029,+1.913,2,+0.000,-0.009,-0.08322,-0.009,-2.081,+0.017,+0.000,-0.029,-2.092,2,+0.000,+0.000,+0.04422,+0.000,+1.106,+0.000,+0.000,-0.029,+1.077,2,+0.001,+0.001,-0.327,-0.179
DRV,724638,+0.0000,+0.0000,+0.0000,+0.0000,+0.0000,+0.0000,+0.000,+0.000,-0.00751,+0.0145,+0.0000,-0.581,+0.000,+0.017,-0.05527,+0.017,-1.382,-0.034,+0.000,-0.046,-1.463,2,+0.000,+0.005,+0.07809,+0.005,+1.952,-0.010,+0.000,-0.046,+1.896,2,+0.000,+0.010,-0.08361,+0.010,-2.090,-0.021,+0.000,-0.046,-2.158,2,+0.000,+0.000,+0.04422,+0.000,+1.106,+0.000,+0.000,-0.046,+1.059,2,+0.017,+0.015,-0.404,-0.261
DRV,724642,+0.0000,+0.0000,+0.0000,+0.0000,+0.0000,+0.0000,+0.000,+0.000,-0.00745,+0.0164,+0.0000,-0.654,+0.000,+0.000,-0.05527,+0.000,-1.382,+0.000,+0.000,-0.052,-1.434,2,+0.000,-0.003,+0.07809,-0.003,+1.952,+0.007,+0.000,-0.052,+1.907,2,+0.000,-0.014,-0.08322,-0.014,-2.081,+0.028,+0.000,-0.052,-2.105,2,+0.000,+0.000,+0.04422,+0.000,+1.106,+0.000,+0.000,-0.052,+1.053,2,+0.000,-0.017,-0.381,-0.199
DRV,724646,+0.0000,+0.0000,+0.0000,+0.0000,+0.0000,+0.0000,+0.000,+0.000,-0.00738,+0.0182,+0.0000,-0.728,+0.000,+0.009,-0.05527,+0.009,-1.382,-0.017,+0.000,-0.058,-1.457,2,+0.000,+0.007,+0.07771,+0.007,+1.943,-0.013,+0.000,-0.058,+1.871,0,+0.000,+0.013,-0.08361,+0.013,-2.090,-0.027,+0.000,-0.058,-2.175,2,+0.000,+0.000,+0.04422,+0.000,+1.106,+0.000,+0.000,-0.058,+1.047,2,+0.009,+0.020,-0.410,-0.304
DRV,724650,+0.0000,+0.0000,+0.0000,+0.0000,+0.0000,+0.0000,+0.000,+0.000,-0.00731,+0.0147,+0.0000,-0.588,+0.000,-0.008,-0.05527,-0.008,-1.382,+0.015,+0.000,-0.047,-1.414,2,+0.000,-0.009,+0.07809,-0.009,+1.952,+0.018,+0.000,-0.047,+1.923,0,+0.000,-0.020,-0.08322,-0.020,-2.081,+0.040,+0.000,-0.047,-2.088,2,+0.000,+0.000,+0.04422,+0.000,+1.106,+0.000,+0.000,-0.047,+1.059,0,-0.008,-0.029,-0.355,-0.164
DRV,724654,+0.0000,+0.0000,+0.0000,+0.0000,+0.0000,+0.0000,+0.000,+0.000,-0.00727,+0.0112,+0.0000,-0.448,+0.000,+0.006,-0.05566,+0.006,-1.391,-0.012,+0.000,-0.036,-1.440,0,+0.000,+0.004,+0.07809,+0.004,+1.952,-0.009,+0.000,-0.036,+1.908,0,+0.000,+0.011,-0.08361,+0.011,-2.090,-0.022,+0.000,-0.036,-2.148,0,+0.000,+0.000,+0.04422,+0.000,+1.106,-0.001,+0.000,-0.036,+1.069,0,+0.007,+0.015,-0.371,-0.240
DRV,724658,+0.0000,+0.0000,+0.0000,+0.0000,+0.0000,+0.0000,+0.000,+0.000,-0.00724,+0.0059,+0.0000,-0.235,+0.000,-0.012,-0.05527,-0.012,-1.382,+0.024,+0.000,-0.019,-1.377,0,+0.000,-0.021,+0.07809,-0.021,+1.952,+0.043,+0.000,-0.019,+1.976,2,+0.000,-0.018,-0.08322,-0.018,-2.081,+0.035,+0.000,-0.019,-2.064,0,+0.000,+0.000,+0.04422,+0.000,+1.106,+0.000,+0.000,-0.019,+1.087,2,-0.012,-0.039,-0.290,-0.088
DRV,724662,+0.0000,+0.0000,+0.0000,+0.0000,+0.0000,+0.0000,+0.000,+0.000,-0.00723,+0.0005,+0.0000,-0.022,+0.000,+0.000,-0.05527,+0.000,-1.382,+0.000,+0.000,-0.002,-1.384,0,+0.000,+0.000,+0.07809,+0.000,+1.952,+0.000,+0.000,-0.002,+1.950,2,+0.000,+0.016,-0.08322,+0.016,-2.081,-0.032,+0.000,-0.002,-2.115,0,+0.000,+0.000,+0.04422,+0.000,+1.106,+0.000,+0.000,-0.002,+1.104,2,+0.000,+0.016,-0.280,-0.164
DRV,724666,+0.0000,+0.0000,+0.0000,+0.0000,+0.0000,+0.0000,+0.000,+0.000,-0.00724,-0.0019,+0.0000,+0.074,+0.000,-0.007,-0.05527,-0.007,-1.382,+0.013,+0.000,+0.006,-1.363,2,+0.000,-0.016,+0.07809,-0.016,+1.952,+0.031,+0.000,+0.006,+1.990,2,+0.000,+0.001,-0.08361,+0.001,-2.090,-0.003,+0.000,+0.006,-2.087,2,+0.000,+0.000,+0.04422,+0.000,+1.106,+0.000,+0.000,+0.006,+1.112,2,-0.007,-0.014,-0.251,-0.097
DRV,724670,+0.0000,+0.0000,+0.0000,+0.0000,+0.0000,+0.0000,+0.000,+0.000,-0.00725,-0.0042,+0.0000,+0.170,+0.000,+0.000,-0.05489,+0.000,-1.372,+0.000,+0.000,+0.014,-1.359,2,+0.000,-0.002,+0.07847,-0.002,+1.962,+0.005,+0.000,+0.014,+1.980,2,+0.000,+0.000,-0.08322,+0.000,-2.081,+0.000,+0.000,+0.014,-2.067,2,+0.000,+0.004,+0.04384,+0.004,+1.096,-0.009,+0.000,+0.014,+1.101,2,+0.004,-0.002,-0.258,-0.087
DRV,724674,+0.0000,+0.0000,+0.0000,+0.0000,+0.0000,+0.0000,+0.000,+0.000,-0.00727,-0.0026,+0.0000,+0.106,+0.000,+0.000,-0.05489,+0.000,-1.372,+0.000,+0.000,+0.008,-1.364,2,+0.000,+0.000,+0.07847,+0.000,+1.962,+0.000,+0.000,+0.008,+1.970,2,+0.000,+0.006,-0.08361,+0.006,-2.090,-0.011,+0.000,+0.008,-2.093,2,+0.000,+0.000,+0.04384,+0.000,+1.096,+0.000,+0.000,+0.008,+1.104,2,+0.000,+0.006,-0.259,-0.123
DRV,724678,+0.0000,+0.0000,+0.0000,+0.0000,+0.0000,+0.0000,+0.000,+0.000,-0.00727,-0.0010,+0.0000,+0.042,+0.000,+0.000,-0.05489,+0.000,-1.372,+0.000,+0.000,+0.003,-1.369,2,+0.000,+0.000,+0.07847,+0.000,+1.962,+0.000,+0.000,+0.003,+1.965,2,+0.000,-0.002,-0.08361,-0.002,-2.090,+0.005,+0.000,+0.003,-2.082,2,+0.000,+0.006,+0.04384,+0.006,+1.096,-0.011,+0.000,+0.003,+1.088,2,+0.006,-0.002,-0.281,-0.117
DRV,724682,+0.0000,+0.0000,+0.0000,+0.0000,+0.0000,+0.0000,+0.000,+0.000,-0.00727,+0.0008,+0.0000,-0.033,+0.000,+0.000,-0.05489,+0.000,-1.372,+0.000,+0.000,-0.003,-1.375,2,+0.000,+0.001,+0.07847,+0.001,+1.962,-0.002,+0.000,-0.003,+1.957,2,+0.000,+0.012,-0.08361,+0.012,-2.090,-0.024,+0.000,-0.003,-2.117,2,+0.000,+0.000,+0.04384,+0.000,+1.096,+0.000,+0.000,-0.003,+1.093,2,+0.000,+0.013,-0.282,-0.159
DRV,724686,+0.0000,+0.0000,+0.0000,+0.0000,+0.0000,+0.0000,+0.000,+0.000,-0.00726,+0.0027,+0.0000,-0.107,+0.000,-0.003,-0.05451,-0.003,-1.363,+0.006,+0.000,-0.009,-1.366,2,+0.000,-0.002,+0.07847,-0.002,+1.962,+0.004,+0.000,-0.009,+1.957,0,+0.000,-0.009,-0.08361,-0.009,-2.090,+0.017,+0.000,-0.009,-2.082,2,+0.000,+0.011,+0.04384,+0.011,+1.096,-0.022,+0.000,-0.009,+1.065,0,+0.008,-0.010,-0.300,-0.125
DRV,724690,+0.0000,+0.0000,+0.0000,+0.0000,+0.0000,+0.0000,+0.000,+0.000,-0.00724,+0.0053,+0.0000,-0.214,+0.000,+0.000,-0.05451,+0.000,-1.363,+0.000,+0.000,-0.017,-1.380,0,+0.000,+0.000,+0.07847,+0.000,+1.962,+0.000,+0.000,-0.017,+1.945,0,+0.000,+0.017,-0.08399,+0.017,-2.100,-0.033,+0.000,-0.017,-2.150,2,+0.000,+0.000,+0.04346,+0.000,+1.086,+0.000,+0.000,-0.017,+1.069,0,+0.000,+0.017,-0.310,-0.205
DRV,724694,+0.0000,+0.0000,+0.0000,+0.0000,+0.0000,+0.0000,+0.000,+0.000,-0.00721,+0.0080,+0.0000,-0.319,+0.000,+0.000,-0.05489,+0.000,-1.372,+0.000,+0.000,-0.026,-1.398,0,+0.000,+0.001,+0.07847,+0.001,+1.962,-0.003,+0.000,-0.026,+1.933,2,+0.000,-0.003,-0.08399,-0.003,-2.100,+0.007,+0.000,-0.026,-2.119,0,+0.000,+0.000,+0.04346,+0.000,+1.086,+0.000,+0.000,-0.026,+1.061,2,+0.000,-0.002,-0.337,-0.185
DRV,724698,+0.0000,+0.0000,+0.0000,+0.0000,+0.0000,+0.0000,+0.000,+0.000,-0.00718,+0.0080,+0.0000,-0.319,+0.000,+0.000,-0.05489,+0.000,-1.372,+0.000,+0.000,-0.026,-1.398,2,+0.000,+0.004,+0.07847,+0.004,+1.962,-0.008,+0.000,-0.026,+1.929,2,+0.000,+0.000,-0.08399,+0.000,-2.100,+0.000,+0.000,-0.026,-2.125,2,+0.000,+0.000,+0.04346,+0.000,+1.086,-0.001,+0.000,-0.026,+1.060,2,+0.000,+0.004,-0.338,-0.197
DRV,724702,+0.0000,+0.0000,+0.0000,+0.0000,+0.0000,+0.0000,+0.000,+0.000,-0.00715,+0.0080,+0.0000,-0.318,+0.000,+0.001,-0.05489,+0.001,-1.372,-0.002,+0.000,-0.025,-1.400,2,+0.000,+0.000,+0.07847,+0.000,+1.962,+0.000,+0.000,-0.025,+1.936,2,+0.000,+0.000,-0.08399,+0.000,-2.100,+0.000,+0.000,-0.025,-2.125,2,+0.000,+0.000,+0.04346,+0.000,+1.086,+0.000,+0.000,-0.025,+1.061,2,+0.001,+0.000,-0.339,-0.189
DRV,724706,+0.0000,+0.0000,+0.0000,+0.0000,+0.0000,+0.0000,+0.000,+0.000,-0.00712,+0.0074,+0.0000,-0.296,+0.000,+0.000,-0.05489,+0.000,-1.372,+0.000,+0.000,-0.024,-1.396,2,+0.000,+0.000,+0.07847,+0.000,+1.962,+0.000,+0.000,-0.024,+1.938,2,+0.000,-0.008,-0.08361,-0.008,-2.090,+0.016,+0.000,-0.024,-2.098,2,+0.000,+0.000,+0.04346,+0.000,+1.086,+0.000,+0.000,-0.024,+1.063,2,+0.000,-0.008,-0.333,-0.160
DRV,724710,+0.0000,+0.0000,+0.0000,+0.0000,+0.0000,+0.0000,+0.000,+0.000,-0.00709,+0.0069,+0.0000,-0.274,+0.000,+0.001,-0.05489,+0.001,-1.372,-0.002,+0.000,-0.022,-1.396,2,+0.000,+0.000,+0.07847,+0.000,+1.962,+0.000,+0.000,-0.022,+1.940,2,+0.000,+0.000,-0.08361,+0.000,-2.090,-0.001,+0.000,-0.022,-2.113,2,+0.000,+0.000,+0.04346,+0.000,+1.086,+0.000,+0.000,-0.022,+1.064,2,+0.001,+0.000,-0.332,-0.173
DRV,724714,+0.0000,+0.0000,+0.0000,+0.0000,+0.0000,+0.0000,+0.000,+0.000,-0.00707,+0.0034,+0.0000,-0.135,+0.000,+0.000,-0.05489,+0.000,-1.372,+0.000,+0.000,-0.011,-1.383,2,+0.000,+0.001,+0.07847,+0.001,+1.962,-0.002,+0.000,-0.011,+1.949,2,+0.000,-0.006,-0.08361,-0.006,-2.090,+0.012,+0.000,-0.011,-2.089,2,+0.000,-0.000,+0.04346,-0.000,+1.086,+0.001,+0.000,-0.011,+1.077,2,-0.000,-0.005,-0.307,-0.140
DRV,724718,+0.0000,+0.0000,+0.0000,+0.0000,+0.0000,+0.0000,+0.000,+0.000,-0.00707,-0.0001,+0.0000,+0.003,+0.000,+0.005,-0.05489,+0.005,-1.372,-0.010,+0.000,+0.000,-1.382,2,+0.000,+0.000,+0.07847,+0.000,+1.962,+0.000,+0.000,+0.000,+1.962,2,+0.000,+0.000,-0.08361,+0.000,-2.090,+0.000,+0.000,+0.000,-2.090,2,+0.000,+0.000,+0.04384,+0.000,+1.096,+0.000,+0.000,+0.000,+1.096,2,+0.005,+0.000,-0.286,-0.128
DRV,724722,+0.0000,+0.0000,+0.0000,+0.0000,+0.0000,+0.0000,+0.000,+0.000,-0.00707,-0.0011,+0.0000,+0.046,+0.000,+0.000,-0.05489,+0.000,-1.372,+0.000,+0.000,+0.004,-1.369,2,+0.000,+0.000,+0.07847,+0.000,+1.962,+0.000,+0.000,+0.004,+1.965,0,+0.000,-0.004,-0.08361,-0.004,-2.090,+0.008,+0.000,+0.004,-2.079,2,+0.000,-0.004,+0.04384,-0.004,+1.096,+0.009,+0.000,+0.004,+1.108,2,-0.004,-0.004,-0.260,-0.113
DRV,724726,+0.0000,+0.0000,+0.0000,+0.0000,+0.0000,+0.0000,+0.000,+0.000,-0.00708,-0.0022,+0.0000,+0.088,+0.000,+0.000,-0.05489,+0.000,-1.372,+0.000,+0.000,+0.007,-1.365,2,+0.000,+0.000,+0.07847,+0.000,+1.962,+0.000,+0.000,+0.007,+1.969,0,+0.000,+0.000,-0.08361,+0.000,-2.090,+0.000,+0.000,+0.007,-2.083,2,+0.000,-0.000,+0.04384,-0.000,+1.096,+0.001,+0.000,+0.007,+1.104,0,-0.000,+0.000,-0.261,-0.114
DRV,724730,+0.0000,+0.0000,+0.0000,+0.0000,+0.0000,+0.0000,+0.000,+0.000,-0.00709,-0.0011,+0.0000,+0.045,+0.000,+0.000,-0.05489,+0.000,-1.372,+0.000,+0.000,+0.004,-1.369,2,+0.000,+0.000,+0.07847,+0.000,+1.962,+0.000,+0.000,+0.004,+1.965,2,+0.000,+0.000,-0.08361,+0.000,-2.090,+0.000,+0.000,+0.004,-2.087,0,+0.000,-0.003,+0.04384,-0.003,+1.096,+0.007,+0.000,+0.004,+1.106,0,-0.003,+0.000,-0.262,-0.121
DRV,724734,+0.0000,+0.0000,+0.0000,+0.0000,+0.0000,+0.0000,+0.000,+0.000,-0.00709,-0.0001,+0.0000,+0.003,+0.000,+0.000,-0.05489,+0.000,-1.372,+0.000,+0.000,+0.000,-1.372,2,+0.000,+0.000,+0.07847,+0.000,+1.962,+0.000,+0.000,+0.000,+1.962,2,+0.000,+0.000,-0.08361,+0.000,-2.090,+0.000,+0.000,+0.000,-2.090,0,+0.000,+0.000,+0.04384,+0.000,+1.096,+0.000,+0.000,+0.000,+1.096,2,+0.000,+0.000,-0.276,-0.128
DRV,724738,+0.0000,+0.0000,+0.0000,+0.0000,+0.0000,+0.0000,+0.000,+0.000,-0.00709,+0.0010,+0.0000,-0.040,+0.000,+0.000,-0.05489,+0.000,-1.372,+0.000,+0.000,-0.003,-1.375,2,+0.000,+0.000,+0.07847,+0.000,+1.962,+0.000,+0.000,-0.003,+1.959,2,+0.000,+0.000,-0.08361,+0.000,-2.090,+0.000,+0.000,-0.003,-2.093,2,+0.000,+0.000,+0.04384,+0.000,+1.096,+0.000,+0.000,-0.003,+1.093,2,+0.000,+0.000,-0.283,-0.135
DRV,724742,+0.0000,+0.0000,+0.0000,+0.0000,+0.0000,+0.0000,+0.000,+0.000,-0.00708,+0.0021,+0.0000,-0.082,+0.000,+0.000,-0.05489,+0.000,-1.372,+0.000,+0.000,-0.007,-1.379,2,+0.000,+0.000,+0.07847,+0.000,+1.962,+0.000,+0.000,-0.007,+1.955,2,+0.000,+0.000,-0.08361,+0.000,-2.090,+0.000,+0.000,-0.007,-2.097,2,+0.000,+0.000,+0.04384,+0.000,+1.096,+0.000,+0.000,-0.007,+1.089,2,+0.000,+0.000,-0.289,-0.142
DRV,724746,+0.0000,+0.0000,+0.0000,+0.0000,+0.0000,+0.0000,+0.000,+0.000,-0.00707,+0.0039,+0.0000,-0.157,+0.000,+0.000,-0.05489,+0.000,-1.372,+0.000,+0.000,-0.013,-1.385,2,+0.000,+0.000,+0.07847,+0.000,+1.962,+0.000,+0.000,-0.013,+1.949,2,+0.000,+0.000,-0.08361,+0.000,-2.090,+0.000,+0.000,-0.013,-2.103,2,+0.000,+0.000,+0.04384,+0.000,+1.096,+0.000,+0.000,-0.013,+1.083,2,+0.000,+0.000,-0.301,-0.153
DRV,724750,+0.0000,+0.0000,+0.0000,+0.0000,+0.0000,+0.0000,+0.000,+0.000,-0.00704,+0.0058,+0.0000,-0.231,+0.000,+0.000,-0.05489,+0.000,-1.372,+0.000,+0.000,-0.018,-1.391,2,+0.000,+0.003,+0.07847,+0.003,+1.962,-0.007,+0.000,-0.018,+1.937,2,+0.000,+0.000,-0.08361,+0.000,-2.090,+0.000,+0.000,-0.018,-2.109,2,+0.000,+0.000,+0.04384,+0.000,+1.096,+0.000,+0.000,-0.018,+1.078,2,+0.000,+0.003,-0.313,-0.172
DRV,724754,+0.0000,+0.0000,+0.0000,+0.0000,+0.0000,+0.0000,+0.000,+0.000,-0.00702,+0.0055,+0.0000,-0.220,+0.000,+0.000,-0.05489,+0.000,-1.372,+0.000,+0.000,-0.018,-1.390,2,+0.000,+0.000,+0.07847,+0.000,+1.962,+0.000,+0.000,-0.018,+1.944,2,+0.000,+0.000,-0.08361,+0.000,-2.090,+0.000,+0.000,-0.018,-2.108,2,+0.000,+0.000,+0.04384,+0.000,+1.096,+0.000,+0.000,-0.018,+1.078,2,+0.000,+0.000,-0.311,-0.163
DRV,724758,+0.0000,+0.0000,+0.0000,+0.0000,+0.0000,+0.0000,+0.000,+0.000,-0.00700,+0.0052,+0.0000,-0.209,+0.000,+0.000,-0.05489,+0.000,-1.372,+0.000,+0.000,-0.017,-1.389,2,+0.000,+0.000,+0.07847,+0.000,+1.962,+0.000,+0.000,-0.017,+1.945,2,+0.000,+0.000,-0.08361,+0.000,-2.090,+0.000,+0.000,-0.017,-2.107,2,+0.000,+0.000,+0.04384,+0.000,+1.096,+0.000,+0.000,-0.017,+1.079,2,+0.000,+0.000,-0.310,-0.162
DRV,724762,+0.0000,+0.0000,+0.0000,+0.0000,+0.0000,+0.0000,+0.000,+0.000,-0.00698,+0.0039,+0.0000,-0.155,+0.000,-0.001,-0.05489,-0.001,-1.372,+0.003,+0.000,-0.012,-1.382,0,+0.000,+0.000,+0.07847,+0.000,+1.962,+0.000,+0.000,-0.012,+1.949,0,+0.000,+0.000,-0.08361,+0.000,-2.090,+0.000,+0.000,-0.012,-2.103,2,+0.000,+0.000,+0.04384,+0.000,+1.096,+0.000,+0.000,-0.012,+1.084,0,-0.001,+0.000,-0.298,-0.153
DRV,724766,+0.0000,+0.0000,+0.0000,+0.0000,+0.0000,+0.0000,+0.000,+0.000,-0.00697,+0.0025,+0.0000,-0.102,+0.000,+0.000,-0.05489,+0.000,-1.372,+0.000,+0.000,-0.008,-1.380,0,+0.000,-0.009,+0.07847,-0.009,+1.962,+0.018,+0.000,-0.008,+1.972,0,+0.000,+0.000,-0.08361,+0.000,-2.090,+0.000,+0.000,-0.008,-2.098,0,+0.000,+0.000,+0.04384,+0.000,+1.096,+0.000,+0.000,-0.008,+1.088,0,+0.000,-0.009,-0.292,-0.126
DRV,724770,+0.0000,+0.0000,+0.0000,+0.0000,+0.0000,+0.0000,+0.000,+0.000,-0.00696,+0.0017,+0.0000,-0.069,+0.000,+0.000,-0.05489,+0.000,-1.372,+0.000,+0.000,-0.006,-1.378,0,+0.000,+0.000,+0.07847,+0.000,+1.962,+0.000,+0.000,-0.006,+1.956,2,+0.000,-0.001,-0.08361,-0.001,-2.090,+0.002,+0.000,-0.006,-2.094,0,+0.000,+0.000,+0.04384,+0.000,+1.096,+0.000,+0.000,-0.006,+1.090,2,+0.000,-0.001,-0.287,-0.138
DRV,724774,+0.0000,+0.0000,+0.0000,+0.0000,+0.0000,+0.0000,+0.000,+0.000,-0.00696,+0.0009,+0.0000,-0.037,+0.000,+0.000,-0.05489,+0.000,-1.372,+0.000,+0.000,-0.003,-1.375,2,+0.000,+0.000,+0.07847,+0.000,+1.962,+0.000,+0.000,-0.003,+1.959,2,+0.000,+0.000,-0.08361,+0.000,-2.090,+0.000,+0.000,-0.003,-2.093,2,+0.000,+0.000,+0.04384,+0.000,+1.096,+0.000,+0.000,-0.003,+1.093,2,+0.000,+0.000,-0.282,-0.134
DRV,724778,+0.0000,+0.0000,+0.0000,+0.0000,+0.0000,+0.0000,+0.000,+0.000,-0.00696,+0.0012,+0.0000,-0.048,+0.000,+0.000,-0.05489,+0.000,-1.372,+0.000,+0.000,-0.004,-1.376,2,+0.000,+0.000,+0.07847,+0.000,+1.962,+0.000,+0.000,-0.004,+1.958,2,+0.000,+0.000,-0.08361,+0.000,-2.090,+0.000,+0.000,-0.004,-2.094,2,+0.000,-0.000,+0.04384,-0.000,+1.096,+0.001,+0.000,-0.004,+1.093,2,-0.000,+0.000,-0.283,-0.136
DRV,724782,+0.0000,+0.0000,+0.0000,+0.0000,+0.0000,+0.0000,+0.000,+0.000,-0.00695,+0.0015,+0.0000,-0.059,+0.000,+0.000,-0.05489,+0.000,-1.372,+0.000,+0.000,-0.005,-1.377,2,+0.000,-0.000,+0.07847,-0.000,+1.962,+0.001,+0.000,-0.005,+1.958,2,+0.000,-0.006,-0.08322,-0.006,-2.081,+0.012,+0.000,-0.005,-2.073,2,+0.000,+0.000,+0.04384,+0.000,+1.096,+0.000,+0.000,-0.005,+1.091,2,+0.000,-0.007,-0.286,-0.115
DRV,724786,+0.0000,+0.0000,+0.0000,+0.0000,+0.0000,+0.0000,+0.000,+0.000,-0.00694,+0.0020,+0.0000,-0.080,+0.000,+0.000,-0.05489,+0.000,-1.372,+0.000,+0.000,-0.006,-1.379,2,+0.000,+0.000,+0.07847,+0.000,+1.962,+0.000,+0.000,-0.006,+1.955,2,+0.000,+0.000,-0.08322,+0.000,-2.081,+0.000,+0.000,-0.006,-2.087,2,+0.000,-0.003,+0.04422,-0.003,+1.106,+0.007,+0.000,-0.006,+1.106,2,-0.003,+0.000,-0.273,-0.132
DRV,724790,+0.0000,+0.0000,+0.0000,+0.0000,+0.0000,+0.0000,+0.000,+0.000,-0.00693,+0.0025,+0.0000,-0.101,+0.000,+0.000,-0.05489,+0.000,-1.372,+0.000,+0.000,-0.008,-1.380,2,+0.000,+0.000,+0.07847,+0.000,+1.962,+0.000,+0.000,-0.008,+1.954,2,+0.000,-0.000,-0.08322,-0.000,-2.081,+0.001,+0.000,-0.008,-2.088,2,+0.000,+0.000,+0.04422,+0.000,+1.106,+0.000,+0.000,-0.008,+1.098,2,+0.000,-0.000,-0.283,-0.134
DRV,724794,+0.0000,+0.0000,+0.0000,+0.0000,+0.0000,+0.0000,+0.000,+0.000,-0.00692,+0.0022,+0.0000,-0.090,+0.000,+0.000,-0.05489,+0.000,-1.372,+0.000,+0.000,-0.007,-1.379,2,+0.000,+0.000,+0.07847,+0.000,+1.962,+0.000,+0.000,-0.007,+1.955,2,+0.000,+0.000,-0.08322,+0.000,-2.081,+0.000,+0.000,-0.007,-2.088,2,+0.000,-0.005,+0.04422,-0.005,+1.106,+0.010,+0.000,-0.007,+1.108,2,-0.005,+0.000,-0.271,-0.133
DRV,724798,+0.0000,+0.0000,+0.0000,+0.0000,+0.0000,+0.0000,+0.000,+0.000,-0.00692,+0.0020,+0.0000,-0.079,+0.000,+0.000,-0.05489,+0.000,-1.372,+0.000,+0.000,-0.006,-1.379,2,+0.000,+0.000,+0.07847,+0.000,+1.962,+0.000,+0.000,-0.006,+1.955,0,+0.000,+0.000,-0.08322,+0.000,-2.081,+0.000,+0.000,-0.006,-2.087,2,+0.000,+0.000,+0.04422,+0.000,+1.106,+0.000,+0.000,-0.006,+1.099,0,+0.000,+0.000,-0.279,-0.131
DRV,724802,+0.0000,+0.0000,+0.0000,+0.0000,+0.0000,+0.0000,+0.000,+0.000,-0.00691,+0.0028,+0.0000,-0.111,+0.000,+0.000,-0.05489,+0.000,-1.372,+0.000,+0.000,-0.009,-1.381,0,+0.000,+0.000,+0.07847,+0.000,+1.962,+0.000,+0.000,-0.009,+1.953,0,+0.000,-0.004,-0.08322,-0.004,-2.081,+0.008,+0.000,-0.009,-2.082,0,+0.000,+0.000,+0.04422,+0.000,+1.106,+0.000,+0.000,-0.009,+1.097,0,+0.000,-0.004,-0.284,-0.129
DRV,724806,+0.0000,+0.0000,+0.0000,+0.0000,+0.0000,+0.0000,+0.000,+0.000,-0.00689,+0.0036,+0.0000,-0.143,+0.000,+0.000,-0.05489,+0.000,-1.372,+0.000,+0.000,-0.011,-1.384,0,+0.000,+0.000,+0.07847,+0.000,+1.962,+0.000,+0.000,-0.011,+1.950,2,+0.000,+0.000,-0.08322,+0.000,-2.081,+0.000,+0.000,-0.011,-2.092,0,+0.000,+0.000,+0.04422,+0.000,+1.106,+0.000,+0.000,-0.011,+1.094,2,+0.000,+0.000,-0.289,-0.142
DRV,724810,+0.0000,+0.0000,+0.0000,+0.0000,+0.0000,+0.0000,+0.000,+0.000,-0.00688,+0.0041,+0.0000,-0.164,+0.000,+0.000,-0.05489,+0.000,-1.372,+0.000,+0.000,-0.013,-1.385,0,+0.000,+0.003,+0.07847,+0.003,+1.962,-0.007,+0.000,-0.013,+1.942,2,+0.000,+0.000,-0.08322,+0.000,-2.081,+0.000,+0.000,-0.013,-2.094,0,+0.000,+0.000,+0.04422,+0.000,+1.106,+0.000,+0.000,-0.013,+1.093,2,+0.000,+0.003,-0.293,-0.152
DRV,724814,+0.0000,+0.0000,+0.0000,+0.0000,+0.0000,+0.0000,+0.000,+0.000,-0.00686,+0.0041,+0.0000,-0.163,+0.000,+0.000,-0.05489,+0.000,-1.372,+0.000,+0.000,-0.013,-1.385,2,+0.000,+0.000,+0.07847,+0.000,+1.962,+0.000,+0.000,-0.013,+1.949,2,+0.000,+0.000,-0.08322,+0.000,-2.081,-0.001,+0.000,-0.013,-2.095,2,+0.000,+0.000,+0.04422,+0.000,+1.106,+0.000,+0.000,-0.013,+1.093,2,+0.000,+0.000,-0.293,-0.146
DRV,724818,+0.0000,+0.0000,+0.0000,+0.0000,+0.0000,+0.0000,+0.000,+0.000,-0.00684,+0.0046,+0.0000,-0.184,+0.000,+0.000,-0.05489,+0.000,-1.372,+0.000,+0.000,-0.015,-1.387,2,+0.000,+0.000,+0.07847,+0.000,+1.962,+0.000,+0.000,-0.015,+1.947,2,+0.000,-0.002,-0.08322,-0.002,-2.081,+0.004,+0.000,-0.015,-2.091,2,+0.000,+0.000,+0.04422,+0.000,+1.106,+0.000,+0.000,-0.015,+1.091,2,+0.000,-0.002,-0.296,-0.144
DRV,724822,+0.0000,+0.0000,+0.0000,+0.0000,+0.0000,+0.0000,+0.000,+0.000,-0.00682,+0.0046,+0.0000,-0.184,+0.000,+0.000,-0.05489,+0.000,-1.372,+0.000,+0.000,-0.015,-1.387,2,+0.000,+0.000,+0.07847,+0.000,+1.962,+0.000,+0.000,-0.015,+1.947,2,+0.000,+0.000,-0.08322,+0.000,-2.081,+0.000,+0.000,-0.015,-2.095,2,+0.000,+0.000,+0.04422,+0.000,+1.106,+0.000,+0.000,-0.015,+1.091,2,+0.000,+0.000,-0.296,-0.148
DRV,724826,+0.0000,+0.0000,+0.0000,+0.0000,+0.0000,+0.0000,+0.000,+0.000,-0.00681,+0.0025,+0.0000,-0.098,+0.000,+0.000,-0.05489,+0.000,-1.372,+0.000,+0.000,-0.008,-1.380,2,+0.000,+0.000,+0.07847,+0.000,+1.962,+0.000,+0.000,-0.008,+1.954,2,+0.000,+0.000,-0.08322,+0.000,-2.081,+0.000,+0.000,-0.008,-2.088,2,+0.000,+0.000,+0.04422,+0.000,+1.106,+0.000,+0.000,-0.008,+1.098,2,+0.000,+0.000,-0.282,-0.134
DRV,724830,+0.0000,+0.0000,+0.0000,+0.0000,+0.0000,+0.0000,+0.000,+0.000,-0.00680,+0.0025,+0.0000,-0.098,+0.000,+0.000,-0.05489,+0.000,-1.372,+0.000,+0.000,-0.008,-1.380,2,+0.000,+0.000,+0.07847,+0.000,+1.962,+0.000,+0.000,-0.008,+1.954,2,+0.000,+0.001,-0.08322,+0.001,-2.081,-0.002,+0.000,-0.008,-2.090,2,+0.000,+0.000,+0.04422,+0.000,+1.106,+0.000,+0.000,-0.008,+1.098,2,+0.000,+0.001,-0.282,-0.136
DRV,724834,+0.0000,+0.0000,+0.0000,+0.0000,+0.0000,+0.0000,+0.000,+0.000,-0.00679,+0.0030,+0.0000,-0.119,+0.000,+0.000,-0.05489,+0.000,-1.372,+0.000,+0.000,-0.010,-1.382,2,+0.000,+0.000,+0.07847,+0.000,+1.962,+0.000,+0.000,-0.010,+1.952,0,+0.000,+0.000,-0.08322,+0.000,-2.081,-0.001,+0.000,-0.010,-2.091,2,+0.000,+0.001,+0.04422,+0.001,+1.106,-0.002,+0.000,-0.010,+1.094,2,+0.001,+0.000,-0.288,-0.139
DRV,724838,+0.0000,+0.0000,+0.0000,+0.0000,+0.0000,+0.0000,+0.000,+0.000,-0.00678,+0.0030,+0.0000,-0.119,+0.000,+0.000,-0.05489,+0.000,-1.372,+0.000,+0.000,-0.010,-1.382,0,+0.000,+0.000,+0.07847,+0.000,+1.962,+0.000,+0.000,-0.010,+1.952,0,+0.000,+0.000,-0.08322,+0.000,-2.081,+0.000,+0.000,-0.010,-2.090,2,+0.000,+0.000,+0.04422,+0.000,+1.106,+0.000,+0.000,-0.010,+1.096,0,+0.000,+0.000,-0.286,-0.138
DRV,724842,+0.0000,+0.0000,+0.0000,+0.0000,+0.0000,+0.0000,+0.000,+0.000,-0.00676,+0.0046,+0.0000,-0.183,+0.000,+0.000,-0.05489,+0.000,-1.372,+0.000,+0.000,-0.015,-1.387,0,+0.000,+0.000,+0.07847,+0.000,+1.962,+0.000,+0.000,-0.015,+1.947,2,+0.000,+0.003,-0.08322,+0.003,-2.081,-0.006,+0.000,-0.015,-2.101,0,+0.000,+0.000,+0.04422,+0.000,+1.106,+0.000,+0.000,-0.015,+1.091,2,+0.000,+0.003,-0.296,-0.154
DRV,724846,+0.0000,+0.0000,+0.0000,+0.0000,+0.0000,+0.0000,+0.000,+0.000,-0.00674,+0.0046,+0.0000,-0.182,+0.000,+0.000,-0.05489,+0.000,-1.372,+0.000,+0.000,-0.015,-1.387,2,+0.000,+0.000,+0.07847,+0.000,+1.962,+0.000,+0.000,-0.015,+1.947,2,+0.000,+0.000,-0.08361,+0.000,-2.090,+0.000,+0.000,-0.015,-2.105,2,+0.000,+0.000,+0.04422,+0.000,+1.106,+0.000,+0.000,-0.015,+1.091,2,+0.000,+0.000,-0.296,-0.157
DRV,724850,+0.0000,+0.0000,+0.0000,+0.0000,+0.0000,+0.0000,+0.000,+0.000,-0.00672,+0.0051,+0.0000,-0.203,+0.000,+0.000,-0.05489,+0.000,-1.372,+0.000,+0.000,-0.016,-1.388,2,+0.000,+0.000,+0.07847,+0.000,+1.962,+0.000,+0.000,-0.016,+1.946,2,+0.000,+0.000,-0.08361,+0.000,-2.090,+0.000,+0.000,-0.016,-2.106,2,+0.000,+0.004,+0.04384,+0.004,+1.096,-0.008,+0.000,-0.016,+1.072,2,+0.004,+0.000,-0.316,-0.161
DRV,724854,+0.0000,+0.0000,+0.0000,+0.0000,+0.0000,+0.0000,+0.000,+0.000,-0.00670,+0.0051,+0.0000,-0.203,+0.000,+0.000,-0.05489,+0.000,-1.372,+0.000,+0.000,-0.016,-1.388,2,+0.000,+0.000,+0.07847,+0.000,+1.962,+0.000,+0.000,-0.016,+1.946,2,+0.000,+0.000,-0.08361,+0.000,-2.090,+0.000,+0.000,-0.016,-2.106,2,+0.000,+0.000,+0.04384,+0.000,+1.096,+0.000,+0.000,-0.016,+1.080,2,+0.000,+0.000,-0.309,-0.161
DRV,724858,+0.0000,+0.0000,+0.0000,+0.0000,+0.0000,+0.0000,+0.000,+0.000,-0.00668,+0.0045,+0.0000,-0.181,+0.000,+0.000,-0.05489,+0.000,-1.372,+0.000,+0.000,-0.014,-1.387,2,+0.000,+0.000,+0.07847,+0.000,+1.962,+0.000,+0.000,-0.014,+1.947,2,+0.000,+0.000,-0.08361,+0.000,-2.090,+0.000,+0.000,-0.014,-2.105,2,+0.000,+0.000,+0.04384,+0.000,+1.096,+0.000,+0.000,-0.014,+1.082,2,+0.000,+0.000,-0.305,-0.157
DRV,724862,+0.0000,+0.0000,+0.0000,+0.0000,+0.0000,+0.0000,+0.000,+0.000,-0.00667,+0.0045,+0.0000,-0.181,+0.000,+0.000,-0.05489,+0.000,-1.372,+0.000,+0.000,-0.014,-1.387,2,+0.000,+0.000,+0.07847,+0.000,+1.962,+0.000,+0.000,-0.014,+1.947,2,+0.000,+0.001,-0.08361,+0.001,-2.090,-0.002,+0.000,-0.014,-2.107,2,+0.000,+0.000,+0.04384,+0.000,+1.096,+0.000,+0.000,-0.014,+1.082,2,+0.000,+0.001,-0.305,-0.159
DRV,724866,+0.0000,+0.0000,+0.0000,+0.0000,+0.0000,+0.0000,+0.000,+0.000,-0.00665,+0.0040,+0.0000,-0.159,+0.000,+0.000,-0.05489,+0.000,-1.372,+0.000,+0.000,-0.013,-1.385,2,+0.000,+0.000,+0.07847,+0.000,+1.962,+0.000,+0.000,-0.013,+1.949,2,+0.000,+0.000,-0.08361,+0.000,-2.090,+0.000,+0.000,-0.013,-2.103,2,+0.000,+0.000,+0.04384,+0.000,+1.096,+0.000,+0.000,-0.013,+1.083,2,+0.000,+0.000,-0.302,-0.154
DRV,724870,+0.0000,+0.0000,+0.0000,+0.0000,+0.0000,+0.0000,+0.000,+0.000,-0.00663,+0.0040,+0.0000,-0.159,+0.000,+0.000,-0.05489,+0.000,-1.372,+0.000,+0.000,-0.013,-1.385,2,+0.000,+0.000,+0.07847,+0.000,+1.962,+0.000,+0.000,-0.013,+1.949,2,+0.000,+0.000,-0.08361,+0.000,-2.090,+0.000,+0.000,-0.013,-2.103,2,+0.000,+0.000,+0.04384,+0.000,+1.096,+0.000,+0.000,-0.013,+1.083,2,+0.000,+0.000,-0.302,-0.154
DRV,724874,+0.0000,+0.0000,+0.0000,+0.0000,+0.0000,+0.0000,+0.000,+0.000,-0.00662,+0.0029,+0.0000,-0.116,+0.000,-0.002,-0.05489,-0.002,-1.372,+0.005,+0.000,-0.009,-1.377,0,+0.000,+0.000,+0.07847,+0.000,+1.962,+0.000,+0.000,-0.009,+1.953,0,+0.000,+0.000,-0.08361,+0.000,-2.090,+0.000,+0.000,-0.009,-2.099,2,+0.000,+0.000,+0.04384,+0.000,+1.096,+0.000,+0.000,-0.009,+1.087,0,-0.002,+0.000,-0.290,-0.147
DRV,724878,+0.0000,+0.0000,+0.0000,+0.0000,+0.0000,+0.0000,+0.000,+0.000,-0.00661,+0.0029,+0.0000,-0.116,+0.000,+0.000,-0.05489,+0.000,-1.372,+0.000,+0.000,-0.009,-1.381,0,+0.000,-0.002,+0.07847,-0.002,+1.962,+0.004,+0.000,-0.009,+1.956,2,+0.000,+0.000,-0.08361,+0.000,-2.090,+0.000,+0.000,-0.009,-2.099,0,+0.000,+0.000,+0.04384,+0.000,+1.096,+0.000,+0.000,-0.009,+1.087,0,+0.000,-0.002,-0.295,-0.143
DRV,724882,+0.0000,+0.0000,+0.0000,+0.0000,+0.0000,+0.0000,+0.000,+0.000,-0.00661,+0.0002,+0.0000,-0.009,+0.000,+0.000,-0.05489,+0.000,-1.372,+0.000,+0.000,-0.001,-1.373,2,+0.000,+0.000,+0.07847,+0.000,+1.962,+0.000,+0.000,-0.001,+1.961,2,+0.000,+0.000,-0.08361,+0.000,-2.090,+0.000,+0.000,-0.001,-2.091,0,+0.000,+0.000,+0.04384,+0.000,+1.096,+0.000,+0.000,-0.001,+1.095,2,+0.000,+0.000,-0.278,-0.130
DRV,724886,+0.0000,+0.0000,+0.0000,+0.0000,+0.0000,+0.0000,+0.000,+0.000,-0.00661,+0.0002,+0.0000,-0.009,+0.000,+0.000,-0.05489,+0.000,-1.372,+0.000,+0.000,-0.001,-1.373,0,+0.000,-0.005,+0.07847,-0.005,+1.962,+0.010,+0.000,-0.001,+1.972,2,+0.000,+0.000,-0.08322,+0.000,-2.081,+0.000,+0.000,-0.001,-2.081,0,+0.000,+0.000,+0.04384,+0.000,+1.096,+0.000,+0.000,-0.001,+1.095,2,+0.000,-0.005,-0.278,-0.110
DRV,724890,+0.0000,+0.0000,+0.0000,+0.0000,+0.0000,+0.0000,+0.000,+0.000,-0.00660,+0.0018,+0.0000,-0.073,+0.000,-0.005,-0.05489,-0.005,-1.372,+0.010,+0.000,-0.006,-1.368,2,+0.000,+0.005,+0.07847,+0.005,+1.962,-0.010,+0.000,-0.006,+1.945,2,+0.000,+0.000,-0.08322,+0.000,-2.081,+0.000,+0.000,-0.006,-2.086,2,+0.000,+0.000,+0.04384,+0.000,+1.096,+0.000,+0.000,-0.006,+1.090,2,-0.005,+0.005,-0.277,-0.141
DRV,724894,+0.0000,+0.0000,+0.0000,+0.0000,+0.0000,+0.0000,+0.000,+0.000,-0.00659,+0.0018,+0.0000,-0.073,+0.000,+0.000,-0.05489,+0.000,-1.372,+0.000,+0.000,-0.006,-1.378,2,+0.000,-0.015,+0.07847,-0.015,+1.962,+0.031,+0.000,-0.006,+1.987,2,+0.000,+0.000,-0.08322,+0.000,-2.081,+0.000,+0.000,-0.006,-2.086,2,+0.000,+0.000,+0.04384,+0.000,+1.096,+0.000,+0.000,-0.006,+1.090,2,+0.000,-0.015,-0.288,-0.100
DRV,724898,+0.0000,+0.0000,+0.0000,+0.0000,+0.0000,+0.0000,+0.000,+0.000,-0.00659,+0.0013,+0.0000,-0.051,+0.000,+0.000,-0.05489,+0.000,-1.372,+0.000,+0.000,-0.004,-1.376,2,+0.000,+0.007,+0.07847,+0.007,+1.962,-0.013,+0.000,-0.004,+1.944,2,+0.000,+0.000,-0.08322,+0.000,-2.081,+0.000,+0.000,-0.004,-2.085,2,+0.000,+0.000,+0.04384,+0.000,+1.096,+0.000,+0.000,-0.004,+1.092,2,+0.000,+0.007,-0.284,-0.140
DRV,724902,+0.0000,+0.0000,+0.0000,+0.0000,+0.0000,+0.0000,+0.000,+0.000,-0.00658,+0.0013,+0.0000,-0.051,+0.000,+0.000,-0.05489,+0.000,-1.372,+0.000,+0.000,-0.004,-1.376,2,+0.000,-0.004,+0.07847,-0.004,+1.962,+0.009,+0.000,-0.004,+1.966,2,+0.000,+0.000,-0.08322,+0.000,-2.081,+0.000,+0.000,-0.004,-2.085,2,+0.000,+0.000,+0.04384,+0.000,+1.096,+0.000,+0.000,-0.004,+1.092,2,+0.000,-0.004,-0.284,-0.118
DRV,724906,+0.0000,+0.0000,+0.0000,+0.0000,+0.0000,+0.0000,+0.000,+0.000,-0.00657,+0.0018,+0.0000,-0.072,+0.000,+0.000,-0.05489,+0.000,-1.372,+0.000,+0.000,-0.006,-1.378,2,+0.000,+0.000,+0.07847,+0.000,+1.962,+0.000,+0.000,-0.006,+1.956,2,+0.000,+0.000,-0.08322,+0.000,-2.081,+0.000,+0.000,-0.006,-2.086,2,+0.000,+0.000,+0.04384,+0.000,+1.096,+0.000,+0.000,-0.006,+1.090,2,+0.000,+0.000,-0.288,-0.130
DRV,724910,+0.0000,+0.0000,+0.0000,+0.0000,+0.0000,+0.0000,+0.000,+0.000,-0.00657,+0.0018,+0.0000,-0.072,+0.000,-0.002,-0.05489,-0.002,-1.372,+0.005,+0.000,-0.006,-1.373,2,+0.000,+0.000,+0.07847,+0.000,+1.962,+0.000,+0.000,-0.006,+1.956,0,+0.000,-0.001,-0.08322,-0.001,-2.081,+0.002,+0.000,-0.006,-2.084,2,+0.000,+0.000,+0.04384,+0.000,+1.096,+0.000,+0.000,-0.006,+1.090,0,-0.002,-0.001,-0.283,-0.128
DRV,724914,+0.0000,+0.0000,+0.0000,+0.0000,+0.0000,+0.0000,+0.000,+0.000,-0.00656,+0.0029,+0.0000,-0.115,+0.000,+0.000,-0.05489,+0.000,-1.372,+0.000,+0.000,-0.009,-1.381,0,+0.000,+0.000,+0.07847,+0.000,+1.962,+0.000,+0.000,-0.009,+1.953,0,+0.000,+0.000,-0.08322,+0.000,-2.081,+0.000,+0.000,-0.009,-2.090,0,+0.000,+0.000,+0.04384,+0.000,+1.096,+0.000,+0.000,-0.009,+1.087,2,+0.000,+0.000,-0.295,-0.137
DRV,724918,+0.0000,+0.0000,+0.0000,+0.0000,+0.0000,+0.0000,+0.000,+0.000,-0.00655,+0.0029,+0.0000,-0.114,+0.000,+0.000,-0.05489,+0.000,-1.372,+0.000,+0.000,-0.009,-1.381,0,+0.000,+0.000,+0.07847,+0.000,+1.962,+0.000,+0.000,-0.009,+1.953,2,+0.000,+0.000,-0.08322,+0.000,-2.081,+0.000,+0.000,-0.009,-2.090,0,+0.000,-0.000,+0.04384,-0.000,+1.096,+0.001,+0.000,-0.009,+1.088,2,-0.000,+0.000,-0.294,-0.137
DRV,724922,+0.0000,+0.0000,+0.0000,+0.0000,+0.0000,+0.0000,+0.000,+0.000,-0.00653,+0.0034,+0.0000,-0.135,+0.000,+0.000,-0.05489,+0.000,-1.372,+0.000,+0.000,-0.011,-1.383,2,+0.000,+0.000,+0.07847,+0.000,+1.962,+0.000,+0.000,-0.011,+1.951,2,+0.000,+0.000,-0.08322,+0.000,-2.081,+0.000,+0.000,-0.011,-2.091,2,+0.000,+0.000,+0.04384,+0.000,+1.096,+0.000,+0.000,-0.011,+1.085,2,+0.000,+0.000,-0.298,-0.140
DRV,724926,+0.0000,+0.0000,+0.0000,+0.0000,+0.0000,+0.0000,+0.000,+0.000,-0.00652,+0.0034,+0.0000,-0.135,+0.000,-0.000,-0.05489,-0.000,-1.372,+0.001,+0.000,-0.011,-1.382,2,+0.000,+0.000,+0.07847,+0.000,+1.962,+0.000,+0.000,-0.011,+1.951,2,+0.000,+0.000,-0.08322,+0.000,-2.081,+0.000,+0.000,-0.011,-2.091,2,+0.000,-0.006,+0.04422,-0.006,+1.106,+0.011,+0.000,-0.011,+1.106,2,-0.006,+0.000,-0.276,-0.140
DRV,724930,+0.0000,+0.0000,+0.0000,+0.0000,+0.0000,+0.0000,+0.000,+0.000,-0.00651,+0.0012,+0.0000,-0.050,+0.000,+0.000,-0.05489,+0.000,-1.372,+0.000,+0.000,-0.004,-1.376,2,+0.000,+0.000,+0.07847,+0.000,+1.962,+0.000,+0.000,-0.004,+1.958,2,+0.000,+0.000,-0.08322,+0.000,-2.081,+0.000,+0.000,-0.004,-2.085,2,+0.000,+0.000,+0.04422,+0.000,+1.106,+0.000,+0.000,-0.004,+1.102,2,+0.000,+0.000,-0.275,-0.127
DRV,724934,+0.0000,+0.0000,+0.0000,+0.0000,+0.0000,+0.0000,+0.000,+0.000,-0.00651,+0.0012,+0.0000,-0.050,+0.000,-0.006,-0.05489,-0.006,-1.372,+0.011,+0.000,-0.004,-1.365,2,+0.000,+0.000,+0.07847,+0.000,+1.962,+0.000,+0.000,-0.004,+1.958,2,+0.000,+0.000,-0.08322,+0.000,-2.081,+0.000,+0.000,-0.004,-2.085,2,+0.000,+0.000,+0.04422,+0.000,+1.106,+0.000,+0.000,-0.004,+1.102,2,-0.006,+0.000,-0.263,-0.127
DRV,724938,+0.0000,+0.0000,+0.0000,+0.0000,+0.0000,+0.0000,+0.000,+0.000,-0.00650,+0.0018,+0.0000,-0.071,+0.000,+0.000,-0.05489,+0.000,-1.372,+0.000,+0.000,-0.006,-1.378,2,+0.000,-0.001,+0.07847,-0.001,+1.962,+0.003,+0.000,-0.006,+1.959,2,+0.000,-0.008,-0.08322,-0.008,-2.081,+0.016,+0.000,-0.006,-2.070,2,+0.000,+0.000,+0.04422,+0.000,+1.106,+0.000,+0.000,-0.006,+1.100,2,+0.000,-0.010,-0.278,-0.111
DRV,724942,+0.0000,+0.0000,+0.0000,+0.0000,+0.0000,+0.0000,+0.000,+0.000,-0.00649,+0.0018,+0.0000,-0.071,+0.000,+0.000,-0.05489,+0.000,-1.372,+0.000,+0.000,-0.006,-1.378,2,+0.000,+0.000,+0.07847,+0.000,+1.962,+0.000,+0.000,-0.006,+1.956,2,+0.000,+0.002,-0.08322,+0.002,-2.081,-0.004,+0.000,-0.006,-2.090,2,+0.000,-0.001,+0.04422,-0.001,+1.106,+0.003,+0.000,-0.006,+1.103,2,-0.001,+0.002,-0.275,-0.134
DRV,724946,+0.0000,+0.0000,+0.0000,+0.0000,+0.0000,+0.0000,+0.000,+0.000,-0.00649,+0.0012,+0.0000,-0.049,+0.000,+0.000,-0.05489,+0.000,-1.372,+0.000,+0.000,-0.004,-1.376,2,+0.000,+0.000,+0.07847,+0.000,+1.962,+0.000,+0.000,-0.004,+1.958,0,+0.000,+0.000,-0.08322,+0.000,-2.081,+0.000,+0.000,-0.004,-2.084,2,+0.000,+0.000,+0.04422,+0.000,+1.106,+0.000,+0.000,-0.004,+1.102,0,+0.000,+0.000,-0.275,-0.127
DRV,724950,+0.0000,+0.0000,+0.0000,+0.0000,+0.0000,+0.0000,+0.000,+0.000,-0.00648,+0.0012,+0.0000,-0.049,+0.000,+0.000,-0.05451,+0.000,-1.363,+0.000,+0.000,-0.004,-1.367,0,+0.000,-0.002,+0.07847,-0.002,+1.962,+0.005,+0.000,-0.004,+1.963,0,+0.000,+0.000,-0.08322,+0.000,-2.081,+0.000,+0.000,-0.004,-2.084,2,+0.000,+0.000,+0.04422,+0.000,+1.106,+0.000,+0.000,-0.004,+1.102,0,+0.000,-0.002,-0.265,-0.122
DRV,724954,+0.0000,+0.0000,+0.0000,+0.0000,+0.0000,+0.0000,+0.000,+0.000,-0.00648,+0.0018,+0.0000,-0.070,+0.000,+0.000,-0.05451,+0.000,-1.363,+0.000,+0.000,-0.006,-1.368,0,+0.000,+0.000,+0.07886,+0.000,+1.971,+0.000,+0.000,-0.006,+1.966,2,+0.000,-0.003,-0.08322,-0.003,-2.081,+0.006,+0.000,-0.006,-2.080,0,+0.000,+0.000,+0.04422,+0.000,+1.106,+0.000,+0.000,-0.006,+1.100,2,+0.000,-0.003,-0.268,-0.115
DRV,724958,+0.0000,+0.0000,+0.0000,+0.0000,+0.0000,+0.0000,+0.000,+0.000,-0.00647,+0.0018,+0.0000,-0.070,+0.000,+0.000,-0.05451,+0.000,-1.363,+0.000,+0.000,-0.006,-1.368,2,+0.000,+0.000,+0.07886,+0.000,+1.971,+0.000,+0.000,-0.006,+1.966,2,+0.000,-0.003,-0.08322,-0.003,-2.081,+0.007,+0.000,-0.006,-2.079,2,+0.000,+0.000,+0.04422,+0.000,+1.106,+0.000,+0.000,-0.006,+1.100,2,+0.000,-0.003,-0.268,-0.114
DRV,724962,+0.0000,+0.0000,+0.0000,+0.0000,+0.0000,+0.0000,+0.000,+0.000,-0.00646,+0.0018,+0.0000,-0.070,+0.000,-0.004,-0.05451,-0.004,-1.363,+0.009,+0.000,-0.006,-1.360,2,+0.000,+0.000,+0.07886,+0.000,+1.971,+0.000,+0.000,-0.006,+1.966,2,+0.000,+0.000,-0.08322,+0.000,-2.081,+0.000,+0.000,-0.006,-2.086,2,+0.000,+0.000,+0.04422,+0.000,+1.106,+0.000,+0.000,-0.006,+1.100,2,-0.004,+0.000,-0.260,-0.120
DRV,724966,+0.0000,+0.0000,+0.0000,+0.0000,+0.0000,+0.0000,+0.000,+0.000,-0.00646,+0.0017,+0.0000,-0.070,+0.000,+0.000,-0.05451,+0.000,-1.363,+0.000,+0.000,-0.006,-1.368,2,+0.000,+0.000,+0.07886,+0.000,+1.971,+0.000,+0.000,-0.006,+1.966,2,+0.000,-0.002,-0.08322,-0.002,-2.081,+0.005,+0.000,-0.006,-2.081,2,+0.000,+0.000,+0.04422,+0.000,+1.106,+0.000,+0.000,-0.006,+1.100,2,+0.000,-0.002,-0.268,-0.116
DRV,724970,+0.0000,+0.0000,+0.0000,+0.0000,+0.0000,+0.0000,+0.000,+0.000,-0.00645,+0.0012,+0.0000,-0.049,+0.000,+0.000,-0.05451,+0.000,-1.363,+0.000,+0.000,-0.004,-1.367,2,+0.000,+0.000,+0.07886,+0.000,+1.971,+0.000,+0.000,-0.004,+1.968,2,+0.000,-0.005,-0.08284,-0.005,-2.071,+0.010,+0.000,-0.004,-2.065,2,+0.000,-0.002,+0.04422,-0.002,+1.106,+0.005,+0.000,-0.004,+1.106,2,-0.002,-0.005,-0.260,-0.098
DRV,724974,+0.0000,+0.0000,+0.0000,+0.0000,+0.0000,+0.0000,+0.000,+0.000,-0.00645,+0.0012,+0.0000,-0.048,+0.000,+0.000,-0.05451,+0.000,-1.363,+0.000,+0.000,-0.004,-1.367,2,+0.000,+0.000,+0.07886,+0.000,+1.971,+0.000,+0.000,-0.004,+1.968,2,+0.000,+0.000,-0.08284,+0.000,-2.071,+0.000,+0.000,-0.004,-2.075,2,+0.000,-0.000,+0.04422,-0.000,+1.106,+0.001,+0.000,-0.004,+1.103,2,-0.000,+0.000,-0.264,-0.107
DRV,724978,+0.0000,+0.0000,+0.0000,+0.0000,+0.0000,+0.0000,+0.000,+0.000,-0.00644,+0.0012,+0.0000,-0.048,+0.000,+0.000,-0.05451,+0.000,-1.363,+0.000,+0.000,-0.004,-1.367,2,+0.000,+0.000,+0.07886,+0.000,+1.971,+0.000,+0.000,-0.004,+1.968,2,+0.000,+0.000,-0.08284,+0.000,-2.071,+0.000,+0.000,-0.004,-2.075,2,+0.000,-0.002,+0.04422,-0.002,+1.106,+0.005,+0.000,-0.004,+1.106,2,-0.002,+0.000,-0.260,-0.107
DRV,724982,+0.0000,+0.0000,+0.0000,+0.0000,+0.0000,+0.0000,+0.000,+0.000,-0.00644,+0.0012,+0.0000,-0.048,+0.000,+0.000,-0.05451,+0.000,-1.363,+0.000,+0.000,-0.004,-1.367,2,+0.000,+0.000,+0.07886,+0.000,+1.971,+0.000,+0.000,-0.004,+1.968,2,+0.000,-0.003,-0.08284,-0.003,-2.071,+0.007,+0.000,-0.004,-2.068,2,+0.000,+0.000,+0.04422,+0.000,+1.106,+0.000,+0.000,-0.004,+1.102,2,+0.000,-0.003,-0.265,-0.101
DRV,724986,+0.0000,+0.0000,+0.0000,+0.0000,+0.0000,+0.0000,+0.000,+0.000,-0.00643,+0.0017,+0.0000,-0.069,+0.000,+0.000,-0.05451,+0.000,-1.363,+0.000,+0.000,-0.006,-1.368,2,+0.000,+0.000,+0.07886,+0.000,+1.971,+0.000,+0.000,-0.006,+1.966,0,+0.000,+0.000,-0.08284,+0.000,-2.071,+0.000,+0.000,-0.006,-2.077,2,+0.000,-0.001,+0.04422,-0.001,+1.106,+0.002,+0.000,-0.006,+1.102,0,-0.001,+0.000,-0.266,-0.111
DRV,724990,+0.0000,+0.0000,+0.0000,+0.0000,+0.0000,+0.0000,+0.000,+0.000,-0.00642,+0.0017,+0.0000,-0.069,+0.000,+0.000,-0.05451,+0.000,-1.363,+0.000,+0.000,-0.006,-1.368,0,+0.000,+0.000,+0.07886,+0.000,+1.971,+0.000,+0.000,-0.006,+1.966,2,+0.000,+0.000,-0.08284,+0.000,-2.071,+0.000,+0.000,-0.006,-2.077,0,+0.000,-0.001,+0.04422,-0.001,+1.106,+0.003,+0.000,-0.006,+1.103,0,-0.001,+0.000,-0.265,-0.111
DRV,724994,+0.0000,+0.0000,+0.0000,+0.0000,+0.0000,+0.0000,+0.000,+0.000,-0.00642,+0.0017,+0.0000,-0.069,+0.000,-0.002,-0.05451,-0.002,-1.363,+0.004,+0.000,-0.006,-1.364,2,+0.000,+0.000,+0.07886,+0.000,+1.971,+0.000,+0.000,-0.006,+1.966,2,+0.000,+0.000,-0.08284,+0.000,-2.071,+0.000,+0.000,-0.006,-2.077,0,+0.000,+0.000,+0.04461,+0.000,+1.115,+0.000,+0.000,-0.006,+1.110,2,-0.002,+0.000,-0.255,-0.111
DRV,724998,+0.0000,+0.0000,+0.0000,+0.0000,+0.0000,+0.0000,+0.000,+0.000,-0.00641,+0.0017,+0.0000,-0.069,+0.000,+0.000,-0.05451,+0.000,-1.363,+0.000,+0.000,-0.006,-1.368,2,+0.000,+0.000,+0.07886,+0.000,+1.971,+0.000,+0.000,-0.006,+1.966,2,+0.000,-0.004,-0.08284,-0.004,-2.071,+0.008,+0.000,-0.006,-2.069,2,+0.000,+0.000,+0.04461,+0.000,+1.115,+0.000,+0.000,-0.006,+1.110,2,+0.000,-0.004,-0.259,-0.103
DRV,725002,+0.0000,+0.0000,+0.0000,+0.0000,+0.0000,+0.0000,+0.000,+0.000,-0.00640,+0.0012,+0.0000,-0.048,+0.000,+0.000,-0.05451,+0.000,-1.363,+0.000,+0.000,-0.004,-1.366,2,+0.000,-0.002,+0.07886,-0.002,+1.971,+0.005,+0.000,-0.004,+1.972,2,+0.000,+0.000,-0.08284,+0.000,-2.071,+0.000,+0.000,-0.004,-2.075,2,+0.000,+0.000,+0.04461,+0.000,+1.115,+0.000,+0.000,-0.004,+1.111,2,+0.000,-0.002,-0.255,-0.102
DRV,725006,+0.0000,+0.0000,+0.0000,+0.0000,+0.0000,+0.0000,+0.000,+0.000,-0.00640,+0.0012,+0.0000,-0.047,+0.000,-0.002,-0.05451,-0.002,-1.363,+0.005,+0.000,-0.004,-1.362,2,+0.000,+0.000,+0.07886,+0.000,+1.971,+0.000,+0.000,-0.004,+1.968,2,+0.000,-0.001,-0.08284,-0.001,-2.071,+0.002,+0.000,-0.004,-2.073,2,+0.000,+0.000,+0.04461,+0.000,+1.115,+0.000,+0.000,-0.004,+1.111,2,-0.002,-0.001,-0.250,-0.105
DRV,725010,+0.0000,+0.0000,+0.0000,+0.0000,+0.0000,+0.0000,+0.000,+0.000,-0.00639,+0.0028,+0.0000,-0.111,+0.000,-0.003,-0.05451,-0.003,-1.363,+0.006,+0.000,-0.009,-1.366,2,+0.000,+0.000,+0.07886,+0.000,+1.971,+0.000,+0.000,-0.009,+1.963,2,+0.000,+0.000,-0.08284,+0.000,-2.071,+0.000,+0.000,-0.009,-2.080,2,+0.000,+0.000,+0.04461,+0.000,+1.115,+0.000,+0.000,-0.009,+1.106,2,-0.003,+0.000,-0.260,-0.117
DRV,725014,+0.0000,+0.0000,+0.0000,+0.0000,+0.0000,+0.0000,+0.000,+0.000,-0.00638,+0.0028,+0.0000,-0.111,+0.000,+0.000,-0.05451,+0.000,-1.363,+0.000,+0.000,-0.009,-1.372,2,+0.000,-0.001,+0.07886,-0.001,+1.971,+0.002,+0.000,-0.009,+1.964,2,+0.000,+0.000,-0.08284,+0.000,-2.071,+0.000,+0.000,-0.009,-2.080,2,+0.000,-0.001,+0.04461,-0.001,+1.115,+0.003,+0.000,-0.009,+1.109,2,-0.001,-0.001,-0.262,-0.115
DRV,725018,+0.0000,+0.0000,+0.0000,+0.0000,+0.0000,+0.0000,+0.000,+0.000,-0.00637,+0.0006,+0.0000,-0.026,+0.000,-0.000,-0.05451,-0.000,-1.363,+0.001,+0.000,-0.002,-1.364,2,+0.000,+0.000,+0.07886,+0.000,+1.971,+0.000,+0.000,-0.002,+1.969,0,+0.000,+0.000,-0.08284,+0.000,-2.071,+0.000,+0.000,-0.002,-2.073,2,+0.000,+0.000,+0.04461,+0.000,+1.115,+0.000,+0.000,-0.002,+1.113,2,-0.000,+0.000,-0.251,-0.104
DRV,725022,+0.0000,+0.0000,+0.0000,+0.0000,+0.0000,+0.0000,+0.000,+0.000,-0.00637,+0.0006,+0.0000,-0.026,+0.000,+0.000,-0.05451,+0.000,-1.363,+0.000,+0.000,-0.002,-1.365,2,+0.000,-0.003,+0.07886,-0.003,+1.971,+0.007,+0.000,-0.002,+1.976,0,+0.000,+0.000,-0.08284,+0.000,-2.071,+0.000,+0.000,-0.002,-2.073,2,+0.000,+0.000,+0.04461,+0.000,+1.115,+0.000,+0.000,-0.002,+1.113,0,+0.000,-0.003,-0.252,-0.097
DRV,725026,+0.0000,+0.0000,+0.0000,+0.0000,+0.0000,+0.0000,+0.000,+0.000,-0.00637,+0.0001,+0.0000,-0.004,+0.000,-0.001,-0.05451,-0.001,-1.363,+0.003,+0.000,-0.000,-1.360,0,+0.000,+0.000,+0.07886,+0.000,+1.971,+0.000,+0.000,-0.000,+1.971,0,+0.000,+0.000,-0.08284,+0.000,-2.071,+0.000,+0.000,-0.000,-2.071,0,+0.000,-0.000,+0.04461,-0.000,+1.115,+0.001,+0.000,-0.000,+1.116,0,-0.002,+0.000,-0.244,-0.100
DRV,725030,+0.0000,+0.0000,+0.0000,+0.0000,+0.0000,+0.0000,+0.000,+0.000,-0.00637,+0.0006,+0.0000,-0.026,+0.000,+0.000,-0.05451,+0.000,-1.363,+0.000,+0.000,-0.002,-1.365,0,+0.000,-0.002,+0.07886,-0.002,+1.971,+0.004,+0.000,-0.002,+1.973,2,+0.000,+0.000,-0.08284,+0.000,-2.071,+0.000,+0.000,-0.002,-2.073,0,+0.000,+0.000,+0.04461,+0.000,+1.115,+0.000,+0.000,-0.002,+1.113,2,+0.000,-0.002,-0.252,-0.100
DRV,725034,+0.0000,+0.0000,+0.0000,+0.0000,+0.0000,+0.0000,+0.000,+0.000,-0.00636,+0.0012,+0.0000,-0.047,+0.000,+0.000,-0.05451,+0.000,-1.363,+0.000,+0.000,-0.004,-1.366,2,+0.000,+0.000,+0.07886,+0.000,+1.971,+0.000,+0.000,-0.004,+1.968,2,+0.000,-0.006,-0.08284,-0.006,-2.071,+0.012,+0.000,-0.004,-2.062,2,+0.000,+0.000,+0.04461,+0.000,+1.115,+0.000,+0.000,-0.004,+1.111,2,+0.000,-0.006,-0.255,-0.095
DRV,725038,+0.0000,+0.0000,+0.0000,+0.0000,+0.0000,+0.0000,+0.000,+0.000,-0.00636,+0.0020,+0.0000,-0.079,+0.000,-0.001,-0.05451,-0.001,-1.363,+0.002,+0.000,-0.006,-1.367,2,+0.000,+0.000,+0.07886,+0.000,+1.971,+0.000,+0.000,-0.006,+1.965,2,+0.000,+0.005,-0.08284,+0.005,-2.071,-0.010,+0.000,-0.006,-2.088,2,+0.000,+0.000,+0.04461,+0.000,+1.115,+0.000,+0.000,-0.006,+1.109,2,-0.001,+0.005,-0.258,-0.123
DRV,725042,+0.0000,+0.0000,+0.0000,+0.0000,+0.0000,+0.0000,+0.000,+0.000,-0.00635,+0.0028,+0.0000,-0.110,+0.000,+0.000,-0.05451,+0.000,-1.363,+0.000,+0.000,-0.009,-1.371,2,+0.000,+0.000,+0.07886,+0.000,+1.971,+0.000,+0.000,-0.009,+1.963,2,+0.000,+0.000,-0.08284,+0.000,-2.071,+0.000,+0.000,-0.009,-2.080,2,+0.000,+0.000,+0.04461,+0.000,+1.115,+0.000,+0.000,-0.009,+1.106,2,+0.000,+0.000,-0.265,-0.117
DRV,725046,+0.0000,+0.0000,+0.0000,+0.0000,+0.0000,+0.0000,+0.000,+0.000,-0.00633,+0.0030,+0.0000,-0.121,+0.000,+0.000,-0.05451,+0.000,-1.363,+0.000,+0.000,-0.010,-1.372,2,+0.000,+0.004,+0.07886,+0.004,+1.971,-0.009,+0.000,-0.010,+1.953,2,+0.000,+0.000,-0.08284,+0.000,-2.071,+0.000,+0.000,-0.010,-2.081,2,+0.000,-0.001,+0.04461,-0.001,+1.115,+0.002,+0.000,-0.010,+1.107,2,-0.001,+0.004,-0.265,-0.127
DRV,725050,+0.0000,+0.0000,+0.0000,+0.0000,+0.0000,+0.0000,+0.000,+0.000,-0.00632,+0.0033,+0.0000,-0.131,+0.000,+0.000,-0.05451,+0.000,-1.363,+0.000,+0.000,-0.010,-1.373,2,+0.000,+0.000,+0.07886,+0.000,+1.971,+0.000,+0.000,-0.010,+1.961,2,+0.000,+0.000,-0.08284,+0.000,-2.071,+0.000,+0.000,-0.010,-2.081,2,+0.000,+0.000,+0.04461,+0.000,+1.115,+0.000,+0.000,-0.010,+1.105,2,+0.000,+0.000,-0.268,-0.121
DRV,725054,+0.0000,+0.0000,+0.0000,+0.0000,+0.0000,+0.0000,+0.000,+0.000,-0.00631,+0.0035,+0.0000,-0.142,+0.000,+0.000,-0.05451,+0.000,-1.363,+0.000,+0.000,-0.011,-1.374,2,+0.000,+0.000,+0.07886,+0.000,+1.971,+0.000,+0.000,-0.011,+1.960,2,+0.000,+0.000,-0.08246,+0.000,-2.061,+0.000,+0.000,-0.011,-2.073,2,+0.000,+0.000,+0.04461,+0.000,+1.115,+0.000,+0.000,-0.011,+1.104,2,+0.000,+0.000,-0.270,-0.113
DRV,725058,+0.0000,+0.0000,+0.0000,+0.0000,+0.0000,+0.0000,+0.000,+0.000,-0.00629,+0.0038,+0.0000,-0.152,+0.000,+0.000,-0.05451,+0.000,-1.363,+0.000,+0.000,-0.012,-1.375,2,+0.000,+0.000,+0.07886,+0.000,+1.971,+0.000,+0.000,-0.012,+1.959,0,+0.000,+0.000,-0.08284,+0.000,-2.071,+0.000,+0.000,-0.012,-2.083,2,+0.000,-0.000,+0.04461,-0.000,+1.115,+0.001,+0.000,-0.012,+1.104,0,-0.000,+0.000,-0.271,-0.124
DRV,725062,+0.0000,+0.0000,+0.0000,+0.0000,+0.0000,+0.0000,+0.000,+0.000,-0.00628,+0.0030,+0.0000,-0.120,+0.000,+0.000,-0.05451,+0.000,-1.363,+0.000,+0.000,-0.010,-1.372,0,+0.000,+0.000,+0.07886,+0.000,+1.971,+0.000,+0.000,-0.010,+1.962,0,+0.000,+0.000,-0.08284,+0.000,-2.071,+0.000,+0.000,-0.010,-2.081,0,+0.000,+0.000,+0.04461,+0.000,+1.115,+0.000,+0.000,-0.010,+1.106,2,+0.000,+0.000,-0.267,-0.119
DRV,725066,+0.0000,+0.0000,+0.0000,+0.0000,+0.0000,+0.0000,+0.000,+0.000,-0.00627,+0.0022,+0.0000,-0.088,+0.000,+0.000,-0.05451,+0.000,-1.363,+0.000,+0.000,-0.007,-1.370,0,+0.000,+0.000,+0.07886,+0.000,+1.971,+0.000,+0.000,-0.007,+1.964,2,+0.000,+0.000,-0.08246,+0.000,-2.061,+0.000,+0.000,-0.007,-2.068,0,+0.000,-0.003,+0.04461,-0.003,+1.115,+0.006,+0.000,-0.007,+1.114,2,-0.003,+0.000,-0.256,-0.104
DRV,725070,+0.0000,+0.0000,+0.0000,+0.0000,+0.0000,+0.0000,+0.000,+0.000,-0.00626,+0.0030,+0.0000,-0.119,+0.000,+0.000,-0.05451,+0.000,-1.363,+0.000,+0.000,-0.010,-1.372,2,+0.000,+0.000,+0.07886,+0.000,+1.971,+0.000,+0.000,-0.010,+1.962,2,+0.000,+0.000,-0.08246,+0.000,-2.061,+0.000,+0.000,-0.010,-2.071,2,+0.000,-0.002,+0.04461,-0.002,+1.115,+0.004,+0.000,-0.010,+1.109,2,-0.002,+0.000,-0.263,-0.109
DRV,725074,+0.0000,+0.0000,+0.0000,+0.0000,+0.0000,+0.0000,+0.000,+0.000,-0.00624,+0.0038,+0.0000,-0.151,+0.000,+0.000,-0.05451,+0.000,-1.363,+0.000,+0.000,-0.012,-1.375,2,+0.000,+0.000,+0.07886,+0.000,+1.971,+0.000,+0.000,-0.012,+1.959,2,+0.000,+0.000,-0.08246,+0.000,-2.061,+0.000,+0.000,-0.012,-2.073,2,+0.000,+0.000,+0.04461,+0.000,+1.115,+0.000,+0.000,-0.012,+1.103,2,+0.000,+0.000,-0.272,-0.114
DRV,725078,+0.0000,+0.0000,+0.0000,+0.0000,+0.0000,+0.0000,+0.000,+0.000,-0.00623,+0.0027,+0.0000,-0.108,+0.000,+0.000,-0.05451,+0.000,-1.363,+0.000,+0.000,-0.009,-1.371,2,+0.000,+0.000,+0.07886,+0.000,+1.971,+0.000,+0.000,-0.009,+1.963,2,+0.000,+0.000,-0.08246,+0.000,-2.061,+0.000,+0.000,-0.009,-2.070,2,+0.000,+0.000,+0.04461,+0.000,+1.115,+0.000,+0.000,-0.009,+1.107,2,+0.000,+0.000,-0.265,-0.107
DRV,725082,+0.0000,+0.0000,+0.0000,+0.0000,+0.0000,+0.0000,+0.000,+0.000,-0.00623,+0.0016,+0.0000,-0.065,+0.000,+0.000,-0.05451,+0.000,-1.363,+0.000,+0.000,-0.005,-1.368,2,+0.000,+0.000,+0.07886,+0.000,+1.971,+0.000,+0.000,-0.005,+1.966,2,+0.000,+0.000,-0.08246,+0.000,-2.061,+0.000,+0.000,-0.005,-2.067,2,+0.000,+0.000,+0.04461,+0.000,+1.115,+0.000,+0.000,-0.005,+1.110,2,+0.000,+0.000,-0.258,-0.100
DRV,725086,+0.0000,+0.0000,+0.0000,+0.0000,+0.0000,+0.0000,+0.000,+0.000,-0.00622,+0.0027,+0.0000,-0.108,+0.000,+0.000,-0.05451,+0.000,-1.363,+0.000,+0.000,-0.009,-1.371,2,+0.000,+0.000,+0.07886,+0.000,+1.971,+0.000,+0.000,-0.009,+1.963,2,+0.000,-0.000,-0.08246,-0.000,-2.061,+0.001,+0.000,-0.009,-2.069,2,+0.000,+0.000,+0.04461,+0.000,+1.115,+0.000,+0.000,-0.009,+1.107,2,+0.000,-0.000,-0.265,-0.106
DRV,725090,+0.0000,+0.0000,+0.0000,+0.0000,+0.0000,+0.0000,+0.000,+0.000,-0.00620,+0.0038,+0.0000,-0.150,+0.000,+0.000,-0.05451,+0.000,-1.363,+0.000,+0.000,-0.012,-1.375,2,+0.000,+0.000,+0.07886,+0.000,+1.971,+0.000,+0.000,-0.012,+1.959,2,+0.000,+0.000,-0.08246,+0.000,-2.061,+0.000,+0.000,-0.012,-2.073,2,+0.000,+0.000,+0.04461,+0.000,+1.115,+0.000,+0.000,-0.012,+1.103,2,+0.000,+0.000,-0.271,-0.114
DRV,725094,+0.0000,+0.0000,+0.0000,+0.0000,+0.0000,+0.0000,+0000,+0.000,-0.0619,+0.0032,+0.0000,-0.128,+0.000,+0.000,-0.05451,+0.000,-1.363,+0.000,+0.000,-0.010,-1.373,2,+0.000,+0.000,+0.07886,+0.000,+1.971,+0.000,+0.000,-0.010,+1.961,0,+0.000,+0.000,-0.08246,+0.000,-2.061,+0.000,+0.000,-0.010,-2.072,2,+0.000,+0.000,+0.04461,+0.000,+1.115,+0.000,+0.000,-0.010,+1.105,2,+0.000,+0.000,-0.268,-0.111
DRV,725098,+0.0000,+0.0000,+0.0000,+0.0000,+0.0000,+0.0000,+0.000,+0.000,-0.00618,+0.0027,+0.0000,-0.107,+0.000,+0.000,-0.05451,+0.000,-1.363,+0.000,+0.000,-0.009,-1.371,0,+0.000,+0.000,+0.07886,+0.000,+1.971,+0.000,+0.000,-0.009,+1.963,0,+0.000,+0.000,-0.08246,+0.000,-2.061,+0.000,+0.000,-0.009,-2.070,2,+0.000,+0.000,+0.04461,+0.000,+1.115,+0.000,+0.000,-0.009,+1.107,0,+0.000,+0.000,-0.265,-0.107
DRV,725102,+0.0000,+0.0000,+0.0000,+0.0000,+0.0000,+0.0000,+0.000,+0.000,-0.00617,+0.0032,+0.0000,-0.128,+0.000,+0.000,-0.05451,+0.000,-1.363,+0.000,+0.000,-0.010,-1.373,2,+0.000,-0.001,+0.07886,-0.001,+1.971,+0.003,+0.000,-0.010,+1.964,2,+0.000,+0.000,-0.08284,+0.000,-2.071,+0.000,+0.000,-0.010,-2.081,0,+0.000,+0.000,+0.04461,+0.000,+1.115,+0.000,+0.000,-0.010,+1.105,2,+0.000,-0.001,-0.268,-0.117
DRV,725106,+0.0000,+0.0000,+0.0000,+0.0000,+0.0000,+0.0000,+0.000,+0.000,-0.00615,+0.0037,+0.0000,-0.149,+0.000,+0.000,-0.05451,+0.000,-1.363,+0.000,+0.000,-0.012,-1.375,2,+0.000,+0.006,+0.07886,+0.006,+1.971,-0.011,+0.000,-0.012,+1.948,2,+0.000,-0.004,-0.08246,-0.004,-2.061,+0.009,+0.000,-0.012,-2.065,2,+0.000,+0.000,+0.04461,+0.000,+1.115,+0.000,+0.000,-0.012,+1.103,2,+0.000,+0.001,-0.271,-0.117
DRV,725110,+0.0000,+0.0000,+0.0000,+0.0000,+0.0000,+0.0000,+0.000,+0.000,-0.00614,+0.0035,+0.0000,-0.138,+0.000,+0.000,-0.05451,+0.000,-1.363,+0.000,+0.000,-0.011,-1.374,2,+0.000,+0.000,+0.07886,+0.000,+1.971,+0.000,+0.000,-0.011,+1.960,2,+0.000,+0.011,-0.08284,+0.011,-2.071,-0.023,+0.000,-0.011,-2.105,2,+0.000,+0.000,+0.04461,+0.000,+1.115,+0.000,+0.000,-0.011,+1.104,2,+0.000,+0.011,-0.270,-0.145
DRV,725114,+0.0000,+0.0000,+0.0000,+0.0000,+0.0000,+0.0000,+0.000,+0.000,-0.00612,+0.0032,+0.0000,-0.127,+0.000,+0.000,-0.05451,+0.000,-1.363,+0.000,+0.000,-0.010,-1.373,2,+0.000,+0.004,+0.07886,+0.004,+1.971,-0.009,+0.000,-0.010,+1.953,2,+0.000,-0.012,-0.08284,-0.012,-2.071,+0.024,+0.000,-0.010,-2.057,2,+0.000,+0.000,+0.04461,+0.000,+1.115,+0.000,+0.000,-0.010,+1.105,2,+0.000,-0.008,-0.268,-0.105
DRV,725118,+0.0000,+0.0000,+0.0000,+0.0000,+0.0000,+0.0000,+0.000,+0.000,-0.00611,+0.0045,+0.0000,-0.180,+0.000,+0.001,-0.05451,+0.001,-1.363,-0.002,+0.000,-0.014,-1.379,2,+0.000,+0.000,+0.07886,+0.000,+1.971,+0.000,+0.000,-0.014,+1.957,2,+0.000,+0.012,-0.08284,+0.012,-2.071,-0.025,+0.000,-0.014,-2.110,2,+0.000,+0.001,+0.04461,+0.001,+1.115,-0.002,+0.000,-0.014,+1.099,2,+0.002,+0.012,-0.280,-0.153
DRV,725122,+0.0000,+0.0000,+0.0000,+0.0000,+0.0000,+0.0000,+0.000,+0.000,-0.00608,+0.0058,+0.0000,-0.233,+0.000,+0.002,-0.05451,+0.002,-1.363,-0.005,+0.000,-0.019,-1.386,2,+0.000,+0.000,+0.07886,+0.000,+1.971,+0.000,+0.000,-0.019,+1.953,2,+0.000,-0.001,-0.08284,-0.001,-2.071,+0.002,+0.000,-0.019,-2.088,2,+0.000,+0.002,+0.04461,+0.002,+1.115,-0.004,+0.000,-0.019,+1.093,2,+0.004,-0.001,-0.293,-0.135
DRV,725126,+0.0000,+0.0000,+0.0000,+0.0000,+0.0000,+0.0000,+0.000,+0.000,-0.00606,+0.0053,+0.0000,-0.211,+0.000,+0.000,-0.05451,+0.000,-1.363,+0.000,+0.000,-0.017,-1.380,2,+0.000,+0.000,+0.07886,+0.000,+1.971,+0.000,+0.000,-0.017,+1.955,2,+0.000,+0.012,-0.08284,+0.012,-2.071,-0.024,+0.000,-0.017,-2.112,2,+0.000,+0.000,+0.04461,+0.000,+1.115,+0.000,+0.000,-0.017,+1.098,2,+0.000,+0.012,-0.281,-0.157
DRV,725130,+0.0000,+0.0000,+0.0000,+0.0000,+0.0000,+0.0000,+0.000,+0.000,-0.00604,+0.0047,+0.0000,-0.190,+0.000,+0.002,-0.05451,+0.002,-1.363,-0.004,+0.000,-0.015,-1.382,2,+0.000,+0.000,+0.07886,+0.000,+1.971,+0.000,+0.000,-0.015,+1.956,0,+0.000,-0.015,-0.08284,-0.015,-2.071,+0.031,+0.000,-0.015,-2.056,2,+0.000,+0.000,+0.04461,+0.000,+1.115,+0.000,+0.000,-0.015,+1.100,2,+0.002,-0.015,-0.282,-0.099
DRV,725134,+0.0000,+0.0000,+0.0000,+0.0000,+0.0000,+0.0000,+0.000,+0.000,-0.00602,+0.0050,+0.0000,-0.200,+0.000,+0.006,-0.05451,+0.006,-1.363,-0.011,+0.000,-0.016,-1.390,2,+0.000,+0.000,+0.07886,+0.000,+1.971,+0.000,+0.000,-0.016,+1.955,0,+0.000,+0.006,-0.08284,+0.006,-2.071,-0.011,+0.000,-0.016,-2.098,2,+0.000,+0.000,+0.04461,+0.000,+1.115,+0.000,+0.000,-0.016,+1.099,0,+0.006,+0.006,-0.291,-0.143
DRV,725138,+0.0000,+0.0000,+0.0000,+0.0000,+0.0000,+0.0000,+0.000,+0.000,-0.00600,+0.0053,+0.0000,-0.210,+0.000,+0.000,-0.05451,+0.000,-1.363,+0.000,+0.000,-0.017,-1.379,0,+0.000,+0.000,+0.07886,+0.000,+1.971,+0.000,+0.000,-0.017,+1.955,0,+0.000,+0.000,-0.08284,+0.000,-2.071,+0.000,+0.000,-0.017,-2.088,0,+0.000,+0.000,+0.04461,+0.000,+1.115,+0.000,+0.000,-0.017,+1.098,0,+0.000,+0.000,-0.281,-0.133
DRV,725142,+0.0000,+0.0000,+0.0000,+0.0000,+0.0000,+0.0000,+0.000,+0.000,-0.00598,+0.0044,+0.0000,-0.178,+0.000,+0.000,-0.05451,+0.000,-1.363,+0.000,+0.000,-0.014,-1.377,0,+0.000,+0.003,+0.07886,+0.003,+1.971,-0.007,+0.000,-0.014,+1.951,2,+0.000,+0.000,-0.08284,+0.000,-2.071,-0.001,+0.000,-0.014,-2.086,0,+0.000,+0.000,+0.04461,+0.000,+1.115,+0.000,+0.000,-0.014,+1.101,2,+0.000,+0.004,-0.276,-0.136
DRV,725146,+0.0000,+0.0000,+0.0000,+0.0000,+0.0000,+0.0000,+0.000,+0.000,-0.00597,+0.0036,+0.0000,-0.145,+0.000,+0.002,-0.05451,+0.002,-1.363,-0.005,+0.000,-0.012,-1.379,2,+0.000,-0.001,+0.07886,-0.001,+1.971,+0.002,+0.000,-0.012,+1.962,2,+0.000,+0.000,-0.08284,+0.000,-2.071,+0.000,+0.000,-0.012,-2.083,2,+0.000,+0.000,+0.04461,+0.000,+1.115,+0.000,+0.000,-0.012,+1.104,2,+0.002,-0.001,-0.275,-0.121
DRV,725150,+0.0000,+0.0000,+0.0000,+0.0000,+0.0000,+0.0000,+0.000,+0.000,-0.00595,+0.0036,+0.0000,-0.145,+0.000,+0.000,-0.05451,+0.000,-1.363,+0.000,+0.000,-0.012,-1.374,2,+0.000,+0.000,+0.07886,+0.000,+1.971,+0.000,+0.000,-0.012,+1.960,2,+0.000,+0.000,-0.08284,+0.000,-2.071,+0.000,+0.000,-0.012,-2.083,2,+0.000,+0.000,+0.04461,+0.000,+1.115,-0.001,+0.000,-0.012,+1.103,2,+0.000,+0.000,-0.272,-0.123
DRV,725154,+0.0000,+0.0000,+0.0000,+0.0000,+0.0000,+0.0000,+0.000,+0.000,-0.00594,+0.0036,+0.0000,-0.145,+0.000,+0.000,-0.05451,+0.000,-1.363,+0.000,+0.000,-0.012,-1.374,2,+0.000,+0.000,+0.07886,+0.000,+1.971,+0.000,+0.000,-0.012,+1.960,2,+0.000,+0.000,-0.08284,+0.000,-2.071,+0.000,+0.000,-0.012,-2.083,2,+0.000,+0.000,+0.04461,+0.000,+1.115,+0.000,+0.000,-0.012,+1.104,2,+0.000,+0.000,-0.271,-0.123
DRV,725158,+0.0000,+0.0000,+0.0000,+0.0000,+0.0000,+0.0000,+0.000,+0.000,-0.00593,+0.0031,+0.0000,-0.123,+0.000,+0.000,-0.05451,+0.000,-1.363,+0.000,+0.000,-0.010,-1.373,2,+0.000,+0.000,+0.07886,+0.000,+1.971,+0.000,+0.000,-0.010,+1.962,2,+0.000,+0.000,-0.08284,+0.000,-2.071,+0.000,+0.000,-0.010,-2.081,2,+0.000,+0.000,+0.04461,+0.000,+1.115,+0.000,+0.000,-0.010,+1.105,2,+0.000,+0.000,-0.267,-0.119
DRV,725162,+0.0000,+0.0000,+0.0000,+0.0000,+0.0000,+0.0000,+0.000,+0.000,-0.00592,+0.0025,+0.0000,-0.102,+0.000,+0.000,-0.05451,+0.000,-1.363,+0.000,+0.000,-0.008,-1.371,2,+0.000,+0.000,+0.07847,+0.000,+1.962,+0.000,+0.000,-0.008,+1.954,2,+0.000,+0.000,-0.08284,+0.000,-2.071,-0.001,+0.000,-0.008,-2.080,2,+0.000,+0.000,+0.04461,+0.000,+1.115,+0.000,+0.000,-0.008,+1.107,2,+0.000,+0.000,-0.264,-0.126
DRV,725166,+0.0000,+0.0000,+0.0000,+0.0000,+0.0000,+0.0000,+0.000,+0.000,-0.00590,+0.0033,+0.0000,-0.133,+0.000,+0.000,-0.05451,+0.000,-1.363,+0.000,+0.000,-0.011,-1.373,2,+0.000,+0.000,+0.07847,+0.000,+1.962,+0.000,+0.000,-0.011,+1.951,2,+0.000,+0.000,-0.08284,+0.000,-2.071,+0.000,+0.000,-0.011,-2.082,2,+0.000,+0.000,+0.04461,+0.000,+1.115,+0.000,+0.000,-0.011,+1.105,2,+0.000,+0.000,-0.269,-0.131
DRV,725170,+0.0000,+0.0000,+0.0000,+0.0000,+0.0000,+0.0000,+0.000,+0.000,-0.00589,+0.0041,+0.0000,-0.165,+0.000,+0.000,-0.05451,+0.000,-1.363,+0.000,+0.000,-0.013,-1.376,2,+0.000,+0.000,+0.07847,+0.000,+1.962,+0.000,+0.000,-0.013,+1.949,0,+0.000,+0.000,-0.08284,+0.000,-2.071,-0.001,+0.000,-0.013,-2.085,2,+0.000,+0.004,+0.04422,+0.004,+1.106,-0.009,+0.000,-0.013,+1.084,0,+0.004,+0.000,-0.292,-0.137
DRV,725174,+0.0000,+0.0000,+0.0000,+0.0000,+0.0000,+0.0000,+0.000,+0.000,-0.00587,+0.0044,+0.0000,-0.175,+0.000,+0.000,-0.05451,+0.000,-1.363,+0.000,+0.000,-0.014,-1.377,0,+0.000,+0.000,+0.07847,+0.000,+1.962,+0.000,+0.000,-0.014,+1.948,0,+0.000,+0.009,-0.08284,+0.009,-2.071,-0.018,+0.000,-0.014,-2.103,0,+0.000,+0.000,+0.04422,+0.000,+1.106,+0.000,+0.000,-0.014,+1.092,0,+0.000,+0.009,-0.285,-0.155
DRV,725178,+0.0000,+0.0000,+0.0000,+0.0000,+0.0000,+0.0000,+0.000,+0.000,-0.00585,+0.0046,+0.0000,-0.186,+0.000,+0.004,-0.05489,+0.004,-1.372,-0.008,+0.000,-0.015,-1.395,0,+0.000,+0.000,+0.07847,+0.000,+1.962,+0.000,+0.000,-0.015,+1.947,2,+0.000,+0.000,-0.08322,+0.000,-2.081,+0.000,+0.000,-0.015,-2.095,0,+0.000,+0.005,+0.04422,+0.005,+1.106,-0.010,+0.000,-0.015,+1.080,2,+0.009,+0.000,-0.314,-0.148
DRV,725182,+0.0000,+0.0000,+0.0000,+0.0000,+0.0000,+0.0000,+0.000,+0.000,-0.00583,+0.0049,+0.0000,-0.196,+0.000,+0.000,-0.05489,+0.000,-1.372,+0.000,+0.000,-0.016,-1.388,2,+0.000,+0.000,+0.07847,+0.000,+1.962,+0.000,+0.000,-0.016,+1.946,2,+0.000,+0.000,-0.08322,+0.000,-2.081,+0.000,+0.000,-0.016,-2.096,2,+0.000,+0.003,+0.04422,+0.003,+1.106,-0.006,+0.000,-0.016,+1.084,2,+0.003,+0.000,-0.304,-0.150
DRV,725186,+0.0000,+0.0000,+0.0000,+0.0000,+0.0000,+0.0000,+0.000,+0.000,-0.00581,+0.0052,+0.0000,-0.206,+0.000,+0.000,-0.05489,+0.000,-1.372,+0.000,+0.000,-0.016,-1.389,2,+0.000,+0.014,+0.07847,+0.014,+1.962,-0.029,+0.000,-0.016,+1.917,2,+0.000,+0.000,-0.08322,+0.000,-2.081,+0.000,+0.000,-0.016,-2.097,2,+0.000,+0.000,+0.04422,+0.000,+1.106,+0.000,+0.000,-0.016,+1.089,2,+0.000,+0.014,-0.300,-0.180
DRV,725190,+0.0000,+0.0000,+0.0000,+0.0000,+0.0000,+0.0000,+0.000,+0.000,-0.00579,+0.0057,+0.0000,-0.227,+0.000,+0.000,-0.05489,+0.000,-1.372,+0.000,+0.000,-0.018,-1.390,2,+0.000,+0.000,+0.07847,+0.000,+1.962,+0.000,+0.000,-0.018,+1.944,2,+0.000,+0.000,-0.08322,+0.000,-2.081,+0.000,+0.000,-0.018,-2.099,2,+0.000,+0.000,+0.04422,+0.000,+1.106,-0.001,+0.000,-0.018,+1.086,2,+0.000,+0.000,-0.304,-0.155
DRV,725194,+0.0000,+0.0000,+0.0000,+0.0000,+0.0000,+0.0000,+0.000,+0.000,-0.00577,+0.0062,+0.0000,-0.248,+0.000,+0.000,-0.05489,+0.000,-1.372,+0.000,+0.000,-0.020,-1.392,2,+0.000,+0.000,+0.07847,+0.000,+1.962,+0.000,+0.000,-0.020,+1.942,2,+0.000,+0.002,-0.08322,+0.002,-2.081,-0.004,+0.000,-0.020,-2.104,2,+0.000,+0.000,+0.04422,+0.000,+1.106,+0.000,+0.000,-0.020,+1.086,2,+0.000,+0.002,-0.306,-0.162
DRV,725198,+0.0000,+0.0000,+0.0000,+0.0000,+0.0000,+0.0000,+0.000,+0.000,-0.00574,+0.0057,+0.0000,-0.226,+0.000,+0.000,-0.05489,+0.000,-1.372,+0.000,+0.000,-0.018,-1.390,2,+0.000,+0.000,+0.07847,+0.000,+1.962,+0.000,+0.000,-0.018,+1.944,2,+0.000,-0.005,-0.08322,-0.005,-2.081,+0.010,+0.000,-0.018,-2.089,2,+0.000,+0.001,+0.04422,+0.001,+1.106,-0.003,+0.000,-0.018,+1.085,2,+0.001,-0.005,-0.306,-0.145
DRV,725202,+0.0000,+0.0000,+0.0000,+0.0000,+0.0000,+0.0000,+0.000,+0.000,-0.00572,+0.0051,+0.0000,-0.204,+0.000,+0.000,-0.05489,+0.000,-1.372,+0.000,+0.000,-0.016,-1.389,2,+0.000,+0.000,+0.07847,+0.000,+1.962,+0.000,+0.000,-0.016,+1.945,2,+0.000,+0.004,-0.08322,+0.004,-2.081,-0.008,+0.000,-0.016,-2.105,2,+0.000,+0.000,+0.04422,+0.000,+1.106,+0.000,+0.000,-0.016,+1.089,2,+0.000,+0.004,-0.299,-0.159
DRV,725206,+0.0000,+0.0000,+0.0000,+0.0000,+0.0000,+0.0000,+0.000,+0.000,-0.00570,+0.0038,+0.0000,-0.151,+0.000,+0.000,-0.05489,+0.000,-1.372,+0.000,+0.000,-0.012,-1.384,2,+0.000,+0.000,+0.07847,+0.000,+1.962,+0.000,+0.000,-0.012,+1.950,0,+0.000,+0.000,-0.08322,+0.000,-2.081,+0.000,+0.000,-0.012,-2.093,2,+0.000,+0.000,+0.04422,+0.000,+1.106,+0.000,+0.000,-0.012,+1.094,0,+0.000,+0.000,-0.291,-0.143
DRV,725210,+0.0000,+0.0000,+0.0000,+0.0000,+0.0000,+0.0000,+0.000,+0.000,-0.00569,+0.0024,+0.0000,-0.097,+0.000,+0.000,-0.05489,+0.000,-1.372,+0.000,+0.000,-0.008,-1.380,0,+0.000,-0.002,+0.07847,-0.002,+1.962,+0.005,+0.000,-0.008,+1.959,0,+0.000,+0.000,-0.08322,+0.000,-2.081,+0.000,+0.000,-0.008,-2.088,2,+0.000,+0.000,+0.04422,+0.000,+1.106,+0.000,+0.000,-0.008,+1.098,0,+0.000,-0.002,-0.282,-0.130
DRV,725214,+0.0000,+0.0000,+0.0000,+0.0000,+0.0000,+0.0000,+0.000,+0.000,-0.00569,+0.0019,+0.0000,-0.076,+0.000,+0.000,-0.05489,+0.000,-1.372,+0.000,+0.000,-0.006,-1.378,2,+0.000,+0.005,+0.07847,+0.005,+1.962,-0.010,+0.000,-0.006,+1.945,2,+0.000,+0.000,-0.08322,+0.000,-2.081,+0.000,+0.000,-0.006,-2.087,0,+0.000,+0.000,+0.04422,+0.000,+1.106,+0.000,+0.000,-0.006,+1.100,2,+0.000,+0.005,-0.279,-0.141
DRV,725218,+0.0000,+0.0000,+0.0000,+0.0000,+0.0000,+0.0000,+0.000,+0.000,-0.00568,+0.0014,+0.0000,-0.054,+0.000,+0.000,-0.05489,+0.000,-1.372,+0.000,+0.000,-0.004,-1.377,2,+0.000,-0.004,+0.07847,-0.004,+1.962,+0.009,+0.000,-0.004,+1.966,2,+0.000,+0.000,-0.08322,+0.000,-2.081,+0.000,+0.000,-0.004,-2.085,2,+0.000,+0.002,+0.04422,+0.002,+1.106,-0.004,+0.000,-0.004,+1.097,2,+0.002,-0.004,-0.279,-0.119
DRV,725222,+0.0000,+0.0000,+0.0000,+0.0000,+0.0000,+0.0000,+0.000,+0.000,-0.00567,+0.0024,+0.0000,-0.097,+0.000,+0.000,-0.05489,+0.000,-1.372,+0.000,+0.000,-0.008,-1.380,2,+0.000,+0.013,+0.07847,+0.013,+1.962,-0.026,+0.000,-0.008,+1.928,2,+0.000,+0.000,-0.08322,+0.000,-2.081,+0.000,+0.000,-0.008,-2.088,2,+0.000,+0.000,+0.04422,+0.000,+1.106,+0.000,+0.000,-0.008,+1.098,2,+0.000,+0.013,-0.282,-0.160
DRV,725226,+0.0000,+0.0000,+0.0000,+0.0000,+0.0000,+0.0000,+0.000,+0.000,-0.00566,+0.0035,+0.0000,-0.139,+0.000,+0.002,-0.05489,+0.002,-1.372,-0.005,+0.000,-0.011,-1.388,2,+0.000,-0.014,+0.07847,-0.014,+1.962,+0.029,+0.000,-0.011,+1.979,2,+0.000,+0.005,-0.08322,+0.005,-2.081,-0.010,+0.000,-0.011,-2.101,2,+0.000,+0.004,+0.04422,+0.004,+1.106,-0.008,+0.000,-0.011,+1.087,2,+0.006,-0.010,-0.301,-0.122
DRV,725230,+0.0000,+0.0000,+0.0000,+0.0000,+0.0000,+0.0000,+0.000,+0.000,-0.00564,+0.0048,+0.0000,-0.192,+0.000,+0.000,-0.05489,+0.000,-1.372,+0.000,+0.000,-0.015,-1.388,2,+0.000,+0.018,+0.07847,+0.018,+1.962,-0.036,+0.000,-0.015,+1.910,2,+0.000,+0.000,-0.08322,+0.000,-2.081,+0.000,+0.000,-0.015,-2.096,2,+0.000,+0.005,+0.04422,+0.005,+1.106,-0.010,+0.000,-0.015,+1.081,2,+0.005,+0.018,-0.307,-0.186
DRV,725234,+0.0000,+0.0000,+0.0000,+0.0000,+0.0000,+0.0000,+0.000,+0.000,-0.00562,+0.0061,+0.0000,-0.245,+0.000,+0.003,-0.05489,+0.003,-1.372,-0.006,+0.000,-0.020,-1.398,2,+0.000,-0.003,+0.07847,-0.003,+1.962,+0.007,+0.000,-0.020,+1.949,2,+0.000,+0.000,-0.08322,+0.000,-2.081,+0.000,+0.000,-0.020,-2.100,2,+0.000,+0.001,+0.04422,+0.001,+1.106,-0.003,+0.000,-0.020,+1.083,2,+0.004,-0.003,-0.314,-0.151
DRV,725238,+0.0000,+0.0000,+0.0000,+0.0000,+0.0000,+0.0000,+0.000,+0.000,-0.00559,+0.0069,+0.0000,-0.276,+0.000,+0.000,-0.05489,+0.000,-1.372,+0.000,+0.000,-0.022,-1.394,2,+0.000,+0.001,+0.07847,+0.001,+1.962,-0.002,+0.000,-0.022,+1.938,2,+0.000,+0.000,-0.08322,+0.000,-2.081,+0.000,+0.000,-0.022,-2.103,2,+0.000,+0.002,+0.04422,+0.002,+1.106,-0.005,+0.000,-0.022,+1.079,2,+0.002,+0.001,-0.316,-0.165
DRV,725242,+0.0000,+0.0000,+0.0000,+0.0000,+0.0000,+0.0000,+0.000,+0.000,-0.00556,+0.0077,+0.0000,-0.308,+0.000,+0.000,-0.05489,+0.000,-1.372,+0.000,+0.000,-0.025,-1.397,2,+0.000,+0.002,+0.07809,+0.002,+1.952,-0.004,+0.000,-0.025,+1.924,2,+0.000,+0.003,-0.08361,+0.003,-2.090,-0.007,+0.000,-0.025,-2.121,2,+0.000,+0.000,+0.04384,+0.000,+1.096,+0.000,+0.000,-0.025,+1.071,2,+0.000,+0.005,-0.325,-0.198
DRV,725246,+0.0000,+0.0000,+0.0000,+0.0000,+0.0000,+0.0000,+0.000,+0.000,-0.00554,+0.0061,+0.0000,-0.243,+0.000,+0.001,-0.05489,+0.001,-1.372,-0.003,+0.000,-0.019,-1.395,0,+0.000,-0.001,+0.07847,-0.001,+1.962,+0.002,+0.000,-0.019,+1.944,0,+0.000,+0.000,-0.08361,+0.000,-2.090,+0.000,+0.000,-0.019,-2.110,2,+0.000,+0.001,+0.04384,+0.001,+1.096,-0.003,+0.000,-0.019,+1.074,0,+0.003,-0.001,-0.321,-0.165
DRV,725250,+0.0000,+0.0000,+0.0000,+0.0000,+0.0000,+0.0000,+0.000,+0.000,-0.00551,+0.0061,+0.0000,-0.243,+0.000,-0.002,-0.05489,-0.002,-1.372,+0.004,+0.000,-0.019,-1.388,0,+0.000,+0.019,+0.07809,+0.019,+1.952,-0.037,+0.000,-0.019,+1.896,2,+0.000,+0.000,-0.08361,+0.000,-2.090,+0.000,+0.000,-0.019,-2.110,0,+0.000,+0.000,+0.04384,+0.000,+1.096,+0.000,+0.000,-0.019,+1.077,0,-0.002,+0.019,-0.311,-0.214
DRV,725254,+0.0000,+0.0000,+0.0000,+0.0000,+0.0000,+0.0000,+0.000,+0.000,-0.00549,+0.0050,+0.0000,-0.200,+0.000,+0.000,-0.05489,+0.000,-1.372,+0.000,+0.000,-0.016,-1.388,2,+0.000,-0.014,+0.07847,-0.014,+1.962,+0.029,+0.000,-0.016,+1.974,2,+0.000,+0.003,-0.08361,+0.003,-2.090,-0.006,+0.000,-0.016,-2.112,0,+0.000,+0.000,+0.04384,+0.000,+1.096,+0.000,+0.000,-0.016,+1.080,2,+0.000,-0.011,-0.308,-0.137
DRV,725258,+0.0000,+0.0000,+0.0000,+0.0000,+0.0000,+0.0000,+0.000,+0.000,-0.00547,+0.0050,+0.0000,-0.199,+0.000,+0.000,-0.05489,+0.000,-1.372,+0.000,+0.000,-0.016,-1.388,2,+0.000,+0.017,+0.07847,+0.017,+1.962,-0.034,+0.000,-0.016,+1.912,2,+0.000,+0.000,-0.08361,+0.000,-2.090,+0.000,+0.000,-0.016,-2.106,2,+0.000,+0.000,+0.04384,+0.000,+1.096,+0.000,+0.000,-0.016,+1.080,2,+0.000,+0.017,-0.308,-0.195
DRV,725262,+0.0000,+0.0000,+0.0000,+0.0000,+0.0000,+0.0000,+0.000,+0.000,-0.00546,+0.0013,+0.0000,-0.050,+0.000,+0.000,-0.05489,+0.000,-1.372,+0.000,+0.000,-0.004,-1.376,2,+0.000,-0.008,+0.07809,-0.008,+1.952,+0.016,+0.000,-0.004,+1.964,2,+0.000,-0.002,-0.08361,-0.002,-2.090,+0.004,+0.000,-0.004,-2.090,2,+0.000,+0.000,+0.04384,+0.000,+1.096,+0.000,+0.000,-0.004,+1.092,2,+0.000,-0.010,-0.284,-0.126
DRV,725266,+0.0000,+0.0000,+0.0000,+0.0000,+0.0000,+0.0000,+0.000,+0.000,-0.00546,+0.0012,+0.0000,-0.050,+0.000,+0.000,-0.05489,+0.000,-1.372,+0.000,+0.000,-0.004,-1.376,2,+0.000,+0.003,+0.07847,+0.003,+1.962,-0.006,+0.000,-0.004,+1.952,2,+0.000,+0.000,-0.08361,+0.000,-2.090,+0.000,+0.000,-0.004,-2.094,2,+0.000,+0.000,+0.04384,+0.000,+1.096,+0.000,+0.000,-0.004,+1.092,2,+0.000,+0.003,-0.284,-0.142
DRV,725270,+0.0000,+0.0000,+0.0000,+0.0000,+0.0000,+0.0000,+0.000,+0.000,-0.00545,+0.0018,+0.0000,-0.071,+0.000,+0.000,-0.05489,+0.000,-1.372,+0.000,+0.000,-0.006,-1.378,2,+0.000,+0.000,+0.07809,+0.000,+1.952,+0.000,+0.000,-0.006,+1.947,2,+0.000,+0.000,-0.08361,+0.000,-2.090,+0.000,+0.000,-0.006,-2.096,2,+0.000,+0.000,+0.04384,+0.000,+1.096,+0.000,+0.000,-0.006,+1.090,2,+0.000,+0.000,-0.288,-0.149
DRV,725274,+0.0000,+0.0000,+0.0000,+0.0000,+0.0000,+0.0000,+0.000,+0.000,-0.00544,+0.0018,+0.0000,-0.071,+0.000,+0.000,-0.05489,+0.000,-1.372,+0.000,+0.000,-0.006,-1.378,2,+0.000,+0.000,+0.07847,+0.000,+1.962,+0.000,+0.000,-0.006,+1.956,2,+0.000,+0.004,-0.08361,+0.004,-2.090,-0.008,+0.000,-0.006,-2.103,2,+0.000,+0.000,+0.04384,+0.000,+1.096,+0.000,+0.000,-0.006,+1.090,2,+0.000,+0.004,-0.288,-0.147
DRV,725278,+0.0000,+0.0000,+0.0000,+0.0000,+0.0000,+0.0000,+0.000,+0.000,-0.00543,+0.0023,+0.0000,-0.092,+0.000,+0.000,-0.05489,+0.000,-1.372,+0.000,+0.000,-0.007,-1.380,2,+0.000,+0.000,+0.07809,+0.000,+1.952,-0.001,+0.000,-0.007,+1.944,2,+0.000,+0.000,-0.08361,+0.000,-2.090,+0.000,+0.000,-0.007,-2.098,2,+0.000,+0.000,+0.04384,+0.000,+1.096,+0.000,+0.000,-0.007,+1.089,2,+0.000,+0.000,-0.291,-0.154
DRV,725282,+0.0000,+0.0000,+0.0000,+0.0000,+0.0000,+0.0000,+0.000,+0.000,-0.00542,+0.0023,+0.0000,-0.092,+0.000,+0.000,-0.05489,+0.000,-1.372,-0.001,+0.000,-0.007,-1.381,2,+0.000,-0.002,+0.07847,-0.002,+1.962,+0.004,+0.000,-0.007,+1.958,0,+0.000,+0.000,-0.08361,+0.000,-2.090,+0.000,+0.000,-0.007,-2.097,2,+0.000,+0.000,+0.04384,+0.000,+1.096,+0.000,+0.000,-0.007,+1.089,0,+0.000,-0.002,-0.292,-0.139
DRV,725286,+0.0000,+0.0000,+0.0000,+0.0000,+0.0000,+0.0000,+0.000,+0.000,-0.00541,+0.0050,+0.0000,-0.198,+0.000,+0.001,-0.05489,+0.001,-1.372,-0.002,+0.000,-0.016,-1.390,0,+0.000,+0.025,+0.07809,+0.025,+1.952,-0.050,+0.000,-0.016,+1.887,0,+0.000,+0.000,-0.08361,+0.000,-2.090,+0.000,+0.000,-0.016,-2.106,0,+0.000,+0.001,+0.04384,+0.001,+1.096,-0.002,+0.000,-0.016,+1.078,0,+0.002,+0.025,-0.312,-0.219
DRV,725290,+0.0000,+0.0000,+0.0000,+0.0000,+0.0000,+0.0000,+0.000,+0.000,-0.00539,+0.0049,+0.0000,-0.198,+0.000,+0.000,-0.05489,+0.000,-1.372,+0.000,+0.000,-0.016,-1.388,0,+0.000,-0.027,+0.07847,-0.027,+1.962,+0.054,+0.000,-0.016,+2.000,2,+0.000,+0.009,-0.08361,+0.009,-2.090,-0.017,+0.000,-0.016,-2.123,0,+0.000,+0.005,+0.04384,+0.005,+1.096,-0.010,+0.000,-0.016,+1.071,2,+0.005,-0.019,-0.317,-0.123
DRV,725294,+0.0000,+0.0000,+0.0000,+0.0000,+0.0000,+0.0000,+0.000,+0.000,-0.00536,+0.0065,+0.0000,-0.261,+0.000,+0.003,-0.05489,+0.003,-1.372,-0.006,+0.000,-0.021,-1.399,2,+0.000,+0.038,+0.07809,+0.038,+1.952,-0.075,+0.000,-0.021,+1.856,2,+0.000,+0.000,-0.08361,+0.000,-2.090,-0.001,+0.000,-0.021,-2.112,2,+0.000,+0.000,+0.04384,+0.000,+1.096,+0.000,+0.000,-0.021,+1.075,2,+0.003,+0.038,-0.324,-0.256
DRV,725298,+0.0000,+0.0000,+0.0000,+0.0000,+0.0000,+0.0000,+0.000,+0.000,-0.00534,+0.0065,+0.0000,-0.261,+0.000,+0.000,-0.05489,+0.000,-1.372,+0.000,+0.000,-0.021,-1.393,2,+0.000,-0.025,+0.07809,-0.025,+1.952,+0.051,+0.000,-0.021,+1.982,2,+0.000,+0.000,-0.08361,+0.000,-2.090,+0.000,+0.000,-0.021,-2.111,2,+0.000,+0.001,+0.04384,+0.001,+1.096,-0.002,+0.000,-0.021,+1.073,2,+0.001,-0.025,-0.320,-0.129
DRV,725302,+0.0000,+0.0000,+0.0000,+0.0000,+0.0000,+0.0000,+0.000,+0.000,-0.00531,+0.0065,+0.0000,-0.260,+0.000,+0.000,-0.05489,+0.000,-1.372,+0.000,+0.000,-0.021,-1.393,2,+0.000,+0.016,+0.07847,+0.016,+1.962,-0.032,+0.000,-0.021,+1.909,2,+0.000,+0.000,-0.08361,+0.000,-2.090,+0.000,+0.000,-0.021,-2.111,2,+0.000,+0.000,+0.04384,+0.000,+1.096,+0.000,+0.000,-0.021,+1.075,2,+0.000,+0.016,-0.318,-0.202
DRV,725306,+0.0000,+0.0000,+0.0000,+0.0000,+0.0000,+0.0000,+0.000,+0.000,-0.00529,+0.0065,+0.0000,-0.260,+0.000,+0.000,-0.05489,+0.000,-1.372,+0.000,+0.000,-0.021,-1.393,2,+0.000,+0.000,+0.07771,+0.000,+1.943,+0.000,+0.000,-0.021,+1.922,2,+0.000,-0.000,-0.08361,-0.000,-2.090,+0.001,+0.000,-0.021,-2.110,2,+0.000,+0.000,+0.04384,+0.000,+1.096,+0.000,+0.000,-0.021,+1.075,2,+0.000,-0.000,-0.318,-0.188
DRV,725310,+0.0000,+0.0000,+0.0000,+0.0000,+0.0000,+0.0000,+0.000,+0.000,-0.00528,+0.0006,+0.0000,-0.025,+0.000,+0.000,-0.05489,+0.000,-1.372,+0.000,+0.000,-0.002,-1.374,2,+0.000,-0.005,+0.07847,-0.005,+1.962,+0.010,+0.000,-0.002,+1.969,2,+0.000,+0.001,-0.08361,+0.001,-2.090,-0.003,+0.000,-0.002,-2.095,2,+0.000,+0.000,+0.04384,+0.000,+1.096,+0.000,+0.000,-0.002,+1.094,2,+0.000,-0.003,-0.280,-0.126
DRV,725314,+0.0000,+0.0000,+0.0000,+0.0000,+0.0000,+0.0000,+0.000,+0.000,-0.00527,+0.0006,+0.0000,-0.025,+0.000,+0.000,-0.05489,+0.000,-1.372,+0.000,+0.000,-0.002,-1.374,2,+0.000,+0.012,+0.07809,+0.012,+1.952,-0.024,+0.000,-0.002,+1.926,2,+0.000,-0.009,-0.08361,-0.009,-2.090,+0.018,+0.000,-0.002,-2.074,2,+0.000,+0.000,+0.04384,+0.000,+1.096,+0.000,+0.000,-0.002,+1.094,2,+0.000,+0.003,-0.280,-0.148
DRV,725318,+0.0000,+0.0000,+0.0000,+0.0000,+0.0000,+0.0000,+0.000,+0.000,-0.00527,+0.0017,+0.0000,-0.067,+0.000,+0.000,-0.05489,+0.000,-1.372,+0.000,+0.000,-0.005,-1.378,2,+0.000,-0.012,+0.07847,-0.012,+1.962,+0.025,+0.000,-0.005,+1.981,0,+0.000,+0.006,-0.08361,+0.006,-2.090,-0.012,+0.000,-0.005,-2.108,2,+0.000,+0.000,+0.04384,+0.000,+1.096,+0.000,+0.000,-0.005,+1.091,0,+0.000,-0.006,-0.287,-0.127
DRV,725322,+0.0000,+0.0000,+0.0000,+0.0000,+0.0000,+0.0000,+0.000,+0.000,-0.00526,+0.0017,+0.0000,-0.067,+0.000,+0.000,-0.05489,+0.000,-1.372,+0.000,+0.000,-0.005,-1.378,0,+0.000,+0.010,+0.07771,+0.010,+1.943,-0.020,+0.000,-0.005,+1.917,0,+0.000,-0.002,-0.08361,-0.002,-2.090,+0.005,+0.000,-0.005,-2.091,0,+0.000,+0.000,+0.04384,+0.000,+1.096,+0.000,+0.000,-0.005,+1.091,0,+0.000,+0.008,-0.287,-0.174
DRV,725326,+0.0000,+0.0000,+0.0000,+0.0000,+0.0000,+0.0000,+0.000,+0.000,-0.00526,+0.0001,+0.0000,-0.003,+0.000,+0.000,-0.05489,+0.000,-1.372,+0.000,+0.000,-0.000,-1.373,0,+0.000,-0.032,+0.07809,-0.032,+1.952,+0.064,+0.000,-0.000,+2.016,2,+0.000,+0.002,-0.08361,+0.002,-2.090,-0.005,+0.000,-0.000,-2.095,0,+0.000,-0.000,+0.04384,-0.000,+1.096,+0.001,+0.000,-0.000,+1.097,2,-0.000,-0.030,-0.276,-0.079
DRV,725330,+0.0000,+0.0000,+0.0000,+0.0000,+0.0000,+0.0000,+0.000,+0.000,-0.00526,+0.0001,+0.0000,-0.003,+0.000,+0.000,-0.05489,+0.000,-1.372,+0.000,+0.000,-0.000,-1.372,2,+0.000,+0.028,+0.07809,+0.028,+1.952,-0.056,+0.000,-0.000,+1.896,2,+0.000,-0.004,-0.08361,-0.004,-2.090,+0.009,+0.000,-0.000,-2.082,2,+0.000,+0.000,+0.04384,+0.000,+1.096,+0.000,+0.000,-0.000,+1.096,2,+0.000,+0.024,-0.277,-0.186
DRV,725334,+0.0000,+0.0000,+0.0000,+0.0000,+0.0000,+0.0000,+0.000,+0.000,-0.00525,+0.0033,+0.0000,-0.131,+0.000,+0.000,-0.05489,+0.000,-1.372,+0.000,+0.000,-0.010,-1.383,2,+0.000,-0.009,+0.07809,-0.009,+1.952,+0.017,+0.000,-0.010,+1.959,2,+0.000,+0.003,-0.08361,+0.003,-2.090,-0.006,+0.000,-0.010,-2.106,2,+0.000,-0.002,+0.04384,-0.002,+1.096,+0.005,+0.000,-0.010,+1.090,2,-0.002,-0.006,-0.292,-0.147
DRV,725338,+0.0000,+0.0000,+0.0000,+0.0000,+0.0000,+0.0000,+0.000,+0.000,-0.00524,+0.0033,+0.0000,-0.131,+0.000,+0.000,-0.05489,+0.000,-1.372,-0.001,+0.000,-0.010,-1.384,2,+0.000,+0.003,+0.07847,+0.003,+1.962,-0.007,+0.000,-0.010,+1.945,2,+0.000,+0.000,-0.08361,+0.000,-2.090,+0.000,+0.000,-0.010,-2.101,2,+0.000,+0.000,+0.04384,+0.000,+1.096,+0.000,+0.000,-0.010,+1.086,2,+0.000,+0.003,-0.298,-0.156
DRV,725342,+0.0000,+0.0000,+0.0000,+0.0000,+0.0000,+0.0000,+0.000,+0.000,-0.00523,+0.0027,+0.0000,-0.109,+0.000,+0.000,-0.05489,+0.000,-1.372,+0.000,+0.000,-0.009,-1.381,2,+0.000,+0.000,+0.07809,+0.000,+1.952,+0.000,+0.000,-0.009,+1.943,2,+0.000,+0.000,-0.08361,+0.000,-2.090,+0.000,+0.000,-0.009,-2.099,2,+0.000,+0.000,+0.04384,+0.000,+1.096,+0.000,+0.000,-0.009,+1.087,2,+0.000,+0.000,-0.294,-0.155
DRV,725346,+0.0000,+0.0000,+0.0000,+0.0000,+0.0000,+0.0000,+0.000,+0.000,-0.00521,+0.0027,+0.0000,-0.109,+0.000,+0.000,-0.05489,+0.000,-1.372,-0.001,+0.000,-0.009,-1.382,2,+0.000,-0.009,+0.07809,-0.009,+1.952,+0.018,+0.000,-0.009,+1.962,2,+0.000,+0.004,-0.08361,+0.004,-2.090,-0.009,+0.000,-0.009,-2.107,2,+0.000,+0.000,+0.04384,+0.000,+1.096,+0.000,+0.000,-0.009,+1.087,2,+0.000,-0.005,-0.295,-0.146
DRV,725350,+0.0000,+0.0000,+0.0000,+0.0000,+0.0000,+0.0000,+0.000,+0.000,-0.00520,+0.0043,+0.0000,-0.173,+0.000,+0.000,-0.05489,+0.000,-1.372,+0.000,+0.000,-0.014,-1.386,2,+0.000,+0.005,+0.07809,+0.005,+1.952,-0.010,+0.000,-0.014,+1.928,2,+0.000,-0.006,-0.08361,-0.006,-2.090,+0.011,+0.000,-0.014,-2.093,2,+0.000,+0.000,+0.04384,+0.000,+1.096,+0.000,+0.000,-0.014,+1.082,2,+0.000,-0.000,-0.304,-0.165
DRV,725354,+0.0000,+0.0000,+0.0000,+0.0000,+0.0000,+0.0000,+0.000,+0.000,-0.00518,+0.0043,+0.0000,-0.172,+0.000,+0.000,-0.05489,+0.000,-1.372,+0.000,+0.000,-0.014,-1.386,2,+0.000,-0.008,+0.07809,-0.008,+1.952,+0.015,+0.000,-0.014,+1.954,0,+0.000,+0.002,-0.08361,+0.002,-2.090,-0.004,+0.000,-0.014,-2.108,2,+0.000,+0.000,+0.04384,+0.000,+1.096,+0.000,+0.000,-0.014,+1.082,2,+0.000,-0.006,-0.304,-0.154
DRV,725358,+0.0000,+0.0000,+0.0000,+0.0000,+0.0000,+0.0000,+0.000,+0.000,-0.00517,+0.0016,+0.0000,-0.066,+0.000,+0.000,-0.05489,+0.000,-1.372,+0.000,+0.000,-0.005,-1.377,0,+0.000,+0.007,+0.07809,+0.007,+1.952,-0.014,+0.000,-0.005,+1.933,2,+0.000,-0.006,-0.08361,-0.006,-2.090,+0.012,+0.000,-0.005,-2.083,2,+0.000,+0.000,+0.04384,+0.000,+1.096,+0.000,+0.000,-0.005,+1.091,0,+0.000,+0.001,-0.287,-0.150
DRV,725362,+0.0000,+0.0000,+0.0000,+0.0000,+0.0000,+0.0000,+0.000,+0.000,-0.00517,+0.0016,+0.0000,-0.065,+0.000,+0.000,-0.05489,+0.000,-1.372,+0.000,+0.000,-0.005,-1.377,0,+0.000,+0.000,+0.07809,+0.000,+1.952,+0.000,+0.000,-0.005,+1.947,2,+0.000,+0.000,-0.08361,+0.000,-2.090,-0.001,+0.000,-0.005,-2.096,0,+0.000,+0.000,+0.04384,+0.000,+1.096,+0.000,+0.000,-0.005,+1.091,0,+0.000,+0.000,-0.287,-0.149
DRV,725366,+0.0000,+0.0000,+0.0000,+0.0000,+0.0000,+0.0000,+0.000,+0.000,-0.00516,+0.0022,+0.0000,-0.087,+0.000,+0.001,-0.05489,+0.001,-1.372,-0.003,+0.000,-0.007,-1.382,2,+0.000,+0.000,+0.07809,+0.000,+1.952,+0.000,+0.000,-0.007,+1.945,2,+0.000,+0.000,-0.08361,+0.000,-2.090,+0.000,+0.000,-0.007,-2.097,2,+0.000,+0.000,+0.04384,+0.000,+1.096,+0.000,+0.000,-0.007,+1.089,2,+0.001,+0.000,-0.293,-0.152
DRV,725370,+0.0000,+0.0000,+0.0000,+0.0000,+0.0000,+0.0000,+0.000,+0.000,-0.00515,+0.0022,+0.0000,-0.086,+0.000,+0.000,-0.05527,+0.000,-1.382,+0.000,+0.000,-0.007,-1.389,2,+0.000,+0.000,+0.07809,+0.000,+1.952,+0.000,+0.000,-0.007,+1.945,2,+0.000,+0.002,-0.08361,+0.002,-2.090,-0.005,+0.000,-0.007,-2.102,2,+0.000,+0.000,+0.04384,+0.000,+1.096,+0.000,+0.000,-0.007,+1.089,2,+0.000,+0.002,-0.300,-0.157
DRV,725374,+0.0000,+0.0000,+0.0000,+0.0000,+0.0000,+0.0000,+0.000,+0.000,-0.00514,+0.0022,+0.0000,-0.086,+0.000,+0.000,-0.05527,+0.000,-1.382,+0.000,+0.000,-0.007,-1.389,2,+0.000,-0.003,+0.07809,-0.003,+1.952,+0.006,+0.000,-0.007,+1.951,2,+0.000,+0.000,-0.08361,+0.000,-2.090,+0.000,+0.000,-0.007,-2.097,2,+0.000,+0.000,+0.04384,+0.000,+1.096,+0.000,+0.000,-0.007,+1.089,2,+0.000,-0.003,-0.300,-0.146
DRV,725378,+0.0000,+0.0000,+0.0000,+0.0000,+0.0000,+0.0000,+0.000,+0.000,-0.00513,+0.0022,+0.0000,-0.086,+0.000,+0.000,-0.05527,+0.000,-1.382,+0.000,+0.000,-0.007,-1.389,2,+0.000,+0.000,+0.07809,+0.000,+1.952,-0.001,+0.000,-0.007,+1.944,2,+0.000,+0.000,-0.08361,+0.000,-2.090,+0.000,+0.000,-0.007,-2.097,2,+0.000,+0.000,+0.04384,+0.000,+1.096,+0.000,+0.000,-0.007,+1.089,2,+0.000,+0.000,-0.300,-0.153
DRV,725382,+0.0000,+0.0000,+0.0000,+0.0000,+0.0000,+0.0000,+0.000,+0.000,-0.00512,+0.0032,+0.0000,-0.128,+0.000,-0.001,-0.05489,-0.001,-1.372,+0.002,+0.000,-0.010,-1.381,2,+0.000,-0.003,+0.07809,-0.003,+1.952,+0.006,+0.000,-0.010,+1.948,2,+0.000,+0.000,-0.08361,+0.000,-2.090,+0.000,+0.000,-0.010,-2.100,2,+0.000,+0.000,+0.04384,+0.000,+1.096,+0.000,+0.000,-0.010,+1.086,2,-0.001,-0.003,-0.295,-0.153
DRV,725386,+0.0000,+0.0000,+0.0000,+0.0000,+0.0000,+0.0000,+0.000,+0.000,-0.00511,+0.0032,+0.0000,-0.128,+0.000,+0.000,-0.05489,+0.000,-1.372,+0.000,+0.000,-0.010,-1.382,2,+0.000,+0.000,+0.07809,+0.000,+1.952,+0.000,+0.000,-0.010,+1.942,2,+0.000,+0.000,-0.08361,+0.000,-2.090,+0.000,+0.000,-0.010,-2.100,2,+0.000,+0.000,+0.04384,+0.000,+1.096,+0.000,+0.000,-0.010,+1.086,2,+0.000,+0.000,-0.297,-0.158
DRV,725390,+0.0000,+0.0000,+0.0000,+0.0000,+0.0000,+0.0000,+0.000,+0.000,-0.00510,+0.0016,+0.0000,-0.064,+0.000,+0.000,-0.05489,+0.000,-1.372,+0.000,+0.000,-0.005,-1.377,2,+0.000,+0.000,+0.07809,+0.000,+1.952,+0.000,+0.000,-0.005,+1.947,0,+0.000,+0.000,-0.08361,+0.000,-2.090,+0.000,+0.000,-0.005,-2.095,2,+0.000,+0.000,+0.04384,+0.000,+1.096,+0.000,+0.000,-0.005,+1.091,2,+0.000,+0.000,-0.286,-0.148
DRV,725394,+0.0000,+0.0000,+0.0000,+0.0000,+0.0000,+0.0000,+0.000,+0.000,-0.00509,+0.0016,+0.0000,-0.064,+0.000,+0.000,-0.05489,+0.000,-1.372,+0.000,+0.000,-0.005,-1.377,2,+0.000,+0.000,+0.07809,+0.000,+1.952,+0.000,+0.000,-0.005,+1.947,0,+0.000,+0.000,-0.08361,+0.000,-2.090,+0.000,+0.000,-0.005,-2.095,2,+0.000,+0.000,+0.04384,+0.000,+1.096,+0.000,+0.000,-0.005,+1.091,0,+0.000,+0.000,-0.286,-0.148
DRV,725398,+0.0000,+0.0000,+0.0000,+0.0000,+0.0000,+0.0000,+0.000,+0.000,-0.00508,+0.0021,+0.0000,-0.085,+0.000,+0.000,-0.05489,+0.000,-1.372,+0.000,+0.000,-0.007,-1.379,0,+0.000,+0.000,+0.07809,+0.000,+1.952,+0.000,+0.000,-0.007,+1.945,0,+0.000,+0.000,-0.08361,+0.000,-2.090,+0.000,+0.000,-0.007,-2.097,0,+0.000,+0.000,+0.04384,+0.000,+1.096,+0.000,+0.000,-0.007,+1.089,0,+0.000,+0.000,-0.290,-0.152
DRV,725402,+0.0000,+0.0000,+0.0000,+0.0000,+0.0000,+0.0000,+0.000,+0.000,-0.00508,+0.0021,+0.0000,-0.085,+0.000,+0.000,-0.05489,+0.000,-1.372,+0.000,+0.000,-0.007,-1.379,0,+0.000,+0.000,+0.07809,+0.000,+1.952,+0.000,+0.000,-0.007,+1.945,2,+0.000,+0.000,-0.08361,+0.000,-2.090,+0.000,+0.000,-0.007,-2.097,0,+0.000,+0.000,+0.04384,+0.000,+1.096,+0.000,+0.000,-0.007,+1.089,2,+0.000,+0.000,-0.290,-0.152
DRV,725406,+0.0000,+0.0000,+0.0000,+0.0000,+0.0000,+0.0000,+0.000,+0.000,-0.00507,+0.0021,+0.0000,-0.085,+0.000,+0.000,-0.05489,+0.000,-1.372,+0.000,+0.000,-0.007,-1.379,2,+0.000,+0.000,+0.07809,+0.000,+1.952,+0.000,+0.000,-0.007,+1.945,2,+0.000,+0.000,-0.08361,+0.000,-2.090,+0.000,+0.000,-0.007,-2.097,2,+0.000,+0.000,+0.04384,+0.000,+1.096,+0.000,+0.000,-0.007,+1.089,2,+0.000,+0.000,-0.290,-0.151
DRV,725410,+0.0000,+0.0000,+0.0000,+0.0000,+0.0000,+0.0000,+0.000,+0.000,-0.00506,+0.0021,+0.0000,-0.085,+0.000,+0.000,-0.05489,+0.000,-1.372,+0.000,+0.000,-0.007,-1.379,2,+0.000,+0.000,+0.07809,+0.000,+1.952,+0.000,+0.000,-0.007,+1.945,2,+0.000,-0.006,-0.08361,-0.006,-2.090,+0.012,+0.000,-0.007,-2.085,2,+0.000,+0.000,+0.04384,+0.000,+1.096,+0.000,+0.000,-0.007,+1.089,2,+0.000,-0.006,-0.290,-0.139
DRV,725414,+0.0000,+0.0000,+0.0000,+0.0000,+0.0000,+0.0000,+0.000,+0.000,-0.00505,+0.0037,+0.0000,-0.148,+0.000,+0.000,-0.05489,+0.000,-1.372,+0.000,+0.000,-0.012,-1.384,2,+0.000,+0.000,+0.07809,+0.000,+1.952,+0.000,+0.000,-0.012,+1.940,2,+0.000,+0.008,-0.08361,+0.008,-2.090,-0.016,+0.000,-0.012,-2.118,2,+0.000,+0.000,+0.04384,+0.000,+1.096,+0.000,+0.000,-0.012,+1.084,2,+0.000,+0.008,-0.300,-0.178
DRV,725418,+0.0000,+0.0000,+0.0000,+0.0000,+0.0000,+0.0000,+0.000,+0.000,-0.00503,+0.0037,+0.0000,-0.148,+0.000,+0.001,-0.05527,+0.001,-1.382,-0.003,+0.000,-0.012,-1.397,2,+0.000,+0.000,+0.07809,+0.000,+1.952,+0.000,+0.000,-0.012,+1.940,2,+0.000,-0.001,-0.08361,-0.001,-2.090,+0.002,+0.000,-0.012,-2.100,2,+0.000,-0.000,+0.04384,-0.000,+1.096,+0.001,+0.000,-0.012,+1.085,2,+0.001,-0.001,-0.311,-0.160
DRV,725422,+0.0000,+0.0000,+0.0000,+0.0000,+0.0000,+0.0000,+0.000,+0.000,-0.00502,+0.0026,+0.0000,-0.105,+0.000,+0.000,-0.05527,+0.000,-1.382,+0.000,+0.000,-0.008,-1.390,2,+0.000,+0.000,+0.07809,+0.000,+1.952,-0.001,+0.000,-0.008,+1.943,2,+0.000,+0.001,-0.08361,+0.001,-2.090,-0.003,+0.000,-0.008,-2.101,2,+0.000,-0.000,+0.04384,-0.000,+1.096,+0.001,+0.000,-0.008,+1.089,2,-0.000,+0.002,-0.302,-0.159
DRV,725426,+0.0000,+0.0000,+0.0000,+0.0000,+0.0000,+0.0000,+0.000,+0.000,-0.00501,+0.0026,+0.0000,-0.105,+0.000,+0.000,-0.05527,+0.000,-1.382,+0.000,+0.000,-0.008,-1.390,2,+0.000,+0.003,+0.07809,+0.003,+1.952,-0.006,+0.000,-0.008,+1.938,2,+0.000,+0.000,-0.08361,+0.000,-2.090,+0.000,+0.000,-0.008,-2.099,2,+0.000,+0.000,+0.04384,+0.000,+1.096,+0.000,+0.000,-0.008,+1.088,2,+0.000,+0.003,-0.303,-0.160
DRV,725430,+0.0000,+0.0000,+0.0000,+0.0000,+0.0000,+0.0000,+0.000,+0.000,-0.00500,+0.0026,+0.0000,-0.105,+0.000,+0.000,-0.05527,+0.000,-1.382,+0.000,+0.000,-0.008,-1.390,2,+0.000,-0.001,+0.07809,-0.001,+1.952,+0.002,+0.000,-0.008,+1.946,0,+0.000,+0.000,-0.08361,+0.000,-2.090,+0.000,+0.000,-0.008,-2.099,2,+0.000,+0.000,+0.04384,+0.000,+1.096,+0.000,+0.000,-0.008,+1.088,0,+0.000,-0.001,-0.303,-0.153
DRV,725434,+0.0000,+0.0000,+0.0000,+0.0000,+0.0000,+0.0000,+0.000,+0.000,-0.00499,+0.0026,+0.0000,-0.104,+0.000,-0.003,-0.05489,-0.003,-1.372,+0.006,+0.000,-0.008,-1.375,0,+0.000,+0.004,+0.07809,+0.004,+1.952,-0.009,+0.000,-0.008,+1.935,0,+0.000,+0.000,-0.08361,+0.000,-2.090,+0.000,+0.000,-0.008,-2.098,0,+0.000,+0.000,+0.04384,+0.000,+1.096,+0.000,+0.000,-0.008,+1.088,0,-0.003,+0.004,-0.287,-0.163
DRV,725438,+0.0000,+0.0000,+0.0000,+0.0000,+0.0000,+0.0000,+0.000,+0.000,-0.00498,+0.0021,+0.0000,-0.083,+0.000,+0.000,-0.05489,+0.000,-1.372,+0.000,+0.000,-0.007,-1.379,0,+0.000,+0.000,+0.07809,+0.000,+1.952,+0.000,+0.000,-0.007,+1.946,2,+0.000,+0.000,-0.08361,+0.000,-2.090,+0.000,+0.000,-0.007,-2.097,0,+0.000,-0.004,+0.04384,-0.004,+1.096,+0.009,+0.000,-0.007,+1.098,2,-0.004,+0.000,-0.281,-0.151
DRV,725442,+0.0000,+0.0000,+0.0000,+0.0000,+0.0000,+0.0000,+0.000,+0.000,-0.00497,+0.0021,+0.0000,-0.083,+0.000,+0.000,-0.05489,+0.000,-1.372,+0.000,+0.000,-0.007,-1.379,2,+0.000,-0.001,+0.07809,-0.001,+1.952,+0.003,+0.000,-0.007,+1.948,2,+0.000,+0.000,-0.08361,+0.000,-2.090,+0.000,+0.000,-0.007,-2.097,2,+0.000,+0.000,+0.04384,+0.000,+1.096,+0.000,+0.000,-0.007,+1.089,2,+0.000,-0.001,-0.289,-0.148
DRV,725446,+0.0000,+0.0000,+0.0000,+0.0000,+0.0000,+0.0000,+0.000,+0.000,-0.00497,+0.0010,+0.0000,-0.040,+0.000,+0.000,-0.05489,+0.000,-1.372,+0.000,+0.000,-0.003,-1.375,2,+0.000,+0.000,+0.07809,+0.000,+1.952,+0.000,+0.000,-0.003,+1.949,2,+0.000,+0.000,-0.08361,+0.000,-2.090,+0.000,+0.000,-0.003,-2.093,2,+0.000,+0.000,+0.04384,+0.000,+1.096,+0.000,+0.000,-0.003,+1.093,2,+0.000,+0.000,-0.283,-0.144
DRV,725450,+0.0000,+0.0000,+0.0000,+0.0000,+0.0000,+0.0000,+0.000,+0.000,-0.00496,+0.0010,+0.0000,-0.040,+0.000,+0.000,-0.05489,+0.000,-1.372,+0.000,+0.000,-0.003,-1.375,2,+0.000,-0.001,+0.07809,-0.001,+1.952,+0.003,+0.000,-0.003,+1.952,2,+0.000,+0.000,-0.08361,+0.000,-2.090,+0.000,+0.000,-0.003,-2.093,2,+0.000,+0.000,+0.04384,+0.000,+1.096,+0.000,+0.000,-0.003,+1.093,2,+0.000,-0.001,-0.283,-0.141
DRV,725454,+0.0000,+0.0000,+0.0000,+0.0000,+0.0000,+0.0000,+0.000,+0.000,-0.00496,-0.0001,+0.0000,+0.003,+0.000,+0.000,-0.05489,+0.000,-1.372,+0.000,+0.000,+0.000,-1.372,2,+0.000,+0.000,+0.07809,+0.000,+1.952,+0.000,+0.000,+0.000,+1.952,2,+0.000,+0.000,-0.08361,+0.000,-2.090,+0.000,+0.000,+0.000,-2.090,2,+0.000,+0.000,+0.04384,+0.000,+1.096,+0.000,+0.000,+0.000,+1.096,2,+0.000,+0.000,-0.276,-0.138
DRV,725458,+0.0000,+0.0000,+0.0000,+0.0000,+0.0000,+0.0000,+0.000,+0.000,-0.00496,+0.0007,+0.0000,-0.029,+0.000,+0.000,-0.05489,+0.000,-1.372,+0.000,+0.000,-0.002,-1.375,2,+0.000,+0.000,+0.07809,+0.000,+1.952,+0.000,+0.000,-0.002,+1.950,2,+0.000,+0.003,-0.08361,+0.003,-2.090,-0.006,+0.000,-0.002,-2.098,2,+0.000,+0.000,+0.04384,+0.000,+1.096,+0.000,+0.000,-0.002,+1.094,2,+0.000,+0.003,-0.281,-0.148
DRV,725462,+0.0000,+0.0000,+0.0000,+0.0000,+0.0000,+0.0000,+0.000,+0.000,-0.00495,+0.0015,+0.0000,-0.061,+0.000,+0.000,-0.05489,+0.000,-1.372,+0.000,+0.000,-0.005,-1.377,2,+0.000,+0.000,+0.07809,+0.000,+1.952,+0.000,+0.000,-0.005,+1.947,2,+0.000,-0.006,-0.08361,-0.006,-2.090,+0.012,+0.000,-0.005,-2.083,2,+0.000,+0.000,+0.04384,+0.000,+1.096,+0.000,+0.000,-0.005,+1.091,2,+0.000,-0.006,-0.286,-0.135
DRV,725466,+0.0000,+0.0000,+0.0000,+0.0000,+0.0000,+0.0000,+0.000,+0.000,-0.00495,+0.0026,+0.0000,-0.104,+0.000,+0.000,-0.05489,+0.000,-1.372,-0.001,+0.000,-0.008,-1.381,2,+0.000,+0.000,+0.07809,+0.000,+1.952,+0.000,+0.000,-0.008,+1.944,0,+0.000,+0.008,-0.08361,+0.008,-2.090,-0.016,+0.000,-0.008,-2.115,2,+0.000,+0.000,+0.04384,+0.000,+1.096,+0.000,+0.000,-0.008,+1.088,2,+0.000,+0.008,-0.294,-0.171
DRV,725470,+0.0000,+0.0000,+0.0000,+0.0000,+0.0000,+0.0000,+0.000,+0.000,-0.00493,+0.0036,+0.0000,-0.146,+0.000,+0.000,-0.05489,+0.000,-1.372,+0.000,+0.000,-0.012,-1.384,0,+0.000,+0.003,+0.07809,+0.003,+1.952,-0.007,+0.000,-0.012,+1.934,2,+0.000,+0.000,-0.08361,+0.000,-2.090,+0.000,+0.000,-0.012,-2.102,2,+0.000,+0.000,+0.04384,+0.000,+1.096,+0.000,+0.000,-0.012,+1.084,0,+0.000,+0.003,-0.300,-0.168
DRV,725474,+0.0000,+0.0000,+0.0000,+0.0000,+0.0000,+0.0000,+0.000,+0.000,-0.00492,+0.0039,+0.0000,-0.156,+0.000,+0.006,-0.05527,+0.006,-1.382,-0.012,+0.000,-0.013,-1.407,0,+0.000,+0.000,+0.07809,+0.000,+1.952,+0.000,+0.000,-0.013,+1.940,2,+0.000,+0.000,-0.08361,+0.000,-2.090,+0.000,+0.000,-0.013,-2.103,0,+0.000,+0.000,+0.04384,+0.000,+1.096,+0.000,+0.000,-0.013,+1.084,2,+0.006,+0.000,-0.323,-0.163
DRV,725478,+0.0000,+0.0000,+0.0000,+0.0000,+0.0000,+0.0000,+0.000,+0.000,-0.00490,+0.0042,+0.0000,-0.167,+0.000,+0.000,-0.05527,+0.000,-1.382,+0.000,+0.000,-0.013,-1.395,2,+0.000,+0.000,+0.07809,+0.000,+1.952,+0.000,+0.000,-0.013,+1.939,2,+0.000,+0.000,-0.08361,+0.000,-2.090,+0.000,+0.000,-0.013,-2.103,2,+0.000,+0.000,+0.04384,+0.000,+1.096,+0.000,+0.000,-0.013,+1.083,2,+0.000,+0.000,-0.312,-0.165
DRV,725482,+0.0000,+0.0000,+0.0000,+0.0000,+0.0000,+0.0000,+0.000,+0.000,-0.00488,+0.0036,+0.0000,-0.145,+0.000,+0.000,-0.05527,+0.000,-1.382,+0.000,+0.000,-0.012,-1.393,2,+0.000,+0.000,+0.07809,+0.000,+1.952,+0.000,+0.000,-0.012,+1.941,2,+0.000,+0.000,-0.08361,+0.000,-2.090,+0.000,+0.000,-0.012,-2.102,2,+0.000,+0.000,+0.04384,+0.000,+1.096,+0.000,+0.000,-0.012,+1.084,2,+0.000,+0.000,-0.309,-0.161
DRV,725486,+0.0000,+0.0000,+0.0000,+0.0000,+0.0000,+0.0000,+0.000,+0.000,-0.00487,+0.0031,+0.0000,-0.123,+0.000,+0.000,-0.05527,+0.000,-1.382,+0.000,+0.000,-0.010,-1.392,2,+0.000,+0.000,+0.07809,+0.000,+1.952,+0.000,+0.000,-0.010,+1.942,2,+0.000,+0.000,-0.08361,+0.000,-2.090,+0.000,+0.000,-0.010,-2.100,2,+0.000,+0.000,+0.04384,+0.000,+1.096,+0.000,+0.000,-0.010,+1.086,2,+0.000,+0.000,-0.306,-0.158
DRV,725490,+0.0000,+0.0000,+0.0000,+0.0000,+0.0000,+0.0000,+0.000,+0.000,-0.00486,+0.0025,+0.0000,-0.102,+0.000,+0.000,-0.05527,+0.000,-1.382,+0.000,+0.000,-0.008,-1.390,2,+0.000,+0.000,+0.07809,+0.000,+1.952,+0.000,+0.000,-0.008,+1.944,2,+0.000,+0.000,-0.08361,+0.000,-2.090,+0.000,+0.000,-0.008,-2.098,2,+0.000,+0.000,+0.04384,+0.000,+1.096,+0.000,+0.000,-0.008,+1.088,2,+0.000,+0.000,-0.302,-0.154
DRV,725494,+0.0000,+0.0000,+0.0000,+0.0000,+0.0000,+0.0000,+0.000,+0.000,-0.00485,+0.0020,+0.0000,-0.080,+0.000,+0.000,-0.05527,+0.000,-1.382,+0.000,+0.000,-0.006,-1.388,2,+0.000,+0.000,+0.07809,+0.000,+1.952,+0.000,+0.000,-0.006,+1.946,2,+0.000,+0.000,-0.08361,+0.000,-2.090,+0.000,+0.000,-0.006,-2.097,2,+0.000,-0.001,+0.04384,-0.001,+1.096,+0.003,+0.000,-0.006,+1.092,2,-0.001,+0.000,-0.296,-0.151
DRV,725498,+0.0000,+0.0000,+0.0000,+0.0000,+0.0000,+0.0000,+0.000,+0.000,-0.00485,+0.0009,+0.0000,-0.038,+0.000,+0.000,-0.05527,+0.000,-1.382,+0.000,+0.000,-0.003,-1.385,2,+0.000,+0.000,+0.07809,+0.000,+1.952,+0.000,+0.000,-0.003,+1.949,2,+0.000,+0.000,-0.08361,+0.000,-2.090,+0.000,+0.000,-0.003,-2.093,2,+0.000,+0.000,+0.04384,+0.000,+1.096,+0.000,+0.000,-0.003,+1.093,2,+0.000,+0.000,-0.292,-0.144
DRV,725502,+0.0000,+0.0000,+0.0000,+0.0000,+0.0000,+0.0000,+0.000,+0.000,-0.00485,-0.0001,+0.0000,+0.005,+0.000,+0.000,-0.05527,+0.000,-1.382,+0.000,+0.000,+0.000,-1.381,2,+0.000,+0.000,+0.07809,+0.000,+1.952,+0.000,+0.000,+0.000,+1.953,0,+0.000,+0.000,-0.08361,+0.000,-2.090,+0.000,+0.000,+0.000,-2.090,2,+0.000,-0.000,+0.04384,-0.000,+1.096,+0.001,+0.000,+0.000,+1.097,2,-0.000,+0.000,-0.284,-0.137
DRV,725506,+0.0000,+0.0000,+0.0000,+0.0000,+0.0000,+0.0000,+0.000,+0.000,-0.00485,+0.0007,+0.0000,-0.027,+0.000,+0.000,-0.05527,+0.000,-1.382,+0.000,+0.000,-0.002,-1.384,2,+0.000,+0.000,+0.07809,+0.000,+1.952,+0.000,+0.000,-0.002,+1.950,0,+0.000,+0.000,-0.08361,+0.000,-2.090,+0.000,+0.000,-0.002,-2.092,2,+0.000,+0.000,+0.04384,+0.000,+1.096,+0.000,+0.000,-0.002,+1.094,0,+0.000,+0.000,-0.290,-0.142
DRV,725510,+0.0000,+0.0000,+0.0000,+0.0000,+0.0000,+0.0000,+0.000,+0.000,-0.00484,+0.0015,+0.0000,-0.059,+0.000,+0.000,-0.05527,+0.000,-1.382,+0.000,+0.000,-0.005,-1.387,0,+0.000,+0.000,+0.07809,+0.000,+1.952,+0.000,+0.000,-0.005,+1.948,2,+0.000,+0.000,-0.08361,+0.000,-2.090,+0.000,+0.000,-0.005,-2.095,0,+0.000,+0.000,+0.04384,+0.000,+1.096,+0.000,+0.000,-0.005,+1.091,0,+0.000,+0.000,-0.295,-0.147
DRV,725514,+0.0000,+0.0000,+0.0000,+0.0000,+0.0000,+0.0000,+0.000,+0.000,-0.00483,+0.0023,+0.0000,-0.091,+0.000,+0.000,-0.05527,+0.000,-1.382,+0.000,+0.000,-0.007,-1.389,2,+0.000,+0.000,+0.07809,+0.000,+1.952,+0.000,+0.000,-0.007,+1.945,2,+0.000,+0.000,-0.08361,+0.000,-2.090,+0.000,+0.000,-0.007,-2.097,0,+0.000,+0.000,+0.04384,+0.000,+1.096,+0.000,+0.000,-0.007,+1.089,2,+0.000,+0.000,-0.300,-0.152
DRV,725518,+0.0000,+0.0000,+0.0000,+0.0000,+0.0000,+0.0000,+0.000,+0.000,-0.00482,+0.0031,+0.0000,-0.122,+0.000,+0.000,-0.05527,+0.000,-1.382,+0.000,+0.000,-0.010,-1.392,2,+0.000,+0.000,+0.07809,+0.000,+1.952,+0.000,+0.000,-0.010,+1.942,2,+0.000,+0.000,-0.08361,+0.000,-2.090,+0.000,+0.000,-0.010,-2.100,2,+0.000,+0.000,+0.04384,+0.000,+1.096,+0.000,+0.000,-0.010,+1.086,2,+0.000,+0.000,-0.305,-0.158
DRV,725522,+0.0000,+0.0000,+0.0000,+0.0000,+0.0000,+0.0000,+0.000,+0.000,-0.00481,+0.0039,+0.0000,-0.154,+0.000,+0.000,-0.05527,+0.000,-1.382,+0.000,+0.000,-0.012,-1.394,2,+0.000,+0.000,+0.07809,+0.000,+1.952,+0.000,+0.000,-0.012,+1.940,2,+0.000,+0.000,-0.08361,+0.000,-2.090,+0.000,+0.000,-0.012,-2.102,2,+0.000,+0.000,+0.04384,+0.000,+1.096,+0.000,+0.000,-0.012,+1.084,2,+0.000,+0.000,-0.310,-0.163
DRV,725526,+0.0000,+0.0000,+0.0000,+0.0000,+0.0000,+0.0000,+0.000,+0.000,-0.00479,+0.0046,+0.0000,-0.186,+0.000,+0.000,-0.05527,+0.000,-1.382,+0.000,+0.000,-0.015,-1.397,2,+0.000,+0.000,+0.07809,+0.000,+1.952,+0.000,+0.000,-0.015,+1.937,2,+0.000,+0.000,-0.08361,+0.000,-2.090,+0.000,+0.000,-0.015,-2.105,2,+0.000,+0.000,+0.04384,+0.000,+1.096,+0.000,+0.000,-0.015,+1.081,2,+0.000,+0.000,-0.316,-0.168
DRV,725530,+0.0000,+0.0000,+0.0000,+0.0000,+0.0000,+0.0000,+0.000,+0.000,-0.00477,+0.0038,+0.0000,-0.153,+0.000,+0.000,-0.05527,+0.000,-1.382,+0.000,+0.000,-0.012,-1.394,2,+0.000,+0.000,+0.07809,+0.000,+1.952,+0.000,+0.000,-0.012,+1.940,2,+0.000,+0.000,-0.08361,+0.000,-2.090,+0.000,+0.000,-0.012,-2.102,2,+0.000,+0.000,+0.04384,+0.000,+1.096,+0.000,+0.000,-0.012,+1.084,2,+0.000,+0.000,-0.310,-0.162
DRV,725534,+0.0000,+0.0000,+0.0000,+0.0000,+0.0000,+0.0000,+0.000,+0.000,-0.00476,+0.0030,+0.0000,-0.121,+0.000,+0.000,-0.05527,+0.000,-1.382,+0.000,+0.000,-0.010,-1.392,2,+0.000,+0.000,+0.07809,+0.000,+1.952,+0.000,+0.000,-0.010,+1.943,2,+0.000,+0.000,-0.08361,+0.000,-2.090,+0.000,+0.000,-0.010,-2.100,2,+0.000,+0.000,+0.04384,+0.000,+1.096,+0.000,+0.000,-0.010,+1.086,2,+0.000,+0.000,-0.305,-0.157
DRV,725538,+0.0000,+0.0000,+0.0000,+0.0000,+0.0000,+0.0000,+0.000,+0.000,-0.00475,+0.0028,+0.0000,-0.110,+0.000,+0.000,-0.05527,+0.000,-1.382,+0.000,+0.000,-0.009,-1.391,2,+0.000,+0.000,+0.07809,+0.000,+1.952,+0.000,+0.000,-0.009,+1.943,2,+0.000,+0.000,-0.08361,+0.000,-2.090,+0.000,+0.000,-0.009,-2.099,2,+0.000,+0.000,+0.04384,+0.000,+1.096,+0.000,+0.000,-0.009,+1.087,2,+0.000,+0.000,-0.303,-0.156
DRV,725542,+0.0000,+0.0000,+0.0000,+0.0000,+0.0000,+0.0000,+0.000,+0.000,-0.00474,+0.0025,+0.0000,-0.099,+0.000,+0.000,-0.05527,+0.000,-1.382,+0.000,+0.000,-0.008,-1.390,2,+0.000,+0.000,+0.07809,+0.000,+1.952,+0.000,+0.000,-0.008,+1.944,0,+0.000,-0.000,-0.08361,-0.000,-2.090,+0.001,+0.000,-0.008,-2.097,2,+0.000,+0.000,+0.04384,+0.000,+1.096,+0.000,+0.000,-0.008,+1.088,0,+0.000,-0.000,-0.302,-0.153
DRV,725546,+0.0000,+0.0000,+0.0000,+0.0000,+0.0000,+0.0000,+0.000,+0.000,-0.00473,+0.0019,+0.0000,-0.078,+0.000,+0.000,-0.05527,+0.000,-1.382,+0.000,+0.000,-0.006,-1.388,0,+0.000,+0.000,+0.07809,+0.000,+1.952,+0.000,+0.000,-0.006,+1.946,0,+0.000,-0.003,-0.08361,-0.003,-2.090,+0.006,+0.000,-0.006,-2.091,0,+0.000,+0.000,+0.04384,+0.000,+1.096,+0.000,+0.000,-0.006,+1.090,0,+0.000,-0.003,-0.298,-0.145
DRV,725550,+0.0000,+0.0000,+0.0000,+0.0000,+0.0000,+0.0000,+0.000,+0.000,-0.00472,+0.0014,+0.0000,-0.057,+0.000,+0.000,-0.05527,+0.000,-1.382,+0.000,+0.000,-0.005,-1.386,0,+0.000,+0.000,+0.07809,+0.000,+1.952,+0.000,+0.000,-0.005,+1.948,2,+0.000,+0.000,-0.08361,+0.000,-2.090,+0.000,+0.000,-0.005,-2.095,0,+0.000,+0.000,+0.04384,+0.000,+1.096,+0.000,+0.000,-0.005,+1.091,2,+0.000,+0.000,-0.295,-0.147
DRV,725554,+0.0000,+0.0000,+0.0000,+0.0000,+0.0000,+0.0000,+0.000,+0.000,-0.00472,+0.0014,+0.0000,-0.056,+0.000,+0.000,-0.05527,+0.000,-1.382,+0.000,+0.000,-0.005,-1.386,2,+0.000,+0.000,+0.07809,+0.000,+1.952,+0.000,+0.000,-0.005,+1.948,2,+0.000,+0.000,-0.08361,+0.000,-2.090,+0.000,+0.000,-0.005,-2.095,2,+0.000,+0.000,+0.04384,+0.000,+1.096,+0.000,+0.000,-0.005,+1.091,2,+0.000,+0.000,-0.295,-0.147
DRV,725558,+0.0000,+0.0000,+0.0000,+0.0000,+0.0000,+0.0000,+0.000,+0.000,-0.00471,+0.0014,+0.0000,-0.056,+0.000,+0.000,-0.05527,+0.000,-1.382,+0.000,+0.000,-0.005,-1.386,2,+0.000,+0.000,+0.07809,+0.000,+1.952,+0.000,+0.000,-0.005,+1.948,2,+0.000,-0.001,-0.08361,-0.001,-2.090,+0.003,+0.000,-0.005,-2.092,2,+0.000,+0.000,+0.04384,+0.000,+1.096,+0.000,+0.000,-0.005,+1.092,2,+0.000,-0.001,-0.295,-0.144
DRV,725562,+0.0000,+0.0000,+0.0000,+0.0000,+0.0000,+0.0000,+0.000,+0.000,-0.00470,+0.0022,+0.0000,-0.088,+0.000,+0.000,-0.05527,+0.000,-1.382,+0.000,+0.000,-0.007,-1.389,2,+0.000,+0.000,+0.07809,+0.000,+1.952,+0.000,+0.000,-0.007,+1.945,2,+0.000,+0.000,-0.08361,+0.000,-2.090,+0.000,+0.000,-0.007,-2.097,2,+0.000,+0.000,+0.04384,+0.000,+1.096,+0.000,+0.000,-0.007,+1.089,2,+0.000,+0.000,-0.300,-0.152
DRV,725566,+0.0000,+0.0000,+0.0000,+0.0000,+0.0000,+0.0000,+0.000,+0.000,-0.00469,+0.0030,+0.0000,-0.120,+0.000,+0.000,-0.05527,+0.000,-1.382,+0.000,+0.000,-0.010,-1.391,2,+0.000,+0.000,+0.07809,+0.000,+1.952,+0.000,+0.000,-0.010,+1.943,2,+0.000,+0.000,-0.08361,+0.000,-2.090,+0.000,+0.000,-0.010,-2.100,2,+0.000,+0.000,+0.04384,+0.000,+1.096,+0.000,+0.000,-0.010,+1.086,2,+0.000,+0.000,-0.305,-0.157
DRV,725570,+0.0000,+0.0000,+0.0000,+0.0000,+0.0000,+0.0000,+0.000,+0.000,-0.00468,+0.0027,+0.0000,-0.109,+0.000,+0.000,-0.05527,+0.000,-1.382,+0.000,+0.000,-0.009,-1.391,2,+0.000,+0.000,+0.07809,+0.000,+1.952,+0.000,+0.000,-0.009,+1.944,2,+0.000,+0.000,-0.08361,+0.000,-2.090,+0.000,+0.000,-0.009,-2.099,2,+0.000,+0.000,+0.04384,+0.000,+1.096,+0.000,+0.000,-0.009,+1.087,2,+0.000,+0.000,-0.303,-0.155
DRV,725574,+0.0000,+0.0000,+0.0000,+0.0000,+0.0000,+0.0000,+0.000,+0.000,-0.00467,+0.0025,+0.0000,-0.098,+0.000,+0.000,-0.05527,+0.000,-1.382,+0.000,+0.000,-0.008,-1.390,2,+0.000,+0.000,+0.07809,+0.000,+1.952,+0.000,+0.000,-0.008,+1.944,2,+0.000,+0.000,-0.08361,+0.000,-2.090,+0.000,+0.000,-0.008,-2.098,2,+0.000,+0.000,+0.04384,+0.000,+1.096,+0.000,+0.000,-0.008,+1.088,2,+0.000,+0.000,-0.302,-0.154
DRV,725578,+0.0000,+0.0000,+0.0000,+0.0000,+0.0000,+0.0000,+0.000,+0.000,-0.00466,+0.0022,+0.0000,-0.087,+0.000,+0.000,-0.05527,+0.000,-1.382,+0.000,+0.000,-0.007,-1.389,2,+0.000,+0.000,+0.07809,+0.000,+1.952,+0.000,+0.000,-0.007,+1.945,0,+0.000,+0.000,-0.08361,+0.000,-2.090,+0.000,+0.000,-0.007,-2.097,2,+0.000,+0.000,+0.04384,+0.000,+1.096,+0.000,+0.000,-0.007,+1.089,0,+0.000,+0.000,-0.300,-0.152
DRV,725582,+0.0000,+0.0000,+0.0000,+0.0000,+0.0000,+0.0000,+0.000,+0.000,-0.00465,+0.0019,+0.0000,-0.076,+0.000,+0.000,-0.05527,+0.000,-1.382,+0.000,+0.000,-0.006,-1.388,0,+0.000,+0.000,+0.07809,+0.000,+1.952,+0.000,+0.000,-0.006,+1.946,0,+0.000,+0.000,-0.08361,+0.000,-2.090,+0.000,+0.000,-0.006,-2.096,0,+0.000,+0.000,+0.04384,+0.000,+1.096,+0.000,+0.000,-0.006,+1.090,0,+0.000,+0.000,-0.298,-0.150
DRV,725586,+0.0000,+0.0000,+0.0000,+0.0000,+0.0000,+0.0000,+0.000,+0.000,-0.00465,+0.0019,+0.0000,-0.076,+0.000,+0.000,-0.05527,+0.000,-1.382,+0.000,+0.000,-0.006,-1.388,2,+0.000,+0.000,+0.07809,+0.000,+1.952,+0.000,+0.000,-0.006,+1.946,2,+0.000,+0.000,-0.08361,+0.000,-2.090,+0.000,+0.000,-0.006,-2.096,0,+0.000,+0.000,+0.04384,+0.000,+1.096,+0.000,+0.000,-0.006,+1.090,2,+0.000,+0.000,-0.298,-0.150
DRV,725590,+0.0000,+0.0000,+0.0000,+0.0000,+0.0000,+0.0000,+0.000,+0.000,-0.00464,+0.0019,+0.0000,-0.076,+0.000,+0.000,-0.05527,+0.000,-1.382,+0.000,+0.000,-0.006,-1.388,2,+0.000,+0.000,+0.07809,+0.000,+1.952,+0.000,+0.000,-0.006,+1.946,2,+0.000,+0.000,-0.08361,+0.000,-2.090,+0.000,+0.000,-0.006,-2.096,2,+0.000,+0.000,+0.04384,+0.000,+1.096,+0.000,+0.000,-0.006,+1.090,2,+0.000,+0.000,-0.298,-0.150
DRV,725594,+0.0000,+0.0000,+0.0000,+0.0000,+0.0000,+0.0000,+0.000,+0.000,-0.00463,+0.0024,+0.0000,-0.097,+0.000,+0.000,-0.05527,+0.000,-1.382,+0.000,+0.000,-0.008,-1.390,2,+0.000,+0.000,+0.07809,+0.000,+1.952,+0.000,+0.000,-0.008,+1.944,2,+0.000,+0.000,-0.08361,+0.000,-2.090,+0.000,+0.000,-0.008,-2.098,2,+0.000,+0.000,+0.04384,+0.000,+1.096,+0.000,+0.000,-0.008,+1.088,2,+0.000,+0.000,-0.301,-0.153
DRV,725598,+0.0000,+0.0000,+0.0000,+0.0000,+0.0000,+0.0000,+0.000,+0.000,-0.00462,+0.0030,+0.0000,-0.118,+0.000,+0.000,-0.05527,+0.000,-1.382,+0.000,+0.000,-0.009,-1.391,2,+0.000,+0.000,+0.07771,+0.000,+1.943,+0.000,+0.000,-0.009,+1.933,2,+0.000,+0.001,-0.08361,+0.001,-2.090,-0.003,+0.000,-0.009,-2.102,2,+0.000,+0.000,+0.04384,+0.000,+1.096,+0.000,+0.000,-0.009,+1.087,2,+0.000,+0.001,-0.305,-0.169
DRV,725602,+0.0000,+0.0000,+0.0000,+0.0000,+0.0000,+0.0000,+0.000,+0.000,-0.00461,+0.0030,+0.0000,-0.118,+0.000,+0.000,-0.05527,+0.000,-1.382,-0.001,+0.000,-0.009,-1.392,2,+0.000,+0.000,+0.07771,+0.000,+1.943,+0.000,+0.000,-0.009,+1.933,2,+0.000,+0.000,-0.08361,+0.000,-2.090,+0.000,+0.000,-0.009,-2.100,2,+0.000,+0.000,+0.04384,+0.000,+1.096,+0.000,+0.000,-0.009,+1.087,2,+0.000,+0.000,-0.306,-0.166
DRV,725606,+0.0000,+0.0000,+0.0000,+0.0000,+0.0000,+0.0000,+0.000,+0.000,-0.00459,+0.0029,+0.0000,-0.118,+0.000,+0.000,-0.05527,+0.000,-1.382,+0.000,+0.000,-0.009,-1.391,2,+0.000,+0.000,+0.07771,+0.000,+1.943,+0.000,+0.000,-0.009,+1.933,2,+0.000,+0.002,-0.08361,+0.002,-2.090,-0.004,+0.000,-0.009,-2.103,2,+0.000,-0.000,+0.04384,-0.000,+1.096,+0.001,+0.000,-0.009,+1.088,2,-0.000,+0.002,-0.304,-0.170
DRV,725610,+0.0000,+0.0000,+0.0000,+0.0000,+0.0000,+0.0000,+0.000,+0.000,-0.00458,+0.0032,+0.0000,-0.128,+0.000,+0.000,-0.05527,+0.000,-1.382,+0.000,+0.000,-0.010,-1.392,2,+0.000,+0.000,+0.07771,+0.000,+1.943,+0.000,+0.000,-0.010,+1.932,2,+0.000,-0.002,-0.08361,-0.002,-2.090,+0.005,+0.000,-0.010,-2.096,2,+0.000,+0.000,+0.04384,+0.000,+1.096,+0.000,+0.000,-0.010,+1.086,2,+0.000,-0.002,-0.306,-0.163
DRV,725614,+0.0000,+0.0000,+0.0000,+0.0000,+0.0000,+0.0000,+0.000,+0.000,-0.00457,+0.0035,+0.0000,-0.139,+0.000,+0.000,-0.05527,+0.000,-1.382,+0.000,+0.000,-0.011,-1.393,2,+0.000,+0.000,+0.07771,+0.000,+1.943,+0.000,+0.000,-0.011,+1.932,0,+0.000,+0.000,-0.08361,+0.000,-2.090,+0.000,+0.000,-0.011,-2.101,2,+0.000,+0.000,+0.04384,+0.000,+1.096,+0.000,+0.000,-0.011,+1.085,2,+0.000,+0.000,-0.308,-0.170
DRV,725618,+0.0000,+0.0000,+0.0000,+0.0000,+0.0000,+0.0000,+0.000,+0.000,-0.00456,+0.0024,+0.0000,-0.096,+0.000,+0.000,-0.05527,+0.000,-1.382,+0.000,+0.000,-0.008,-1.389,0,+0.000,+0.000,+0.07771,+0.000,+1.943,+0.000,+0.000,-0.008,+1.935,0,+0.000,+0.000,-0.08361,+0.000,-2.090,+0.000,+0.000,-0.008,-2.098,2,+0.000,+0.000,+0.04384,+0.000,+1.096,+0.000,+0.000,-0.008,+1.088,0,+0.000,+0.000,-0.301,-0.163
DRV,725622,+0.0000,+0.0000,+0.0000,+0.0000,+0.0000,+0.0000,+0.000,+0.000,-0.00455,+0.0013,+0.0000,-0.053,+0.000,+0.000,-0.05527,+0.000,-1.382,+0.000,+0.000,-0.004,-1.386,0,+0.000,+0.000,+0.07771,+0.000,+1.943,+0.000,+0.000,-0.004,+1.938,2,+0.000,+0.000,-0.08361,+0.000,-2.090,+0.000,+0.000,-0.004,-2.094,0,+0.000,+0.000,+0.04384,+0.000,+1.096,+0.000,+0.000,-0.004,+1.092,0,+0.000,+0.000,-0.294,-0.156
DRV,725626,+0.0000,+0.0000,+0.0000,+0.0000,+0.0000,+0.0000,+0.000,+0.000,-0.00455,+0.0011,+0.0000,-0.042,+0.000,+0.000,-0.05527,+0.000,-1.382,+0.000,+0.000,-0.003,-1.385,2,+0.000,-0.002,+0.07809,-0.002,+1.952,+0.004,+0.000,-0.003,+1.953,2,+0.000,-0.004,-0.08361,-0.004,-2.090,+0.008,+0.000,-0.003,-2.086,0,+0.000,-0.001,+0.04384,-0.001,+1.096,+0.003,+0.000,-0.003,+1.095,2,-0.001,-0.006,-0.290,-0.133
DRV,725630,+0.0000,+0.0000,+0.0000,+0.0000,+0.0000,+0.0000,+0.000,+0.000,-0.00454,+0.0008,+0.0000,-0.032,+0.000,-0.002,-0.05489,-0.002,-1.372,+0.005,+0.000,-0.003,-1.370,2,+0.000,+0.000,+0.07809,+0.000,+1.952,+0.000,+0.000,-0.003,+1.950,2,+0.000,+0.000,-0.08361,+0.000,-2.090,+0.000,+0.000,-0.003,-2.093,2,+0.000,+0.000,+0.04384,+0.000,+1.096,+0.000,+0.000,-0.003,+1.093,2,-0.002,+0.000,-0.277,-0.143
DRV,725634,+0.0000,+0.0000,+0.0000,+0.0000,+0.0000,+0.0000,+0.000,+0.000,-0.00454,-0.0003,+0.0000,+0.011,+0.000,+0.000,-0.05489,+0.000,-1.372,+0.000,+0.000,+0.001,-1.371,2,+0.000,+0.000,+0.07809,+0.000,+1.952,+0.000,+0.000,+0.001,+1.953,2,+0.000,+0.000,-0.08361,+0.000,-2.090,+0.000,+0.000,+0.001,-2.089,2,+0.000,-0.002,+0.04384,-0.002,+1.096,+0.005,+0.000,+0.001,+1.102,2,-0.002,+0.000,-0.270,-0.136
DRV,725638,+0.0000,+0.0000,+0.0000,+0.0000,+0.0000,+0.0000,+0.000,+0.000,-0.00455,-0.0013,+0.0000,+0.053,+0.000,+0.000,-0.05489,+0.000,-1.372,+0.000,+0.000,+0.004,-1.368,2,+0.000,+0.000,+0.07809,+0.000,+1.952,+0.000,+0.000,+0.004,+1.956,2,+0.000,+0.000,-0.08361,+0.000,-2.090,+0.000,+0.000,+0.004,-2.086,2,+0.000,+0.000,+0.04422,+0.000,+1.106,+0.000,+0.000,+0.004,+1.110,2,+0.000,+0.000,-0.258,-0.129
DRV,725642,+0.0000,+0.0000,+0.0000,+0.0000,+0.0000,+0.0000,+0.000,+0.000,-0.00455,-0.0005,+0.0000,+0.021,+0.000,+0.000,-0.05489,+0.000,-1.372,+0.000,+0.000,+0.002,-1.371,2,+0.000,+0.000,+0.07809,+0.000,+1.952,+0.000,+0.000,+0.002,+1.954,2,+0.000,+0.000,-0.08361,+0.000,-2.090,+0.000,+0.000,+0.002,-2.088,2,+0.000,+0.000,+0.04422,+0.000,+1.106,+0.000,+0.000,+0.002,+1.107,2,+0.000,+0.000,-0.263,-0.134
DRV,725646,+0.0000,+0.0000,+0.0000,+0.0000,+0.0000,+0.0000,+0.000,+0.000,-0.00455,+0.0003,+0.0000,-0.010,+0.000,+0.000,-0.05489,+0.000,-1.372,+0.000,+0.000,-0.001,-1.373,2,+0.000,+0.000,+0.07809,+0.000,+1.952,+0.000,+0.000,-0.001,+1.951,2,+0.000,+0.000,-0.08361,+0.000,-2.090,+0.000,+0.000,-0.001,-2.091,2,+0.000,+0.000,+0.04422,+0.000,+1.106,+0.000,+0.000,-0.001,+1.105,2,+0.000,+0.000,-0.268,-0.140
DRV,725650,+0.0000,+0.0000,+0.0000,+0.0000,+0.0000,+0.0000,+0.000,+0.000,-0.00455,+0.0021,+0.0000,-0.085,+0.000,+0.000,-0.05489,+0.000,-1.372,+0.000,+0.000,-0.007,-1.379,2,+0.000,+0.006,+0.07809,+0.006,+1.952,-0.012,+0.000,-0.007,+1.933,2,+0.000,+0.000,-0.08361,+0.000,-2.090,+0.000,+0.000,-0.007,-2.097,2,+0.000,+0.000,+0.04422,+0.000,+1.106,+0.000,+0.000,-0.007,+1.099,2,+0.000,+0.006,-0.280,-0.164
DRV,725654,+0.0000,+0.0000,+0.0000,+0.0000,+0.0000,+0.0000,+0.000,+0.000,-0.00453,+0.0040,+0.0000,-0.159,+0.000,+0.005,-0.05489,+0.005,-1.372,-0.010,+0.000,-0.013,-1.395,2,+0.000,+0.000,+0.07809,+0.000,+1.952,+0.000,+0.000,-0.013,+1.939,0,+0.000,+0.000,-0.08361,+0.000,-2.090,+0.000,+0.000,-0.013,-2.103,2,+0.000,+0.000,+0.04422,+0.000,+1.106,+0.000,+0.000,-0.013,+1.093,0,+0.005,+0.000,-0.302,-0.163
DRV,725658,+0.0000,+0.0000,+0.0000,+0.0000,+0.0000,+0.0000,+0.000,+0.000,-0.00451,+0.0045,+0.0000,-0.180,+0.000,+0.000,-0.05527,+0.000,-1.382,+0.000,+0.000,-0.014,-1.396,0,+0.000,+0.000,+0.07809,+0.000,+1.952,+0.000,+0.000,-0.014,+1.938,0,+0.000,-0.005,-0.08361,-0.005,-2.090,+0.010,+0.000,-0.014,-2.095,0,+0.000,+0.000,+0.04384,+0.000,+1.096,-0.001,+0.000,-0.014,+1.081,0,+0.000,-0.005,-0.316,-0.157
DRV,725662,+0.0000,+0.0000,+0.0000,+0.0000,+0.0000,+0.0000,+0.000,+0.000,-0.00449,+0.0050,+0.0000,-0.201,+0.000,+0.000,-0.05527,+0.000,-1.382,+0.000,+0.000,-0.016,-1.398,0,+0.000,+0.000,+0.07809,+0.000,+1.952,+0.000,+0.000,-0.016,+1.936,2,+0.000,+0.005,-0.08361,+0.005,-2.090,-0.010,+0.000,-0.016,-2.116,0,+0.000,+0.000,+0.04384,+0.000,+1.096,+0.000,+0.000,-0.016,+1.080,2,+0.000,+0.005,-0.318,-0.180
DRV,725666,+0.0000,+0.0000,+0.0000,+0.0000,+0.0000,+0.0000,+0.000,+0.000,-0.00447,+0.0045,+0.0000,-0.179,+0.000,+0.000,-0.05527,+0.000,-1.382,+0.000,+0.000,-0.014,-1.396,2,+0.000,+0.000,+0.07809,+0.000,+1.952,+0.000,+0.000,-0.014,+1.938,2,+0.000,+0.000,-0.08361,+0.000,-2.090,+0.000,+0.000,-0.014,-2.104,2,+0.000,+0.000,+0.04384,+0.000,+1.096,+0.000,+0.000,-0.014,+1.082,2,+0.000,+0.000,-0.315,-0.167
DRV,725670,+0.0000,+0.0000,+0.0000,+0.0000,+0.0000,+0.0000,+0.000,+0.000,-0.00446,+0.0039,+0.0000,-0.158,+0.000,+0.000,-0.05527,+0.000,-1.382,+0.000,+0.000,-0.013,-1.394,2,+0.000,+0.000,+0.07809,+0.000,+1.952,+0.000,+0.000,-0.013,+1.940,2,+0.000,+0.000,-0.08361,+0.000,-2.090,+0.000,+0.000,-0.013,-2.103,2,+0.000,+0.000,+0.04384,+0.000,+1.096,+0.000,+0.000,-0.013,+1.083,2,+0.000,+0.000,-0.311,-0.163
DRV,725674,+0.0000,+0.0000,+0.0000,+0.0000,+0.0000,+0.0000,+0.000,+0.000,-0.00445,+0.0013,+0.0000,-0.051,+0.000,-0.003,-0.05527,-0.003,-1.382,+0.007,+0.000,-0.004,-1.379,2,+0.000,+0.000,+0.07809,+0.000,+1.952,+0.000,+0.000,-0.004,+1.948,2,+0.000,+0.000,-0.08361,+0.000,-2.090,+0.000,+0.000,-0.004,-2.094,2,+0.000,+0.000,+0.04384,+0.000,+1.096,+0.000,+0.000,-0.004,+1.092,2,-0.003,+0.000,-0.287,-0.146
DRV,725678,+0.0000,+0.0000,+0.0000,+0.0000,+0.0000,+0.0000,+0.000,+0.000,-0.00444,+0.0013,+0.0000,-0.051,+0.000,+0.000,-0.05489,+0.000,-1.372,+0.000,+0.000,-0.004,-1.376,2,+0.000,-0.000,+0.07809,-0.000,+1.952,+0.001,+0.000,-0.004,+1.949,2,+0.000,-0.000,-0.08361,-0.000,-2.090,+0.001,+0.000,-0.004,-2.093,2,+0.000,+0.000,+0.04384,+0.000,+1.096,+0.000,+0.000,-0.004,+1.092,2,+0.000,-0.001,-0.284,-0.144
DRV,725682,+0.0000,+0.0000,+0.0000,+0.0000,+0.0000,+0.0000,+0.000,+0.000,-0.00445,-0.0009,+0.0000,+0.034,+0.000,-0.000,-0.05489,-0.000,-1.372,+0.001,+0.000,+0.003,-1.369,2,+0.000,+0.000,+0.07809,+0.000,+1.952,+0.000,+0.000,+0.003,+1.955,2,+0.000,+0.000,-0.08361,+0.000,-2.090,+0.000,+0.000,+0.003,-2.087,2,+0.000,-0.003,+0.04422,-0.003,+1.106,+0.007,+0.000,+0.003,+1.115,2,-0.004,+0.000,-0.254,-0.132
DRV,725686,+0.0000,+0.0000,+0.0000,+0.0000,+0.0000,+0.0000,+0.000,+0.000,-0.00445,-0.0009,+0.0000,+0.034,+0.000,+0.000,-0.05489,+0.000,-1.372,+0.000,+0.000,+0.003,-1.369,2,+0.000,+0.000,+0.07809,+0.000,+1.952,+0.000,+0.000,+0.003,+1.955,2,+0.000,+0.000,-0.08361,+0.000,-2.090,+0.000,+0.000,+0.003,-2.087,2,+0.000,+0.000,+0.04422,+0.000,+1.106,+0.000,+0.000,+0.003,+1.108,2,+0.000,+0.000,-0.261,-0.132
DRV,725690,+0.0000,+0.0000,+0.0000,+0.0000,+0.0000,+0.0000,+0.000,+0.000,-0.00445,-0.0014,+0.0000,+0.055,+0.000,+0.000,-0.05489,+0.000,-1.372,+0.000,+0.000,+0.004,-1.368,2,+0.000,-0.004,+0.07809,-0.004,+1.952,+0.009,+0.000,+0.004,+1.965,0,+0.000,+0.000,-0.08361,+0.000,-2.090,+0.000,+0.000,+0.004,-2.086,2,+0.000,+0.000,+0.04422,+0.000,+1.106,+0.000,+0.000,+0.004,+1.110,0,+0.000,-0.004,-0.258,-0.120
DRV,725694,+0.0000,+0.0000,+0.0000,+0.0000,+0.0000,+0.0000,+0.000,+0.000,-0.00446,-0.0014,+0.0000,+0.055,+0.000,+0.000,-0.05489,+0.000,-1.372,+0.000,+0.000,+0.004,-1.368,0,+0.000,+0.000,+0.07809,+0.000,+1.952,+0.000,+0.000,+0.004,+1.957,0,+0.000,+0.000,-0.08361,+0.000,-2.090,+0.000,+0.000,+0.004,-2.086,0,+0.000,+0.000,+0.04422,+0.000,+1.106,+0.000,+0.000,+0.004,+1.110,0,+0.000,+0.000,-0.258,-0.129
DRV,725698,+0.0000,+0.0000,+0.0000,+0.0000,+0.0000,+0.0000,+0.000,+0.000,-0.00445,+0.0029,+0.0000,-0.115,+0.000,+0.000,-0.05489,+0.000,-1.372,+0.000,+0.000,-0.009,-1.381,2,+0.000,+0.000,+0.07809,+0.000,+1.952,+0.000,+0.000,-0.009,+1.943,2,+0.000,+0.000,-0.08361,+0.000,-2.090,+0.000,+0.000,-0.009,-2.099,0,+0.000,+0.000,+0.04422,+0.000,+1.106,+0.000,+0.000,-0.009,+1.096,2,+0.000,+0.000,-0.285,-0.156
DRV,725702,+0.0000,+0.0000,+0.0000,+0.0000,+0.0000,+0.0000,+0.000,+0.000,-0.00444,+0.0029,+0.0000,-0.115,+0.000,+0.000,-0.05489,+0.000,-1.372,+0.000,+0.000,-0.009,-1.381,2,+0.000,+0.000,+0.07809,+0.000,+1.952,+0.000,+0.000,-0.009,+1.943,2,+0.000,+0.008,-0.08361,+0.008,-2.090,-0.016,+0.000,-0.009,-2.116,2,+0.000,+0.000,+0.04422,+0.000,+1.106,+0.000,+0.000,-0.009,+1.096,2,+0.000,+0.008,-0.285,-0.173
DRV,725706,+0.0000,+0.0000,+0.0000,+0.0000,+0.0000,+0.0000,+0.000,+0.000,-0.00443,+0.0029,+0.0000,-0.115,+0.000,+0.001,-0.05489,+0.001,-1.372,-0.002,+0.000,-0.009,-1.383,2,+0.000,+0.000,+0.07809,+0.000,+1.952,+0.000,+0.000,-0.009,+1.943,2,+0.000,-0.006,-0.08361,-0.006,-2.090,+0.012,+0.000,-0.009,-2.087,2,+0.000,+0.000,+0.04422,+0.000,+1.106,+0.000,+0.000,-0.009,+1.096,2,+0.001,-0.006,-0.287,-0.144
DRV,725710,+0.0000,+0.0000,+0.0000,+0.0000,+0.0000,+0.0000,+0.000,+0.000,-0.00442,+0.0029,+0.0000,-0.114,+0.000,+0.000,-0.05489,+0.000,-1.372,+0.000,+0.000,-0.009,-1.381,2,+0.000,+0.000,+0.07809,+0.000,+1.952,+0.000,+0.000,-0.009,+1.943,2,+0.000,+0.004,-0.08361,+0.004,-2.090,-0.009,+0.000,-0.009,-2.108,2,+0.000,+0.000,+0.04422,+0.000,+1.106,+0.000,+0.000,-0.009,+1.096,2,+0.000,+0.004,-0.285,-0.165
DRV,725714,+0.0000,+0.0000,+0.0000,+0.0000,+0.0000,+0.0000,+0.000,+0.000,-0.00440,+0.0050,+0.0000,-0.199,+0.000,+0.002,-0.05489,+0.002,-1.372,-0.004,+0.000,-0.016,-1.392,2,+0.000,+0.000,+0.07809,+0.000,+1.952,+0.000,+0.000,-0.016,+1.936,2,+0.000,+0.000,-0.08361,+0.000,-2.090,+0.000,+0.000,-0.016,-2.106,2,+0.000,+0.000,+0.04422,+0.000,+1.106,-0.001,+0.000,-0.016,+1.089,2,+0.002,+0.000,-0.303,-0.170
DRV,725718,+0.0000,+0.0000,+0.0000,+0.0000,+0.0000,+0.0000,+0.000,+0.000,-0.00438,+0.0050,+0.0000,-0.199,+0.000,+0.000,-0.05489,+0.000,-1.372,+0.000,+0.000,-0.016,-1.388,2,+0.000,+0.000,+0.07809,+0.000,+1.952,+0.000,+0.000,-0.016,+1.936,2,+0.000,+0.000,-0.08361,+0.000,-2.090,+0.000,+0.000,-0.016,-2.106,2,+0.000,+0.000,+0.04384,+0.000,+1.096,+0.000,+0.000,-0.016,+1.080,2,+0.000,+0.000,-0.308,-0.170
DRV,725722,+0.0000,+0.0000,+0.0000,+0.0000,+0.0000,+0.0000,+0.000,+0.000,-0.00437,+0.0028,+0.0000,-0.113,+0.000,+0.000,-0.05489,+0.000,-1.372,+0.000,+0.000,-0.009,-1.381,2,+0.000,+0.000,+0.07809,+0.000,+1.952,+0.000,+0.000,-0.009,+1.943,2,+0.000,+0.000,-0.08361,+0.000,-2.090,+0.000,+0.000,-0.009,-2.099,2,+0.000,+0.000,+0.04384,+0.000,+1.096,+0.000,+0.000,-0.009,+1.087,2,+0.000,+0.000,-0.294,-0.156
DRV,725726,+0.0000,+0.0000,+0.0000,+0.0000,+0.0000,+0.0000,+0.000,+0.000,-0.00436,+0.0028,+0.0000,-0.113,+0.000,+0.000,-0.05489,+0.000,-1.372,+0.000,+0.000,-0.009,-1.381,2,+0.000,-0.005,+0.07809,-0.005,+1.952,+0.010,+0.000,-0.009,+1.953,0,+0.000,+0.000,-0.08361,+0.000,-2.090,+0.000,+0.000,-0.009,-2.099,2,+0.000,+0.000,+0.04384,+0.000,+1.096,+0.000,+0.000,-0.009,+1.087,2,+0.000,-0.005,-0.294,-0.146
DRV,725730,+0.0000,+0.0000,+0.0000,+0.0000,+0.0000,+0.0000,+0.000,+0.000,-0.00435,+0.0012,+0.0000,-0.049,+0.000,+0.000,-0.05489,+0.000,-1.372,+0.000,+0.000,-0.004,-1.376,0,+0.000,+0.000,+0.07809,+0.000,+1.952,+0.000,+0.000,-0.004,+1.948,0,+0.000,+0.000,-0.08361,+0.000,-2.090,+0.000,+0.000,-0.004,-2.094,2,+0.000,+0.000,+0.04384,+0.000,+1.096,+0.000,+0.000,-0.004,+1.092,0,+0.000,+0.000,-0.284,-0.146
DRV,725734,+0.0000,+0.0000,+0.0000,+0.0000,+0.0000,+0.0000,+0.000,+0.000,-0.00434,+0.0012,+0.0000,-0.049,+0.000,-0.002,-0.05489,-0.002,-1.372,+0.004,+0.000,-0.004,-1.372,0,+0.000,-0.001,+0.07809,-0.001,+1.952,+0.002,+0.000,-0.004,+1.950,2,+0.000,+0.000,-0.08361,+0.000,-2.090,+0.000,+0.000,-0.004,-2.094,0,+0.000,+0.000,+0.04384,+0.000,+1.096,+0.000,+0.000,-0.004,+1.092,2,-0.002,-0.001,-0.280,-0.144
DRV,725738,+0.0000,+0.0000,+0.0000,+0.0000,+0.0000,+0.0000,+0.000,+0.000,-0.00435,-0.0020,+0.0000,+0.079,+0.000,+0.000,-0.05489,+0.000,-1.372,+0.000,+0.000,+0.006,-1.366,2,+0.000,+0.000,+0.07809,+0.000,+1.952,+0.000,+0.000,+0.006,+1.959,2,+0.000,+0.000,-0.08361,+0.000,-2.090,+0.000,+0.000,+0.006,-2.084,2,+0.000,+0.000,+0.04384,+0.000,+1.096,+0.000,+0.000,+0.006,+1.102,2,+0.000,+0.000,-0.264,-0.125
DRV,725742,+0.0000,+0.0000,+0.0000,+0.0000,+0.0000,+0.0000,+0.000,+0.000,-0.00436,-0.0020,+0.0000,+0.079,+0.000,+0.000,-0.05489,+0.000,-1.372,+0.000,+0.000,+0.006,-1.366,2,+0.000,-0.003,+0.07809,-0.003,+1.952,+0.006,+0.000,+0.006,+1.964,2,+0.000,+0.000,-0.08361,+0.000,-2.090,+0.000,+0.000,+0.006,-2.084,2,+0.000,+0.000,+0.04384,+0.000,+1.096,+0.000,+0.000,+0.006,+1.102,2,+0.000,-0.003,-0.264,-0.120
DRV,725746,+0.0000,+0.0000,+0.0000,+0.0000,+0.0000,+0.0000,+0.000,+0.000,-0.00436,+0.0012,+0.0000,-0.049,+0.000,-0.001,-0.05489,-0.001,-1.372,+0.002,+0.000,-0.004,-1.374,2,+0.000,+0.000,+0.07809,+0.000,+1.952,+0.000,+0.000,-0.004,+1.948,2,+0.000,+0.000,-0.08361,+0.000,-2.090,+0.000,+0.000,-0.004,-2.094,2,+0.000,+0.000,+0.04384,+0.000,+1.096,+0.000,+0.000,-0.004,+1.092,2,-0.001,+0.000,-0.282,-0.146
DRV,725750,+0.0000,+0.0000,+0.0000,+0.0000,+0.0000,+0.0000,+0.000,+0.000,-0.00435,+0.0012,+0.0000,-0.049,+0.000,+0.000,-0.05489,+0.000,-1.372,+0.000,+0.000,-0.004,-1.376,2,+0.000,+0.000,+0.07809,+0.000,+1.952,+0.000,+0.000,-0.004,+1.948,2,+0.000,+0.000,-0.08361,+0.000,-2.090,+0.000,+0.000,-0.004,-2.094,2,+0.000,+0.000,+0.04384,+0.000,+1.096,+0.000,+0.000,-0.004,+1.092,2,+0.000,+0.000,-0.284,-0.146
DRV,725754,+0.0000,+0.0000,+0.0000,+0.0000,+0.0000,+0.0000,+0.000,+0.000,-0.00434,+0.0018,+0.0000,-0.070,+0.000,+0.000,-0.05489,+0.000,-1.372,+0.000,+0.000,-0.006,-1.378,2,+0.000,+0.000,+0.07809,+0.000,+1.952,+0.000,+0.000,-0.006,+1.947,2,+0.000,+0.001,-0.08361,+0.001,-2.090,-0.003,+0.000,-0.006,-2.099,2,+0.000,+0.000,+0.04384,+0.000,+1.096,+0.000,+0.000,-0.006,+1.090,2,+0.000,+0.001,-0.287,-0.152
DRV,725758,+0.0000,+0.0000,+0.0000,+0.0000,+0.0000,+0.0000,+0.000,+0.000,-0.00434,+0.0018,+0.0000,-0.070,+0.000,+0.000,-0.05489,+0.000,-1.372,+0.000,+0.000,-0.006,-1.378,2,+0.000,+0.000,+0.07809,+0.000,+1.952,+0.000,+0.000,-0.006,+1.947,2,+0.000,-0.000,-0.08361,-0.000,-2.090,+0.001,+0.000,-0.006,-2.095,2,+0.000,+0.003,+0.04384,+0.003,+1.096,-0.006,+0.000,-0.006,+1.085,2,+0.003,-0.000,-0.293,-0.148
DRV,725762,+0.0000,+0.0000,+0.0000,+0.0000,+0.0000,+0.0000,+0.000,+0.000,-0.00432,+0.0039,+0.0000,-0.155,+0.000,+0.000,-0.05489,+0.000,-1.372,+0.000,+0.000,-0.012,-1.385,2,+0.000,+0.000,+0.07809,+0.000,+1.952,+0.000,+0.000,-0.012,+1.940,2,+0.000,+0.001,-0.08361,+0.001,-2.090,-0.003,+0.000,-0.012,-2.105,2,+0.000,+0.000,+0.04384,+0.000,+1.096,+0.000,+0.000,-0.012,+1.084,2,+0.000,+0.001,-0.301,-0.166
DRV,725766,+0.0000,+0.0000,+0.0000,+0.0000,+0.0000,+0.0000,+0.000,+0.000,-0.00431,+0.0039,+0.0000,-0.155,+0.000,+0.000,-0.05489,+0.000,-1.372,+0.000,+0.000,-0.012,-1.385,2,+0.000,+0.000,+0.07809,+0.000,+1.952,+0.000,+0.000,-0.012,+1.940,0,+0.000,+0.000,-0.08361,+0.000,-2.090,+0.000,+0.000,-0.012,-2.103,2,+0.000,+0.000,+0.04384,+0.000,+1.096,+0.000,+0.000,-0.012,+1.084,0,+0.000,+0.000,-0.301,-0.163
DRV,725770,+0.0000,+0.0000,+0.0000,+0.0000,+0.0000,+0.0000,+0.000,+0.000,-0.00430,+0.0028,+0.0000,-0.112,+0.000,+0.000,-0.05489,+0.000,-1.372,+0.000,+0.000,-0.009,-1.381,0,+0.000,+0.000,+0.07809,+0.000,+1.952,+0.000,+0.000,-0.009,+1.943,0,+0.000,+0.000,-0.08361,+0.000,-2.090,+0.000,+0.000,-0.009,-2.099,0,+0.000,+0.000,+0.04384,+0.000,+1.096,+0.000,+0.000,-0.009,+1.087,0,+0.000,+0.000,-0.294,-0.156
DRV,725774,+0.0000,+0.0000,+0.0000,+0.0000,+0.0000,+0.0000,+0.000,+0.000,-0.00428,+0.0028,+0.0000,-0.112,+0.000,+0.000,-0.05489,+0.000,-1.372,+0.000,+0.000,-0.009,-1.381,0,+0.000,+0.000,+0.07809,+0.000,+1.952,+0.000,+0.000,-0.009,+1.943,2,+0.000,-0.001,-0.08361,-0.001,-2.090,+0.003,+0.000,-0.009,-2.096,0,+0.000,+0.000,+0.04384,+0.000,+1.096,+0.000,+0.000,-0.009,+1.087,2,+0.000,-0.001,-0.294,-0.153
DRV,725778,+0.0000,+0.0000,+0.0000,+0.0000,+0.0000,+0.0000,+0.000,+0.000,-0.00428,+0.0007,+0.0000,-0.026,+0.000,+0.000,-0.05489,+0.000,-1.372,+0.000,+0.000,-0.002,-1.374,2,+0.000,+0.000,+0.07809,+0.000,+1.952,+0.000,+0.000,-0.002,+1.950,2,+0.000,+0.000,-0.08361,+0.000,-2.090,+0.000,+0.000,-0.002,-2.092,2,+0.000,+0.000,+0.04384,+0.000,+1.096,+0.000,+0.000,-0.002,+1.094,2,+0.000,+0.000,-0.280,-0.142
DRV,725782,+0.0000,+0.0000,+0.0000,+0.0000,+0.0000,+0.0000,+0.000,+0.000,-0.00428,+0.0007,+0.0000,-0.026,+0.000,+0.000,-0.05489,+0.000,-1.372,+0.000,+0.000,-0.002,-1.374,2,+0.000,+0.000,+0.07809,+0.000,+1.952,+0.000,+0.000,-0.002,+1.950,2,+0.000,+0.000,-0.08361,+0.000,-2.090,+0.000,+0.000,-0.002,-2.092,2,+0.000,+0.000,+0.04384,+0.000,+1.096,+0.000,+0.000,-0.002,+1.094,2,+0.000,+0.000,-0.280,-0.142
DRV,725786,+0.0000,+0.0000,+0.0000,+0.0000,+0.0000,+0.0000,+0.000,+0.000,-0.00428,-0.0015,+0.0000,+0.059,+0.000,+0.000,-0.05489,+0.000,-1.372,+0.000,+0.000,+0.005,-1.368,2,+0.000,-0.003,+0.07809,-0.003,+1.952,+0.006,+0.000,+0.005,+1.963,2,+0.000,+0.000,-0.08361,+0.000,-2.090,+0.000,+0.000,+0.005,-2.085,2,+0.000,+0.000,+0.04384,+0.000,+1.096,+0.000,+0.000,+0.005,+1.101,2,+0.000,-0.003,-0.267,-0.123
DRV,725790,+0.0000,+0.0000,+0.0000,+0.0000,+0.0000,+0.0000,+0.000,+0.000,-0.00429,-0.0015,+0.0000,+0.059,+0.000,-0.001,-0.05489,-0.001,-1.372,+0.002,+0.000,+0.005,-1.366,2,+0.000,+0.000,+0.07809,+0.000,+1.952,+0.000,+0.000,+0.005,+1.957,2,+0.000,+0.000,-0.08361,+0.000,-2.090,+0.000,+0.000,+0.005,-2.085,2,+0.000,+0.000,+0.04384,+0.000,+1.096,+0.000,+0.000,+0.005,+1.101,2,-0.001,+0.000,-0.265,-0.129
DRV,725794,+0.0000,+0.0000,+0.0000,+0.0000,+0.0000,+0.0000,+0.000,+0.000,-0.00429,+0.0007,+0.0000,-0.026,+0.000,+0.000,-0.05489,+0.000,-1.372,+0.000,+0.000,-0.002,-1.374,2,+0.000,-0.000,+0.07847,-0.000,+1.962,+0.001,+0.000,-0.002,+1.961,2,+0.000,-0.003,-0.08322,-0.003,-2.081,+0.006,+0.000,-0.002,-2.077,2,+0.000,+0.000,+0.04384,+0.000,+1.096,+0.000,+0.000,-0.002,+1.094,2,+0.000,-0.003,-0.280,-0.116
DRV,725798,+0.0000,+0.0000,+0.0000,+0.0000,+0.0000,+0.0000,+0.000,+0.000,-0.00428,+0.0007,+0.0000,-0.026,+0.000,+0.000,-0.05489,+0.000,-1.372,+0.000,+0.000,-0.002,-1.374,2,+0.000,+0.000,+0.07847,+0.000,+1.962,-0.001,+0.000,-0.002,+1.959,2,+0.000,+0.000,-0.08322,+0.000,-2.081,+0.000,+0.000,-0.002,-2.083,2,+0.000,+0.000,+0.04384,+0.000,+1.096,+0.000,+0.000,-0.002,+1.094,2,+0.000,+0.000,-0.280,-0.124
DRV,725802,+0.0000,+0.0000,+0.0000,+0.0000,+0.0000,+0.0000,+0.000,+0.000,-0.00428,+0.0001,+0.0000,-0.005,+0.000,+0.000,-0.05489,+0.000,-1.372,+0.000,+0.000,-0.000,-1.373,2,+0.000,+0.000,+0.07847,+0.000,+1.962,+0.000,+0.000,-0.000,+1.961,0,+0.000,+0.000,-0.08361,+0.000,-2.090,+0.000,+0.000,-0.000,-2.091,2,+0.000,+0.000,+0.04384,+0.000,+1.096,+0.000,+0.000,-0.000,+1.096,0,+0.000,+0.000,-0.277,-0.129
DRV,725806,+0.0000,+0.0000,+0.0000,+0.0000,+0.0000,+0.0000,+0.000,+0.000,-0.00428,+0.0001,+0.0000,-0.005,+0.000,-0.001,-0.05489,-0.001,-1.372,+0.002,+0.000,-0.000,-1.371,0,+0.000,+0.000,+0.07847,+0.000,+1.962,+0.000,+0.000,-0.000,+1.961,0,+0.000,+0.000,-0.08322,+0.000,-2.081,+0.000,+0.000,-0.000,-2.081,0,+0.000,+0.000,+0.04384,+0.000,+1.096,+0.000,+0.000,-0.000,+1.096,0,-0.001,+0.000,-0.275,-0.120
DRV,725810,+0.0000,+0.0000,+0.0000,+0.0000,+0.0000,+0.0000,+0.000,+0.000,-0.00427,+0.0028,+0.0000,-0.111,+0.000,+0.000,-0.05489,+0.000,-1.372,+0.000,+0.000,-0.009,-1.381,0,+0.000,+0.000,+0.07847,+0.000,+1.962,+0.000,+0.000,-0.009,+1.953,2,+0.000,+0.000,-0.08322,+0.000,-2.081,+0.000,+0.000,-0.009,-2.089,0,+0.000,+0.000,+0.04384,+0.000,+1.096,+0.000,+0.000,-0.009,+1.087,2,+0.000,+0.000,-0.294,-0.137
DRV,725814,+0.0000,+0.0000,+0.0000,+0.0000,+0.0000,+0.0000,+0.000,+0.000,-0.00426,+0.0028,+0.0000,-0.111,+0.000,-0.000,-0.05489,-0.000,-1.372,+0.001,+0.000,-0.009,-1.380,2,+0.000,+0.000,+0.07847,+0.000,+1.962,+0.000,+0.000,-0.009,+1.953,2,+0.000,+0.000,-0.08322,+0.000,-2.081,+0.000,+0.000,-0.009,-2.089,2,+0.000,+0.000,+0.04384,+0.000,+1.096,+0.000,+0.000,-0.009,+1.087,2,-0.000,+0.000,-0.293,-0.137
DRV,725818,+0.0000,+0.0000,+0.0000,+0.0000,+0.0000,+0.0000,+0.000,+0.000,-0.00425,+0.0028,+0.0000,-0.111,+0.000,+0.000,-0.05489,+0.000,-1.372,+0.000,+0.000,-0.009,-1.381,2,+0.000,+0.000,+0.07847,+0.000,+1.962,+0.000,+0.000,-0.009,+1.953,2,+0.000,+0.000,-0.08361,+0.000,-2.090,+0.000,+0.000,-0.009,-2.099,2,+0.000,+0.000,+0.04384,+0.000,+1.096,+0.000,+0.000,-0.009,+1.087,2,+0.000,+0.000,-0.294,-0.146
DRV,725822,+0.0000,+0.0000,+0.0000,+0.0000,+0.0000,+0.0000,+0.000,+0.000,-0.00424,+0.0028,+0.0000,-0.111,+0.000,+0.000,-0.05489,+0.000,-1.372,+0.000,+0.000,-0.009,-1.381,2,+0.000,+0.000,+0.07847,+0.000,+1.962,+0.000,+0.000,-0.009,+1.953,2,+0.000,+0.000,-0.08322,+0.000,-2.081,+0.000,+0.000,-0.009,-2.089,2,+0.000,+0.000,+0.04384,+0.000,+1.096,+0.000,+0.000,-0.009,+1.087,2,+0.000,+0.000,-0.294,-0.136
DRV,725826,+0.0000,+0.0000,+0.0000,+0.0000,+0.0000,+0.0000,+0.000,+0.000,-0.00423,+0.0017,+0.0000,-0.068,+0.000,+0.000,-0.05489,+0.000,-1.372,+0.000,+0.000,-0.005,-1.378,2,+0.000,+0.000,+0.07847,+0.000,+1.962,+0.000,+0.000,-0.005,+1.956,2,+0.000,+0.000,-0.08322,+0.000,-2.081,+0.000,+0.000,-0.005,-2.086,2,+0.000,+0.000,+0.04384,+0.000,+1.096,+0.000,+0.000,-0.005,+1.091,2,+0.000,+0.000,-0.287,-0.130
DRV,725830,+0.0000,+0.0000,+0.0000,+0.0000,+0.0000,+0.0000,+0.000,+0.000,-0.00423,+0.0017,+0.0000,-0.068,+0.000,+0.000,-0.05489,+0.000,-1.372,+0.000,+0.000,-0.005,-1.378,2,+0.000,+0.000,+0.07847,+0.000,+1.962,+0.000,+0.000,-0.005,+1.956,2,+0.000,+0.000,-0.08322,+0.000,-2.081,+0.000,+0.000,-0.005,-2.086,2,+0.000,+0.000,+0.04384,+0.000,+1.096,+0.000,+0.000,-0.005,+1.091,2,+0.000,+0.000,-0.287,-0.130
DRV,725834,+0.0000,+0.0000,+0.0000,+0.0000,+0.0000,+0.0000,+0.000,+0.000,-0.00422,+0.0022,+0.0000,-0.089,+0.000,+0.000,-0.05489,+0.000,-1.372,+0.000,+0.000,-0.007,-1.379,2,+0.000,+0.000,+0.07847,+0.000,+1.962,+0.000,+0.000,-0.007,+1.955,2,+0.000,+0.000,-0.08361,+0.000,-2.090,+0.000,+0.000,-0.007,-2.097,2,+0.000,+0.000,+0.04384,+0.000,+1.096,+0.000,+0.000,-0.007,+1.089,2,+0.000,+0.000,-0.290,-0.143
DRV,725838,+0.0000,+0.0000,+0.0000,+0.0000,+0.0000,+0.0000,+0.000,+0.000,-0.00421,+0.0022,+0.0000,-0.089,+0.000,+0.000,-0.05489,+0.000,-1.372,+0.000,+0.000,-0.007,-1.379,2,+0.000,+0.000,+0.07847,+0.000,+1.962,+0.000,+0.000,-0.007,+1.955,0,+0.000,+0.000,-0.08322,+0.000,-2.081,+0.000,+0.000,-0.007,-2.088,2,+0.000,+0.000,+0.04384,+0.000,+1.096,+0.000,+0.000,-0.007,+1.089,0,+0.000,+0.000,-0.290,-0.133
DRV,725842,+0.0000,+0.0000,+0.0000,+0.0000,+0.0000,+0.0000,+0.000,+0.000,-0.00421,-0.0004,+0.0000,+0.018,+0.000,+0.000,-0.05489,+0.000,-1.372,+0.000,+0.000,+0.001,-1.371,0,+0.000,-0.003,+0.07847,-0.003,+1.962,+0.006,+0.000,+0.001,+1.969,2,+0.000,+0.000,-0.08322,+0.000,-2.081,+0.000,+0.000,+0.001,-2.079,2,+0.000,+0.000,+0.04384,+0.000,+1.096,+0.000,+0.000,+0.001,+1.097,0,+0.000,-0.003,-0.273,-0.110
DRV,725846,+0.0000,+0.0000,+0.0000,+0.0000,+0.0000,+0.0000,+0.000,+0.000,-0.00421,-0.0004,+0.0000,+0.018,+0.000,+0.000,-0.05489,+0.000,-1.372,+0.000,+0.000,+0.001,-1.371,0,+0.000,-0.000,+0.07847,-0.000,+1.962,+0.001,+0.000,+0.001,+1.964,2,+0.000,+0.000,-0.08322,+0.000,-2.081,+0.000,+0.000,+0.001,-2.079,0,+0.000,+0.000,+0.04384,+0.000,+1.096,+0.000,+0.000,+0.001,+1.097,2,+0.000,-0.000,-0.273,-0.115
DRV,725850,+0.0000,+0.0000,+0.0000,+0.0000,+0.0000,+0.0000,+0.000,+0.000,-0.00421,-0.0010,+0.0000,+0.039,+0.000,-0.000,-0.05451,-0.000,-1.363,+0.001,+0.000,+0.003,-1.359,2,+0.000,+0.000,+0.07847,+0.000,+1.962,+0.000,+0.000,+0.003,+1.965,2,+0.000,+0.000,-0.08322,+0.000,-2.081,+0.000,+0.000,+0.003,-2.077,2,+0.000,+0.000,+0.04384,+0.000,+1.096,+0.000,+0.000,+0.003,+1.099,2,-0.000,+0.000,-0.259,-0.113
DRV,725854,+0.0000,+0.0000,+0.0000,+0.0000,+0.0000,+0.0000,+0.000,+0.000,-0.00422,-0.0010,+0.0000,+0.039,+0.000,+0.000,-0.05451,+0.000,-1.363,+0.000,+0.000,+0.003,-1.360,2,+0.000,+0.000,+0.07847,+0.000,+1.962,+0.000,+0.000,+0.003,+1.965,2,+0.000,-0.004,-0.08322,-0.004,-2.081,+0.009,+0.000,+0.003,-2.069,2,+0.000,+0.000,+0.04384,+0.000,+1.096,+0.000,+0.000,+0.003,+1.099,2,+0.000,-0.004,-0.260,-0.104
DRV,725858,+0.0000,+0.0000,+0.0000,+0.0000,+0.0000,+0.0000,+0.000,+0.000,-0.00422,+0.0001,+0.0000,-0.004,+0.000,-0.001,-0.05451,-0.001,-1.363,+0.002,+0.000,-0.000,-1.361,2,+0.000,+0.000,+0.07847,+0.000,+1.962,+0.000,+0.000,-0.000,+1.961,2,+0.000,+0.005,-0.08322,+0.005,-2.081,-0.010,+0.000,-0.000,-2.091,2,+0.000,-0.000,+0.04384,-0.000,+1.096,+0.001,+0.000,-0.000,+1.097,2,-0.001,+0.005,-0.264,-0.130
DRV,725862,+0.0000,+0.0000,+0.0000,+0.0000,+0.0000,+0.0000,+0.000,+0.000,-0.00422,+0.0001,+0.0000,-0.004,+0.000,+0.000,-0.05451,+0.000,-1.363,+0.000,+0.000,-0.000,-1.363,2,+0.000,-0.003,+0.07847,-0.003,+1.962,+0.007,+0.000,-0.000,+1.968,2,+0.000,-0.014,-0.08322,-0.014,-2.081,+0.028,+0.000,-0.000,-2.053,2,+0.000,+0.000,+0.04422,+0.000,+1.106,+0.000,+0.000,-0.000,+1.105,2,+0.000,-0.017,-0.258,-0.085
DRV,725866,+0.0000,+0.0000,+0.0000,+0.0000,+0.0000,+0.0000,+0.000,+0.000,-0.00422,-0.0010,+0.0000,+0.039,+0.000,-0.000,-0.05451,-0.000,-1.363,+0.001,+0.000,+0.003,-1.359,2,+0.000,+0.000,+0.07847,+0.000,+1.962,+0.000,+0.000,+0.003,+1.965,2,+0.000,+0.010,-0.08322,+0.010,-2.081,-0.020,+0.000,+0.003,-2.097,2,+0.000,+0.000,+0.04422,+0.000,+1.106,+0.000,+0.000,+0.003,+1.109,2,-0.000,+0.010,-0.250,-0.133
DRV,725870,+0.0000,+0.0000,+0.0000,+0.0000,+0.0000,+0.0000,+0.000,+0.000,-0.00422,-0.0010,+0.0000,+0.039,+0.000,+0.000,-0.05451,+0.000,-1.363,+0.000,+0.000,+0.003,-1.360,2,+0.000,+0.000,+0.07847,+0.000,+1.962,+0.000,+0.000,+0.003,+1.965,2,+0.000,-0.012,-0.08322,-0.012,-2.081,+0.025,+0.000,+0.003,-2.053,2,+0.000,+0.000,+0.04422,+0.000,+1.106,+0.000,+0.000,+0.003,+1.109,2,+0.000,-0.012,-0.251,-0.088
DRV,725874,+0.0000,+0.0000,+0.0000,+0.0000,+0.0000,+0.0000,+0.000,+0.000,-0.00422,+0.0012,+0.0000,-0.047,+0.000,+0.000,-0.05451,+0.000,-1.363,+0.000,+0.000,-0.004,-1.366,2,+0.000,+0.000,+0.07847,+0.000,+1.962,+0.000,+0.000,-0.004,+1.958,0,+0.000,+0.009,-0.08322,+0.009,-2.081,-0.017,+0.000,-0.004,-2.101,2,+0.000,+0.000,+0.04422,+0.000,+1.106,+0.000,+0.000,-0.004,+1.102,2,+0.000,+0.009,-0.264,-0.143
DRV,725878,+0.0000,+0.0000,+0.0000,+0.0000,+0.0000,+0.0000,+0.000,+0.000,-0.00422,+0.0012,+0.0000,-0.046,+0.000,+0.000,-0.05451,+0.000,-1.363,+0.000,+0.000,-0.004,-1.366,2,+0.000,+0.000,+0.07847,+0.000,+1.962,+0.000,+0.000,-0.004,+1.958,0,+0.000,-0.001,-0.08322,-0.001,-2.081,+0.003,+0.000,-0.004,-2.081,2,+0.000,+0.000,+0.04422,+0.000,+1.106,+0.000,+0.000,-0.004,+1.102,0,+0.000,-0.001,-0.264,-0.123
DRV,725882,+0.0000,+0.0000,+0.0000,+0.0000,+0.0000,+0.0000,+0.000,+0.000,-0.00421,+0.0028,+0.0000,-0.110,+0.000,+0.000,-0.05451,+0.000,-1.363,+0.000,+0.000,-0.009,-1.371,0,+0.000,+0.003,+0.07847,+0.003,+1.962,-0.006,+0.000,-0.009,+1.947,2,+0.000,+0.000,-0.08322,+0.000,-2.081,+0.000,+0.000,-0.009,-2.089,0,+0.000,+0.000,+0.04422,+0.000,+1.106,+0.000,+0.000,-0.009,+1.097,0,+0.000,+0.003,-0.275,-0.142
DRV,725886,+0.0000,+0.0000,+0.0000,+0.0000,+0.0000,+0.0000,+0.000,+0.000,-0.00420,+0.0030,+0.0000,-0.121,+0.000,+0.000,-0.05451,+0.000,-1.363,+0.000,+0.000,-0.010,-1.372,2,+0.000,-0.004,+0.07847,-0.004,+1.962,+0.008,+0.000,-0.010,+1.960,2,+0.000,+0.000,-0.08322,+0.000,-2.081,+0.000,+0.000,-0.010,-2.090,2,+0.000,+0.000,+0.04422,+0.000,+1.106,+0.000,+0.000,-0.010,+1.096,2,+0.000,-0.004,-0.276,-0.130
DRV,725890,+0.0000,+0.0000,+0.0000,+0.0000,+0.0000,+0.0000,+0.000,+0.000,-0.00418,+0.0033,+0.0000,-0.131,+0.000,+0.000,-0.05451,+0.000,-1.363,+0.000,+0.000,-0.010,-1.373,2,+0.000,+0.000,+0.07847,+0.000,+1.962,+0.000,+0.000,-0.010,+1.951,2,+0.000,+0.000,-0.08322,+0.000,-2.081,+0.000,+0.000,-0.010,-2.091,2,+0.000,+0.000,+0.04422,+0.000,+1.106,+0.000,+0.000,-0.010,+1.095,2,+0.000,+0.000,-0.278,-0.140
DRV,725894,+0.0000,+0.0000,+0.0000,+0.0000,+0.0000,+0.0000,+0.000,+0.000,-0.00417,+0.0030,+0.0000,-0.120,+0.000,+0.000,-0.05451,+0.000,-1.363,+0.000,+0.000,-0.010,-1.372,2,+0.000,+0.000,+0.07847,+0.000,+1.962,+0.000,+0.000,-0.010,+1.952,2,+0.000,+0.002,-0.08322,+0.002,-2.081,-0.004,+0.000,-0.010,-2.094,2,+0.000,-0.000,+0.04422,-0.000,+1.106,+0.001,+0.000,-0.010,+1.097,2,-0.000,+0.002,-0.275,-0.142
DRV,725898,+0.0000,+0.0000,+0.0000,+0.0000,+0.0000,+0.0000,+0.000,+0.000,-0.00416,+0.0027,+0.0000,-0.109,+0.000,+0.000,-0.05451,+0.000,-1.363,+0.000,+0.000,-0.009,-1.371,2,+0.000,+0.000,+0.07847,+0.000,+1.962,+0.000,+0.000,-0.009,+1.953,2,+0.000,+0.000,-0.08322,+0.000,-2.081,+0.000,+0.000,-0.009,-2.089,2,+0.000,+0.000,+0.04422,+0.000,+1.106,+0.000,+0.000,-0.009,+1.097,2,+0.000,+0.000,-0.275,-0.136
DRV,725902,+0.0000,+0.0000,+0.0000,+0.0000,+0.0000,+0.0000,+0.000,+0.000,-0.00415,+0.0019,+0.0000,-0.077,+0.000,+0.000,-0.05451,+0.000,-1.363,+0.000,+0.000,-0.006,-1.369,2,+0.000,+0.000,+0.07847,+0.000,+1.962,+0.000,+0.000,-0.006,+1.956,2,+0.000,+0.000,-0.08322,+0.000,-2.081,+0.000,+0.000,-0.006,-2.087,2,+0.000,-0.001,+0.04422,-0.001,+1.106,+0.002,+0.000,-0.006,+1.101,2,-0.001,+0.000,-0.267,-0.131
DRV,725906,+0.0000,+0.0000,+0.0000,+0.0000,+0.0000,+0.0000,+0.000,+0.000,-0.00415,+0.0011,+0.0000,-0.045,+0.000,+0.000,-0.05451,+0.000,-1.363,+0.000,+0.000,-0.004,-1.366,2,+0.000,-0.005,+0.07847,-0.005,+1.962,+0.010,+0.000,-0.004,+1.968,2,+0.000,+0.000,-0.08322,+0.000,-2.081,+0.000,+0.000,-0.004,-2.084,2,+0.000,+0.000,+0.04422,+0.000,+1.106,+0.000,+0.000,-0.004,+1.102,2,+0.000,-0.005,-0.264,-0.116
DRV,725910,+0.0000,+0.0000,+0.0000,+0.0000,+0.0000,+0.0000,+0.000,+0.000,-0.00414,+0.0006,+0.0000,-0.024,+0.000,+0.000,-0.05451,+0.000,-1.363,+0.000,+0.000,-0.002,-1.365,2,+0.000,+0.000,+0.07847,+0.000,+1.962,+0.000,+0.000,-0.002,+1.960,2,+0.000,+0.000,-0.08322,+0.000,-2.081,+0.000,+0.000,-0.002,-2.082,2,+0.000,-0.002,+0.04422,-0.002,+1.106,+0.004,+0.000,-0.002,+1.108,2,-0.002,+0.000,-0.257,-0.123
DRV,725914,+0.0000,+0.0000,+0.0000,+0.0000,+0.0000,+0.0000,+0.000,+0.000,-0.00414,+0.0001,+0.0000,-0.002,+0.000,-0.001,-0.05451,-0.001,-1.363,+0.003,+0.000,-0.000,-1.360,2,+0.000,+0.000,+0.07847,+0.000,+1.962,+0.000,+0.000,-0.000,+1.962,0,+0.000,+0.000,-0.08322,+0.000,-2.081,+0.000,+0.000,-0.000,-2.081,2,+0.000,+0.000,+0.04422,+0.000,+1.106,+0.000,+0.000,-0.000,+1.105,0,-0.001,+0.000,-0.255,-0.119
DRV,725918,+0.0000,+0.0000,+0.0000,+0.0000,+0.0000,+0.0000,+0.000,+0.000,-0.00414,-0.0005,+0.0000,+0.019,+0.000,+0.000,-0.05451,+0.000,-1.363,+0.000,+0.000,+0.002,-1.361,0,+0.000,-0.005,+0.07847,-0.005,+1.962,+0.010,+0.000,+0.002,+1.973,0,+0.000,+0.000,-0.08322,+0.000,-2.081,+0.000,+0.000,+0.002,-2.079,0,+0.000,-0.000,+0.04422,-0.000,+1.106,+0.001,+0.000,+0.002,+1.108,0,-0.000,-0.005,-0.253,-0.106
DRV,725922,+0.0000,+0.0000,+0.0000,+0.0000,+0.0000,+0.0000,+0.000,+0.000,-0.00415,-0.0010,+0.0000,+0.040,+0.000,+0.000,-0.05451,+0.000,-1.363,+0.000,+0.000,+0.003,-1.359,0,+0.000,+0.000,+0.07847,+0.000,+1.962,+0.000,+0.000,+0.003,+1.965,2,+0.000,-0.001,-0.08284,-0.001,-2.071,+0.002,+0.000,+0.003,-2.066,0,+0.000,+0.000,+0.04422,+0.000,+1.106,+0.000,+0.000,+0.003,+1.109,2,+0.000,-0.001,-0.251,-0.101
DRV,725926,+0.0000,+0.0000,+0.0000,+0.0000,+0.0000,+0.0000,+0.000,+0.000,-0.00415,-0.0002,+0.0000,+0.008,+0.000,+0.000,-0.05451,+0.000,-1.363,+0.000,+0.000,+0.001,-1.362,2,+0.000,+0.000,+0.07847,+0.000,+1.962,+0.000,+0.000,+0.001,+1.962,2,+0.000,+0.000,-0.08284,+0.000,-2.071,+0.000,+0.000,+0.001,-2.070,2,+0.000,+0.000,+0.04422,+0.000,+1.106,+0.000,+0.000,+0.001,+1.106,2,+0.000,+0.000,-0.256,-0.108
DRV,725930,+0.0000,+0.0000,+0.0000,+0.0000,+0.0000,+0.0000,+0.000,+0.000,-0.00415,+0.0006,+0.0000,-0.024,+0.000,+0.000,-0.05451,+0.000,-1.363,+0.000,+0.000,-0.002,-1.365,2,+0.000,+0.000,+0.07847,+0.000,+1.962,+0.000,+0.000,-0.002,+1.960,2,+0.000,+0.000,-0.08284,+0.000,-2.071,+0.000,+0.000,-0.002,-2.073,2,+0.000,-0.004,+0.04422,-0.004,+1.106,+0.008,+0.000,-0.002,+1.111,2,-0.004,+0.000,-0.253,-0.113
DRV,725934,+0.0000,+0.0000,+0.0000,+0.0000,+0.0000,+0.0000,+0.000,+0.000,-0.00414,+0.0009,+0.0000,-0.034,+0.000,+0.000,-0.05451,+0.000,-1.363,+0.000,+0.000,-0.003,-1.365,2,+0.000,+0.000,+0.07847,+0.000,+1.962,+0.000,+0.000,-0.003,+1.959,2,+0.000,+0.000,-0.08284,+0.000,-2.071,+0.000,+0.000,-0.003,-2.074,2,+0.000,+0.000,+0.04422,+0.000,+1.106,+0.000,+0.000,-0.003,+1.103,2,+0.000,+0.000,-0.263,-0.115
DRV,725938,+0.0000,+0.0000,+0.0000,+0.0000,+0.0000,+0.0000,+0.000,+0.000,-0.00414,+0.0011,+0.0000,-0.045,+0.000,+0.000,-0.05451,+0.000,-1.363,+0.000,+0.000,-0.004,-1.366,2,+0.000,+0.000,+0.07847,+0.000,+1.962,+0.000,+0.000,-0.004,+1.958,2,+0.000,+0.002,-0.08322,+0.002,-2.081,-0.004,+0.000,-0.004,-2.088,2,+0.000,+0.000,+0.04422,+0.000,+1.106,+0.000,+0.000,-0.004,+1.102,2,+0.000,+0.002,-0.264,-0.130
DRV,725942,+0.0000,+0.0000,+0.0000,+0.0000,+0.0000,+0.0000,+0.000,+0.000,-0.00413,+0.0027,+0.0000,-0.109,+0.000,+0.000,-0.05451,+0.000,-1.363,+0.000,+0.000,-0.009,-1.371,2,+0.000,+0.000,+0.07847,+0.000,+1.962,+0.000,+0.000,-0.009,+1.953,2,+0.000,-0.000,-0.08322,-0.000,-2.081,+0.001,+0.000,-0.009,-2.088,2,+0.000,+0.000,+0.04422,+0.000,+1.106,+0.000,+0.000,-0.009,+1.097,2,+0.000,-0.000,-0.274,-0.135
DRV,725946,+0.0000,+0.0000,+0.0000,+0.0000,+0.0000,+0.0000,+0.000,+0.000,-0.00411,+0.0043,+0.0000,-0.172,+0.000,+0.000,-0.05451,+0.000,-1.363,+0.000,+0.000,-0.014,-1.376,2,+0.000,+0.000,+0.07847,+0.000,+1.962,+0.000,+0.000,-0.014,+1.948,2,+0.000,+0.000,-0.08322,+0.000,-2.081,+0.000,+0.000,-0.014,-2.094,2,+0.000,+0.000,+0.04422,+0.000,+1.106,+0.000,+0.000,-0.014,+1.092,2,+0.000,+0.000,-0.285,-0.146
DRV,725950,+0.0000,+0.0000,+0.0000,+0.0000,+0.0000,+0.0000,+0.000,+0.000,-0.00410,+0.0038,+0.0000,-0.151,+0.000,+0.003,-0.05451,+0.003,-1.363,-0.006,+0.000,-0.012,-1.380,2,+0.000,+0.000,+0.07847,+0.000,+1.962,+0.000,+0.000,-0.012,+1.950,0,+0.000,+0.000,-0.08322,+0.000,-2.081,+0.000,+0.000,-0.012,-2.093,2,+0.000,+0.000,+0.04422,+0.000,+1.106,+0.000,+0.000,-0.012,+1.094,0,+0.003,+0.000,-0.287,-0.143
DRV,725954,+0.0000,+0.0000,+0.0000,+0.0000,+0.0000,+0.0000,+0.000,+0.000,-0.00408,+0.0032,+0.0000,-0.129,+0.000,+0.000,-0.05451,+0.000,-1.363,+0.000,+0.000,-0.010,-1.373,0,+0.000,+0.003,+0.07847,+0.003,+1.962,-0.006,+0.000,-0.010,+1.946,0,+0.000,+0.000,-0.08322,+0.000,-2.081,+0.000,+0.000,-0.010,-2.091,0,+0.000,+0.000,+0.04422,+0.000,+1.106,+0.000,+0.000,-0.010,+1.095,0,+0.000,+0.003,-0.278,-0.145
DRV,725958,+0.0000,+0.0000,+0.0000,+0.0000,+0.0000,+0.0000,+0.000,+0.000,-0.00407,+0.0035,+0.0000,-0.139,+0.000,+0.000,-0.05451,+0.000,-1.363,+0.000,+0.000,-0.011,-1.374,0,+0.000,+0.000,+0.07847,+0.000,+1.962,+0.000,+0.000,-0.011,+1.951,2,+0.000,+0.000,-0.08322,+0.000,-2.081,+0.000,+0.000,-0.011,-2.092,0,+0.000,+0.000,+0.04422,+0.000,+1.106,+0.000,+0.000,-0.011,+1.094,2,+0.000,+0.000,-0.279,-0.141
DRV,725962,+0.0000,+0.0000,+0.0000,+0.0000,+0.0000,+0.0000,+0.000,+0.000,-0.00406,+0.0037,+0.0000,-0.150,+0.000,+0.000,-0.05451,+0.000,-1.363,+0.000,+0.000,-0.012,-1.375,2,+0.000,+0.000,+0.07847,+0.000,+1.962,+0.000,+0.000,-0.012,+1.950,2,+0.000,+0.000,-0.08322,+0.000,-2.081,+0.000,+0.000,-0.012,-2.093,2,+0.000,+0.000,+0.04422,+0.000,+1.106,-0.001,+0.000,-0.012,+1.093,2,+0.000,+0.000,-0.282,-0.143
DRV,725966,+0.0000,+0.0000,+0.0000,+0.0000,+0.0000,+0.0000,+0.000,+0.000,-0.00404,+0.0027,+0.0000,-0.107,+0.000,+0.000,-0.05451,+0.000,-1.363,+0.000,+0.000,-0.009,-1.371,2,+0.000,+0.000,+0.07847,+0.000,+1.962,+0.000,+0.000,-0.009,+1.953,2,+0.000,+0.000,-0.08322,+0.000,-2.081,+0.000,+0.000,-0.009,-2.089,2,+0.000,+0.000,+0.04422,+0.000,+1.106,+0.000,+0.000,-0.009,+1.097,2,+0.000,+0.000,-0.274,-0.136
DRV,725970,+0.0000,+0.0000,+0.0000,+0.0000,+0.0000,+0.0000,+0.000,+0.000,-0.00404,+0.0016,+0.0000,-0.064,+0.000,+0.000,-0.05451,+0.000,-1.363,+0.000,+0.000,-0.005,-1.368,2,+0.000,+0.000,+0.07847,+0.000,+1.962,+0.000,+0.000,-0.005,+1.957,2,+0.000,-0.002,-0.08284,-0.002,-2.071,+0.004,+0.000,-0.005,-2.072,2,+0.000,+0.000,+0.04422,+0.000,+1.106,+0.000,+0.000,-0.005,+1.100,2,+0.000,-0.002,-0.267,-0.116
DRV,725974,+0.0000,+0.0000,+0.0000,+0.0000,+0.0000,+0.0000,+0.000,+0.000,-0.00403,+0.0019,+0.0000,-0.075,+0.000,+0.000,-0.05451,+0.000,-1.363,+0.000,+0.000,-0.006,-1.369,2,+0.000,+0.000,+0.07847,+0.000,+1.962,+0.000,+0.000,-0.006,+1.956,2,+0.000,+0.000,-0.08284,+0.000,-2.071,+0.000,+0.000,-0.006,-2.077,2,+0.000,+0.000,+0.04422,+0.000,+1.106,+0.000,+0.000,-0.006,+1.100,2,+0.000,+0.000,-0.269,-0.121
DRV,725978,+0.0000,+0.0000,+0.0000,+0.0000,+0.0000,+0.0000,+0.000,+0.000,-0.00402,+0.0021,+0.0000,-0.085,+0.000,+0.000,-0.05451,+0.000,-1.363,+0.000,+0.000,-0.007,-1.369,2,+0.000,-0.002,+0.07847,-0.002,+1.962,+0.004,+0.000,-0.007,+1.959,2,+0.000,+0.000,-0.08284,+0.000,-2.071,+0.000,+0.000,-0.007,-2.078,2,+0.000,+0.000,+0.04422,+0.000,+1.106,+0.000,+0.000,-0.007,+1.099,2,+0.000,-0.002,-0.271,-0.119
DRV,725982,+0.0000,+0.0000,+0.0000,+0.0000,+0.0000,+0.0000,+0.000,+0.000,-0.00401,+0.0013,+0.0000,-0.053,+0.000,+0.000,-0.05451,+0.000,-1.363,+0.000,+0.000,-0.004,-1.367,2,+0.000,+0.000,+0.07847,+0.000,+1.962,+0.000,+0.000,-0.004,+1.958,2,+0.000,+0.000,-0.08284,+0.000,-2.071,+0.000,+0.000,-0.004,-2.075,2,+0.000,+0.000,+0.04422,+0.000,+1.106,+0.000,+0.000,-0.004,+1.101,2,+0.000,+0.000,-0.266,-0.118
DRV,725986,+0.0000,+0.0000,+0.0000,+0.0000,+0.0000,+0.0000,+0.000,+0.000,-0.00401,+0.0005,+0.0000,-0.021,+0.000,+0.000,-0.05451,+0.000,-1.363,+0.000,+0.000,-0.002,-1.364,2,+0.000,+0.000,+0.07847,+0.000,+1.962,+0.000,+0.000,-0.002,+1.960,0,+0.000,+0.000,-0.08284,+0.000,-2.071,+0.000,+0.000,-0.002,-2.073,2,+0.000,+0.000,+0.04422,+0.000,+1.106,+0.000,+0.000,-0.002,+1.104,2,+0.000,+0.000,-0.260,-0.113
DRV,725990,+0.0000,+0.0000,+0.0000,+0.0000,+0.0000,+0.0000,+0.000,+0.000,-0.00401,+0.0019,+0.0000,-0.074,+0.000,+0.000,-0.05451,+0.000,-1.363,+0.000,+0.000,-0.006,-1.369,2,+0.000,+0.000,+0.07847,+0.000,+1.962,+0.000,+0.000,-0.006,+1.956,0,+0.000,+0.000,-0.08284,+0.000,-2.071,+0.000,+0.000,-0.006,-2.077,2,+0.000,+0.000,+0.04422,+0.000,+1.106,+0.000,+0.000,-0.006,+1.100,0,+0.000,+0.000,-0.269,-0.121
DRV,725994,+0.0000,+0.0000,+0.0000,+0.0000,+0.0000,+0.0000,+0.000,+0.000,-0.00400,+0.0032,+0.0000,-0.127,+0.000,+0.000,-0.05451,+0.000,-1.363,+0.000,+0.000,-0.010,-1.373,0,+0.000,+0.000,+0.07847,+0.000,+1.962,+0.000,+0.000,-0.010,+1.952,2,+0.000,+0.001,-0.08284,+0.001,-2.071,-0.003,+0.000,-0.010,-2.084,0,+0.000,+0.000,+0.04422,+0.000,+1.106,+0.000,+0.000,-0.010,+1.095,2,+0.000,+0.001,-0.277,-0.132
DRV,725998,+0.0000,+0.0000,+0.0000,+0.0000,+0.0000,+0.0000,+0.000,+0.000,-0.00398,+0.0024,+0.0000,-0.095,+0.000,+0.000,-0.05451,+0.000,-1.363,+0.000,+0.000,-0.008,-1.370,2,+0.000,+0.000,+0.07847,+0.000,+1.962,+0.000,+0.000,-0.008,+1.954,2,+0.000,+0.000,-0.08322,+0.000,-2.081,+0.000,+0.000,-0.008,-2.088,2,+0.000,+0.000,+0.04422,+0.000,+1.106,+0.000,+0.000,-0.008,+1.098,2,+0.000,+0.000,-0.272,-0.134
DRV,726002,+0.0000,+0.0000,+0.0000,+0.0000,+0.0000,+0.0000,+0.000,+0.000,-0.00398,+0.0016,+0.0000,-0.063,+0.000,+0.000,-0.05451,+0.000,-1.363,+0.000,+0.000,-0.005,-1.368,2,+0.000,+0.001,+0.07847,+0.001,+1.962,-0.002,+0.000,-0.005,+1.955,2,+0.000,+0.000,-0.08322,+0.000,-2.081,+0.000,+0.000,-0.005,-2.086,2,+0.000,+0.000,+0.04422,+0.000,+1.106,+0.000,+0.000,-0.005,+1.101,2,+0.000,+0.001,-0.267,-0.131
DRV,726006,+0.0000,+0.0000,+0.0000,+0.0000,+0.0000,+0.0000,+0.000,+0.000,-0.00397,+0.0029,+0.0000,-0.116,+0.000,+0.000,-0.05451,+0.000,-1.363,+0.000,+0.000,-0.009,-1.372,2,+0.000,+0.000,+0.07847,+0.000,+1.962,+0.000,+0.000,-0.009,+1.953,2,+0.000,+0.001,-0.08322,+0.001,-2.081,-0.003,+0.000,-0.009,-2.093,2,+0.000,+0.000,+0.04422,+0.000,+1.106,+0.000,+0.000,-0.009,+1.096,2,+0.000,+0.001,-0.276,-0.140
DRV,726010,+0.0000,+0.0000,+0.0000,+0.0000,+0.0000,+0.0000,+0.000,+0.000,-0.00395,+0.0042,+0.0000,-0.169,+0.000,+0.000,-0.05451,+0.000,-1.363,+0.000,+0.000,-0.014,-1.376,2,+0.000,+0.006,+0.07847,+0.006,+1.962,-0.012,+0.000,-0.014,+1.936,2,+0.000,+0.000,-0.08322,+0.000,-2.081,+0.000,+0.000,-0.014,-2.094,2,+0.000,+0.002,+0.04422,+0.002,+1.106,-0.004,+0.000,-0.014,+1.088,2,+0.002,+0.006,-0.288,-0.158
DRV,726014,+0.0000,+0.0000,+0.0000,+0.0000,+0.0000,+0.0000,+0.000,+0.000,-0.00394,+0.0037,+0.0000,-0.147,+0.000,+0.000,-0.05451,+0.000,-1.363,+0.000,+0.000,-0.012,-1.374,2,+0.000,+0.000,+0.07847,+0.000,+1.962,+0.000,+0.000,-0.012,+1.950,2,+0.000,+0.000,-0.08322,+0.000,-2.081,+0.000,+0.000,-0.012,-2.092,2,+0.000,+0.000,+0.04422,+0.000,+1.106,+0.000,+0.000,-0.012,+1.094,2,+0.000,+0.000,-0.281,-0.142
DRV,726018,+0.0000,+0.0000,+0.0000,+0.0000,+0.0000,+0.0000,+0.000,+0.000,-0.00392,+0.0031,+0.0000,-0.126,+0.000,+0.003,-0.05489,+0.003,-1.372,-0.006,+0.000,-0.010,-1.388,2,+0.000,+0.004,+0.07847,+0.004,+1.962,-0.008,+0.000,-0.010,+1.944,2,+0.000,+0.000,-0.08322,+0.000,-2.081,+0.000,+0.000,-0.010,-2.091,2,+0.000,+0.001,+0.04422,+0.001,+1.106,-0.003,+0.000,-0.010,+1.093,2,+0.004,+0.004,-0.295,-0.147
DRV,726022,+3.3000,+3.1410,-3.6300,-0.0142,-0.0239,-0.0001,-4.263,-0.016,-0.00391,+0.0034,+0.0000,-0.136,-0.118,+0.000,-0.05732,+0.118,-1.433,-0.236,-0.118,-0.011,-1.797,2,-0.096,+0.000,+0.07650,+0.096,+1.912,-0.191,-0.096,-0.011,+1.615,2,+0.096,+0.000,-0.08123,-0.096,-2.031,+0.193,+0.096,-0.011,-1.753,2,+0.117,+0.000,+0.04664,-0.117,+1.166,+0.235,+0.117,-0.011,+1.507,2,+0.000,+0.000,-0.290,-0.138
DRV,726026,+3.3000,+3.1410,-3.6300,-0.0142,-0.0409,-0.0002,-4.263,-0.016,-0.00390,+0.0037,+0.0000,-0.147,-0.202,-0.047,-0.06071,+0.155,-1.518,-0.310,-0.202,-0.012,-2.042,2,-0.164,-0.035,+0.07358,+0.129,+1.839,-0.258,-0.164,-0.012,+1.406,0,+0.165,+0.033,-0.07828,-0.132,-1.957,+0.263,+0.165,-0.012,-1.540,2,+0.201,+0.037,+0.05040,-0.164,+1.260,+0.328,+0.201,-0.012,+1.777,0,-0.010,-0.001,-0.265,-0.135
DRV,726030,+3.3000,+3.1410,-3.6300,-0.0141,-0.0580,-0.0002,-4.263,-0.016,-0.00388,+0.0029,+0.0000,-0.114,-0.286,-0.042,-0.06622,+0.244,-1.656,-0.487,-0.286,-0.009,-2.438,0,-0.232,-0.031,+0.06855,+0.202,+1.714,-0.403,-0.232,-0.009,+1.069,0,+0.234,+0.033,-0.07361,-0.201,-1.840,+0.402,+0.234,-0.009,-1.213,0,+0.285,+0.040,+0.05627,-0.245,+1.407,+0.489,+0.285,-0.009,+2.172,0,-0.002,+0.002,-0.266,-0.144
DRV,726034,+3.3000,+3.1410,-3.6300,-0.0141,-0.0750,-0.0003,-4.263,-0.016,-0.00387,+0.0021,+0.0000,-0.082,-0.370,-0.094,-0.07346,+0.276,-1.837,-0.551,-0.370,-0.007,-2.765,0,-0.300,-0.064,+0.06297,+0.236,+1.574,-0.472,-0.300,-0.007,+0.795,2,+0.303,+0.062,-0.06758,-0.241,-1.690,+0.482,+0.303,-0.007,-0.911,0,+0.369,+0.097,+0.06347,-0.271,+1.587,+0.543,+0.369,-0.007,+2.491,2,+0.003,-0.003,-0.273,-0.116
DRV,726038,+3.3000,+3.1410,-3.6300,-0.0141,-0.0921,-0.0003,-4.263,-0.016,-0.00387,-0.0014,+0.0000,+0.056,-0.454,-0.133,-0.08128,+0.322,-2.032,-0.643,-0.454,+0.005,-3.125,2,-0.369,-0.067,+0.05566,+0.302,+1.392,-0.604,-0.369,+0.005,+0.423,2,+0.371,+0.065,-0.06021,-0.306,-1.505,+0.612,+0.371,+0.005,-0.517,2,+0.452,+0.137,+0.07162,-0.315,+1.791,+0.630,+0.452,+0.005,+2.877,2,+0.005,-0.001,-0.248,-0.094
DRV,726042,+3.3000,+3.1410,-3.6300,-0.0142,-0.1091,-0.0004,-4.263,-0.016,-0.00389,-0.0049,+0.0000,+0.194,-0.538,-0.172,-0.09045,+0.366,-2.261,-0.732,-0.538,+0.016,-3.516,2,-0.437,-0.073,+0.04703,+0.364,+1.176,-0.728,-0.437,+0.016,+0.026,2,+0.440,+0.065,-0.05111,-0.375,-1.278,+0.751,+0.440,+0.016,-0.071,2,+0.536,+0.147,+0.08112,-0.389,+2.028,+0.777,+0.536,+0.016,+3.357,2,-0.025,-0.008,-0.159,-0.045
DRV,726046,+3.3000,+3.1410,-3.6300,-0.0143,-0.1262,-0.0005,-4.263,-0.016,-0.00392,-0.0102,+0.0000,+0.407,-0.622,-0.205,-0.10096,+0.418,-2.524,-0.836,-0.622,+0.033,-3.950,2,-0.505,-0.105,+0.03706,+0.400,+0.926,-0.800,-0.505,+0.033,-0.346,2,+0.509,+0.083,-0.04067,-0.426,-1.017,+0.852,+0.509,+0.033,+0.377,2,+0.620,+0.189,+0.09195,-0.430,+2.299,+0.861,+0.620,+0.033,+3.812,2,-0.015,-0.022,-0.138,+0.031
DRV,726050,+3.3000,+3.1410,-3.6300,-0.0146,-0.1432,-0.0005,-4.263,-0.016,-0.00398,-0.0155,+0.0000,+0.619,-0.707,-0.294,-0.11167,+0.412,-2.792,-0.825,-0.707,+0.049,-4.274,2,-0.573,-0.137,+0.02614,+0.437,+0.654,-0.873,-0.573,+0.049,-0.744,2,+0.578,+0.110,-0.02926,-0.468,-0.732,+0.936,+0.578,+0.049,+0.832,2,+0.704,+0.246,+0.10374,-0.458,+2.593,+0.916,+0.704,+0.049,+4.262,2,-0.049,-0.027,-0.011,+0.088
DRV,726054,+3.3000,+3.1410,-3.6300,-0.0149,-0.1603,-0.0006,-4.263,-0.017,-0.00406,-0.0202,+0.0000,+0.809,-0.791,-0.338,-0.12335,+0.453,-3.084,-0.906,-0.791,+0.065,-4.716,2,-0.642,-0.160,+0.01466,+0.482,+0.367,-0.964,-0.642,+0.065,-1.174,2,+0.647,+0.141,-0.01689,-0.506,-0.422,+1.011,+0.647,+0.065,+1.300,2,+0.787,+0.320,+0.11609,-0.467,+2.902,+0.934,+0.787,+0.065,+4.688,2,-0.017,-0.019,-0.028,+0.126
DRV,726058,+3.3000,+3.1410,-3.6300,-0.0153,-0.1773,-0.0007,-4.263,-0.017,-0.00416,-0.0250,+0.0000,+0.999,-0.875,-0.437,-0.13484,+0.438,-3.371,-0.876,-0.875,+0.080,-5.042,2,-0.710,-0.194,+0.00185,+0.516,+0.046,-1.032,-0.710,+0.080,-1.615,2,+0.716,+0.182,-0.00356,-0.533,-0.089,+1.067,+0.716,+0.080,+1.773,2,+0.871,+0.367,+0.12863,-0.504,+3.216,+1.008,+0.871,+0.080,+5.174,2,-0.070,-0.012,+0.132,+0.158
DRV,726062,+3.3000,+3.1410,-3.6300,-0.0158,-0.1944,-0.0008,-4.263,-0.018,-0.00426,-0.0292,+0.0000,+1.167,-0.959,-0.422,-0.14806,+0.537,-3.701,-1.073,-0.959,+0.093,-5.641,2,-0.778,-0.261,-0.01114,+0.517,-0.279,-1.034,-0.778,+0.093,-1.998,0,+0.784,+0.279,+0.00959,-0.505,+0.240,+1.010,+0.784,+0.093,+2.128,2,+0.955,+0.350,+0.14366,-0.605,+3.592,+1.209,+0.955,+0.093,+5.849,0,-0.072,+0.019,+0.208,+0.130
DRV,726066,+3.3000,+3.1410,-3.6300,-0.0163,-0.2114,-0.0009,-4.263,-0.018,-0.00440,-0.0334,+0.0000,+1.335,-1.043,-0.505,-0.16263,+0.538,-4.066,-1.077,-1.043,+0.107,-6.079,0,-0.846,-0.356,-0.02354,+0.490,-0.589,-0.980,-0.846,+0.107,-2.308,0,+0.853,+0.364,+0.02178,-0.489,+0.545,+0.978,+0.853,+0.107,+2.483,0,+1.038,+0.486,+0.15888,-0.552,+3.972,+1.104,+1.038,+0.107,+6.221,0,-0.019,+0.008,+0.142,+0.175
DRV,726070,+3.3000,+3.1410,-3.6300,-0.0169,-0.2285,-0.0010,-4.263,-0.019,-0.00453,-0.0341,+0.0000,+1.364,-1.128,-0.610,-0.17970,+0.517,-4.493,-1.034,-1.128,+0.109,-6.545,2,-0.914,-0.439,-0.03842,+0.476,-0.961,-0.951,-0.914,+0.109,-2.717,2,+0.922,+0.431,+0.03417,-0.492,+0.854,+0.984,+0.922,+0.109,+2.869,0,+1.122,+0.564,+0.17619,-0.558,+4.405,+1.117,+1.122,+0.109,+6.752,2,-0.047,-0.008,+0.207,+0.152
DRV,726074,+3.3000,+3.1410,-3.6300,-0.0175,-0.2455,-0.0011,-4.263,-0.020,-0.00467,-0.0348,+0.0000,+1.393,-1.212,-0.836,-0.19007,+0.376,-4.752,-0.752,-1.212,+0.111,-6.604,2,-0.982,-0.515,-0.05118,+0.467,-1.280,-0.934,-0.982,+0.111,-3.084,2,+0.991,+0.494,+0.04984,-0.497,+1.246,+0.995,+0.991,+0.111,+3.343,2,+1.206,+0.714,+0.18909,-0.492,+4.727,+0.983,+1.206,+0.111,+7.028,2,-0.122,-0.021,+0.424,+0.259
DRV,726078,+3.3000,+3.1410,-3.6300,-0.0181,-0.2626,-0.0012,-4.263,-0.020,-0.00481,-0.0332,+0.0000,+1.327,-1.296,-0.835,-0.19987,+0.461,-4.997,-0.922,-1.296,+0.106,-7.109,2,-1.050,-0.640,-0.06258,+0.410,-1.565,-0.820,-1.050,+0.106,-3.329,2,+1.060,+0.580,+0.06263,-0.480,+1.566,+0.961,+1.060,+0.106,+3.693,2,+1.289,+0.761,+0.20141,-0.529,+5.035,+1.057,+1.289,+0.106,+7.488,2,-0.074,-0.061,+0.378,+0.364
DRV,726082,+3.3000,+3.1410,-3.6300,-0.0186,-0.2796,-0.0013,-4.263,-0.021,-0.00493,-0.0315,+0.0000,+1.260,-1.380,-0.762,-0.21409,+0.619,-5.352,-1.238,-1.380,+0.101,-7.870,2,-1.119,-0.699,-0.07378,+0.420,-1.844,-0.840,-1.119,+0.101,-3.702,2,+1.129,+0.745,+0.07447,-0.384,+1.862,+0.768,+1.129,+0.101,+3.860,2,+1.373,+0.796,+0.21544,-0.577,+5.386,+1.154,+1.373,+0.101,+8.013,2,+0.034,+0.047,+0.144,+0.158
DRV,726086,+3.3000,+3.1410,-3.6300,-0.0192,-0.2967,-0.0015,-4.263,-0.022,-0.00506,-0.0298,+0.0000,+1.194,-1.465,-0.922,-0.22851,+0.543,-5.713,-1.086,-1.465,+0.096,-8.168,2,-1.187,-0.972,-0.08246,+0.215,-2.062,-0.430,-1.187,+0.096,-3.582,2,+1.198,+0.942,+0.08306,-0.257,+2.077,+0.513,+1.198,+0.096,+3.884,2,+1.456,+0.931,+0.22889,-0.526,+5.722,+1.051,+1.456,+0.096,+8.325,2,+0.009,-0.030,+0.157,+0.301
DRV,726090,+3.3000,+3.1410,-3.6300,-0.0196,-0.3137,-0.0016,-4.263,-0.022,-0.00517,-0.0282,+0.0000,+1.128,-1.549,-1.184,-0.23815,+0.365,-5.954,-0.731,-1.549,+0.090,-8.143,2,-1.255,-1.176,-0.08595,+0.079,-2.149,-0.157,-1.255,+0.090,-3.471,2,+1.267,+0.941,+0.09109,-0.326,+2.277,+0.652,+1.267,+0.090,+4.287,2,+1.540,+1.145,+0.23945,-0.395,+5.986,+0.789,+1.540,+0.090,+8.405,2,-0.038,-0.235,+0.262,+0.816
DRV,726094,+3.3000,+3.1410,-3.6300,-0.0200,-0.3308,-0.0017,-4.263,-0.023,-0.00526,-0.0146,+0.0000,+0.583,-1.633,-1.062,-0.24952,+0.571,-6.238,-1.142,-1.633,+0.047,-8.967,2,-1.323,-1.031,-0.09231,+0.292,-2.308,-0.584,-1.323,+0.047,-4.167,2,+1.336,+1.018,+0.10046,-0.319,+2.512,+0.638,+1.336,+0.047,+4.532,2,+1.623,+1.238,+0.24790,-0.386,+6.197,+0.771,+1.623,+0.047,+8.639,2,+0.176,-0.013,-0.328,+0.365
DRV,726098,+3.3000,+3.1410,-3.6300,-0.0200,-0.3478,-0.0018,-4.263,-0.023,-0.00526,-0.0010,+0.0000,+0.039,-1.717,-1.131,-0.26416,+0.586,-6.604,-1.173,-1.717,+0.003,-9.491,2,-1.391,-1.255,-0.09961,+0.136,-2.490,-0.273,-1.391,+0.003,-4.150,0,+1.405,+1.191,+0.10850,-0.214,+2.713,+0.428,+1.405,+0.003,+4.549,2,+1.707,+1.169,+0.25922,-0.538,+6.480,+1.077,+1.707,+0.003,+9.268,0,+0.038,-0.063,-0.223,+0.399
DRV,726102,+3.3000,+3.1410,-3.6300,-0.0198,-0.3649,-0.0019,-4.263,-0.022,-0.00520,+0.0203,+0.0000,-0.812,-1.801,-1.604,-0.27170,+0.198,-6.793,-0.396,-1.801,-0.065,-9.055,0,-1.459,-1.637,-0.09826,-0.178,-2.457,+0.357,-1.459,-0.065,-3.624,0,+1.474,+1.400,+0.11252,-0.074,+2.813,+0.148,+1.474,-0.065,+4.370,2,+1.791,+1.531,+0.26842,-0.260,+6.710,+0.520,+1.791,-0.065,+8.956,0,-0.072,-0.237,-0.099,+0.746
DRV,726106,+3.3000,+3.1410,-3.6300,-0.0194,-0.3819,-0.0019,-4.263,-0.022,-0.00512,+0.0203,+0.0000,-0.810,-1.886,-1.404,-0.27945,+0.481,-6.986,-0.963,-1.886,-0.065,-9.899,0,-1.527,-1.390,-0.10823,+0.137,-2.706,-0.275,-1.527,-0.065,-4.573,2,+1.543,+1.291,+0.11788,-0.252,+2.947,+0.504,+1.543,-0.065,+4.929,0,+1.875,+1.708,+0.28356,-0.167,+7.089,+0.333,+1.875,-0.065,+9.232,2,+0.304,-0.099,-0.667,+0.356
DRV,726110,+3.3000,+3.1410,-3.6300,-0.0188,-0.3990,-0.0020,-4.263,-0.021,-0.00498,+0.0394,+0.0000,-1.574,-1.970,-1.623,-0.30004,+0.346,-7.501,-0.693,-1.970,-0.126,-10.289,2,-1.596,-1.486,-0.11224,+0.109,-2.806,-0.219,-1.596,-0.126,-4.747,2,+1.611,+1.285,+0.13456,-0.326,+3.364,+0.653,+1.611,-0.126,+5.502,2,+1.958,+1.555,+0.29352,-0.404,+7.338,+0.807,+1.958,-0.126,+9.978,2,-0.068,-0.201,-0.312,+0.756
DRV,726114,+3.3000,+3.1410,-3.6300,-0.0181,-0.4160,-0.0020,-4.263,-0.020,-0.00482,+0.0393,+0.0000,-1.571,-2.054,-2.314,-0.30051,-0.260,-7.513,+0.520,-2.054,-0.126,-9.172,2,-1.664,-2.044,-0.10531,-0.380,-2.633,+0.760,-1.664,-0.126,-3.663,2,+1.680,+1.718,+0.13609,+0.037,+3.402,-0.075,+1.680,-0.126,+4.882,2,+2.042,+2.042,+0.29945,-0.001,+7.486,+0.001,+2.042,-0.126,+9.404,2,-0.272,-0.327,+0.232,+1.219
DRV,726118,+3.3000,+3.1410,-3.6300,-0.0174,-0.4331,-0.0020,-4.263,-0.020,-0.00464,+0.0466,+0.0000,-1.866,-2.138,-2.161,-0.29924,-0.023,-7.481,+0.046,-2.138,-0.149,-9.722,2,-1.733,-2.153,-0.09282,-0.420,-2.321,+0.840,-1.733,-0.149,-3.362,2,+1.749,+1.726,+0.13320,-0.023,+3.330,+0.046,+1.749,-0.149,+4.975,2,+2.126,+2.425,+0.29638,+0.298,+7.409,-0.597,+2.126,-0.149,+8.790,2,+0.264,-0.427,-0.932,+1.613
DRV,726122,+3.3000,+3.1410,-3.6300,-0.0166,-0.4501,-0.0020,-4.263,-0.019,-0.00446,+0.0466,+0.0000,-1.862,-2.221,-1.976,-0.30584,+0.246,-7.646,-0.492,-2.221,-0.149,-10.508,2,-1.801,-1.611,-0.08973,+0.191,-2.243,-0.381,-1.801,-0.149,-4.575,2,+1.817,+1.686,+0.13472,-0.131,+3.368,+0.262,+1.817,-0.149,+5.298,2,+2.210,+2.100,+0.29579,-0.110,+7.395,+0.221,+2.210,-0.149,+9.677,2,+0.124,+0.075,-0.832,+0.724
DRV,726126,+3.3000,+3.1410,-3.6300,-0.0159,-0.4672,-0.0020,-4.263,-0.018,-0.00430,+0.0358,+0.0000,-1.433,-2.305,-2.566,-0.30688,-0.261,-7.672,+0.522,-2.305,-0.115,-9.570,2,-1.870,-1.631,-0.09641,+0.239,-2.410,-0.477,-1.870,-0.115,-4.872,2,+1.886,+1.946,+0.13451,+0.060,+3.363,-0.121,+1.886,-0.115,+5.013,2,+2.294,+2.149,+0.30345,-0.146,+7.586,+0.291,+2.294,-0.115,+10.057,2,-0.418,+0.315,+0.487,+0.141
DRV,726130,+3.3000,+3.1410,-3.6300,-0.0153,-0.4842,-0.0020,-4.263,-0.017,-0.00416,+0.0358,+0.0000,-1.430,-2.389,-2.431,-0.30504,-0.042,-7.626,+0.083,-2.389,-0.114,-10.047,2,-1.938,-2.029,-0.09446,-0.091,-2.361,+0.181,-1.938,-0.114,-4.233,2,+1.954,+2.198,+0.12759,+0.244,+3.190,-0.488,+1.954,-0.114,+4.542,2,+2.378,+2.460,+0.30440,+0.082,+7.610,-0.165,+2.378,-0.114,+9.709,2,+0.030,+0.169,-0.338,+0.308
DRV,726134,+3.3000,+3.1410,-3.6300,-0.0145,-0.5013,-0.0019,-4.263,-0.016,-0.00397,+0.0527,+0.0000,-2.108,-2.473,-2.575,-0.30531,-0.102,-7.633,+0.204,-2.473,-0.169,-10.070,2,-2.007,-1.970,-0.09231,+0.037,-2.308,-0.074,-2.007,-0.169,-4.558,2,+2.023,+1.922,+0.12584,-0.101,+3.146,+0.201,+2.023,-0.169,+5.201,2,+2.462,+2.663,+0.30247,+0.201,+7.562,-0.402,+2.462,-0.169,+9.453,2,+0.088,-0.048,-0.617,+0.643
DRV,726138,+3.3000,+3.1410,-3.6300,-0.0136,-0.5183,-0.0019,-4.263,-0.015,-0.00376,+0.0526,+0.0000,-2.104,-2.557,-2.986,-0.30079,-0.429,-7.520,+0.858,-2.557,-0.168,-9.387,2,-2.076,-2.015,-0.09343,+0.061,-2.336,-0.122,-2.076,-0.168,-4.702,0,+2.091,+2.028,+0.12619,-0.063,+3.155,+0.127,+2.091,-0.168,+5.204,2,+2.546,+2.652,+0.30151,+0.106,+7.538,-0.212,+2.546,-0.168,+9.704,0,-0.334,+0.013,+0.317,+0.502
DRV,726142,+3.3000,+3.1410,-3.6300,-0.0133,-0.5354,-0.0019,-4.263,-0.015,-0.00369,+0.0030,+0.0000,-0.121,-2.641,-2.975,-0.29300,-0.334,-7.325,+0.669,-2.641,-0.010,-9.307,0,-2.144,-2.303,-0.10508,-0.159,-2.627,+0.318,-2.144,-0.010,-4.463,0,+2.160,+2.237,+0.12519,+0.077,+3.130,-0.154,+2.160,-0.010,+5.125,0,+2.630,+2.975,+0.29844,+0.345,+7.461,-0.691,+2.630,-0.010,+9.391,0,+0.000,-0.066,+0.084,+0.662
DRV,726146,+3.3000,+3.1410,-3.6300,-0.0133,-0.5524,-0.0020,-4.263,-0.015,-0.00368,+0.0030,+0.0000,-0.121,-2.725,-2.526,-0.31073,+0.199,-7.768,-0.398,-2.725,-0.010,-10.901,0,-2.212,-2.188,-0.10619,+0.025,-2.655,-0.050,-2.212,-0.010,-4.926,2,+2.228,+2.586,+0.13398,+0.358,+3.349,-0.716,+2.228,-0.010,+4.852,2,+2.714,+2.794,+0.31128,+0.080,+7.782,-0.161,+2.714,-0.010,+10.325,2,+0.268,+0.399,-0.575,-0.074
DRV,726150,+3.3000,+3.1410,-3.6300,-0.0131,-0.5695,-0.0020,-4.263,-0.015,-0.00364,+0.0115,+0.0000,-0.461,-2.809,-3.047,-0.30793,-0.238,-7.698,+0.476,-2.809,-0.037,-10.069,2,-2.281,-2.200,-0.10977,+0.081,-2.744,-0.162,-2.281,-0.037,-5.225,2,+2.297,+2.618,+0.12647,+0.321,+3.162,-0.642,+2.297,-0.037,+4.780,2,+2.798,+3.057,+0.30590,+0.260,+7.647,-0.520,+2.798,-0.037,+9.889,2,+0.010,+0.418,-0.180,-0.444
DRV,726154,+3.3000,+3.1410,-3.6300,-0.0129,-0.5866,-0.0020,-4.263,-0.014,-0.00360,+0.0115,+0.0000,-0.460,-2.893,-3.246,-0.29537,-0.353,-7.384,+0.706,-2.893,-0.037,-9.608,2,-2.349,-2.501,-0.11125,-0.152,-2.781,+0.304,-2.349,-0.037,-4.863,2,+2.366,+2.374,+0.12643,+0.008,+3.161,-0.017,+2.366,-0.037,+5.473,2,+2.882,+3.352,+0.29227,+0.471,+7.307,-0.941,+2.882,-0.037,+9.210,2,+0.106,-0.127,-0.398,+0.610
DRV,726158,+3.3000,+3.1410,-3.6300,-0.0131,-0.6036,-0.0021,-4.263,-0.015,-0.00365,-0.0226,+0.0000,+0.902,-2.977,-2.909,-0.29181,+0.068,-7.295,-0.136,-2.977,+0.072,-10.337,2,-2.417,-2.770,-0.10600,-0.353,-2.650,+0.705,-2.417,+0.072,-4.290,2,+2.435,+2.373,+0.13005,-0.061,+3.251,+0.123,+2.435,+0.072,+5.881,2,+2.965,+3.029,+0.28458,+0.064,+7.115,-0.127,+2.965,+0.072,+10.025,2,+0.120,-0.397,-0.312,+1.591
DRV,726162,+3.3000,+3.1410,-3.6300,-0.0135,-0.6207,-0.0023,-4.263,-0.015,-0.00374,-0.0225,+0.0000,+0.900,-3.062,-3.401,-0.28616,-0.340,-7.154,+0.679,-3.062,+0.072,-9.464,2,-2.486,-2.485,-0.10399,+0.001,-2.600,-0.001,-2.486,+0.072,-5.015,2,+2.504,+2.759,+0.12888,+0.255,+3.222,-0.510,+2.504,+0.072,+5.288,2,+3.049,+2.948,+0.28513,-0.101,+7.128,+0.201,+3.049,+0.072,+10.450,2,-0.453,+0.274,+0.986,+0.273
DRV,726166,+3.3000,+3.1410,-3.6300,-0.0139,-0.6377,-0.0024,-4.263,-0.016,-0.00384,-0.0241,+0.0000,+0.962,-3.146,-3.429,-0.27381,-0.284,-6.845,+0.567,-3.146,+0.077,-9.347,2,-2.554,-2.499,-0.10830,+0.055,-2.707,-0.110,-2.554,+0.077,-5.294,2,+2.573,+2.816,+0.12407,+0.244,+3.102,-0.487,+2.573,+0.077,+5.264,2,+3.132,+3.162,+0.28395,+0.030,+7.099,-0.059,+3.132,+0.077,+10.249,2,-0.268,+0.318,+0.902,-0.030
DRV,726170,+3.3000,+3.1410,-3.6300,-0.0143,-0.6548,-0.0025,-4.263,-0.016,-0.00394,-0.0240,+0.0000,+0.961,-3.230,-2.982,-0.27469,+0.248,-6.867,-0.496,-3.230,+0.077,-10.517,2,-2.622,-2.827,-0.10780,-0.206,-2.695,+0.411,-2.622,+0.077,-4.828,2,+2.642,+2.627,+0.12560,-0.014,+3.140,+0.029,+2.642,+0.077,+5.887,2,+3.216,+3.430,+0.27835,+0.214,+6.959,-0.429,+3.216,+0.077,+9.823,2,+0.448,-0.200,-0.694,+1.059
DRV,726174,+3.3000,+3.1410,-3.6300,-0.0142,-0.6718,-0.0025,-4.263,-0.016,-0.00390,+0.0191,+0.0000,-0.764,-3.314,-3.463,-0.27386,-0.149,-6.846,+0.297,-3.314,-0.061,-9.925,2,-2.690,-2.882,-0.10517,-0.192,-2.629,+0.383,-2.690,-0.061,-4.997,0,+2.710,+2.886,+0.12541,+0.176,+3.135,-0.352,+2.710,-0.061,+5.433,2,+3.300,+3.673,+0.26718,+0.373,+6.679,-0.746,+3.300,-0.061,+9.172,0,+0.210,+0.005,-0.752,+0.435
DRV,726178,+3.3000,+3.1410,-3.6300,-0.0139,-0.6889,-0.0026,-4.263,-0.016,-0.00383,+0.0191,+0.0000,-0.763,-3.398,-3.865,-0.26056,-0.467,-6.514,+0.933,-3.398,-0.061,-9.040,0,-2.758,-2.901,-0.10351,-0.143,-2.588,+0.285,-2.758,-0.061,-5.122,0,+2.779,+3.021,+0.12157,+0.242,+3.039,-0.485,+2.779,-0.061,+5.273,0,+3.384,+3.798,+0.25467,+0.414,+6.367,-0.829,+3.384,-0.061,+8.861,0,-0.067,+0.120,-0.180,+0.151
DRV,726182,+3.3000,+3.1410,-3.6300,-0.0132,-0.7059,-0.0025,-4.263,-0.015,-0.00368,+0.0419,+0.0000,-1.676,-3.482,-3.813,-0.27545,-0.331,-6.886,+0.662,-3.482,-0.134,-9.840,2,-2.827,-2.827,-0.12005,+0.000,-3.001,-0.001,-2.827,-0.134,-5.963,2,+2.847,+3.010,+0.11907,+0.162,+2.977,-0.325,+2.847,-0.134,+5.365,0,+3.468,+3.870,+0.26843,+0.402,+6.711,-0.804,+3.468,-0.134,+9.241,2,+0.056,+0.183,-0.599,-0.598
DRV,726186,+3.3000,+3.1410,-3.6300,-0.0125,-0.7230,-0.0025,-4.263,-0.014,-0.00351,+0.0418,+0.0000,-1.673,-3.566,-3.835,-0.27365,-0.269,-6.841,+0.539,-3.566,-0.134,-10.002,2,-2.896,-3.239,-0.11379,-0.343,-2.845,+0.686,-2.896,-0.134,-5.189,2,+2.916,+2.761,+0.13823,-0.154,+3.456,+0.309,+2.916,-0.134,+6.546,2,+3.552,+3.724,+0.26666,+0.172,+6.666,-0.344,+3.552,-0.134,+9.740,2,-0.111,-0.477,-0.262,+1.357
DRV,726190,+3.3000,+3.1410,-3.6300,-0.0123,-0.7400,-0.0025,-4.263,-0.014,-0.00346,+0.0029,+0.0000,-0.117,-3.650,-4.281,-0.26476,-0.631,-6.619,+1.263,-3.650,-0.009,-9.016,2,-2.964,-3.541,-0.09774,-0.577,-2.443,+1.154,-2.964,-0.009,-4.263,2,+2.984,+2.921,+0.13917,-0.064,+3.479,+0.127,+2.984,-0.009,+6.581,2,+3.636,+4.103,+0.26163,+0.467,+6.541,-0.935,+3.636,-0.009,+9.232,2,-0.178,-0.621,+0.217,+2.318
DRV,726194,+3.3000,+3.1410,-3.6300,-0.0123,-0.7571,-0.0025,-4.263,-0.014,-0.00345,+0.0029,+0.0000,-0.116,-3.734,-4.016,-0.25683,-0.282,-6.421,+0.564,-3.734,-0.009,-9.600,2,-3.033,-3.190,-0.08724,-0.157,-2.181,+0.315,-3.033,-0.009,-4.908,2,+3.053,+3.113,+0.13608,+0.060,+3.402,-0.120,+3.053,-0.009,+6.326,2,+3.720,+4.286,+0.25104,+0.567,+6.276,-1.133,+3.720,-0.009,+8.853,2,+0.270,-0.077,-0.747,+1.418
DRV,726198,+3.3000,+3.1410,-3.6300,-0.0119,-0.7741,-0.0025,-4.263,-0.013,-0.00336,+0.0284,+0.0000,-1.137,-3.818,-3.903,-0.25753,-0.085,-6.438,+0.170,-3.818,-0.091,-10.177,2,-3.101,-3.090,-0.08499,+0.011,-2.125,-0.023,-3.101,-0.091,-5.340,2,+3.121,+3.065,+0.13357,-0.056,+3.339,+0.113,+3.121,-0.091,+6.482,2,+3.804,+4.054,+0.24640,+0.251,+6.160,-0.501,+3.804,-0.091,+9.371,2,+0.151,-0.025,-0.805,+1.143
DRV,726202,+3.3000,+3.1410,-3.6300,-0.0114,-0.7912,-0.0025,-4.263,-0.013,-0.00325,+0.0284,+0.0000,-1.135,-3.902,-4.156,-0.25573,-0.255,-6.393,+0.509,-3.902,-0.091,-9.877,2,-3.170,-3.397,-0.07985,-0.227,-1.996,+0.454,-3.170,-0.091,-4.803,2,+3.190,+3.114,+0.13316,-0.076,+3.329,+0.152,+3.190,-0.091,+6.580,2,+3.888,+4.251,+0.24156,+0.363,+6.039,-0.727,+3.888,-0.091,+9.109,2,+0.095,-0.283,-0.768,+1.777
DRV,726206,+3.3000,+3.1410,-3.6300,-0.0102,-0.8082,-0.0023,-4.263,-0.011,-0.00298,+0.0799,+0.0000,-3.196,-3.985,-4.282,-0.25259,-0.297,-6.315,+0.594,-3.985,-0.256,-9.962,2,-3.239,-3.390,-0.07186,-0.151,-1.796,+0.302,-3.239,-0.256,-4.989,2,+3.258,+3.286,+0.13100,+0.028,+3.275,-0.056,+3.258,-0.256,+6.221,2,+3.972,+3.891,+0.24192,-0.081,+6.048,+0.163,+3.972,-0.256,+9.927,2,-0.391,-0.104,-0.034,+1.232
DRV,726210,+3.3000,+3.1410,-3.6300,-0.0089,-0.8253,-0.0021,-4.263,-0.010,-0.00266,+0.0797,+0.0000,-3.190,-4.068,-4.440,-0.24693,-0.371,-6.173,+0.743,-4.068,-0.255,-9.754,2,-3.309,-3.272,-0.06944,+0.037,-1.736,-0.074,-3.309,-0.255,-5.374,0,+3.325,+3.321,+0.12748,-0.004,+3.187,+0.008,+3.325,-0.255,+6.266,2,+4.057,+4.186,+0.24526,+0.130,+6.131,-0.259,+4.057,-0.255,+9.674,0,-0.254,+0.050,-0.080,+0.892
DRV,726214,+3.3000,+3.1410,-3.6300,-0.0067,-0.8423,-0.0017,-4.263,-0.007,-0.00216,+0.1413,+0.0000,-5.651,-4.151,-4.195,-0.24682,-0.044,-6.170,+0.088,-4.151,-0.452,-10.686,0,-3.379,-3.540,-0.06494,-0.161,-1.623,+0.323,-3.379,-0.452,-5.132,0,+3.392,+3.197,+0.12757,-0.195,+3.189,+0.390,+3.392,-0.452,+6.520,0,+4.142,+4.572,+0.24028,+0.430,+6.007,-0.861,+4.142,-0.452,+8.836,0,+0.377,-0.343,-1.850,+1.388
DRV,726218,+3.3000,+3.1410,-3.6300,-0.0043,-0.8594,-0.0012,-4.263,-0.004,-0.00159,+0.1410,+0.0000,-5.640,-4.234,-4.556,-0.24648,-0.322,-6.162,+0.645,-4.234,-0.451,-10.202,0,-3.449,-3.727,-0.08177,-0.278,-2.044,+0.557,-3.449,-0.451,-5.388,2,+3.459,+3.230,+0.13086,-0.229,+3.272,+0.459,+3.459,-0.451,+6.738,0,+4.227,+4.077,+0.26582,-0.150,+6.646,+0.300,+4.227,-0.451,+10.721,2,-0.479,-0.498,+0.519,+1.350
DRV,726222,+3.3000,+3.1410,-3.6300,-0.0016,-0.8764,-0.0007,-4.263,-0.001,-0.00096,+0.1652,+0.0000,-6.607,-4.316,-4.491,-0.26853,-0.175,-6.713,+0.350,-4.316,-0.529,-11.208,2,-3.520,-3.697,-0.07976,-0.177,-1.994,+0.354,-3.520,-0.529,-5.688,2,+3.525,+3.611,+0.15347,+0.085,+3.837,-0.170,+3.525,-0.529,+6.663,2,+4.312,+4.376,+0.26590,+0.064,+6.648,-0.127,+4.312,-0.529,+10.304,2,-0.115,-0.086,-0.904,+0.975
DRV,726226,+3.3000,+3.1410,-3.6300,+0.0013,-0.8935,-0.0001,-4.263,+0.004,-0.00030,+0.1648,+0.0000,-6.594,-4.399,-4.754,-0.25814,-0.356,-6.454,+0.711,-4.399,-0.528,-10.669,2,-3.591,-3.965,-0.07598,-0.375,-1.900,+0.749,-3.591,-0.528,-5.269,2,+3.592,+3.783,+0.15282,+0.192,+3.820,-0.383,+3.592,-0.528,+6.501,2,+4.398,+4.748,+0.25471,+0.350,+6.368,-0.700,+4.398,-0.528,+9.538,2,-0.006,-0.182,-1.130,+1.233
DRV,726230,+3.3000,+3.1410,-3.6300,+0.0042,-0.9105,+0.0005,-4.263,+0.006,+0.00039,+0.1746,+0.0000,-6.985,-4.481,-4.652,-0.24675,-0.171,-6.169,+0.343,-4.481,-0.559,-10.865,2,-3.662,-4.084,-0.06824,-0.422,-1.706,+0.844,-3.662,-0.559,-5.083,2,+3.657,+3.793,+0.15190,+0.136,+3.798,-0.272,+3.657,-0.559,+6.625,2,+4.484,+4.668,+0.24414,+0.184,+6.103,-0.368,+4.484,-0.559,+9.660,2,+0.016,-0.290,-1.205,+1.542
DRV,726234,+3.3000,+3.1410,-3.6300,+0.0072,-0.9276,+0.0012,-4.263,+0.009,+0.00109,+0.1743,+0.0000,-6.971,-4.563,-4.440,-0.24394,+0.123,-6.099,-0.246,-4.563,-0.558,-11.464,2,-3.733,-3.905,-0.06574,-0.172,-1.644,+0.344,-3.733,-0.558,-5.590,2,+3.723,+3.898,+0.15111,+0.174,+3.778,-0.349,+3.723,-0.558,+6.595,2,+4.570,+4.381,+0.24263,-0.188,+6.066,+0.377,+4.570,-0.558,+10.454,2,-0.059,-0.008,-1.010,+1.005
DRV,726238,+3.3000,+3.1410,-3.6300,+0.0099,-0.9446,+0.0018,-4.263,+0.013,+0.00170,+0.1473,+0.0000,-5.893,-4.645,-4.963,-0.23706,-0.318,-5.926,+0.636,-4.645,-0.471,-10.406,2,-3.804,-4.193,-0.06273,-0.389,-1.568,+0.777,-3.804,-0.471,-5.066,2,+3.789,+3.958,+0.14967,+0.168,+3.742,-0.337,+3.789,-0.471,+6.723,2,+4.655,+4.642,+0.24251,-0.013,+6.063,+0.026,+4.655,-0.471,+10.272,2,-0.320,-0.235,-0.135,+1.656
DRV,726242,+3.3000,+3.1410,-3.6300,+0.0124,-0.9617,+0.0025,-4.263,+0.016,+0.00229,+0.1470,+0.0000,-5.882,-4.727,-4.757,-0.22764,-0.030,-5.691,+0.060,-4.727,-0.471,-10.829,2,-3.875,-4.457,-0.05230,-0.582,-1.307,+1.164,-3.875,-0.471,-4.489,2,+3.855,+4.136,+0.14721,+0.280,+3.680,-0.560,+3.855,-0.471,+6.505,2,+4.741,+4.797,+0.23687,+0.056,+5.922,-0.112,+4.741,-0.471,+10.080,2,+0.040,-0.321,-0.749,+2.015
DRV,726246,+3.3000,+3.1410,-3.6300,+0.0148,-0.9787,+0.0031,-4.263,+0.018,+0.00285,+0.1372,+0.0000,-5.487,-4.809,-4.698,-0.22757,+0.111,-5.689,-0.223,-4.809,-0.439,-11.160,2,-3.946,-4.250,-0.04556,-0.303,-1.139,+0.607,-3.946,-0.439,-4.917,2,+3.921,+4.251,+0.14219,+0.330,+3.555,-0.660,+3.921,-0.439,+6.377,2,+4.827,+4.746,+0.23453,-0.081,+5.863,+0.161,+4.827,-0.439,+10.412,2,+0.048,+0.002,-0.748,+1.460
DRV,726250,+3.3000,+3.1410,-3.6300,+0.0171,-0.9958,+0.0037,-4.263,+0.021,+0.00340,+0.1369,+0.0000,-5.476,-4.891,-4.859,-0.22381,+0.032,-5.595,-0.064,-4.891,-0.438,-10.989,2,-4.017,-4.188,-0.04330,-0.171,-1.083,+0.342,-4.017,-0.438,-5.196,0,+3.988,+4.133,+0.14036,+0.146,+3.509,-0.291,+3.988,-0.438,+6.767,2,+4.912,+5.058,+0.22936,+0.146,+5.734,-0.291,+4.912,-0.438,+9.917,0,+0.198,-0.055,-1.071,+1.571
DRV,726254,+3.3000,+3.1410,-3.6300,+0.0194,-1.0128,+0.0043,-4.263,+0.024,+0.00392,+0.1286,+0.0000,-5.146,-4.974,-4.928,-0.22251,+0.045,-5.563,-0.091,-4.974,-0.412,-11.039,0,-4.088,-3.879,-0.07043,+0.210,-1.761,-0.419,-4.088,-0.412,-6.680,0,+4.054,+4.305,+0.13905,+0.252,+3.476,-0.504,+4.054,-0.412,+6.614,0,+4.998,+5.256,+0.25587,+0.258,+6.397,-0.515,+4.998,-0.412,+10.468,0,+0.328,+0.427,-0.571,-0.065
DRV,726258,+3.3000,+3.1410,-3.6300,+0.0216,-1.0299,+0.0049,-4.262,+0.026,+0.00444,+0.1284,+0.0000,-5.136,-5.056,-5.451,-0.24896,-0.395,-6.224,+0.790,-5.056,-0.411,-10.900,0,-4.159,-4.205,-0.06982,-0.046,-1.746,+0.092,-4.159,-0.411,-6.223,2,+4.120,+4.008,+0.16470,-0.111,+4.118,+0.223,+4.120,-0.411,+8.049,0,+5.084,+5.336,+0.25540,+0.252,+6.385,-0.504,+5.084,-0.411,+10.553,2,-0.115,-0.197,-0.347,+1.825
DRV,726262,+3.3000,+3.1410,-3.6299,+0.0241,-1.0469,+0.0056,-4.262,+0.029,+0.00502,+0.1505,+0.0000,-6.019,-5.138,-5.276,-0.24718,-0.138,-6.179,+0.276,-5.138,-0.482,-11.522,2,-4.231,-4.663,-0.05796,-0.432,-1.449,+0.864,-4.231,-0.482,-5.297,2,+4.185,+4.094,+0.16555,-0.091,+4.139,+0.182,+4.185,-0.482,+8.024,2,+5.170,+5.676,+0.25017,+0.506,+6.254,-1.012,+5.170,-0.482,+9.930,2,+0.400,-0.568,-1.592,+2.727
DRV,726266,+3.3000,+3.1410,-3.6299,+0.0266,-1.0640,+0.0064,-4.262,+0.033,+0.00562,+0.1502,+0.0000,-6.007,-5.219,-5.711,-0.24476,-0.491,-6.119,+0.983,-5.219,-0.481,-10.836,2,-4.302,-4.396,-0.04752,-0.094,-1.188,+0.188,-4.302,-0.481,-5.783,2,+4.251,+4.550,+0.15730,+0.300,+3.932,-0.600,+4.251,-0.481,+7.103,2,+5.256,+5.849,+0.23944,+0.594,+5.986,-1.187,+5.256,-0.481,+9.574,2,+0.139,+0.154,-1.262,+1.320
DRV,726270,+3.3000,+3.1410,-3.6299,+0.0294,-1.0810,+0.0072,-4.262,+0.036,+0.00627,+0.1680,+0.0000,-6.718,-5.301,-5.734,-0.23673,-0.433,-5.918,+0.866,-5.301,-0.537,-10.890,2,-4.374,-4.162,-0.04693,+0.212,-1.173,-0.423,-4.374,-0.537,-6.508,2,+4.316,+4.403,+0.14916,+0.087,+3.729,-0.175,+4.316,-0.537,+7.333,2,+5.342,+5.379,+0.23817,+0.037,+5.954,-0.074,+5.342,-0.537,+10.685,2,-0.355,+0.241,-0.205,+0.825
DRV,726274,+3.3000,+3.1410,-3.6299,+0.0323,-1.0981,+0.0081,-4.262,+0.039,+0.00694,+0.1676,+0.0000,-6.705,-5.382,-5.597,-0.23458,-0.214,-5.864,+0.429,-5.382,-0.536,-11.354,2,-4.446,-4.410,-0.04777,+0.036,-1.194,-0.072,-4.446,-0.536,-6.249,2,+4.381,+4.588,+0.14188,+0.207,+3.547,-0.414,+4.381,-0.536,+6.978,2,+5.428,+5.789,+0.23753,+0.360,+5.938,-0.721,+5.428,-0.536,+10.109,2,+0.192,+0.178,-1.245,+0.728
DRV,726278,+3.3000,+3.1410,-3.6299,+0.0353,-1.1151,+0.0090,-4.261,+0.043,+0.00763,+0.1731,+0.0000,-6.925,-5.463,-5.998,-0.22948,-0.534,-5.737,+1.068,-5.463,-0.554,-10.686,2,-4.518,-4.715,-0.04007,-0.197,-1.002,+0.394,-4.518,-0.554,-5.680,2,+4.445,+4.405,+0.13662,-0.040,+3.415,+0.080,+4.445,-0.554,+7.387,2,+5.515,+5.722,+0.23599,+0.207,+5.900,-0.414,+5.515,-0.554,+10.446,2,-0.276,-0.310,-0.240,+1.707
DRV,726282,+3.3000,+3.1410,-3.6299,+0.0382,-1.1321,+0.0100,-4.261,+0.047,+0.00832,+0.1728,+0.0000,-6.911,-5.545,-5.851,-0.22269,-0.307,-5.567,+0.613,-5.545,-0.553,-11.051,2,-4.591,-4.473,-0.03572,+0.117,-0.893,-0.235,-4.591,-0.553,-6.271,2,+4.510,+4.578,+0.13298,+0.068,+3.324,-0.135,+4.510,-0.553,+7.147,2,+5.601,+6.071,+0.23203,+0.470,+5.801,-0.939,+5.601,-0.553,+9.910,2,+0.220,+0.104,-1.141,+0.876
DRV,726286,+3.3000,+3.1410,-3.6298,+0.0416,-1.1492,+0.0111,-4.261,+0.051,+0.00911,+0.2049,+0.0000,-8.195,-5.625,-5.925,-0.22205,-0.299,-5.551,+0.599,-5.625,-0.656,-11.233,2,-4.663,-4.570,-0.03626,+0.093,-0.907,-0.186,-4.663,-0.656,-6.411,0,+4.574,+4.743,+0.12597,+0.168,+3.149,-0.337,+4.574,-0.656,+6.731,2,+5.688,+5.871,+0.22910,+0.183,+5.727,-0.366,+5.688,-0.656,+10.394,0,-0.053,+0.172,-0.839,+0.320
DRV,726290,+3.3000,+3.1410,-3.6298,+0.0451,-1.1662,+0.0123,-4.260,+0.055,+0.00993,+0.2045,+0.0000,-8.179,-5.706,-6.128,-0.21577,-0.422,-5.394,+0.845,-5.706,-0.654,-10.909,0,-4.737,-4.775,-0.03213,-0.039,-0.803,+0.077,-4.737,-0.654,-6.117,0,+4.638,+4.545,+0.12248,-0.093,+3.062,+0.187,+4.638,-0.654,+7.232,0,+5.776,+5.962,+0.22951,+0.187,+5.738,-0.374,+5.776,-0.654,+10.485,0,-0.166,-0.230,-0.424,+1.115
DRV,726294,+3.3000,+3.1410,-3.6298,+0.0486,-1.1832,+0.0134,-4.260,+0.059,+0.01073,+0.1998,+0.0000,-7.992,-5.786,-5.590,-0.25216,+0.196,-6.304,-0.392,-5.786,-0.639,-13.122,0,-4.810,-5.107,-0.05821,-0.297,-1.455,+0.594,-4.810,-0.639,-6.310,2,+4.702,+4.706,+0.11945,+0.005,+2.986,-0.009,+4.702,-0.639,+7.039,0,+5.863,+5.613,+0.26816,-0.249,+6.704,+0.499,+5.863,-0.639,+12.426,2,+0.023,-0.401,-0.695,+0.730
DRV,726298,+3.3000,+3.1410,-3.6297,+0.0520,-1.2003,+0.0146,-4.259,+0.063,+0.01153,+0.1994,+0.0000,-7.976,-5.867,-5.867,-0.25145,-0.001,-6.286,+0.001,-5.867,-0.638,-12.790,2,-4.883,-5.179,-0.05545,-0.296,-1.386,+0.592,-4.883,-0.638,-6.315,2,+4.765,+5.044,+0.14562,+0.278,+3.641,-0.556,+4.765,-0.638,+7.212,2,+5.950,+6.361,+0.26068,+0.411,+6.517,-0.822,+5.950,-0.638,+11.007,2,+0.494,-0.135,-1.783,+0.896
DRV,726302,+3.3000,+3.1410,-3.6297,+0.0555,-1.2173,+0.0159,-4.259,+0.067,+0.01234,+0.2038,+0.0000,-8.152,-5.947,-6.545,-0.23589,-0.598,-5.897,+1.196,-5.947,-0.652,-11.300,2,-4.956,-5.260,-0.05261,-0.303,-1.315,+0.606,-4.956,-0.652,-6.317,2,+4.829,+5.150,+0.14310,+0.322,+3.577,-0.643,+4.829,-0.652,+7.111,2,+6.037,+6.245,+0.24734,+0.208,+6.184,-0.416,+6.037,-0.652,+11.153,2,-0.300,-0.109,-0.148,+0.794
DRV,726306,+3.3000,+3.1410,-3.6297,+0.0590,-1.2343,+0.0171,-4.258,+0.072,+0.01315,+0.2034,+0.0000,-8.136,-6.027,-6.348,-0.21966,-0.321,-5.492,+0.642,-6.027,-0.651,-11.528,2,-5.030,-5.298,-0.04971,-0.268,-1.243,+0.536,-5.030,-0.651,-6.388,2,+4.892,+5.131,+0.13948,+0.239,+3.487,-0.478,+4.892,-0.651,+7.250,2,+6.125,+5.954,+0.24426,-0.170,+6.106,+0.341,+6.125,-0.651,+11.921,2,-0.394,-0.166,+0.393,+0.862
DRV,726310,+3.3000,+3.1410,-3.6296,+0.0624,-1.2513,+0.0184,-4.258,+0.076,+0.01394,+0.1961,+0.0000,-7.843,-6.107,-6.063,-0.21235,+0.044,-5.309,-0.089,-6.107,-0.627,-12.132,2,-5.103,-5.200,-0.05019,-0.097,-1.255,+0.194,-5.103,-0.627,-6.792,2,+4.955,+5.141,+0.13908,+0.186,+3.477,-0.372,+4.955,-0.627,+7.433,2,+6.212,+6.207,+0.24221,-0.006,+6.055,+0.011,+6.212,-0.627,+11.651,2,+0.144,-0.059,-0.481,+0.641
DRV,726314,+3.3000,+3.1410,-3.6296,+0.0658,-1.2683,+0.0197,-4.257,+0.080,+0.01474,+0.2039,+0.0000,-8.157,-6.187,-6.011,-0.21319,+0.176,-5.330,-0.353,-6.187,-0.653,-12.522,2,-5.177,-5.369,-0.05060,-0.192,-1.265,+0.383,-5.177,-0.653,-6.712,2,+5.018,+5.264,+0.13749,+0.246,+3.437,-0.492,+5.018,-0.653,+7.311,2,+6.300,+6.181,+0.23892,-0.119,+5.973,+0.238,+6.300,-0.653,+11.858,2,+0.170,-0.104,-0.665,+0.600
DRV,726318,+3.3000,+3.1410,-3.6295,+0.0694,-1.2853,+0.0212,-4.257,+0.085,+0.01559,+0.2118,+0.0000,-8.470,-6.267,-6.193,-0.21027,+0.074,-5.257,-0.148,-6.267,-0.678,-12.349,2,-5.251,-5.264,-0.05287,-0.013,-1.322,+0.025,-5.251,-0.678,-7.225,2,+5.081,+5.239,+0.13709,+0.158,+3.427,-0.316,+5.081,-0.678,+7.515,2,+6.387,+6.294,+0.23591,-0.093,+5.898,+0.186,+6.387,-0.678,+11.794,2,+0.101,-0.025,-0.556,+0.290
DRV,726322,+3.3000,+3.1410,-3.6295,+0.0731,-1.3024,+0.0226,-4.256,+0.089,+0.01645,+0.2180,+0.0000,-8.719,-6.347,-6.340,-0.20515,+0.007,-5.129,-0.014,-6.347,-0.698,-12.187,2,-5.325,-5.447,-0.05547,-0.122,-1.387,+0.244,-5.325,-0.698,-7.166,0,+5.144,+5.180,+0.13980,+0.037,+3.495,-0.074,+5.144,-0.698,+7.868,2,+6.475,+6.341,+0.23396,-0.135,+5.849,+0.269,+6.475,-0.698,+11.896,0,+0.001,-0.267,-0.291,+0.702
DRV,726326,+3.3000,+3.1410,-3.6294,+0.0770,-1.3194,+0.0242,-4.255,+0.094,+0.01735,+0.2242,+0.0000,-8.968,-6.426,-6.276,-0.20316,+0.150,-5.079,-0.301,-6.426,-0.717,-12.523,0,-5.400,-5.239,-0.09063,+0.161,-2.266,-0.322,-5.400,-0.717,-8.705,2,+5.206,+5.514,+0.13871,+0.308,+3.468,-0.617,+5.206,-0.717,+7.339,0,+6.563,+6.247,+0.23499,-0.316,+5.875,+0.632,+6.563,-0.717,+12.353,0,-0.029,+0.275,-0.170,-1.366
DRV,726330,+3.3000,+3.1410,-3.6294,+0.0808,-1.3363,+0.0257,-4.254,+0.098,+0.01824,+0.2221,-0.1005,-12.907,-6.551,-6.511,-0.19943,+0.040,-4.986,-0.079,-6.551,-1.033,-12.648,0,-5.520,-5.951,-0.08288,-0.431,-2.072,+0.862,-5.520,-1.033,-7.762,2,+5.222,+5.323,+0.13792,+0.101,+3.448,-0.202,+5.222,-1.033,+7.436,0,+6.606,+6.937,+0.27418,+0.331,+6.855,-0.663,+6.606,-1.033,+11.765,2,+0.426,-0.628,-0.883,-0.327
DRV,726334,+3.3000,+3.1410,-3.6293,+0.0846,-1.3533,+0.0273,-4.254,+0.103,+0.01912,+0.2201,-0.2011,-16.847,-6.676,-6.972,-0.23795,-0.296,-5.949,+0.592,-6.676,-1.348,-13.380,2,-5.641,-6.290,-0.06320,-0.650,-1.580,+1.300,-5.641,-1.348,-7.269,2,+5.238,+4.923,+0.17475,-0.315,+4.369,+0.630,+5.238,-1.348,+8.889,2,+6.648,+7.055,+0.26881,+0.407,+6.720,-0.814,+6.648,-1.348,+11.206,2,+0.083,-1.367,-2.174,+1.620
DRV,726338,+3.3000,+3.1410,-3.6292,+0.0883,-1.3703,+0.0289,-4.253,+0.108,+0.01999,+0.2165,-0.5053,-28.872,-6.893,-7.049,-0.23897,-0.155,-5.974,+0.311,-6.893,-2.310,-14.866,2,-5.854,-6.147,-0.04733,-0.293,-1.183,+0.586,-5.854,-2.310,-8.760,2,+5.162,+5.460,+0.16978,+0.298,+4.244,-0.596,+5.162,-2.310,+6.500,2,+6.598,+6.807,+0.26718,+0.209,+6.679,-0.418,+6.598,-2.310,+10.550,2,-0.242,-0.687,-4.316,-2.260
DRV,726342,+3.3000,+3.1410,-3.6292,+0.0920,-1.3873,+0.0305,-4.252,+0.112,+0.02085,+0.2129,-0.5839,-31.872,-7.008,-7.593,-0.23567,-0.585,-5.892,+1.171,-7.008,-2.550,-14.279,2,-5.964,-6.131,-0.03969,-0.166,-0.992,+0.333,-5.964,-2.550,-9.173,2,+5.188,+5.338,+0.15694,+0.151,+3.924,-0.301,+5.188,-2.550,+6.261,2,+6.650,+6.774,+0.26869,+0.124,+6.717,-0.247,+6.650,-2.550,+10.571,2,-0.819,-0.793,-3.708,-2.913
DRV,726346,+3.3000,+3.1410,-3.6291,+0.0953,-1.4043,+0.0321,-4.251,+0.116,+0.02163,+0.1818,-0.6483,-33.205,-7.116,-7.915,-0.22403,-0.798,-5.601,+1.596,-7.116,-2.656,-13.777,2,-6.068,-6.817,-0.02129,-0.749,-0.532,+1.498,-6.068,-2.656,-7.759,2,+5.220,+4.851,+0.15868,-0.369,+3.967,+0.738,+5.220,-2.656,+7.269,2,+6.709,+6.695,+0.27432,-0.014,+6.858,+0.029,+6.709,-2.656,+10.940,2,-1.220,-1.966,-2.837,-0.490
DRV,726350,+3.3000,+3.1410,-3.6291,+0.0979,-1.4213,+0.0334,-4.250,+0.119,+0.02224,+0.1509,-0.6935,-33.778,-7.217,-7.991,-0.21111,-0.775,-5.278,+1.549,-7.217,-2.702,-13.647,2,-6.162,-6.815,+0.00390,-0.653,+0.098,+1.306,-6.162,-2.702,-7.460,2,+5.263,+5.149,+0.16144,-0.114,+4.036,+0.228,+5.263,-2.702,+6.824,2,+6.776,+7.123,+0.27469,+0.347,+6.867,-0.693,+6.776,-2.702,+10.248,2,-0.869,-1.667,-3.400,-0.636
DRV,726354,+3.3000,+3.1410,-3.6290,+0.0999,-1.4383,+0.0346,-4.250,+0.121,+0.02270,+0.0828,-0.7266,-32.375,-7.312,-8.233,-0.19680,-0.921,-4.920,+1.842,-7.312,-2.590,-12.980,2,-6.250,-6.505,+0.01800,-0.255,+0.450,+0.511,-6.250,-2.590,-7.879,2,+5.311,+5.045,+0.16113,-0.266,+4.028,+0.533,+5.311,-2.590,+7.282,2,+6.848,+7.018,+0.27451,+0.170,+6.863,-0.340,+6.848,-2.590,+10.781,2,-1.215,-1.461,-2.199,-0.597
DRV,726358,+3.3000,+3.1410,-3.6290,+0.1002,-1.4553,+0.0351,-4.250,+0.121,+0.02276,+0.0148,-0.7307,-29.821,-7.396,-8.366,-0.17737,-0.970,-4.434,+1.939,-7.396,-2.386,-12.277,2,-6.323,-6.607,+0.03021,-0.284,+0.755,+0.569,-6.323,-2.386,-7.384,0,+5.376,+5.132,+0.16390,-0.243,+4.098,+0.487,+5.376,-2.386,+7.574,2,+6.931,+6.909,+0.27983,-0.022,+6.996,+0.044,+6.931,-2.386,+11.585,2,-1.456,-1.475,-0.691,+0.190
DRV,726362,+3.3000,+3.1410,-3.6290,+0.0998,-1.4723,+0.0355,-4.250,+0.121,+0.02268,-0.0549,-0.7252,-26.810,-7.476,-7.743,-0.17227,-0.267,-4.307,+0.534,-7.476,-2.145,-13.394,2,-6.390,-6.379,+0.03836,+0.011,+0.959,-0.022,-6.390,-2.145,-7.597,0,+5.445,+5.298,+0.16375,-0.147,+4.094,+0.295,+5.445,-2.145,+7.689,2,+7.019,+7.466,+0.27963,+0.448,+6.991,-0.896,+7.019,-2.145,+10.969,0,-0.277,-1.081,-2.425,+0.091
DRV,726366,+3.3000,+3.1410,-3.6291,+0.0977,-1.4893,+0.0353,-4.251,+0.118,+0.02219,-0.1244,-0.6898,-22.613,-7.545,-7.907,-0.17085,-0.362,-4.271,+0.725,-7.545,-1.809,-12.900,0,-6.441,-6.448,-0.00164,-0.007,-0.041,+0.014,-6.441,-1.809,-8.277,0,+5.530,+5.382,+0.16492,-0.149,+4.123,+0.298,+5.530,-1.809,+8.142,0,+7.118,+7.184,+0.32059,+0.066,+8.015,-0.132,+7.118,-1.809,+13.192,0,-0.723,-1.067,+0.291,-0.135
DRV,726370,+3.3000,+3.1410,-3.6291,+0.0952,-1.5063,+0.0348,-4.252,+0.114,+0.02159,-0.1742,-0.6448,-18.824,-7.609,-7.517,-0.21713,+0.092,-5.428,-0.184,-7.609,-1.506,-14.727,2,-6.487,-6.106,-0.01370,+0.382,-0.343,-0.763,-6.487,-1.506,-9.099,2,+5.621,+5.888,+0.19745,+0.266,+4.936,-0.533,+5.621,-1.506,+8.518,2,+7.221,+6.939,+0.32001,-0.281,+8.000,+0.563,+7.221,-1.506,+14.277,2,-0.578,-0.218,-0.449,-0.580
DRV,726374,+3.3000,+3.1410,-3.6292,+0.0913,-1.5233,+0.0339,-4.253,+0.109,+0.02069,-0.2238,-0.5707,-13.876,-7.662,-7.483,-0.21608,+0.179,-5.402,-0.358,-7.662,-1.110,-14.532,2,-6.519,-6.636,-0.02164,-0.118,-0.541,+0.235,-6.519,-1.110,-7.934,2,+5.727,+5.910,+0.19690,+0.183,+4.922,-0.367,+5.727,-1.110,+9.172,2,+7.336,+7.584,+0.31266,+0.248,+7.816,-0.496,+7.336,-1.110,+13.546,2,+0.101,-0.726,-0.986,+1.238
DRV,726378,+3.3000,+3.1410,-3.6293,+0.0872,-1.5404,+0.0329,-4.253,+0.104,+0.01973,-0.2574,-0.4785,-8.844,-7.707,-7.891,-0.20780,-0.184,-5.195,+0.368,-7.707,-0.708,-13.242,2,-6.541,-6.492,-0.02447,+0.049,-0.612,-0.099,-6.541,-0.708,-7.959,2,+5.842,+6.263,+0.19416,+0.421,+4.854,-0.842,+5.842,-0.708,+9.146,2,+7.458,+7.224,+0.30641,-0.234,+7.660,+0.469,+7.458,-0.708,+14.880,2,-0.667,-0.229,+1.638,+1.187
DRV,726382,+3.3000,+3.1410,-3.6293,+0.0822,-1.5574,+0.0315,-4.255,+0.098,+0.01857,-0.2909,-0.3346,-1.746,-7.729,-7.451,-0.20177,+0.278,-5.044,-0.557,-7.729,-0.140,-13.470,2,-6.538,-6.335,-0.03430,+0.203,-0.858,-0.406,-6.538,-0.140,-7.942,2,+5.981,+6.621,+0.18480,+0.640,+4.620,-1.280,+5.981,-0.140,+9.181,2,+7.604,+7.102,+0.31440,-0.502,+7.860,+1.005,+7.604,-0.140,+16.329,2,-0.350,+0.286,+2.859,+1.239
DRV,726386,+3.3000,+3.1410,-3.6294,+0.0773,-1.5745,+0.0300,-4.256,+0.091,+0.01742,-0.2848,+0.0000,+11.391,-7.665,-7.668,-0.20037,-0.002,-5.009,+0.005,-7.665,+0.911,-11.759,2,-6.449,-6.461,-0.04123,-0.012,-1.031,+0.023,-6.449,+0.911,-6.545,2,+6.208,+6.788,+0.17450,+0.581,+4.363,-1.161,+6.208,+0.911,+10.320,2,+7.836,+8.354,+0.30444,+0.518,+7.611,-1.035,+7.836,+0.911,+15.323,2,+0.686,+0.328,+3.564,+3.775
DRV,726390,+3.3000,+3.1410,-3.6295,+0.0725,-1.5916,+0.0286,-4.257,+0.086,+0.01630,-0.2786,+0.0000,+11.145,-7.753,-7.458,-0.19717,+0.295,-4.929,-0.590,-7.753,+0.892,-12.381,2,-6.512,-6.458,-0.04534,+0.054,-1.134,-0.107,-6.512,+0.892,-6.861,2,+6.282,+7.358,+0.15934,+1.076,+3.984,-2.152,+6.282,+0.892,+9.005,2,+7.916,+8.427,+0.28314,+0.511,+7.079,-1.022,+7.916,+0.892,+14.864,2,+0.969,+0.900,+2.483,+2.143
DRV,726394,+3.3000,+3.1410,-3.6295,+0.0680,-1.6086,+0.0273,-4.257,+0.080,+0.01526,-0.2427,+0.0000,+9.707,-7.841,-7.452,-0.20232,+0.389,-5.058,-0.778,-7.841,+0.777,-12.900,2,-6.575,-6.361,-0.05603,+0.214,-1.401,-0.428,-6.575,+0.777,-7.627,2,+6.356,+7.414,+0.13722,+1.058,+3.431,-2.116,+6.356,+0.777,+8.447,2,+7.996,+8.715,+0.26156,+0.719,+6.539,-1.438,+7.996,+0.777,+13.873,2,+1.263,+1.053,+0.973,+0.819
DRV,726398,+3.3000,+3.1410,-3.6296,+0.0645,-1.6257,+0.0263,-4.258,+0.076,+0.01443,-0.2068,+0.0000,+8.274,-7.928,-7.828,-0.20045,+0.100,-5.011,-0.199,-7.928,+0.662,-12.477,2,-6.640,-6.555,-0.06564,+0.085,-1.641,-0.170,-6.640,+0.662,-7.789,0,+6.428,+7.113,+0.12269,+0.685,+3.067,-1.370,+6.428,+0.662,+8.788,2,+8.077,+8.528,+0.24085,+0.451,+6.021,-0.902,+8.077,+0.662,+13.858,0,+0.700,+0.559,+1.382,+0.999
DRV,726402,+3.3000,+3.1410,-3.6296,+0.0616,-1.6427,+0.0255,-4.258,+0.073,+0.01377,-0.1261,+0.0000,+5.043,-8.014,-7.967,-0.19386,+0.047,-4.846,-0.094,-8.014,+0.403,-12.551,0,-6.705,-7.009,-0.11101,-0.304,-2.775,+0.607,-6.705,+0.403,-8.470,0,+6.500,+6.803,+0.11840,+0.303,+2.960,-0.606,+6.500,+0.403,+9.258,0,+8.159,+8.487,+0.22411,+0.328,+5.603,-0.656,+8.159,+0.403,+13.509,0,+0.520,-0.206,+0.958,+0.788
DRV,726406,+3.3000,+3.1410,-3.6296,+0.0608,-1.6598,+0.0255,-4.258,+0.073,+0.01358,-0.0456,+0.0000,+1.823,-8.098,-7.873,-0.19398,+0.225,-4.850,-0.451,-8.098,+0.146,-13.252,0,-6.773,-6.647,-0.10978,+0.127,-2.744,-0.253,-6.773,+0.146,-9.625,0,+6.569,+6.702,+0.11931,+0.134,+2.983,-0.267,+6.569,+0.146,+9.430,0,+8.243,+8.356,+0.21099,+0.113,+5.275,-0.226,+8.243,+0.146,+13.437,0,+0.483,+0.056,+0.185,-0.196
DRV,726410,+3.3000,+3.1410,-3.6296,+0.0607,-1.6768,+0.0257,-4.258,+0.073,+0.01357,+0.0370,+0.0000,-1.480,-8.181,-8.578,-0.24146,-0.397,-6.036,+0.794,-8.181,-0.118,-13.542,2,-6.843,-7.476,-0.09541,-0.633,-2.385,+1.267,-6.843,-0.118,-8.080,2,+6.636,+6.311,+0.16449,-0.325,+4.112,+0.649,+6.636,-0.118,+11.279,2,+8.327,+8.625,+0.25867,+0.297,+6.467,-0.595,+8.327,-0.118,+14.081,2,+0.047,-1.165,+0.539,+3.200
DRV,726414,+3.3000,+3.1410,-3.6296,+0.0628,-1.6938,+0.0268,-4.258,+0.076,+0.01404,+0.1193,+0.0000,-4.773,-8.262,-8.200,-0.24495,+0.062,-6.124,-0.124,-8.262,-0.382,-14.891,2,-6.916,-7.153,-0.07663,-0.237,-1.916,+0.474,-6.916,-0.382,-8.740,2,+6.700,+6.995,+0.15798,+0.295,+3.950,-0.589,+6.700,-0.382,+9.679,2,+8.414,+8.969,+0.25522,+0.555,+6.381,-1.110,+8.414,-0.382,+13.303,2,+0.770,-0.158,-1.589,+0.939
DRV,726418,+3.3000,+3.1410,-3.6296,+0.0653,-1.7108,+0.0281,-4.257,+0.080,+0.01462,+0.1702,+0.0000,-6.807,-8.342,-8.472,-0.25276,-0.130,-6.319,+0.260,-8.342,-0.545,-14.945,2,-6.989,-6.695,-0.07580,+0.294,-1.895,-0.588,-6.989,-0.545,-10.017,2,+6.763,+6.715,+0.14809,-0.048,+3.702,+0.097,+6.763,-0.545,+10.018,2,+8.502,+8.946,+0.24974,+0.445,+6.244,-0.890,+8.502,-0.545,+13.311,2,+0.474,+0.020,-1.634,+0.001
DRV,726422,+3.3000,+3.1410,-3.6295,+0.0691,-1.7278,+0.0300,-4.257,+0.085,+0.01551,+0.2209,+0.0000,-8.834,-8.420,-8.852,-0.25067,-0.432,-6.267,+0.865,-8.420,-0.707,-14.529,2,-7.065,-7.142,-0.07302,-0.077,-1.826,+0.154,-7.065,-0.707,-9.444,2,+6.824,+6.542,+0.14894,-0.282,+3.724,+0.564,+6.824,-0.707,+10.405,2,+8.591,+7.816,+0.25646,-0.775,+6.412,+1.549,+8.591,-0.707,+15.845,2,-1.037,-0.600,+1.316,+0.961
DRV,726426,+3.3000,+3.1410,-3.6295,+0.0730,-1.7448,+0.0319,-4.256,+0.090,+0.01642,+0.2340,+0.0000,-9.359,-8.498,-9.072,-0.24603,-0.574,-6.151,+1.148,-8.498,-0.749,-14.250,2,-7.141,-7.576,-0.05874,-0.435,-1.468,+0.871,-7.141,-0.749,-8.488,2,+6.885,+6.729,+0.14940,-0.156,+3.735,+0.312,+6.885,-0.749,+10.183,2,+8.680,+9.179,+0.26044,+0.499,+6.511,-0.999,+8.680,-0.749,+13.443,2,+0.107,-0.848,-0.807,+1.695
DRV,726430,+3.3000,+3.1410,-3.6294,+0.0772,-1.7618,+0.0340,-4.255,+0.096,+0.01740,+0.2471,+0.0000,-9.883,-8.576,-9.469,-0.23328,-0.893,-5.832,+1.785,-8.576,-0.791,-13.414,2,-7.218,-7.647,-0.04254,-0.429,-1.064,+0.857,-7.218,-0.791,-8.215,2,+6.944,+7.010,+0.14485,+0.065,+3.621,-0.131,+6.944,-0.791,+9.644,2,+8.769,+9.566,+0.24825,+0.796,+6.206,-1.593,+8.769,-0.791,+12.592,2,+0.097,-0.637,-0.821,+1.429
DRV,726434,+3.3000,+3.1410,-3.6293,+0.0817,-1.7788,+0.0362,-4.254,+0.102,+0.01844,+0.2726,-0.1005,-14.927,-8.699,-9.582,-0.21797,-0.883,-5.449,+1.765,-8.699,-1.194,-13.577,2,-7.341,-7.673,-0.02684,-0.332,-0.671,+0.665,-7.341,-1.194,-8.541,0,+6.958,+7.095,+0.13441,+0.137,+3.360,-0.274,+6.958,-1.194,+8.851,2,+8.814,+9.312,+0.24245,+0.499,+6.061,-0.997,+8.814,-1.194,+12.683,0,-0.269,-0.578,-0.894,+0.309
DRV,726438,+3.3000,+3.1410,-3.6293,+0.0868,-1.7958,+0.0388,-4.253,+0.109,+0.01964,+0.2981,-0.2011,-19.968,-8.821,-9.702,-0.20343,-0.881,-5.086,+1.762,-8.821,-1.597,-13.742,0,-7.465,-8.265,-0.06143,-0.800,-1.536,+1.601,-7.465,-1.597,-8.997,2,+6.970,+7.021,+0.12659,+0.051,+3.165,-0.102,+6.970,-1.597,+8.435,0,+8.859,+9.151,+0.24084,+0.292,+6.021,-0.584,+8.859,-1.597,+12.699,0,-0.551,-1.244,-1.044,-0.562
DRV,726442,+3.3000,+3.1410,-3.6292,+0.0921,-1.8127,+0.0415,-4.251,+0.116,+0.02088,+0.3234,-0.3016,-24.998,-8.942,-9.253,-0.24947,-0.310,-6.237,+0.620,-8.942,-2.000,-16.559,0,-7.590,-8.498,-0.04699,-0.908,-1.175,+1.817,-7.590,-2.000,-8.947,2,+6.982,+6.904,+0.12098,-0.078,+3.024,+0.156,+6.982,-2.000,+8.162,0,+8.904,+8.562,+0.29905,-0.342,+7.476,+0.685,+8.904,-2.000,+15.065,2,-0.691,-1.594,-1.494,-0.785
DRV,726446,+3.3000,+3.1410,-3.6291,+0.0981,-1.8297,+0.0445,-4.250,+0.124,+0.02227,+0.3485,-0.6961,-41.785,-9.197,-9.549,-0.23517,-0.352,-5.879,+0.704,-9.197,-3.343,-17.715,2,-7.849,-8.729,-0.03330,-0.880,-0.833,+1.759,-7.849,-3.343,-10.265,2,+6.858,+7.342,+0.15792,+0.483,+3.948,-0.967,+6.858,-3.343,+6.497,2,+8.817,+9.189,+0.28834,+0.372,+7.208,-0.744,+8.817,-3.343,+11.938,2,-0.360,-1.387,-5.776,-3.769
DRV,726450,+3.3000,+3.1410,-3.6289,+0.1043,-1.8466,+0.0477,-4.248,+0.132,+0.02371,+0.3720,-0.7933,-46.614,-9.315,-9.616,-0.22118,-0.301,-5.530,+0.601,-9.315,-3.729,-17.972,2,-7.974,-9.204,-0.01434,-1.230,-0.358,+2.460,-7.974,-3.729,-9.602,2,+6.870,+6.960,+0.15678,+0.090,+3.919,-0.181,+6.870,-3.729,+6.879,2,+8.865,+8.311,+0.28341,-0.553,+7.085,+1.107,+8.865,-3.729,+13.328,2,-1.305,-2.244,-4.645,-2.723
DRV,726454,+3.3000,+3.1410,-3.6288,+0.1111,-1.8635,+0.0512,-4.246,+0.141,+0.02530,+0.3955,-0.8880,-51.337,-9.432,-9.763,-0.20477,-0.332,-5.119,+0.663,-9.432,-4.107,-17.994,2,-8.099,-9.551,+0.01375,-1.452,+0.344,+2.904,-8.099,-4.107,-8.959,2,+6.880,+6.642,+0.16510,-0.239,+4.128,+0.477,+6.880,-4.107,+7.378,2,+8.915,+8.118,+0.29775,-0.797,+7.444,+1.594,+8.915,-4.107,+13.846,2,-1.646,-2.909,-4.148,-1.581
DRV,726458,+3.3000,+3.1410,-3.6286,+0.1174,-1.8804,+0.0545,-4.244,+0.149,+0.02678,+0.3484,-0.9685,-52.674,-9.542,-9.842,-0.19041,-0.300,-4.760,+0.600,-9.542,-4.214,-17.916,2,-8.217,-9.384,+0.03843,-1.167,+0.961,+2.334,-8.217,-4.214,-9.137,2,+6.898,+6.745,+0.17612,-0.153,+4.403,+0.306,+6.898,-4.214,+7.393,2,+8.971,+8.457,+0.30655,-0.514,+7.664,+1.028,+8.971,-4.214,+13.449,2,-1.385,-2.639,-4.466,-1.744
DRV,726462,+3.3000,+3.1410,-3.6285,+0.1226,-1.8973,+0.0574,-4.242,+0.155,+0.02799,+0.3014,-1.0292,-53.225,-9.644,-9.717,-0.17867,-0.072,-4.467,+0.144,-9.644,-4.258,-18.225,2,-8.324,-8.979,+0.05270,-0.655,+1.317,+1.310,-8.324,-4.258,-9.955,2,+6.927,+6.834,+0.18512,-0.093,+4.628,+0.186,+6.927,-4.258,+7.483,2,+9.035,+8.441,+0.31424,-0.594,+7.856,+1.188,+9.035,-4.258,+13.820,2,-1.276,-2.145,-4.405,-2.472
DRV,726466,+3.3000,+3.1410,-3.6284,+0.1268,-1.9142,+0.0599,-4.241,+0.160,+0.02897,+0.1885,-1.0760,-50.580,-9.742,-10.006,-0.16751,-0.265,-4.188,+0.529,-9.742,-4.046,-17.447,2,-8.424,-9.005,+0.06055,-0.581,+1.514,+1.163,-8.424,-4.046,-9.794,2,+6.964,+6.721,+0.19496,-0.243,+4.874,+0.485,+6.964,-4.046,+8.276,2,+9.104,+8.670,+0.32092,-0.434,+8.023,+0.868,+9.104,-4.046,+13.948,2,-1.337,-2.284,-3.498,-1.518
DRV,726470,+3.3000,+3.1410,-3.6284,+0.1281,-1.9311,+0.0611,-4.240,+0.161,+0.02927,+0.0760,-1.0901,-46.644,-9.828,-10.315,-0.14629,-0.487,-3.657,+0.974,-9.828,-3.731,-16.243,2,-8.503,-8.811,+0.06440,-0.308,+1.610,+0.617,-8.503,-3.731,-10.008,0,+7.020,+6.928,+0.20575,-0.092,+5.144,+0.185,+7.020,-3.731,+8.617,2,+9.184,+8.871,+0.32267,-0.314,+8.067,+0.627,+9.184,-3.731,+14.147,0,-1.444,-1.884,-2.096,-1.391
DRV,726474,+3.3000,+3.1410,-3.6284,+0.1284,-1.9481,+0.0619,-4.241,+0.160,+0.02934,-0.0415,-1.0933,-42.071,-9.911,-9.837,-0.13486,+0.074,-3.372,-0.147,-9.911,-3.366,-16.795,0,-8.576,-8.820,+0.06251,-0.244,+1.563,+0.488,-8.576,-3.366,-9.891,0,+7.084,+7.130,+0.21087,+0.046,+5.272,-0.092,+7.084,-3.366,+8.898,0,+9.268,+9.136,+0.31921,-0.133,+7.980,+0.266,+9.268,-3.366,+14.149,0,-0.701,-1.690,-2.647,-0.993
DRV,726478,+3.3000,+3.1410,-3.6284,+0.1257,-1.9651,+0.0613,-4.242,+0.155,+0.02871,-0.1586,-1.0637,-36.203,-9.983,-9.949,-0.13181,+0.034,-3.295,-0.067,-9.983,-2.896,-16.242,0,-8.628,-8.423,+0.00743,+0.205,+0.186,-0.411,-8.628,-2.896,-11.750,2,+7.168,+7.353,+0.21447,+0.185,+5.362,-0.370,+7.168,-2.896,+9.264,0,+9.364,+10.172,+0.36910,+0.808,+9.228,-1.616,+9.364,-2.896,+14.079,2,+0.223,-1.070,-2.162,-2.486
DRV,726482,+3.3000,+3.1410,-3.6285,+0.1220,-1.9821,+0.0602,-4.243,+0.150,+0.02785,-0.2724,-1.0221,-29.989,-10.051,-11.089,-0.18152,-1.038,-4.538,+2.077,-10.051,-2.399,-14.911,2,-8.673,-8.543,+0.00828,+0.131,+0.207,-0.262,-8.673,-2.399,-11.127,2,+7.260,+7.195,+0.25979,-0.065,+6.495,+0.130,+7.260,-2.399,+11.485,2,+9.463,+10.591,+0.35203,+1.127,+8.801,-2.254,+9.463,-2.399,+13.611,2,-0.499,-1.348,-1.300,+0.358
DRV,726486,+3.3000,+3.1410,-3.6287,+0.1154,-1.9992,+0.0577,-4.246,+0.140,+0.02630,-0.3859,-0.9431,-22.290,-10.106,-11.094,-0.16174,-0.988,-4.043,+1.975,-10.106,-1.783,-13.958,2,-8.696,-9.411,+0.02725,-0.715,+0.681,+1.430,-8.696,-1.783,-8.368,2,+7.374,+7.601,+0.25380,+0.227,+6.345,-0.454,+7.374,-1.783,+11.483,2,+9.576,+10.559,+0.33429,+0.982,+8.357,-1.965,+9.576,-1.783,+14.186,2,-0.535,-1.810,+0.228,+3.115
DRV,726490,+3.3000,+3.1410,-3.6288,+0.1081,-2.0163,+0.0549,-4.248,+0.129,+0.02461,-0.4588,-0.8484,-15.583,-10.155,-10.364,-0.15897,-0.208,-3.974,+0.417,-10.155,-1.247,-14.959,2,-8.710,-9.145,+0.04999,-0.435,+1.250,+0.869,-8.710,-1.247,-7.838,2,+7.498,+8.245,+0.23127,+0.748,+5.782,-1.495,+7.498,-1.247,+10.537,2,+9.695,+10.321,+0.32408,+0.625,+8.102,-1.250,+9.695,-1.247,+15.300,2,-0.043,-0.899,+0.341,+2.699
DRV,726494,+3.3000,+3.1410,-3.6290,+0.0990,-2.0334,+0.0510,-4.251,+0.116,+0.02249,-0.5315,-0.7113,-7.190,-10.188,-10.439,-0.16287,-0.251,-4.072,+0.503,-10.188,-0.575,-14.332,2,-8.701,-8.648,+0.06056,+0.053,+1.514,-0.106,-8.701,-0.575,-7.868,2,+7.644,+8.006,+0.21153,+0.362,+5.288,-0.724,+7.644,-0.575,+11.633,2,+9.831,+10.322,+0.32140,+0.490,+8.035,-0.981,+9.831,-0.575,+16.310,2,-0.118,-0.642,+1.978,+3.765
DRV,726498,+3.3000,+3.1410,-3.6292,+0.0897,-2.0505,+0.0470,-4.254,+0.104,+0.02032,-0.5525,-0.5367,+0.634,-10.204,-10.373,-0.16386,-0.169,-4.096,+0.338,-10.204,+0.051,-13.912,2,-8.675,-8.310,+0.06169,+0.364,+1.542,-0.729,-8.675,+0.051,-7.811,2,+7.808,+7.851,+0.20344,+0.043,+5.086,-0.085,+7.808,+0.051,+12.860,2,+9.983,+10.289,+0.32060,+0.305,+8.015,-0.610,+9.983,+0.051,+17.439,2,-0.084,-0.459,+3.527,+5.049
DRV,726502,+3.3000,+3.1410,-3.6294,+0.0799,-2.0676,+0.0427,-4.256,+0.090,+0.01802,-0.5735,-0.2394,+13.364,-10.166,-9.914,-0.17661,+0.251,-4.415,-0.502,-10.166,+1.069,-14.014,2,-8.591,-7.972,+0.05525,+0.619,+1.381,-1.238,-8.591,+1.069,-7.379,2,+8.030,+8.428,+0.19124,+0.398,+4.781,-0.795,+8.030,+1.069,+13.085,2,+10.191,+10.227,+0.32790,+0.036,+8.198,-0.072,+10.191,+1.069,+19.385,2,+0.312,+0.456,+5.371,+5.706
DRV,726506,+3.3000,+3.1410,-3.6295,+0.0708,-2.0848,+0.0387,-4.257,+0.079,+0.01592,-0.4787,+0.0000,+19.148,-10.152,-9.731,-0.19072,+0.421,-4.768,-0.842,-10.152,+1.532,-14.231,2,-8.535,-7.752,+0.04588,+0.783,+1.147,-1.565,-8.535,+1.532,-7.421,2,+8.224,+8.723,+0.17612,+0.499,+4.403,-0.998,+8.224,+1.532,+13.161,2,+10.372,+11.127,+0.32542,+0.754,+8.136,-1.508,+10.372,+1.532,+18.531,2,+1.395,+0.971,+4.300,+5.739
DRV,726510,+3.3000,+3.1410,-3.6296,+0.0642,-2.1018,+0.0358,-4.259,+0.071,+0.01438,-0.3842,+0.0000,+15.367,-10.245,-9.628,-0.21483,+0.617,-5.371,-1.234,-10.245,+1.229,-15.620,2,-8.592,-7.500,+0.02628,+1.092,+0.657,-2.184,-8.592,+1.229,-8.889,0,+8.304,+9.161,+0.14770,+0.857,+3.693,-1.714,+8.304,+1.229,+11.512,2,+10.448,+11.707,+0.30605,+1.259,+7.651,-2.518,+10.448,+1.229,+16.810,0,+2.079,+1.661,+1.190,+2.623
DRV,726514,+3.3000,+3.1410,-3.6297,+0.0588,-2.1189,+0.0334,-4.259,+0.066,+0.01313,-0.2448,+0.0000,+9.792,-10.336,-10.465,-0.22553,-0.129,-5.638,+0.259,-10.336,+0.783,-14.932,0,-8.651,-8.044,-0.04272,+0.607,-1.068,-1.214,-8.651,+0.783,-10.149,0,+8.382,+9.145,+0.12013,+0.762,+3.003,-1.525,+8.382,+0.783,+10.644,0,+10.525,+11.625,+0.28667,+1.099,+7.167,-2.199,+10.525,+0.783,+16.277,0,+1.160,+1.101,+1.345,+0.495
DRV,726518,+3.3000,+3.1410,-3.6297,+0.0570,-2.1360,+0.0327,-4.259,+0.065,+0.01270,-0.1058,+0.0000,+4.234,-10.421,-9.850,-0.29707,+0.571,-7.427,-1.143,-10.421,+0.339,-18.652,0,-8.717,-8.444,-0.06004,+0.273,-1.501,-0.546,-8.717,+0.339,-10.424,2,+8.453,+9.491,+0.15496,+1.038,+3.874,-2.076,+8.453,+0.339,+10.590,0,+10.608,+11.030,+0.34183,+0.423,+8.546,-0.845,+10.608,+0.339,+18.647,2,+1.180,+1.048,-0.006,+0.166
DRV,726522,+3.3000,+3.1410,-3.6297,+0.0562,-2.1530,+0.0326,-4.259,+0.065,+0.01252,+0.0136,+0.0000,-0.542,-10.506,-10.488,-0.29866,+0.018,-7.467,-0.035,-10.506,-0.043,-18.051,2,-8.785,-9.314,-0.06025,-0.529,-1.506,+1.058,-8.785,-0.043,-9.276,2,+8.523,+8.899,+0.14745,+0.377,+3.686,-0.753,+8.523,-0.043,+11.412,2,+10.691,+11.762,+0.31393,+1.071,+7.848,-2.141,+10.691,-0.043,+16.355,2,+1.274,-0.414,-1.696,+2.136
DRV,726526,+3.3000,+3.1410,-3.6297,+0.0585,-2.1700,+0.0340,-4.259,+0.070,+0.01305,+0.1326,+0.0000,-5.304,-10.585,-11.385,-0.27514,-0.800,-6.878,+1.600,-10.585,-0.424,-16.288,2,-8.859,-9.329,-0.05424,-0.470,-1.356,+0.940,-8.859,-0.424,-9.699,2,+8.585,+9.095,+0.14385,+0.510,+3.596,-1.020,+8.585,-0.424,+10.737,2,+10.779,+11.795,+0.27595,+1.016,+6.899,-2.031,+10.779,-0.424,+15.222,2,+0.409,-0.234,-1.067,+1.038
DRV,726530,+3.3000,+3.1410,-3.6296,+0.0623,-2.1870,+0.0362,-4.258,+0.076,+0.01393,+0.2509,+0.0000,-10.037,-10.663,-11.156,-0.24811,-0.493,-6.203,+0.986,-10.663,-0.803,-16.683,2,-8.936,-9.315,-0.05322,-0.380,-1.331,+0.759,-8.936,-0.803,-10.310,2,+8.645,+9.088,+0.13832,+0.443,+3.458,-0.886,+8.645,-0.803,+10.414,2,+10.869,+11.132,+0.25363,+0.263,+6.341,-0.527,+10.869,-0.803,+15.880,2,-0.023,-0.228,-0.803,+0.103
DRV,726534,+3.3000,+3.1410,-3.6296,+0.0666,-2.2040,+0.0388,-4.257,+0.082,+0.01494,+0.2504,+0.0000,-10.017,-10.739,-11.239,-0.22723,-0.500,-5.681,+0.999,-10.739,-0.801,-16.222,2,-9.014,-9.619,-0.04851,-0.605,-1.213,+1.210,-9.014,-0.801,-9.819,2,+8.703,+8.820,+0.13923,+0.117,+3.481,-0.234,+8.703,-0.801,+11.149,2,+10.960,+10.790,+0.24395,-0.170,+6.099,+0.340,+10.960,-0.801,+16.597,2,-0.449,-0.800,+0.374,+1.330
DRV,726538,+3.3000,+3.1410,-3.6295,+0.0715,-2.2210,+0.0416,-4.256,+0.090,+0.01607,+0.2946,+0.0000,-11.784,-10.815,-10.867,-0.21094,-0.052,-5.273,+0.104,-10.815,-0.943,-16.927,2,-9.094,-9.815,-0.03880,-0.721,-0.970,+1.441,-9.094,-0.943,-9.566,2,+8.760,+8.961,+0.14427,+0.201,+3.607,-0.402,+8.760,-0.943,+11.021,2,+11.051,+10.595,+0.24615,-0.456,+6.154,+0.912,+11.051,-0.943,+17.174,2,-0.271,-0.854,+0.247,+1.455
DRV,726542,+3.3000,+3.1410,-3.6294,+0.0765,-2.2380,+0.0446,-4.255,+0.097,+0.01725,+0.2940,+0.0000,-11.761,-10.890,-10.583,-0.20535,+0.307,-5.134,-0.614,-10.890,-0.941,-17.578,2,-9.174,-9.458,-0.03494,-0.284,-0.873,+0.567,-9.174,-0.941,-10.421,2,+8.816,+8.873,+0.14803,+0.058,+3.701,-0.116,+8.816,-0.941,+11.460,2,+11.143,+10.967,+0.24299,-0.177,+6.075,+0.353,+11.143,-0.941,+16.631,2,+0.384,-0.585,-0.947,+1.039
DRV,726546,+3.3000,+3.1410,-3.6293,+0.0829,-2.2549,+0.0484,-4.253,+0.107,+0.01873,+0.3955,-0.1005,-19.843,-11.008,-10.145,-0.21552,+0.863,-5.388,-1.726,-11.008,-1.587,-19.710,2,-9.303,-9.461,-0.03745,-0.158,-0.936,+0.316,-9.303,-1.587,-11.511,0,+8.823,+9.041,+0.15229,+0.218,+3.807,-0.437,+8.823,-1.587,+10.606,2,+11.192,+10.916,+0.24018,-0.276,+6.004,+0.551,+11.192,-1.587,+16.160,0,+0.771,-0.420,-3.550,-0.904
DRV,726550,+3.3000,+3.1410,-3.6292,+0.0897,-2.2718,+0.0524,-4.251,+0.117,+0.02031,+0.3948,-0.2011,-23.833,-11.126,-11.198,-0.21368,-0.072,-5.342,+0.144,-11.126,-1.907,-18.230,0,-9.433,-10.063,-0.03403,-0.630,-0.851,+1.260,-9.433,-1.907,-10.930,0,+8.829,+8.859,+0.15556,+0.030,+3.889,-0.060,+8.829,-1.907,+10.752,0,+11.241,+10.791,+0.23936,-0.450,+5.984,+0.899,+11.241,-1.907,+16.217,0,-0.407,-1.204,-2.013,-0.179
DRV,726554,+3.3000,+3.1410,-3.6291,+0.0958,-2.2888,+0.0562,-4.249,+0.125,+0.02175,+0.3493,-0.3016,-26.035,-11.244,-12.257,-0.27042,-1.012,-6.760,+2.025,-11.244,-2.083,-18.063,2,-9.562,-9.799,-0.08754,-0.236,-2.189,+0.473,-9.562,-2.083,-13.361,2,+8.836,+8.851,+0.16284,+0.014,+4.071,-0.029,+8.836,-2.083,+10.796,0,+11.289,+11.251,+0.31301,-0.038,+7.825,+0.076,+11.289,-2.083,+17.108,2,-1.006,-0.948,-0.955,-2.565
DRV,726558,+3.3000,+3.1410,-3.6290,+0.1018,-2.3057,+0.0599,-4.247,+0.133,+0.02314,+0.3486,-0.4021,-30.029,-11.363,-12.125,-0.25803,-0.763,-6.451,+1.526,-11.363,-2.402,-18.690,2,-9.691,-10.878,-0.05954,-1.187,-1.488,+2.374,-9.691,-2.402,-11.208,2,+8.844,+8.411,+0.22398,-0.433,+5.600,+0.865,+8.844,-2.402,+12.906,2,+11.337,+11.625,+0.31883,+0.288,+7.971,-0.575,+11.337,-2.402,+16.331,2,-0.501,-2.467,-2.359,+1.699
DRV,726562,+3.3000,+3.1410,-3.6289,+0.1076,-2.3226,+0.0635,-4.245,+0.141,+0.02448,+0.3303,-0.8407,-46.844,-11.635,-12.676,-0.24794,-1.041,-6.199,+2.083,-11.635,-3.747,-19.498,2,-9.973,-11.228,-0.01797,-1.255,-0.449,+2.510,-9.973,-3.747,-11.660,2,+8.697,+9.306,+0.20968,+0.609,+5.242,-1.218,+8.697,-3.747,+8.974,2,+11.231,+12.052,+0.31044,+0.820,+7.761,-1.640,+11.231,-3.747,+13.604,2,-0.625,-1.921,-5.894,-2.686
DRV,726566,+3.3000,+3.1410,-3.6287,+0.1132,-2.3395,+0.0672,-4.243,+0.150,+0.02580,+0.3297,-0.9162,-49.837,-11.742,-12.914,-0.22983,-1.172,-5.746,+2.345,-11.742,-3.987,-19.130,2,-10.090,-11.256,+0.02026,-1.167,+0.506,+2.333,-10.090,-3.987,-11.237,2,+8.716,+9.068,+0.18893,+0.351,+4.723,-0.703,+8.716,-3.987,+8.750,2,+11.291,+11.064,+0.31502,-0.227,+7.876,+0.453,+11.291,-3.987,+15.632,2,-1.850,-2.189,-3.498,-2.487
DRV,726570,+3.3000,+3.1410,-3.6286,+0.1181,-2.3564,+0.0705,-4.242,+0.156,+0.02695,+0.2721,-0.9771,-49.968,-11.843,-12.930,-0.21008,-1.087,-5.252,+2.174,-11.843,-3.997,-18.919,2,-10.199,-11.158,+0.05530,-0.959,+1.383,+1.918,-10.199,-3.997,-10.895,2,+8.743,+8.605,+0.18031,-0.139,+4.508,+0.277,+8.743,-3.997,+9.531,2,+11.355,+11.262,+0.32925,-0.093,+8.231,+0.187,+11.355,-3.997,+15.776,2,-1.668,-2.553,-3.143,-1.365
DRV,726574,+3.3000,+3.1410,-3.6285,+0.1228,-2.3732,+0.0737,-4.240,+0.163,+0.02804,+0.2716,-1.0315,-52.123,-11.942,-13.044,-0.19398,-1.102,-4.849,+2.205,-11.942,-4.170,-18.757,2,-10.304,-10.822,+0.08194,-0.518,+2.048,+1.036,-10.304,-4.170,-11.390,2,+8.773,+8.460,+0.18125,-0.313,+4.531,+0.627,+8.773,-4.170,+9.762,2,+11.423,+11.635,+0.33519,+0.212,+8.380,-0.424,+11.423,-4.170,+15.209,2,-1.410,-2.362,-3.548,-1.628
DRV,726578,+3.3000,+3.1410,-3.6284,+0.1263,-2.3901,+0.0763,-4.239,+0.167,+0.02885,+0.1817,-1.0705,-50.089,-12.036,-13.083,-0.17490,-1.047,-4.372,+2.094,-12.036,-4.007,-18.321,2,-10.400,-10.536,+0.09879,-0.136,+2.470,+0.272,-10.400,-4.007,-11.665,2,+8.813,+8.511,+0.18120,-0.302,+4.530,+0.604,+8.813,-4.007,+9.940,2,+11.496,+11.628,+0.34023,+0.132,+8.506,-0.264,+11.496,-4.007,+15.731,2,-1.455,-2.025,-2.591,-1.725
DRV,726582,+3.3000,+3.1410,-3.6283,+0.1294,-2.4070,+0.0787,-4.237,+0.171,+0.02958,+0.1813,-1.1041,-51.416,-12.127,-12.782,-0.16809,-0.655,-4.202,+1.310,-12.127,-4.113,-19.133,2,-10.493,-10.270,+0.10449,+0.223,+2.612,-0.446,-10.493,-4.113,-12.440,0,+8.856,+8.519,+0.18146,-0.337,+4.536,+0.674,+8.856,-4.113,+9.953,2,+11.571,+11.532,+0.34945,-0.039,+8.736,+0.077,+11.571,-4.113,+16.271,0,-1.250,-1.751,-2.862,-2.487
DRV,726586,+3.3000,+3.1410,-3.6283,+0.1305,-2.4240,+0.0800,-4.238,+0.170,+0.02983,+0.0241,-1.1156,-45.585,-12.212,-13.263,-0.15618,-1.051,-3.905,+2.102,-12.212,-3.647,-17.661,0,-10.571,-10.251,+0.10580,+0.320,+2.645,-0.641,-10.571,-3.647,-12.214,0,+8.914,+8.526,+0.18304,-0.387,+4.576,+0.775,+8.914,-3.647,+10.617,0,+11.652,+11.834,+0.35761,+0.181,+8.940,-0.363,+11.652,-3.647,+16.583,0,-1.430,-1.725,-1.078,-1.597
DRV,726590,+3.3000,+3.1410,-3.6283,+0.1309,-2.4409,+0.0809,-4.237,+0.171,+0.02993,+0.0240,-1.1199,-45.756,-12.295,-12.994,-0.14291,-0.700,-3.573,+1.399,-12.295,-3.661,-18.129,0,-10.645,-10.807,+0.04006,-0.162,+1.001,+0.324,-10.645,-3.661,-12.981,2,+8.976,+8.646,+0.18620,-0.330,+4.655,+0.659,+8.976,-3.661,+10.630,0,+11.736,+11.336,+0.43546,-0.400,+10.887,+0.801,+11.736,-3.661,+19.763,2,-1.658,-2.161,+1.635,-2.351
DRV,726594,+3.3000,+3.1410,-3.6284,+0.1292,-2.4579,+0.0807,-4.239,+0.166,+0.02954,-0.1388,-1.1021,-38.535,-12.371,-11.880,-0.22249,+0.491,-5.562,-0.981,-12.371,-3.083,-21.998,2,-10.704,-10.825,+0.03407,-0.120,+0.852,+0.241,-10.704,-3.083,-12.695,2,+9.054,+9.346,+0.24151,+0.292,+6.038,-0.584,+9.054,-3.083,+11.425,2,+11.827,+11.649,+0.43491,-0.178,+10.873,+0.356,+11.827,-3.083,+19.973,2,-0.231,-1.479,-2.024,-1.270
DRV,726598,+3.3000,+3.1410,-3.6284,+0.1269,-2.4749,+0.0799,-4.240,+0.163,+0.02898,-0.1385,-1.0766,-37.523,-12.445,-12.848,-0.21228,-0.403,-5.307,+0.805,-12.445,-3.002,-19.949,2,-10.758,-11.170,+0.03324,-0.412,+0.831,+0.825,-10.758,-3.002,-12.104,2,+9.136,+9.848,+0.23514,+0.712,+5.878,-1.423,+9.136,-3.002,+10.590,2,+11.921,+12.585,+0.41370,+0.665,+10.342,-1.329,+11.921,-3.002,+17.932,2,-0.263,-1.322,-2.017,-1.515
DRV,726602,+3.3000,+3.1410,-3.6285,+0.1224,-2.4919,+0.0780,-4.242,+0.153,+0.02794,-0.3020,-1.0266,-28.984,-12.512,-12.924,-0.18656,-0.412,-4.664,+0.824,-12.512,-2.319,-18.670,2,-10.796,-11.354,+0.03631,-0.558,+0.908,+1.117,-10.796,-2.319,-11.090,2,+9.236,+9.944,+0.22461,+0.709,+5.615,-1.418,+9.236,-2.319,+11.114,2,+12.022,+11.904,+0.39726,-0.118,+9.931,+0.236,+12.022,-2.319,+19.870,2,-1.020,-1.410,+1.199,+0.024
DRV,726606,+3.3000,+3.1410,-3.6286,+0.1172,-2.5090,+0.0756,-4.244,+0.145,+0.02673,-0.3014,-0.9658,-26.574,-12.575,-12.079,-0.18199,+0.496,-4.550,-0.992,-12.575,-2.126,-20.243,2,-10.827,-11.279,+0.04051,-0.451,+1.013,+0.903,-10.827,-2.126,-11.037,2,+9.342,+9.898,+0.21673,+0.557,+5.418,-1.113,+9.342,-2.126,+11.521,2,+12.126,+11.499,+0.40070,-0.627,+10.018,+1.254,+12.126,-2.126,+21.272,2,-0.580,-1.380,+1.029,+0.483
DRV,726610,+3.3000,+3.1410,-3.6288,+0.1110,-2.5261,+0.0725,-4.247,+0.135,+0.02529,-0.3806,-0.8875,-20.275,-12.633,-12.898,-0.17364,-0.266,-4.341,+0.532,-12.633,-1.622,-18.064,2,-10.848,-11.200,+0.04218,-0.352,+1.055,+0.704,-10.848,-1.622,-10.711,2,+9.458,+10.293,+0.20671,+0.835,+5.168,-1.670,+9.458,-1.622,+11.334,2,+12.237,+11.976,+0.40228,-0.261,+10.057,+0.522,+12.237,-1.622,+21.195,2,-0.922,-0.907,+3.131,+0.623
DRV,726614,+3.3000,+3.1410,-3.6289,+0.1045,-2.5432,+0.0691,-4.249,+0.125,+0.02377,-0.3798,-0.7967,-16.676,-12.685,-12.915,-0.15387,-0.230,-3.847,+0.459,-12.685,-1.334,-17.406,2,-10.862,-11.063,+0.04041,-0.201,+1.010,+0.402,-10.862,-1.334,-10.784,2,+9.582,+10.488,+0.19286,+0.906,+4.821,-1.813,+9.582,-1.334,+11.256,2,+12.353,+13.113,+0.38029,+0.760,+9.507,-1.519,+12.353,-1.334,+19.007,2,+0.198,-0.575,+1.601,+0.472
DRV,726618,+3.3000,+3.1410,-3.6291,+0.0980,-2.5603,+0.0657,-4.251,+0.115,+0.02225,-0.3801,-0.6942,-12.564,-12.732,-12.859,-0.14032,-0.127,-3.508,+0.253,-12.732,-1.005,-16.992,2,-10.870,-10.942,+0.03416,-0.071,+0.854,+0.142,-10.870,-1.005,-10.879,2,+9.711,+10.359,+0.18183,+0.648,+4.546,-1.296,+9.711,-1.005,+11.955,2,+12.474,+12.925,+0.35364,+0.451,+8.841,-0.901,+12.474,-1.005,+19.409,2,+0.066,-0.583,+2.417,+1.076
DRV,726622,+3.3000,+3.1410,-3.6292,+0.0915,-2.5774,+0.0623,-4.253,+0.105,+0.02073,-0.3794,-0.5739,-7.780,-12.772,-12.962,-0.12589,-0.190,-3.147,+0.381,-12.772,-0.622,-16.161,2,-10.871,-10.633,+0.02326,+0.238,+0.581,-0.476,-10.871,-0.622,-11.388,0,+9.848,+10.236,+0.17880,+0.388,+4.470,-0.776,+9.848,-0.622,+12.919,2,+12.604,+13.206,+0.33209,+0.602,+8.302,-1.204,+12.604,-0.622,+19.080,0,+0.244,-0.396,+2.919,+1.532
DRV,726626,+3.3000,+3.1410,-3.6293,+0.0862,-2.5945,+0.0595,-4.254,+0.099,+0.01950,-0.2829,-0.4537,-6.834,-12.809,-12.557,-0.11738,+0.252,-2.935,-0.504,-12.809,-0.547,-16.794,0,-10.874,-9.731,-0.06016,+1.142,-1.504,-2.284,-10.874,-0.547,-15.209,0,+9.983,+10.608,+0.17460,+0.625,+4.365,-1.250,+9.983,-0.547,+12.550,0,+12.734,+14.843,+0.38096,+2.109,+9.524,-4.218,+12.734,-0.547,+17.494,0,+2.286,+0.876,+0.700,-2.658
DRV,726630,+3.3000,+3.1410,-3.6293,+0.0814,-2.6116,+0.0569,-4.256,+0.091,+0.01837,-0.2823,-0.3038,-0.860,-12.832,-13.322,-0.19434,-0.490,-4.859,+0.980,-12.832,-0.069,-16.780,2,-10.864,-9.967,-0.08105,+0.896,-2.026,-1.793,-10.864,-0.069,-14.752,2,+10.130,+10.035,+0.23455,-0.095,+5.864,+0.190,+10.130,-0.069,+16.115,2,+12.879,+14.816,+0.34321,+1.936,+8.580,-3.873,+12.879,-0.069,+17.518,2,+1.494,+0.067,+0.738,+1.363
DRV,726634,+3.3000,+3.1410,-3.6294,+0.0776,-2.6287,+0.0550,-4.256,+0.087,+0.01750,-0.1961,-0.0691,+5.082,-12.815,-13.074,-0.19452,-0.259,-4.863,+0.518,-12.815,+0.407,-16.753,2,-10.818,-10.643,-0.08145,+0.175,-2.036,-0.350,-10.818,+0.407,-12.797,2,+10.313,+10.182,+0.23283,-0.131,+5.821,+0.262,+10.313,+0.407,+16.802,2,+13.065,+14.158,+0.32012,+1.093,+8.003,-2.186,+13.065,+0.407,+19.288,2,+1.084,-0.461,+2.535,+4.005
DRV,726638,+3.3000,+3.1410,-3.6295,+0.0743,-2.6457,+0.0533,-4.257,+0.082,+0.01672,-0.1957,+0.0000,+7.830,-12.872,-12.411,-0.20953,+0.462,-5.238,-0.924,-12.872,+0.626,-18.408,2,-10.848,-11.086,-0.06723,-0.238,-1.681,+0.476,-10.848,+0.626,-11.427,2,+10.420,+11.544,+0.20775,+1.124,+5.194,-2.248,+10.420,+0.626,+13.992,2,+13.175,+14.037,+0.30906,+0.861,+7.726,-1.723,+13.175,+0.626,+19.805,2,+1.626,+0.458,+1.398,+2.565
DRV,726642,+3.3000,+3.1410,-3.6295,+0.0715,-2.6628,+0.0519,-4.258,+0.079,+0.01608,-0.1485,+0.0000,+5.942,-12.960,-12.862,-0.22944,+0.099,-5.736,-0.197,-12.960,+0.475,-18.418,2,-10.911,-10.787,-0.05727,+0.124,-1.432,-0.247,-10.911,+0.475,-12.115,2,+10.494,+11.477,+0.16845,+0.984,+4.211,-1.967,+10.494,+0.475,+13.213,2,+13.255,+13.968,+0.30038,+0.713,+7.509,-1.426,+13.255,+0.475,+19.814,2,+1.107,+0.690,+1.396,+1.098
DRV,726646,+0.0000,+0.0000,+0.0000,+0.0000,-2.6494,+0.0502,+10.953,-0.140,+0.01548,-0.1482,+0.0000,+5.930,-12.899,-13.367,-0.23205,-0.467,-5.801,+0.935,-12.899,+0.474,-17.292,2,-10.851,-10.917,-0.04888,-0.066,-1.222,+0.132,-10.851,+0.474,-11.466,2,+10.447,+10.721,+0.14751,+0.274,+3.688,-0.547,+10.447,+0.474,+14.062,2,+13.185,+13.338,+0.30333,+0.153,+7.583,-0.306,+13.185,+0.474,+20.937,2,-0.029,-0.196,+3.645,+2.596
DRV,726650,+0.0000,+0.0000,+0.0000,+0.0000,-2.6056,+0.0485,+10.954,-0.137,+0.01505,-0.0948,+0.0000,+3.791,-12.689,-13.098,-0.23014,-0.410,-5.753,+0.819,-12.689,+0.303,-17.320,2,-10.668,-11.149,-0.03051,-0.481,-0.763,+0.962,-10.668,+0.303,-10.165,2,+10.278,+10.643,+0.13038,+0.365,+3.259,-0.730,+10.278,+0.303,+13.110,2,+12.964,+13.780,+0.30035,+0.816,+7.509,-1.632,+12.964,+0.303,+19.145,2,+0.682,-0.506,+1.825,+2.945
DRV,726654,+0.0000,+0.0000,+0.0000,+0.0000,-2.5619,+0.0470,+10.954,-0.135,+0.01467,-0.0946,+0.0000,+3.783,-12.477,-13.149,-0.22560,-0.672,-5.640,+1.344,-12.477,+0.303,-16.471,2,-10.486,-11.085,-0.00794,-0.599,-0.199,+1.199,-10.486,+0.303,-9.183,2,+10.108,+10.591,+0.10937,+0.483,+2.734,-0.966,+10.108,+0.303,+12.179,2,+12.744,+13.997,+0.28110,+1.252,+7.027,-2.504,+12.744,+0.303,+17.570,2,+0.847,-0.494,+1.099,+2.996
DRV,726658,+0.0000,+0.0000,+0.0000,+0.0000,-2.5180,+0.0480,+10.954,-0.135,+0.01529,+0.2364,+0.0000,-9.456,-12.259,-13.026,-0.21716,-0.767,-5.429,+1.534,-12.259,-0.757,-16.910,2,-10.313,-10.837,+0.01558,-0.524,+0.390,+1.047,-10.313,-0.757,-9.633,0,+9.928,+10.611,+0.08429,+0.683,+2.107,-1.366,+9.928,-0.757,+9.912,2,+12.532,+13.869,+0.25913,+1.337,+6.478,-2.675,+12.532,-0.757,+15.579,0,+0.843,-0.226,-1.331,+0.279
DRV,726662,+0.0000,+0.0000,+0.0000,+0.0000,-2.4741,+0.0498,+10.953,-0.143,+0.01623,+0.2359,+0.0000,-9.437,-12.038,-13.203,-0.20278,-1.166,-5.069,+2.331,-12.038,-0.755,-15.531,0,-10.144,-11.477,-0.02798,-1.333,-0.699,+2.666,-10.144,-0.755,-8.933,0,+9.744,+10.149,+0.06189,+0.405,+1.547,-0.810,+9.744,-0.755,+9.726,0,+12.321,+12.921,+0.32045,+0.600,+8.011,-1.200,+12.321,-0.755,+18.377,2,-0.282,-1.328,+2.846,+0.793
DRV,726666,+0.0000,+0.0000,+0.0000,+0.0000,-2.4303,+0.0525,+10.952,-0.152,+0.01755,+0.3615,-0.0503,-16.471,-11.837,-12.392,-0.26171,-0.555,-6.543,+1.109,-11.837,-1.318,-18.588,2,-10.002,-11.308,-0.00359,-1.306,-0.090,+2.612,-10.002,-1.318,-8.797,2,+9.534,+9.573,+0.04795,+0.039,+1.199,-0.079,+9.534,-1.318,+9.337,0,+12.089,+12.924,+0.29377,+0.835,+7.344,-1.669,+12.089,-1.318,+16.446,2,+0.533,-1.734,-2.142,+0.540
DRV,726670,+0.0000,+0.0000,+0.0000,+0.0000,-2.3864,+0.0553,+10.950,-0.164,+0.01900,+0.3608,-0.1508,-20.463,-11.659,-12.441,-0.23792,-0.782,-5.948,+1.564,-11.659,-1.637,-17.679,2,-9.882,-11.158,+0.01919,-1.276,+0.480,+2.552,-9.882,-1.637,-8.488,2,+9.301,+9.917,+0.09909,+0.616,+2.477,-1.232,+9.301,-1.637,+8.909,2,+11.836,+13.061,+0.25123,+1.225,+6.281,-2.449,+11.836,-1.637,+14.030,2,+0.620,-1.242,-3.649,+0.421
DRV,726674,+0.0000,+0.0000,+0.0000,+0.0000,-2.3425,+0.0583,+10.948,-0.175,+0.02056,+0.4021,-0.2513,-26.136,-11.480,-13.218,-0.18893,-1.738,-4.723,+3.477,-11.480,-2.091,-14.817,2,-9.764,-10.769,+0.03959,-1.005,+0.990,+2.010,-9.764,-2.091,-8.855,2,+9.066,+9.697,+0.09104,+0.631,+2.276,-1.262,+9.066,-2.091,+7.989,2,+11.583,+12.237,+0.21909,+0.654,+5.477,-1.308,+11.583,-2.091,+13.661,2,-0.981,-1.071,-1.156,-0.866
DRV,726678,+0.0000,+0.0000,+0.0000,+0.0000,-2.2986,+0.0613,+10.946,-0.188,+0.02217,+0.4013,-0.3519,-30.125,-11.301,-12.002,-0.14656,-0.701,-3.664,+1.401,-11.301,-2.410,-15.973,2,-9.645,-10.280,+0.05069,-0.634,+1.267,+1.269,-9.645,-2.410,-9.520,2,+8.832,+9.578,+0.08017,+0.746,+2.004,-1.491,+8.832,-2.410,+6.935,2,+11.330,+11.902,+0.19441,+0.572,+4.860,-1.145,+11.330,-2.410,+12.635,2,-0.100,-0.702,-3.338,-2.584
DRV,726682,+0.0000,+0.0000,+0.0000,+0.0000,-2.2547,+0.0643,+10.944,-0.202,+0.02378,+0.4047,-0.7977,-48.099,-11.279,-11.462,-0.13278,-0.183,-3.320,+0.366,-11.279,-3.848,-18.081,2,-9.683,-9.637,+0.04665,+0.047,+1.166,-0.093,-9.683,-3.848,-12.458,2,+8.441,+9.447,+0.06255,+1.006,+1.564,-2.011,+8.441,-3.848,+4.146,2,+10.919,+11.497,+0.16786,+0.578,+4.196,-1.156,+10.919,-3.848,+10.111,2,+0.035,-0.190,-7.969,-8.312
DRV,726686,+0.0000,+0.0000,+0.0000,+0.0000,-2.2109,+0.0670,+10.941,-0.215,+0.02540,+0.4039,-0.8938,-51.909,-11.099,-12.408,-0.09994,-1.309,-2.498,+2.617,-11.099,-4.153,-15.133,2,-9.562,-10.297,+0.04679,-0.735,+1.170,+1.471,-9.562,-4.153,-11.074,2,+8.210,+8.749,+0.05060,+0.538,+1.265,-1.077,+8.210,-4.153,+4.246,2,+10.667,+10.632,+0.15297,-0.036,+3.824,+0.071,+10.667,-4.153,+10.410,2,-1.776,-1.549,-4.723,-6.829
DRV,726690,+0.0000,+0.0000,+0.0000,+0.0000,-2.1670,+0.0682,+10.939,-0.227,+0.02635,+0.1819,-0.9457,-45.103,-10.904,-12.013,-0.05702,-1.110,-1.425,+2.220,-10.904,-3.608,-13.718,2,-9.414,-10.654,+0.06845,-1.240,+1.711,+2.480,-9.414,-3.608,-8.832,2,+8.006,+8.296,+0.04786,+0.290,+1.197,-0.580,+8.006,-3.608,+5.014,2,+10.431,+10.042,+0.15044,-0.390,+3.761,+0.779,+10.431,-3.608,+11.363,2,-1.972,-2.358,-2.354,-3.817
DRV,726694,+0.0000,+0.0000,+0.0000,+0.0000,-2.1232,+0.0689,+10.938,-0.233,+0.02708,+0.1815,-0.9835,-46.602,-10.703,-11.540,-0.02470,-0.837,-0.618,+1.673,-10.703,-3.728,-13.376,0,-9.258,-10.110,+0.08675,-0.852,+2.169,+1.705,-9.258,-3.728,-9.112,0,+7.810,+8.332,+0.04212,+0.522,+1.053,-1.044,+7.810,-3.728,+4.091,2,+10.200,+10.037,+0.14786,-0.163,+3.696,+0.326,+10.200,-3.728,+10.494,0,-1.503,-1.779,-2.882,-5.022
DRV,726698,+0.0000,+0.0000,+0.0000,+0.0000,-2.0795,+0.0678,+10.937,-0.238,+0.02702,-0.0779,-0.9809,-36.121,-10.490,-11.647,+0.01057,-1.157,+0.264,+2.315,-10.490,-2.890,-10.800,0,-9.077,-9.226,+0.03615,-0.150,+0.904,+0.299,-9.077,-2.890,-10.763,0,+7.639,+8.157,+0.03581,+0.517,+0.895,-1.035,+7.639,-2.890,+4.611,0,+9.983,+9.831,+0.14239,-0.152,+3.560,+0.304,+9.983,-2.890,+10.958,0,-1.816,-1.070,+0.157,-6.153
DRV,726702,+0.0000,+0.0000,+0.0000,+0.0000,-2.0358,+0.0662,+10.937,-0.238,+0.02671,-0.0777,-0.9648,-35.484,-10.272,-11.062,+0.04557,-0.790,+1.139,+1.580,-10.272,-2.839,-10.391,0,-8.887,-9.390,+0.05282,-0.503,+1.321,+1.005,-8.887,-2.839,-9.400,2,+7.477,+8.149,+0.02611,+0.671,+0.653,-1.342,+7.477,-2.839,+3.949,0,+9.771,+10.497,+0.19600,+0.726,+4.900,-1.452,+9.771,-2.839,+10.380,2,-0.565,-1.241,-0.011,-5.451
DRV,726706,+0.0000,+0.0000,+0.0000,+0.0000,-1.9921,+0.0629,+10.937,-0.235,+0.02556,-0.3584,-0.9028,-21.776,-10.038,-11.505,+0.00655,-1.467,+0.164,+2.934,-10.038,-1.742,-8.682,2,-8.670,-9.389,+0.07893,-0.719,+1.973,+1.438,-8.670,-1.742,-7.001,2,+7.343,+7.493,+0.06648,+0.150,+1.662,-0.299,+7.343,-1.742,+6.964,2,+9.575,+10.520,+0.18204,+0.945,+4.551,-1.890,+9.575,-1.742,+10.494,2,-0.986,-1.896,+1.812,-0.037
DRV,726710,+0.0000,+0.0000,+0.0000,+0.0000,-1.9484,+0.0592,+10.939,-0.226,+0.02413,-0.3576,-0.8192,-18.462,-9.796,-11.040,+0.03073,-1.244,+0.768,+2.488,-9.796,-1.477,-8.016,2,-8.442,-8.895,+0.10118,-0.454,+2.530,+0.907,-8.442,-1.477,-6.482,2,+7.221,+7.903,+0.04816,+0.682,+1.204,-1.364,+7.221,-1.477,+5.584,2,+9.387,+10.438,+0.16525,+1.051,+4.131,-2.103,+9.387,-1.477,+9.939,2,-0.601,-0.993,+1.923,-0.897
DRV,726714,+0.0000,+0.0000,+0.0000,+0.0000,-1.9048,+0.0545,+10.941,-0.216,+0.02217,-0.5335,-0.6886,-6.205,-9.535,-10.925,+0.05634,-1.390,+1.408,+2.780,-9.535,-0.496,-5.842,2,-8.188,-8.195,+0.11311,-0.007,+2.828,+0.014,-8.188,-0.496,-5.843,2,+7.124,+8.049,+0.02027,+0.925,+0.507,-1.850,+7.124,-0.496,+5.284,2,+9.218,+10.250,+0.14637,+1.031,+3.659,-2.063,+9.218,-0.496,+10.318,2,-0.675,-0.146,+4.476,-0.559
DRV,726718,+0.0000,+0.0000,+0.0000,+0.0000,-1.8611,+0.0497,+10.944,-0.202,+0.02004,-0.5324,-0.5099,+0.901,-9.252,-10.494,+0.08392,-1.242,+2.098,+2.483,-9.252,+0.072,-4.599,2,-7.912,-7.603,+0.11498,+0.309,+2.874,-0.618,-7.912,+0.072,-5.584,2,+7.049,+7.946,-0.01038,+0.897,-0.259,-1.793,+7.049,+0.072,+5.068,2,+9.071,+10.061,+0.12941,+0.990,+3.235,-1.981,+9.071,+0.072,+10.397,2,-0.432,+0.343,+5.798,-0.515
DRV,726722,+0.0000,+0.0000,+0.0000,+0.0000,-1.8175,+0.0443,+10.946,-0.187,+0.01757,-0.6452,-0.1090,+21.445,-8.870,-9.777,+0.10135,-0.906,+2.534,+1.813,-8.870,+1.716,-2.808,2,-7.533,-7.306,+0.11503,+0.227,+2.876,-0.454,-7.533,+1.716,-3.395,2,+7.077,+7.961,-0.04017,+0.884,-1.004,-1.767,+7.077,+1.716,+6.021,2,+9.023,+9.987,+0.11258,+0.964,+2.815,-1.928,+9.023,+1.716,+11.625,2,+0.210,+0.655,+8.817,+2.626
DRV,726726,+0.0000,+0.0000,+0.0000,+0.0000,-1.7738,+0.0390,+10.949,-0.169,+0.01499,-0.6439,+0.0000,+25.755,-8.621,-9.445,+0.11737,-0.824,+2.934,+1.649,-8.621,+2.060,-1.977,2,-7.286,-6.776,+0.11322,+0.510,+2.831,-1.019,-7.286,+2.060,-3.414,2,+6.973,+8.111,-0.07297,+1.138,-1.824,-2.277,+6.973,+2.060,+4.932,2,+8.842,+10.286,+0.08967,+1.444,+2.242,-2.887,+8.842,+2.060,+10.257,2,+0.841,+1.335,+8.280,+1.518
DRV,726730,+0.0000,+0.0000,+0.0000,+0.0000,-1.7301,+0.0340,+10.952,-0.152,+0.01250,-0.6171,+0.0000,+24.683,-8.420,-8.674,+0.12155,-0.254,+3.039,+0.508,-8.420,+1.975,-2.899,2,-7.090,-6.220,+0.09794,+0.870,+2.448,-1.740,-7.090,+1.975,-4.407,0,+6.817,+8.127,-0.11196,+1.310,-2.799,-2.619,+6.817,+1.975,+3.373,2,+8.613,+10.304,+0.05446,+1.691,+1.362,-3.382,+8.613,+1.975,+8.567,0,+1.630,+1.907,+5.668,-1.034
DRV,726734,+0.0000,+0.0000,+0.0000,+0.0000,-1.6863,+0.0292,+10.954,-0.135,+0.01004,-0.6158,+0.0000,+24.633,-8.218,-8.698,+0.12351,-0.480,+3.088,+0.961,-8.218,+1.971,-2.199,2,-6.895,-6.326,+0.08670,+0.569,+2.168,-1.139,-6.895,+1.971,-3.895,0,+6.661,+7.551,-0.14377,+0.890,-3.594,-1.780,+6.661,+1.971,+3.257,2,+8.384,+9.936,+0.02194,+1.552,+0.548,-3.104,+8.384,+1.971,+7.799,0,+1.237,+1.225,+5.600,-0.639
DRV,726738,+0.0000,+0.0000,+0.0000,+0.0000,-1.6425,+0.0254,+10.956,-0.119,+0.00809,-0.4434,+0.0000,+17.734,-8.013,-8.634,+0.13251,-0.620,+3.313,+1.241,-8.013,+1.419,-2.041,0,-6.704,-6.753,+0.04127,-0.049,+1.032,+0.099,-6.704,+1.419,-4.154,2,+6.500,+7.353,-0.17115,+0.854,-4.279,-1.707,+6.500,+1.419,+1.933,0,+8.158,+9.105,+0.05158,+0.947,+1.290,-1.895,+8.158,+1.419,+8.971,2,+0.472,+0.600,+6.930,-2.222
DRV,726742,+0.0000,+0.0000,+0.0000,+0.0000,-1.5988,+0.0225,+10.957,-0.107,+0.00658,-0.3110,+0.0000,+12.442,-7.806,-7.813,+0.08765,-0.007,+2.191,+0.014,-7.806,+0.995,-4.606,2,-6.516,-6.792,+0.04124,-0.276,+1.031,+0.552,-6.516,+0.995,-3.938,2,+6.335,+7.676,-0.15392,+1.341,-3.848,-2.681,+6.335,+0.995,+0.801,2,+7.934,+9.042,+0.01730,+1.108,+0.432,-2.216,+7.934,+0.995,+7.146,2,+1.229,+0.884,+2.541,-3.137
DRV,726746,+0.0000,+0.0000,+0.0000,+0.0000,-1.5549,+0.0210,+10.957,-0.101,+0.00586,-0.1791,+0.0000,+7.165,-7.595,-8.135,+0.10100,-0.541,+2.525,+1.081,-7.595,+0.573,-3.415,2,-6.334,-6.703,+0.04581,-0.369,+1.145,+0.739,-6.334,+0.573,-3.877,2,+6.165,+7.224,-0.17968,+1.059,-4.492,-2.117,+6.165,+0.573,+0.130,2,+7.714,+9.005,-0.02253,+1.291,-0.563,-2.582,+7.714,+0.573,+5.141,2,+0.870,+0.521,+1.726,-3.747
DRV,726750,+0.0000,+0.0000,+0.0000,+0.0000,-1.5111,+0.0196,+10.958,-0.096,+0.00526,-0.1237,+0.0000,+4.948,-7.383,-8.309,+0.13003,-0.927,+3.251,+1.853,-7.383,+0.396,-1.883,2,-6.153,-6.672,+0.05341,-0.520,+1.335,+1.040,-6.153,+0.396,-3.382,2,+5.995,+6.546,-0.19284,+0.551,-4.821,-1.102,+5.995,+0.396,+0.468,2,+7.494,+8.516,-0.05983,+1.021,-1.496,-2.043,+7.494,+0.396,+4.352,2,+0.206,-0.127,+2.468,-2.914
DRV,726754,+0.0000,+0.0000,+0.0000,+0.0000,-1.4673,+0.0188,+10.958,-0.094,+0.00499,-0.0684,+0.0000,+2.737,-7.169,-7.765,+0.15636,-0.596,+3.909,+1.192,-7.169,+0.219,-1.850,2,-5.973,-6.549,+0.06323,-0.576,+1.581,+1.151,-5.973,+0.219,-3.022,2,+5.822,+6.403,-0.20229,+0.582,-5.057,-1.163,+5.822,+0.219,-0.180,2,+7.276,+7.757,-0.08383,+0.481,-2.096,-0.961,+7.276,+0.219,+4.438,2,-0.008,-0.145,+2.589,-3.202
DRV,726758,+0.0000,+0.0000,+0.0000,+0.0000,-1.4235,+0.0181,+10.958,-0.093,+0.00473,-0.0590,+0.0000,+2.359,-6.956,-7.416,+0.17540,-0.461,+4.385,+0.921,-6.956,+0.189,-1.461,2,-5.794,-6.480,+0.07526,-0.686,+1.881,+1.371,-5.794,+0.189,-2.353,2,+5.649,+6.210,-0.21187,+0.561,-5.297,-1.123,+5.649,+0.189,-0.582,2,+7.059,+7.250,-0.09796,+0.192,-2.449,-0.383,+7.059,+0.189,+4.415,2,-0.166,-0.270,+2.954,-2.935
DRV,726762,+0.0000,+0.0000,+0.0000,+0.0000,-1.3796,+0.0175,+10.958,-0.093,+0.00453,-0.0496,+0.0000,+1.982,-6.742,-7.511,+0.19944,-0.769,+4.986,+1.539,-6.742,+0.159,-0.059,2,-5.615,-6.150,+0.08487,-0.534,+2.122,+1.069,-5.615,+0.159,-2.266,2,+5.475,+5.819,-0.21891,+0.344,-5.473,-0.688,+5.475,+0.159,-0.527,2,+6.841,+6.974,-0.10835,+0.133,-2.709,-0.266,+6.841,+0.159,+4.024,2,-0.537,-0.331,+3.966,-2.793
DRV,726766,+0.0000,+0.0000,+0.0000,+0.0000,-1.3358,+0.0169,+10.958,-0.092,+0.00437,-0.0335,+0.0000,+1.340,-6.528,-7.108,+0.22271,-0.580,+5.568,+1.161,-6.528,+0.107,+0.308,2,-5.437,-6.170,+0.09783,-0.734,+2.446,+1.467,-5.437,+0.107,-1.417,2,+5.301,+5.628,-0.22303,+0.326,-5.576,-0.653,+5.301,+0.107,-0.820,2,+6.624,+6.831,-0.11962,+0.207,-2.990,-0.414,+6.624,+0.107,+3.326,0,-0.278,-0.543,+3.634,-2.237
DRV,726770,+0.0000,+0.0000,+0.0000,+0.0000,-1.2920,+0.0164,+10.958,-0.092,+0.00430,-0.0175,+0.0000,+0.699,-6.313,-6.330,+0.23604,-0.016,+5.901,+0.032,-6.313,+0.056,-0.324,2,-5.259,-5.736,+0.10797,-0.478,+2.699,+0.955,-5.259,+0.056,-1.548,0,+5.127,+5.491,-0.22922,+0.364,-5.731,-0.729,+5.127,+0.056,-1.276,2,+6.406,+6.517,-0.12934,+0.110,-3.233,-0.221,+6.406,+0.056,+3.008,0,+0.187,-0.245,+2.684,-2.824
DRV,726774,+0.0000,+0.0000,+0.0000,+0.0000,-1.2481,+0.0161,+10.958,-0.093,+0.00433,+0.0360,+0.0000,-1.441,-6.098,-5.988,+0.23827,+0.110,+5.957,-0.221,-6.098,-0.115,-0.478,0,-5.081,-5.220,+0.08117,-0.139,+2.029,+0.278,-5.081,-0.115,-2.889,0,+4.952,+5.372,-0.23520,+0.420,-5.880,-0.840,+4.952,-0.115,-1.883,0,+6.190,+6.329,-0.09935,+0.139,-2.484,-0.279,+6.190,-0.115,+3.312,0,+0.341,+0.152,+2.834,-4.772
DRV,726778,+0.0000,+0.0000,+0.0000,+0.0000,-1.2043,+0.0161,+10.958,-0.096,+0.00469,+0.0894,+0.0000,-3.575,-5.882,-6.564,+0.20910,-0.682,+5.228,+1.363,-5.882,-0.286,+0.422,0,-4.905,-5.166,+0.09024,-0.260,+2.256,+0.521,-4.905,-0.286,-2.415,2,+4.776,+4.964,-0.21033,+0.188,-5.258,-0.377,+4.776,-0.286,-1.145,0,+5.974,+6.619,-0.11007,+0.645,-2.752,-1.291,+5.974,-0.286,+1.646,2,+0.055,-0.202,+2.068,-3.560
DRV,726782,+0.0000,+0.0000,+0.0000,+0.0000,-1.1605,+0.0162,+10.958,-0.100,+0.00510,+0.1163,+0.0000,-4.654,-5.666,-6.186,+0.21911,-0.519,+5.478,+1.038,-5.666,-0.372,+0.477,2,-4.729,-5.466,+0.11101,-0.737,+2.775,+1.474,-4.729,-0.372,-0.852,2,+4.599,+5.331,-0.22670,+0.732,-5.668,-1.464,+4.599,-0.372,-2.905,2,+5.759,+6.081,-0.11777,+0.322,-2.944,-0.645,+5.759,-0.372,+1.797,2,-0.104,-0.135,+2.275,-3.757
DRV,726786,+0.0000,+0.0000,+0.0000,+0.0000,-1.1166,+0.0165,+10.957,-0.105,+0.00568,+0.1432,+0.0000,-5.729,-5.450,-6.186,+0.22997,-0.737,+5.749,+1.473,-5.450,-0.458,+1.314,2,-4.554,-5.005,+0.13121,-0.451,+3.280,+0.902,-4.554,-0.458,-0.830,2,+4.422,+5.079,-0.25098,+0.657,-6.275,-1.315,+4.422,-0.458,-3.626,2,+5.544,+5.813,-0.12014,+0.269,-3.003,-0.538,+5.544,-0.458,+1.544,2,-0.374,+0.074,+2.858,-4.456
DRV,726790,+0.0000,+0.0000,+0.0000,+0.0000,-1.0728,+0.0166,+10.957,-0.111,+0.00617,+0.1017,+0.0000,-4.068,-5.234,-6.562,+0.25354,-1.328,+6.338,+2.656,-5.234,-0.325,+3.435,2,-4.378,-4.591,+0.14201,-0.212,+3.550,+0.424,-4.378,-0.325,-0.729,2,+4.245,+4.601,-0.26552,+0.355,-6.638,-0.711,+4.245,-0.325,-3.429,2,+5.328,+5.414,-0.12140,+0.086,-3.035,-0.172,+5.328,-0.325,+1.796,2,-1.148,+0.010,+5.231,-4.158
DRV,726794,+0.0000,+0.0000,+0.0000,+0.0000,-1.0290,+0.0164,+10.956,-0.115,+0.00641,+0.0603,+0.0000,-2.412,-5.019,-6.310,+0.28367,-1.292,+7.092,+2.584,-5.019,-0.193,+4.464,2,-4.202,-4.909,+0.15803,-0.707,+3.951,+1.414,-4.202,-0.193,+0.970,2,+4.070,+4.432,-0.27871,+0.362,-6.968,-0.724,+4.070,-0.193,-3.815,2,+5.112,+5.136,-0.11889,+0.025,-2.972,-0.050,+5.112,-0.193,+1.897,2,-1.174,-0.477,+6.361,-2.844
DRV,726798,+0.0000,+0.0000,+0.0000,+0.0000,-0.9851,+0.0161,+10.956,-0.118,+0.00664,+0.0551,+0.0000,-2.205,-4.804,-5.745,+0.30617,-0.942,+7.654,+1.884,-4.804,-0.176,+4.558,2,-4.024,-4.756,+0.18424,-0.732,+4.606,+1.464,-4.024,-0.176,+1.869,2,+3.895,+4.107,-0.28826,+0.212,-7.207,-0.425,+3.895,-0.176,-3.913,2,+4.895,+4.553,-0.11108,-0.342,-2.777,+0.685,+4.895,-0.176,+2.627,2,-1.193,-0.649,+7.185,-2.044
DRV,726802,+0.0000,+0.0000,+0.0000,+0.0000,-0.9413,+0.0159,+10.955,-0.121,+0.00684,+0.0500,+0.0000,-1.998,-4.589,-5.208,+0.32181,-0.619,+8.045,+1.239,-4.589,-0.160,+4.535,2,-3.847,-3.921,+0.19459,-0.073,+4.865,+0.147,-3.847,-0.160,+1.005,2,+3.720,+4.247,-0.30374,+0.527,-7.594,-1.054,+3.720,-0.160,-5.088,2,+4.679,+4.366,-0.09913,-0.312,-2.478,+0.625,+4.679,-0.160,+2.665,2,-0.842,+0.326,+7.201,-4.083
DRV,726806,+0.0000,+0.0000,+0.0000,+0.0000,-0.8975,+0.0158,+10.955,-0.125,+0.00733,+0.1983,+0.0000,-7.932,-4.373,-4.651,+0.33019,-0.278,+8.255,+0.556,-4.373,-0.635,+3.803,2,-3.671,-4.158,+0.20592,-0.487,+5.148,+0.974,-3.671,-0.635,+1.817,0,+3.544,+3.651,-0.31596,+0.107,-7.899,-0.215,+3.544,-0.635,-5.205,2,+4.463,+4.278,-0.09146,-0.185,-2.286,+0.369,+4.463,-0.635,+1.911,0,-0.373,-0.507,+5.715,-3.388
DRV,726810,+0.0000,+0.0000,+0.0000,+0.0000,-0.8536,+0.0165,+10.954,-0.135,+0.00872,+0.3462,+0.0000,-13.849,-4.155,-3.111,+0.31260,+1.044,+7.815,-2.089,-4.155,-1.108,+0.463,0,-3.497,-4.436,+0.19824,-0.939,+4.956,+1.877,-3.497,-1.108,+2.228,2,+3.365,+3.235,-0.31733,-0.129,-7.933,+0.259,+3.365,-1.108,-5.418,0,+4.249,+4.010,-0.08342,-0.239,-2.085,+0.478,+4.249,-1.108,+1.534,0,+0.899,-1.201,+1.997,-3.190
DRV,726814,+0.0000,+0.0000,+0.0000,+0.0000,-0.8098,+0.0174,+10.952,-0.148,+0.01040,+0.4966,+0.0000,-19.866,-3.937,-3.357,+0.27018,+0.580,+6.755,-1.159,-3.937,-1.589,+0.069,0,-3.325,-4.355,+0.22021,-1.030,+5.505,+2.061,-3.325,-1.589,+2.652,2,+3.185,+3.338,-0.32128,+0.153,-8.032,-0.306,+3.185,-1.589,-6.742,0,+4.036,+3.513,-0.05045,-0.522,-1.261,+1.045,+4.036,-1.589,+2.230,2,+0.156,-1.017,+2.299,-4.090
DRV,726818,+0.0000,+0.0000,+0.0000,+0.0000,-0.7660,+0.0188,+10.949,-0.168,+0.01299,+0.6466,+0.0000,-25.865,-3.717,-2.240,+0.24441,+1.477,+6.110,-2.954,-3.717,-2.069,-2.630,2,-3.154,-3.887,+0.24035,-0.733,+6.009,+1.465,-3.154,-2.069,+2.251,2,+3.003,+3.332,-0.30794,+0.329,-7.698,-0.658,+3.003,-2.069,-7.423,2,+3.824,+3.250,-0.04045,-0.574,-1.011,+1.148,+3.824,-2.069,+1.892,2,+1.009,-0.555,-0.738,-5.172
DRV,726822,+0.0000,+0.0000,+0.0000,+0.0000,-0.7221,+0.0201,+10.946,-0.191,+0.01569,+0.7036,+0.0000,-28.144,-3.498,-2.327,+0.21265,+1.170,+5.316,-2.340,-3.498,-2.251,-2.773,2,-2.983,-3.144,+0.24829,-0.161,+6.207,+0.321,-2.983,-2.251,+1.294,2,+2.822,+2.605,-0.30606,-0.217,-7.652,+0.434,+2.822,-2.251,-6.648,2,+3.612,+3.136,-0.03042,-0.476,-0.760,+0.952,+3.612,-2.251,+1.552,2,+0.808,-0.539,-1.221,-5.354
DRV,726826,+0.0000,+0.0000,+0.0000,+0.0000,-0.6783,+0.0214,+10.941,-0.217,+0.01873,+0.7604,-0.0503,-32.426,-3.301,-2.560,+0.19264,+0.741,+4.816,-1.483,-3.301,-2.594,-2.562,2,-2.835,-2.535,+0.24221,+0.300,+6.055,-0.600,-2.835,-2.594,+0.026,2,+2.617,+1.881,-0.29063,-0.737,-7.266,+1.473,+2.617,-2.594,-5.769,2,+3.377,+3.075,-0.02523,-0.302,-0.631,+0.604,+3.377,-2.594,+0.757,2,+0.515,-0.654,-1.805,-5.743
DRV,726830,+0.0000,+0.0000,+0.0000,+0.0000,-0.6345,+0.0224,+10.935,-0.244,+0.02158,+0.6647,-0.1508,-32.619,-3.128,-2.778,+0.18389,+0.351,+4.597,-0.701,-3.128,-2.610,-1.842,2,-2.709,-2.646,+0.23508,+0.062,+5.877,-0.124,-2.709,-2.610,+0.435,2,+2.392,+1.775,-0.27321,-0.616,-6.830,+1.233,+2.392,-2.610,-5.815,2,+3.118,+2.835,-0.02155,-0.283,-0.539,+0.566,+3.118,-2.610,+0.536,2,+0.058,-0.871,-1.306,-5.380
DRV,726834,+0.0000,+0.0000,+0.0000,+0.0000,-0.5907,+0.0227,+10.930,-0.269,+0.02386,+0.5693,-0.2513,-32.824,-2.957,-3.130,+0.18547,-0.172,+4.637,+0.345,-2.957,-2.626,-0.602,2,-2.580,-2.913,+0.23769,-0.333,+5.942,+0.666,-2.580,-2.626,+1.403,2,+2.169,+1.165,-0.25067,-1.003,-6.267,+2.006,+2.169,-2.626,-4.718,2,+2.858,+2.348,-0.01289,-0.510,-0.322,+1.020,+2.858,-2.626,+0.930,2,-0.782,-1.748,+0.328,-3.315
DRV,726838,+0.0000,+0.0000,+0.0000,+0.0000,-0.5470,+0.0227,+10.924,-0.293,+0.02585,+0.4269,-0.3519,-31.149,-2.788,-4.341,+0.21329,-1.553,+5.332,+3.107,-2.788,-2.492,+3.159,2,-2.450,-3.480,+0.25431,-1.030,+6.358,+2.061,-2.450,-2.492,+3.477,2,+1.947,+1.262,-0.22911,-0.685,-5.728,+1.370,+1.947,-2.492,-4.903,2,+2.597,+2.135,-0.00350,-0.462,-0.088,+0.923,+2.597,-2.492,+0.941,2,-2.206,-2.218,+4.100,-1.427
DRV,726842,+0.0000,+0.0000,+0.0000,+0.0000,-0.5032,+0.0221,+10.919,-0.312,+0.02699,+0.2849,-0.4524,-29.491,-2.620,-5.545,+0.28099,-2.925,+7.025,+5.849,-2.620,-2.359,+7.894,2,-2.317,-3.498,+0.28344,-1.180,+7.086,+2.361,-2.317,-2.359,+4.770,0,+1.728,+1.466,-0.21805,-0.262,-5.451,+0.525,+1.728,-2.359,-5.558,2,+2.334,+2.077,+0.00198,-0.257,+0.049,+0.515,+2.334,-2.359,+0.539,0,-3.468,-2.032,+8.433,-0.788
DRV,726846,+0.0000,+0.0000,+0.0000,+0.0000,-0.4596,+0.0214,+10.914,-0.330,+0.02820,+0.3213,-1.0396,-54.436,-2.674,-4.991,+0.35357,-2.316,+8.839,+4.633,-2.674,-4.355,+6.443,0,-2.406,-2.389,+0.29395,+0.016,+7.349,-0.033,-2.406,-4.355,+0.555,0,+1.288,+2.634,-0.23444,+1.345,-5.861,-2.690,+1.288,-4.355,-11.618,0,+1.850,+2.029,+0.00037,+0.179,+0.009,-0.358,+1.850,-4.355,-2.854,0,-2.961,+0.244,+3.590,-11.063
DRV,726850,+0.0000,+0.0000,+0.0000,+0.0000,-0.4159,+0.0207,+10.907,-0.351,+0.02964,+0.3576,-1.1066,-58.569,-2.492,-4.069,+0.40255,-1.578,+10.064,+3.155,-2.492,-4.686,+6.042,0,-2.258,-2.395,+0.27922,-0.137,+6.981,+0.275,-2.258,-4.686,+0.312,2,+1.085,+3.498,-0.28796,+2.412,-7.199,-4.825,+1.085,-4.686,-15.624,0,+1.603,+2.087,+0.00194,+0.484,+0.048,-0.969,+1.603,-4.686,-4.003,2,-1.982,+1.102,+2.039,-15.312
DRV,726854,+0.0000,+0.0000,+0.0000,+0.0000,-0.3722,+0.0200,+10.900,-0.375,+0.03154,+0.5931,-1.1898,-71.319,-2.317,-3.727,+0.41652,-1.410,+10.413,+2.820,-2.317,-5.706,+5.211,2,-2.117,-3.138,+0.30150,-1.021,+7.537,+2.041,-2.117,-5.706,+1.756,2,+0.875,+2.913,-0.32327,+2.038,-8.082,-4.075,+0.875,-5.706,-16.988,2,+1.348,+1.578,-0.00356,+0.230,-0.089,-0.460,+1.348,-5.706,-4.906,2,-2.149,-0.226,+0.305,-15.232
DRV,726858,+0.0000,+0.0000,+0.0000,+0.0000,-0.3286,+0.0195,+10.887,-0.412,+0.03485,+0.8280,-1.3224,-86.016,-2.163,-2.349,+0.43251,-0.186,+10.813,+0.372,-2.163,-6.881,+2.140,2,-2.001,-2.641,+0.32564,-0.640,+8.141,+1.281,-2.001,-6.881,+0.540,2,+0.641,+1.699,-0.36400,+1.059,-9.100,-2.117,+0.641,-6.881,-17.457,2,+1.072,+0.810,-0.00596,-0.262,-0.149,+0.523,+1.072,-6.881,-5.435,2,-1.539,-0.942,-3.295,-16.917
DRV,726862,+0.0000,+0.0000,+0.0000,+0.0000,-0.2851,+0.0187,+10.869,-0.457,+0.03789,+0.6954,-1.4335,-85.157,-2.002,-2.076,+0.43139,-0.074,+10.785,+0.148,-2.002,-6.813,+2.118,2,-1.873,-2.695,+0.34522,-0.822,+8.631,+1.644,-1.873,-6.813,+1.589,2,+0.419,+0.014,-0.36899,-0.404,-9.225,+0.809,+0.419,-6.813,-14.810,2,+0.805,-1.387,+0.02933,-2.192,+0.733,+4.384,+0.805,-6.813,-0.891,2,-3.463,-2.681,+1.227,-13.221
DRV,726866,+0.0000,+0.0000,+0.0000,+0.0000,-0.2416,+0.0174,+10.850,-0.501,+0.04015,+0.5633,-1.5105,-82.950,-1.827,-1.992,+0.43462,-0.165,+10.865,+0.330,-1.827,-6.636,+2.733,2,-1.728,-3.010,+0.37796,-1.282,+9.449,+2.564,-1.728,-6.636,+3.649,2,+0.214,-1.835,-0.33126,-2.049,-8.282,+4.098,+0.214,-6.636,-10.605,2,+0.552,-2.069,+0.09349,-2.621,+2.337,+5.243,+0.552,-6.636,+1.496,2,-4.061,-4.845,+4.229,-6.956
DRV,726870,+0.0000,+0.0000,+0.0000,+0.0000,-0.1982,+0.0156,+10.827,-0.551,+0.04188,+0.3030,-1.5670,-74.802,-1.644,-1.375,+0.43160,+0.269,+10.790,-0.538,-1.644,-5.984,+2.624,2,-1.572,-2.472,+0.40721,-0.900,+10.180,+1.799,-1.572,-5.984,+4.423,2,+0.021,-3.532,-0.25364,-3.554,-6.341,+7.107,+0.021,-5.984,-5.196,2,+0.308,-1.397,+0.14490,-1.705,+3.622,+3.410,+0.308,-5.984,+1.356,2,-2.772,-6.004,+3.979,-0.773
DRV,726874,+0.0000,+0.0000,+0.0000,+0.0000,-0.1550,+0.0133,+10.803,-0.599,+0.04205,+0.0435,-1.5726,-64.646,-1.440,-1.121,+0.42289,+0.319,+10.572,-0.638,-1.440,-5.172,+3.322,2,-1.392,-2.687,+0.43668,-1.295,+10.917,+2.590,-1.392,-5.172,+6.943,2,-0.146,-3.559,-0.15577,-3.413,-3.894,+6.827,-0.146,-5.172,-2.385,2,+0.086,-0.588,+0.16992,-0.674,+4.248,+1.348,+0.086,-5.172,+0.511,2,-1.709,-6.246,+3.833,+4.558
DRV,726878,+0.0000,+0.0000,+0.0000,+0.0000,-0.1119,+0.0108,+10.769,-0.660,+0.04214,-0.0018,-1.5753,-62.939,-1.236,-0.955,+0.41622,+0.282,+10.406,-0.564,-1.236,-5.035,+3.570,2,-1.209,-2.126,+0.46803,-0.916,+11.701,+1.833,-1.209,-5.035,+7.289,2,-0.310,-2.429,-0.08853,-2.120,-2.213,+4.239,-0.310,-5.035,-3.319,2,-0.135,-0.218,+0.17558,-0.083,+4.390,+0.166,-0.135,-5.035,-0.615,2,-1.173,-4.555,+2.956,+3.970
DRV,726882,+0.0000,+0.0000,+0.0000,+0.0000,-0.0690,+0.0078,+10.710,-0.753,+0.04195,-0.0470,-1.5693,-60.892,-1.031,-0.133,+0.40015,+0.898,+10.004,-1.796,-1.031,-4.871,+2.306,2,-1.022,-1.731,+0.48986,-0.709,+12.247,+1.417,-1.022,-4.871,+7.770,0,-0.468,-1.750,-0.04829,-1.282,-1.207,+2.563,-0.468,-4.871,-3.983,2,-0.352,-0.092,+0.17156,+0.260,+4.289,-0.520,-0.352,-4.871,-1.455,0,-0.225,-3.480,+0.851,+3.787
DRV,726886,+0.0000,+0.0000,+0.0000,+0.0000,-0.0265,+0.0043,+10.569,-0.941,+0.04226,+0.2021,-1.5792,-71.253,-0.836,+0.163,+0.37489,+0.999,+9.372,-1.998,-0.836,-5.700,+0.838,0,-0.842,-1.476,+0.49791,-0.634,+12.448,+1.267,-0.842,-5.700,+7.173,0,-0.629,-1.118,-0.02777,-0.489,-0.694,+0.978,-0.629,-5.700,-6.046,0,-0.575,-0.045,+0.15931,+0.530,+3.983,-1.060,-0.575,-5.700,-3.353,0,+0.117,-2.594,-2.515,+1.127
DRV,726890,+0.0000,+0.0000,+0.0000,+0.0000,+0.0000,+0.0000,+0.000,+0.000,+0.04406,+0.4505,-1.6356,-83.443,-0.744,-0.018,+0.35492,+0.726,+8.873,-1.452,-0.744,-6.675,+0.002,2,-0.744,-0.402,+0.49854,+0.342,+12.463,-0.684,-0.744,-6.675,+4.361,2,-0.744,-0.497,-0.03268,+0.247,-0.817,-0.494,-0.744,-6.675,-8.730,2,-0.744,-0.464,+0.14696,+0.280,+3.674,-0.560,-0.744,-6.675,-4.305,2,-0.482,-0.899,-4.303,-4.369
DRV,726894,+0.0000,+0.0000,+0.0000,+0.0000,+0.0000,+0.0000,+0.000,+0.000,+0.04641,+0.7218,-1.7061,-97.114,-0.776,-0.269,+0.34104,+0.507,+8.526,-1.014,-0.776,-7.769,-1.033,2,-0.776,-0.184,+0.48197,+0.592,+12.049,-1.183,-0.776,-7.769,+2.321,2,-0.776,+0.423,-0.05347,+1.199,-1.337,-2.398,-0.776,-7.769,-12.279,2,-0.776,-1.565,+0.15686,-0.789,+3.921,+1.578,-0.776,-7.769,-3.045,2,-1.834,+0.239,-4.078,-9.958
DRV,726898,+0.0000,+0.0000,+0.0000,+0.0000,+0.0000,+0.0000,+0.000,+0.000,+0.05038,+0.9922,-1.8193,-112.461,-0.827,-0.426,+0.32977,+0.401,+8.244,-0.802,-0.827,-8.997,-2.382,2,-0.827,-0.574,+0.47108,+0.254,+11.777,-0.507,-0.827,-8.997,+1.446,2,-0.827,+1.967,-0.10769,+2.795,-2.692,-5.589,-0.827,-8.997,-18.106,2,-0.827,-1.572,+0.18010,-0.745,+4.503,+1.490,-0.827,-8.997,-3.832,2,-1.998,+1.394,-6.214,-16.660
DRV,726902,+0.0000,+0.0000,+0.0000,+0.0000,+0.0000,+0.0000,+0.000,+0.000,+0.05432,+0.9817,-1.9252,-116.279,-0.875,-0.996,+0.32724,-0.121,+8.181,+0.241,-0.875,-9.302,-1.756,2,-0.875,-0.851,+0.46817,+0.025,+11.704,-0.050,-0.875,-9.302,+1.477,2,-0.875,+0.989,-0.16583,+1.865,-4.146,-3.730,-0.875,-9.302,-18.053,2,-0.875,-0.572,+0.18486,+0.304,+4.621,-0.607,-0.875,-9.302,-6.164,2,-1.568,+0.139,-7.919,-16.576
DRV,726906,+0.0000,+0.0000,+0.0000,+0.0000,+0.0000,+0.0000,+0.000,+0.000,+0.05821,+0.9713,-2.0242,-119.818,-0.920,-2.250,+0.34772,-1.329,+8.693,+2.659,-0.920,-9.585,+0.846,2,-0.920,-1.276,+0.47101,-0.356,+11.775,+0.711,-0.920,-9.585,+1.980,2,-0.920,-1.179,-0.18063,-0.259,-4.516,+0.518,-0.920,-9.585,-14.504,2,-0.920,+0.932,+0.15088,+1.853,+3.772,-3.705,-0.920,-9.585,-10.439,2,-1.318,-2.455,-9.594,-12.524
DRV,726910,+0.0000,+0.0000,+0.0000,+0.0000,+0.0000,+0.0000,+0.000,+0.000,+0.06123,+0.5407,-2.0979,-105.544,-0.954,-4.413,+0.42092,-3.459,+10.523,+6.918,-0.954,-8.444,+8.044,2,-0.954,-2.426,+0.49474,-1.472,+12.368,+2.943,-0.954,-8.444,+5.914,2,-0.954,-2.945,-0.14617,-1.991,-3.654,+3.983,-0.954,-8.444,-9.069,2,-0.954,+0.132,+0.11210,+1.086,+2.802,-2.171,-0.954,-8.444,-8.766,2,-4.282,-5.371,-0.722,-3.154
DRV,726914,+0.0000,+0.0000,+0.0000,+0.0000,+0.0000,+0.0000,+0.000,+0.000,+0.06168,+0.1115,-2.1086,-88.800,-0.959,-2.744,+0.48851,-1.785,+12.213,+3.571,-0.959,-7.104,+7.721,2,-0.959,-2.570,+0.53663,-1.611,+13.416,+3.222,-0.959,-7.104,+8.575,2,-0.959,-2.594,-0.09660,-1.636,-2.415,+3.271,-0.959,-7.104,-7.207,2,-0.959,-1.279,+0.11219,-0.320,+2.805,+0.640,-0.959,-7.104,-4.618,2,-4.023,-5.164,+3.103,+1.368
DRV,726918,+0.0000,+0.0000,+0.0000,+0.0000,+0.0000,+0.0000,+0.000,+0.000,+0.06138,-0.2618,-2.1014,-73.584,-0.956,-2.167,+0.52233,-1.211,+13.058,+2.422,-0.956,-5.887,+8.638,2,-0.956,-1.347,+0.55588,-0.391,+13.897,+0.782,-0.956,-5.887,+7.837,0,-0.956,-0.786,-0.08387,+0.170,-2.097,-0.339,-0.956,-5.887,-9.278,2,-0.956,-1.678,+0.12722,-0.723,+3.181,+1.446,-0.956,-5.887,-2.216,0,-3.845,-2.132,+6.423,-1.442
DRV,726922,+0.0000,+0.0000,+0.0000,+0.0000,+0.0000,+0.0000,+0.000,+0.000,+0.05884,-0.6339,-2.0398,-56.236,-0.928,-1.374,+0.53374,-0.447,+13.343,+0.893,-0.928,-4.499,+8.810,0,-0.928,-1.041,+0.55387,-0.114,+13.847,+0.228,-0.928,-4.499,+8.648,2,-0.928,+0.381,-0.10544,+1.309,-2.636,-2.617,-0.928,-4.499,-10.680,0,-0.928,-1.731,+0.13748,-0.803,+3.437,+1.607,-0.928,-4.499,-0.383,2,-3.105,-0.660,+8.428,-2.032
DRV,726926,+0.0000,+0.0000,+0.0000,+0.0000,+0.0000,+0.0000,+0.000,+0.000,+0.05646,-0.5557,-1.9803,-56.984,-0.901,+2.816,+0.48142,+3.717,+12.035,-7.433,-0.901,-4.559,-0.857,0,-0.901,-0.182,+0.54373,+0.718,+13.593,-1.437,-0.901,-4.559,+6.697,2,-0.901,+1.402,-0.15700,+2.303,-3.925,-4.606,-0.901,-4.559,-13.990,0,-0.901,-1.503,+0.15266,-0.603,+3.816,+1.206,-0.901,-4.559,-0.437,2,+1.313,+1.220,-1.294,-7.293
DRV,726930,+0.0000,+0.0000,+0.0000,+0.0000,+0.0000,+0.0000,+0.000,+0.000,+0.05455,-0.4778,-1.9312,-58.135,-0.878,+3.431,+0.37023,+4.309,+9.256,-8.619,-0.878,-4.651,-4.892,2,-0.878,+0.062,+0.52305,+0.940,+13.076,-1.879,-0.878,-4.651,+5.668,2,-0.878,+0.482,-0.19417,+1.360,-4.854,-2.720,-0.878,-4.651,-13.103,2,-0.878,-1.237,+0.16304,-0.359,+4.076,+0.718,-0.878,-4.651,-0.735,2,+2.194,+0.543,-5.628,-7.435
DRV,726934,+0.0000,+0.0000,+0.0000,+0.0000,+0.0000,+0.0000,+0.000,+0.000,+0.05272,-0.4388,-1.8829,-57.763,-0.856,+0.658,+0.30448,+1.514,+7.612,-3.028,-0.856,-4.621,-0.894,2,-0.856,+0.664,+0.49066,+1.520,+12.267,-3.041,-0.856,-4.621,+3.748,2,-0.856,-0.594,-0.20968,+0.263,-5.242,-0.525,-0.856,-4.621,-11.244,2,-0.856,-0.932,+0.16632,-0.076,+4.158,+0.152,-0.856,-4.621,-1.167,2,-0.274,+0.071,-2.061,-7.496
DRV,726938,+0.0000,+0.0000,+0.0000,+0.0000,+0.0000,+0.0000,+0.000,+0.000,+0.05112,-0.3999,-1.8397,-57.590,-0.837,-0.804,+0.29675,+0.032,+7.419,-0.064,-0.837,-4.607,+1.911,2,-0.837,+1.419,+0.43845,+2.256,+10.961,-4.511,-0.837,-4.607,+1.006,2,-0.837,-0.799,-0.20935,+0.037,-5.234,-0.075,-0.837,-4.607,-10.752,2,-0.837,-0.887,+0.16703,-0.050,+4.176,+0.101,-0.837,-4.607,-1.167,2,-1.691,+0.620,+0.744,-9.746
DRV,726942,+0.0000,+0.0000,+0.0000,+0.0000,+0.0000,+0.0000,+0.000,+0.000,+0.04916,-0.5776,-1.7855,-48.313,-0.812,-0.149,+0.28652,+0.663,+7.163,-1.326,-0.812,-3.865,+1.160,2,-0.812,+1.183,+0.38143,+1.995,+9.536,-3.990,-0.812,-3.865,+0.869,2,-0.812,-1.494,-0.19888,-0.682,-4.972,+1.364,-0.812,-3.865,-8.285,2,-0.812,-0.766,+0.16715,+0.046,+4.179,-0.092,-0.812,-3.865,-0.590,2,-0.915,-0.311,+0.569,-7.416
DRV,726946,+0.0000,+0.0000,+0.0000,+0.0000,+0.0000,+0.0000,+0.000,+0.000,+0.04614,-0.7548,-1.6983,-37.739,-0.772,+0.312,+0.26302,+1.085,+6.576,-2.169,-0.772,-3.019,+0.615,2,-0.772,-0.503,+0.35601,+0.270,+8.900,-0.539,-0.772,-3.019,+4.570,2,-0.772,-2.311,-0.16293,-1.539,-4.073,+3.078,-0.772,-3.019,-4.787,2,-0.772,-0.622,+0.16513,+0.150,+4.128,-0.300,-0.772,-3.019,+0.037,2,-0.310,-2.814,+0.652,-0.217
DRV,726950,+0.0000,+0.0000,+0.0000,+0.0000,+0.0000,+0.0000,+0.000,+0.000,+0.04264,-0.9981,-1.5912,-23.725,-0.724,+0.515,+0.23336,+1.238,+5.834,-2.476,-0.724,-1.898,+0.736,2,-0.724,-1.348,+0.36739,-0.624,+9.185,+1.248,-0.724,-1.898,+7.811,0,-0.724,-0.399,-0.15194,+0.324,-3.799,-0.649,-0.724,-1.898,-7.069,2,-0.724,-0.283,+0.15618,+0.440,+3.904,-0.881,-0.724,-1.898,+0.402,2,+0.231,-1.747,+1.139,+0.742
DRV,726954,+0.0000,+0.0000,+0.0000,+0.0000,+0.0000,+0.0000,+0.000,+0.000,+0.03767,-1.2406,-1.4258,-7.406,-0.648,+0.412,+0.20508,+1.060,+5.127,-2.120,-0.648,-0.593,+1.766,2,-0.648,-1.338,+0.38627,-0.690,+9.657,+1.379,-0.648,-0.593,+9.795,0,-0.648,+0.066,-0.16911,+0.715,-4.228,-1.429,-0.648,-0.593,-6.898,2,-0.648,+0.005,+0.14170,+0.654,+3.542,-1.307,-0.648,-0.593,+0.994,0,+0.417,-1.272,+2.761,+2.898
DRV,726958,+0.0000,+0.0000,+0.0000,+0.0000,+0.0000,+0.0000,+0.000,+0.000,+0.03256,-1.3182,-1.2323,+3.436,-0.560,-0.040,+0.18657,+0.521,+4.664,-1.042,-0.560,+0.275,+3.337,0,-0.560,-1.825,+0.41225,-1.264,+10.306,+2.529,-0.560,+0.275,+12.550,0,-0.560,+0.241,-0.18761,+0.801,-4.690,-1.602,-0.560,+0.275,-6.578,0,-0.560,+0.365,+0.12089,+0.926,+3.022,-1.851,-0.560,+0.275,+0.886,0,+0.326,-1.584,+4.223,+5.972
DRV,726962,+0.0000,+0.0000,+0.0000,+0.0000,+0.0000,+0.0000,+0.000,+0.000,+0.02697,-1.3956,-0.9783,+16.690,-0.445,-0.891,+0.18958,-0.446,+4.739,+0.893,-0.445,+1.335,+6.522,0,-0.445,-1.477,+0.43328,-1.032,+10.832,+2.065,-0.445,+1.335,+13.787,2,-0.445,+0.619,-0.21183,+1.064,-5.296,-2.129,-0.445,+1.335,-6.534,0,-0.445,+0.472,+0.10050,+0.917,+2.513,-1.834,-0.445,+1.335,+1.569,2,-0.419,-0.858,+8.092,+7.253
DRV,726966,+0.0000,+0.0000,+0.0000,+0.0000,+0.0000,+0.0000,+0.000,+0.000,+0.02206,-1.1726,-0.6806,+19.682,-0.309,-0.900,+0.19894,-0.590,+4.973,+1.181,-0.309,+1.575,+7.419,2,-0.309,+0.843,+0.42615,+1.152,+10.654,-2.304,-0.309,+1.575,+9.615,2,-0.309,+0.950,-0.23622,+1.259,-5.906,-2.519,-0.309,+1.575,-7.159,2,-0.309,+0.543,+0.07803,+0.852,+1.951,-1.704,-0.309,+1.575,+1.512,2,-0.357,+1.792,+8.931,+2.456
DRV,726970,+0.0000,+0.0000,+0.0000,+0.0000,+0.0000,+0.0000,+0.000,+0.000,+0.01738,-1.1703,+0.0000,+46.810,+0.000,-0.150,+0.20925,-0.150,+5.231,+0.300,+0.000,+3.745,+9.276,2,+0.000,+1.522,+0.38623,+1.522,+9.656,-3.043,+0.000,+3.745,+10.357,2,+0.000,+1.527,-0.27116,+1.527,-6.779,-3.055,+0.000,+3.745,-6.089,2,+0.000,+0.649,+0.06035,+0.649,+1.509,-1.298,+0.000,+3.745,+3.956,2,+0.499,+3.049,+13.232,+4.268
DRV,726974,+0.0000,+0.0000,+0.0000,+0.0000,+0.0000,+0.0000,+0.000,+0.000,+0.01454,-0.5563,+0.0000,+22.252,+0.000,+1.523,+0.18854,+1.523,+4.713,-3.046,+0.000,+1.780,+3.448,2,+0.000,+1.886,+0.35018,+1.886,+8.754,-3.772,+0.000,+1.780,+6.763,2,+0.000,+2.091,-0.31603,+2.091,-7.901,-4.183,+0.000,+1.780,-10.303,2,+0.000,+1.858,+0.02852,+1.858,+0.713,-3.716,+0.000,+1.780,-1.222,2,+3.381,+3.977,+2.225,-3.541
DRV,726978,+0.0000,+0.0000,+0.0000,+0.0000,+0.0000,+0.0000,+0.000,+0.000,+0.01232,-0.5552,+0.0000,+22.208,+0.000,+1.763,+0.13408,+1.763,+3.352,-3.526,+0.000,+1.777,+1.603,2,+0.000,+3.948,+0.27003,+3.948,+6.751,-7.895,+0.000,+1.777,+0.632,2,+0.000,+1.266,-0.36052,+1.266,-9.013,-2.531,+0.000,+1.777,-9.767,2,+0.000,+2.886,-0.04511,+2.886,-1.128,-5.772,+0.000,+1.777,-5.123,2,+4.649,+5.213,-3.520,-9.136
DRV,726982,+0.0000,+0.0000,+0.0000,+0.0000,+0.0000,+0.0000,+0.000,+0.000,+0.01087,-0.2972,+0.0000,+11.888,+0.000,-1.263,+0.13562,-1.263,+3.390,+2.526,+0.000,+0.951,+6.868,2,+0.000,+2.792,+0.18757,+2.792,+4.689,-5.584,+0.000,+0.951,+0.057,2,+0.000,+0.267,-0.37164,+0.267,-9.291,-0.534,+0.000,+0.951,-8.874,2,+0.000,+1.133,-0.08807,+1.133,-2.202,-2.267,+0.000,+0.951,-3.517,2,-0.130,+3.059,+3.350,-8.817
DRV,726986,+0.0000,+0.0000,+0.0000,+0.0000,+0.0000,+0.0000,+0.000,+0.000,+0.00968,-0.2966,+0.0000,+11.865,+0.000,-1.429,+0.18049,-1.429,+4.512,+2.858,+0.000,+0.949,+8.319,2,+0.000,+1.174,+0.14539,+1.174,+3.635,-2.349,+0.000,+0.949,+2.235,2,+0.000,-0.160,-0.37318,-0.160,-9.329,+0.319,+0.000,+0.949,-8.061,2,+0.000,+0.965,-0.11453,+0.965,-2.863,-1.930,+0.000,+0.949,-3.844,2,-0.464,+1.015,+4.475,-5.826
DRV,726990,+0.0000,+0.0000,+0.0000,+0.0000,+0.0000,+0.0000,+0.000,+0.000,+0.00781,-0.5236,+0.0000,+20.946,+0.000,-0.509,+0.19813,-0.509,+4.953,+1.018,+0.000,+1.676,+7.646,2,+0.000,-0.822,+0.14616,-0.822,+3.654,+1.644,+0.000,+1.676,+6.974,2,+0.000,-0.282,-0.36512,-0.282,-9.128,+0.565,+0.000,+1.676,-6.888,2,+0.000,+0.311,-0.12987,+0.311,-3.247,-0.622,+0.000,+1.676,-2.193,2,-0.198,-1.104,+5.454,+0.086
DRV,726994,+0.0000,+0.0000,+0.0000,+0.0000,+0.0000,+0.0000,+0.000,+0.000,+0.00572,-0.5226,+0.0000,+20.904,+0.000,-0.908,+0.21845,-0.908,+5.461,+1.816,+0.000,+1.672,+8.949,2,+0.000,-1.166,+0.17684,-1.166,+4.421,+2.332,+0.000,+1.672,+8.425,0,+0.000,+0.214,-0.36704,+0.214,-9.176,-0.427,+0.000,+1.672,-7.931,2,+0.000,-0.049,-0.13063,-0.049,-3.266,+0.097,+0.000,+1.672,-1.496,0,-0.957,-0.952,+7.453,+0.494
DRV,726998,+0.0000,+0.0000,+0.0000,+0.0000,+0.0000,+0.0000,+0.000,+0.000,+0.00310,-0.6997,+0.0000,+27.989,+0.000,+0.089,+0.22919,+0.089,+5.730,-0.177,+0.000,+2.239,+7.791,0,+0.000,-0.580,+0.19026,-0.580,+4.756,+1.160,+0.000,+2.239,+8.155,2,+0.000,+0.308,-0.37356,+0.308,-9.339,-0.616,+0.000,+2.239,-7.716,0,+0.000,-0.236,-0.12757,-0.236,-3.189,+0.472,+0.000,+2.239,-0.478,2,-0.147,-0.272,+7.313,+0.439
DRV,727002,+0.0000,+0.0000,+0.0000,+0.0000,+0.0000,+0.0000,+0.000,+0.000,+0.00031,-0.6983,+0.0000,+27.933,+0.000,+1.597,+0.20886,+1.597,+5.222,-3.194,+0.000,+2.235,+4.262,2,+0.000,-0.837,+0.20943,-0.837,+5.236,+1.674,+0.000,+2.235,+9.144,2,+0.000,+0.478,-0.38161,+0.478,-9.540,-0.956,+0.000,+2.235,-8.261,2,+0.000,-0.321,-0.11990,-0.321,-2.997,+0.642,+0.000,+2.235,-0.121,2,+1.276,-0.359,+4.141,+0.883
DRV,727006,+0.0000,+0.0000,+0.0000,+0.0000,+0.0000,+0.0000,+0.000,+0.000,-0.00129,-0.2986,+0.0000,+11.943,+0.000,+3.252,+0.14137,+3.252,+3.534,-6.503,+0.000,+0.955,-2.013,2,+0.000,-0.206,+0.22286,-0.206,+5.571,+0.413,+0.000,+0.955,+6.940,2,+0.000,+0.416,-0.39389,+0.416,-9.847,-0.832,+0.000,+0.955,-9.723,2,+0.000,-0.292,-0.11261,-0.292,-2.815,+0.584,+0.000,+0.955,-1.276,2,+2.960,+0.209,-3.290,-2.783
DRV,727010,+0.0000,+0.0000,+0.0000,+0.0000,+0.0000,+0.0000,+0.000,+0.000,-0.00248,-0.2980,+0.0000,+11.919,+0.000,+2.457,+0.07119,+2.457,+1.780,-4.914,+0.000,+0.954,-2.181,2,+0.000,+0.460,+0.21634,+0.460,+5.408,-0.920,+0.000,+0.954,+5.442,2,+0.000,+0.030,-0.39925,+0.030,-9.981,-0.059,+0.000,+0.954,-9.087,2,+0.000,-0.291,-0.10571,-0.291,-2.643,+0.583,+0.000,+0.954,-1.106,2,+2.166,+0.490,-3.287,-3.645
DRV,727014,+0.0000,+0.0000,+0.0000,+0.0000,+0.0000,+0.0000,+0.000,+0.000,-0.00301,-0.0767,+0.0000,+3.067,+0.000,+0.455,+0.04243,+0.455,+1.061,-0.910,+0.000,+0.245,+0.396,2,+0.000,+0.385,+0.20406,+0.385,+5.102,-0.771,+0.000,+0.245,+4.576,2,+0.000,-0.040,-0.39734,-0.040,-9.933,+0.079,+0.000,+0.245,-9.609,2,+0.000,-0.294,-0.09842,-0.294,-2.460,+0.587,+0.000,+0.245,-1.628,2,+0.161,+0.346,-1.231,-5.033
DRV,727018,+0.0000,+0.0000,+0.0000,+0.0000,+0.0000,+0.0000,+0.000,+0.000,-0.00331,-0.0765,+0.0000,+3.061,+0.000,-0.134,+0.04319,-0.134,+1.080,+0.267,+0.000,+0.245,+1.592,2,+0.000,+0.226,+0.19639,+0.226,+4.910,-0.453,+0.000,+0.245,+4.702,2,+0.000,-0.092,-0.39657,-0.092,-9.914,+0.183,+0.000,+0.245,-9.486,2,+0.000,-0.339,-0.09113,-0.339,-2.278,+0.678,+0.000,+0.245,-1.355,2,-0.473,+0.135,+0.236,-4.785
DRV,727022,+0.0000,+0.0000,+0.0000,+0.0000,+0.0000,+0.0000,+0.000,+0.000,-0.00408,-0.2311,+0.0000,+9.245,+0.000,-0.085,+0.04626,-0.085,+1.157,+0.170,+0.000,+0.740,+2.066,2,+0.000,+0.013,+0.19371,+0.013,+4.843,-0.027,+0.000,+0.740,+5.556,2,+0.000,-0.245,-0.39158,-0.245,-9.790,+0.490,+0.000,+0.740,-8.560,2,+0.000,-0.331,-0.08270,-0.331,-2.067,+0.663,+0.000,+0.740,-0.665,2,-0.416,-0.232,+1.401,-3.004
DRV,727026,+0.0000,+0.0000,+0.0000,+0.0000,+0.0000,+0.0000,+0.000,+0.000,-0.00501,-0.2307,+0.0000,+9.227,+0.000,+0.177,+0.04434,+0.177,+1.109,-0.354,+0.000,+0.738,+1.493,2,+0.000,-0.228,+0.19754,-0.228,+4.939,+0.456,+0.000,+0.738,+6.133,2,+0.000,-0.090,-0.38775,-0.090,-9.694,+0.179,+0.000,+0.738,-8.776,2,+0.000,-0.232,-0.07618,-0.232,-1.904,+0.464,+0.000,+0.738,-0.702,2,-0.055,-0.318,+0.791,-2.644
DRV,727030,+0.0000,+0.0000,+0.0000,+0.0000,+0.0000,+0.0000,+0.000,+0.000,-0.00688,-0.5467,+0.0000,+21.866,+0.000,+0.133,+0.04012,+0.133,+1.003,-0.266,+0.000,+1.749,+2.486,2,+0.000,-0.470,+0.20675,-0.470,+5.169,+0.939,+0.000,+1.749,+7.857,0,+0.000,-0.169,-0.38468,-0.169,-9.617,+0.338,+0.000,+1.749,-7.530,2,+0.000,-0.147,-0.07196,-0.147,-1.799,+0.294,+0.000,+1.749,+0.244,0,-0.014,-0.638,+2.730,+0.327
DRV,727034,+0.0000,+0.0000,+0.0000,+0.0000,+0.0000,+0.0000,+0.000,+0.000,-0.00906,-0.5456,+0.0000,+21.822,+0.000,+0.153,+0.03667,+0.153,+0.917,-0.306,+0.000,+1.746,+2.356,0,+0.000,-0.721,+0.21902,-0.721,+5.476,+1.443,+0.000,+1.746,+8.664,0,+0.000,-0.078,-0.38123,-0.078,-9.531,+0.156,+0.000,+1.746,-7.629,0,+0.000,-0.054,-0.07004,-0.054,-1.751,+0.108,+0.000,+1.746,+0.103,0,+0.099,-0.800,+2.459,+1.036
DRV,727038,+0.0000,+0.0000,+0.0000,+0.0000,+0.0000,+0.0000,+0.000,+0.000,-0.01194,-0.7774,+0.0000,+31.096,+0.000,-0.176,+0.03706,-0.176,+0.926,+0.352,+0.000,+2.488,+3.766,2,+0.000,-0.720,+0.23704,-0.720,+5.926,+1.440,+0.000,+2.488,+9.854,2,+0.000,-0.160,-0.37931,-0.160,-9.483,+0.319,+0.000,+2.488,-6.676,0,+0.000,+0.038,-0.07004,+0.038,-1.751,-0.075,+0.000,+2.488,+0.661,2,-0.138,-0.880,+4.427,+3.178
DRV,727042,+0.0000,+0.0000,+0.0000,+0.0000,+0.0000,+0.0000,+0.000,+0.000,-0.01504,-0.7759,+0.0000,+31.034,+0.000,-0.940,+0.05546,-0.940,+1.387,+1.880,+0.000,+2.483,+5.749,2,+0.000,-0.185,+0.24817,-0.185,+6.204,+0.371,+0.000,+2.483,+9.058,2,+0.000,-0.094,-0.37471,-0.094,-9.368,+0.189,+0.000,+2.483,-6.696,2,+0.000,+0.136,-0.07234,+0.136,-1.809,-0.273,+0.000,+2.483,+0.401,2,-0.803,-0.280,+6.151,+2.362
DRV,727046,+0.0000,+0.0000,+0.0000,+0.0000,+0.0000,+0.0000,+0.000,+0.000,-0.01786,-0.6818,+0.0503,+29.281,+0.023,-0.443,+0.07416,-0.466,+1.854,+0.932,+0.023,+2.343,+5.151,2,+0.023,+0.934,+0.23580,+0.911,+5.895,-1.822,+0.023,+2.343,+6.439,2,+0.023,+0.386,-0.38018,+0.363,-9.504,-0.727,+0.023,+2.343,-7.866,2,+0.023,+0.331,-0.07857,+0.309,-1.964,-0.617,+0.023,+2.343,-0.216,2,-0.112,+1.320,+4.935,-1.427
DRV,727050,+0.0000,+0.0000,+0.0000,+0.0000,+0.0000,+0.0000,+0.000,+0.000,-0.02059,-0.6804,+0.1508,+33.248,+0.069,-0.264,+0.08211,-0.333,+2.053,+0.665,+0.069,+2.660,+5.447,2,+0.069,+1.600,+0.20234,+1.531,+5.058,-3.062,+0.069,+2.660,+4.724,2,+0.069,+0.194,-0.38603,+0.126,-9.651,-0.251,+0.069,+2.660,-7.173,2,+0.069,+0.483,-0.08903,+0.414,-2.226,-0.829,+0.069,+2.660,-0.326,2,+0.219,+1.794,+5.121,-2.449
DRV,727054,+0.0000,+0.0000,+0.0000,+0.0000,+0.0000,+0.0000,+0.000,+0.000,-0.02231,-0.3477,+0.2513,+23.962,+0.114,-0.097,+0.09045,-0.211,+2.261,+0.422,+0.114,+1.917,+4.715,2,+0.114,+1.452,+0.16772,+1.338,+4.193,-2.675,+0.114,+1.917,+3.549,2,+0.114,+0.013,-0.38497,-0.101,-9.624,+0.202,+0.114,+1.917,-7.391,2,+0.114,+0.276,-0.09641,+0.162,-2.410,-0.324,+0.114,+1.917,-0.703,2,+0.179,+1.465,+4.012,-3.842
DRV,727058,+0.0000,+0.0000,+0.0000,+0.0000,+0.0000,+0.0000,+0.000,+0.000,-0.02370,-0.3470,+0.3519,+27.955,+0.160,+0.155,+0.09112,-0.005,+2.278,+0.010,+0.160,+2.236,+4.684,2,+0.160,+1.172,+0.13962,+1.012,+3.491,-2.024,+0.160,+2.236,+3.863,2,+0.160,-0.447,-0.37510,-0.607,-9.378,+1.215,+0.160,+2.236,-5.767,2,+0.160,+0.053,-0.09536,-0.107,-2.384,+0.213,+0.160,+2.236,+0.226,2,+0.208,+0.725,+4.910,-1.904
DRV,727062,+0.0000,+0.0000,+0.0000,+0.0000,+0.0000,+0.0000,+0.000,+0.000,-0.02446,-0.1384,+0.8394,+39.111,+0.382,+0.300,+0.09284,-0.082,+2.321,+0.164,+0.382,+3.129,+5.995,2,+0.382,+0.684,+0.12563,+0.302,+3.141,-0.604,+0.382,+3.129,+6.047,2,+0.382,-0.473,-0.35535,-0.855,-8.884,+1.710,+0.382,+3.129,-3.663,2,+0.382,+0.076,-0.09019,-0.305,-2.255,+0.611,+0.382,+3.129,+1.867,2,+0.376,+0.210,+7.862,+2.384
DRV,727066,+0.0000,+0.0000,+0.0000,+0.0000,+0.0000,+0.0000,+0.000,+0.000,-0.02501,-0.1381,+0.8719,+40.399,+0.396,+0.773,+0.08891,+0.377,+2.223,-0.754,+0.396,+3.232,+5.097,0,+0.396,+0.863,+0.11901,+0.466,+2.975,-0.932,+0.396,+3.232,+5.671,0,+0.396,-0.091,-0.33858,-0.488,-8.464,+0.975,+0.396,+3.232,-3.861,2,+0.396,+0.234,-0.08376,-0.162,-2.094,+0.325,+0.396,+3.232,+1.859,0,+1.008,+0.772,+6.956,+1.810
DRV,727070,+0.0000,+0.0000,+0.0000,+0.0000,+0.0000,+0.0000,+0.000,+0.000,-0.02540,-0.0825,+0.8938,+39.054,+0.406,+0.724,+0.07721,+0.318,+1.930,-0.636,+0.406,+3.124,+4.825,0,+0.406,+0.880,+0.10463,+0.473,+2.616,-0.947,+0.406,+3.124,+5.200,0,+0.406,-0.284,-0.32458,-0.691,-8.115,+1.381,+0.406,+3.124,-3.203,0,+0.406,+0.424,-0.08357,+0.017,-2.089,-0.035,+0.406,+3.124,+1.406,0,+1.148,+0.596,+6.232,+1.997
DRV,727074,+0.0000,+0.0000,+0.0000,+0.0000,+0.0000,+0.0000,+0.000,+0.000,-0.02573,-0.0823,+0.9122,+39.781,+0.415,+0.624,+0.07225,+0.209,+1.806,-0.418,+0.415,+3.182,+4.986,0,+0.415,+0.160,+0.10771,-0.255,+2.693,+0.510,+0.415,+3.182,+6.800,2,+0.415,-0.154,-0.30807,-0.568,-7.702,+1.137,+0.415,+3.182,-2.968,0,+0.415,+0.372,-0.08049,-0.043,-2.012,+0.086,+0.415,+3.182,+1.671,2,+0.996,+0.006,+6.656,+3.832
DRV,727078,+0.0000,+0.0000,+0.0000,+0.0000,+0.0000,+0.0000,+0.000,+0.000,-0.02551,+0.0992,+0.9002,+32.042,+0.409,+1.014,+0.06611,+0.604,+1.653,-1.209,+0.409,+2.563,+3.417,2,+0.409,+0.377,+0.11384,-0.032,+2.846,+0.064,+0.409,+2.563,+5.883,2,+0.409,-0.007,-0.29696,-0.417,-7.424,+0.833,+0.409,+2.563,-3.618,2,+0.409,+0.319,-0.07819,-0.090,-1.955,+0.180,+0.409,+2.563,+1.198,2,+1.333,+0.370,+4.614,+2.265
DRV,727082,+0.0000,+0.0000,+0.0000,+0.0000,+0.0000,+0.0000,+0.000,+0.000,-0.02512,+0.0990,+0.8778,+31.155,+0.399,+0.802,+0.05243,+0.402,+1.311,-0.805,+0.399,+2.492,+3.397,2,+0.399,+0.792,+0.10515,+0.393,+2.629,-0.786,+0.399,+2.492,+4.735,2,+0.399,-0.119,-0.28494,-0.518,-7.124,+1.037,+0.399,+2.492,-3.195,2,+0.399,+0.211,-0.07461,-0.188,-1.865,+0.376,+0.399,+2.492,+1.402,2,+1.013,+0.673,+4.800,+1.539
DRV,727086,+0.0000,+0.0000,+0.0000,+0.0000,+0.0000,+0.0000,+0.000,+0.000,-0.02350,+0.5051,+0.7799,+10.993,+0.355,+0.340,+0.05134,-0.014,+1.284,+0.028,+0.355,+0.879,+2.546,2,+0.355,+0.458,+0.09946,+0.103,+2.487,-0.206,+0.355,+0.879,+3.515,2,+0.355,+0.088,-0.27529,-0.266,-6.882,+0.533,+0.355,+0.879,-5.115,2,+0.355,+0.134,-0.06918,-0.221,-1.729,+0.441,+0.355,+0.879,-0.054,2,+0.474,+0.546,+2.492,-1.601
DRV,727090,+0.0000,+0.0000,+0.0000,+0.0000,+0.0000,+0.0000,+0.000,+0.000,-0.02149,+0.5041,+0.6368,+5.308,+0.290,+0.489,+0.04793,+0.200,+1.198,-0.399,+0.290,+0.425,+1.513,2,+0.290,+0.394,+0.09643,+0.104,+2.411,-0.209,+0.290,+0.425,+2.916,2,+0.290,-0.181,-0.26758,-0.471,-6.689,+0.942,+0.290,+0.425,-5.034,2,+0.290,+0.087,-0.06415,-0.203,-1.604,+0.406,+0.290,+0.425,-0.484,2,+0.576,+0.213,+1.029,-2.117
DRV,727094,+0.0000,+0.0000,+0.0000,+0.0000,+0.0000,+0.0000,+0.000,+0.000,-0.01848,+0.8349,+0.3209,-20.562,+0.146,+0.388,+0.04315,+0.242,+1.079,-0.484,+0.146,-1.645,-0.905,2,+0.146,+0.324,+0.09204,+0.178,+2.301,-0.356,+0.146,-1.645,+0.446,2,+0.146,-0.157,-0.25664,-0.303,-6.416,+0.607,+0.146,-1.645,-7.308,2,+0.146,+0.111,-0.06165,-0.035,-1.541,+0.070,+0.146,-1.645,-2.971,2,+0.499,+0.166,-3.875,-6.862
DRV,727098,+0.0000,+0.0000,+0.0000,+0.0000,+0.0000,+0.0000,+0.000,+0.000,-0.01514,+0.8333,+0.0000,-33.331,+0.000,+0.684,+0.02896,+0.684,+0.724,-1.368,+0.000,-2.666,-3.310,2,+0.000,-0.030,+0.08935,-0.030,+2.234,+0.059,+0.000,-2.666,-0.374,2,+0.000,-0.503,-0.24820,-0.503,-6.205,+1.006,+0.000,-2.666,-7.865,2,+0.000,-0.297,-0.06011,-0.297,-1.503,+0.594,+0.000,-2.666,-3.575,2,+0.387,-0.533,-6.885,-8.239
DRV,727102,+0.0000,+0.0000,+0.0000,+0.0000,+0.0000,+0.0000,+0.000,+0.000,-0.01166,+0.8843,+0.0000,-35.370,+0.000,+0.397,+0.01707,+0.397,+0.427,-0.793,+0.000,-2.830,-3.196,2,+0.000,-0.203,+0.09395,-0.203,+2.349,+0.405,+0.000,-2.830,-0.075,0,+0.000,-0.724,-0.22864,-0.724,-5.716,+1.449,+0.000,-2.830,-7.097,2,+0.000,-0.760,-0.04286,-0.760,-1.071,+1.520,+0.000,-2.830,-2.381,0,-0.363,-0.927,-5.577,-7.172
DRV,727106,+0.0000,+0.0000,+0.0000,+0.0000,+0.0000,+0.0000,+0.000,+0.000,-0.00813,+0.8825,+0.0000,-35.300,+0.000,+0.531,+0.00557,+0.531,+0.139,-1.062,+0.000,-2.824,-3.747,0,+0.000,-0.053,+0.09702,-0.053,+2.426,+0.107,+0.000,-2.824,-0.292,0,+0.000,-0.572,-0.21445,-0.572,-5.361,+1.143,+0.000,-2.824,-7.042,0,+0.000,-0.353,-0.03097,-0.353,-0.774,+0.706,+0.000,-2.824,-2.892,0,+0.178,-0.625,-6.640,-7.333
DRV,727110,+0.0000,+0.0000,+0.0000,+0.0000,+0.0000,+0.0000,+0.000,+0.000,-0.00576,+0.4936,+0.0000,-19.742,+0.000,+0.321,-0.00479,+0.321,-0.120,-0.643,+0.000,-1.579,-2.342,0,+0.000,+0.089,+0.09664,+0.089,+2.416,-0.177,+0.000,-1.579,+0.659,2,+0.000,-0.926,-0.19336,-0.926,-4.834,+1.852,+0.000,-1.579,-4.561,0,+0.000,-0.484,-0.02330,-0.484,-0.582,+0.967,+0.000,-1.579,-1.195,2,-0.162,-0.837,-3.537,-3.902
DRV,727114,+0.0000,+0.0000,+0.0000,+0.0000,+0.0000,+0.0000,+0.000,+0.000,-0.00379,+0.4926,+0.0000,-19.703,+0.000,+0.380,-0.01093,+0.380,-0.273,-0.760,+0.000,-1.576,-2.609,2,+0.000,+0.159,+0.09280,+0.159,+2.320,-0.318,+0.000,-1.576,+0.426,2,+0.000,-0.725,-0.17802,-0.725,-4.450,+1.450,+0.000,-1.576,-4.577,2,+0.000,-0.480,-0.00911,-0.480,-0.228,+0.959,+0.000,-1.576,-0.845,2,-0.100,-0.566,-3.454,-4.151
DRV,727118,+0.0000,+0.0000,+0.0000,+0.0000,+0.0000,+0.0000,+0.000,+0.000,-0.00394,-0.2142,+0.0000,+8.566,+0.000,+0.365,-0.02205,+0.365,-0.551,-0.731,+0.000,+0.685,-0.596,2,+0.000,+0.011,+0.09089,+0.011,+2.272,-0.022,+0.000,+0.685,+2.936,2,+0.000,-0.860,-0.16038,-0.860,-4.009,+1.720,+0.000,+0.685,-1.604,2,+0.000,-0.413,+0.00163,-0.413,+0.041,+0.826,+0.000,+0.685,+1.552,2,-0.048,-0.849,+0.956,+1.332
DRV,727122,+0.0000,+0.0000,+0.0000,+0.0000,+0.0000,+0.0000,+0.000,+0.000,-0.00480,-0.2137,+0.0000,+8.549,+0.000,+0.486,-0.03163,+0.486,-0.791,-0.972,+0.000,+0.684,-1.079,2,+0.000,+0.055,+0.09165,+0.055,+2.291,-0.110,+0.000,+0.684,+2.866,2,+0.000,-0.604,-0.14082,-0.604,-3.520,+1.207,+0.000,+0.684,-1.629,2,+0.000,-0.347,+0.01199,-0.347,+0.300,+0.693,+0.000,+0.684,+1.677,2,+0.139,-0.549,+0.598,+1.236
DRV,727126,+0.0000,+0.0000,+0.0000,+0.0000,+0.0000,+0.0000,+0.000,+0.000,-0.00721,-0.7345,+0.0000,+29.380,+0.000,+0.381,-0.04467,+0.381,-1.117,-0.762,+0.000,+2.350,+0.472,2,+0.000,+0.548,+0.08130,+0.548,+2.032,-1.096,+0.000,+2.350,+3.287,2,+0.000,-0.562,-0.12893,-0.562,-3.223,+1.123,+0.000,+2.350,+0.251,2,+0.000,-0.205,+0.01774,-0.205,+0.443,+0.410,+0.000,+2.350,+3.204,2,+0.176,-0.014,+3.676,+3.538
DRV,727130,+0.0000,+0.0000,+0.0000,+0.0000,+0.0000,+0.0000,+0.000,+0.000,-0.01015,-0.7330,+0.0000,+29.321,+0.000,+0.175,-0.05004,+0.175,-1.251,-0.350,+0.000,+2.346,+0.745,2,+0.000,+0.634,+0.06673,+0.634,+1.668,-1.267,+0.000,+2.346,+2.746,2,+0.000,-0.922,-0.10899,-0.922,-2.725,+1.843,+0.000,+2.346,+1.464,2,+0.000,-0.001,+0.02081,-0.001,+0.520,+0.002,+0.000,+2.346,+2.868,2,+0.174,-0.288,+3.612,+4.211
DRV,727134,+0.0000,+0.0000,+0.0000,+0.0000,+0.0000,+0.0000,+0.000,+0.000,-0.01348,-0.8656,+0.0000,+34.624,+0.000,+0.287,-0.05618,+0.287,-1.404,-0.574,+0.000,+2.770,+0.791,2,+0.000,+0.401,+0.05407,+0.401,+1.352,-0.801,+0.000,+2.770,+3.321,2,+0.000,-0.672,-0.08905,-0.672,-2.226,+1.344,+0.000,+2.770,+1.887,2,+0.000,-0.135,+0.02081,-0.135,+0.520,+0.271,+0.000,+2.770,+3.561,2,+0.152,-0.271,+4.352,+5.208
DRV,727138,+0.0000,+0.0000,+0.0000,+0.0000,+0.0000,+0.0000,+0.000,+0.000,-0.01693,-0.8639,+0.0000,+34.554,+0.000,+0.384,-0.06538,+0.384,-1.635,-0.769,+0.000,+2.764,+0.361,2,+0.000,+0.377,+0.04563,+0.377,+1.141,-0.754,+0.000,+2.764,+3.151,2,+0.000,-0.484,-0.07601,-0.484,-1.900,+0.968,+0.000,+2.764,+1.832,2,+0.000,-0.323,+0.02848,-0.323,+0.712,+0.647,+0.000,+2.764,+4.123,2,+0.061,-0.107,+4.484,+4.983
DRV,727142,+0.0000,+0.0000,+0.0000,+0.0000,+0.0000,+0.0000,+0.000,+0.000,-0.01976,-0.6552,+0.1005,+30.231,+0.046,+0.405,-0.07488,+0.359,-1.872,-0.718,+0.046,+2.418,-0.126,2,+0.046,+0.473,+0.03499,+0.428,+0.875,-0.856,+0.046,+2.418,+2.483,0,+0.046,-0.535,-0.06287,-0.581,-1.572,+1.162,+0.046,+2.418,+2.055,2,+0.046,-0.235,+0.03624,-0.281,+0.906,+0.562,+0.046,+2.418,+3.932,0,+0.170,-0.062,+3.806,+4.538
DRV,727146,+0.0000,+0.0000,+0.0000,+0.0000,+0.0000,+0.0000,+0.000,+0.000,-0.02238,-0.6539,+0.2011,+34.200,+0.091,+0.464,-0.08399,+0.373,-2.100,-0.745,+0.091,+2.736,-0.017,0,+0.091,+0.288,+0.03048,+0.196,+0.762,-0.392,+0.091,+2.736,+3.197,0,+0.091,-0.438,-0.04897,-0.530,-1.224,+1.059,+0.091,+2.736,+2.662,0,+0.091,-0.204,+0.04247,-0.295,+1.062,+0.590,+0.091,+2.736,+4.479,0,+0.260,-0.151,+4.462,+5.860
DRV,727150,+0.0000,+0.0000,+0.0000,+0.0000,+0.0000,+0.0000,+0.000,+0.000,-0.02398,-0.3160,+0.3016,+24.703,+0.137,+0.554,-0.09080,+0.416,-2.270,-0.833,+0.137,+1.976,-0.989,2,+0.137,+0.216,+0.02866,+0.078,+0.716,-0.157,+0.137,+1.976,+2.673,2,+0.137,-0.254,-0.03968,-0.391,-0.992,+0.783,+0.137,+1.976,+1.904,0,+0.137,-0.009,+0.04793,-0.146,+1.198,+0.292,+0.137,+1.976,+3.604,2,+0.545,-0.039,+2.615,+4.577
DRV,727154,+0.0000,+0.0000,+0.0000,+0.0000,+0.0000,+0.0000,+0.000,+0.000,-0.02524,-0.3154,+0.4021,+28.699,+0.183,+0.514,-0.09991,+0.331,-2.498,-0.662,+0.183,+2.296,-0.681,2,+0.183,+0.369,+0.02414,+0.186,+0.604,-0.372,+0.183,+2.296,+2.710,2,+0.183,-0.300,-0.02923,-0.483,-0.731,+0.966,+0.183,+2.296,+2.714,2,+0.183,+0.053,+0.05070,-0.130,+1.268,+0.260,+0.183,+2.296,+4.006,2,+0.567,+0.069,+3.325,+5.423
DRV,727158,+0.0000,+0.0000,+0.0000,+0.0000,+0.0000,+0.0000,+0.000,+0.000,-0.02544,+0.0416,+0.8958,+34.167,+0.407,+0.567,-0.10486,+0.160,-2.622,-0.319,+0.407,+2.733,+0.200,2,+0.407,+0.364,+0.02264,-0.043,+0.566,+0.086,+0.407,+2.733,+3.793,2,+0.407,-0.249,-0.01309,-0.656,-0.327,+1.313,+0.407,+2.733,+4.126,2,+0.407,+0.032,+0.05802,-0.375,+1.451,+0.751,+0.407,+2.733,+5.342,2,+0.599,+0.115,+5.542,+7.919
DRV,727162,+0.0000,+0.0000,+0.0000,+0.0000,+0.0000,+0.0000,+0.000,+0.000,-0.02527,+0.0415,+0.8864,+33.796,+0.403,+0.665,-0.10966,+0.262,-2.742,-0.523,+0.403,+2.704,-0.158,2,+0.403,+0.513,+0.02206,+0.110,+0.552,-0.219,+0.403,+2.704,+3.439,2,+0.403,+0.051,-0.00102,-0.352,-0.025,+0.704,+0.403,+2.704,+3.785,2,+0.403,+0.339,+0.06358,-0.064,+1.589,+0.128,+0.403,+2.704,+4.824,2,+1.004,+0.564,+4.666,+7.225
DRV,727166,+0.0000,+0.0000,+0.0000,+0.0000,+0.0000,+0.0000,+0.000,+0.000,-0.02421,+0.3387,+0.8242,+19.420,+0.375,+0.787,-0.11880,+0.412,-2.970,-0.824,+0.375,+1.554,-1.866,2,+0.375,+0.916,+0.01024,+0.541,+0.256,-1.081,+0.375,+1.554,+1.103,2,+0.375,+0.218,+0.00250,-0.156,+0.062,+0.313,+0.375,+1.554,+2.304,2,+0.375,+0.600,+0.05904,+0.225,+1.476,-0.450,+0.375,+1.554,+2.954,2,+1.387,+1.134,+1.089,+3.407
DRV,727170,+0.0000,+0.0000,+0.0000,+0.0000,+0.0000,+0.0000,+0.000,+0.000,-0.02286,+0.3381,+0.7371,+15.963,+0.335,+0.468,-0.12470,+0.133,-3.117,-0.265,+0.335,+1.277,-1.770,2,+0.335,+0.230,+0.00549,-0.105,+0.137,+0.210,+0.335,+1.277,+1.959,2,+0.335,-0.147,+0.01233,-0.483,+0.308,+0.965,+0.335,+1.277,+2.886,2,+0.335,+0.121,+0.06120,-0.214,+1.530,+0.428,+0.335,+1.277,+3.570,2,+0.589,+0.083,+1.800,+4.845
DRV,727174,+0.0000,+0.0000,+0.0000,+0.0000,+0.0000,+0.0000,+0.000,+0.000,-0.02072,+0.5985,+0.5735,-1.002,+0.261,+0.589,-0.12986,+0.328,-3.247,-0.656,+0.261,-0.080,-3.722,2,+0.261,+0.051,+0.01145,-0.210,+0.286,+0.420,+0.261,-0.080,+0.886,2,+0.261,+0.186,+0.01790,-0.075,+0.448,+0.150,+0.261,-0.080,+0.778,2,+0.261,+0.367,+0.06217,+0.106,+1.554,-0.213,+0.261,-0.080,+1.522,2,+0.956,+0.237,-2.200,+1.664
DRV,727178,+0.0000,+0.0000,+0.0000,+0.0000,+0.0000,+0.0000,+0.000,+0.000,-0.01801,+0.7580,+0.2372,-20.834,+0.108,+0.199,-0.13587,+0.091,-3.397,-0.182,+0.108,-1.667,-5.138,0,+0.108,+0.154,+0.01273,+0.046,+0.318,-0.092,+0.108,-1.667,-1.333,0,+0.108,-0.007,+0.01995,-0.115,+0.499,+0.230,+0.108,-1.667,-0.830,2,+0.108,+0.056,+0.06115,-0.052,+1.529,+0.103,+0.108,-1.667,+0.073,0,+0.255,+0.147,-5.064,-2.163
DRV,727182,+0.0000,+0.0000,+0.0000,+0.0000,+0.0000,+0.0000,+0.000,+0.000,-0.01434,+0.9170,+0.0000,-36.681,+0.000,-0.183,-0.13472,-0.183,-3.368,+0.365,+0.000,-2.934,-5.937,0,+0.000,+0.094,+0.00966,+0.094,+0.242,-0.188,+0.000,-2.934,-2.881,2,+0.000,+0.000,+0.02033,+0.000,+0.508,+0.000,+0.000,-2.934,-2.426,0,+0.000,-0.009,+0.06154,-0.009,+1.538,+0.017,+0.000,-2.934,-1.379,0,-0.191,+0.094,-7.316,-5.307
DRV,727186,+0.0000,+0.0000,+0.0000,+0.0000,+0.0000,+0.0000,+0.000,+0.000,-0.01072,+0.8974,+0.0000,-35.895,+0.000,-0.275,-0.12820,-0.275,-3.205,+0.550,+0.000,-2.872,-5.526,0,+0.000,-0.546,+0.01580,-0.546,+0.395,+1.091,+0.000,-2.872,-1.386,2,+0.000,-0.166,+0.02263,-0.166,+0.566,+0.332,+0.000,-2.872,-1.974,2,+0.000,+0.004,+0.06154,+0.004,+1.538,-0.008,+0.000,-2.872,-1.341,2,-0.271,-0.711,-6.867,-3.359
DRV,727190,+0.0000,+0.0000,+0.0000,+0.0000,+0.0000,+0.0000,+0.000,+0.000,-0.00720,+0.8778,+0.0000,-35.111,+0.000,+0.111,-0.12666,+0.111,-3.167,-0.222,+0.000,-2.809,-6.198,2,+0.000,-0.653,+0.03306,-0.653,+0.826,+1.306,+0.000,-2.809,-0.677,2,+0.000,-0.019,+0.02493,-0.019,+0.623,+0.038,+0.000,-2.809,-2.147,2,+0.000,+0.113,+0.05923,+0.113,+1.481,-0.227,+0.000,-2.809,-1.555,2,+0.225,-0.672,-7.753,-2.824
DRV,727194,+0.0000,+0.0000,+0.0000,+0.0000,+0.0000,+0.0000,+0.000,+0.000,-0.00413,+0.6610,+0.0000,-26.442,+0.000,-0.055,-0.12781,-0.055,-3.195,+0.111,+0.000,-2.115,-5.200,2,+0.000,-0.202,+0.04188,-0.202,+1.047,+0.403,+0.000,-2.115,-0.665,2,+0.000,+0.009,+0.02417,+0.009,+0.604,-0.018,+0.000,-2.115,-1.529,2,+0.000,+0.020,+0.05732,+0.020,+1.433,-0.040,+0.000,-2.115,-0.722,2,-0.035,-0.193,-5.923,-2.194
DRV,727198,+0.0000,+0.0000,+0.0000,+0.0000,+0.0000,+0.0000,+0.000,+0.000,-0.00235,+0.4450,+0.0000,-17.799,+0.000,-0.123,-0.12321,-0.123,-3.080,+0.246,+0.000,-1.424,-4.258,2,+0.000,+0.117,+0.04149,+0.117,+1.037,-0.234,+0.000,-1.424,-0.620,2,+0.000,-0.121,+0.02724,-0.121,+0.681,+0.242,+0.000,-1.424,-0.501,2,+0.000,-0.031,+0.05808,-0.031,+1.452,+0.062,+0.000,-1.424,+0.090,2,-0.154,-0.004,-4.168,-1.121
DRV,727202,+0.0000,+0.0000,+0.0000,+0.0000,+0.0000,+0.0000,+0.000,+0.000,-0.00110,+0.1783,+0.0000,-7.132,+0.000,+0.110,-0.12551,+0.110,-3.138,-0.220,+0.000,-0.571,-3.929,2,+0.000,+0.144,+0.03766,+0.144,+0.941,-0.288,+0.000,-0.571,+0.083,2,+0.000,-0.025,+0.02762,-0.025,+0.690,+0.050,+0.000,-0.571,+0.169,2,+0.000,-0.053,+0.05885,-0.053,+1.471,+0.107,+0.000,-0.571,+1.008,2,+0.057,+0.119,-2.921,+0.252
DRV,727206,+0.0000,+0.0000,+0.0000,+0.0000,+0.0000,+0.0000,+0.000,+0.000,-0.00145,-0.0876,+0.0000,+3.503,+0.000,-0.205,-0.12168,-0.205,-3.042,+0.410,+0.000,+0.280,-2.352,2,+0.000,+0.002,+0.03651,+0.002,+0.913,-0.004,+0.000,+0.280,+1.189,2,+0.000,-0.222,+0.03184,-0.222,+0.796,+0.443,+0.000,+0.280,+1.520,2,+0.000,-0.140,+0.06230,-0.140,+1.558,+0.280,+0.000,+0.280,+2.118,2,-0.345,-0.220,-0.233,+2.709
DRV,727210,+0.0000,+0.0000,+0.0000,+0.0000,+0.0000,+0.0000,+0.000,+0.000,-0.00216,-0.2667,+0.0000,+10.669,+0.000,+0.041,-0.12168,+0.041,-3.042,-0.083,+0.000,+0.853,-2.271,2,+0.000,-0.139,+0.03843,-0.139,+0.961,+0.278,+0.000,+0.853,+2.093,2,+0.000,-0.101,+0.03529,-0.101,+0.882,+0.202,+0.000,+0.853,+1.938,2,+0.000,+0.027,+0.06269,+0.027,+1.567,-0.053,+0.000,+0.853,+2.367,2,+0.068,-0.240,+0.096,+4.031
DRV,727214,+0.0000,+0.0000,+0.0000,+0.0000,+0.0000,+0.0000,+0.000,+0.000,-0.00394,-0.4453,+0.0000,+17.813,+0.000,-0.251,-0.11708,-0.251,-2.927,+0.502,+0.000,+1.425,-1.000,2,+0.000,-0.031,+0.04111,-0.031,+1.028,+0.063,+0.000,+1.425,+2.516,0,+0.000,-0.057,+0.03759,-0.057,+0.940,+0.114,+0.000,+1.425,+2.479,2,+0.000,-0.057,+0.06345,-0.057,+1.586,+0.114,+0.000,+1.425,+3.126,0,-0.308,-0.089,+2.126,+4.995
DRV,727218,+0.0000,+0.0000,+0.0000,+0.0000,+0.0000,+0.0000,+0.000,+0.000,-0.00579,-0.4777,+0.0000,+19.108,+0.000,-0.033,-0.11477,-0.033,-2.869,+0.067,+0.000,+1.529,-1.274,0,+0.000,+0.282,+0.03613,+0.282,+0.903,-0.565,+0.000,+1.529,+1.867,0,+0.000,+0.054,+0.03644,+0.054,+0.911,-0.108,+0.000,+1.529,+2.332,0,+0.000,+0.135,+0.06154,+0.135,+1.538,-0.270,+0.000,+1.529,+2.797,0,+0.102,+0.336,+1.523,+4.199
DRV,727222,+0.0000,+0.0000,+0.0000,+0.0000,+0.0000,+0.0000,+0.000,+0.000,-0.00783,-0.5100,+0.0000,+20.398,+0.000,-0.154,-0.11209,-0.154,-2.802,+0.308,+0.000,+1.632,-0.862,0,+0.000,+0.057,+0.03344,+0.057,+0.836,-0.113,+0.000,+1.632,+2.354,2,+0.000,-0.032,+0.03682,-0.032,+0.921,+0.064,+0.000,+1.632,+2.616,0,+0.000,+0.063,+0.06000,+0.063,+1.500,-0.126,+0.000,+1.632,+3.006,2,-0.091,+0.025,+2.144,+4.971
DRV,727226,+0.0000,+0.0000,+0.0000,+0.0000,+0.0000,+0.0000,+0.000,+0.000,-0.00967,-0.4108,+0.0000,+16.431,+0.000,-0.162,-0.10902,-0.162,-2.726,+0.323,+0.000,+1.314,-1.088,2,+0.000,-0.058,+0.03459,-0.058,+0.865,+0.115,+0.000,+1.314,+2.295,2,+0.000,+0.121,+0.03567,+0.121,+0.892,-0.241,+0.000,+1.314,+1.965,2,+0.000,+0.035,+0.05923,+0.035,+1.481,-0.071,+0.000,+1.314,+2.725,2,-0.126,+0.063,+1.637,+4.260
DRV,727230,+0.0000,+0.0000,+0.0000,+0.0000,+0.0000,+0.0000,+0.000,+0.000,-0.01092,-0.3119,+0.0000,+12.475,+0.000,-0.076,-0.10672,-0.076,-2.668,+0.152,+0.000,+0.998,-1.518,2,+0.000,+0.093,+0.03344,+0.093,+0.836,-0.185,+0.000,+0.998,+1.649,2,+0.000,+0.091,+0.03184,+0.091,+0.796,-0.181,+0.000,+0.998,+1.613,2,+0.000,+0.113,+0.05655,+0.113,+1.414,-0.225,+0.000,+0.998,+2.187,2,+0.037,+0.183,+0.668,+3.262
DRV,727234,+0.0000,+0.0000,+0.0000,+0.0000,+0.0000,+0.0000,+0.000,+0.000,-0.01185,-0.1577,+0.0000,+6.309,+0.000,-0.070,-0.10480,-0.070,-2.620,+0.139,+0.000,+0.505,-1.976,2,+0.000,-0.036,+0.03267,-0.036,+0.817,+0.072,+0.000,+0.505,+1.394,2,+0.000,+0.078,+0.03069,+0.078,+0.767,-0.155,+0.000,+0.505,+1.116,2,+0.000,+0.009,+0.05540,+0.009,+1.385,-0.018,+0.000,+0.505,+1.872,2,-0.061,+0.041,-0.104,+2.511
DRV,727238,+0.0000,+0.0000,+0.0000,+0.0000,+0.0000,+0.0000,+0.000,+0.000,-0.01187,-0.0041,+0.0000,+0.163,+0.000,-0.058,-0.10365,-0.058,-2.591,+0.116,+0.000,+0.013,-2.462,2,+0.000,-0.090,+0.03498,-0.090,+0.874,+0.179,+0.000,+0.013,+1.067,2,+0.000,+0.224,+0.02532,+0.224,+0.633,-0.448,+0.000,+0.013,+0.198,2,+0.000,+0.093,+0.05387,+0.093,+1.347,-0.186,+0.000,+0.013,+1.174,2,+0.035,+0.134,-1.288,+1.264
DRV,727242,+0.0000,+0.0000,+0.0000,+0.0000,+0.0000,+0.0000,+0.000,+0.000,-0.01167,+0.1029,+0.0000,-4.116,+0.000,-0.111,-0.09982,-0.111,-2.495,+0.222,+0.000,-0.329,-2.603,2,+0.000,-0.090,+0.03804,-0.090,+0.951,+0.179,+0.000,-0.329,+0.801,2,+0.000,+0.171,+0.02072,+0.171,+0.518,-0.341,+0.000,-0.329,-0.153,2,+0.000,-0.011,+0.05387,-0.011,+1.347,+0.023,+0.000,-0.329,+1.040,2,-0.123,+0.081,-1.562,+0.648
DRV,727246,+0.0000,+0.0000,+0.0000,+0.0000,+0.0000,+0.0000,+0.000,+0.000,-0.01083,+0.2095,+0.0000,-8.381,+0.000,-0.030,-0.09982,-0.030,-2.495,+0.059,+0.000,-0.671,-3.107,2,+0.000,+0.036,+0.03804,+0.036,+0.951,-0.072,+0.000,-0.671,+0.208,2,+0.000,+0.198,+0.01611,+0.198,+0.403,-0.397,+0.000,-0.671,-0.664,2,+0.000,+0.089,+0.05271,+0.089,+1.318,-0.177,+0.000,-0.671,+0.470,2,+0.059,+0.235,-2.637,-0.456
DRV,727250,+0.0000,+0.0000,+0.0000,+0.0000,+0.0000,+0.0000,+0.000,+0.000,-0.00999,+0.2126,+0.0000,-8.503,+0.000,-0.197,-0.09483,-0.197,-2.371,+0.394,+0.000,-0.680,-2.657,2,+0.000,+0.051,+0.03651,+0.051,+0.913,-0.102,+0.000,-0.680,+0.130,2,+0.000,+0.169,+0.01113,+0.169,+0.278,-0.338,+0.000,-0.680,-0.740,2,+0.000,+0.103,+0.05003,+0.103,+1.251,-0.206,+0.000,-0.680,+0.365,2,-0.094,+0.220,-2.293,-0.609
DRV,727254,+0.0000,+0.0000,+0.0000,+0.0000,+0.0000,+0.0000,+0.000,+0.000,-0.00913,+0.2156,+0.0000,-8.624,+0.000,-0.022,-0.09368,-0.022,-2.342,+0.045,+0.000,-0.690,-2.987,2,+0.000,-0.006,+0.03651,-0.006,+0.913,+0.011,+0.000,-0.690,+0.234,0,+0.000,+0.152,+0.00729,+0.152,+0.182,-0.303,+0.000,-0.690,-0.811,2,+0.000,+0.054,+0.04811,+0.054,+1.203,-0.108,+0.000,-0.690,+0.405,0,+0.031,+0.146,-2.582,-0.577
DRV,727258,+0.0000,+0.0000,+0.0000,+0.0000,+0.0000,+0.0000,+0.000,+0.000,-0.00838,+0.1566,+0.0000,-6.266,+0.000,-0.250,-0.08870,-0.250,-2.217,+0.500,+0.000,-0.501,-2.219,0,+0.000,-0.041,+0.03689,-0.041,+0.922,+0.082,+0.000,-0.501,+0.503,2,+0.000,+0.125,+0.00346,+0.125,+0.086,-0.250,+0.000,-0.501,-0.665,0,+0.000,+0.019,+0.04773,+0.019,+1.193,-0.038,+0.000,-0.501,+0.654,2,-0.231,+0.084,-1.565,-0.162
DRV,727262,+0.0000,+0.0000,+0.0000,+0.0000,+0.0000,+0.0000,+0.000,+0.000,-0.00799,+0.0979,+0.0000,-3.914,+0.000,-0.062,-0.08640,-0.062,-2.160,+0.124,+0.000,-0.313,-2.349,2,+0.000,-0.029,+0.03804,-0.029,+0.951,+0.057,+0.000,-0.313,+0.695,2,+0.000,+0.120,+0.00116,+0.120,+0.029,-0.240,+0.000,-0.313,-0.525,2,+0.000,+0.010,+0.04735,+0.010,+1.184,-0.019,+0.000,-0.313,+0.851,2,-0.052,+0.092,-1.498,+0.171
DRV,727266,+0.0000,+0.0000,+0.0000,+0.0000,+0.0000,+0.0000,+0.000,+0.000,-0.00772,+0.0402,+0.0000,-1.608,+0.000,-0.170,-0.08409,-0.170,-2.102,+0.340,+0.000,-0.129,-1.891,2,+0.000,-0.039,+0.03881,-0.039,+0.970,+0.077,+0.000,-0.129,+0.919,2,+0.000,+0.093,-0.00153,+0.093,-0.038,-0.185,+0.000,-0.129,-0.352,2,+0.000,+0.000,+0.04696,+0.000,+1.174,+0.000,+0.000,-0.129,+1.045,2,-0.170,+0.054,-0.845,+0.567
DRV,727270,+0.0000,+0.0000,+0.0000,+0.0000,+0.0000,+0.0000,+0.000,+0.000,-0.00779,-0.0173,+0.0000,+0.692,+0.000,-0.193,-0.07796,-0.193,-1.949,+0.386,+0.000,+0.055,-1.507,2,+0.000,-0.059,+0.03996,-0.059,+0.999,+0.117,+0.000,+0.055,+1.172,2,+0.000,+0.070,-0.00306,+0.070,-0.077,-0.140,+0.000,+0.055,-0.161,2,+0.000,-0.021,+0.04735,-0.021,+1.184,+0.041,+0.000,+0.055,+1.280,2,-0.214,+0.011,-0.227,+1.010
DRV,727274,+0.0000,+0.0000,+0.0000,+0.0000,+0.0000,+0.0000,+0.000,+0.000,-0.00794,-0.0601,+0.0000,+2.404,+0.000,-0.064,-0.07604,-0.064,-1.901,+0.129,+0.000,+0.192,-1.580,2,+0.000,-0.042,+0.04111,-0.042,+1.028,+0.085,+0.000,+0.192,+1.305,2,+0.000,+0.065,-0.00498,+0.065,-0.124,-0.130,+0.000,+0.192,-0.062,2,+0.000,-0.012,+0.04773,-0.012,+1.193,+0.025,+0.000,+0.192,+1.410,2,-0.077,+0.022,-0.170,+1.243
DRV,727278,+0.0000,+0.0000,+0.0000,+0.0000,+0.0000,+0.0000,+0.000,+0.000,-0.00835,-0.1028,+0.0000,+4.111,+0.000,-0.242,-0.07106,-0.242,-1.776,+0.484,+0.000,+0.329,-0.964,2,+0.000,-0.039,+0.04226,-0.039,+1.057,+0.077,+0.000,+0.329,+1.463,2,+0.000,+0.053,-0.00613,+0.053,-0.153,-0.107,+0.000,+0.329,+0.069,2,+0.000,-0.017,+0.04811,-0.017,+1.203,+0.033,+0.000,+0.329,+1.565,2,-0.258,+0.015,+0.601,+1.531
DRV,727282,+0.0000,+0.0000,+0.0000,+0.0000,+0.0000,+0.0000,+0.000,+0.000,-0.00881,-0.1252,+0.0000,+5.007,+0.000,-0.109,-0.06722,-0.109,-1.681,+0.218,+0.000,+0.401,-1.062,2,+0.000,-0.007,+0.04264,-0.007,+1.066,+0.013,+0.000,+0.401,+1.480,2,+0.000,+0.063,-0.00766,+0.063,-0.192,-0.127,+0.000,+0.401,+0.082,2,+0.000,+0.000,+0.04850,+0.000,+1.212,+0.000,+0.000,+0.401,+1.613,2,-0.109,+0.057,+0.551,+1.562
DRV,727286,+0.0000,+0.0000,+0.0000,+0.0000,+0.0000,+0.0000,+0.000,+0.000,-0.00940,-0.1475,+0.0000,+5.901,+0.000,-0.163,-0.06339,-0.163,-1.585,+0.325,+0.000,+0.472,-0.787,2,+0.000,-0.041,+0.04303,-0.041,+1.076,+0.082,+0.000,+0.472,+1.630,2,+0.000,+0.058,-0.00881,+0.058,-0.220,-0.115,+0.000,+0.472,+0.136,2,+0.000,-0.015,+0.04888,-0.015,+1.222,+0.031,+0.000,+0.472,+1.725,2,-0.178,+0.017,+0.937,+1.766
DRV,727290,+0.0000,+0.0000,+0.0000,+0.0000,+0.0000,+0.0000,+0.000,+0.000,-0.00997,-0.1408,+0.0000,+5.633,+0.000,-0.121,-0.05955,-0.121,-1.489,+0.241,+0.000,+0.451,-0.797,2,+0.000,+0.000,+0.04341,+0.000,+1.085,+0.000,+0.000,+0.451,+1.536,0,+0.000,+0.070,-0.01035,+0.070,-0.259,-0.139,+0.000,+0.451,+0.053,2,+0.000,+0.004,+0.04888,+0.004,+1.222,-0.008,+0.000,+0.451,+1.665,0,-0.117,+0.070,+0.868,+1.589
DRV,727294,+0.0000,+0.0000,+0.0000,+0.0000,+0.0000,+0.0000,+0.000,+0.000,-0.01051,-0.1342,+0.0000,+5.367,+0.000,-0.105,-0.05687,-0.105,-1.422,+0.211,+0.000,+0.429,-0.782,0,+0.000,+0.007,+0.04341,+0.007,+1.085,-0.014,+0.000,+0.429,+1.500,2,+0.000,+0.061,-0.01188,+0.061,-0.297,-0.121,+0.000,+0.429,+0.011,0,+0.000,-0.017,+0.04888,-0.017,+1.222,+0.033,+0.000,+0.429,+1.685,0,-0.122,+0.068,+0.903,+1.512
DRV,727298,+0.0000,+0.0000,+0.0000,+0.0000,+0.0000,+0.0000,+0.000,+0.000,-0.01099,-0.1078,+0.0000,+4.313,+0.000,-0.103,-0.05495,-0.103,-1.374,+0.207,+0.000,+0.345,-0.822,0,+0.000,-0.025,+0.04380,-0.025,+1.095,+0.051,+0.000,+0.345,+1.490,2,+0.000,+0.068,-0.01342,+0.068,-0.335,-0.136,+0.000,+0.345,-0.127,0,+0.000,-0.009,+0.04926,-0.009,+1.232,+0.017,+0.000,+0.345,+1.594,2,-0.112,+0.043,+0.772,+1.364
DRV,727302,+0.0000,+0.0000,+0.0000,+0.0000,+0.0000,+0.0000,+0.000,+0.000,-0.01132,-0.0816,+0.0000,+3.263,+0.000,-0.066,-0.05303,-0.066,-1.326,+0.132,+0.000,+0.261,-0.933,2,+0.000,-0.026,+0.04456,-0.026,+1.114,+0.051,+0.000,+0.261,+1.427,2,+0.000,+0.062,-0.01495,+0.062,-0.374,-0.125,+0.000,+0.261,-0.238,2,+0.000,+0.024,+0.04888,+0.024,+1.222,-0.049,+0.000,+0.261,+1.434,2,-0.041,+0.037,+0.501,+1.189
DRV,727306,+0.0000,+0.0000,+0.0000,+0.0000,+0.0000,+0.0000,+0.000,+0.000,-0.01159,-0.0516,+0.0000,+2.064,+0.000,-0.056,-0.05188,-0.056,-1.297,+0.112,+0.000,+0.165,-1.020,2,+0.000,-0.004,+0.04495,-0.004,+1.124,+0.009,+0.000,+0.165,+1.297,2,+0.000,+0.058,-0.01648,+0.058,-0.412,-0.115,+0.000,+0.165,-0.362,2,+0.000,-0.024,+0.04888,-0.024,+1.222,+0.048,+0.000,+0.165,+1.435,2,-0.080,+0.053,+0.415,+0.935
DRV,727310,+0.0000,+0.0000,+0.0000,+0.0000,+0.0000,+0.0000,+0.000,+0.000,-0.01167,-0.0217,+0.0000,+0.870,+0.000,-0.033,-0.05073,-0.033,-1.268,+0.066,+0.000,+0.070,-1.133,2,+0.000,+0.000,+0.04495,+0.000,+1.124,+0.000,+0.000,+0.070,+1.193,2,+0.000,+0.068,-0.01840,+0.068,-0.460,-0.136,+0.000,+0.070,-0.527,2,+0.000,+0.020,+0.04888,+0.020,+1.222,-0.039,+0.000,+0.070,+1.252,2,-0.013,+0.068,+0.120,+0.666
DRV,727314,+0.0000,+0.0000,+0.0000,+0.0000,+0.0000,+0.0000,+0.000,+0.000,-0.01172,+0.0001,+0.0000,-0.005,+0.000,-0.027,-0.04996,-0.027,-1.249,+0.053,+0.000,-0.000,-1.196,2,+0.000,-0.018,+0.04495,-0.018,+1.124,+0.036,+0.000,-0.000,+1.160,2,+0.000,+0.051,-0.01994,+0.051,-0.498,-0.101,+0.000,-0.000,-0.600,2,+0.000,+0.000,+0.04850,+0.000,+1.212,+0.000,+0.000,-0.000,+1.212,2,-0.027,+0.032,+0.016,+0.560
DRV,727318,+0.0000,+0.0000,+0.0000,+0.0000,+0.0000,+0.0000,+0.000,+0.000,-0.01163,+0.0219,+0.0000,-0.877,+0.000,-0.016,-0.04958,-0.016,-1.239,+0.032,+0.000,-0.070,-1.277,2,+0.000,+0.000,+0.04533,+0.000,+1.133,+0.000,+0.000,-0.070,+1.063,2,+0.000,+0.051,-0.02109,+0.051,-0.527,-0.101,+0.000,-0.070,-0.698,2,+0.000,+0.000,+0.04850,+0.000,+1.212,+0.000,+0.000,-0.070,+1.142,2,-0.016,+0.051,-0.135,+0.365
DRV,727322,+0.0000,+0.0000,+0.0000,+0.0000,+0.0000,+0.0000,+0.000,+0.000,-0.01153,+0.0307,+0.0000,-1.226,+0.000,-0.010,-0.04920,-0.010,-1.230,+0.021,+0.000,-0.098,-1.307,2,+0.000,+0.006,+0.04495,+0.006,+1.124,-0.012,+0.000,-0.098,+1.013,0,+0.000,+0.029,-0.02185,+0.029,-0.546,-0.057,+0.000,-0.098,-0.702,2,+0.000,+0.018,+0.04811,+0.018,+1.203,-0.035,+0.000,-0.098,+1.069,2,+0.007,+0.035,-0.238,+0.312
DRV,727326,+0.0000,+0.0000,+0.0000,+0.0000,+0.0000,+0.0000,+0.000,+0.000,-0.01137,+0.0394,+0.0000,-1.574,+0.000,-0.009,-0.04881,-0.009,-1.220,+0.017,+0.000,-0.126,-1.329,2,+0.000,+0.004,+0.04495,+0.004,+1.124,-0.008,+0.000,-0.126,+0.990,0,+0.000,+0.020,-0.02262,+0.020,-0.566,-0.040,+0.000,-0.126,-0.732,2,+0.000,+0.005,+0.04811,+0.005,+1.203,-0.010,+0.000,-0.126,+1.067,0,-0.004,+0.024,-0.262,+0.259
DRV,727330,+0.0000,+0.0000,+0.0000,+0.0000,+0.0000,+0.0000,+0.000,+0.000,-0.01122,+0.0358,+0.0000,-1.433,+0.000,-0.001,-0.04881,-0.001,-1.220,+0.003,+0.000,-0.115,-1.332,0,+0.000,+0.001,+0.04495,+0.001,+1.124,-0.002,+0.000,-0.115,+1.007,0,+0.000,+0.005,-0.02300,+0.005,-0.575,-0.010,+0.000,-0.115,-0.699,0,+0.000,+0.000,+0.04811,+0.000,+1.203,+0.000,+0.000,-0.115,+1.088,0,-0.001,+0.006,-0.244,+0.308
DRV,727334,+0.0000,+0.0000,+0.0000,+0.0000,+0.0000,+0.0000,+0.000,+0.000,-0.01109,+0.0323,+0.0000,-1.292,+0.000,+0.006,-0.04881,+0.006,-1.220,-0.011,+0.000,-0.103,-1.335,0,+0.000,+0.000,+0.04495,+0.000,+1.124,+0.000,+0.000,-0.103,+1.020,2,+0.000,+0.000,-0.02300,+0.000,-0.575,+0.000,+0.000,-0.103,-0.678,2,+0.000,+0.000,+0.04811,+0.000,+1.203,+0.000,+0.000,-0.103,+1.099,2,+0.006,+0.000,-0.236,+0.342
DRV,727338,+0.0000,+0.0000,+0.0000,+0.0000,+0.0000,+0.0000,+0.000,+0.000,-0.01098,+0.0227,+0.0000,-0.906,+0.000,+0.000,-0.04881,+0.000,-1.220,+0.000,+0.000,-0.072,-1.293,2,+0.000,+0.000,+0.04495,+0.000,+1.124,+0.000,+0.000,-0.072,+1.051,2,+0.000,-0.013,-0.02300,-0.013,-0.575,+0.026,+0.000,-0.072,-0.622,2,+0.000,-0.003,+0.04811,-0.003,+1.203,+0.006,+0.000,-0.072,+1.136,2,-0.003,-0.013,-0.157,+0.429
DRV,727342,+0.0000,+0.0000,+0.0000,+0.0000,+0.0000,+0.0000,+0.000,+0.000,-0.01093,+0.0130,+0.0000,-0.522,+0.000,+0.012,-0.04881,+0.012,-1.220,-0.025,+0.000,-0.042,-1.287,2,+0.000,-0.006,+0.04495,-0.006,+1.124,+0.012,+0.000,-0.042,+1.094,2,+0.000,-0.023,-0.02224,-0.023,-0.556,+0.046,+0.000,-0.042,-0.552,2,+0.000,-0.017,+0.04850,-0.017,+1.212,+0.033,+0.000,-0.042,+1.204,2,-0.004,-0.029,-0.083,+0.542
DRV,727346,+0.0000,+0.0000,+0.0000,+0.0000,+0.0000,+0.0000,+0.000,+0.000,-0.01089,+0.0032,+0.0000,-0.127,+0.000,+0.005,-0.04920,+0.005,-1.230,-0.010,+0.000,-0.010,-1.251,2,+0.000,-0.005,+0.04495,-0.005,+1.124,+0.010,+0.000,-0.010,+1.123,2,+0.000,-0.031,-0.02147,-0.031,-0.537,+0.061,+0.000,-0.010,-0.486,2,+0.000,-0.012,+0.04850,-0.012,+1.212,+0.024,+0.000,-0.010,+1.226,2,-0.007,-0.035,-0.024,+0.637
DRV,727350,+0.0000,+0.0000,+0.0000,+0.0000,+0.0000,+0.0000,+0.000,+0.000,-0.01092,-0.0067,+0.0000,+0.267,+0.000,+0.018,-0.04920,+0.018,-1.230,-0.036,+0.000,+0.021,-1.245,2,+0.000,-0.006,+0.04533,-0.006,+1.133,+0.011,+0.000,+0.021,+1.166,2,+0.000,-0.040,-0.02070,-0.040,-0.518,+0.079,+0.000,+0.021,-0.417,2,+0.000,-0.023,+0.04888,-0.023,+1.222,+0.047,+0.000,+0.021,+1.290,2,-0.005,-0.045,+0.045,+0.749
DRV,727354,+0.0000,+0.0000,+0.0000,+0.0000,+0.0000,+0.0000,+0.000,+0.000,-0.01096,-0.0138,+0.0000,+0.554,+0.000,+0.013,-0.04996,+0.013,-1.249,-0.027,+0.000,+0.044,-1.231,2,+0.000,-0.006,+0.04533,-0.006,+1.133,+0.011,+0.000,+0.044,+1.189,2,+0.000,-0.038,-0.01955,-0.038,-0.489,+0.075,+0.000,+0.044,-0.369,2,+0.000,-0.013,+0.04926,-0.013,+1.232,+0.027,+0.000,+0.044,+1.303,2,+0.000,-0.043,+0.071,+0.820
DRV,727358,+0.0000,+0.0000,+0.0000,+0.0000,+0.0000,+0.0000,+0.000,+0.000,-0.01105,-0.0210,+0.0000,+0.840,+0.000,+0.020,-0.05035,+0.020,-1.259,-0.040,+0.000,+0.067,-1.232,2,+0.000,-0.009,+0.04571,-0.009,+1.143,+0.017,+0.000,+0.067,+1.227,2,+0.000,-0.041,-0.01879,-0.041,-0.470,+0.083,+0.000,+0.067,-0.319,2,+0.000,-0.019,+0.05003,-0.019,+1.251,+0.038,+0.000,+0.067,+1.356,2,+0.001,-0.050,+0.125,+0.908
DRV,727362,+0.0000,+0.0000,+0.0000,+0.0000,+0.0000,+0.0000,+0.000,+0.000,-0.01113,-0.0207,+0.0000,+0.827,+0.000,+0.020,-0.05073,+0.020,-1.268,-0.039,+0.000,+0.066,-1.241,2,+0.000,+0.000,+0.04571,+0.000,+1.143,+0.000,+0.000,+0.066,+1.209,0,+0.000,-0.038,-0.01763,-0.038,-0.441,+0.076,+0.000,+0.066,-0.298,2,+0.000,-0.014,+0.05041,-0.014,+1.260,+0.028,+0.000,+0.066,+1.354,0,+0.006,-0.038,+0.113,+0.911
DRV,727366,+0.0000,+0.0000,+0.0000,+0.0000,+0.0000,+0.0000,+0.000,+0.000,-0.01121,-0.0204,+0.0000,+0.815,+0.000,+0.031,-0.05150,+0.031,-1.287,-0.063,+0.000,+0.065,-1.285,2,+0.000,+0.000,+0.04571,+0.000,+1.143,+0.000,+0.000,+0.065,+1.208,0,+0.000,-0.037,-0.01687,-0.037,-0.422,+0.073,+0.000,+0.065,-0.283,0,+0.000,-0.010,+0.05041,-0.010,+1.260,+0.021,+0.000,+0.065,+1.347,0,+0.021,-0.037,+0.061,+0.925
DRV,727370,+0.0000,+0.0000,+0.0000,+0.0000,+0.0000,+0.0000,+0.000,+0.000,-0.01128,-0.0158,+0.0000,+0.632,+0.000,+0.023,-0.05226,+0.023,-1.307,-0.046,+0.000,+0.051,-1.302,0,+0.000,+0.000,+0.04571,+0.000,+1.143,+0.000,+0.000,+0.051,+1.193,2,+0.000,-0.033,-0.01572,-0.033,-0.393,+0.066,+0.000,+0.051,-0.277,0,+0.000,-0.016,+0.05080,-0.016,+1.270,+0.031,+0.000,+0.051,+1.352,2,+0.007,-0.033,+0.050,+0.917
DRV,727374,+0.0000,+0.0000,+0.0000,+0.0000,+0.0000,+0.0000,+0.000,+0.000,-0.01133,-0.0113,+0.0000,+0.450,+0.000,+0.030,-0.05303,+0.030,-1.326,-0.060,+0.000,+0.036,-1.350,0,+0.000,+0.012,+0.04533,+0.012,+1.133,-0.024,+0.000,+0.036,+1.145,2,+0.000,-0.027,-0.01495,-0.027,-0.374,+0.054,+0.000,+0.036,-0.283,0,+0.000,-0.010,+0.05118,-0.010,+1.280,+0.020,+0.000,+0.036,+1.336,2,+0.020,-0.015,-0.014,+0.862
DRV,727378,+0.0000,+0.0000,+0.0000,+0.0000,+0.0000,+0.0000,+0.000,+0.000,-0.01136,-0.0038,+0.0000,+0.152,+0.000,+0.026,-0.05341,+0.026,-1.335,-0.052,+0.000,+0.012,-1.376,2,+0.000,+0.001,+0.04533,+0.001,+1.133,-0.002,+0.000,+0.012,+1.143,2,+0.000,-0.018,-0.01457,-0.018,-0.364,+0.036,+0.000,+0.012,-0.316,2,+0.000,-0.012,+0.05156,-0.012,+1.289,+0.025,+0.000,+0.012,+1.326,2,+0.014,-0.017,-0.050,+0.828
DRV,727382,+0.0000,+0.0000,+0.0000,+0.0000,+0.0000,+0.0000,+0.000,+0.000,-0.01134,+0.0037,+0.0000,-0.146,+0.000,+0.025,-0.05418,+0.025,-1.355,-0.050,+0.000,-0.012,-1.416,2,+0.000,+0.003,+0.04533,+0.003,+1.133,-0.006,+0.000,-0.012,+1.116,2,+0.000,-0.027,-0.01380,-0.027,-0.345,+0.053,+0.000,-0.012,-0.303,2,+0.000,-0.003,+0.05156,-0.003,+1.289,+0.007,+0.000,-0.012,+1.284,2,+0.021,-0.024,-0.132,+0.813
DRV,727386,+0.0000,+0.0000,+0.0000,+0.0000,+0.0000,+0.0000,+0.000,+0.000,-0.01132,+0.0079,+0.0000,-0.316,+0.000,+0.015,-0.05456,+0.015,-1.364,-0.031,+0.000,-0.025,-1.420,2,+0.000,+0.006,+0.04495,+0.006,+1.124,-0.012,+0.000,-0.025,+1.086,2,+0.000,-0.019,-0.01342,-0.019,-0.335,+0.037,+0.000,-0.025,-0.324,2,+0.000,-0.016,+0.05195,-0.016,+1.299,+0.032,+0.000,-0.025,+1.306,2,-0.001,-0.012,-0.114,+0.762
DRV,727390,+0.0000,+0.0000,+0.0000,+0.0000,+0.0000,+0.0000,+0.000,+0.000,-0.01127,+0.0121,+0.0000,-0.486,+0.000,+0.021,-0.05533,+0.021,-1.383,-0.043,+0.000,-0.039,-1.465,2,+0.000,+0.003,+0.04495,+0.003,+1.124,-0.006,+0.000,-0.039,+1.079,2,+0.000,-0.018,-0.01303,-0.018,-0.326,+0.036,+0.000,-0.039,-0.328,2,+0.000,-0.003,+0.05233,-0.003,+1.308,+0.007,+0.000,-0.039,+1.276,2,+0.018,-0.015,-0.189,+0.751
DRV,727394,+0.0000,+0.0000,+0.0000,+0.0000,+0.0000,+0.0000,+0.000,+0.000,-0.01122,+0.0127,+0.0000,-0.506,+0.000,+0.005,-0.05572,+0.005,-1.393,-0.010,+0.000,-0.040,-1.443,2,+0.000,+0.000,+0.04495,+0.000,+1.124,+0.000,+0.000,-0.040,+1.083,2,+0.000,-0.017,-0.01265,-0.017,-0.316,+0.033,+0.000,-0.040,-0.323,2,+0.000,-0.013,+0.05233,-0.013,+1.308,+0.026,+0.000,-0.040,+1.294,2,-0.008,-0.017,-0.149,+0.760
DRV,727398,+0.0000,+0.0000,+0.0000,+0.0000,+0.0000,+0.0000,+0.000,+0.000,-0.01117,+0.0126,+0.0000,-0.505,+0.000,+0.016,-0.05572,+0.016,-1.393,-0.032,+0.000,-0.040,-1.466,2,+0.000,+0.005,+0.04495,+0.005,+1.124,-0.010,+0.000,-0.040,+1.073,2,+0.000,-0.009,-0.01227,-0.009,-0.307,+0.018,+0.000,-0.040,-0.329,2,+0.000,-0.009,+0.05271,-0.009,+1.318,+0.018,+0.000,-0.040,+1.296,2,+0.007,-0.004,-0.170,+0.744
DRV,727402,+0.0000,+0.0000,+0.0000,+0.0000,+0.0000,+0.0000,+0.000,+0.000,-0.01114,+0.0046,+0.0000,-0.185,+0.000,+0.000,-0.05610,+0.000,-1.402,+0.000,+0.000,-0.015,-1.417,2,+0.000,+0.000,+0.04495,+0.000,+1.124,+0.000,+0.000,-0.015,+1.109,0,+0.000,-0.012,-0.01188,-0.012,-0.297,+0.025,+0.000,-0.015,-0.287,2,+0.000,+0.000,+0.05271,+0.000,+1.318,+0.000,+0.000,-0.015,+1.303,0,+0.000,-0.012,-0.114,+0.822
DRV,727406,+0.0000,+0.0000,+0.0000,+0.0000,+0.0000,+0.0000,+0.000,+0.000,-0.01113,+0.0046,+0.0000,-0.185,+0.000,+0.001,-0.05610,+0.001,-1.402,-0.003,+0.000,-0.015,-1.420,0,+0.000,+0.000,+0.04495,+0.000,+1.124,+0.000,+0.000,-0.015,+1.109,2,+0.000,-0.005,-0.01188,-0.005,-0.297,+0.010,+0.000,-0.015,-0.302,0,+0.000,-0.012,+0.05271,-0.012,+1.318,+0.024,+0.000,-0.015,+1.327,0,-0.010,-0.005,-0.093,+0.807
DRV,727410,+0.0000,+0.0000,+0.0000,+0.0000,+0.0000,+0.0000,+0.000,+0.000,-0.01113,-0.0034,+0.0000,+0.135,+0.000,+0.000,-0.05610,+0.000,-1.402,+0.000,+0.000,+0.011,-1.392,2,+0.000,+0.000,+0.04495,+0.000,+1.124,+0.000,+0.000,+0.011,+1.134,2,+0.000,-0.002,-0.01188,-0.002,-0.297,+0.005,+0.000,+0.011,-0.282,0,+0.000,-0.005,+0.05310,-0.005,+1.327,+0.010,+0.000,+0.011,+1.348,2,-0.005,-0.002,-0.044,+0.853
DRV,727414,+0.0000,+0.0000,+0.0000,+0.0000,+0.0000,+0.0000,+0.000,+0.000,-0.01114,-0.0034,+0.0000,+0.134,+0.000,-0.001,-0.05572,-0.001,-1.393,+0.002,+0.000,+0.011,-1.380,2,+0.000,-0.005,+0.04495,-0.005,+1.124,+0.010,+0.000,+0.011,+1.145,2,+0.000,+0.000,-0.01188,+0.000,-0.297,+0.000,+0.000,+0.011,-0.286,2,+0.000,+0.000,+0.05310,+0.000,+1.327,+0.000,+0.000,+0.011,+1.338,2,-0.001,-0.005,-0.042,+0.859
DRV,727418,+0.0000,+0.0000,+0.0000,+0.0000,+0.0000,+0.0000,+0.000,+0.000,-0.01116,-0.0055,+0.0000,+0.219,+0.000,-0.011,-0.05572,-0.011,-1.393,+0.023,+0.000,+0.018,-1.352,2,+0.000,-0.002,+0.04495,-0.002,+1.124,+0.005,+0.000,+0.018,+1.146,2,+0.000,+0.003,-0.01188,+0.003,-0.297,-0.006,+0.000,+0.018,-0.285,2,+0.000,+0.000,+0.05310,+0.000,+1.327,+0.000,+0.000,+0.018,+1.345,2,-0.011,+0.000,-0.007,+0.861
DRV,727422,+0.0000,+0.0000,+0.0000,+0.0000,+0.0000,+0.0000,+0.000,+0.000,-0.01119,-0.0055,+0.0000,+0.219,+0.000,-0.005,-0.05533,-0.005,-1.383,+0.010,+0.000,+0.018,-1.355,2,+0.000,-0.002,+0.04495,-0.002,+1.124,+0.005,+0.000,+0.018,+1.146,2,+0.000,+0.013,-0.01188,+0.013,-0.297,-0.026,+0.000,+0.018,-0.305,2,+0.000,+0.000,+0.05310,+0.000,+1.327,+0.000,+0.000,+0.018,+1.345,2,-0.005,+0.010,-0.010,+0.841
DRV,727426,+0.0000,+0.0000,+0.0000,+0.0000,+0.0000,+0.0000,+0.000,+0.000,-0.01119,+0.0004,+0.0000,-0.016,+0.000,-0.007,-0.05533,-0.007,-1.383,+0.014,+0.000,-0.001,-1.370,2,+0.000,-0.003,+0.04533,-0.003,+1.133,+0.006,+0.000,-0.001,+1.138,2,+0.000,+0.008,-0.01227,+0.008,-0.307,-0.015,+0.000,-0.001,-0.323,2,+0.000,+0.005,+0.05310,+0.005,+1.327,-0.010,+0.000,-0.001,+1.316,2,-0.002,+0.005,-0.055,+0.815
DRV,727430,+0.0000,+0.0000,+0.0000,+0.0000,+0.0000,+0.0000,+0.000,+0.000,-0.01119,+0.0004,+0.0000,-0.016,+0.000,-0.010,-0.05495,-0.010,-1.374,+0.019,+0.000,-0.001,-1.356,2,+0.000,+0.000,+0.04533,+0.000,+1.133,+0.000,+0.000,-0.001,+1.132,2,+0.000,+0.016,-0.01265,+0.016,-0.316,-0.031,+0.000,-0.001,-0.349,2,+0.000,+0.001,+0.05271,+0.001,+1.318,-0.003,+0.000,-0.001,+1.314,2,-0.008,+0.016,-0.042,+0.783
DRV,727434,+0.0000,+0.0000,+0.0000,+0.0000,+0.0000,+0.0000,+0.000,+0.000,-0.01116,+0.0089,+0.0000,-0.356,+0.000,-0.004,-0.05495,-0.004,-1.374,+0.009,+0.000,-0.028,-1.394,2,+0.000,+0.000,+0.04533,+0.000,+1.133,+0.000,+0.000,-0.028,+1.105,0,+0.000,+0.013,-0.01303,+0.013,-0.326,-0.027,+0.000,-0.028,-0.381,2,+0.000,+0.010,+0.05271,+0.010,+1.318,-0.019,+0.000,-0.028,+1.270,2,+0.005,+0.013,-0.123,+0.724
DRV,727438,+0.0000,+0.0000,+0.0000,+0.0000,+0.0000,+0.0000,+0.000,+0.000,-0.01113,+0.0089,+0.0000,-0.355,+0.000,-0.010,-0.05456,-0.010,-1.364,+0.021,+0.000,-0.028,-1.372,2,+0.000,+0.000,+0.04533,+0.000,+1.133,+0.000,+0.000,-0.028,+1.105,0,+0.000,+0.015,-0.01303,+0.015,-0.326,-0.031,+0.000,-0.028,-0.385,2,+0.000,+0.003,+0.05233,+0.003,+1.308,-0.006,+0.000,-0.028,+1.274,0,-0.008,+0.015,-0.097,+0.720
DRV,727442,+0.0000,+0.0000,+0.0000,+0.0000,+0.0000,+0.0000,+0.000,+0.000,-0.01107,+0.0142,+0.0000,-0.567,+0.000,+0.000,-0.05456,+0.000,-1.364,+0.000,+0.000,-0.045,-1.409,0,+0.000,+0.000,+0.04533,+0.000,+1.133,+0.000,+0.000,-0.045,+1.088,0,+0.000,+0.010,-0.01342,+0.010,-0.335,-0.019,+0.000,-0.045,-0.400,0,+0.000,+0.011,+0.05233,+0.011,+1.308,-0.022,+0.000,-0.045,+1.241,0,+0.011,+0.010,-0.169,+0.688
DRV,727446,+0.0000,+0.0000,+0.0000,+0.0000,+0.0000,+0.0000,+0.000,+0.000,-0.01102,+0.0142,+0.0000,-0.566,+0.000,-0.004,-0.05456,-0.004,-1.364,+0.008,+0.000,-0.045,-1.402,0,+0.000,+0.000,+0.04533,+0.000,+1.133,+0.000,+0.000,-0.045,+1.088,2,+0.000,+0.011,-0.01380,+0.011,-0.345,-0.023,+0.000,-0.045,-0.413,0,+0.000,+0.001,+0.05233,+0.001,+1.308,-0.003,+0.000,-0.045,+1.260,2,-0.002,+0.011,-0.142,+0.675
DRV,727450,+0.0000,+0.0000,+0.0000,+0.0000,+0.0000,+0.0000,+0.000,+0.000,-0.01096,+0.0157,+0.0000,-0.629,+0.000,+0.000,-0.05456,+0.000,-1.364,+0.000,+0.000,-0.050,-1.414,0,+0.000,+0.000,+0.04533,+0.000,+1.133,+0.000,+0.000,-0.050,+1.083,2,+0.000,+0.008,-0.01418,+0.008,-0.355,-0.016,+0.000,-0.050,-0.421,0,+0.000,+0.019,+0.05195,+0.019,+1.299,-0.038,+0.000,-0.050,+1.210,2,+0.019,+0.008,-0.204,+0.662
DRV,727454,+0.0000,+0.0000,+0.0000,+0.0000,+0.0000,+0.0000,+0.000,+0.000,-0.01089,+0.0157,+0.0000,-0.628,+0.000,-0.017,-0.05418,-0.017,-1.355,+0.033,+0.000,-0.050,-1.371,2,+0.000,+0.003,+0.04533,+0.003,+1.133,-0.006,+0.000,-0.050,+1.077,2,+0.000,+0.012,-0.01418,+0.012,-0.355,-0.024,+0.000,-0.050,-0.429,2,+0.000,+0.000,+0.05195,+0.000,+1.299,+0.000,+0.000,-0.050,+1.249,2,-0.017,+0.015,-0.123,+0.649
DRV,727458,+0.0000,+0.0000,+0.0000,+0.0000,+0.0000,+0.0000,+0.000,+0.000,-0.01084,+0.0135,+0.0000,-0.541,+0.000,+0.000,-0.05418,+0.000,-1.355,+0.000,+0.000,-0.043,-1.398,2,+0.000,+0.000,+0.04495,+0.000,+1.124,+0.000,+0.000,-0.043,+1.080,2,+0.000,+0.007,-0.01457,+0.007,-0.364,-0.014,+0.000,-0.043,-0.422,2,+0.000,-0.001,+0.05195,-0.001,+1.299,+0.002,+0.000,-0.043,+1.257,2,-0.001,+0.007,-0.141,+0.659
DRV,727462,+0.0000,+0.0000,+0.0000,+0.0000,+0.0000,+0.0000,+0.000,+0.000,-0.01078,+0.0135,+0.0000,-0.540,+0.000,+0.000,-0.05418,+0.000,-1.355,+0.000,+0.000,-0.043,-1.398,2,+0.000,+0.000,+0.04495,+0.000,+1.124,+0.000,+0.000,-0.043,+1.080,2,+0.000,+0.000,-0.01457,+0.000,-0.364,+0.000,+0.000,-0.043,-0.407,2,+0.000,+0.000,+0.05195,+0.000,+1.299,+0.000,+0.000,-0.043,+1.255,2,+0.000,+0.000,-0.142,+0.673
DRV,727466,+0.0000,+0.0000,+0.0000,+0.0000,+0.0000,+0.0000,+0.000,+0.000,-0.01075,+0.0066,+0.0000,-0.262,+0.000,+0.000,-0.05418,+0.000,-1.355,+0.000,+0.000,-0.021,-1.376,2,+0.000,+0.000,+0.04495,+0.000,+1.124,+0.000,+0.000,-0.021,+1.103,2,+0.000,+0.000,-0.01457,+0.000,-0.364,+0.000,+0.000,-0.021,-0.385,2,+0.000,+0.000,+0.05195,+0.000,+1.299,+0.000,+0.000,-0.021,+1.278,2,+0.000,+0.000,-0.098,+0.717
DRV,727470,+0.0000,+0.0000,+0.0000,+0.0000,+0.0000,+0.0000,+0.000,+0.000,-0.01072,+0.0065,+0.0000,-0.262,+0.000,+0.002,-0.05418,+0.002,-1.355,-0.004,+0.000,-0.021,-1.379,2,+0.000,+0.000,+0.04495,+0.000,+1.124,+0.000,+0.000,-0.021,+1.103,2,+0.000,+0.000,-0.01457,+0.000,-0.364,+0.000,+0.000,-0.021,-0.385,2,+0.000,+0.000,+0.05195,+0.000,+1.299,+0.000,+0.000,-0.021,+1.278,2,+0.002,+0.000,-0.102,+0.718
DRV,727474,+0.0000,+0.0000,+0.0000,+0.0000,+0.0000,+0.0000,+0.000,+0.000,-0.01071,+0.0017,+0.0000,-0.070,+0.000,-0.001,-0.05418,-0.001,-1.355,+0.003,+0.000,-0.006,-1.357,2,+0.000,+0.000,+0.04495,+0.000,+1.124,+0.000,+0.000,-0.006,+1.118,0,+0.000,-0.004,-0.01418,-0.004,-0.355,+0.009,+0.000,-0.006,-0.352,2,+0.000,-0.012,+0.05195,-0.012,+1.299,+0.024,+0.000,-0.006,+1.317,0,-0.013,-0.004,-0.040,+0.766
DRV,727478,+0.0000,+0.0000,+0.0000,+0.0000,+0.0000,+0.0000,+0.000,+0.000,-0.01071,+0.0017,+0.0000,-0.070,+0.000,+0.004,-0.05418,+0.004,-1.355,-0.008,+0.000,-0.006,-1.368,0,+0.000,+0.000,+0.04495,+0.000,+1.124,+0.000,+0.000,-0.006,+1.118,0,+0.000,-0.009,-0.01418,-0.009,-0.355,+0.018,+0.000,-0.006,-0.342,0,+0.000,-0.001,+0.05195,-0.001,+1.299,+0.003,+0.000,-0.006,+1.296,0,+0.002,-0.009,-0.072,+0.776
DRV,727482,+0.0000,+0.0000,+0.0000,+0.0000,+0.0000,+0.0000,+0.000,+0.000,-0.01070,+0.0001,+0.0000,-0.006,+0.000,+0.000,-0.05418,+0.000,-1.355,+0.000,+0.000,-0.000,-1.355,0,+0.000,+0.000,+0.04495,+0.000,+1.124,+0.000,+0.000,-0.000,+1.123,2,+0.000,-0.008,-0.01418,-0.008,-0.355,+0.015,+0.000,-0.000,-0.340,0,+0.000,-0.004,+0.05233,-0.004,+1.308,+0.008,+0.000,-0.000,+1.315,2,-0.004,-0.008,-0.040,+0.783
DRV,727486,+0.0000,+0.0000,+0.0000,+0.0000,+0.0000,+0.0000,+0.000,+0.000,-0.01070,+0.0001,+0.0000,-0.006,+0.000,+0.007,-0.05418,+0.007,-1.355,-0.014,+0.000,-0.000,-1.369,2,+0.000,+0.000,+0.04495,+0.000,+1.124,+0.000,+0.000,-0.000,+1.123,2,+0.000,-0.001,-0.01418,-0.001,-0.355,+0.002,+0.000,-0.000,-0.353,2,+0.000,+0.000,+0.05233,+0.000,+1.308,+0.000,+0.000,-0.000,+1.308,2,+0.007,-0.001,-0.061,+0.770
DRV,727490,+0.0000,+0.0000,+0.0000,+0.0000,+0.0000,+0.0000,+0.000,+0.000,-0.01069,+0.0028,+0.0000,-0.112,+0.000,+0.002,-0.05418,+0.002,-1.355,-0.005,+0.000,-0.009,-1.368,2,+0.000,+0.004,+0.04495,+0.004,+1.124,-0.008,+0.000,-0.009,+1.107,2,+0.000,-0.009,-0.01380,-0.009,-0.345,+0.017,+0.000,-0.009,-0.337,2,+0.000,-0.007,+0.05233,-0.007,+1.308,+0.014,+0.000,-0.009,+1.314,2,-0.005,-0.005,-0.055,+0.770
DRV,727494,+0.0000,+0.0000,+0.0000,+0.0000,+0.0000,+0.0000,+0.000,+0.000,-0.01068,+0.0028,+0.0000,-0.112,+0.000,+0.008,-0.05456,+0.008,-1.364,-0.016,+0.000,-0.009,-1.389,2,+0.000,+0.000,+0.04495,+0.000,+1.124,+0.000,+0.000,-0.009,+1.115,2,+0.000,+0.000,-0.01380,+0.000,-0.345,+0.000,+0.000,-0.009,-0.354,2,+0.000,+0.000,+0.05233,+0.000,+1.308,+0.000,+0.000,-0.009,+1.299,2,+0.008,+0.000,-0.090,+0.761
DRV,727498,+0.0000,+0.0000,+0.0000,+0.0000,+0.0000,+0.0000,+0.000,+0.000,-0.01067,+0.0049,+0.0000,-0.197,+0.000,+0.005,-0.05456,+0.005,-1.364,-0.010,+0.000,-0.016,-1.389,2,+0.000,+0.004,+0.04495,+0.004,+1.124,-0.009,+0.000,-0.016,+1.099,2,+0.000,-0.007,-0.01380,-0.007,-0.345,+0.014,+0.000,-0.016,-0.346,2,+0.000,-0.004,+0.05233,-0.004,+1.308,+0.008,+0.000,-0.016,+1.300,2,+0.001,-0.003,-0.089,+0.753
DRV,727502,+0.0000,+0.0000,+0.0000,+0.0000,+0.0000,+0.0000,+0.000,+0.000,-0.01065,+0.0049,+0.0000,-0.196,+0.000,+0.004,-0.05456,+0.004,-1.364,-0.008,+0.000,-0.016,-1.387,2,+0.000,+0.000,+0.04495,+0.000,+1.124,+0.000,+0.000,-0.016,+1.108,2,+0.000,+0.000,-0.01380,+0.000,-0.345,+0.000,+0.000,-0.016,-0.361,2,+0.000,+0.000,+0.05233,+0.000,+1.308,+0.000,+0.000,-0.016,+1.293,2,+0.004,+0.000,-0.095,+0.747
DRV,727506,+0.0000,+0.0000,+0.0000,+0.0000,+0.0000,+0.0000,+0.000,+0.000,-0.01062,+0.0070,+0.0000,-0.281,+0.000,+0.000,-0.05456,+0.000,-1.364,+0.000,+0.000,-0.022,-1.387,2,+0.000,+0.005,+0.04495,+0.005,+1.124,-0.010,+0.000,-0.022,+1.091,2,+0.000,+0.000,-0.01380,+0.000,-0.345,+0.000,+0.000,-0.022,-0.367,2,+0.000,+0.000,+0.05233,+0.000,+1.308,+0.000,+0.000,-0.022,+1.286,2,+0.000,+0.005,-0.101,+0.723
DRV,727510,+0.0000,+0.0000,+0.0000,+0.0000,+0.0000,+0.0000,+0.000,+0.000,-0.01059,+0.0070,+0.0000,-0.281,+0.000,+0.000,-0.05456,+0.000,-1.364,+0.000,+0.000,-0.022,-1.387,2,+0.000,+0.005,+0.04495,+0.005,+1.124,-0.010,+0.000,-0.022,+1.092,2,+0.000,+0.000,-0.01342,+0.000,-0.335,+0.000,+0.000,-0.022,-0.358,2,+0.000,-0.002,+0.05233,-0.002,+1.308,+0.004,+0.000,-0.022,+1.290,2,-0.002,+0.005,-0.097,+0.734
DRV,727514,+0.0000,+0.0000,+0.0000,+0.0000,+0.0000,+0.0000,+0.000,+0.000,-0.01056,+0.0081,+0.0000,-0.323,+0.000,+0.005,-0.05495,+0.005,-1.374,-0.010,+0.000,-0.026,-1.409,2,+0.000,+0.000,+0.04495,+0.000,+1.124,+0.000,+0.000,-0.026,+1.098,0,+0.000,+0.000,-0.01342,+0.000,-0.335,+0.000,+0.000,-0.026,-0.361,2,+0.000,+0.000,+0.05233,+0.000,+1.308,+0.000,+0.000,-0.026,+1.282,0,+0.005,+0.000,-0.127,+0.737
DRV,727518,+0.0000,+0.0000,+0.0000,+0.0000,+0.0000,+0.0000,+0.000,+0.000,-0.01053,+0.0080,+0.0000,-0.322,+0.000,-0.005,-0.05495,-0.005,-1.374,+0.010,+0.000,-0.026,-1.389,0,+0.000,+0.000,+0.04495,+0.000,+1.124,+0.000,+0.000,-0.026,+1.098,2,+0.000,+0.000,-0.01342,+0.000,-0.335,+0.000,+0.000,-0.026,-0.361,0,+0.000,+0.000,+0.05233,+0.000,+1.308,+0.000,+0.000,-0.026,+1.283,2,-0.005,+0.000,-0.106,+0.737
DRV,727522,+0.0000,+0.0000,+0.0000,+0.0000,+0.0000,+0.0000,+0.000,+0.000,-0.01050,+0.0054,+0.0000,-0.215,+0.000,+0.000,-0.05495,+0.000,-1.374,+0.000,+0.000,-0.017,-1.391,2,+0.000,+0.000,+0.04495,+0.000,+1.124,+0.000,+0.000,-0.017,+1.106,2,+0.000,+0.000,-0.01342,+0.000,-0.335,+0.000,+0.000,-0.017,-0.353,2,+0.000,+0.000,+0.05233,+0.000,+1.308,+0.000,+0.000,-0.017,+1.291,2,+0.000,+0.000,-0.100,+0.754
DRV,727526,+0.0000,+0.0000,+0.0000,+0.0000,+0.0000,+0.0000,+0.000,+0.000,-0.01048,+0.0054,+0.0000,-0.214,+0.000,-0.002,-0.05495,-0.002,-1.374,+0.004,+0.000,-0.017,-1.387,2,+0.000,+0.000,+0.04495,+0.000,+1.124,+0.000,+0.000,-0.017,+1.106,2,+0.000,+0.000,-0.01342,+0.000,-0.335,+0.000,+0.000,-0.017,-0.353,2,+0.000,+0.000,+0.05233,+0.000,+1.308,+0.000,+0.000,-0.017,+1.291,2,-0.002,+0.000,-0.096,+0.754
DRV,727530,+0.0000,+0.0000,+0.0000,+0.0000,+0.0000,+0.0000,+0.000,+0.000,-0.01046,+0.0043,+0.0000,-0.171,+0.000,+0.000,-0.05495,+0.000,-1.374,+0.000,+0.000,-0.014,-1.387,2,+0.000,+0.000,+0.04495,+0.000,+1.124,+0.000,+0.000,-0.014,+1.110,2,+0.000,+0.000,-0.01342,+0.000,-0.335,+0.000,+0.000,-0.014,-0.349,2,+0.000,+0.000,+0.05233,+0.000,+1.308,+0.000,+0.000,-0.014,+1.295,2,+0.000,+0.000,-0.093,+0.761
DRV,727534,+0.0000,+0.0000,+0.0000,+0.0000,+0.0000,+0.0000,+0.000,+0.000,-0.01045,+0.0043,+0.0000,-0.171,+0.000,-0.005,-0.05456,-0.005,-1.364,+0.010,+0.000,-0.014,-1.368,2,+0.000,+0.000,+0.04495,+0.000,+1.124,+0.000,+0.000,-0.014,+1.110,2,+0.000,+0.000,-0.01342,+0.000,-0.335,+0.000,+0.000,-0.014,-0.349,2,+0.000,-0.002,+0.05271,-0.002,+1.318,+0.004,+0.000,-0.014,+1.308,2,-0.007,+0.000,-0.060,+0.761
DRV,727538,+0.0000,+0.0000,+0.0000,+0.0000,+0.0000,+0.0000,+0.000,+0.000,-0.01043,+0.0043,+0.0000,-0.171,+0.000,+0.000,-0.05456,+0.000,-1.364,+0.000,+0.000,-0.014,-1.378,2,+0.000,+0.000,+0.04495,+0.000,+1.124,+0.000,+0.000,-0.014,+1.110,2,+0.000,+0.000,-0.01342,+0.000,-0.335,+0.000,+0.000,-0.014,-0.349,2,+0.000,+0.000,+0.05271,+0.000,+1.318,+0.000,+0.000,-0.014,+1.304,2,+0.000,+0.000,-0.074,+0.761
DRV,727542,+0.0000,+0.0000,+0.0000,+0.0000,+0.0000,+0.0000,+0.000,+0.000,-0.01041,+0.0043,+0.0000,-0.170,+0.000,-0.002,-0.05456,-0.002,-1.364,+0.005,+0.000,-0.014,-1.373,2,+0.000,+0.000,+0.04495,+0.000,+1.124,+0.000,+0.000,-0.014,+1.110,2,+0.000,+0.000,-0.01342,+0.000,-0.335,+0.000,+0.000,-0.014,-0.349,2,+0.000,-0.003,+0.05271,-0.003,+1.318,+0.007,+0.000,-0.014,+1.311,2,-0.006,+0.000,-0.062,+0.761
DRV,727546,+0.0000,+0.0000,+0.0000,+0.0000,+0.0000,+0.0000,+0.000,+0.000,-0.01040,+0.0037,+0.0000,-0.149,+0.000,+0.000,-0.05456,+0.000,-1.364,+0.000,+0.000,-0.012,-1.376,2,+0.000,+0.000,+0.04495,+0.000,+1.124,+0.000,+0.000,-0.012,+1.112,2,+0.000,+0.000,-0.01342,+0.000,-0.335,+0.000,+0.000,-0.012,-0.347,2,+0.000,+0.000,+0.05271,+0.000,+1.318,+0.000,+0.000,-0.012,+1.306,2,+0.000,+0.000,-0.070,+0.764
DRV,727550,+0.0000,+0.0000,+0.0000,+0.0000,+0.0000,+0.0000,+0.000,+0.000,-0.01038,+0.0037,+0.0000,-0.149,+0.000,+0.000,-0.05456,+0.000,-1.364,+0.000,+0.000,-0.012,-1.376,0,+0.000,+0.000,+0.04495,+0.000,+1.124,+0.000,+0.000,-0.012,+1.112,0,+0.000,+0.000,-0.01342,+0.000,-0.335,+0.000,+0.000,-0.012,-0.347,2,+0.000,+0.000,+0.05271,+0.000,+1.318,+0.000,+0.000,-0.012,+1.306,0,+0.000,+0.000,-0.070,+0.764
DRV,727554,+0.0000,+0.0000,+0.0000,+0.0000,+0.0000,+0.0000,+0.000,+0.000,-0.01037,+0.0037,+0.0000,-0.148,+0.000,+0.000,-0.05456,+0.000,-1.364,+0.000,+0.000,-0.012,-1.376,0,+0.000,+0.000,+0.04495,+0.000,+1.124,-0.001,+0.000,-0.012,+1.111,0,+0.000,+0.000,-0.01342,+0.000,-0.335,+0.000,+0.000,-0.012,-0.347,0,+0.000,-0.003,+0.05271,-0.003,+1.318,+0.007,+0.000,-0.012,+1.313,0,-0.003,+0.000,-0.063,+0.764
DRV,727558,+0.0000,+0.0000,+0.0000,+0.0000,+0.0000,+0.0000,+0.000,+0.000,-0.01035,+0.0037,+0.0000,-0.148,+0.000,+0.000,-0.05456,+0.000,-1.364,+0.000,+0.000,-0.012,-1.376,0,+0.000,+0.003,+0.04456,+0.003,+1.114,-0.007,+0.000,-0.012,+1.096,2,+0.000,-0.000,-0.01342,-0.000,-0.335,+0.001,+0.000,-0.012,-0.346,0,+0.000,+0.000,+0.05271,+0.000,+1.318,+0.000,+0.000,-0.012,+1.306,2,+0.000,+0.003,-0.070,+0.749
DRV,727562,+0.0000,+0.0000,+0.0000,+0.0000,+0.0000,+0.0000,+0.000,+0.000,-0.01034,+0.0048,+0.0000,-0.190,+0.000,+0.007,-0.05495,+0.007,-1.374,-0.013,+0.000,-0.015,-1.402,2,+0.000,+0.000,+0.04456,+0.000,+1.114,+0.000,+0.000,-0.015,+1.099,2,+0.000,-0.003,-0.01342,-0.003,-0.335,+0.007,+0.000,-0.015,-0.344,2,+0.000,-0.001,+0.05271,-0.001,+1.318,+0.002,+0.000,-0.015,+1.305,2,+0.006,-0.003,-0.098,+0.755
DRV,727566,+0.0000,+0.0000,+0.0000,+0.0000,+0.0000,+0.0000,+0.000,+0.000,-0.01032,+0.0047,+0.0000,-0.190,+0.000,+0.001,-0.05495,+0.001,-1.374,-0.002,+0.000,-0.015,-1.391,2,+0.000,+0.000,+0.04456,+0.000,+1.114,+0.000,+0.000,-0.015,+1.099,2,+0.000,-0.007,-0.01342,-0.007,-0.335,+0.014,+0.000,-0.015,-0.336,2,+0.000,-0.001,+0.05271,-0.001,+1.318,+0.003,+0.000,-0.015,+1.306,2,-0.000,-0.007,-0.085,+0.763
DRV,727570,+0.0000,+0.0000,+0.0000,+0.0000,+0.0000,+0.0000,+0.000,+0.000,-0.01030,+0.0042,+0.0000,-0.168,+0.000,+0.002,-0.05495,+0.002,-1.374,-0.004,+0.000,-0.013,-1.391,2,+0.000,+0.003,+0.04456,+0.003,+1.114,-0.006,+0.000,-0.013,+1.095,2,+0.000,-0.001,-0.01342,-0.001,-0.335,+0.002,+0.000,-0.013,-0.347,2,+0.000,-0.005,+0.05271,-0.005,+1.318,+0.010,+0.000,-0.013,+1.315,2,-0.003,+0.002,-0.076,+0.748
DRV,727574,+0.0000,+0.0000,+0.0000,+0.0000,+0.0000,+0.0000,+0.000,+0.000,-0.01028,+0.0042,+0.0000,-0.168,+0.000,+0.000,-0.05495,+0.000,-1.374,-0.001,+0.000,-0.013,-1.388,2,+0.000,+0.000,+0.04456,+0.000,+1.114,+0.000,+0.000,-0.013,+1.101,2,+0.000,-0.003,-0.01342,-0.003,-0.335,+0.007,+0.000,-0.013,-0.342,2,+0.000,+0.000,+0.05271,+0.000,+1.318,+0.000,+0.000,-0.013,+1.304,2,+0.000,-0.003,-0.084,+0.758
DRV,727578,+0.0000,+0.0000,+0.0000,+0.0000,+0.0000,+0.0000,+0.000,+0.000,-0.01026,+0.0047,+0.0000,-0.189,+0.000,+0.001,-0.05495,+0.001,-1.374,-0.003,+0.000,-0.015,-1.392,2,+0.000,+0.000,+0.04456,+0.000,+1.114,+0.000,+0.000,-0.015,+1.099,2,+0.000,-0.003,-0.01303,-0.003,-0.326,+0.007,+0.000,-0.015,-0.334,2,+0.000,-0.008,+0.05310,-0.008,+1.327,+0.015,+0.000,-0.015,+1.328,2,-0.006,-0.003,-0.064,+0.765
DRV,727582,+0.0000,+0.0000,+0.0000,+0.0000,+0.0000,+0.0000,+0.000,+0.000,-0.01025,+0.0047,+0.0000,-0.188,+0.000,+0.000,-0.05495,+0.000,-1.374,+0.000,+0.000,-0.015,-1.389,2,+0.000,+0.000,+0.04456,+0.000,+1.114,+0.000,+0.000,-0.015,+1.099,2,+0.000,-0.002,-0.01303,-0.002,-0.326,+0.004,+0.000,-0.015,-0.337,2,+0.000,+0.000,+0.05310,+0.000,+1.327,+0.000,+0.000,-0.015,+1.312,2,+0.000,-0.002,-0.076,+0.762
DRV,727586,+0.0000,+0.0000,+0.0000,+0.0000,+0.0000,+0.0000,+0.000,+0.000,-0.01023,+0.0020,+0.0000,-0.082,+0.000,+0.001,-0.05495,+0.001,-1.374,-0.003,+0.000,-0.007,-1.383,2,+0.000,+0.000,+0.04456,+0.000,+1.114,+0.000,+0.000,-0.007,+1.108,0,+0.000,-0.007,-0.01303,-0.007,-0.326,+0.013,+0.000,-0.007,-0.319,2,+0.000,-0.009,+0.05310,-0.009,+1.327,+0.018,+0.000,-0.007,+1.339,0,-0.008,-0.007,-0.044,+0.789
DRV,727590,+0.0000,+0.0000,+0.0000,+0.0000,+0.0000,+0.0000,+0.000,+0.000,-0.01023,+0.0020,+0.0000,-0.082,+0.000,+0.000,-0.05495,+0.000,-1.374,+0.000,+0.000,-0.007,-1.380,0,+0.000,+0.000,+0.04456,+0.000,+1.114,+0.000,+0.000,-0.007,+1.108,0,+0.000,-0.001,-0.01303,-0.001,-0.326,+0.002,+0.000,-0.007,-0.330,0,+0.000,+0.000,+0.05310,+0.000,+1.327,+0.000,+0.000,-0.007,+1.321,0,+0.000,-0.001,-0.059,+0.777
DRV,727594,+0.0000,+0.0000,+0.0000,+0.0000,+0.0000,+0.0000,+0.000,+0.000,-0.01022,+0.0026,+0.0000,-0.103,+0.000,+0.004,-0.05533,+0.004,-1.383,-0.009,+0.000,-0.008,-1.400,0,+0.000,+0.000,+0.04456,+0.000,+1.114,+0.000,+0.000,-0.008,+1.106,2,+0.000,-0.004,-0.01303,-0.004,-0.326,+0.009,+0.000,-0.008,-0.325,0,+0.000,+0.000,+0.05310,+0.000,+1.327,+0.000,+0.000,-0.008,+1.319,2,+0.004,-0.004,-0.081,+0.780
DRV,727598,+0.0000,+0.0000,+0.0000,+0.0000,+0.0000,+0.0000,+0.000,+0.000,-0.01021,+0.0026,+0.0000,-0.102,+0.000,+0.000,-0.05533,+0.000,-1.383,+0.000,+0.000,-0.008,-1.391,2,+0.000,+0.000,+0.04456,+0.000,+1.114,+0.000,+0.000,-0.008,+1.106,2,+0.000,-0.003,-0.01265,-0.003,-0.316,+0.006,+0.000,-0.008,-0.319,2,+0.000,+0.000,+0.05310,+0.000,+1.327,+0.000,+0.000,-0.008,+1.319,2,+0.000,-0.003,-0.072,+0.787
DRV,727602,+0.0000,+0.0000,+0.0000,+0.0000,+0.0000,+0.0000,+0.000,+0.000,-0.01019,+0.0031,+0.0000,-0.123,+0.000,+0.000,-0.05533,+0.000,-1.383,+0.000,+0.000,-0.010,-1.393,2,+0.000,+0.000,+0.04456,+0.000,+1.114,+0.000,+0.000,-0.010,+1.104,2,+0.000,+0.000,-0.01265,+0.000,-0.316,+0.000,+0.000,-0.010,-0.326,2,+0.000,-0.001,+0.05310,-0.001,+1.327,+0.002,+0.000,-0.010,+1.319,2,-0.001,+0.000,-0.074,+0.778
DRV,727606,+0.0000,+0.0000,+0.0000,+0.0000,+0.0000,+0.0000,+0.000,+0.000,-0.01018,+0.0039,+0.0000,-0.155,+0.000,+0.000,-0.05533,+0.000,-1.383,+0.000,+0.000,-0.012,-1.396,2,+0.000,+0.000,+0.04456,+0.000,+1.114,+0.000,+0.000,-0.012,+1.102,2,+0.000,+0.000,-0.01265,+0.000,-0.316,+0.000,+0.000,-0.012,-0.329,2,+0.000,-0.002,+0.05310,-0.002,+1.327,+0.004,+0.000,-0.012,+1.319,2,-0.002,+0.000,-0.077,+0.773
DRV,727610,+0.0000,+0.0000,+0.0000,+0.0000,+0.0000,+0.0000,+0.000,+0.000,-0.01016,+0.0047,+0.0000,-0.187,+0.000,+0.000,-0.05533,+0.000,-1.383,+0.000,+0.000,-0.015,-1.398,2,+0.000,+0.000,+0.04456,+0.000,+1.114,+0.000,+0.000,-0.015,+1.099,2,+0.000,-0.006,-0.01265,-0.006,-0.316,+0.012,+0.000,-0.015,-0.319,2,+0.000,+0.000,+0.05310,+0.000,+1.327,+0.000,+0.000,-0.015,+1.313,2,+0.000,-0.006,-0.086,+0.780
DRV,727614,+0.0000,+0.0000,+0.0000,+0.0000,+0.0000,+0.0000,+0.000,+0.000,-0.01014,+0.0039,+0.0000,-0.154,+0.000,+0.003,-0.05533,+0.003,-1.383,-0.007,+0.000,-0.012,-1.402,2,+0.000,+0.000,+0.04456,+0.000,+1.114,+0.000,+0.000,-0.012,+1.102,2,+0.000,+0.000,-0.01265,+0.000,-0.316,+0.000,+0.000,-0.012,-0.329,2,+0.000,+0.000,+0.05310,+0.000,+1.327,+0.000,+0.000,-0.012,+1.315,2,+0.003,+0.000,-0.087,+0.773
DRV,727618,+0.0000,+0.0000,+0.0000,+0.0000,+0.0000,+0.0000,+0.000,+0.000,-0.01013,+0.0031,+0.0000,-0.122,+0.000,+0.000,-0.05533,+0.000,-1.383,+0.000,+0.000,-0.010,-1.393,2,+0.000,+0.000,+0.04456,+0.000,+1.114,+0.000,+0.000,-0.010,+1.104,2,+0.000,+0.000,-0.01265,+0.000,-0.316,+0.000,+0.000,-0.010,-0.326,2,+0.000,+0.000,+0.05310,+0.000,+1.327,+0.000,+0.000,-0.010,+1.318,2,+0.000,+0.000,-0.075,+0.778
DRV,727622,+0.0000,+0.0000,+0.0000,+0.0000,+0.0000,+0.0000,+0.000,+0.000,-0.01012,+0.0033,+0.0000,-0.133,+0.000,+0.000,-0.05533,+0.000,-1.383,+0.000,+0.000,-0.011,-1.394,2,+0.000,+0.000,+0.04456,+0.000,+1.114,+0.000,+0.000,-0.011,+1.103,0,+0.000,+0.000,-0.01265,+0.000,-0.316,+0.000,+0.000,-0.011,-0.327,2,+0.000,+0.000,+0.05310,+0.000,+1.327,+0.000,+0.000,-0.011,+1.317,0,+0.000,+0.000,-0.077,+0.777
DRV,727626,+0.0000,+0.0000,+0.0000,+0.0000,+0.0000,+0.0000,+0.000,+0.000,-0.01011,+0.0036,+0.0000,-0.143,+0.000,-0.003,-0.05533,-0.003,-1.383,+0.006,+0.000,-0.011,-1.389,2,+0.000,-0.002,+0.04456,-0.002,+1.114,+0.005,+0.000,-0.011,+1.107,0,+0.000,+0.000,-0.01265,+0.000,-0.316,+0.000,+0.000,-0.011,-0.328,0,+0.000,+0.000,+0.05310,+0.000,+1.327,+0.000,+0.000,-0.011,+1.316,0,-0.003,-0.002,-0.073,+0.780
DRV,727630,+0.0000,+0.0000,+0.0000,+0.0000,+0.0000,+0.0000,+0.000,+0.000,-0.01009,+0.0036,+0.0000,-0.143,+0.000,+0.000,-0.05533,+0.000,-1.383,+0.000,+0.000,-0.011,-1.395,0,+0.000,-0.002,+0.04495,-0.002,+1.124,+0.005,+0.000,-0.011,+1.117,2,+0.000,+0.000,-0.01265,+0.000,-0.316,-0.001,+0.000,-0.011,-0.329,0,+0.000,+0.005,+0.05310,+0.005,+1.327,-0.010,+0.000,-0.011,+1.306,2,+0.005,-0.002,-0.089,+0.788
DRV,727634,+0.0000,+0.0000,+0.0000,+0.0000,+0.0000,+0.0000,+0.000,+0.000,-0.01008,+0.0036,+0.0000,-0.142,+0.000,-0.007,-0.05495,-0.007,-1.374,+0.014,+0.000,-0.011,-1.371,2,+0.000,+0.000,+0.04495,+0.000,+1.124,+0.000,+0.000,-0.011,+1.112,2,+0.000,+0.001,-0.01265,+0.001,-0.316,-0.003,+0.000,-0.011,-0.330,2,+0.000,+0.000,+0.05310,+0.000,+1.327,-0.001,+0.000,-0.011,+1.315,2,-0.007,+0.001,-0.056,+0.782
DRV,727638,+0.0000,+0.0000,+0.0000,+0.0000,+0.0000,+0.0000,+0.000,+0.000,-0.01006,+0.0051,+0.0000,-0.206,+0.000,+0.000,-0.05495,+0.000,-1.374,+0.000,+0.000,-0.016,-1.390,2,+0.000,+0.000,+0.04495,+0.000,+1.124,+0.000,+0.000,-0.016,+1.107,2,+0.000,+0.007,-0.01265,+0.007,-0.316,-0.013,+0.000,-0.016,-0.346,2,+0.000,+0.005,+0.05310,+0.005,+1.327,-0.010,+0.000,-0.016,+1.300,2,+0.005,+0.007,-0.090,+0.761
DRV,727642,+0.0000,+0.0000,+0.0000,+0.0000,+0.0000,+0.0000,+0.000,+0.000,-0.01003,+0.0067,+0.0000,-0.269,+0.000,-0.001,-0.05495,-0.001,-1.374,+0.002,+0.000,-0.022,-1.393,2,+0.000,-0.000,+0.04495,-0.000,+1.124,+0.001,+0.000,-0.022,+1.103,2,+0.000,+0.003,-0.01265,+0.003,-0.316,-0.007,+0.000,-0.022,-0.344,2,+0.000,+0.003,+0.05310,+0.003,+1.327,-0.007,+0.000,-0.022,+1.299,2,+0.002,+0.003,-0.094,+0.759
DRV,727646,+0.0000,+0.0000,+0.0000,+0.0000,+0.0000,+0.0000,+0.000,+0.000,-0.01000,+0.0073,+0.0000,-0.290,+0.000,+0.000,-0.05495,+0.000,-1.374,+0.000,+0.000,-0.023,-1.397,2,+0.000,-0.000,+0.04495,-0.000,+1.124,+0.001,+0.000,-0.023,+1.101,2,+0.000,+0.002,-0.01303,+0.002,-0.326,-0.005,+0.000,-0.023,-0.354,2,+0.000,+0.000,+0.05271,+0.000,+1.318,+0.000,+0.000,-0.023,+1.295,2,+0.000,+0.002,-0.102,+0.748
DRV,727650,+0.0000,+0.0000,+0.0000,+0.0000,+0.0000,+0.0000,+0.000,+0.000,-0.00997,+0.0078,+0.0000,-0.311,+0.000,+0.000,-0.05495,+0.000,-1.374,+0.000,+0.000,-0.025,-1.399,2,+0.000,-0.002,+0.04495,-0.002,+1.124,+0.004,+0.000,-0.025,+1.103,2,+0.000,+0.010,-0.01303,+0.010,-0.326,-0.020,+0.000,-0.025,-0.371,2,+0.000,+0.002,+0.05271,+0.002,+1.318,-0.004,+0.000,-0.025,+1.289,2,+0.002,+0.008,-0.109,+0.732
DRV,727654,+0.0000,+0.0000,+0.0000,+0.0000,+0.0000,+0.0000,+0.000,+0.000,-0.00994,+0.0086,+0.0000,-0.342,+0.000,-0.003,-0.05495,-0.003,-1.374,+0.007,+0.000,-0.027,-1.394,2,+0.000,+0.000,+0.04495,+0.000,+1.124,+0.000,+0.000,-0.027,+1.096,2,+0.000,+0.005,-0.01303,+0.005,-0.326,-0.010,+0.000,-0.027,-0.363,2,+0.000,+0.000,+0.05271,+0.000,+1.318,+0.000,+0.000,-0.027,+1.291,2,-0.003,+0.005,-0.104,+0.734
DRV,727658,+0.0000,+0.0000,+0.0000,+0.0000,+0.0000,+0.0000,+0.000,+0.000,-0.00990,+0.0093,+0.0000,-0.373,+0.000,+0.000,-0.05495,+0.000,-1.374,+0.000,+0.000,-0.030,-1.404,2,+0.000,+0.000,+0.04495,+0.000,+1.124,+0.000,+0.000,-0.030,+1.094,2,+0.000,+0.008,-0.01342,+0.008,-0.335,-0.015,+0.000,-0.030,-0.381,2,+0.000,+0.002,+0.05271,+0.002,+1.318,-0.004,+0.000,-0.030,+1.284,2,+0.002,+0.008,-0.119,+0.713
DRV,727662,+0.0000,+0.0000,+0.0000,+0.0000,+0.0000,+0.0000,+0.000,+0.000,-0.00987,+0.0080,+0.0000,-0.319,+0.000,+0.000,-0.05495,+0.000,-1.374,+0.000,+0.000,-0.026,-1.399,0,+0.000,-0.003,+0.04495,-0.003,+1.124,+0.007,+0.000,-0.026,+1.105,0,+0.000,+0.000,-0.01342,+0.000,-0.335,-0.001,+0.000,-0.026,-0.362,2,+0.000,+0.002,+0.05271,+0.002,+1.318,-0.005,+0.000,-0.026,+1.288,0,+0.002,-0.003,-0.112,+0.743
DRV,727666,+0.0000,+0.0000,+0.0000,+0.0000,+0.0000,+0.0000,+0.000,+0.000,-0.00984,+0.0066,+0.0000,-0.266,+0.000,+0.000,-0.05495,+0.000,-1.374,+0.000,+0.000,-0.021,-1.395,0,+0.000,+0.000,+0.04495,+0.000,+1.124,+0.000,+0.000,-0.021,+1.102,2,+0.000,+0.000,-0.01342,+0.000,-0.335,+0.000,+0.000,-0.021,-0.357,0,+0.000,+0.000,+0.05271,+0.000,+1.318,+0.000,+0.000,-0.021,+1.297,2,+0.000,+0.000,-0.098,+0.746
DRV,727670,+0.0000,+0.0000,+0.0000,+0.0000,+0.0000,+0.0000,+0.000,+0.000,-0.00982,+0.0058,+0.0000,-0.233,+0.000,-0.001,-0.05495,-0.001,-1.374,+0.003,+0.000,-0.019,-1.389,0,+0.000,+0.000,+0.04495,+0.000,+1.124,+0.000,+0.000,-0.019,+1.105,2,+0.000,+0.000,-0.01342,+0.000,-0.335,+0.000,+0.000,-0.019,-0.354,0,+0.000,+0.000,+0.05271,+0.000,+1.318,+0.000,+0.000,-0.019,+1.299,2,-0.001,+0.000,-0.090,+0.751
DRV,727674,+0.0000,+0.0000,+0.0000,+0.0000,+0.0000,+0.0000,+0.000,+0.000,-0.00980,+0.0050,+0.0000,-0.201,+0.000,+0.000,-0.05456,+0.000,-1.364,+0.000,+0.000,-0.016,-1.380,2,+0.000,+0.000,+0.04495,+0.000,+1.124,+0.000,+0.000,-0.016,+1.108,2,+0.000,+0.000,-0.01342,+0.000,-0.335,+0.000,+0.000,-0.016,-0.351,2,+0.000,+0.000,+0.05271,+0.000,+1.318,+0.000,+0.000,-0.016,+1.302,2,+0.000,+0.000,-0.078,+0.756
DRV,727678,+0.0000,+0.0000,+0.0000,+0.0000,+0.0000,+0.0000,+0.000,+0.000,-0.00978,+0.0042,+0.0000,-0.168,+0.000,+0.000,-0.05456,+0.000,-1.364,+0.000,+0.000,-0.013,-1.378,2,+0.000,+0.000,+0.04495,+0.000,+1.124,+0.000,+0.000,-0.013,+1.110,2,+0.000,+0.000,-0.01342,+0.000,-0.335,+0.000,+0.000,-0.013,-0.349,2,+0.000,+0.000,+0.05271,+0.000,+1.318,+0.000,+0.000,-0.013,+1.304,2,+0.000,+0.000,-0.073,+0.761
DRV,727682,+0.0000,+0.0000,+0.0000,+0.0000,+0.0000,+0.0000,+0.000,+0.000,-0.00977,+0.0034,+0.0000,-0.136,+0.000,-0.002,-0.05456,-0.002,-1.364,+0.004,+0.000,-0.011,-1.371,2,+0.000,-0.004,+0.04495,-0.004,+1.124,+0.008,+0.000,-0.011,+1.120,2,+0.000,+0.000,-0.01342,+0.000,-0.335,+0.000,+0.000,-0.011,-0.346,2,+0.000,+0.000,+0.05271,+0.000,+1.318,+0.000,+0.000,-0.011,+1.307,2,-0.002,-0.004,-0.064,+0.774
DRV,727686,+0.0000,+0.0000,+0.0000,+0.0000,+0.0000,+0.0000,+0.000,+0.000,-0.00975,+0.0039,+0.0000,-0.157,+0.000,+0.001,-0.05456,+0.001,-1.364,-0.003,+0.000,-0.013,-1.380,2,+0.000,+0.000,+0.04495,+0.000,+1.124,+0.000,+0.000,-0.013,+1.111,2,+0.000,+0.000,-0.01342,+0.000,-0.335,+0.000,+0.000,-0.013,-0.348,2,+0.000,+0.000,+0.05271,+0.000,+1.318,+0.000,+0.000,-0.013,+1.305,2,+0.001,+0.000,-0.074,+0.763
DRV,727690,+0.0000,+0.0000,+0.0000,+0.0000,+0.0000,+0.0000,+0.000,+0.000,-0.00973,+0.0045,+0.0000,-0.178,+0.000,+0.000,-0.05456,+0.000,-1.364,+0.000,+0.000,-0.014,-1.378,2,+0.000,+0.000,+0.04495,+0.000,+1.124,+0.000,+0.000,-0.014,+1.109,2,+0.000,+0.000,-0.01342,+0.000,-0.335,+0.000,+0.000,-0.014,-0.350,2,+0.000,+0.000,+0.05271,+0.000,+1.318,+0.000,+0.000,-0.014,+1.304,2,+0.000,+0.000,-0.075,+0.760
DRV,727694,+0.0000,+0.0000,+0.0000,+0.0000,+0.0000,+0.0000,+0.000,+0.000,-0.00971,+0.0047,+0.0000,-0.188,+0.000,+0.000,-0.05456,+0.000,-1.364,+0.000,+0.000,-0.015,-1.379,2,+0.000,+0.000,+0.04495,+0.000,+1.124,+0.000,+0.000,-0.015,+1.109,2,+0.000,+0.000,-0.01342,+0.000,-0.335,+0.000,+0.000,-0.015,-0.350,2,+0.000,+0.000,+0.05271,+0.000,+1.318,+0.000,+0.000,-0.015,+1.303,2,+0.000,+0.000,-0.076,+0.758
DRV,727698,+0.0000,+0.0000,+0.0000,+0.0000,+0.0000,+0.0000,+0.000,+0.000,-0.00969,+0.0050,+0.0000,-0.199,+0.000,+0.000,-0.05456,+0.000,-1.364,+0.000,+0.000,-0.016,-1.380,2,+0.000,+0.000,+0.04495,+0.000,+1.124,+0.000,+0.000,-0.016,+1.108,0,+0.000,+0.000,-0.01342,+0.000,-0.335,+0.000,+0.000,-0.016,-0.351,2,+0.000,+0.007,+0.05233,+0.007,+1.308,-0.013,+0.000,-0.016,+1.279,0,+0.007,+0.000,-0.101,+0.756
DRV,727702,+0.0000,+0.0000,+0.0000,+0.0000,+0.0000,+0.0000,+0.000,+0.000,-0.00967,+0.0060,+0.0000,-0.241,+0.000,+0.000,-0.05456,+0.000,-1.364,+0.000,+0.000,-0.019,-1.383,0,+0.000,+0.000,+0.04495,+0.000,+1.124,+0.000,+0.000,-0.019,+1.104,0,+0.000,+0.003,-0.01342,+0.003,-0.335,-0.007,+0.000,-0.019,-0.361,0,+0.000,+0.000,+0.05233,+0.000,+1.308,+0.000,+0.000,-0.019,+1.289,0,+0.000,+0.003,-0.094,+0.743
DRV,727706,+0.0000,+0.0000,+0.0000,+0.0000,+0.0000,+0.0000,+0.000,+0.000,-0.00964,+0.0071,+0.0000,-0.283,+0.000,+0.000,-0.05456,+0.000,-1.364,+0.000,+0.000,-0.023,-1.387,0,+0.000,+0.000,+0.04495,+0.000,+1.124,+0.000,+0.000,-0.023,+1.101,2,+0.000,+0.000,-0.01342,+0.000,-0.335,-0.001,+0.000,-0.023,-0.359,0,+0.000,+0.000,+0.05233,+0.000,+1.308,+0.000,+0.000,-0.023,+1.286,2,+0.000,+0.000,-0.101,+0.742
DRV,727710,+0.0000,+0.0000,+0.0000,+0.0000,+0.0000,+0.0000,+0.000,+0.000,-0.00962,+0.0071,+0.0000,-0.282,+0.000,+0.004,-0.05495,+0.004,-1.374,-0.008,+0.000,-0.023,-1.404,2,+0.000,+0.000,+0.04495,+0.000,+1.124,+0.000,+0.000,-0.023,+1.101,2,+0.000,+0.000,-0.01342,+0.000,-0.335,+0.000,+0.000,-0.023,-0.358,2,+0.000,+0.000,+0.05233,+0.000,+1.308,+0.000,+0.000,-0.023,+1.286,2,+0.004,+0.000,-0.118,+0.743
DRV,727714,+0.0000,+0.0000,+0.0000,+0.0000,+0.0000,+0.0000,+0.000,+0.000,-0.00959,+0.0070,+0.0000,-0.282,+0.000,+0.000,-0.05495,+0.000,-1.374,+0.000,+0.000,-0.023,-1.396,2,+0.000,+0.000,+0.04495,+0.000,+1.124,+0.000,+0.000,-0.023,+1.101,2,+0.000,+0.000,-0.01342,+0.000,-0.335,+0.000,+0.000,-0.023,-0.358,2,+0.000,+0.000,+0.05233,+0.000,+1.308,+0.000,+0.000,-0.023,+1.286,2,+0.000,+0.000,-0.110,+0.743
DRV,727718,+0.0000,+0.0000,+0.0000,+0.0000,+0.0000,+0.0000,+0.000,+0.000,-0.00956,+0.0068,+0.0000,-0.271,+0.000,+0.000,-0.05456,+0.000,-1.364,+0.000,+0.000,-0.022,-1.386,2,+0.000,+0.000,+0.04495,+0.000,+1.124,+0.000,+0.000,-0.022,+1.102,2,+0.000,+0.000,-0.01342,+0.000,-0.335,+0.000,+0.000,-0.022,-0.357,2,+0.000,+0.001,+0.05233,+0.001,+1.308,-0.002,+0.000,-0.022,+1.285,2,+0.001,+0.000,-0.101,+0.745
DRV,727722,+0.0000,+0.0000,+0.0000,+0.0000,+0.0000,+0.0000,+0.000,+0.000,-0.00953,+0.0065,+0.0000,-0.259,+0.000,+0.000,-0.05456,+0.000,-1.364,+0.000,+0.000,-0.021,-1.385,2,+0.000,-0.001,+0.04495,-0.001,+1.124,+0.002,+0.000,-0.021,+1.105,2,+0.000,+0.000,-0.01342,+0.000,-0.335,+0.000,+0.000,-0.021,-0.356,2,+0.000,+0.000,+0.05233,+0.000,+1.308,+0.000,+0.000,-0.021,+1.288,2,+0.000,-0.001,-0.097,+0.749
DRV,727726,+0.0000,+0.0000,+0.0000,+0.0000,+0.0000,+0.0000,+0.000,+0.000,-0.00951,+0.0046,+0.0000,-0.184,+0.000,-0.002,-0.05456,-0.002,-1.364,+0.004,+0.000,-0.015,-1.375,2,+0.000,+0.000,+0.04495,+0.000,+1.124,+0.000,+0.000,-0.015,+1.109,2,+0.000,+0.000,-0.01342,+0.000,-0.335,+0.000,+0.000,-0.015,-0.350,2,+0.000,+0.000,+0.05233,+0.000,+1.308,+0.000,+0.000,-0.015,+1.294,2,-0.002,+0.000,-0.082,+0.759
DRV,727730,+0.0000,+0.0000,+0.0000,+0.0000,+0.0000,+0.0000,+0.000,+0.000,-0.00950,+0.0027,+0.0000,-0.110,+0.000,-0.001,-0.05456,-0.001,-1.364,+0.003,+0.000,-0.009,-1.370,2,+0.000,+0.000,+0.04495,+0.000,+1.124,+0.000,+0.000,-0.009,+1.115,2,+0.000,+0.000,-0.01342,+0.000,-0.335,+0.000,+0.000,-0.009,-0.344,2,+0.000,+0.000,+0.05233,+0.000,+1.308,+0.000,+0.000,-0.009,+1.300,2,-0.001,+0.000,-0.071,+0.771
DRV,727734,+0.0000,+0.0000,+0.0000,+0.0000,+0.0000,+0.0000,+0.000,+0.000,-0.00949,+0.0030,+0.0000,-0.120,+0.000,+0.000,-0.05456,+0.000,-1.364,+0.000,+0.000,-0.010,-1.374,2,+0.000,+0.000,+0.04495,+0.000,+1.124,+0.000,+0.000,-0.010,+1.114,0,+0.000,+0.000,-0.01342,+0.000,-0.335,+0.000,+0.000,-0.010,-0.345,2,+0.000,+0.000,+0.05233,+0.000,+1.308,+0.000,+0.000,-0.010,+1.299,0,+0.000,+0.000,-0.075,+0.769
DRV,727738,+0.0000,+0.0000,+0.0000,+0.0000,+0.0000,+0.0000,+0.000,+0.000,-0.00948,+0.0033,+0.0000,-0.130,+0.000,-0.004,-0.05456,-0.004,-1.364,+0.009,+0.000,-0.010,-1.366,0,+0.000,+0.000,+0.04495,+0.000,+1.124,+0.000,+0.000,-0.010,+1.113,0,+0.000,+0.000,-0.01342,+0.000,-0.335,+0.000,+0.000,-0.010,-0.346,0,+0.000,+0.000,+0.05233,+0.000,+1.308,+0.000,+0.000,-0.010,+1.298,0,-0.004,+0.000,-0.068,+0.767
DRV,727742,+0.0000,+0.0000,+0.0000,+0.0000,+0.0000,+0.0000,+0.000,+0.000,-0.00946,+0.0041,+0.0000,-0.162,+0.000,+0.000,-0.05456,+0.000,-1.364,+0.000,+0.000,-0.013,-1.377,0,+0.000,+0.000,+0.04495,+0.000,+1.124,+0.000,+0.000,-0.013,+1.111,2,+0.000,+0.000,-0.01342,+0.000,-0.335,+0.000,+0.000,-0.013,-0.348,0,+0.000,+0.000,+0.05233,+0.000,+1.308,+0.000,+0.000,-0.013,+1.295,2,+0.000,+0.000,-0.082,+0.762
DRV,727746,+0.0000,+0.0000,+0.0000,+0.0000,+0.0000,+0.0000,+0.000,+0.000,-0.00944,+0.0048,+0.0000,-0.194,+0.000,+0.000,-0.05456,+0.000,-1.364,+0.000,+0.000,-0.015,-1.380,2,+0.000,+0.000,+0.04495,+0.000,+1.124,+0.000,+0.000,-0.015,+1.108,2,+0.000,+0.000,-0.01342,+0.000,-0.335,+0.000,+0.000,-0.015,-0.351,2,+0.000,+0.003,+0.05233,+0.003,+1.308,-0.007,+0.000,-0.015,+1.286,2,+0.003,+0.000,-0.093,+0.757
DRV,727750,+0.0000,+0.0000,+0.0000,+0.0000,+0.0000,+0.0000,+0.000,+0.000,-0.00942,+0.0056,+0.0000,-0.225,+0.000,+0.000,-0.05456,+0.000,-1.364,+0.000,+0.000,-0.018,-1.382,2,+0.000,+0.000,+0.04495,+0.000,+1.124,+0.000,+0.000,-0.018,+1.106,2,+0.000,+0.001,-0.01342,+0.001,-0.335,-0.002,+0.000,-0.018,-0.355,2,+0.000,+0.000,+0.05233,+0.000,+1.308,+0.000,+0.000,-0.018,+1.290,2,+0.000,+0.001,-0.092,+0.750
DRV,727754,+0.0000,+0.0000,+0.0000,+0.0000,+0.0000,+0.0000,+0.000,+0.000,-0.00940,+0.0064,+0.0000,-0.257,+0.000,+0.000,-0.05456,+0.000,-1.364,+0.000,+0.000,-0.021,-1.385,2,+0.000,+0.000,+0.04495,+0.000,+1.124,+0.000,+0.000,-0.021,+1.103,2,+0.000,+0.000,-0.01342,+0.000,-0.335,+0.000,+0.000,-0.021,-0.356,2,+0.000,+0.000,+0.05233,+0.000,+1.308,+0.000,+0.000,-0.021,+1.288,2,+0.000,+0.000,-0.097,+0.747
DRV,727758,+0.0000,+0.0000,+0.0000,+0.0000,+0.0000,+0.0000,+0.000,+0.000,-0.00937,+0.0061,+0.0000,-0.245,+0.000,+0.000,-0.05456,+0.000,-1.364,+0.000,+0.000,-0.020,-1.384,2,+0.000,+0.000,+0.04495,+0.000,+1.124,+0.000,+0.000,-0.020,+1.104,2,+0.000,+0.000,-0.01342,+0.000,-0.335,+0.000,+0.000,-0.020,-0.355,2,+0.000,+0.000,+0.05233,+0.000,+1.308,+0.000,+0.000,-0.020,+1.289,2,+0.000,+0.000,-0.095,+0.749
DRV,727762,+0.0000,+0.0000,+0.0000,+0.0000,+0.0000,+0.0000,+0.000,+0.000,-0.00935,+0.0059,+0.0000,-0.234,+0.000,+0.000,-0.05456,+0.000,-1.364,+0.000,+0.000,-0.019,-1.383,2,+0.000,+0.000,+0.04495,+0.000,+1.124,+0.000,+0.000,-0.019,+1.105,2,+0.000,+0.000,-0.01342,+0.000,-0.335,+0.000,+0.000,-0.019,-0.354,2,+0.000,+0.000,+0.05233,+0.000,+1.308,+0.000,+0.000,-0.019,+1.290,2,+0.000,+0.000,-0.093,+0.751
DRV,727766,+0.0000,+0.0000,+0.0000,+0.0000,+0.0000,+0.0000,+0.000,+0.000,-0.00932,+0.0056,+0.0000,-0.223,+0.000,+0.000,-0.05456,+0.000,-1.364,+0.000,+0.000,-0.018,-1.382,2,+0.000,+0.000,+0.04495,+0.000,+1.124,+0.000,+0.000,-0.018,+1.106,2,+0.000,+0.000,-0.01342,+0.000,-0.335,+0.000,+0.000,-0.018,-0.353,2,+0.000,+0.000,+0.05233,+0.000,+1.308,+0.000,+0.000,-0.018,+1.290,2,+0.000,+0.000,-0.092,+0.753
DRV,727770,+0.0000,+0.0000,+0.0000,+0.0000,+0.0000,+0.0000,+0.000,+0.000,-0.00930,+0.0053,+0.0000,-0.212,+0.000,+0.000,-0.05456,+0.000,-1.364,+0.000,+0.000,-0.017,-1.381,2,+0.000,+0.000,+0.04495,+0.000,+1.124,+0.000,+0.000,-0.017,+1.107,2,+0.000,+0.000,-0.01342,+0.000,-0.335,+0.000,+0.000,-0.017,-0.352,2,+0.000,+0.000,+0.05233,+0.000,+1.308,+0.000,+0.000,-0.017,+1.291,2,+0.000,+0.000,-0.090,+0.754
DRV,727774,+0.0000,+0.0000,+0.0000,+0.0000,+0.0000,+0.0000,+0.000,+0.000,-0.00928,+0.0045,+0.0000,-0.180,+0.000,+0.000,-0.05456,+0.000,-1.364,+0.000,+0.000,-0.014,-1.379,2,+0.000,+0.000,+0.04495,+0.000,+1.124,+0.000,+0.000,-0.014,+1.109,0,+0.000,+0.000,-0.01342,+0.000,-0.335,+0.000,+0.000,-0.014,-0.350,2,+0.000,+0.000,+0.05233,+0.000,+1.308,+0.000,+0.000,-0.014,+1.294,0,+0.000,+0.000,-0.085,+0.759
DRV,727778,+0.0000,+0.0000,+0.0000,+0.0000,+0.0000,+0.0000,+0.000,+0.000,-0.00927,+0.0037,+0.0000,-0.148,+0.000,+0.000,-0.05456,+0.000,-1.364,+0.000,+0.000,-0.012,-1.376,0,+0.000,+0.000,+0.04495,+0.000,+1.124,+0.000,+0.000,-0.012,+1.112,2,+0.000,+0.000,-0.01342,+0.000,-0.335,+0.000,+0.000,-0.012,-0.347,0,+0.000,+0.000,+0.05233,+0.000,+1.308,+0.000,+0.000,-0.012,+1.296,2,+0.000,+0.000,-0.079,+0.765
DRV,727782,+0.0000,+0.0000,+0.0000,+0.0000,+0.0000,+0.0000,+0.000,+0.000,-0.00925,+0.0039,+0.0000,-0.158,+0.000,+0.000,-0.05456,+0.000,-1.364,+0.000,+0.000,-0.013,-1.377,2,+0.000,+0.000,+0.04495,+0.000,+1.124,+0.000,+0.000,-0.013,+1.111,2,+0.000,+0.000,-0.01342,+0.000,-0.335,+0.000,+0.000,-0.013,-0.348,2,+0.000,+0.000,+0.05233,+0.000,+1.308,+0.000,+0.000,-0.013,+1.296,2,+0.000,+0.000,-0.081,+0.763
DRV,727786,+0.0000,+0.0000,+0.0000,+0.0000,+0.0000,+0.0000,+0.000,+0.000,-0.00924,+0.0042,+0.0000,-0.168,+0.000,+0.000,-0.05456,+0.000,-1.364,+0.000,+0.000,-0.013,-1.378,2,+0.000,+0.000,+0.04495,+0.000,+1.124,+0.000,+0.000,-0.013,+1.110,2,+0.000,+0.000,-0.01342,+0.000,-0.335,+0.000,+0.000,-0.013,-0.349,2,+0.000,+0.000,+0.05233,+0.000,+1.308,+0.000,+0.000,-0.013,+1.295,2,+0.000,+0.000,-0.083,+0.761
DRV,727790,+0.0000,+0.0000,+0.0000,+0.0000,+0.0000,+0.0000,+0.000,+0.000,-0.00922,+0.0042,+0.0000,-0.168,+0.000,+0.000,-0.05456,+0.000,-1.364,+0.000,+0.000,-0.013,-1.378,2,+0.000,+0.000,+0.04495,+0.000,+1.124,+0.000,+0.000,-0.013,+1.110,2,+0.000,+0.000,-0.01342,+0.000,-0.335,+0.000,+0.000,-0.013,-0.349,2,+0.000,+0.000,+0.05233,+0.000,+1.308,+0.000,+0.000,-0.013,+1.295,2,+0.000,+0.000,-0.083,+0.761
DRV,727794,+0.0000,+0.0000,+0.0000,+0.0000,+0.0000,+0.0000,+0.000,+0.000,-0.00920,+0.0042,+0.0000,-0.168,+0.000,+0.000,-0.05456,+0.000,-1.364,+0.000,+0.000,-0.013,-1.378,2,+0.000,+0.000,+0.04495,+0.000,+1.124,+0.000,+0.000,-0.013,+1.110,2,+0.000,+0.000,-0.01342,+0.000,-0.335,+0.000,+0.000,-0.013,-0.349,2,+0.000,+0.000,+0.05233,+0.000,+1.308,+0.000,+0.000,-0.013,+1.295,2,+0.000,+0.000,-0.083,+0.761
DRV,727798,+0.0000,+0.0000,+0.0000,+0.0000,+0.0000,+0.0000,+0.000,+0.000,-0.00919,+0.0047,+0.0000,-0.188,+0.000,+0.000,-0.05456,+0.000,-1.364,+0.000,+0.000,-0.015,-1.379,2,+0.000,+0.000,+0.04495,+0.000,+1.124,+0.000,+0.000,-0.015,+1.109,2,+0.000,+0.000,-0.01342,+0.000,-0.335,+0.000,+0.000,-0.015,-0.350,2,+0.000,+0.000,+0.05233,+0.000,+1.308,+0.000,+0.000,-0.015,+1.293,2,+0.000,+0.000,-0.086,+0.758
DRV,727802,+0.0000,+0.0000,+0.0000,+0.0000,+0.0000,+0.0000,+0.000,+0.000,-0.00916,+0.0052,+0.0000,-0.209,+0.000,+0.000,-0.05456,+0.000,-1.364,+0.000,+0.000,-0.017,-1.381,2,+0.000,+0.000,+0.04495,+0.000,+1.124,+0.000,+0.000,-0.017,+1.107,2,+0.000,+0.000,-0.01342,+0.000,-0.335,+0.000,+0.000,-0.017,-0.352,2,+0.000,+0.000,+0.05233,+0.000,+1.308,+0.000,+0.000,-0.017,+1.292,2,+0.000,+0.000,-0.089,+0.755
DRV,727806,+0.0000,+0.0000,+0.0000,+0.0000,+0.0000,+0.0000,+0.000,+0.000,-0.00914,+0.0055,+0.0000,-0.220,+0.000,+0.000,-0.05456,+0.000,-1.364,+0.000,+0.000,-0.018,-1.382,2,+0.000,+0.000,+0.04495,+0.000,+1.124,+0.000,+0.000,-0.018,+1.106,0,+0.000,+0.000,-0.01342,+0.000,-0.335,+0.000,+0.000,-0.018,-0.353,2,+0.000,+0.000,+0.05233,+0.000,+1.308,+0.000,+0.000,-0.018,+1.291,2,+0.000,+0.000,-0.091,+0.753
DRV,727810,+0.0000,+0.0000,+0.0000,+0.0000,+0.0000,+0.0000,+0.000,+0.000,-0.00912,+0.0057,+0.0000,-0.230,+0.000,+0.000,-0.05456,+0.000,-1.364,+0.000,+0.000,-0.018,-1.383,2,+0.000,+0.000,+0.04495,+0.000,+1.124,+0.000,+0.000,-0.018,+1.105,0,+0.000,+0.000,-0.01342,+0.000,-0.335,+0.000,+0.000,-0.018,-0.354,2,+0.000,+0.000,+0.05233,+0.000,+1.308,+0.000,+0.000,-0.018,+1.290,0,+0.000,+0.000,-0.093,+0.751
DRV,727814,+0.0000,+0.0000,+0.0000,+0.0000,+0.0000,+0.0000,+0.000,+0.000,-0.00910,+0.0047,+0.0000,-0.187,+0.000,+0.000,-0.05456,+0.000,-1.364,+0.000,+0.000,-0.015,-1.379,0,+0.000,+0.000,+0.04495,+0.000,+1.124,+0.000,+0.000,-0.015,+1.109,0,+0.000,+0.000,-0.01342,+0.000,-0.335,+0.000,+0.000,-0.015,-0.350,0,+0.000,+0.000,+0.05233,+0.000,+1.308,+0.000,+0.000,-0.015,+1.293,0,+0.000,+0.000,-0.086,+0.758
DRV,727818,+0.0000,+0.0000,+0.0000,+0.0000,+0.0000,+0.0000,+0.000,+0.000,-0.00908,+0.0036,+0.0000,-0.144,+0.000,+0.000,-0.05456,+0.000,-1.364,+0.000,+0.000,-0.012,-1.376,0,+0.000,+0.000,+0.04495,+0.000,+1.124,+0.000,+0.000,-0.012,+1.112,2,+0.000,+0.000,-0.01380,+0.000,-0.345,+0.000,+0.000,-0.012,-0.356,0,+0.000,+0.000,+0.05233,+0.000,+1.308,+0.000,+0.000,-0.012,+1.297,2,+0.000,+0.000,-0.079,+0.756
DRV,727822,+0.0000,+0.0000,+0.0000,+0.0000,+0.0000,+0.0000,+0.000,+0.000,-0.00907,+0.0036,+0.0000,-0.144,+0.000,+0.000,-0.05456,+0.000,-1.364,+0.000,+0.000,-0.011,-1.376,2,+0.000,+0.000,+0.04495,+0.000,+1.124,+0.000,+0.000,-0.011,+1.112,2,+0.000,+0.000,-0.01380,+0.000,-0.345,+0.000,+0.000,-0.011,-0.356,2,+0.000,+0.000,+0.05233,+0.000,+1.308,+0.000,+0.000,-0.011,+1.297,2,+0.000,+0.000,-0.079,+0.756
DRV,727826,+0.0000,+0.0000,+0.0000,+0.0000,+0.0000,+0.0000,+0.000,+0.000,-0.00906,+0.0036,+0.0000,-0.143,+0.000,+0.000,-0.05456,+0.000,-1.364,+0.000,+0.000,-0.011,-1.376,2,+0.000,+0.000,+0.04495,+0.000,+1.124,+0.000,+0.000,-0.011,+1.112,2,+0.000,+0.000,-0.01380,+0.000,-0.345,+0.000,+0.000,-0.011,-0.356,2,+0.000,+0.000,+0.05233,+0.000,+1.308,+0.000,+0.000,-0.011,+1.297,2,+0.000,+0.000,-0.079,+0.756
DRV,727830,+0.0000,+0.0000,+0.0000,+0.0000,+0.0000,+0.0000,+0.000,+0.000,-0.00904,+0.0036,+0.0000,-0.143,+0.000,+0.000,-0.05456,+0.000,-1.364,+0.000,+0.000,-0.011,-1.376,2,+0.000,+0.000,+0.04495,+0.000,+1.124,+0.000,+0.000,-0.011,+1.112,2,+0.000,+0.000,-0.01380,+0.000,-0.345,+0.000,+0.000,-0.011,-0.356,2,+0.000,+0.000,+0.05233,+0.000,+1.308,+0.000,+0.000,-0.011,+1.297,2,+0.000,+0.000,-0.079,+0.756
DRV,727834,+0.0000,+0.0000,+0.0000,+0.0000,+0.0000,+0.0000,+0.000,+0.000,-0.00903,+0.0036,+0.0000,-0.143,+0.000,+0.000,-0.05456,+0.000,-1.364,+0.000,+0.000,-0.011,-1.376,2,+0.000,+0.000,+0.04495,+0.000,+1.124,+0.000,+0.000,-0.011,+1.112,2,+0.000,-0.000,-0.01380,-0.000,-0.345,+0.001,+0.000,-0.011,-0.355,2,+0.000,+0.000,+0.05233,+0.000,+1.308,+0.000,+0.000,-0.011,+1.297,2,+0.000,-0.000,-0.079,+0.757
DRV,727838,+0.0000,+0.0000,+0.0000,+0.0000,+0.0000,+0.0000,+0.000,+0.000,-0.00901,+0.0036,+0.0000,-0.142,+0.000,+0.000,-0.05456,+0.000,-1.364,+0.000,+0.000,-0.011,-1.376,2,+0.000,+0.000,+0.04495,+0.000,+1.124,+0.000,+0.000,-0.011,+1.112,2,+0.000,+0.000,-0.01380,+0.000,-0.345,+0.000,+0.000,-0.011,-0.356,2,+0.000,+0.000,+0.05233,+0.000,+1.308,+0.000,+0.000,-0.011,+1.297,2,+0.000,+0.000,-0.079,+0.756
DRV,727842,+0.0000,+0.0000,+0.0000,+0.0000,+0.0000,+0.0000,+0.000,+0.000,-0.00900,+0.0036,+0.0000,-0.142,+0.000,+0.000,-0.05456,+0.000,-1.364,+0.000,+0.000,-0.011,-1.375,2,+0.000,+0.000,+0.04495,+0.000,+1.124,+0.000,+0.000,-0.011,+1.112,2,+0.000,+0.000,-0.01380,+0.000,-0.345,+0.000,+0.000,-0.011,-0.356,2,+0.000,+0.000,+0.05233,+0.000,+1.308,+0.000,+0.000,-0.011,+1.297,2,+0.000,+0.000,-0.079,+0.756
DRV,727846,+0.0000,+0.0000,+0.0000,+0.0000,+0.0000,+0.0000,+0.000,+0.000,-0.00898,+0.0051,+0.0000,-0.206,+0.000,+0.000,-0.05456,+0.000,-1.364,+0.000,+0.000,-0.016,-1.381,2,+0.000,+0.000,+0.04495,+0.000,+1.124,+0.000,+0.000,-0.016,+1.107,0,+0.000,+0.000,-0.01380,+0.000,-0.345,+0.000,+0.000,-0.016,-0.361,2,+0.000,+0.000,+0.05233,+0.000,+1.308,+0.000,+0.000,-0.016,+1.292,0,+0.000,+0.000,-0.089,+0.746
DRV,727850,+0.0000,+0.0000,+0.0000,+0.0000,+0.0000,+0.0000,+0.000,+0.000,-0.00896,+0.0051,+0.0000,-0.205,+0.000,+0.000,-0.05456,+0.000,-1.364,+0.000,+0.000,-0.016,-1.381,0,+0.000,+0.000,+0.04495,+0.000,+1.124,+0.000,+0.000,-0.016,+1.107,0,+0.000,+0.000,-0.01380,+0.000,-0.345,+0.000,+0.000,-0.016,-0.361,0,+0.000,+0.000,+0.05233,+0.000,+1.308,+0.000,+0.000,-0.016,+1.292,2,+0.000,+0.000,-0.089,+0.746
DRV,727854,+0.0000,+0.0000,+0.0000,+0.0000,+0.0000,+0.0000,+0.000,+0.000,-0.00894,+0.0035,+0.0000,-0.141,+0.000,+0.000,-0.05456,+0.000,-1.364,+0.000,+0.000,-0.011,-1.375,0,+0.000,+0.000,+0.04495,+0.000,+1.124,+0.000,+0.000,-0.011,+1.112,2,+0.000,+0.000,-0.01380,+0.000,-0.345,+0.000,+0.000,-0.011,-0.356,0,+0.000,+0.000,+0.05233,+0.000,+1.308,+0.000,+0.000,-0.011,+1.297,2,+0.000,+0.000,-0.078,+0.756
DRV,727858,+0.0000,+0.0000,+0.0000,+0.0000,+0.0000,+0.0000,+0.000,+0.000,-0.00893,+0.0035,+0.0000,-0.141,+0.000,+0.000,-0.05456,+0.000,-1.364,+0.000,+0.000,-0.011,-1.375,2,+0.000,+0.000,+0.04495,+0.000,+1.124,+0.000,+0.000,-0.011,+1.112,2,+0.000,+0.000,-0.01380,+0.000,-0.345,+0.000,+0.000,-0.011,-0.356,2,+0.000,-0.001,+0.05233,-0.001,+1.308,+0.003,+0.000,-0.011,+1.300,2,-0.001,+0.000,-0.075,+0.756
DRV,727862,+0.0000,+0.0000,+0.0000,+0.0000,+0.0000,+0.0000,+0.000,+0.000,-0.00891,+0.0040,+0.0000,-0.162,+0.000,+0.000,-0.05456,+0.000,-1.364,+0.000,+0.000,-0.013,-1.377,2,+0.000,+0.000,+0.04495,+0.000,+1.124,+0.000,+0.000,-0.013,+1.111,2,+0.000,+0.000,-0.01380,+0.000,-0.345,+0.000,+0.000,-0.013,-0.358,2,+0.000,+0.000,+0.05233,+0.000,+1.308,+0.000,+0.000,-0.013,+1.295,2,+0.000,+0.000,-0.082,+0.753
DRV,727866,+0.0000,+0.0000,+0.0000,+0.0000,+0.0000,+0.0000,+0.000,+0.000,-0.00890,+0.0040,+0.0000,-0.161,+0.000,+0.000,-0.05456,+0.000,-1.364,+0.000,+0.000,-0.013,-1.377,2,+0.000,+0.000,+0.04495,+0.000,+1.124,+0.000,+0.000,-0.013,+1.111,2,+0.000,+0.000,-0.01380,+0.000,-0.345,+0.000,+0.000,-0.013,-0.358,2,+0.000,+0.000,+0.05233,+0.000,+1.308,+0.000,+0.000,-0.013,+1.295,2,+0.000,+0.000,-0.082,+0.753
DRV,727870,+0.0000,+0.0000,+0.0000,+0.0000,+0.0000,+0.0000,+0.000,+0.000,-0.00889,+0.0030,+0.0000,-0.119,+0.000,+0.000,-0.05456,+0.000,-1.364,+0.000,+0.000,-0.009,-1.374,2,+0.000,+0.000,+0.04495,+0.000,+1.124,+0.000,+0.000,-0.009,+1.114,2,+0.000,+0.000,-0.01380,+0.000,-0.345,+0.000,+0.000,-0.009,-0.354,2,+0.000,+0.000,+0.05233,+0.000,+1.308,+0.000,+0.000,-0.009,+1.299,2,+0.000,+0.000,-0.075,+0.760
DRV,727874,+0.0000,+0.0000,+0.0000,+0.0000,+0.0000,+0.0000,+0.000,+0.000,-0.00887,+0.0030,+0.0000,-0.118,+0.000,+0.000,-0.05456,+0.000,-1.364,+0.000,+0.000,-0.009,-1.374,2,+0.000,+0.000,+0.04495,+0.000,+1.124,+0.000,+0.000,-0.009,+1.114,2,+0.000,+0.000,-0.01380,+0.000,-0.345,+0.000,+0.000,-0.009,-0.354,2,+0.000,+0.000,+0.05233,+0.000,+1.308,+0.000,+0.000,-0.009,+1.299,2,+0.000,+0.000,-0.075,+0.760
DRV,727878,+0.0000,+0.0000,+0.0000,+0.0000,+0.0000,+0.0000,+0.000,+0.000,-0.00886,+0.0051,+0.0000,-0.203,+0.000,+0.000,-0.05456,+0.000,-1.364,+0.000,+0.000,-0.016,-1.380,2,+0.000,+0.000,+0.04495,+0.000,+1.124,+0.000,+0.000,-0.016,+1.107,2,+0.000,+0.000,-0.01380,+0.000,-0.345,+0.000,+0.000,-0.016,-0.361,2,+0.000,+0.000,+0.05233,+0.000,+1.308,+0.000,+0.000,-0.016,+1.292,2,+0.000,+0.000,-0.088,+0.746
DRV,727882,+0.0000,+0.0000,+0.0000,+0.0000,+0.0000,+0.0000,+0.000,+0.000,-0.00883,+0.0051,+0.0000,-0.203,+0.000,+0.000,-0.05456,+0.000,-1.364,+0.000,+0.000,-0.016,-1.380,2,+0.000,+0.000,+0.04495,+0.000,+1.124,+0.000,+0.000,-0.016,+1.107,2,+0.000,+0.000,-0.01380,+0.000,-0.345,+0.000,+0.000,-0.016,-0.361,2,+0.000,+0.000,+0.05233,+0.000,+1.308,+0.000,+0.000,-0.016,+1.292,0,+0.000,+0.000,-0.088,+0.746
DRV,727886,+0.0000,+0.0000,+0.0000,+0.0000,+0.0000,+0.0000,+0.000,+0.000,-0.00882,+0.0029,+0.0000,-0.117,+0.000,-0.002,-0.05456,-0.002,-1.364,+0.004,+0.000,-0.009,-1.370,2,+0.000,+0.000,+0.04495,+0.000,+1.124,+0.000,+0.000,-0.009,+1.114,0,+0.000,+0.000,-0.01380,+0.000,-0.345,+0.000,+0.000,-0.009,-0.354,0,+0.000,+0.000,+0.05233,+0.000,+1.308,+0.000,+0.000,-0.009,+1.299,0,-0.002,+0.000,-0.071,+0.760
DRV,727890,+0.0000,+0.0000,+0.0000,+0.0000,+0.0000,+0.0000,+0.000,+0.000,-0.00881,+0.0029,+0.0000,-0.117,+0.000,+0.000,-0.05456,+0.000,-1.364,+0.000,+0.000,-0.009,-1.373,2,+0.000,+0.000,+0.04495,+0.000,+1.124,+0.000,+0.000,-0.009,+1.114,2,+0.000,+0.000,-0.01380,+0.000,-0.345,+0.000,+0.000,-0.009,-0.354,0,+0.000,+0.000,+0.05233,+0.000,+1.308,+0.000,+0.000,-0.009,+1.299,2,+0.000,+0.000,-0.075,+0.760
DRV,727894,+0.0000,+0.0000,+0.0000,+0.0000,+0.0000,+0.0000,+0.000,+0.000,-0.00879,+0.0056,+0.0000,-0.223,+0.000,+0.000,-0.05456,+0.000,-1.364,+0.000,+0.000,-0.018,-1.382,2,+0.000,+0.000,+0.04495,+0.000,+1.124,+0.000,+0.000,-0.018,+1.106,2,+0.000,+0.000,-0.01380,+0.000,-0.345,+0.000,+0.000,-0.018,-0.363,2,+0.000,+0.000,+0.05233,+0.000,+1.308,+0.000,+0.000,-0.018,+1.290,2,+0.000,+0.000,-0.092,+0.743
DRV,727898,+0.0000,+0.0000,+0.0000,+0.0000,+0.0000,+0.0000,+0.000,+0.000,-0.00877,+0.0056,+0.0000,-0.223,+0.000,+0.000,-0.05456,+0.000,-1.364,+0.000,+0.000,-0.018,-1.382,2,+0.000,+0.000,+0.04495,+0.000,+1.124,+0.000,+0.000,-0.018,+1.106,2,+0.000,+0.000,-0.01380,+0.000,-0.345,+0.000,+0.000,-0.018,-0.363,2,+0.000,+0.000,+0.05233,+0.000,+1.308,+0.000,+0.000,-0.018,+1.290,2,+0.000,+0.000,-0.091,+0.743
DRV,727902,+0.0000,+0.0000,+0.0000,+0.0000,+0.0000,+0.0000,+0.000,+0.000,-0.00875,+0.0034,+0.0000,-0.137,+0.000,+0.000,-0.05456,+0.000,-1.364,+0.000,+0.000,-0.011,-1.375,2,+0.000,+0.000,+0.04495,+0.000,+1.124,+0.000,+0.000,-0.011,+1.113,2,+0.000,+0.000,-0.01380,+0.000,-0.345,+0.000,+0.000,-0.011,-0.356,2,+0.000,+0.000,+0.05233,+0.000,+1.308,+0.000,+0.000,-0.011,+1.297,2,+0.000,+0.000,-0.078,+0.757
DRV,727906,+0.0000,+0.0000,+0.0000,+0.0000,+0.0000,+0.0000,+0.000,+0.000,-0.00874,+0.0034,+0.0000,-0.137,+0.000,+0.000,-0.05456,+0.000,-1.364,+0.000,+0.000,-0.011,-1.375,2,+0.000,+0.000,+0.04495,+0.000,+1.124,+0.000,+0.000,-0.011,+1.113,2,+0.000,+0.000,-0.01380,+0.000,-0.345,+0.000,+0.000,-0.011,-0.356,2,+0.000,+0.000,+0.05233,+0.000,+1.308,+0.000,+0.000,-0.011,+1.297,2,+0.000,+0.000,-0.078,+0.757
DRV,727910,+0.0000,+0.0000,+0.0000,+0.0000,+0.0000,+0.0000,+0.000,+0.000,-0.00872,+0.0045,+0.0000,-0.179,+0.000,+0.000,-0.05456,+0.000,-1.364,+0.000,+0.000,-0.014,-1.378,2,+0.000,+0.000,+0.04495,+0.000,+1.124,+0.000,+0.000,-0.014,+1.109,2,+0.000,+0.000,-0.01380,+0.000,-0.345,+0.000,+0.000,-0.014,-0.359,2,+0.000,+0.000,+0.05233,+0.000,+1.308,+0.000,+0.000,-0.014,+1.294,2,+0.000,+0.000,-0.085,+0.750
DRV,727914,+0.0000,+0.0000,+0.0000,+0.0000,+0.0000,+0.0000,+0.000,+0.000,-0.00870,+0.0045,+0.0000,-0.179,+0.000,+0.000,-0.05456,+0.000,-1.364,+0.000,+0.000,-0.014,-1.378,2,+0.000,+0.000,+0.04495,+0.000,+1.124,+0.000,+0.000,-0.014,+1.109,2,+0.000,+0.000,-0.01380,+0.000,-0.345,+0.000,+0.000,-0.014,-0.359,2,+0.000,+0.000,+0.05233,+0.000,+1.308,+0.000,+0.000,-0.014,+1.294,2,+0.000,+0.000,-0.084,+0.750
DRV,727918,+0.0000,+0.0000,+0.0000,+0.0000,+0.0000,+0.0000,+0.000,+0.000,-0.00869,+0.0039,+0.0000,-0.157,+0.000,+0.000,-0.05456,+0.000,-1.364,+0.000,+0.000,-0.013,-1.377,2,+0.000,+0.000,+0.04495,+0.000,+1.124,+0.000,+0.000,-0.013,+1.111,2,+0.000,+0.000,-0.01380,+0.000,-0.345,+0.000,+0.000,-0.013,-0.358,2,+0.000,+0.000,+0.05233,+0.000,+1.308,+0.000,+0.000,-0.013,+1.296,2,+0.000,+0.000,-0.081,+0.754
DRV,727922,+0.0000,+0.0000,+0.0000,+0.0000,+0.0000,+0.0000,+0.000,+0.000,-0.00867,+0.0039,+0.0000,-0.157,+0.000,+0.000,-0.05456,+0.000,-1.364,+0.000,+0.000,-0.013,-1.377,2,+0.000,+0.000,+0.04495,+0.000,+1.124,+0.000,+0.000,-0.013,+1.111,0,+0.000,+0.000,-0.01380,+0.000,-0.345,+0.000,+0.000,-0.013,-0.358,2,+0.000,+0.000,+0.05233,+0.000,+1.308,+0.000,+0.000,-0.013,+1.296,0,+0.000,+0.000,-0.081,+0.754
DRV,727926,+0.0000,+0.0000,+0.0000,+0.0000,+0.0000,+0.0000,+0.000,+0.000,-0.00865,+0.0050,+0.0000,-0.199,+0.000,+0.000,-0.05456,+0.000,-1.364,+0.000,+0.000,-0.016,-1.380,0,+0.000,+0.000,+0.04495,+0.000,+1.124,+0.000,+0.000,-0.016,+1.108,0,+0.000,+0.000,-0.01380,+0.000,-0.345,+0.000,+0.000,-0.016,-0.361,0,+0.000,+0.000,+0.05233,+0.000,+1.308,+0.000,+0.000,-0.016,+1.292,0,+0.000,+0.000,-0.088,+0.747
DRV,727930,+0.0000,+0.0000,+0.0000,+0.0000,+0.0000,+0.0000,+0.000,+0.000,-0.00863,+0.0050,+0.0000,-0.199,+0.000,+0.000,-0.05456,+0.000,-1.364,+0.000,+0.000,-0.016,-1.380,0,+0.000,+0.000,+0.04495,+0.000,+1.124,+0.000,+0.000,-0.016,+1.108,2,+0.000,+0.000,-0.01380,+0.000,-0.345,+0.000,+0.000,-0.016,-0.361,0,+0.000,+0.000,+0.05233,+0.000,+1.308,+0.000,+0.000,-0.016,+1.292,2,+0.000,+0.000,-0.088,+0.747
DRV,727934,+0.0000,+0.0000,+0.0000,+0.0000,+0.0000,+0.0000,+0.000,+0.000,-0.00862,+0.0028,+0.0000,-0.113,+0.000,+0.000,-0.05456,+0.000,-1.364,+0.000,+0.000,-0.009,-1.373,2,+0.000,+0.000,+0.04495,+0.000,+1.124,+0.000,+0.000,-0.009,+1.115,2,+0.000,+0.000,-0.01380,+0.000,-0.345,+0.000,+0.000,-0.009,-0.354,2,+0.000,+0.000,+0.05233,+0.000,+1.308,+0.000,+0.000,-0.009,+1.299,2,+0.000,+0.000,-0.074,+0.761
DRV,727938,+0.0000,+0.0000,+0.0000,+0.0000,+0.0000,+0.0000,+0.000,+0.000,-0.00861,+0.0028,+0.0000,-0.113,+0.000,+0.000,-0.05456,+0.000,-1.364,+0.000,+0.000,-0.009,-1.373,2,+0.000,+0.000,+0.04495,+0.000,+1.124,+0.000,+0.000,-0.009,+1.115,2,+0.000,+0.000,-0.01380,+0.000,-0.345,+0.000,+0.000,-0.009,-0.354,2,+0.000,+0.000,+0.05233,+0.000,+1.308,+0.000,+0.000,-0.009,+1.299,2,+0.000,+0.000,-0.074,+0.761
DRV,727942,+0.0000,+0.0000,+0.0000,+0.0000,+0.0000,+0.0000,+0.000,+0.000,-0.00859,+0.0055,+0.0000,-0.219,+0.000,+0.000,-0.05456,+0.000,-1.364,+0.000,+0.000,-0.018,-1.382,2,+0.000,+0.000,+0.04495,+0.000,+1.124,+0.000,+0.000,-0.018,+1.106,2,+0.000,+0.000,-0.01380,+0.000,-0.345,+0.000,+0.000,-0.018,-0.363,2,+0.000,+0.000,+0.05233,+0.000,+1.308,+0.000,+0.000,-0.018,+1.291,2,+0.000,+0.000,-0.091,+0.744
DRV,727946,+0.0000,+0.0000,+0.0000,+0.0000,+0.0000,+0.0000,+0.000,+0.000,-0.00857,+0.0055,+0.0000,-0.219,+0.000,+0.000,-0.05456,+0.000,-1.364,+0.000,+0.000,-0.017,-1.382,2,+0.000,+0.000,+0.04495,+0.000,+1.124,+0.000,+0.000,-0.017,+1.106,2,+0.000,+0.000,-0.01380,+0.000,-0.345,+0.000,+0.000,-0.017,-0.362,2,+0.000,+0.000,+0.05233,+0.000,+1.308,+0.000,+0.000,-0.017,+1.291,2,+0.000,+0.000,-0.091,+0.744
DRV,727950,+0.0000,+0.0000,+0.0000,+0.0000,+0.0000,+0.0000,+0.000,+0.000,-0.00855,+0.0039,+0.0000,-0.154,+0.000,+0.000,-0.05456,+0.000,-1.364,+0.000,+0.000,-0.012,-1.376,2,+0.000,+0.000,+0.04495,+0.000,+1.124,+0.000,+0.000,-0.012,+1.111,2,+0.000,+0.000,-0.01380,+0.000,-0.345,+0.000,+0.000,-0.012,-0.357,2,+0.000,+0.000,+0.05233,+0.000,+1.308,+0.000,+0.000,-0.012,+1.296,2,+0.000,+0.000,-0.081,+0.754
DRV,727954,+0.0000,+0.0000,+0.0000,+0.0000,+0.0000,+0.0000,+0.000,+0.000,-0.00853,+0.0039,+0.0000,-0.154,+0.000,+0.000,-0.05456,+0.000,-1.364,+0.000,+0.000,-0.012,-1.376,2,+0.000,+0.000,+0.04495,+0.000,+1.124,+0.000,+0.000,-0.012,+1.111,2,+0.000,+0.000,-0.01380,+0.000,-0.345,+0.000,+0.000,-0.012,-0.357,2,+0.000,+0.000,+0.05233,+0.000,+1.308,+0.000,+0.000,-0.012,+1.296,0,+0.000,+0.000,-0.080,+0.754
DRV,727958,+0.0000,+0.0000,+0.0000,+0.0000,+0.0000,+0.0000,+0.000,+0.000,-0.00852,+0.0044,+0.0000,-0.175,+0.000,+0.000,-0.05456,+0.000,-1.364,+0.000,+0.000,-0.014,-1.378,2,+0.000,+0.000,+0.04495,+0.000,+1.124,+0.000,+0.000,-0.014,+1.110,0,+0.000,+0.000,-0.01380,+0.000,-0.345,+0.000,+0.000,-0.014,-0.359,2,+0.000,+0.000,+0.05233,+0.000,+1.308,+0.000,+0.000,-0.014,+1.294,0,+0.000,+0.000,-0.084,+0.751
DRV,727962,+0.0000,+0.0000,+0.0000,+0.0000,+0.0000,+0.0000,+0.000,+0.000,-0.00850,+0.0044,+0.0000,-0.175,+0.000,+0.000,-0.05456,+0.000,-1.364,+0.000,+0.000,-0.014,-1.378,0,+0.000,+0.000,+0.04495,+0.000,+1.124,+0.000,+0.000,-0.014,+1.110,0,+0.000,+0.000,-0.01380,+0.000,-0.345,+0.000,+0.000,-0.014,-0.359,0,+0.000,+0.000,+0.05233,+0.000,+1.308,+0.000,+0.000,-0.014,+1.294,0,+0.000,+0.000,-0.084,+0.751
DRV,727966,+0.0000,+0.0000,+0.0000,+0.0000,+0.0000,+0.0000,+0.000,+0.000,-0.00848,+0.0038,+0.0000,-0.153,+0.000,+0.000,-0.05456,+0.000,-1.364,+0.000,+0.000,-0.012,-1.376,0,+0.000,+0.000,+0.04495,+0.000,+1.124,+0.000,+0.000,-0.012,+1.111,2,+0.000,+0.000,-0.01380,+0.000,-0.345,+0.000,+0.000,-0.012,-0.357,0,+0.000,+0.000,+0.05233,+0.000,+1.308,+0.000,+0.000,-0.012,+1.296,2,+0.000,+0.000,-0.080,+0.754
DRV,727970,+0.0000,+0.0000,+0.0000,+0.0000,+0.0000,+0.0000,+0.000,+0.000,-0.00847,+0.0038,+0.0000,-0.153,+0.000,+0.000,-0.05456,+0.000,-1.364,+0.000,+0.000,-0.012,-1.376,2,+0.000,+0.000,+0.04495,+0.000,+1.124,+0.000,+0.000,-0.012,+1.111,2,+0.000,+0.000,-0.01380,+0.000,-0.345,+0.000,+0.000,-0.012,-0.357,2,+0.000,+0.000,+0.05233,+0.000,+1.308,+0.000,+0.000,-0.012,+1.296,2,+0.000,+0.000,-0.080,+0.754
DRV,727974,+0.0000,+0.0000,+0.0000,+0.0000,+0.0000,+0.0000,+0.000,+0.000,-0.00845,+0.0049,+0.0000,-0.195,+0.000,+0.000,-0.05456,+0.000,-1.364,+0.000,+0.000,-0.016,-1.380,2,+0.000,+0.000,+0.04495,+0.000,+1.124,+0.000,+0.000,-0.016,+1.108,2,+0.000,+0.000,-0.01380,+0.000,-0.345,+0.000,+0.000,-0.016,-0.361,2,+0.000,+0.000,+0.05233,+0.000,+1.308,+0.000,+0.000,-0.016,+1.293,2,+0.000,+0.000,-0.087,+0.747
DRV,727978,+0.0000,+0.0000,+0.0000,+0.0000,+0.0000,+0.0000,+0.000,+0.000,-0.00843,+0.0049,+0.0000,-0.195,+0.000,+0.000,-0.05456,+0.000,-1.364,+0.000,+0.000,-0.016,-1.380,2,+0.000,+0.000,+0.04495,+0.000,+1.124,+0.000,+0.000,-0.016,+1.108,2,+0.000,+0.000,-0.01380,+0.000,-0.345,+0.000,+0.000,-0.016,-0.361,2,+0.000,+0.000,+0.05233,+0.000,+1.308,+0.000,+0.000,-0.016,+1.293,2,+0.000,+0.000,-0.087,+0.748
DRV,727982,+0.0000,+0.0000,+0.0000,+0.0000,+0.0000,+0.0000,+0.000,+0.000,-0.00841,+0.0043,+0.0000,-0.173,+0.000,+0.000,-0.05456,+0.000,-1.364,+0.000,+0.000,-0.014,-1.378,2,+0.000,+0.000,+0.04495,+0.000,+1.124,+0.000,+0.000,-0.014,+1.110,2,+0.000,+0.000,-0.01380,+0.000,-0.345,+0.000,+0.000,-0.014,-0.359,2,+0.000,+0.000,+0.05233,+0.000,+1.308,+0.000,+0.000,-0.014,+1.294,2,+0.000,+0.000,-0.084,+0.751
DRV,727986,+0.0000,+0.0000,+0.0000,+0.0000,+0.0000,+0.0000,+0.000,+0.000,-0.00840,+0.0043,+0.0000,-0.173,+0.000,+0.000,-0.05456,+0.000,-1.364,+0.000,+0.000,-0.014,-1.378,2,+0.000,+0.002,+0.04495,+0.002,+1.124,-0.005,+0.000,-0.014,+1.105,2,+0.000,+0.000,-0.01380,+0.000,-0.345,+0.000,+0.000,-0.014,-0.359,2,+0.000,+0.000,+0.05233,+0.000,+1.308,+0.000,+0.000,-0.014,+1.294,2,+0.000,+0.002,-0.083,+0.746
DRV,727990,+0.0000,+0.0000,+0.0000,+0.0000,+0.0000,+0.0000,+0.000,+0.000,-0.00837,+0.0054,+0.0000,-0.215,+0.000,+0.000,-0.05456,+0.000,-1.364,+0.000,+0.000,-0.017,-1.381,2,+0.000,+0.000,+0.04495,+0.000,+1.124,+0.000,+0.000,-0.017,+1.106,2,+0.000,+0.000,-0.01380,+0.000,-0.345,+0.000,+0.000,-0.017,-0.362,2,+0.000,+0.000,+0.05233,+0.000,+1.308,+0.000,+0.000,-0.017,+1.291,2,+0.000,+0.000,-0.090,+0.744
DRV,727994,+0.0000,+0.0000,+0.0000,+0.0000,+0.0000,+0.0000,+0.000,+0.000,-0.00835,+0.0054,+0.0000,-0.214,+0.000,+0.000,-0.05456,+0.000,-1.364,+0.000,+0.000,-0.017,-1.381,2,+0.000,+0.000,+0.04495,+0.000,+1.124,+0.000,+0.000,-0.017,+1.106,0,+0.000,+0.000,-0.01380,+0.000,-0.345,+0.000,+0.000,-0.017,-0.362,2,+0.000,+0.003,+0.05233,+0.003,+1.308,-0.007,+0.000,-0.017,+1.284,0,+0.003,+0.000,-0.097,+0.744
DRV,727998,+0.0000,+0.0000,+0.0000,+0.0000,+0.0000,+0.0000,+0.000,+0.000,-0.00833,+0.0048,+0.0000,-0.193,+0.000,+0.000,-0.05456,+0.000,-1.364,+0.000,+0.000,-0.015,-1.380,0,+0.000,+0.000,+0.04495,+0.000,+1.124,+0.000,+0.000,-0.015,+1.108,0,+0.000,+0.000,-0.01380,+0.000,-0.345,+0.000,+0.000,-0.015,-0.360,0,+0.000,+0.000,+0.05233,+0.000,+1.308,+0.000,+0.000,-0.015,+1.293,0,+0.000,+0.000,-0.087,+0.748
DRV,728002,+0.0000,+0.0000,+0.0000,+0.0000,+0.0000,+0.0000,+0.000,+0.000,-0.00831,+0.0048,+0.0000,-0.192,+0.000,+0.000,-0.05456,+0.000,-1.364,+0.000,+0.000,-0.015,-1.380,0,+0.000,+0.000,+0.04495,+0.000,+1.124,+0.000,+0.000,-0.015,+1.108,2,+0.000,+0.000,-0.01380,+0.000,-0.345,+0.000,+0.000,-0.015,-0.360,0,+0.000,+0.000,+0.05233,+0.000,+1.308,+0.000,+0.000,-0.015,+1.293,2,+0.000,+0.000,-0.087,+0.748
DRV,728006,+0.0000,+0.0000,+0.0000,+0.0000,+0.0000,+0.0000,+0.000,+0.000,-0.00830,+0.0048,+0.0000,-0.192,+0.000,+0.000,-0.05456,+0.000,-1.364,+0.000,+0.000,-0.015,-1.379,2,+0.000,+0.000,+0.04495,+0.000,+1.124,+0.000,+0.000,-0.015,+1.108,2,+0.000,+0.000,-0.01380,+0.000,-0.345,+0.000,+0.000,-0.015,-0.360,2,+0.000,+0.000,+0.05233,+0.000,+1.308,+0.000,+0.000,-0.015,+1.293,2,+0.000,+0.000,-0.087,+0.748
DRV,728010,+0.0000,+0.0000,+0.0000,+0.0000,+0.0000,+0.0000,+0.000,+0.000,-0.00828,+0.0048,+0.0000,-0.192,+0.000,+0.000,-0.05456,+0.000,-1.364,+0.000,+0.000,-0.015,-1.379,2,+0.000,+0.000,+0.04495,+0.000,+1.124,+0.000,+0.000,-0.015,+1.108,2,+0.000,+0.000,-0.01380,+0.000,-0.345,+0.000,+0.000,-0.015,-0.360,2,+0.000,+0.000,+0.05233,+0.000,+1.308,+0.000,+0.000,-0.015,+1.293,2,+0.000,+0.000,-0.086,+0.748
DRV,728014,+0.0000,+0.0000,+0.0000,+0.0000,+0.0000,+0.0000,+0.000,+0.000,-0.00826,+0.0032,+0.0000,-0.127,+0.000,+0.000,-0.05456,+0.000,-1.364,+0.000,+0.000,-0.010,-1.374,2,+0.000,+0.000,+0.04495,+0.000,+1.124,+0.000,+0.000,-0.010,+1.113,2,+0.000,+0.000,-0.01380,+0.000,-0.345,+0.000,+0.000,-0.010,-0.355,2,+0.000,+0.000,+0.05233,+0.000,+1.308,+0.000,+0.000,-0.010,+1.298,2,+0.000,+0.000,-0.076,+0.758
DRV,728018,+0.0000,+0.0000,+0.0000,+0.0000,+0.0000,+0.0000,+0.000,+0.000,-0.00825,+0.0032,+0.0000,-0.127,+0.000,+0.000,-0.05456,+0.000,-1.364,+0.000,+0.000,-0.010,-1.374,2,+0.000,+0.000,+0.04495,+0.000,+1.124,+0.000,+0.000,-0.010,+1.113,2,+0.000,+0.000,-0.01380,+0.000,-0.345,+0.000,+0.000,-0.010,-0.355,2,+0.000,+0.000,+0.05233,+0.000,+1.308,+0.000,+0.000,-0.010,+1.298,2,+0.000,+0.000,-0.076,+0.758
DRV,728022,+0.0000,+0.0000,+0.0000,+0.0000,+0.0000,+0.0000,+0.000,+0.000,-0.00823,+0.0042,+0.0000,-0.169,+0.000,+0.000,-0.05456,+0.000,-1.364,+0.000,+0.000,-0.014,-1.378,2,+0.000,+0.000,+0.04495,+0.000,+1.124,+0.000,+0.000,-0.014,+1.110,2,+0.000,+0.000,-0.01380,+0.000,-0.345,+0.000,+0.000,-0.014,-0.359,2,+0.000,+0.000,+0.05233,+0.000,+1.308,+0.000,+0.000,-0.014,+1.295,2,+0.000,+0.000,-0.083,+0.752
DRV,728026,+0.0000,+0.0000,+0.0000,+0.0000,+0.0000,+0.0000,+0.000,+0.000,-0.00822,+0.0042,+0.0000,-0.169,+0.000,+0.000,-0.05456,+0.000,-1.364,+0.000,+0.000,-0.014,-1.378,2,+0.000,+0.000,+0.04495,+0.000,+1.124,+0.000,+0.000,-0.014,+1.110,2,+0.000,+0.000,-0.01380,+0.000,-0.345,+0.000,+0.000,-0.014,-0.359,2,+0.000,+0.000,+0.05233,+0.000,+1.308,+0.000,+0.000,-0.014,+1.295,2,+0.000,+0.000,-0.083,+0.752
DRV,728030,+0.0000,+0.0000,+0.0000,+0.0000,+0.0000,+0.0000,+0.000,+0.000,-0.00820,+0.0037,+0.0000,-0.147,+0.000,+0.000,-0.05456,+0.000,-1.364,+0.000,+0.000,-0.012,-1.376,2,+0.000,+0.000,+0.04495,+0.000,+1.124,+0.000,+0.000,-0.012,+1.112,2,+0.000,+0.000,-0.01380,+0.000,-0.345,+0.000,+0.000,-0.012,-0.357,2,+0.000,+0.000,+0.05233,+0.000,+1.308,+0.000,+0.000,-0.012,+1.296,2,+0.000,+0.000,-0.079,+0.755
DRV,728034,+0.0000,+0.0000,+0.0000,+0.0000,+0.0000,+0.0000,+0.000,+0.000,-0.00818,+0.0042,+0.0000,-0.168,+0.000,+0.000,-0.05456,+0.000,-1.364,+0.000,+0.000,-0.013,-1.378,0,+0.000,+0.000,+0.04495,+0.000,+1.124,+0.000,+0.000,-0.013,+1.110,0,+0.000,+0.000,-0.01380,+0.000,-0.345,+0.000,+0.000,-0.013,-0.358,2,+0.000,+0.000,+0.05233,+0.000,+1.308,+0.000,+0.000,-0.013,+1.295,0,+0.000,+0.000,-0.083,+0.752
DRV,728038,+0.0000,+0.0000,+0.0000,+0.0000,+0.0000,+0.0000,+0.000,+0.000,-0.00817,+0.0047,+0.0000,-0.189,+0.000,+0.002,-0.05456,+0.002,-1.364,-0.004,+0.000,-0.015,-1.383,0,+0.000,+0.000,+0.04495,+0.000,+1.124,+0.000,+0.000,-0.015,+1.108,2,+0.000,+0.000,-0.01380,+0.000,-0.345,+0.000,+0.000,-0.015,-0.360,0,+0.000,+0.000,+0.05233,+0.000,+1.308,+0.000,+0.000,-0.015,+1.293,2,+0.002,+0.000,-0.090,+0.748
DRV,728042,+0.0000,+0.0000,+0.0000,+0.0000,+0.0000,+0.0000,+0.000,+0.000,-0.00815,+0.0050,+0.0000,-0.200,+0.000,+0.000,-0.05456,+0.000,-1.364,+0.000,+0.000,-0.016,-1.380,0,+0.000,+0.000,+0.04495,+0.000,+1.124,+0.000,+0.000,-0.016,+1.108,2,+0.000,+0.000,-0.01380,+0.000,-0.345,+0.000,+0.000,-0.016,-0.361,2,+0.000,+0.000,+0.05233,+0.000,+1.308,+0.000,+0.000,-0.016,+1.292,2,+0.000,+0.000,-0.088,+0.747
DRV,728046,+0.0000,+0.0000,+0.0000,+0.0000,+0.0000,+0.0000,+0.000,+0.000,-0.00813,+0.0052,+0.0000,-0.210,+0.000,+0.000,-0.05456,+0.000,-1.364,+0.000,+0.000,-0.017,-1.381,2,+0.000,+0.000,+0.04495,+0.000,+1.124,+0.000,+0.000,-0.017,+1.107,2,+0.000,+0.001,-0.01380,+0.001,-0.345,-0.003,+0.000,-0.017,-0.365,2,+0.000,+0.000,+0.05233,+0.000,+1.308,+0.000,+0.000,-0.017,+1.291,2,+0.000,+0.001,-0.089,+0.742
DRV,728050,+0.0000,+0.0000,+0.0000,+0.0000,+0.0000,+0.0000,+0.000,+0.000,-0.00811,+0.0050,+0.0000,-0.199,+0.000,+0.000,-0.05456,+0.000,-1.364,+0.000,+0.000,-0.016,-1.380,2,+0.000,+0.000,+0.04495,+0.000,+1.124,+0.000,+0.000,-0.016,+1.108,2,+0.000,+0.000,-0.01380,+0.000,-0.345,+0.000,+0.000,-0.016,-0.361,2,+0.000,+0.000,+0.05233,+0.000,+1.308,+0.000,+0.000,-0.016,+1.292,2,+0.000,+0.000,-0.088,+0.747
DRV,728054,+0.0000,+0.0000,+0.0000,+0.0000,+0.0000,+0.0000,+0.000,+0.000,-0.00809,+0.0047,+0.0000,-0.188,+0.000,+0.000,-0.05456,+0.000,-1.364,+0.000,+0.000,-0.015,-1.379,2,+0.000,+0.000,+0.04495,+0.000,+1.124,+0.000,+0.000,-0.015,+1.109,2,+0.000,+0.001,-0.01380,+0.001,-0.345,-0.003,+0.000,-0.015,-0.363,2,+0.000,+0.000,+0.05233,+0.000,+1.308,+0.000,+0.000,-0.015,+1.293,2,+0.000,+0.001,-0.086,+0.746
DRV,728058,+0.0000,+0.0000,+0.0000,+0.0000,+0.0000,+0.0000,+0.000,+0.000,-0.00807,+0.0036,+0.0000,-0.145,+0.000,+0.000,-0.05456,+0.000,-1.364,+0.000,+0.000,-0.012,-1.376,2,+0.000,+0.000,+0.04495,+0.000,+1.124,+0.000,+0.000,-0.012,+1.112,2,+0.000,+0.000,-0.01380,+0.000,-0.345,+0.000,+0.000,-0.012,-0.357,2,+0.000,+0.000,+0.05233,+0.000,+1.308,+0.000,+0.000,-0.012,+1.297,2,+0.000,+0.000,-0.079,+0.755
DRV,728062,+0.0000,+0.0000,+0.0000,+0.0000,+0.0000,+0.0000,+0.000,+0.000,-0.00806,+0.0026,+0.0000,-0.102,+0.000,+0.000,-0.05456,+0.000,-1.364,+0.000,+0.000,-0.008,-1.372,2,+0.000,+0.000,+0.04495,+0.000,+1.124,+0.000,+0.000,-0.008,+1.115,2,+0.000,+0.000,-0.01380,+0.000,-0.345,+0.000,+0.000,-0.008,-0.353,2,+0.000,+0.000,+0.05233,+0.000,+1.308,+0.000,+0.000,-0.008,+1.300,2,+0.000,+0.000,-0.072,+0.762
DRV,728066,+0.0000,+0.0000,+0.0000,+0.0000,+0.0000,+0.0000,+0.000,+0.000,-0.00805,+0.0025,+0.0000,-0.102,+0.000,+0.000,-0.05456,+0.000,-1.364,+0.000,+0.000,-0.008,-1.372,2,+0.000,+0.000,+0.04495,+0.000,+1.124,+0.000,+0.000,-0.008,+1.116,2,+0.000,+0.000,-0.01380,+0.000,-0.345,+0.000,+0.000,-0.008,-0.353,2,+0.000,+0.000,+0.05233,+0.000,+1.308,+0.000,+0.000,-0.008,+1.300,2,+0.000,+0.000,-0.072,+0.762
DRV,728070,+0.0000,+0.0000,+0.0000,+0.0000,+0.0000,+0.0000,+0.000,+0.000,-0.00804,+0.0025,+0.0000,-0.102,+0.000,+0.000,-0.05456,+0.000,-1.364,+0.000,+0.000,-0.008,-1.372,2,+0.000,+0.000,+0.04495,+0.000,+1.124,+0.000,+0.000,-0.008,+1.116,0,+0.000,+0.000,-0.01380,+0.000,-0.345,+0.000,+0.000,-0.008,-0.353,2,+0.000,+0.000,+0.05233,+0.000,+1.308,+0.000,+0.000,-0.008,+1.300,0,+0.000,+0.000,-0.072,+0.762
DRV,728074,+0.0000,+0.0000,+0.0000,+0.0000,+0.0000,+0.0000,+0.000,+0.000,-0.00803,+0.0031,+0.0000,-0.123,+0.000,+0.000,-0.05456,+0.000,-1.364,+0.000,+0.000,-0.010,-1.374,0,+0.000,+0.000,+0.04495,+0.000,+1.124,+0.000,+0.000,-0.010,+1.114,0,+0.000,+0.000,-0.01380,+0.000,-0.345,+0.000,+0.000,-0.010,-0.355,0,+0.000,+0.000,+0.05233,+0.000,+1.308,+0.000,+0.000,-0.010,+1.298,0,+0.000,+0.000,-0.075,+0.759
DRV,728078,+0.0000,+0.0000,+0.0000,+0.0000,+0.0000,+0.0000,+0.000,+0.000,-0.00801,+0.0036,+0.0000,-0.144,+0.000,+0.000,-0.05456,+0.000,-1.364,+0.000,+0.000,-0.011,-1.376,0,+0.000,+0.000,+0.04495,+0.000,+1.124,-0.001,+0.000,-0.011,+1.111,0,+0.000,+0.000,-0.01380,+0.000,-0.345,+0.000,+0.000,-0.011,-0.356,0,+0.000,+0.000,+0.05233,+0.000,+1.308,+0.000,+0.000,-0.011,+1.297,2,+0.000,+0.000,-0.079,+0.755
DRV,728082,+0.0000,+0.0000,+0.0000,+0.0000,+0.0000,+0.0000,+0.000,+0.000,-0.00800,+0.0039,+0.0000,-0.154,+0.000,+0.000,-0.05456,+0.000,-1.364,+0.000,+0.000,-0.012,-1.376,2,+0.000,+0.000,+0.04495,+0.000,+1.124,+0.000,+0.000,-0.012,+1.111,2,+0.000,+0.000,-0.01380,+0.000,-0.345,+0.000,+0.000,-0.012,-0.357,2,+0.000,+0.000,+0.05233,+0.000,+1.308,+0.000,+0.000,-0.012,+1.296,2,+0.000,+0.000,-0.080,+0.754
DRV,728086,+0.0000,+0.0000,+0.0000,+0.0000,+0.0000,+0.0000,+0.000,+0.000,-0.00798,+0.0041,+0.0000,-0.164,+0.000,+0.000,-0.05456,+0.000,-1.364,+0.000,+0.000,-0.013,-1.377,2,+0.000,+0.000,+0.04495,+0.000,+1.124,+0.000,+0.000,-0.013,+1.110,2,+0.000,+0.000,-0.01380,+0.000,-0.345,+0.000,+0.000,-0.013,-0.358,2,+0.000,+0.000,+0.05233,+0.000,+1.308,+0.000,+0.000,-0.013,+1.295,2,+0.000,+0.000,-0.082,+0.752
DRV,728090,+0.0000,+0.0000,+0.0000,+0.0000,+0.0000,+0.0000,+0.000,+0.000,-0.00797,+0.0041,+0.0000,-0.164,+0.000,+0.000,-0.05456,+0.000,-1.364,+0.000,+0.000,-0.013,-1.377,2,+0.000,+0.000,+0.04495,+0.000,+1.124,+0.000,+0.000,-0.013,+1.111,2,+0.000,+0.000,-0.01380,+0.000,-0.345,+0.000,+0.000,-0.013,-0.358,2,+0.000,+0.000,+0.05233,+0.000,+1.308,+0.000,+0.000,-0.013,+1.295,2,+0.000,+0.000,-0.082,+0.752
DRV,728094,+0.0000,+0.0000,+0.0000,+0.0000,+0.0000,+0.0000,+0.000,+0.000,-0.00795,+0.0041,+0.0000,-0.164,+0.000,+0.000,-0.05456,+0.000,-1.364,+0.000,+0.000,-0.013,-1.377,2,+0.000,+0.000,+0.04495,+0.000,+1.124,+0.000,+0.000,-0.013,+1.111,2,+0.000,+0.000,-0.01380,+0.000,-0.345,+0.000,+0.000,-0.013,-0.358,2,+0.000,+0.000,+0.05233,+0.000,+1.308,+0.000,+0.000,-0.013,+1.295,2,+0.000,+0.000,-0.082,+0.752
DRV,728098,+0.0000,+0.0000,+0.0000,+0.0000,+0.0000,+0.0000,+0.000,+0.000,-0.00793,+0.0041,+0.0000,-0.163,+0.000,+0.000,-0.05456,+0.000,-1.364,+0.000,+0.000,-0.013,-1.377,2,+0.000,+0.000,+0.04495,+0.000,+1.124,+0.000,+0.000,-0.013,+1.111,2,+0.000,+0.000,-0.01380,+0.000,-0.345,+0.000,+0.000,-0.013,-0.358,2,+0.000,+0.000,+0.05233,+0.000,+1.308,+0.000,+0.000,-0.013,+1.295,2,+0.000,+0.000,-0.082,+0.753
DRV,728102,+0.0000,+0.0000,+0.0000,+0.0000,+0.0000,+0.0000,+0.000,+0.000,-0.00792,+0.0041,+0.0000,-0.163,+0.000,+0.000,-0.05456,+0.000,-1.364,+0.000,+0.000,-0.013,-1.377,2,+0.000,+0.000,+0.04495,+0.000,+1.124,+0.000,+0.000,-0.013,+1.111,2,+0.000,+0.000,-0.01380,+0.000,-0.345,+0.000,+0.000,-0.013,-0.358,2,+0.000,+0.000,+0.05233,+0.000,+1.308,+0.000,+0.000,-0.013,+1.295,2,+0.000,+0.000,-0.082,+0.753
DRV,728106,+0.0000,+0.0000,+0.0000,+0.0000,+0.0000,+0.0000,+0.000,+0.000,-0.00790,+0.0035,+0.0000,-0.141,+0.000,+0.000,-0.05456,+0.000,-1.364,+0.000,+0.000,-0.011,-1.375,2,+0.000,+0.000,+0.04495,+0.000,+1.124,+0.000,+0.000,-0.011,+1.112,0,+0.000,+0.000,-0.01380,+0.000,-0.345,+0.000,+0.000,-0.011,-0.356,2,+0.000,+0.000,+0.05233,+0.000,+1.308,+0.000,+0.000,-0.011,+1.297,0,+0.000,+0.000,-0.078,+0.756
DRV,728110,+0.0000,+0.0000,+0.0000,+0.0000,+0.0000,+0.0000,+0.000,+0.000,-0.00789,+0.0030,+0.0000,-0.120,+0.000,+0.000,-0.05456,+0.000,-1.364,+0.000,+0.000,-0.010,-1.374,0,+0.000,+0.000,+0.04495,+0.000,+1.124,+0.000,+0.000,-0.010,+1.114,0,+0.000,+0.000,-0.01380,+0.000,-0.345,+0.000,+0.000,-0.010,-0.355,0,+0.000,+0.000,+0.05233,+0.000,+1.308,+0.000,+0.000,-0.010,+1.299,2,+0.000,+0.000,-0.075,+0.759
DRV,728114,+0.0000,+0.0000,+0.0000,+0.0000,+0.0000,+0.0000,+0.000,+0.000,-0.00788,+0.0030,+0.0000,-0.120,+0.000,+0.000,-0.05456,+0.000,-1.364,+0.000,+0.000,-0.010,-1.374,0,+0.000,+0.000,+0.04495,+0.000,+1.124,+0.000,+0.000,-0.010,+1.114,2,+0.000,+0.000,-0.01380,+0.000,-0.345,+0.000,+0.000,-0.010,-0.355,0,+0.000,+0.000,+0.05233,+0.000,+1.308,+0.000,+0.000,-0.010,+1.299,2,+0.000,+0.000,-0.075,+0.760
DRV,728118,+0.0000,+0.0000,+0.0000,+0.0000,+0.0000,+0.0000,+0.000,+0.000,-0.00787,+0.0030,+0.0000,-0.119,+0.000,+0.000,-0.05456,+0.000,-1.364,+0.000,+0.000,-0.010,-1.374,2,+0.000,+0.000,+0.04495,+0.000,+1.124,+0.000,+0.000,-0.010,+1.114,2,+0.000,+0.000,-0.01380,+0.000,-0.345,+0.000,+0.000,-0.010,-0.355,2,+0.000,+0.000,+0.05233,+0.000,+1.308,+0.000,+0.000,-0.010,+1.299,2,+0.000,+0.000,-0.075,+0.760
DRV,728122,+0.0000,+0.0000,+0.0000,+0.0000,+0.0000,+0.0000,+0.000,+0.000,-0.00785,+0.0032,+0.0000,-0.130,+0.000,+0.000,-0.05456,+0.000,-1.364,+0.000,+0.000,-0.010,-1.375,2,+0.000,+0.000,+0.04495,+0.000,+1.124,+0.000,+0.000,-0.010,+1.113,2,+0.000,+0.000,-0.01380,+0.000,-0.345,+0.000,+0.000,-0.010,-0.355,2,+0.000,+0.000,+0.05233,+0.000,+1.308,+0.000,+0.000,-0.010,+1.298,2,+0.000,+0.000,-0.077,+0.758
DRV,728126,+0.0000,+0.0000,+0.0000,+0.0000,+0.0000,+0.0000,+0.000,+0.000,-0.00784,+0.0035,+0.0000,-0.140,+0.000,+0.000,-0.05456,+0.000,-1.364,+0.000,+0.000,-0.011,-1.375,2,+0.000,+0.000,+0.04495,+0.000,+1.124,+0.000,+0.000,-0.011,+1.112,2,+0.000,+0.000,-0.01380,+0.000,-0.345,+0.000,+0.000,-0.011,-0.356,2,+0.000,+0.000,+0.05233,+0.000,+1.308,+0.000,+0.000,-0.011,+1.297,2,+0.000,+0.000,-0.078,+0.756
DRV,728130,+0.0000,+0.0000,+0.0000,+0.0000,+0.0000,+0.0000,+0.000,+0.000,-0.00783,+0.0035,+0.0000,-0.140,+0.000,+0.000,-0.05456,+0.000,-1.364,+0.000,+0.000,-0.011,-1.375,2,+0.000,+0.000,+0.04495,+0.000,+1.124,+0.000,+0.000,-0.011,+1.112,2,+0.000,+0.000,-0.01380,+0.000,-0.345,+0.000,+0.000,-0.011,-0.356,2,+0.000,+0.000,+0.05233,+0.000,+1.308,+0.000,+0.000,-0.011,+1.297,2,+0.000,+0.000,-0.078,+0.756
DRV,728134,+0.0000,+0.0000,+0.0000,+0.0000,+0.0000,+0.0000,+0.000,+0.000,-0.00781,+0.0035,+0.0000,-0.140,+0.000,+0.000,-0.05456,+0.000,-1.364,+0.000,+0.000,-0.011,-1.375,2,+0.000,+0.000,+0.04495,+0.000,+1.124,+0.000,+0.000,-0.011,+1.112,2,+0.000,+0.000,-0.01380,+0.000,-0.345,+0.000,+0.000,-0.011,-0.356,2,+0.000,+0.000,+0.05233,+0.000,+1.308,+0.000,+0.000,-0.011,+1.297,2,+0.000,+0.000,-0.078,+0.756
DRV,728138,+0.0000,+0.0000,+0.0000,+0.0000,+0.0000,+0.0000,+0.000,+0.000,-0.00779,+0.0048,+0.0000,-0.193,+0.000,+0.000,-0.05456,+0.000,-1.364,+0.000,+0.000,-0.015,-1.380,2,+0.000,+0.000,+0.04495,+0.000,+1.124,+0.000,+0.000,-0.015,+1.108,2,+0.000,+0.000,-0.01380,+0.000,-0.345,+0.000,+0.000,-0.015,-0.360,2,+0.000,+0.000,+0.05233,+0.000,+1.308,+0.000,+0.000,-0.015,+1.293,2,+0.000,+0.000,-0.087,+0.748
DRV,728142,+0.0000,+0.0000,+0.0000,+0.0000,+0.0000,+0.0000,+0.000,+0.000,-0.00777,+0.0061,+0.0000,-0.245,+0.000,+0.000,-0.05456,+0.000,-1.364,+0.000,+0.000,-0.020,-1.384,2,+0.000,+0.000,+0.04495,+0.000,+1.124,+0.000,+0.000,-0.020,+1.104,2,+0.000,+0.000,-0.01380,+0.000,-0.345,+0.000,+0.000,-0.020,-0.365,2,+0.000,+0.000,+0.05233,+0.000,+1.308,+0.000,+0.000,-0.020,+1.289,0,+0.000,+0.000,-0.095,+0.739
DRV,728146,+0.0000,+0.0000,+0.0000,+0.0000,+0.0000,+0.0000,+0.000,+0.000,-0.00775,+0.0045,+0.0000,-0.181,+0.000,+0.000,-0.05456,+0.000,-1.364,+0.000,+0.000,-0.014,-1.379,0,+0.000,+0.000,+0.04495,+0.000,+1.124,+0.000,+0.000,-0.014,+1.109,2,+0.000,+0.000,-0.01380,+0.000,-0.345,+0.000,+0.000,-0.014,-0.359,2,+0.000,+0.000,+0.05233,+0.000,+1.308,+0.000,+0.000,-0.014,+1.294,0,+0.000,+0.000,-0.085,+0.750
DRV,728150,+0.0000,+0.0000,+0.0000,+0.0000,+0.0000,+0.0000,+0.000,+0.000,-0.00774,+0.0029,+0.0000,-0.117,+0.000,+0.000,-0.05456,+0.000,-1.364,+0.000,+0.000,-0.009,-1.373,0,+0.000,+0.000,+0.04495,+0.000,+1.124,+0.000,+0.000,-0.009,+1.114,2,+0.000,+0.000,-0.01380,+0.000,-0.345,+0.000,+0.000,-0.009,-0.354,0,+0.000,+0.000,+0.05233,+0.000,+1.308,+0.000,+0.000,-0.009,+1.299,2,+0.000,+0.000,-0.075,+0.760
DRV,728154,+0.0000,+0.0000,+0.0000,+0.0000,+0.0000,+0.0000,+0.000,+0.000,-0.00773,+0.0024,+0.0000,-0.095,+0.000,+0.000,-0.05456,+0.000,-1.364,+0.000,+0.000,-0.008,-1.372,2,+0.000,+0.000,+0.04495,+0.000,+1.124,+0.000,+0.000,-0.008,+1.116,2,+0.000,+0.000,-0.01380,+0.000,-0.345,+0.000,+0.000,-0.008,-0.353,2,+0.000,+0.000,+0.05233,+0.000,+1.308,+0.000,+0.000,-0.008,+1.301,2,+0.000,+0.000,-0.071,+0.763
DRV,728158,+0.0000,+0.0000,+0.0000,+0.0000,+0.0000,+0.0000,+0.000,+0.000,-0.00772,+0.0018,+0.0000,-0.074,+0.000,+0.000,-0.05456,+0.000,-1.364,+0.000,+0.000,-0.006,-1.370,2,+0.000,+0.000,+0.04495,+0.000,+1.124,+0.000,+0.000,-0.006,+1.118,2,+0.000,+0.000,-0.01380,+0.000,-0.345,+0.000,+0.000,-0.006,-0.351,2,+0.000,+0.000,+0.05233,+0.000,+1.308,+0.000,+0.000,-0.006,+1.302,2,+0.000,+0.000,-0.068,+0.767
DRV,728162,+0.0000,+0.0000,+0.0000,+0.0000,+0.0000,+0.0000,+0.000,+0.000,-0.00771,+0.0026,+0.0000,-0.106,+0.000,+0.000,-0.05456,+0.000,-1.364,+0.000,+0.000,-0.008,-1.373,2,+0.000,+0.000,+0.04495,+0.000,+1.124,+0.000,+0.000,-0.008,+1.115,2,+0.000,+0.000,-0.01380,+0.000,-0.345,+0.000,+0.000,-0.008,-0.353,2,+0.000,+0.000,+0.05233,+0.000,+1.308,+0.000,+0.000,-0.008,+1.300,2,+0.000,+0.000,-0.073,+0.762
DRV,728166,+0.0000,+0.0000,+0.0000,+0.0000,+0.0000,+0.0000,+0.000,+0.000,-0.00770,+0.0034,+0.0000,-0.137,+0.000,+0.000,-0.05456,+0.000,-1.364,+0.000,+0.000,-0.011,-1.375,2,+0.000,+0.000,+0.04495,+0.000,+1.124,+0.000,+0.000,-0.011,+1.113,2,+0.000,+0.000,-0.01380,+0.000,-0.345,+0.000,+0.000,-0.011,-0.356,2,+0.000,-0.005,+0.05233,-0.005,+1.308,+0.010,+0.000,-0.011,+1.307,2,-0.005,+0.000,-0.068,+0.757
DRV,728170,+0.0000,+0.0000,+0.0000,+0.0000,+0.0000,+0.0000,+0.000,+0.000,-0.00768,+0.0037,+0.0000,-0.148,+0.000,+0.000,-0.05456,+0.000,-1.364,+0.000,+0.000,-0.012,-1.376,2,+0.000,+0.000,+0.04495,+0.000,+1.124,+0.000,+0.000,-0.012,+1.112,2,+0.000,+0.000,-0.01380,+0.000,-0.345,+0.000,+0.000,-0.012,-0.357,2,+0.000,+0.000,+0.05233,+0.000,+1.308,+0.000,+0.000,-0.012,+1.296,2,+0.000,+0.000,-0.079,+0.755
DRV,728174,+0.0000,+0.0000,+0.0000,+0.0000,+0.0000,+0.0000,+0.000,+0.000,-0.00767,+0.0040,+0.0000,-0.158,+0.000,+0.000,-0.05456,+0.000,-1.364,+0.000,+0.000,-0.013,-1.377,2,+0.000,+0.000,+0.04495,+0.000,+1.124,+0.000,+0.000,-0.013,+1.111,2,+0.000,+0.000,-0.01380,+0.000,-0.345,+0.000,+0.000,-0.013,-0.358,2,+0.000,+0.000,+0.05233,+0.000,+1.308,+0.000,+0.000,-0.013,+1.296,2,+0.000,+0.000,-0.081,+0.753
DRV,728178,+0.0000,+0.0000,+0.0000,+0.0000,+0.0000,+0.0000,+0.000,+0.000,-0.00765,+0.0042,+0.0000,-0.168,+0.000,+0.000,-0.05456,+0.000,-1.364,+0.000,+0.000,-0.013,-1.378,2,+0.000,+0.000,+0.04495,+0.000,+1.124,+0.000,+0.000,-0.013,+1.110,0,+0.000,+0.000,-0.01380,+0.000,-0.345,+0.000,+0.000,-0.013,-0.358,2,+0.000,+0.000,+0.05233,+0.000,+1.308,+0.000,+0.000,-0.013,+1.295,2,+0.000,+0.000,-0.083,+0.752
DRV,728182,+0.0000,+0.0000,+0.0000,+0.0000,+0.0000,+0.0000,+0.000,+0.000,-0.00763,+0.0045,+0.0000,-0.179,+0.000,+0.000,-0.05456,+0.000,-1.364,+0.000,+0.000,-0.014,-1.378,2,+0.000,+0.000,+0.04495,+0.000,+1.124,+0.000,+0.000,-0.014,+1.109,0,+0.000,+0.000,-0.01380,+0.000,-0.345,+0.000,+0.000,-0.014,-0.359,2,+0.000,+0.000,+0.05233,+0.000,+1.308,+0.000,+0.000,-0.014,+1.294,0,+0.000,+0.000,-0.084,+0.750
DRV,728186,+0.0000,+0.0000,+0.0000,+0.0000,+0.0000,+0.0000,+0.000,+0.000,-0.00761,+0.0045,+0.0000,-0.178,+0.000,+0.002,-0.05456,+0.002,-1.364,-0.005,+0.000,-0.014,-1.383,0,+0.000,+0.000,+0.04495,+0.000,+1.124,+0.000,+0.000,-0.014,+1.109,0,+0.000,+0.000,-0.01380,+0.000,-0.345,+0.000,+0.000,-0.014,-0.359,0,+0.000,+0.000,+0.05233,+0.000,+1.308,+0.000,+0.000,-0.014,+1.294,0,+0.002,+0.000,-0.089,+0.750
DRV,728190,+0.0000,+0.0000,+0.0000,+0.0000,+0.0000,+0.0000,+0.000,+0.000,-0.00760,+0.0044,+0.0000,-0.178,+0.000,+0.000,-0.05456,+0.000,-1.364,+0.000,+0.000,-0.014,-1.378,0,+0.000,+0.000,+0.04495,+0.000,+1.124,+0.000,+0.000,-0.014,+1.109,2,+0.000,+0.000,-0.01380,+0.000,-0.345,+0.000,+0.000,-0.014,-0.359,0,+0.000,+0.000,+0.05233,+0.000,+1.308,+0.000,+0.000,-0.014,+1.294,2,+0.000,+0.000,-0.084,+0.750
DRV,728194,+0.0000,+0.0000,+0.0000,+0.0000,+0.0000,+0.0000,+0.000,+0.000,-0.00758,+0.0042,+0.0000,-0.167,+0.000,+0.000,-0.05456,+0.000,-1.364,+0.000,+0.000,-0.013,-1.377,2,+0.000,+0.000,+0.04495,+0.000,+1.124,+0.000,+0.000,-0.013,+1.110,2,+0.000,+0.000,-0.01380,+0.000,-0.345,+0.000,+0.000,-0.013,-0.358,2,+0.000,+0.000,+0.05233,+0.000,+1.308,+0.000,+0.000,-0.013,+1.295,2,+0.000,+0.000,-0.083,+0.752
DRV,728198,+0.0000,+0.0000,+0.0000,+0.0000,+0.0000,+0.0000,+0.000,+0.000,-0.00756,+0.0039,+0.0000,-0.156,+0.000,-0.001,-0.05456,-0.001,-1.364,+0.002,+0.000,-0.012,-1.375,2,+0.000,+0.000,+0.04495,+0.000,+1.124,+0.000,+0.000,-0.012,+1.111,2,+0.000,+0.000,-0.01380,+0.000,-0.345,+0.000,+0.000,-0.012,-0.357,2,+0.000,+0.000,+0.05233,+0.000,+1.308,+0.000,+0.000,-0.012,+1.296,2,-0.001,+0.000,-0.079,+0.754
DRV,728202,+0.0000,+0.0000,+0.0000,+0.0000,+0.0000,+0.0000,+0.000,+0.000,-0.00755,+0.0039,+0.0000,-0.156,+0.000,+0.000,-0.05456,+0.000,-1.364,+0.000,+0.000,-0.012,-1.377,2,+0.000,+0.000,+0.04495,+0.000,+1.124,+0.000,+0.000,-0.012,+1.111,2,+0.000,+0.000,-0.01380,+0.000,-0.345,+0.000,+0.000,-0.012,-0.357,2,+0.000,+0.000,+0.05233,+0.000,+1.308,+0.000,+0.000,-0.012,+1.296,2,+0.000,+0.000,-0.081,+0.754
DRV,728206,+0.0000,+0.0000,+0.0000,+0.0000,+0.0000,+0.0000,+0.000,+0.000,-0.00753,+0.0039,+0.0000,-0.155,+0.000,+0.000,-0.05456,+0.000,-1.364,+0.000,+0.000,-0.012,-1.377,2,+0.000,+0.000,+0.04495,+0.000,+1.124,+0.000,+0.000,-0.012,+1.111,2,+0.000,+0.000,-0.01380,+0.000,-0.345,+0.000,+0.000,-0.012,-0.357,2,+0.000,+0.000,+0.05233,+0.000,+1.308,+0.000,+0.000,-0.012,+1.296,2,+0.000,+0.000,-0.081,+0.754
DRV,728210,+0.0000,+0.0000,+0.0000,+0.0000,+0.0000,+0.0000,+0.000,+0.000,-0.00752,+0.0039,+0.0000,-0.155,+0.000,+0.000,-0.05456,+0.000,-1.364,+0.000,+0.000,-0.012,-1.377,2,+0.000,+0.000,+0.04495,+0.000,+1.124,+0.000,+0.000,-0.012,+1.111,2,+0.000,+0.000,-0.01380,+0.000,-0.345,+0.000,+0.000,-0.012,-0.357,2,+0.000,+0.000,+0.05233,+0.000,+1.308,+0.000,+0.000,-0.012,+1.296,2,+0.000,+0.000,-0.081,+0.754
DRV,728214,+0.0000,+0.0000,+0.0000,+0.0000,+0.0000,+0.0000,+0.000,+0.000,-0.00750,+0.0039,+0.0000,-0.155,+0.000,+0.000,-0.05456,+0.000,-1.364,+0.000,+0.000,-0.012,-1.376,2,+0.000,+0.000,+0.04495,+0.000,+1.124,+0.000,+0.000,-0.012,+1.111,2,+0.000,+0.000,-0.01380,+0.000,-0.345,+0.000,+0.000,-0.012,-0.357,2,+0.000,+0.000,+0.05233,+0.000,+1.308,+0.000,+0.000,-0.012,+1.296,2,+0.000,+0.000,-0.081,+0.754
DRV,728218,+0.0000,+0.0000,+0.0000,+0.0000,+0.0000,+0.0000,+0.000,+0.000,-0.00748,+0.0044,+0.0000,-0.176,+0.000,+0.000,-0.05456,+0.000,-1.364,+0.000,+0.000,-0.014,-1.378,2,+0.000,+0.000,+0.04495,+0.000,+1.124,+0.000,+0.000,-0.014,+1.110,0,+0.000,+0.000,-0.01380,+0.000,-0.345,+0.000,+0.000,-0.014,-0.359,2,+0.000,+0.000,+0.05233,+0.000,+1.308,+0.000,+0.000,-0.014,+1.294,0,+0.000,+0.000,-0.084,+0.751
DRV,728222,+0.0000,+0.0000,+0.0000,+0.0000,+0.0000,+0.0000,+0.000,+0.000,-0.00747,+0.0049,+0.0000,-0.197,+0.000,+0.000,-0.05456,+0.000,-1.364,+0.000,+0.000,-0.016,-1.380,0,+0.000,+0.000,+0.04495,+0.000,+1.124,+0.000,+0.000,-0.016,+1.108,0,+0.000,+0.000,-0.01380,+0.000,-0.345,+0.000,+0.000,-0.016,-0.361,0,+0.000,+0.000,+0.05233,+0.000,+1.308,+0.000,+0.000,-0.016,+1.293,0,+0.000,+0.000,-0.087,+0.747
DRV,728226,+0.0000,+0.0000,+0.0000,+0.0000,+0.0000,+0.0000,+0.000,+0.000,-0.00745,+0.0041,+0.0000,-0.164,+0.000,+0.000,-0.05456,+0.000,-1.364,+0.000,+0.000,-0.013,-1.377,0,+0.000,+0.000,+0.04495,+0.000,+1.124,+0.000,+0.000,-0.013,+1.111,2,+0.000,+0.000,-0.01380,+0.000,-0.345,+0.000,+0.000,-0.013,-0.358,0,+0.000,+0.000,+0.05233,+0.000,+1.308,+0.000,+0.000,-0.013,+1.295,2,+0.000,+0.000,-0.082,+0.752
DRV,728230,+0.0000,+0.0000,+0.0000,+0.0000,+0.0000,+0.0000,+0.000,+0.000,-0.00743,+0.0033,+0.0000,-0.132,+0.000,+0.000,-0.05456,+0.000,-1.364,+0.000,+0.000,-0.011,-1.375,2,+0.000,+0.000,+0.04495,+0.000,+1.124,+0.000,+0.000,-0.011,+1.113,2,+0.000,-0.002,-0.01380,-0.002,-0.345,+0.005,+0.000,-0.011,-0.351,2,+0.000,-0.000,+0.05233,-0.000,+1.308,+0.001,+0.000,-0.011,+1.299,2,-0.000,-0.002,-0.076,+0.762
DRV,728234,+0.0000,+0.0000,+0.0000,+0.0000,+0.0000,+0.0000,+0.000,+0.000,-0.00742,+0.0033,+0.0000,-0.132,+0.000,+0.000,-0.05456,+0.000,-1.364,+0.000,+0.000,-0.011,-1.375,2,+0.000,+0.000,+0.04495,+0.000,+1.124,+0.000,+0.000,-0.011,+1.113,2,+0.000,+0.000,-0.01380,+0.000,-0.345,+0.000,+0.000,-0.011,-0.356,2,+0.000,+0.000,+0.05233,+0.000,+1.308,+0.000,+0.000,-0.011,+1.298,2,+0.000,+0.000,-0.077,+0.758
DRV,728238,+0.0000,+0.0000,+0.0000,+0.0000,+0.0000,+0.0000,+0.000,+0.000,-0.00741,+0.0033,+0.0000,-0.132,+0.000,+0.000,-0.05456,+0.000,-1.364,+0.000,+0.000,-0.011,-1.375,2,+0.000,+0.000,+0.04495,+0.000,+1.124,+0.000,+0.000,-0.011,+1.113,2,+0.000,+0.000,-0.01380,+0.000,-0.345,+0.000,+0.000,-0.011,-0.356,2,+0.000,+0.000,+0.05233,+0.000,+1.308,+0.000,+0.000,-0.011,+1.298,2,+0.000,+0.000,-0.077,+0.758
DRV,728242,+0.0000,+0.0000,+0.0000,+0.0000,+0.0000,+0.0000,+0.000,+0.000,-0.00740,+0.0025,+0.0000,-0.099,+0.000,+0.000,-0.05456,+0.000,-1.364,+0.000,+0.000,-0.008,-1.372,2,+0.000,+0.000,+0.04495,+0.000,+1.124,+0.000,+0.000,-0.008,+1.116,2,+0.000,+0.000,-0.01380,+0.000,-0.345,+0.000,+0.000,-0.008,-0.353,2,+0.000,+0.000,+0.05233,+0.000,+1.308,+0.000,+0.000,-0.008,+1.300,2,+0.000,+0.000,-0.072,+0.763
DRV,728246,+0.0000,+0.0000,+0.0000,+0.0000,+0.0000,+0.0000,+0.000,+0.000,-0.00739,+0.0017,+0.0000,-0.067,+0.000,+0.000,-0.05456,+0.000,-1.364,+0.000,+0.000,-0.005,-1.370,2,+0.000,+0.000,+0.04495,+0.000,+1.124,+0.000,+0.000,-0.005,+1.118,2,+0.000,+0.000,-0.01380,+0.000,-0.345,+0.000,+0.000,-0.005,-0.350,2,+0.000,+0.000,+0.05233,+0.000,+1.308,+0.000,+0.000,-0.005,+1.303,2,+0.000,+0.000,-0.067,+0.768
DRV,728250,+0.0000,+0.0000,+0.0000,+0.0000,+0.0000,+0.0000,+0.000,+0.000,-0.00737,+0.0043,+0.0000,-0.174,+0.000,+0.000,-0.05456,+0.000,-1.364,+0.000,+0.000,-0.014,-1.378,2,+0.000,+0.000,+0.04495,+0.000,+1.124,+0.000,+0.000,-0.014,+1.110,2,+0.000,+0.000,-0.01380,+0.000,-0.345,+0.000,+0.000,-0.014,-0.359,2,+0.000,+0.000,+0.05233,+0.000,+1.308,+0.000,+0.000,-0.014,+1.294,2,+0.000,+0.000,-0.084,+0.751
DRV,728254,+0.0000,+0.0000,+0.0000,+0.0000,+0.0000,+0.0000,+0.000,+0.000,-0.00736,+0.0043,+0.0000,-0.173,+0.000,+0.000,-0.05456,+0.000,-1.364,+0.000,+0.000,-0.014,-1.378,2,+0.000,+0.000,+0.04495,+0.000,+1.124,+0.000,+0.000,-0.014,+1.110,0,+0.000,+0.000,-0.01380,+0.000,-0.345,+0.000,+0.000,-0.014,-0.359,2,+0.000,+0.000,+0.05233,+0.000,+1.308,+0.000,+0.000,-0.014,+1.294,0,+0.000,+0.000,-0.084,+0.751
DRV,728258,+0.0000,+0.0000,+0.0000,+0.0000,+0.0000,+0.0000,+0.000,+0.000,-0.00734,+0.0033,+0.0000,-0.130,+0.000,+0.000,-0.05456,+0.000,-1.364,+0.000,+0.000,-0.010,-1.375,2,+0.000,+0.000,+0.04495,+0.000,+1.124,+0.000,+0.000,-0.010,+1.113,0,+0.000,+0.000,-0.01380,+0.000,-0.345,+0.000,+0.000,-0.010,-0.355,0,+0.000,+0.000,+0.05233,+0.000,+1.308,+0.000,+0.000,-0.010,+1.298,0,+0.000,+0.000,-0.077,+0.758
DRV,728262,+0.0000,+0.0000,+0.0000,+0.0000,+0.0000,+0.0000,+0.000,+0.000,-0.00733,+0.0033,+0.0000,-0.130,+0.000,+0.000,-0.05456,+0.000,-1.364,+0.000,+0.000,-0.010,-1.375,0,+0.000,+0.000,+0.04495,+0.000,+1.124,+0.000,+0.000,-0.010,+1.113,2,+0.000,+0.000,-0.01380,+0.000,-0.345,+0.000,+0.000,-0.010,-0.355,0,+0.000,+0.000,+0.05233,+0.000,+1.308,+0.000,+0.000,-0.010,+1.298,2,+0.000,+0.000,-0.077,+0.758
DRV,728266,+0.0000,+0.0000,+0.0000,+0.0000,+0.0000,+0.0000,+0.000,+0.000,-0.00732,+0.0032,+0.0000,-0.130,+0.000,+0.000,-0.05456,+0.000,-1.364,+0.000,+0.000,-0.010,-1.374,2,+0.000,+0.000,+0.04495,+0.000,+1.124,+0.000,+0.000,-0.010,+1.113,2,+0.000,+0.000,-0.01380,+0.000,-0.345,+0.000,+0.000,-0.010,-0.355,2,+0.000,+0.000,+0.05233,+0.000,+1.308,+0.000,+0.000,-0.010,+1.298,2,+0.000,+0.000,-0.077,+0.758
DRV,728270,+0.0000,+0.0000,+0.0000,+0.0000,+0.0000,+0.0000,+0.000,+0.000,-0.00730,+0.0032,+0.0000,-0.130,+0.000,+0.002,-0.05456,+0.002,-1.364,-0.004,+0.000,-0.010,-1.378,2,+0.000,+0.000,+0.04495,+0.000,+1.124,+0.000,+0.000,-0.010,+1.113,2,+0.000,+0.000,-0.01380,+0.000,-0.345,+0.000,+0.000,-0.010,-0.355,2,+0.000,+0.000,+0.05233,+0.000,+1.308,+0.000,+0.000,-0.010,+1.298,2,+0.002,+0.000,-0.080,+0.758
DRV,728274,+0.0000,+0.0000,+0.0000,+0.0000,+0.0000,+0.0000,+0.000,+0.000,-0.00729,+0.0032,+0.0000,-0.129,+0.000,+0.000,-0.05456,+0.000,-1.364,+0.000,+0.000,-0.010,-1.374,2,+0.000,+0.000,+0.04495,+0.000,+1.124,+0.000,+0.000,-0.010,+1.113,2,+0.000,+0.000,-0.01380,+0.000,-0.345,+0.000,+0.000,-0.010,-0.355,2,+0.000,+0.000,+0.05233,+0.000,+1.308,+0.000,+0.000,-0.010,+1.298,2,+0.000,+0.000,-0.077,+0.758
DRV,728278,+0.0000,+0.0000,+0.0000,+0.0000,+0.0000,+0.0000,+0.000,+0.000,-0.00728,+0.0032,+0.0000,-0.129,+0.000,+0.000,-0.05456,+0.000,-1.364,+0.000,+0.000,-0.010,-1.374,2,+0.000,+0.000,+0.04495,+0.000,+1.124,+0.000,+0.000,-0.010,+1.113,2,+0.000,+0.000,-0.01380,+0.000,-0.345,+0.000,+0.000,-0.010,-0.355,2,+0.000,+0.000,+0.05233,+0.000,+1.308,+0.000,+0.000,-0.010,+1.298,2,+0.000,+0.000,-0.076,+0.758
DRV,728282,+0.0000,+0.0000,+0.0000,+0.0000,+0.0000,+0.0000,+0.000,+0.000,-0.00726,+0.0043,+0.0000,-0.171,+0.000,-0.002,-0.05456,-0.002,-1.364,+0.005,+0.000,-0.014,-1.373,2,+0.000,+0.000,+0.04495,+0.000,+1.124,+0.000,+0.000,-0.014,+1.110,2,+0.000,+0.000,-0.01380,+0.000,-0.345,+0.000,+0.000,-0.014,-0.359,2,+0.000,+0.000,+0.05233,+0.000,+1.308,+0.000,+0.000,-0.014,+1.295,2,-0.002,+0.000,-0.078,+0.751
DRV,728286,+0.0000,+0.0000,+0.0000,+0.0000,+0.0000,+0.0000,+0.000,+0.000,-0.00725,+0.0043,+0.0000,-0.171,+0.000,+0.000,-0.05456,+0.000,-1.364,+0.000,+0.000,-0.014,-1.378,2,+0.000,+0.000,+0.04495,+0.000,+1.124,+0.000,+0.000,-0.014,+1.110,2,+0.000,+0.000,-0.01380,+0.000,-0.345,+0.000,+0.000,-0.014,-0.359,2,+0.000,+0.000,+0.05233,+0.000,+1.308,+0.000,+0.000,-0.014,+1.295,2,+0.000,+0.000,-0.083,+0.751
DRV,728290,+0.0000,+0.0000,+0.0000,+0.0000,+0.0000,+0.0000,+0.000,+0.000,-0.00723,+0.0037,+0.0000,-0.149,+0.000,+0.000,-0.05456,+0.000,-1.364,+0.000,+0.000,-0.012,-1.376,2,+0.000,+0.000,+0.04495,+0.000,+1.124,+0.000,+0.000,-0.012,+1.112,0,+0.000,+0.000,-0.01380,+0.000,-0.345,+0.000,+0.000,-0.012,-0.357,2,+0.000,+0.000,+0.05233,+0.000,+1.308,+0.000,+0.000,-0.012,+1.296,2,+0.000,+0.000,-0.080,+0.755
DRV,728294,+0.0000,+0.0000,+0.0000,+0.0000,+0.0000,+0.0000,+0.000,+0.000,-0.00721,+0.0037,+0.0000,-0.149,+0.000,+0.000,-0.05456,+0.000,-1.364,+0.000,+0.000,-0.012,-1.376,2,+0.000,+0.000,+0.04495,+0.000,+1.124,+0.000,+0.000,-0.012,+1.112,0,+0.000,+0.000,-0.01380,+0.000,-0.345,+0.000,+0.000,-0.012,-0.357,2,+0.000,+0.000,+0.05233,+0.000,+1.308,+0.000,+0.000,-0.012,+1.296,0,+0.000,+0.000,-0.080,+0.755
DRV,728298,+0.0000,+0.0000,+0.0000,+0.0000,+0.0000,+0.0000,+0.000,+0.000,-0.00720,+0.0037,+0.0000,-0.149,+0.000,+0.000,-0.05456,+0.000,-1.364,+0.000,+0.000,-0.012,-1.376,0,+0.000,+0.000,+0.04495,+0.000,+1.124,+0.000,+0.000,-0.012,+1.112,0,+0.000,+0.000,-0.01380,+0.000,-0.345,+0.000,+0.000,-0.012,-0.357,0,+0.000,+0.000,+0.05233,+0.000,+1.308,+0.000,+0.000,-0.012,+1.296,2,+0.000,+0.000,-0.080,+0.755
DRV,728302,+0.0000,+0.0000,+0.0000,+0.0000,+0.0000,+0.0000,+0.000,+0.000,-0.00719,+0.0037,+0.0000,-0.148,+0.000,+0.000,-0.05456,+0.000,-1.364,+0.000,+0.000,-0.012,-1.376,0,+0.000,+0.000,+0.04495,+0.000,+1.124,+0.000,+0.000,-0.012,+1.112,2,+0.000,+0.000,-0.01380,+0.000,-0.345,+0.000,+0.000,-0.012,-0.357,2,+0.000,+0.000,+0.05233,+0.000,+1.308,+0.000,+0.000,-0.012,+1.296,2,+0.000,+0.000,-0.080,+0.755
DRV,728306,+0.0000,+0.0000,+0.0000,+0.0000,+0.0000,+0.0000,+0.000,+0.000,-0.00717,+0.0026,+0.0000,-0.106,+0.000,+0.000,-0.05456,+0.000,-1.364,+0.000,+0.000,-0.008,-1.373,2,+0.000,+0.000,+0.04495,+0.000,+1.124,+0.000,+0.000,-0.008,+1.115,2,+0.000,+0.000,-0.01380,+0.000,-0.345,+0.000,+0.000,-0.008,-0.353,2,+0.000,+0.000,+0.05233,+0.000,+1.308,+0.000,+0.000,-0.008,+1.300,2,+0.000,+0.000,-0.073,+0.762
DRV,728310,+0.0000,+0.0000,+0.0000,+0.0000,+0.0000,+0.0000,+0.000,+0.000,-0.00716,+0.0026,+0.0000,-0.105,+0.000,+0.000,-0.05456,+0.000,-1.364,+0.000,+0.000,-0.008,-1.373,2,+0.000,+0.000,+0.04495,+0.000,+1.124,+0.000,+0.000,-0.008,+1.115,2,+0.000,+0.000,-0.01380,+0.000,-0.345,+0.000,+0.000,-0.008,-0.353,2,+0.000,+0.000,+0.05233,+0.000,+1.308,+0.000,+0.000,-0.008,+1.300,2,+0.000,+0.000,-0.073,+0.762
DRV,728314,+0.0000,+0.0000,+0.0000,+0.0000,+0.0000,+0.0000,+0.000,+0.000,-0.00715,+0.0032,+0.0000,-0.126,+0.000,+0.000,-0.05456,+0.000,-1.364,+0.000,+0.000,-0.010,-1.374,2,+0.000,+0.000,+0.04495,+0.000,+1.124,+0.000,+0.000,-0.010,+1.114,2,+0.000,+0.000,-0.01380,+0.000,-0.345,+0.000,+0.000,-0.010,-0.355,2,+0.000,+0.000,+0.05233,+0.000,+1.308,+0.000,+0.000,-0.010,+1.298,2,+0.000,+0.000,-0.076,+0.758
DRV,728318,+0.0000,+0.0000,+0.0000,+0.0000,+0.0000,+0.0000,+0.000,+0.000,-0.00714,+0.0032,+0.0000,-0.126,+0.000,+0.000,-0.05456,+0.000,-1.364,+0.000,+0.000,-0.010,-1.374,2,+0.000,+0.000,+0.04495,+0.000,+1.124,+0.000,+0.000,-0.010,+1.114,2,+0.000,+0.000,-0.01380,+0.000,-0.345,+0.000,+0.000,-0.010,-0.355,2,+0.000,+0.000,+0.05233,+0.000,+1.308,+0.000,+0.000,-0.010,+1.298,2,+0.000,+0.000,-0.076,+0.758
DRV,728322,+0.0000,+0.0000,+0.0000,+0.0000,+0.0000,+0.0000,+0.000,+0.000,-0.00712,+0.0037,+0.0000,-0.147,+0.000,+0.000,-0.05456,+0.000,-1.364,+0.000,+0.000,-0.012,-1.376,2,+0.000,+0.000,+0.04495,+0.000,+1.124,+0.000,+0.000,-0.012,+1.112,2,+0.000,+0.000,-0.01380,+0.000,-0.345,+0.000,+0.000,-0.012,-0.357,2,+0.000,+0.000,+0.05233,+0.000,+1.308,+0.000,+0.000,-0.012,+1.297,2,+0.000,+0.000,-0.079,+0.755
DRV,728326,+0.0000,+0.0000,+0.0000,+0.0000,+0.0000,+0.0000,+0.000,+0.000,-0.00711,+0.0037,+0.0000,-0.147,+0.000,+0.000,-0.05456,+0.000,-1.364,+0.000,+0.000,-0.012,-1.376,2,+0.000,+0.000,+0.04495,+0.000,+1.124,+0.000,+0.000,-0.012,+1.112,2,+0.000,+0.000,-0.01380,+0.000,-0.345,+0.000,+0.000,-0.012,-0.357,2,+0.000,+0.000,+0.05233,+0.000,+1.308,+0.000,+0.000,-0.012,+1.297,2,+0.000,+0.000,-0.079,+0.755
DRV,728330,+0.0000,+0.0000,+0.0000,+0.0000,+0.0000,+0.0000,+0.000,+0.000,-0.00709,+0.0037,+0.0000,-0.147,+0.000,-0.002,-0.05456,-0.002,-1.364,+0.004,+0.000,-0.012,-1.372,2,+0.000,+0.000,+0.04495,+0.000,+1.124,+0.000,+0.000,-0.012,+1.112,0,+0.000,+0.000,-0.01380,+0.000,-0.345,+0.000,+0.000,-0.012,-0.357,2,+0.000,+0.000,+0.05233,+0.000,+1.308,+0.000,+0.000,-0.012,+1.297,0,-0.002,+0.000,-0.075,+0.755
DRV,728334,+0.0000,+0.0000,+0.0000,+0.0000,+0.0000,+0.0000,+0.000,+0.000,-0.00708,+0.0037,+0.0000,-0.146,+0.000,+0.000,-0.05456,+0.000,-1.364,+0.000,+0.000,-0.012,-1.376,0,+0.000,+0.000,+0.04495,+0.000,+1.124,+0.000,+0.000,-0.012,+1.112,0,+0.000,+0.000,-0.01380,+0.000,-0.345,+0.000,+0.000,-0.012,-0.357,0,+0.000,+0.000,+0.05233,+0.000,+1.308,+0.000,+0.000,-0.012,+1.297,0,+0.000,+0.000,-0.079,+0.755
DRV,728338,+0.0000,+0.0000,+0.0000,+0.0000,+0.0000,+0.0000,+0.000,+0.000,-0.00707,+0.0037,+0.0000,-0.146,+0.000,+0.000,-0.05456,+0.000,-1.364,+0.000,+0.000,-0.012,-1.376,0,+0.000,+0.000,+0.04495,+0.000,+1.124,+0.000,+0.000,-0.012,+1.112,2,+0.000,+0.000,-0.01380,+0.000,-0.345,+0.000,+0.000,-0.012,-0.357,0,+0.000,+0.000,+0.05233,+0.000,+1.308,+0.000,+0.000,-0.012,+1.297,2,+0.000,+0.000,-0.079,+0.755
DRV,728342,+0.0000,+0.0000,+0.0000,+0.0000,+0.0000,+0.0000,+0.000,+0.000,-0.00705,+0.0036,+0.0000,-0.146,+0.000,+0.000,-0.05456,+0.000,-1.364,+0.000,+0.000,-0.012,-1.376,2,+0.000,+0.000,+0.04495,+0.000,+1.124,+0.000,+0.000,-0.012,+1.112,2,+0.000,+0.000,-0.01380,+0.000,-0.345,+0.000,+0.000,-0.012,-0.357,2,+0.000,+0.000,+0.05233,+0.000,+1.308,+0.000,+0.000,-0.012,+1.297,2,+0.000,+0.000,-0.079,+0.755
DRV,728346,+0.0000,+0.0000,+0.0000,+0.0000,+0.0000,+0.0000,+0.000,+0.000,-0.00703,+0.0047,+0.0000,-0.188,+0.000,-0.000,-0.05456,-0.000,-1.364,+0.001,+0.000,-0.015,-1.378,2,+0.000,+0.000,+0.04495,+0.000,+1.124,+0.000,+0.000,-0.015,+1.109,2,+0.000,+0.000,-0.01380,+0.000,-0.345,+0.000,+0.000,-0.015,-0.360,2,+0.000,+0.000,+0.05233,+0.000,+1.308,+0.000,+0.000,-0.015,+1.293,2,-0.000,+0.000,-0.085,+0.749
DRV,728350,+0.0000,+0.0000,+0.0000,+0.0000,+0.0000,+0.0000,+0.000,+0.000,-0.00701,+0.0047,+0.0000,-0.188,+0.000,+0.000,-0.05456,+0.000,-1.364,+0.000,+0.000,-0.015,-1.379,2,+0.000,+0.000,+0.04495,+0.000,+1.124,+0.000,+0.000,-0.015,+1.109,2,+0.000,+0.000,-0.01380,+0.000,-0.345,+0.000,+0.000,-0.015,-0.360,2,+0.000,+0.000,+0.05233,+0.000,+1.308,+0.000,+0.000,-0.015,+1.293,2,+0.000,+0.000,-0.086,+0.749
DRV,728354,+0.0000,+0.0000,+0.0000,+0.0000,+0.0000,+0.0000,+0.000,+0.000,-0.00700,+0.0020,+0.0000,-0.081,+0.000,+0.000,-0.05456,+0.000,-1.364,+0.000,+0.000,-0.006,-1.371,2,+0.000,+0.000,+0.04495,+0.000,+1.124,+0.000,+0.000,-0.006,+1.117,2,+0.000,+0.000,-0.01380,+0.000,-0.345,+0.000,+0.000,-0.006,-0.351,2,+0.000,+0.000,+0.05233,+0.000,+1.308,+0.000,+0.000,-0.006,+1.302,2,+0.000,+0.000,-0.069,+0.766
DRV,728358,+0.0000,+0.0000,+0.0000,+0.0000,+0.0000,+0.0000,+0.000,+0.000,-0.00700,+0.0020,+0.0000,-0.081,+0.000,+0.000,-0.05456,+0.000,-1.364,+0.000,+0.000,-0.006,-1.371,2,+0.000,+0.000,+0.04495,+0.000,+1.124,+0.000,+0.000,-0.006,+1.117,2,+0.000,+0.000,-0.01380,+0.000,-0.345,+0.000,+0.000,-0.006,-0.351,2,+0.000,+0.000,+0.05233,+0.000,+1.308,+0.000,+0.000,-0.006,+1.302,2,+0.000,+0.000,-0.069,+0.766
DRV,728362,+0.0000,+0.0000,+0.0000,+0.0000,+0.0000,+0.0000,+0.000,+0.000,-0.00699,+0.0025,+0.0000,-0.102,+0.000,-0.003,-0.05456,-0.003,-1.364,+0.006,+0.000,-0.008,-1.367,2,+0.000,+0.000,+0.04495,+0.000,+1.124,+0.000,+0.000,-0.008,+1.116,2,+0.000,+0.000,-0.01380,+0.000,-0.345,+0.000,+0.000,-0.008,-0.353,2,+0.000,+0.000,+0.05233,+0.000,+1.308,+0.000,+0.000,-0.008,+1.300,2,-0.003,+0.000,-0.066,+0.762
DRV,728366,+0.0000,+0.0000,+0.0000,+0.0000,+0.0000,+0.0000,+0.000,+0.000,-0.00698,+0.0025,+0.0000,-0.102,+0.000,+0.000,-0.05456,+0.000,-1.364,+0.000,+0.000,-0.008,-1.372,2,+0.000,+0.000,+0.04495,+0.000,+1.124,+0.000,+0.000,-0.008,+1.116,0,+0.000,+0.000,-0.01380,+0.000,-0.345,+0.000,+0.000,-0.008,-0.353,2,+0.000,+0.000,+0.05233,+0.000,+1.308,+0.000,+0.000,-0.008,+1.300,0,+0.000,+0.000,-0.072,+0.762
DRV,728370,+0.0000,+0.0000,+0.0000,+0.0000,+0.0000,+0.0000,+0.000,+0.000,-0.00697,+0.0020,+0.0000,-0.080,+0.000,+0.000,-0.05456,+0.000,-1.364,+0.000,+0.000,-0.006,-1.371,0,+0.000,+0.000,+0.04495,+0.000,+1.124,+0.000,+0.000,-0.006,+1.117,0,+0.000,+0.000,-0.01380,+0.000,-0.345,+0.000,+0.000,-0.006,-0.351,0,+0.000,+0.000,+0.05233,+0.000,+1.308,+0.000,+0.000,-0.006,+1.302,0,+0.000,+0.000,-0.069,+0.766
DRV,728374,+0.0000,+0.0000,+0.0000,+0.0000,+0.0000,+0.0000,+0.000,+0.000,-0.00696,+0.0020,+0.0000,-0.080,+0.000,+0.000,-0.05456,+0.000,-1.364,+0.000,+0.000,-0.006,-1.371,2,+0.000,+0.000,+0.04495,+0.000,+1.124,+0.000,+0.000,-0.006,+1.117,2,+0.000,+0.000,-0.01380,+0.000,-0.345,+0.000,+0.000,-0.006,-0.351,0,+0.000,+0.000,+0.05233,+0.000,+1.308,+0.000,+0.000,-0.006,+1.302,2,+0.000,+0.000,-0.069,+0.766
DRV,728378,+0.0000,+0.0000,+0.0000,+0.0000,+0.0000,+0.0000,+0.000,+0.000,-0.00694,+0.0041,+0.0000,-0.165,+0.000,+0.000,-0.05456,+0.000,-1.364,+0.000,+0.000,-0.013,-1.377,2,+0.000,+0.000,+0.04495,+0.000,+1.124,+0.000,+0.000,-0.013,+1.110,2,+0.000,+0.000,-0.01380,+0.000,-0.345,+0.000,+0.000,-0.013,-0.358,2,+0.000,+0.000,+0.05233,+0.000,+1.308,+0.000,+0.000,-0.013,+1.295,2,+0.000,+0.000,-0.082,+0.752
DRV,728382,+0.0000,+0.0000,+0.0000,+0.0000,+0.0000,+0.0000,+0.000,+0.000,-0.00693,+0.0041,+0.0000,-0.165,+0.000,+0.000,-0.05456,+0.000,-1.364,+0.000,+0.000,-0.013,-1.377,2,+0.000,+0.000,+0.04495,+0.000,+1.124,+0.000,+0.000,-0.013,+1.110,2,+0.000,+0.000,-0.01380,+0.000,-0.345,+0.000,+0.000,-0.013,-0.358,2,+0.000,+0.000,+0.05233,+0.000,+1.308,+0.000,+0.000,-0.013,+1.295,2,+0.000,+0.000,-0.082,+0.752
DRV,728386,+0.0000,+0.0000,+0.0000,+0.0000,+0.0000,+0.0000,+0.000,+0.000,-0.00691,+0.0041,+0.0000,-0.164,+0.000,+0.000,-0.05456,+0.000,-1.364,+0.000,+0.000,-0.013,-1.377,2,+0.000,+0.000,+0.04495,+0.000,+1.124,+0.000,+0.000,-0.013,+1.111,2,+0.000,+0.000,-0.01380,+0.000,-0.345,+0.000,+0.000,-0.013,-0.358,2,+0.000,+0.000,+0.05233,+0.000,+1.308,+0.000,+0.000,-0.013,+1.295,2,+0.000,+0.000,-0.082,+0.752
DRV,728390,+0.0000,+0.0000,+0.0000,+0.0000,+0.0000,+0.0000,+0.000,+0.000,-0.00690,+0.0041,+0.0000,-0.164,+0.000,+0.000,-0.05456,+0.000,-1.364,+0.000,+0.000,-0.013,-1.377,2,+0.000,+0.000,+0.04495,+0.000,+1.124,+0.000,+0.000,-0.013,+1.111,2,+0.000,+0.000,-0.01380,+0.000,-0.345,+0.000,+0.000,-0.013,-0.358,2,+0.000,+0.000,+0.05233,+0.000,+1.308,+0.000,+0.000,-0.013,+1.295,2,+0.000,+0.000,-0.082,+0.752
DRV,728394,+0.0000,+0.0000,+0.0000,+0.0000,+0.0000,+0.0000,+0.000,+0.000,-0.00688,+0.0036,+0.0000,-0.142,+0.000,+0.000,-0.05456,+0.000,-1.364,+0.000,+0.000,-0.011,-1.376,2,+0.000,+0.000,+0.04495,+0.000,+1.124,+0.000,+0.000,-0.011,+1.112,2,+0.000,+0.000,-0.01380,+0.000,-0.345,+0.000,+0.000,-0.011,-0.356,2,+0.000,+0.000,+0.05233,+0.000,+1.308,+0.000,+0.000,-0.011,+1.297,2,+0.000,+0.000,-0.079,+0.756
DRV,728398,+0.0000,+0.0000,+0.0000,+0.0000,+0.0000,+0.0000,+0.000,+0.000,-0.00687,+0.0036,+0.0000,-0.142,+0.000,+0.000,-0.05456,+0.000,-1.364,+0.000,+0.000,-0.011,-1.375,2,+0.000,+0.000,+0.04495,+0.000,+1.124,+0.000,+0.000,-0.011,+1.112,2,+0.000,+0.000,-0.01380,+0.000,-0.345,+0.000,+0.000,-0.011,-0.356,2,+0.000,+0.000,+0.05233,+0.000,+1.308,+0.000,+0.000,-0.011,+1.297,2,+0.000,+0.000,-0.079,+0.756
DRV,728402,+0.0000,+0.0000,+0.0000,+0.0000,+0.0000,+0.0000,+0.000,+0.000,-0.00685,+0.0035,+0.0000,-0.142,+0.000,+0.000,-0.05456,+0.000,-1.364,+0.000,+0.000,-0.011,-1.375,2,+0.000,+0.000,+0.04495,+0.000,+1.124,+0.000,+0.000,-0.011,+1.112,0,+0.000,+0.000,-0.01380,+0.000,-0.345,+0.000,+0.000,-0.011,-0.356,2,+0.000,+0.000,+0.05233,+0.000,+1.308,+0.000,+0.000,-0.011,+1.297,0,+0.000,+0.000,-0.079,+0.756
DRV,728406,+0.0000,+0.0000,+0.0000,+0.0000,+0.0000,+0.0000,+0.000,+0.000,-0.00684,+0.0035,+0.0000,-0.141,+0.000,+0.000,-0.05456,+0.000,-1.364,+0.000,+0.000,-0.011,-1.375,0,+0.000,-0.003,+0.04495,-0.003,+1.124,+0.006,+0.000,-0.011,+1.118,0,+0.000,+0.000,-0.01380,+0.000,-0.345,+0.000,+0.000,-0.011,-0.356,2,+0.000,+0.000,+0.05233,+0.000,+1.308,+0.000,+0.000,-0.011,+1.297,0,+0.000,-0.003,-0.078,+0.762
DRV,728410,+0.0000,+0.0000,+0.0000,+0.0000,+0.0000,+0.0000,+0.000,+0.000,-0.00682,+0.0046,+0.0000,-0.184,+0.000,+0.000,-0.05456,+0.000,-1.364,+0.000,+0.000,-0.015,-1.379,0,+0.000,+0.000,+0.04495,+0.000,+1.124,+0.000,+0.000,-0.015,+1.109,2,+0.000,+0.000,-0.01380,+0.000,-0.345,+0.000,+0.000,-0.015,-0.360,0,+0.000,+0.000,+0.05233,+0.000,+1.308,+0.000,+0.000,-0.015,+1.294,2,+0.000,+0.000,-0.085,+0.749
DRV,728414,+0.0000,+0.0000,+0.0000,+0.0000,+0.0000,+0.0000,+0.000,+0.000,-0.00680,+0.0046,+0.0000,-0.183,+0.000,+0.000,-0.05456,+0.000,-1.364,+0.000,+0.000,-0.015,-1.379,2,+0.000,+0.000,+0.04495,+0.000,+1.124,+0.000,+0.000,-0.015,+1.109,2,+0.000,+0.000,-0.01380,+0.000,-0.345,+0.000,+0.000,-0.015,-0.360,2,+0.000,+0.000,+0.05233,+0.000,+1.308,+0.000,+0.000,-0.015,+1.294,2,+0.000,+0.000,-0.085,+0.749
DRV,728418,+0.0000,+0.0000,+0.0000,+0.0000,+0.0000,+0.0000,+0.000,+0.000,-0.00679,+0.0030,+0.0000,-0.119,+0.000,+0.000,-0.05456,+0.000,-1.364,+0.000,+0.000,-0.010,-1.374,2,+0.000,+0.000,+0.04495,+0.000,+1.124,+0.000,+0.000,-0.010,+1.114,2,+0.000,+0.000,-0.01380,+0.000,-0.345,+0.000,+0.000,-0.010,-0.355,2,+0.000,+0.000,+0.05233,+0.000,+1.308,+0.000,+0.000,-0.010,+1.299,2,+0.000,+0.000,-0.075,+0.760
DRV,728422,+0.0000,+0.0000,+0.0000,+0.0000,+0.0000,+0.0000,+0.000,+0.000,-0.00678,+0.0030,+0.0000,-0.119,+0.000,+0.000,-0.05456,+0.000,-1.364,+0.000,+0.000,-0.010,-1.374,2,+0.000,+0.000,+0.04495,+0.000,+1.124,+0.000,+0.000,-0.010,+1.114,2,+0.000,+0.000,-0.01380,+0.000,-0.345,+0.000,+0.000,-0.010,-0.355,2,+0.000,+0.000,+0.05233,+0.000,+1.308,+0.000,+0.000,-0.010,+1.299,2,+0.000,+0.000,-0.075,+0.760
DRV,728426,+0.0000,+0.0000,+0.0000,+0.0000,+0.0000,+0.0000,+0.000,+0.000,-0.00676,+0.0035,+0.0000,-0.140,+0.000,+0.000,-0.05456,+0.000,-1.364,+0.000,+0.000,-0.011,-1.375,2,+0.000,+0.000,+0.04495,+0.000,+1.124,+0.000,+0.000,-0.011,+1.112,2,+0.000,+0.000,-0.01380,+0.000,-0.345,+0.000,+0.000,-0.011,-0.356,2,+0.000,+0.000,+0.05233,+0.000,+1.308,+0.000,+0.000,-0.011,+1.297,2,+0.000,+0.000,-0.078,+0.756
DRV,728430,+0.0000,+0.0000,+0.0000,+0.0000,+0.0000,+0.0000,+0.000,+0.000,-0.00675,+0.0035,+0.0000,-0.140,+0.000,+0.000,-0.05456,+0.000,-1.364,+0.000,+0.000,-0.011,-1.375,2,+0.000,+0.000,+0.04495,+0.000,+1.124,+0.000,+0.000,-0.011,+1.112,2,+0.000,+0.000,-0.01380,+0.000,-0.345,+0.000,+0.000,-0.011,-0.356,2,+0.000,+0.000,+0.05233,+0.000,+1.308,+0.000,+0.000,-0.011,+1.297,2,+0.000,+0.000,-0.078,+0.756
DRV,728434,+0.0000,+0.0000,+0.0000,+0.0000,+0.0000,+0.0000,+0.000,+0.000,-0.00674,+0.0035,+0.0000,-0.139,+0.000,+0.000,-0.05456,+0.000,-1.364,+0.000,+0.000,-0.011,-1.375,2,+0.000,+0.000,+0.04495,+0.000,+1.124,+0.000,+0.000,-0.011,+1.112,2,+0.000,+0.000,-0.01380,+0.000,-0.345,+0.000,+0.000,-0.011,-0.356,2,+0.000,+0.000,+0.05233,+0.000,+1.308,+0.000,+0.000,-0.011,+1.297,2,+0.000,+0.000,-0.078,+0.756
DRV,728438,+0.0000,+0.0000,+0.0000,+0.0000,+0.0000,+0.0000,+0.000,+0.000,-0.00672,+0.0035,+0.0000,-0.139,+0.000,+0.000,-0.05456,+0.000,-1.364,+0.000,+0.000,-0.011,-1.375,2,+0.000,+0.000,+0.04495,+0.000,+1.124,+0.000,+0.000,-0.011,+1.113,2,+0.000,+0.000,-0.01380,+0.000,-0.345,+0.000,+0.000,-0.011,-0.356,2,+0.000,+0.000,+0.05233,+0.000,+1.308,+0.000,+0.000,-0.011,+1.297,2,+0.000,+0.000,-0.078,+0.756
DRV,728442,+0.0000,+0.0000,+0.0000,+0.0000,+0.0000,+0.0000,+0.000,+0.000,-0.00671,+0.0035,+0.0000,-0.139,+0.000,+0.000,-0.05456,+0.000,-1.364,+0.000,+0.000,-0.011,-1.375,2,+0.000,+0.000,+0.04495,+0.000,+1.124,+0.000,+0.000,-0.011,+1.113,0,+0.000,+0.000,-0.01380,+0.000,-0.345,+0.000,+0.000,-0.011,-0.356,2,+0.000,+0.000,+0.05233,+0.000,+1.308,+0.000,+0.000,-0.011,+1.297,0,+0.000,+0.000,-0.078,+0.756
DRV,728446,+0.0000,+0.0000,+0.0000,+0.0000,+0.0000,+0.0000,+0.000,+0.000,-0.00669,+0.0035,+0.0000,-0.139,+0.000,+0.000,-0.05456,+0.000,-1.364,+0.000,+0.000,-0.011,-1.375,0,+0.000,+0.000,+0.04495,+0.000,+1.124,+0.000,+0.000,-0.011,+1.113,0,+0.000,+0.000,-0.01380,+0.000,-0.345,+0.000,+0.000,-0.011,-0.356,0,+0.000,+0.000,+0.05233,+0.000,+1.308,+0.000,+0.000,-0.011,+1.297,0,+0.000,+0.000,-0.078,+0.756
DRV,728450,+0.0000,+0.0000,+0.0000,+0.0000,+0.0000,+0.0000,+0.000,+0.000,-0.00668,+0.0035,+0.0000,-0.138,+0.000,+0.000,-0.05456,+0.000,-1.364,+0.000,+0.000,-0.011,-1.375,0,+0.000,+0.000,+0.04495,+0.000,+1.124,+0.000,+0.000,-0.011,+1.113,2,+0.000,+0.000,-0.01380,+0.000,-0.345,+0.000,+0.000,-0.011,-0.356,0,+0.000,+0.000,+0.05233,+0.000,+1.308,+0.000,+0.000,-0.011,+1.297,2,+0.000,+0.000,-0.078,+0.757
DRV,728454,+0.0000,+0.0000,+0.0000,+0.0000,+0.0000,+0.0000,+0.000,+0.000,-0.00667,+0.0035,+0.0000,-0.138,+0.000,+0.000,-0.05456,+0.000,-1.364,+0.000,+0.000,-0.011,-1.375,2,+0.000,+0.000,+0.04495,+0.000,+1.124,+0.000,+0.000,-0.011,+1.113,2,+0.000,+0.000,-0.01380,+0.000,-0.345,+0.000,+0.000,-0.011,-0.356,2,+0.000,+0.000,+0.05233,+0.000,+1.308,+0.000,+0.000,-0.011,+1.297,2,+0.000,+0.000,-0.078,+0.757
DRV,728458,+0.0000,+0.0000,+0.0000,+0.0000,+0.0000,+0.0000,+0.000,+0.000,-0.00665,+0.0040,+0.0000,-0.159,+0.000,+0.000,-0.05456,+0.000,-1.364,+0.000,+0.000,-0.013,-1.377,2,+0.000,+0.000,+0.04495,+0.000,+1.124,+0.000,+0.000,-0.013,+1.111,2,+0.000,+0.000,-0.01380,+0.000,-0.345,+0.000,+0.000,-0.013,-0.358,2,+0.000,+0.000,+0.05233,+0.000,+1.308,+0.000,+0.000,-0.013,+1.296,2,+0.000,+0.000,-0.081,+0.753
DRV,728462,+0.0000,+0.0000,+0.0000,+0.0000,+0.0000,+0.0000,+0.000,+0.000,-0.00664,+0.0034,+0.0000,-0.137,+0.000,+0.000,-0.05456,+0.000,-1.364,+0.000,+0.000,-0.011,-1.375,2,+0.000,+0.000,+0.04495,+0.000,+1.124,+0.000,+0.000,-0.011,+1.113,2,+0.000,+0.000,-0.01380,+0.000,-0.345,+0.000,+0.000,-0.011,-0.356,2,+0.000,+0.000,+0.05233,+0.000,+1.308,+0.000,+0.000,-0.011,+1.297,2,+0.000,+0.000,-0.078,+0.757
DRV,728466,+0.0000,+0.0000,+0.0000,+0.0000,+0.0000,+0.0000,+0.000,+0.000,-0.00662,+0.0029,+0.0000,-0.116,+0.000,+0.000,-0.05456,+0.000,-1.364,+0.000,+0.000,-0.009,-1.373,2,+0.000,+0.000,+0.04495,+0.000,+1.124,+0.000,+0.000,-0.009,+1.114,2,+0.000,+0.000,-0.01380,+0.000,-0.345,+0.000,+0.000,-0.009,-0.354,2,+0.000,+0.000,+0.05233,+0.000,+1.308,+0.000,+0.000,-0.009,+1.299,2,+0.000,+0.000,-0.074,+0.760
DRV,728470,+0.0000,+0.0000,+0.0000,+0.0000,+0.0000,+0.0000,+0.000,+0.000,-0.00661,+0.0026,+0.0000,-0.105,+0.000,+0.000,-0.05456,+0.000,-1.364,+0.000,+0.000,-0.008,-1.373,2,+0.000,+0.000,+0.04495,+0.000,+1.124,+0.000,+0.000,-0.008,+1.115,2,+0.000,+0.000,-0.01380,+0.000,-0.345,+0.000,+0.000,-0.008,-0.353,2,+0.000,+0.000,+0.05233,+0.000,+1.308,+0.000,+0.000,-0.008,+1.300,2,+0.000,+0.000,-0.073,+0.762
DRV,728474,+0.0000,+0.0000,+0.0000,+0.0000,+0.0000,+0.0000,+0.000,+0.000,-0.00660,+0.0024,+0.0000,-0.094,+0.000,+0.000,-0.05456,+0.000,-1.364,+0.000,+0.000,-0.008,-1.372,2,+0.000,+0.000,+0.04495,+0.000,+1.124,+0.000,+0.000,-0.008,+1.116,2,+0.000,+0.000,-0.01380,+0.000,-0.345,+0.000,+0.000,-0.008,-0.353,2,+0.000,+0.000,+0.05233,+0.000,+1.308,+0.000,+0.000,-0.008,+1.301,2,+0.000,+0.000,-0.071,+0.764
DRV,728478,+0.0000,+0.0000,+0.0000,+0.0000,+0.0000,+0.0000,+0.000,+0.000,-0.00660,+0.0021,+0.0000,-0.083,+0.000,+0.000,-0.05456,+0.000,-1.364,+0.000,+0.000,-0.007,-1.371,2,+0.000,+0.000,+0.04495,+0.000,+1.124,+0.000,+0.000,-0.007,+1.117,0,+0.000,+0.000,-0.01380,+0.000,-0.345,+0.000,+0.000,-0.007,-0.352,2,+0.000,+0.000,+0.05233,+0.000,+1.308,+0.000,+0.000,-0.007,+1.302,0,+0.000,+0.000,-0.069,+0.765
DRV,728482,+0.0000,+0.0000,+0.0000,+0.0000,+0.0000,+0.0000,+0.000,+0.000,-0.00659,+0.0018,+0.0000,-0.073,+0.000,+0.000,-0.05456,+0.000,-1.364,+0.000,+0.000,-0.006,-1.370,0,+0.000,+0.000,+0.04495,+0.000,+1.124,+0.000,+0.000,-0.006,+1.118,0,+0.000,+0.000,-0.01380,+0.000,-0.345,+0.000,+0.000,-0.006,-0.351,0,+0.000,+0.000,+0.05233,+0.000,+1.308,+0.000,+0.000,-0.006,+1.302,0,+0.000,+0.000,-0.067,+0.767
DRV,728486,+0.0000,+0.0000,+0.0000,+0.0000,+0.0000,+0.0000,+0.000,+0.000,-0.00658,+0.0029,+0.0000,-0.115,+0.000,+0.000,-0.05456,+0.000,-1.364,+0.000,+0.000,-0.009,-1.373,0,+0.000,+0.000,+0.04495,+0.000,+1.124,+0.000,+0.000,-0.009,+1.114,2,+0.000,+0.000,-0.01380,+0.000,-0.345,+0.000,+0.000,-0.009,-0.354,0,+0.000,+0.000,+0.05233,+0.000,+1.308,+0.000,+0.000,-0.009,+1.299,2,+0.000,+0.000,-0.074,+0.760
DRV,728490,+0.0000,+0.0000,+0.0000,+0.0000,+0.0000,+0.0000,+0.000,+0.000,-0.00656,+0.0039,+0.0000,-0.157,+0.000,+0.000,-0.05456,+0.000,-1.364,+0.000,+0.000,-0.013,-1.377,2,+0.000,+0.000,+0.04495,+0.000,+1.124,+0.000,+0.000,-0.013,+1.111,2,+0.000,+0.000,-0.01380,+0.000,-0.345,+0.000,+0.000,-0.013,-0.358,2,+0.000,+0.000,+0.05233,+0.000,+1.308,+0.000,+0.000,-0.013,+1.296,2,+0.000,+0.000,-0.081,+0.753
DRV,728494,+0.0000,+0.0000,+0.0000,+0.0000,+0.0000,+0.0000,+0.000,+0.000,-0.00655,+0.0042,+0.0000,-0.168,+0.000,+0.000,-0.05456,+0.000,-1.364,+0.000,+0.000,-0.013,-1.378,2,+0.000,+0.000,+0.04495,+0.000,+1.124,+0.000,+0.000,-0.013,+1.110,2,+0.000,+0.000,-0.01380,+0.000,-0.345,+0.000,+0.000,-0.013,-0.358,2,+0.000,+0.000,+0.05233,+0.000,+1.308,+0.000,+0.000,-0.013,+1.295,2,+0.000,+0.000,-0.083,+0.752
DRV,728498,+0.0000,+0.0000,+0.0000,+0.0000,+0.0000,+0.0000,+0.000,+0.000,-0.00653,+0.0044,+0.0000,-0.178,+0.000,+0.000,-0.05456,+0.000,-1.364,+0.000,+0.000,-0.014,-1.378,2,+0.000,+0.000,+0.04495,+0.000,+1.124,+0.000,+0.000,-0.014,+1.109,2,+0.000,+0.000,-0.01380,+0.000,-0.345,+0.000,+0.000,-0.014,-0.359,2,+0.000,+0.000,+0.05233,+0.000,+1.308,+0.000,+0.000,-0.014,+1.294,2,+0.000,+0.000,-0.084,+0.750
DRV,728502,+0.0000,+0.0000,+0.0000,+0.0000,+0.0000,+0.0000,+0.000,+0.000,-0.00651,+0.0036,+0.0000,-0.146,+0.000,+0.000,-0.05456,+0.000,-1.364,+0.000,+0.000,-0.012,-1.376,2,+0.000,+0.000,+0.04495,+0.000,+1.124,+0.000,+0.000,-0.012,+1.112,2,+0.000,+0.000,-0.01380,+0.000,-0.345,+0.000,+0.000,-0.012,-0.357,2,+0.000,-0.000,+0.05233,-0.000,+1.308,+0.001,+0.000,-0.012,+1.298,2,-0.000,+0.000,-0.078,+0.755
DRV,728506,+0.0000,+0.0000,+0.0000,+0.0000,+0.0000,+0.0000,+0.000,+0.000,-0.00650,+0.0028,+0.0000,-0.113,+0.000,+0.000,-0.05456,+0.000,-1.364,+0.000,+0.000,-0.009,-1.373,2,+0.000,+0.000,+0.04495,+0.000,+1.124,+0.000,+0.000,-0.009,+1.115,2,+0.000,+0.000,-0.01380,+0.000,-0.345,+0.000,+0.000,-0.009,-0.354,2,+0.000,+0.000,+0.05233,+0.000,+1.308,+0.000,+0.000,-0.009,+1.299,2,+0.000,+0.000,-0.074,+0.761
DRV,728510,+0.0000,+0.0000,+0.0000,+0.0000,+0.0000,+0.0000,+0.000,+0.000,-0.00649,+0.0026,+0.0000,-0.103,+0.000,+0.000,-0.05456,+0.000,-1.364,+0.000,+0.000,-0.008,-1.372,2,+0.000,+0.000,+0.04495,+0.000,+1.124,+0.000,+0.000,-0.008,+1.115,2,+0.000,+0.000,-0.01380,+0.000,-0.345,+0.000,+0.000,-0.008,-0.353,2,+0.000,+0.000,+0.05233,+0.000,+1.308,+0.000,+0.000,-0.008,+1.300,2,+0.000,+0.000,-0.072,+0.762
DRV,728514,+0.0000,+0.0000,+0.0000,+0.0000,+0.0000,+0.0000,+0.000,+0.000,-0.00648,+0.0023,+0.0000,-0.092,+0.000,+0.000,-0.05456,+0.000,-1.364,+0.000,+0.000,-0.007,-1.371,2,+0.000,+0.000,+0.04495,+0.000,+1.124,+0.000,+0.000,-0.007,+1.116,2,+0.000,+0.000,-0.01380,+0.000,-0.345,+0.000,+0.000,-0.007,-0.352,2,+0.000,+0.000,+0.05233,+0.000,+1.308,+0.000,+0.000,-0.007,+1.301,0,+0.000,+0.000,-0.071,+0.764
DRV,728518,+0.0000,+0.0000,+0.0000,+0.0000,+0.0000,+0.0000,+0.000,+0.000,-0.00647,+0.0020,+0.0000,-0.081,+0.000,+0.000,-0.05456,+0.000,-1.364,+0.000,+0.000,-0.006,-1.371,0,+0.000,+0.000,+0.04495,+0.000,+1.124,+0.000,+0.000,-0.006,+1.117,0,+0.000,+0.000,-0.01380,+0.000,-0.345,+0.000,+0.000,-0.006,-0.351,0,+0.000,+0.000,+0.05233,+0.000,+1.308,+0.000,+0.000,-0.006,+1.302,0,+0.000,+0.000,-0.069,+0.766
DRV,728522,+0.0000,+0.0000,+0.0000,+0.0000,+0.0000,+0.0000,+0.000,+0.000,-0.00647,+0.0018,+0.0000,-0.070,+0.000,+0.000,-0.05456,+0.000,-1.364,+0.000,+0.000,-0.006,-1.370,0,+0.000,+0.000,+0.04495,+0.000,+1.124,+0.000,+0.000,-0.006,+1.118,2,+0.000,+0.000,-0.01380,+0.000,-0.345,+0.000,+0.000,-0.006,-0.351,0,+0.000,+0.000,+0.05233,+0.000,+1.308,+0.000,+0.000,-0.006,+1.303,2,+0.000,+0.000,-0.067,+0.767
DRV,728526,+0.0000,+0.0000,+0.0000,+0.0000,+0.0000,+0.0000,+0.000,+0.000,-0.00646,+0.0025,+0.0000,-0.102,+0.000,+0.000,-0.05456,+0.000,-1.364,+0.000,+0.000,-0.008,-1.372,2,+0.000,+0.000,+0.04495,+0.000,+1.124,+0.000,+0.000,-0.008,+1.115,2,+0.000,+0.000,-0.01380,+0.000,-0.345,+0.000,+0.000,-0.008,-0.353,2,+0.000,+0.000,+0.05233,+0.000,+1.308,+0.000,+0.000,-0.008,+1.300,2,+0.000,+0.000,-0.072,+0.762
DRV,728530,+0.0000,+0.0000,+0.0000,+0.0000,+0.0000,+0.0000,+0.000,+0.000,-0.00644,+0.0033,+0.0000,-0.134,+0.000,+0.000,-0.05456,+0.000,-1.364,+0.000,+0.000,-0.011,-1.375,2,+0.000,+0.000,+0.04495,+0.000,+1.124,+0.000,+0.000,-0.011,+1.113,2,+0.000,+0.000,-0.01380,+0.000,-0.345,+0.000,+0.000,-0.011,-0.356,2,+0.000,+0.000,+0.05233,+0.000,+1.308,+0.000,+0.000,-0.011,+1.298,2,+0.000,+0.000,-0.077,+0.757
DRV,728534,+0.0000,+0.0000,+0.0000,+0.0000,+0.0000,+0.0000,+0.000,+0.000,-0.00643,+0.0033,+0.0000,-0.133,+0.000,+0.000,-0.05456,+0.000,-1.364,+0.000,+0.000,-0.011,-1.375,2,+0.000,+0.000,+0.04495,+0.000,+1.124,+0.000,+0.000,-0.011,+1.113,2,+0.000,+0.000,-0.01380,+0.000,-0.345,+0.000,+0.000,-0.011,-0.356,2,+0.000,+0.000,+0.05233,+0.000,+1.308,+0.000,+0.000,-0.011,+1.298,2,+0.000,+0.000,-0.077,+0.757
DRV,728538,+0.0000,+0.0000,+0.0000,+0.0000,+0.0000,+0.0000,+0.000,+0.000,-0.00642,+0.0033,+0.0000,-0.133,+0.000,+0.000,-0.05456,+0.000,-1.364,+0.000,+0.000,-0.011,-1.375,2,+0.000,+0.000,+0.04495,+0.000,+1.124,+0.000,+0.000,-0.011,+1.113,2,+0.000,+0.000,-0.01380,+0.000,-0.345,+0.000,+0.000,-0.011,-0.356,2,+0.000,+0.000,+0.05233,+0.000,+1.308,+0.000,+0.000,-0.011,+1.298,2,+0.000,+0.000,-0.077,+0.757
DRV,728542,+0.0000,+0.0000,+0.0000,+0.0000,+0.0000,+0.0000,+0.000,+0.000,-0.00640,+0.0036,+0.0000,-0.143,+0.000,+0.000,-0.05456,+0.000,-1.364,+0.000,+0.000,-0.011,-1.376,2,+0.000,+0.000,+0.04495,+0.000,+1.124,+0.000,+0.000,-0.011,+1.112,2,+0.000,+0.000,-0.01380,+0.000,-0.345,+0.000,+0.000,-0.011,-0.356,2,+0.000,+0.000,+0.05233,+0.000,+1.308,+0.000,+0.000,-0.011,+1.297,2,+0.000,+0.000,-0.079,+0.756
DRV,728546,+0.0000,+0.0000,+0.0000,+0.0000,+0.0000,+0.0000,+0.000,+0.000,-0.00639,+0.0038,+0.0000,-0.154,+0.000,+0.000,-0.05456,+0.000,-1.364,+0.000,+0.000,-0.012,-1.376,2,+0.000,+0.000,+0.04495,+0.000,+1.124,+0.000,+0.000,-0.012,+1.111,2,+0.000,+0.000,-0.01380,+0.000,-0.345,+0.000,+0.000,-0.012,-0.357,2,+0.000,+0.000,+0.05233,+0.000,+1.308,+0.000,+0.000,-0.012,+1.296,2,+0.000,+0.000,-0.080,+0.754
DRV,728550,+0.0000,+0.0000,+0.0000,+0.0000,+0.0000,+0.0000,+0.000,+0.000,-0.00637,+0.0036,+0.0000,-0.143,+0.000,+0.000,-0.05456,+0.000,-1.364,+0.000,+0.000,-0.011,-1.376,2,+0.000,+0.000,+0.04495,+0.000,+1.124,+0.000,+0.000,-0.011,+1.112,2,+0.000,+0.000,-0.01380,+0.000,-0.345,+0.000,+0.000,-0.011,-0.356,2,+0.000,+0.000,+0.05233,+0.000,+1.308,+0.000,+0.000,-0.011,+1.297,2,+0.000,+0.000,-0.079,+0.756
DRV,728554,+0.0000,+0.0000,+0.0000,+0.0000,+0.0000,+0.0000,+0.000,+0.000,-0.00636,+0.0033,+0.0000,-0.132,+0.000,+0.000,-0.05456,+0.000,-1.364,+0.000,+0.000,-0.011,-1.375,2,+0.000,-0.002,+0.04495,-0.002,+1.124,+0.004,+0.000,-0.011,+1.117,0,+0.000,+0.000,-0.01380,+0.000,-0.345,+0.000,+0.000,-0.011,-0.356,2,+0.000,+0.000,+0.05233,+0.000,+1.308,+0.000,+0.000,-0.011,+1.298,0,+0.000,-0.002,-0.077,+0.761
DRV,728558,+0.0000,+0.0000,+0.0000,+0.0000,+0.0000,+0.0000,+0.000,+0.000,-0.00635,+0.0033,+0.0000,-0.132,+0.000,+0.000,-0.05456,+0.000,-1.364,+0.000,+0.000,-0.011,-1.375,0,+0.000,+0.000,+0.04495,+0.000,+1.124,+0.000,+0.000,-0.011,+1.113,0,+0.000,+0.000,-0.01380,+0.000,-0.345,+0.000,+0.000,-0.011,-0.356,0,+0.000,+0.000,+0.05233,+0.000,+1.308,+0.000,+0.000,-0.011,+1.298,2,+0.000,+0.000,-0.077,+0.758
DRV,728562,+0.0000,+0.0000,+0.0000,+0.0000,+0.0000,+0.0000,+0.000,+0.000,-0.00633,+0.0033,+0.0000,-0.131,+0.000,+0.000,-0.05456,+0.000,-1.364,+0.000,+0.000,-0.011,-1.375,0,+0.000,+0.000,+0.04495,+0.000,+1.124,+0.000,+0.000,-0.011,+1.113,2,+0.000,+0.000,-0.01380,+0.000,-0.345,+0.000,+0.000,-0.011,-0.355,2,+0.000,+0.000,+0.05233,+0.000,+1.308,+0.000,+0.000,-0.011,+1.298,2,+0.000,+0.000,-0.077,+0.758
DRV,728566,+0.0000,+0.0000,+0.0000,+0.0000,+0.0000,+0.0000,+0.000,+0.000,-0.00632,+0.0033,+0.0000,-0.131,+0.000,+0.000,-0.05456,+0.000,-1.364,+0.000,+0.000,-0.010,-1.375,2,+0.000,+0.000,+0.04495,+0.000,+1.124,+0.000,+0.000,-0.010,+1.113,2,+0.000,+0.000,-0.01380,+0.000,-0.345,+0.000,+0.000,-0.010,-0.355,2,+0.000,+0.000,+0.05233,+0.000,+1.308,+0.000,+0.000,-0.010,+1.298,2,+0.000,+0.000,-0.077,+0.758
DRV,728570,+0.0000,+0.0000,+0.0000,+0.0000,+0.0000,+0.0000,+0.000,+0.000,-0.00631,+0.0033,+0.0000,-0.131,+0.000,+0.000,-0.05456,+0.000,-1.364,+0.000,+0.000,-0.010,-1.375,2,+0.000,+0.000,+0.04495,+0.000,+1.124,+0.000,+0.000,-0.010,+1.113,2,+0.000,+0.000,-0.01380,+0.000,-0.345,+0.000,+0.000,-0.010,-0.355,2,+0.000,+0.000,+0.05233,+0.000,+1.308,+0.000,+0.000,-0.010,+1.298,2,+0.000,+0.000,-0.077,+0.758
DRV,728574,+0.0000,+0.0000,+0.0000,+0.0000,+0.0000,+0.0000,+0.000,+0.000,-0.00629,+0.0033,+0.0000,-0.131,+0.000,+0.000,-0.05456,+0.000,-1.364,+0.000,+0.000,-0.010,-1.375,2,+0.000,+0.000,+0.04495,+0.000,+1.124,+0.000,+0.000,-0.010,+1.113,2,+0.000,+0.000,-0.01380,+0.000,-0.345,+0.000,+0.000,-0.010,-0.355,2,+0.000,+0.000,+0.05233,+0.000,+1.308,+0.000,+0.000,-0.010,+1.298,2,+0.000,+0.000,-0.077,+0.758
DRV,728578,+0.0000,+0.0000,+0.0000,+0.0000,+0.0000,+0.0000,+0.000,+0.000,-0.00628,+0.0033,+0.0000,-0.130,+0.000,+0.000,-0.05456,+0.000,-1.364,+0.000,+0.000,-0.010,-1.375,2,+0.000,+0.000,+0.04495,+0.000,+1.124,+0.000,+0.000,-0.010,+1.113,2,+0.000,+0.000,-0.01380,+0.000,-0.345,+0.000,+0.000,-0.010,-0.355,2,+0.000,+0.000,+0.05233,+0.000,+1.308,+0.000,+0.000,-0.010,+1.298,2,+0.000,+0.000,-0.077,+0.758
DRV,728582,+0.0000,+0.0000,+0.0000,+0.0000,+0.0000,+0.0000,+0.000,+0.000,-0.00627,+0.0033,+0.0000,-0.130,+0.000,+0.000,-0.05456,+0.000,-1.364,+0.000,+0.000,-0.010,-1.375,2,+0.000,+0.000,+0.04495,+0.000,+1.124,+0.000,+0.000,-0.010,+1.113,2,+0.000,+0.000,-0.01380,+0.000,-0.345,+0.000,+0.000,-0.010,-0.355,2,+0.000,+0.000,+0.05233,+0.000,+1.308,+0.000,+0.000,-0.010,+1.298,2,+0.000,+0.000,-0.077,+0.758
DRV,728586,+0.0000,+0.0000,+0.0000,+0.0000,+0.0000,+0.0000,+0.000,+0.000,-0.00626,+0.0032,+0.0000,-0.130,+0.000,+0.000,-0.05456,+0.000,-1.364,+0.000,+0.000,-0.010,-1.375,2,+0.000,+0.000,+0.04495,+0.000,+1.124,+0.000,+0.000,-0.010,+1.113,2,+0.000,+0.000,-0.01380,+0.000,-0.345,+0.000,+0.000,-0.010,-0.355,2,+0.000,+0.000,+0.05233,+0.000,+1.308,+0.000,+0.000,-0.010,+1.298,2,+0.000,+0.000,-0.077,+0.758
DRV,728590,+0.0000,+0.0000,+0.0000,+0.0000,+0.0000,+0.0000,+0.000,+0.000,-0.00624,+0.0030,+0.0000,-0.119,+0.000,+0.000,-0.05456,+0.000,-1.364,+0.000,+0.000,-0.010,-1.374,2,+0.000,+0.000,+0.04495,+0.000,+1.124,+0.000,+0.000,-0.010,+1.114,0,+0.000,+0.000,-0.01380,+0.000,-0.345,+0.000,+0.000,-0.010,-0.355,2,+0.000,+0.000,+0.05233,+0.000,+1.308,+0.000,+0.000,-0.010,+1.299,0,+0.000,+0.000,-0.075,+0.760
DRV,728594,+0.0000,+0.0000,+0.0000,+0.0000,+0.0000,+0.0000,+0.000,+0.000,-0.00623,+0.0027,+0.0000,-0.108,+0.000,+0.000,-0.05456,+0.000,-1.364,+0.000,+0.000,-0.009,-1.373,0,+0.000,+0.000,+0.04495,+0.000,+1.124,+0.000,+0.000,-0.009,+1.115,0,+0.000,+0.000,-0.01380,+0.000,-0.345,+0.000,+0.000,-0.009,-0.354,0,+0.000,+0.000,+0.05233,+0.000,+1.308,+0.000,+0.000,-0.009,+1.300,0,+0.000,+0.000,-0.073,+0.761
DRV,728598,+0.0000,+0.0000,+0.0000,+0.0000,+0.0000,+0.0000,+0.000,+0.000,-0.00622,+0.0024,+0.0000,-0.097,+0.000,+0.000,-0.05456,+0.000,-1.364,+0.000,+0.000,-0.008,-1.372,0,+0.000,+0.000,+0.04495,+0.000,+1.124,+0.000,+0.000,-0.008,+1.116,2,+0.000,+0.000,-0.01380,+0.000,-0.345,+0.000,+0.000,-0.008,-0.353,0,+0.000,+0.000,+0.05233,+0.000,+1.308,+0.000,+0.000,-0.008,+1.301,2,+0.000,+0.000,-0.071,+0.763
DRV,728602,+0.0000,+0.0000,+0.0000,+0.0000,+0.0000,+0.0000,+0.000,+0.000,-0.00621,+0.0022,+0.0000,-0.086,+0.000,+0.000,-0.05456,+0.000,-1.364,+0.000,+0.000,-0.007,-1.371,2,+0.000,+0.000,+0.04495,+0.000,+1.124,+0.000,+0.000,-0.007,+1.117,2,+0.000,+0.000,-0.01380,+0.000,-0.345,+0.000,+0.000,-0.007,-0.352,2,+0.000,+0.000,+0.05233,+0.000,+1.308,+0.000,+0.000,-0.007,+1.301,2,+0.000,+0.000,-0.070,+0.765
DRV,728606,+0.0000,+0.0000,+0.0000,+0.0000,+0.0000,+0.0000,+0.000,+0.000,-0.00620,+0.0030,+0.0000,-0.118,+0.000,+0.000,-0.05456,+0.000,-1.364,+0.000,+0.000,-0.009,-1.374,2,+0.000,+0.000,+0.04495,+0.000,+1.124,+0.000,+0.000,-0.009,+1.114,2,+0.000,+0.000,-0.01380,+0.000,-0.345,+0.000,+0.000,-0.009,-0.354,2,+0.000,+0.000,+0.05233,+0.000,+1.308,+0.000,+0.000,-0.009,+1.299,2,+0.000,+0.000,-0.075,+0.760
DRV,728610,+0.0000,+0.0000,+0.0000,+0.0000,+0.0000,+0.0000,+0.000,+0.000,-0.00619,+0.0037,+0.0000,-0.150,+0.000,+0.000,-0.05456,+0.000,-1.364,+0.000,+0.000,-0.012,-1.376,2,+0.000,+0.000,+0.04495,+0.000,+1.124,+0.000,+0.000,-0.012,+1.112,2,+0.000,+0.000,-0.01380,+0.000,-0.345,+0.000,+0.000,-0.012,-0.357,2,+0.000,+0.000,+0.05233,+0.000,+1.308,+0.000,+0.000,-0.012,+1.296,2,+0.000,+0.000,-0.080,+0.755
DRV,728614,+0.0000,+0.0000,+0.0000,+0.0000,+0.0000,+0.0000,+0.000,+0.000,-0.00617,+0.0035,+0.0000,-0.139,+0.000,+0.000,-0.05456,+0.000,-1.364,+0.000,+0.000,-0.011,-1.375,2,+0.000,+0.000,+0.04495,+0.000,+1.124,+0.000,+0.000,-0.011,+1.113,2,+0.000,+0.000,-0.01380,+0.000,-0.345,+0.000,+0.000,-0.011,-0.356,2,+0.000,+0.000,+0.05233,+0.000,+1.308,+0.000,+0.000,-0.011,+1.297,2,+0.000,+0.000,-0.078,+0.756
DRV,728618,+0.0000,+0.0000,+0.0000,+0.0000,+0.0000,+0.0000,+0.000,+0.000,-0.00616,+0.0032,+0.0000,-0.128,+0.000,+0.000,-0.05456,+0.000,-1.364,+0.000,+0.000,-0.010,-1.374,2,+0.000,+0.000,+0.04495,+0.000,+1.124,+0.000,+0.000,-0.010,+1.113,2,+0.000,+0.000,-0.01380,+0.000,-0.345,+0.000,+0.000,-0.010,-0.355,2,+0.000,+0.000,+0.05233,+0.000,+1.308,+0.000,+0.000,-0.010,+1.298,2,+0.000,+0.000,-0.076,+0.758
DRV,728622,+0.0000,+0.0000,+0.0000,+0.0000,+0.0000,+0.0000,+0.000,+0.000,-0.00615,+0.0037,+0.0000,-0.149,+0.000,+0.000,-0.05456,+0.000,-1.364,+0.000,+0.000,-0.012,-1.376,2,+0.000,+0.000,+0.04495,+0.000,+1.124,+0.000,+0.000,-0.012,+1.112,2,+0.000,+0.000,-0.01380,+0.000,-0.345,+0.000,+0.000,-0.012,-0.357,2,+0.000,+0.000,+0.05233,+0.000,+1.308,+0.000,+0.000,-0.012,+1.296,2,+0.000,+0.000,-0.080,+0.755
DRV,728626,+0.0000,+0.0000,+0.0000,+0.0000,+0.0000,+0.0000,+0.000,+0.000,-0.00613,+0.0042,+0.0000,-0.170,+0.000,+0.000,-0.05456,+0.000,-1.364,+0.000,+0.000,-0.014,-1.378,2,+0.000,+0.000,+0.04495,+0.000,+1.124,+0.000,+0.000,-0.014,+1.110,0,+0.000,+0.000,-0.01380,+0.000,-0.345,+0.000,+0.000,-0.014,-0.359,2,+0.000,+0.000,+0.05233,+0.000,+1.308,+0.000,+0.000,-0.014,+1.295,0,+0.000,+0.000,-0.083,+0.751
DRV,728630,+0.0000,+0.0000,+0.0000,+0.0000,+0.0000,+0.0000,+0.000,+0.000,-0.00611,+0.0040,+0.0000,-0.159,+0.000,+0.000,-0.05456,+0.000,-1.364,+0.000,+0.000,-0.013,-1.377,0,+0.000,+0.000,+0.04495,+0.000,+1.124,+0.000,+0.000,-0.013,+1.111,2,+0.000,+0.000,-0.01380,+0.000,-0.345,+0.000,+0.000,-0.013,-0.358,0,+0.000,+0.000,+0.05233,+0.000,+1.308,+0.000,+0.000,-0.013,+1.296,0,+0.000,+0.000,-0.081,+0.753
DRV,728634,+0.0000,+0.0000,+0.0000,+0.0000,+0.0000,+0.0000,+0.000,+0.000,-0.00610,+0.0037,+0.0000,-0.148,+0.000,+0.000,-0.05456,+0.000,-1.364,+0.000,+0.000,-0.012,-1.376,0,+0.000,+0.000,+0.04495,+0.000,+1.124,+0.000,+0.000,-0.012,+1.112,2,+0.000,+0.000,-0.01380,+0.000,-0.345,+0.000,+0.000,-0.012,-0.357,0,+0.000,+0.000,+0.05233,+0.000,+1.308,+0.000,+0.000,-0.012,+1.296,2,+0.000,+0.000,-0.080,+0.755
DRV,728638,+0.0000,+0.0000,+0.0000,+0.0000,+0.0000,+0.0000,+0.000,+0.000,-0.00608,+0.0042,+0.0000,-0.169,+0.000,+0.000,-0.05456,+0.000,-1.364,+0.000,+0.000,-0.014,-1.378,2,+0.000,+0.000,+0.04495,+0.000,+1.124,+0.000,+0.000,-0.014,+1.110,2,+0.000,+0.000,-0.01380,+0.000,-0.345,+0.000,+0.000,-0.014,-0.359,2,+0.000,+0.000,+0.05233,+0.000,+1.308,+0.000,+0.000,-0.014,+1.295,2,+0.000,+0.000,-0.083,+0.752
DRV,728642,+0.0000,+0.0000,+0.0000,+0.0000,+0.0000,+0.0000,+0.000,+0.000,-0.00606,+0.0047,+0.0000,-0.190,+0.000,+0.000,-0.05456,+0.000,-1.364,+0.000,+0.000,-0.015,-1.379,2,+0.000,+0.000,+0.04495,+0.000,+1.124,+0.000,+0.000,-0.015,+1.108,2,+0.000,+0.000,-0.01380,+0.000,-0.345,+0.000,+0.000,-0.015,-0.360,2,+0.000,+0.000,+0.05233,+0.000,+1.308,+0.000,+0.000,-0.015,+1.293,2,+0.000,+0.000,-0.086,+0.748
DRV,728646,+0.0000,+0.0000,+0.0000,+0.0000,+0.0000,+0.0000,+0.000,+0.000,-0.00605,+0.0042,+0.0000,-0.168,+0.000,+0.000,-0.05456,+0.000,-1.364,+0.000,+0.000,-0.013,-1.378,2,+0.000,+0.000,+0.04495,+0.000,+1.124,+0.000,+0.000,-0.013,+1.110,2,+0.000,+0.000,-0.01380,+0.000,-0.345,+0.000,+0.000,-0.013,-0.358,2,+0.000,+0.000,+0.05233,+0.000,+1.308,+0.000,+0.000,-0.013,+1.295,2,+0.000,+0.000,-0.083,+0.752
DRV,728650,+0.0000,+0.0000,+0.0000,+0.0000,+0.0000,+0.0000,+0.000,+0.000,-0.00603,+0.0037,+0.0000,-0.147,+0.000,+0.000,-0.05456,+0.000,-1.364,+0.000,+0.000,-0.012,-1.376,2,+0.000,+0.000,+0.04495,+0.000,+1.124,+0.000,+0.000,-0.012,+1.112,2,+0.000,+0.000,-0.01380,+0.000,-0.345,+0.000,+0.000,-0.012,-0.357,2,+0.000,+0.000,+0.05233,+0.000,+1.308,+0.000,+0.000,-0.012,+1.297,2,+0.000,+0.000,-0.079,+0.755
DRV,728654,+0.0000,+0.0000,+0.0000,+0.0000,+0.0000,+0.0000,+0.000,+0.000,-0.00602,+0.0037,+0.0000,-0.146,+0.000,+0.000,-0.05456,+0.000,-1.364,+0.000,+0.000,-0.012,-1.376,2,+0.000,+0.000,+0.04495,+0.000,+1.124,+0.000,+0.000,-0.012,+1.112,2,+0.000,+0.000,-0.01380,+0.000,-0.345,+0.000,+0.000,-0.012,-0.357,2,+0.000,+0.000,+0.05233,+0.000,+1.308,+0.000,+0.000,-0.012,+1.297,2,+0.000,+0.000,-0.079,+0.755
DRV,728658,+0.0000,+0.0000,+0.0000,+0.0000,+0.0000,+0.0000,+0.000,+0.000,-0.00600,+0.0037,+0.0000,-0.146,+0.000,+0.000,-0.05456,+0.000,-1.364,+0.000,+0.000,-0.012,-1.376,2,+0.000,+0.000,+0.04495,+0.000,+1.124,+0.000,+0.000,-0.012,+1.112,2,+0.000,+0.000,-0.01380,+0.000,-0.345,+0.000,+0.000,-0.012,-0.357,2,+0.000,+0.000,+0.05233,+0.000,+1.308,+0.000,+0.000,-0.012,+1.297,2,+0.000,+0.000,-0.079,+0.755
DRV,728662,+0.0000,+0.0000,+0.0000,+0.0000,+0.0000,+0.0000,+0.000,+0.000,-0.00599,+0.0028,+0.0000,-0.114,+0.000,+0.000,-0.05456,+0.000,-1.364,+0.000,+0.000,-0.009,-1.373,2,+0.000,+0.000,+0.04495,+0.000,+1.124,+0.000,+0.000,-0.009,+1.115,0,+0.000,+0.000,-0.01380,+0.000,-0.345,+0.000,+0.000,-0.009,-0.354,2,+0.000,+0.000,+0.05233,+0.000,+1.308,+0.000,+0.000,-0.009,+1.299,2,+0.000,+0.000,-0.074,+0.760
DRV,728666,+0.0000,+0.0000,+0.0000,+0.0000,+0.0000,+0.0000,+0.000,+0.000,-0.00598,+0.0020,+0.0000,-0.082,+0.000,+0.000,-0.05456,+0.000,-1.364,+0.000,+0.000,-0.007,-1.371,2,+0.000,+0.000,+0.04495,+0.000,+1.124,+0.000,+0.000,-0.007,+1.117,0,+0.000,+0.000,-0.01380,+0.000,-0.345,+0.000,+0.000,-0.007,-0.352,2,+0.000,+0.000,+0.05233,+0.000,+1.308,+0.000,+0.000,-0.007,+1.302,0,+0.000,+0.000,-0.069,+0.766
DRV,728670,+0.0000,+0.0000,+0.0000,+0.0000,+0.0000,+0.0000,+0.000,+0.000,-0.00597,+0.0031,+0.0000,-0.124,+0.000,+0.000,-0.05456,+0.000,-1.364,+0.000,+0.000,-0.010,-1.374,0,+0.000,+0.000,+0.04495,+0.000,+1.124,+0.000,+0.000,-0.010,+1.114,0,+0.000,+0.000,-0.01380,+0.000,-0.345,+0.000,+0.000,-0.010,-0.355,0,+0.000,+0.000,+0.05233,+0.000,+1.308,+0.000,+0.000,-0.010,+1.298,2,+0.000,+0.000,-0.076,+0.759
DRV,728674,+0.0000,+0.0000,+0.0000,+0.0000,+0.0000,+0.0000,+0.000,+0.000,-0.00595,+0.0042,+0.0000,-0.166,+0.000,+0.000,-0.05456,+0.000,-1.364,+0.000,+0.000,-0.013,-1.377,2,+0.000,+0.000,+0.04495,+0.000,+1.124,+0.000,+0.000,-0.013,+1.110,2,+0.000,+0.000,-0.01380,+0.000,-0.345,+0.000,+0.000,-0.013,-0.358,2,+0.000,+0.000,+0.05233,+0.000,+1.308,+0.000,+0.000,-0.013,+1.295,2,+0.000,+0.000,-0.082,+0.752
DRV,728678,+0.0000,+0.0000,+0.0000,+0.0000,+0.0000,+0.0000,+0.000,+0.000,-0.00594,+0.0039,+0.0000,-0.155,+0.000,+0.000,-0.05456,+0.000,-1.364,+0.000,+0.000,-0.012,-1.377,2,+0.000,+0.000,+0.04495,+0.000,+1.124,+0.000,+0.000,-0.012,+1.111,2,+0.000,+0.000,-0.01380,+0.000,-0.345,+0.000,+0.000,-0.012,-0.357,2,+0.000,+0.000,+0.05233,+0.000,+1.308,+0.000,+0.000,-0.012,+1.296,2,+0.000,+0.000,-0.081,+0.754
DRV,728682,+0.0000,+0.0000,+0.0000,+0.0000,+0.0000,+0.0000,+0.000,+0.000,-0.00592,+0.0036,+0.0000,-0.144,+0.000,+0.000,-0.05456,+0.000,-1.364,+0.000,+0.000,-0.012,-1.376,2,+0.000,+0.000,+0.04495,+0.000,+1.124,+0.000,+0.000,-0.012,+1.112,2,+0.000,+0.000,-0.01380,+0.000,-0.345,+0.000,+0.000,-0.012,-0.357,2,+0.000,+0.000,+0.05233,+0.000,+1.308,+0.000,+0.000,-0.012,+1.297,2,+0.000,+0.000,-0.079,+0.756
DRV,728686,+0.0000,+0.0000,+0.0000,+0.0000,+0.0000,+0.0000,+0.000,+0.000,-0.00591,+0.0036,+0.0000,-0.144,+0.000,+0.000,-0.05456,+0.000,-1.364,+0.000,+0.000,-0.012,-1.376,2,+0.000,+0.000,+0.04495,+0.000,+1.124,+0.000,+0.000,-0.012,+1.112,2,+0.000,+0.000,-0.01380,+0.000,-0.345,+0.000,+0.000,-0.012,-0.357,2,+0.000,+0.000,+0.05233,+0.000,+1.308,+0.000,+0.000,-0.012,+1.297,2,+0.000,+0.000,-0.079,+0.756
DRV,728690,+0.0000,+0.0000,+0.0000,+0.0000,+0.0000,+0.0000,+0.000,+0.000,-0.00589,+0.0036,+0.0000,-0.144,+0.000,+0.000,-0.05456,+0.000,-1.364,+0.000,+0.000,-0.012,-1.376,2,+0.000,+0.000,+0.04495,+0.000,+1.124,+0.000,+0.000,-0.012,+1.112,2,+0.000,+0.000,-0.01380,+0.000,-0.345,+0.000,+0.000,-0.012,-0.357,2,+0.000,+0.000,+0.05233,+0.000,+1.308,+0.000,+0.000,-0.012,+1.297,2,+0.000,+0.000,-0.079,+0.756
DRV,728694,+0.0000,+0.0000,+0.0000,+0.0000,+0.0000,+0.0000,+0.000,+0.000,-0.00588,+0.0025,+0.0000,-0.101,+0.000,+0.000,-0.05456,+0.000,-1.364,+0.000,+0.000,-0.008,-1.372,2,+0.000,+0.000,+0.04495,+0.000,+1.124,+0.000,+0.000,-0.008,+1.116,2,+0.000,+0.000,-0.01380,+0.000,-0.345,+0.000,+0.000,-0.008,-0.353,2,+0.000,+0.000,+0.05233,+0.000,+1.308,+0.000,+0.000,-0.008,+1.300,2,+0.000,+0.000,-0.072,+0.762
DRV,728698,+0.0000,+0.0000,+0.0000,+0.0000,+0.0000,+0.0000,+0.000,+0.000,-0.00587,+0.0025,+0.0000,-0.101,+0.000,+0.000,-0.05456,+0.000,-1.364,+0.000,+0.000,-0.008,-1.372,2,+0.000,+0.000,+0.04495,+0.000,+1.124,+0.000,+0.000,-0.008,+1.116,2,+0.000,+0.000,-0.01380,+0.000,-0.345,+0.000,+0.000,-0.008,-0.353,2,+0.000,+0.000,+0.05233,+0.000,+1.308,+0.000,+0.000,-0.008,+1.300,2,+0.000,+0.000,-0.072,+0.763
DRV,728702,+0.0000,+0.0000,+0.0000,+0.0000,+0.0000,+0.0000,+0.000,+0.000,-0.00586,+0.0036,+0.0000,-0.143,+0.000,+0.000,-0.05456,+0.000,-1.364,+0.000,+0.000,-0.011,-1.376,2,+0.000,+0.000,+0.04495,+0.000,+1.124,+0.000,+0.000,-0.011,+1.112,0,+0.000,+0.000,-0.01380,+0.000,-0.345,+0.000,+0.000,-0.011,-0.356,2,+0.000,+0.000,+0.05233,+0.000,+1.308,+0.000,+0.000,-0.011,+1.297,0,+0.000,+0.000,-0.079,+0.756
DRV,728706,+0.0000,+0.0000,+0.0000,+0.0000,+0.0000,+0.0000,+0.000,+0.000,-0.00585,+0.0036,+0.0000,-0.143,+0.000,+0.000,-0.05456,+0.000,-1.364,+0.000,+0.000,-0.011,-1.376,0,+0.000,+0.002,+0.04495,+0.002,+1.124,-0.004,+0.000,-0.011,+1.108,0,+0.000,+0.000,-0.01380,+0.000,-0.345,+0.000,+0.000,-0.011,-0.356,0,+0.000,+0.000,+0.05233,+0.000,+1.308,+0.000,+0.000,-0.011,+1.297,0,+0.000,+0.002,-0.079,+0.752
DRV,728710,+0.0000,+0.0000,+0.0000,+0.0000,+0.0000,+0.0000,+0.000,+0.000,-0.00584,+0.0020,+0.0000,-0.079,+0.000,+0.000,-0.05456,+0.000,-1.364,+0.000,+0.000,-0.006,-1.370,0,+0.000,+0.000,+0.04495,+0.000,+1.124,+0.000,+0.000,-0.006,+1.117,2,+0.000,+0.000,-0.01380,+0.000,-0.345,+0.000,+0.000,-0.006,-0.351,0,+0.000,+0.000,+0.05233,+0.000,+1.308,+0.000,+0.000,-0.006,+1.302,2,+0.000,+0.000,-0.068,+0.766
DRV,728714,+0.0000,+0.0000,+0.0000,+0.0000,+0.0000,+0.0000,+0.000,+0.000,-0.00583,+0.0020,+0.0000,-0.079,+0.000,+0.002,-0.05456,+0.002,-1.364,-0.004,+0.000,-0.006,-1.374,2,+0.000,+0.000,+0.04495,+0.000,+1.124,+0.000,+0.000,-0.006,+1.117,2,+0.000,+0.000,-0.01380,+0.000,-0.345,+0.000,+0.000,-0.006,-0.351,2,+0.000,+0.000,+0.05233,+0.000,+1.308,+0.000,+0.000,-0.006,+1.302,2,+0.002,+0.000,-0.072,+0.766
DRV,728718,+0.0000,+0.0000,+0.0000,+0.0000,+0.0000,+0.0000,+0.000,+0.000,-0.00582,+0.0030,+0.0000,-0.121,+0.000,+0.000,-0.05456,+0.000,-1.364,+0.000,+0.000,-0.010,-1.374,2,+0.000,+0.000,+0.04495,+0.000,+1.124,+0.000,+0.000,-0.010,+1.114,2,+0.000,+0.000,-0.01380,+0.000,-0.345,+0.000,+0.000,-0.010,-0.355,2,+0.000,+0.000,+0.05233,+0.000,+1.308,+0.000,+0.000,-0.010,+1.299,2,+0.000,+0.000,-0.075,+0.759
DRV,728722,+0.0000,+0.0000,+0.0000,+0.0000,+0.0000,+0.0000,+0.000,+0.000,-0.00580,+0.0030,+0.0000,-0.121,+0.000,+0.000,-0.05456,+0.000,-1.364,+0.000,+0.000,-0.010,-1.374,2,+0.000,+0.000,+0.04495,+0.000,+1.124,+0.000,+0.000,-0.010,+1.114,2,+0.000,+0.000,-0.01380,+0.000,-0.345,+0.000,+0.000,-0.010,-0.355,2,+0.000,+0.000,+0.05233,+0.000,+1.308,+0.000,+0.000,-0.010,+1.299,2,+0.000,+0.000,-0.075,+0.759
DRV,728726,+0.0000,+0.0000,+0.0000,+0.0000,+0.0000,+0.0000,+0.000,+0.000,-0.00579,+0.0030,+0.0000,-0.121,+0.000,+0.000,-0.05456,+0.000,-1.364,+0.000,+0.000,-0.010,-1.374,2,+0.000,+0.000,+0.04495,+0.000,+1.124,+0.000,+0.000,-0.010,+1.114,2,+0.000,+0.000,-0.01380,+0.000,-0.345,+0.000,+0.000,-0.010,-0.355,2,+0.000,+0.000,+0.05233,+0.000,+1.308,+0.000,+0.000,-0.010,+1.299,2,+0.000,+0.000,-0.075,+0.759
DRV,728730,+0.0000,+0.0000,+0.0000,+0.0000,+0.0000,+0.0000,+0.000,+0.000,-0.00578,+0.0030,+0.0000,-0.120,+0.000,+0.000,-0.05456,+0.000,-1.364,+0.000,+0.000,-0.010,-1.374,2,+0.000,+0.000,+0.04495,+0.000,+1.124,+0.000,+0.000,-0.010,+1.114,2,+0.000,+0.000,-0.01380,+0.000,-0.345,+0.000,+0.000,-0.010,-0.355,2,+0.000,+0.000,+0.05233,+0.000,+1.308,+0.000,+0.000,-0.010,+1.299,2,+0.000,+0.000,-0.075,+0.759
DRV,728734,+0.0000,+0.0000,+0.0000,+0.0000,+0.0000,+0.0000,+0.000,+0.000,-0.00577,+0.0035,+0.0000,-0.141,+0.000,+0.000,-0.05456,+0.000,-1.364,+0.000,+0.000,-0.011,-1.375,2,+0.000,+0.000,+0.04495,+0.000,+1.124,+0.000,+0.000,-0.011,+1.112,2,+0.000,+0.000,-0.01380,+0.000,-0.345,+0.000,+0.000,-0.011,-0.356,2,+0.000,+0.000,+0.05233,+0.000,+1.308,+0.000,+0.000,-0.011,+1.297,2,+0.000,+0.000,-0.078,+0.756
DRV,728738,+0.0000,+0.0000,+0.0000,+0.0000,+0.0000,+0.0000,+0.000,+0.000,-0.00575,+0.0035,+0.0000,-0.141,+0.000,+0.000,-0.05456,+0.000,-1.364,+0.000,+0.000,-0.011,-1.375,2,+0.000,+0.000,+0.04495,+0.000,+1.124,+0.000,+0.000,-0.011,+1.112,0,+0.000,+0.000,-0.01380,+0.000,-0.345,+0.000,+0.000,-0.011,-0.356,2,+0.000,+0.000,+0.05233,+0.000,+1.308,+0.000,+0.000,-0.011,+1.297,0,+0.000,+0.000,-0.078,+0.756
DRV,728742,+0.0000,+0.0000,+0.0000,+0.0000,+0.0000,+0.0000,+0.000,+0.000,-0.00574,+0.0035,+0.0000,-0.141,+0.000,+0.000,-0.05456,+0.000,-1.364,+0.000,+0.000,-0.011,-1.375,0,+0.000,+0.000,+0.04495,+0.000,+1.124,+0.000,+0.000,-0.011,+1.112,0,+0.000,+0.000,-0.01380,+0.000,-0.345,+0.000,+0.000,-0.011,-0.356,0,+0.000,+0.000,+0.05233,+0.000,+1.308,+0.000,+0.000,-0.011,+1.297,0,+0.000,+0.000,-0.078,+0.756
DRV,728746,+0.0000,+0.0000,+0.0000,+0.0000,+0.0000,+0.0000,+0.000,+0.000,-0.00572,+0.0035,+0.0000,-0.141,+0.000,+0.000,-0.05456,+0.000,-1.364,-0.001,+0.000,-0.011,-1.376,0,+0.000,+0.000,+0.04495,+0.000,+1.124,+0.000,+0.000,-0.011,+1.112,2,+0.000,+0.000,-0.01380,+0.000,-0.345,+0.000,+0.000,-0.011,-0.356,0,+0.000,+0.000,+0.05233,+0.000,+1.308,+0.000,+0.000,-0.011,+1.297,2,+0.000,+0.000,-0.079,+0.756
DRV,728750,+0.0000,+0.0000,+0.0000,+0.0000,+0.0000,+0.0000,+0.000,+0.000,-0.00571,+0.0035,+0.0000,-0.140,+0.000,+0.000,-0.05456,+0.000,-1.364,+0.000,+0.000,-0.011,-1.375,2,+0.000,+0.000,+0.04495,+0.000,+1.124,+0.000,+0.000,-0.011,+1.112,2,+0.000,+0.000,-0.01380,+0.000,-0.345,+0.000,+0.000,-0.011,-0.356,2,+0.000,+0.000,+0.05233,+0.000,+1.308,+0.000,+0.000,-0.011,+1.297,2,+0.000,+0.000,-0.078,+0.756
DRV,728754,+0.0000,+0.0000,+0.0000,+0.0000,+0.0000,+0.0000,+0.000,+0.000,-0.00570,+0.0035,+0.0000,-0.140,+0.000,+0.000,-0.05456,+0.000,-1.364,+0.000,+0.000,-0.011,-1.375,2,+0.000,+0.000,+0.04495,+0.000,+1.124,+0.000,+0.000,-0.011,+1.112,2,+0.000,+0.000,-0.01380,+0.000,-0.345,+0.000,+0.000,-0.011,-0.356,2,+0.000,+0.000,+0.05233,+0.000,+1.308,+0.000,+0.000,-0.011,+1.297,2,+0.000,+0.000,-0.078,+0.756
DRV,728758,+0.0000,+0.0000,+0.0000,+0.0000,+0.0000,+0.0000,+0.000,+0.000,-0.00569,+0.0024,+0.0000,-0.097,+0.000,+0.000,-0.05456,+0.000,-1.364,+0.000,+0.000,-0.008,-1.372,2,+0.000,+0.000,+0.04495,+0.000,+1.124,+0.000,+0.000,-0.008,+1.116,2,+0.000,+0.000,-0.01380,+0.000,-0.345,+0.000,+0.000,-0.008,-0.353,2,+0.000,+0.000,+0.05233,+0.000,+1.308,+0.000,+0.000,-0.008,+1.301,2,+0.000,+0.000,-0.071,+0.763
DRV,728762,+0.0000,+0.0000,+0.0000,+0.0000,+0.0000,+0.0000,+0.000,+0.000,-0.00568,+0.0024,+0.0000,-0.097,+0.000,+0.000,-0.05456,+0.000,-1.364,+0.000,+0.000,-0.008,-1.372,2,+0.000,+0.000,+0.04495,+0.000,+1.124,+0.000,+0.000,-0.008,+1.116,2,+0.000,+0.000,-0.01380,+0.000,-0.345,+0.000,+0.000,-0.008,-0.353,2,+0.000,+0.000,+0.05233,+0.000,+1.308,+0.000,+0.000,-0.008,+1.301,2,+0.000,+0.000,-0.071,+0.763
DRV,728766,+0.0000,+0.0000,+0.0000,+0.0000,+0.0000,+0.0000,+0.000,+0.000,-0.00567,+0.0024,+0.0000,-0.097,+0.000,+0.000,-0.05456,+0.000,-1.364,+0.000,+0.000,-0.008,-1.372,2,+0.000,+0.000,+0.04495,+0.000,+1.124,+0.000,+0.000,-0.008,+1.116,2,+0.000,+0.000,-0.01380,+0.000,-0.345,+0.000,+0.000,-0.008,-0.353,2,+0.000,+0.000,+0.05233,+0.000,+1.308,+0.000,+0.000,-0.008,+1.301,2,+0.000,+0.000,-0.071,+0.763
DRV,728770,+0.0000,+0.0000,+0.0000,+0.0000,+0.0000,+0.0000,+0.000,+0.000,-0.00566,+0.0024,+0.0000,-0.097,+0.000,+0.000,-0.05456,+0.000,-1.364,+0.000,+0.000,-0.008,-1.372,2,+0.000,+0.000,+0.04495,+0.000,+1.124,+0.000,+0.000,-0.008,+1.116,2,+0.000,+0.000,-0.01380,+0.000,-0.345,+0.000,+0.000,-0.008,-0.353,2,+0.000,+0.000,+0.05233,+0.000,+1.308,-0.001,+0.000,-0.008,+1.300,2,+0.000,+0.000,-0.072,+0.763
DRV,728774,+0.0000,+0.0000,+0.0000,+0.0000,+0.0000,+0.0000,+0.000,+0.000,-0.00564,+0.0040,+0.0000,-0.160,+0.000,+0.000,-0.05456,+0.000,-1.364,+0.000,+0.000,-0.013,-1.377,2,+0.000,+0.000,+0.04495,+0.000,+1.124,+0.000,+0.000,-0.013,+1.111,0,+0.000,+0.000,-0.01380,+0.000,-0.345,+0.000,+0.000,-0.013,-0.358,2,+0.000,+0.000,+0.05233,+0.000,+1.308,+0.000,+0.000,-0.013,+1.295,0,+0.000,+0.000,-0.081,+0.753
DRV,728778,+0.0000,+0.0000,+0.0000,+0.0000,+0.0000,+0.0000,+0.000,+0.000,-0.00563,+0.0040,+0.0000,-0.160,+0.000,+0.000,-0.05456,+0.000,-1.364,+0.000,+0.000,-0.013,-1.377,2,+0.000,+0.000,+0.04495,+0.000,+1.124,+0.000,+0.000,-0.013,+1.111,0,+0.000,+0.000,-0.01380,+0.000,-0.345,+0.000,+0.000,-0.013,-0.358,0,+0.000,+0.000,+0.05233,+0.000,+1.308,+0.000,+0.000,-0.013,+1.295,0,+0.000,+0.000,-0.081,+0.753
DRV,728782,+0.0000,+0.0000,+0.0000,+0.0000,+0.0000,+0.0000,+0.000,+0.000,-0.00561,+0.0051,+0.0000,-0.202,+0.000,+0.000,-0.05456,+0.000,-1.364,+0.000,+0.000,-0.016,-1.380,0,+0.000,+0.000,+0.04495,+0.000,+1.124,+0.000,+0.000,-0.016,+1.107,2,+0.000,+0.000,-0.01380,+0.000,-0.345,+0.000,+0.000,-0.016,-0.361,0,+0.000,+0.000,+0.05233,+0.000,+1.308,+0.000,+0.000,-0.016,+1.292,2,+0.000,+0.000,-0.088,+0.746
DRV,728786,+0.0000,+0.0000,+0.0000,+0.0000,+0.0000,+0.0000,+0.000,+0.000,-0.00559,+0.0050,+0.0000,-0.202,+0.000,+0.000,-0.05456,+0.000,-1.364,+0.000,+0.000,-0.016,-1.380,2,+0.000,+0.000,+0.04495,+0.000,+1.124,+0.000,+0.000,-0.016,+1.108,2,+0.000,+0.000,-0.01380,+0.000,-0.345,+0.000,+0.000,-0.016,-0.361,2,+0.000,+0.000,+0.05233,+0.000,+1.308,+0.000,+0.000,-0.016,+1.292,2,+0.000,+0.000,-0.088,+0.746
DRV,728790,+0.0000,+0.0000,+0.0000,+0.0000,+0.0000,+0.0000,+0.000,+0.000,-0.00557,+0.0034,+0.0000,-0.137,+0.000,+0.000,-0.05456,+0.000,-1.364,+0.000,+0.000,-0.011,-1.375,2,+0.000,+0.000,+0.04495,+0.000,+1.124,+0.000,+0.000,-0.011,+1.113,2,+0.000,+0.000,-0.01380,+0.000,-0.345,+0.000,+0.000,-0.011,-0.356,2,+0.000,+0.000,+0.05233,+0.000,+1.308,+0.000,+0.000,-0.011,+1.297,2,+0.000,+0.000,-0.078,+0.757
DRV,728794,+0.0000,+0.0000,+0.0000,+0.0000,+0.0000,+0.0000,+0.000,+0.000,-0.00556,+0.0034,+0.0000,-0.137,+0.000,+0.000,-0.05456,+0.000,-1.364,+0.000,+0.000,-0.011,-1.375,2,+0.000,+0.000,+0.04495,+0.000,+1.124,+0.000,+0.000,-0.011,+1.113,2,+0.000,+0.000,-0.01380,+0.000,-0.345,+0.000,+0.000,-0.011,-0.356,2,+0.000,+0.000,+0.05233,+0.000,+1.308,+0.000,+0.000,-0.011,+1.297,2,+0.000,+0.000,-0.078,+0.757
DRV,728798,+0.0000,+0.0000,+0.0000,+0.0000,+0.0000,+0.0000,+0.000,+0.000,-0.00554,+0.0034,+0.0000,-0.137,+0.000,+0.000,-0.05456,+0.000,-1.364,+0.000,+0.000,-0.011,-1.375,2,+0.000,+0.000,+0.04495,+0.000,+1.124,+0.000,+0.000,-0.011,+1.113,2,+0.000,+0.000,-0.01380,+0.000,-0.345,+0.000,+0.000,-0.011,-0.356,2,+0.000,+0.000,+0.05233,+0.000,+1.308,+0.000,+0.000,-0.011,+1.297,2,+0.000,+0.000,-0.078,+0.757
DRV,728802,+0.0000,+0.0000,+0.0000,+0.0000,+0.0000,+0.0000,+0.000,+0.000,-0.00553,+0.0034,+0.0000,-0.137,+0.000,+0.000,-0.05456,+0.000,-1.364,+0.000,+0.000,-0.011,-1.375,2,+0.000,+0.000,+0.04495,+0.000,+1.124,+0.000,+0.000,-0.011,+1.113,2,+0.000,+0.000,-0.01380,+0.000,-0.345,+0.000,+0.000,-0.011,-0.356,2,+0.000,+0.000,+0.05233,+0.000,+1.308,+0.000,+0.000,-0.011,+1.297,2,+0.000,+0.000,-0.078,+0.757
DRV,728806,+0.0000,+0.0000,+0.0000,+0.0000,+0.0000,+0.0000,+0.000,+0.000,-0.00552,+0.0034,+0.0000,-0.136,+0.000,+0.000,-0.05456,+0.000,-1.364,+0.000,+0.000,-0.011,-1.375,2,+0.000,+0.000,+0.04495,+0.000,+1.124,+0.000,+0.000,-0.011,+1.113,2,+0.000,+0.000,-0.01380,+0.000,-0.345,+0.000,+0.000,-0.011,-0.356,2,+0.000,+0.000,+0.05233,+0.000,+1.308,+0.000,+0.000,-0.011,+1.297,2,+0.000,+0.000,-0.078,+0.757
DRV,728810,+0.0000,+0.0000,+0.0000,+0.0000,+0.0000,+0.0000,+0.000,+0.000,-0.00550,+0.0034,+0.0000,-0.136,+0.000,+0.000,-0.05456,+0.000,-1.364,+0.000,+0.000,-0.011,-1.375,2,+0.000,+0.000,+0.04495,+0.000,+1.124,+0.000,+0.000,-0.011,+1.113,2,+0.000,+0.000,-0.01380,+0.000,-0.345,+0.000,+0.000,-0.011,-0.356,2,+0.000,+0.000,+0.05233,+0.000,+1.308,+0.000,+0.000,-0.011,+1.297,2,+0.000,+0.000,-0.078,+0.757
DRV,728814,+0.0000,+0.0000,+0.0000,+0.0000,+0.0000,+0.0000,+0.000,+0.000,-0.00549,+0.0039,+0.0000,-0.157,+0.000,+0.000,-0.05456,+0.000,-1.364,+0.000,+0.000,-0.013,-1.377,2,+0.000,+0.000,+0.04495,+0.000,+1.124,+0.000,+0.000,-0.013,+1.111,0,+0.000,+0.000,-0.01380,+0.000,-0.345,+0.000,+0.000,-0.013,-0.358,2,+0.000,+0.000,+0.05233,+0.000,+1.308,+0.000,+0.000,-0.013,+1.296,0,+0.000,+0.000,-0.081,+0.754
DRV,728818,+0.0000,+0.0000,+0.0000,+0.0000,+0.0000,+0.0000,+0.000,+0.000,-0.00547,+0.0039,+0.0000,-0.157,+0.000,+0.000,-0.05456,+0.000,-1.364,+0.000,+0.000,-0.013,-1.377,0,+0.000,+0.000,+0.04495,+0.000,+1.124,+0.000,+0.000,-0.013,+1.111,0,+0.000,+0.000,-0.01380,+0.000,-0.345,+0.000,+0.000,-0.013,-0.358,0,+0.000,+0.000,+0.05233,+0.000,+1.308,+0.000,+0.000,-0.013,+1.296,0,+0.000,+0.000,-0.081,+0.754
DRV,728822,+0.0000,+0.0000,+0.0000,+0.0000,+0.0000,+0.0000,+0.000,+0.000,-0.00546,+0.0028,+0.0000,-0.114,+0.000,+0.000,-0.05456,+0.000,-1.364,+0.000,+0.000,-0.009,-1.373,0,+0.000,+0.000,+0.04495,+0.000,+1.124,+0.000,+0.000,-0.009,+1.115,2,+0.000,+0.000,-0.01380,+0.000,-0.345,+0.000,+0.000,-0.009,-0.354,0,+0.000,+0.000,+0.05233,+0.000,+1.308,+0.000,+0.000,-0.009,+1.299,2,+0.000,+0.000,-0.074,+0.760
DRV,728826,+0.0000,+0.0000,+0.0000,+0.0000,+0.0000,+0.0000,+0.000,+0.000,-0.00545,+0.0028,+0.0000,-0.114,+0.000,+0.000,-0.05456,+0.000,-1.364,+0.000,+0.000,-0.009,-1.373,2,+0.000,+0.000,+0.04495,+0.000,+1.124,+0.000,+0.000,-0.009,+1.115,2,+0.000,+0.000,-0.01380,+0.000,-0.345,+0.000,+0.000,-0.009,-0.354,2,+0.000,+0.000,+0.05233,+0.000,+1.308,+0.000,+0.000,-0.009,+1.299,2,+0.000,+0.000,-0.074,+0.760
DRV,728830,+0.0000,+0.0000,+0.0000,+0.0000,+0.0000,+0.0000,+0.000,+0.000,-0.00544,+0.0028,+0.0000,-0.113,+0.000,+0.000,-0.05456,+0.000,-1.364,+0.000,+0.000,-0.009,-1.373,2,+0.000,+0.000,+0.04495,+0.000,+1.124,+0.000,+0.000,-0.009,+1.115,2,+0.000,+0.000,-0.01380,+0.000,-0.345,+0.000,+0.000,-0.009,-0.354,2,+0.000,+0.000,+0.05233,+0.000,+1.308,+0.000,+0.000,-0.009,+1.299,2,+0.000,+0.000,-0.074,+0.761
DRV,728834,+0.0000,+0.0000,+0.0000,+0.000,+0.000,+0.0000,+0.000,+0.000,-0.0543,+0.0028,+0.0000,-0.113,+0.000,+0.000,-0.05456,+0.000,-1.364,+0.000,+0.000,-0.009,-1.373,2,+0.000,+0.000,+0.04495,+0.000,+1.124,+0.000,+0.000,-0.009,+1.115,2,+0.000,+0.000,-0.01380,+0.000,-0.345,+0.000,+0.000,-0.009,-0.354,2,+0.000,+0.000,+0.05233,+0.000,+1.308,+0.000,+0.000,-0.009,+1.299,2,+0.000,+0.000,-0.074,+0.761
DRV,728838,+0.0000,+0.0000,+0.0000,+0.0000,+0.0000,+0.0000,+0.000,+0.000,-0.00541,+0.0028,+0.0000,-0.113,+0.000,+0.000,-0.05456,+0.000,-1.364,+0.000,+0.000,-0.009,-1.373,2,+0.000,-0.018,+0.04495,-0.018,+1.124,+0.036,+0.000,-0.009,+1.151,2,+0.000,+0.000,-0.01380,+0.000,-0.345,+0.000,+0.000,-0.009,-0.354,2,+0.000,+0.008,+0.05233,+0.008,+1.308,-0.015,+0.000,-0.009,+1.284,2,+0.008,-0.018,-0.089,+0.797
DRV,728842,+0.0000,+0.0000,+0.0000,+0.0000,+0.0000,+0.0000,+0.000,+0.000,-0.00540,+0.0028,+0.0000,-0.113,+0.000,+0.000,-0.05456,+0.000,-1.364,+0.000,+0.000,-0.009,-1.373,2,+0.000,+0.008,+0.04495,+0.008,+1.124,-0.015,+0.000,-0.009,+1.099,2,+0.000,+0.000,-0.01380,+0.000,-0.345,+0.000,+0.000,-0.009,-0.354,2,+0.000,+0.000,+0.05233,+0.000,+1.308,+0.000,+0.000,-0.009,+1.299,2,+0.000,+0.008,-0.074,+0.745
DRV,728846,+0.0000,+0.0000,+0.0000,+0.0000,+0.0000,+0.0000,+0.000,+0.000,-0.00539,+0.0023,+0.0000,-0.091,+0.000,+0.000,-0.05456,+0.000,-1.364,+0.000,+0.000,-0.007,-1.371,2,+0.000,+0.000,+0.04495,+0.000,+1.124,+0.000,+0.000,-0.007,+1.116,2,+0.000,+0.000,-0.01380,+0.000,-0.345,+0.000,+0.000,-0.007,-0.352,2,+0.000,+0.000,+0.05233,+0.000,+1.308,+0.000,+0.000,-0.007,+1.301,2,+0.000,+0.000,-0.070,+0.764
DRV,728850,+0.0000,+0.0000,+0.0000,+0.0000,+0.0000,+0.0000,+0.000,+0.000,-0.00538,+0.0023,+0.0000,-0.091,+0.000,+0.000,-0.05456,+0.000,-1.364,+0.000,+0.000,-0.007,-1.371,2,+0.000,+0.000,+0.04495,+0.000,+1.124,+0.000,+0.000,-0.007,+1.116,0,+0.000,+0.000,-0.01380,+0.000,-0.345,+0.000,+0.000,-0.007,-0.352,2,+0.000,+0.000,+0.05233,+0.000,+1.308,+0.000,+0.000,-0.007,+1.301,0,+0.000,+0.000,-0.070,+0.764
DRV,728854,+0.0000,+0.0000,+0.0000,+0.0000,+0.0000,+0.0000,+0.000,+0.000,-0.00537,+0.0028,+0.0000,-0.112,+0.000,+0.000,-0.05456,+0.000,-1.364,+0.000,+0.000,-0.009,-1.373,0,+0.000,+0.000,+0.04495,+0.000,+1.124,+0.000,+0.000,-0.009,+1.115,0,+0.000,+0.000,-0.01380,+0.000,-0.345,+0.000,+0.000,-0.009,-0.354,0,+0.000,+0.000,+0.05233,+0.000,+1.308,+0.000,+0.000,-0.009,+1.299,0,+0.000,+0.000,-0.074,+0.761
DRV,728858,+0.0000,+0.0000,+0.0000,+0.0000,+0.0000,+0.0000,+0.000,+0.000,-0.00536,+0.0028,+0.0000,-0.112,+0.000,+0.000,-0.05456,+0.000,-1.364,+0.000,+0.000,-0.009,-1.373,2,+0.000,+0.000,+0.04495,+0.000,+1.124,+0.000,+0.000,-0.009,+1.115,2,+0.000,+0.000,-0.01380,+0.000,-0.345,+0.000,+0.000,-0.009,-0.354,0,+0.000,+0.000,+0.05233,+0.000,+1.308,+0.000,+0.000,-0.009,+1.299,2,+0.000,+0.000,-0.074,+0.761
DRV,728862,+0.0000,+0.0000,+0.0000,+0.0000,+0.0000,+0.0000,+0.000,+0.000,-0.00535,+0.0033,+0.0000,-0.133,+0.000,+0.000,-0.05456,+0.000,-1.364,+0.000,+0.000,-0.011,-1.375,2,+0.000,+0.000,+0.04495,+0.000,+1.124,+0.000,+0.000,-0.011,+1.113,2,+0.000,+0.000,-0.01380,+0.000,-0.345,+0.000,+0.000,-0.011,-0.356,2,+0.000,+0.000,+0.05233,+0.000,+1.308,+0.000,+0.000,-0.011,+1.298,2,+0.000,+0.000,-0.077,+0.757
DRV,728866,+0.0000,+0.0000,+0.0000,+0.0000,+0.0000,+0.0000,+0.000,+0.000,-0.00534,+0.0033,+0.0000,-0.133,+0.000,+0.000,-0.05456,+0.000,-1.364,+0.000,+0.000,-0.011,-1.375,2,+0.000,+0.000,+0.04495,+0.000,+1.124,+0.000,+0.000,-0.011,+1.113,2,+0.000,+0.000,-0.01380,+0.000,-0.345,+0.000,+0.000,-0.011,-0.356,2,+0.000,+0.000,+0.05233,+0.000,+1.308,+0.000,+0.000,-0.011,+1.298,2,+0.000,+0.000,-0.077,+0.757
DRV,728870,+0.0000,+0.0000,+0.0000,+0.0000,+0.0000,+0.0000,+0.000,+0.000,-0.00533,+0.0022,+0.0000,-0.090,+0.000,+0.000,-0.05456,+0.000,-1.364,+0.000,+0.000,-0.007,-1.371,2,+0.000,+0.000,+0.04495,+0.000,+1.124,+0.000,+0.000,-0.007,+1.116,2,+0.000,+0.000,-0.01380,+0.000,-0.345,+0.000,+0.000,-0.007,-0.352,2,+0.000,+0.000,+0.05233,+0.000,+1.308,+0.000,+0.000,-0.007,+1.301,2,+0.000,+0.000,-0.070,+0.764
DRV,728874,+0.0000,+0.0000,+0.0000,+0.0000,+0.0000,+0.0000,+0.000,+0.000,-0.00532,+0.0022,+0.0000,-0.090,+0.000,+0.000,-0.05456,+0.000,-1.364,+0.000,+0.000,-0.007,-1.371,2,+0.000,+0.000,+0.04495,+0.000,+1.124,+0.000,+0.000,-0.007,+1.116,2,+0.000,+0.000,-0.01380,+0.000,-0.345,+0.000,+0.000,-0.007,-0.352,2,+0.000,+0.000,+0.05233,+0.000,+1.308,+0.000,+0.000,-0.007,+1.301,2,+0.000,+0.000,-0.070,+0.764
DRV,728878,+0.0000,+0.0000,+0.0000,+0.0000,+0.0000,+0.0000,+0.000,+0.000,-0.00530,+0.0038,+0.0000,-0.153,+0.000,+0.000,-0.05456,+0.000,-1.364,+0.000,+0.000,-0.012,-1.376,2,+0.000,+0.000,+0.04495,+0.000,+1.124,+0.000,+0.000,-0.012,+1.111,2,+0.000,+0.000,-0.01380,+0.000,-0.345,+0.000,+0.000,-0.012,-0.357,2,+0.000,+0.000,+0.05233,+0.000,+1.308,+0.000,+0.000,-0.012,+1.296,2,+0.000,+0.000,-0.080,+0.754
DRV,728882,+0.0000,+0.0000,+0.0000,+0.0000,+0.0000,+0.0000,+0.000,+0.000,-0.00529,+0.0038,+0.0000,-0.153,+0.000,+0.000,-0.05456,+0.000,-1.364,+0.000,+0.000,-0.012,-1.376,2,+0.000,+0.000,+0.04495,+0.000,+1.124,+0.000,+0.000,-0.012,+1.111,2,+0.000,+0.000,-0.01380,+0.000,-0.345,+0.000,+0.000,-0.012,-0.357,2,+0.000,+0.000,+0.05233,+0.000,+1.308,+0.000,+0.000,-0.012,+1.296,2,+0.000,+0.000,-0.080,+0.754
DRV,728886,+0.0000,+0.0000,+0.0000,+0.0000,+0.0000,+0.0000,+0.000,+0.000,-0.00528,+0.0022,+0.0000,-0.089,+0.000,+0.000,-0.05456,+0.000,-1.364,+0.000,+0.000,-0.007,-1.371,2,+0.000,+0.000,+0.04495,+0.000,+1.124,+0.000,+0.000,-0.007,+1.117,0,+0.000,+0.000,-0.01380,+0.000,-0.345,+0.000,+0.000,-0.007,-0.352,2,+0.000,+0.000,+0.05233,+0.000,+1.308,+0.000,+0.000,-0.007,+1.301,0,+0.000,+0.000,-0.070,+0.764
DRV,728890,+0.0000,+0.0000,+0.0000,+0.0000,+0.0000,+0.0000,+0.000,+0.000,-0.00527,+0.0022,+0.0000,-0.089,+0.000,+0.000,-0.05456,+0.000,-1.364,+0.000,+0.000,-0.007,-1.371,0,+0.000,+0.000,+0.04495,+0.000,+1.124,-0.001,+0.000,-0.007,+1.116,0,+0.000,+0.000,-0.01380,+0.000,-0.345,+0.000,+0.000,-0.007,-0.352,0,+0.000,+0.000,+0.05233,+0.000,+1.308,+0.000,+0.000,-0.007,+1.301,0,+0.000,+0.000,-0.070,+0.763
DRV,728894,+0.0000,+0.0000,+0.0000,+0.0000,+0.0000,+0.0000,+0.000,+0.000,-0.00526,+0.0027,+0.0000,-0.110,+0.000,+0.000,-0.05456,+0.000,-1.364,+0.000,+0.000,-0.009,-1.373,0,+0.000,+0.000,+0.04495,+0.000,+1.124,+0.000,+0.000,-0.009,+1.115,2,+0.000,+0.000,-0.01380,+0.000,-0.345,+0.000,+0.000,-0.009,-0.354,0,+0.000,+0.000,+0.05233,+0.000,+1.308,+0.000,+0.000,-0.009,+1.299,2,+0.000,+0.000,-0.073,+0.761
DRV,728898,+0.0000,+0.0000,+0.0000,+0.0000,+0.0000,+0.0000,+0.000,+0.000,-0.00525,+0.0027,+0.0000,-0.110,+0.000,+0.000,-0.05456,+0.000,-1.364,+0.000,+0.000,-0.009,-1.373,2,+0.000,+0.000,+0.04495,+0.000,+1.124,+0.000,+0.000,-0.009,+1.115,2,+0.000,+0.000,-0.01380,+0.000,-0.345,+0.000,+0.000,-0.009,-0.354,2,+0.000,+0.000,+0.05233,+0.000,+1.308,+0.000,+0.000,-0.009,+1.300,2,+0.000,+0.000,-0.073,+0.761
DRV,728902,+0.0000,+0.0000,+0.0000,+0.0000,+0.0000,+0.0000,+0.000,+0.000,-0.00524,+0.0027,+0.0000,-0.109,+0.000,+0.000,-0.05456,+0.000,-1.364,+0.000,+0.000,-0.009,-1.373,2,+0.000,+0.000,+0.04495,+0.000,+1.124,+0.000,+0.000,-0.009,+1.115,2,+0.000,+0.000,-0.01380,+0.000,-0.345,+0.000,+0.000,-0.009,-0.354,2,+0.000,+0.000,+0.05233,+0.000,+1.308,+0.000,+0.000,-0.009,+1.300,2,+0.000,+0.000,-0.073,+0.761
DRV,728906,+0.0000,+0.0000,+0.0000,+0.0000,+0.0000,+0.0000,+0.000,+0.000,-0.00523,+0.0025,+0.0000,-0.099,+0.000,+0.000,-0.05456,+0.000,-1.364,+0.000,+0.000,-0.008,-1.372,2,+0.000,+0.000,+0.04495,+0.000,+1.124,+0.000,+0.000,-0.008,+1.116,2,+0.000,+0.000,-0.01380,+0.000,-0.345,+0.000,+0.000,-0.008,-0.353,2,+0.000,+0.000,+0.05233,+0.000,+1.308,+0.000,+0.000,-0.008,+1.300,2,+0.000,+0.000,-0.072,+0.763
DRV,728910,+0.0000,+0.0000,+0.0000,+0.0000,+0.0000,+0.0000,+0.000,+0.000,-0.00522,+0.0022,+0.0000,-0.088,+0.000,+0.000,-0.05456,+0.000,-1.364,+0.000,+0.000,-0.007,-1.371,2,+0.000,+0.000,+0.04495,+0.000,+1.124,+0.000,+0.000,-0.007,+1.117,2,+0.000,+0.000,-0.01380,+0.000,-0.345,+0.000,+0.000,-0.007,-0.352,2,+0.000,+0.000,+0.05233,+0.000,+1.308,+0.000,+0.000,-0.007,+1.301,2,+0.000,+0.000,-0.070,+0.765
DRV,728914,+0.0000,+0.0000,+0.0000,+0.0000,+0.0000,+0.0000,+0.000,+0.000,-0.00521,+0.0022,+0.0000,-0.088,+0.000,+0.000,-0.05456,+0.000,-1.364,+0.000,+0.000,-0.007,-1.371,2,+0.000,+0.000,+0.04495,+0.000,+1.124,+0.000,+0.000,-0.007,+1.117,2,+0.000,+0.000,-0.01380,+0.000,-0.345,+0.000,+0.000,-0.007,-0.352,2,+0.000,+0.000,+0.05233,+0.000,+1.308,+0.000,+0.000,-0.007,+1.301,2,+0.000,+0.000,-0.070,+0.765
DRV,728918,+0.0000,+0.0000,+0.0000,+0.0000,+0.0000,+0.0000,+0.000,+0.000,-0.00520,+0.0022,+0.0000,-0.087,+0.000,+0.000,-0.05456,+0.000,-1.364,+0.000,+0.000,-0.007,-1.371,2,+0.000,+0.000,+0.04495,+0.000,+1.124,+0.000,+0.000,-0.007,+1.117,2,+0.000,+0.000,-0.01380,+0.000,-0.345,+0.000,+0.000,-0.007,-0.352,2,+0.000,+0.000,+0.05233,+0.000,+1.308,+0.000,+0.000,-0.007,+1.301,2,+0.000,+0.000,-0.070,+0.765
DRV,728922,+0.0000,+0.0000,+0.0000,+0.0000,+0.0000,+0.0000,+0.000,+0.000,-0.00519,+0.0024,+0.0000,-0.098,+0.000,+0.000,-0.05456,+0.000,-1.364,+0.000,+0.000,-0.008,-1.372,2,+0.000,+0.000,+0.04495,+0.000,+1.124,+0.000,+0.000,-0.008,+1.116,2,+0.000,+0.000,-0.01380,+0.000,-0.345,+0.000,+0.000,-0.008,-0.353,2,+0.000,+0.000,+0.05233,+0.000,+1.308,+0.000,+0.000,-0.008,+1.300,2,+0.000,+0.000,-0.071,+0.763
DRV,728926,+0.0000,+0.0000,+0.0000,+0.0000,+0.0000,+0.0000,+0.000,+0.000,-0.00518,+0.0027,+0.0000,-0.108,+0.000,+0.000,-0.05456,+0.000,-1.364,+0.000,+0.000,-0.009,-1.373,2,+0.000,+0.000,+0.04495,+0.000,+1.124,+0.000,+0.000,-0.009,+1.115,0,+0.000,+0.000,-0.01380,+0.000,-0.345,+0.000,+0.000,-0.009,-0.354,2,+0.000,+0.000,+0.05233,+0.000,+1.308,+0.000,+0.000,-0.009,+1.300,0,+0.000,+0.000,-0.073,+0.761
DRV,728930,+0.0000,+0.0000,+0.0000,+0.0000,+0.0000,+0.0000,+0.000,+0.000,-0.00517,+0.0027,+0.0000,-0.108,+0.000,+0.000,-0.05456,+0.000,-1.364,+0.000,+0.000,-0.009,-1.373,0,+0.000,+0.000,+0.04495,+0.000,+1.124,+0.000,+0.000,-0.009,+1.115,0,+0.000,+0.000,-0.01380,+0.000,-0.345,+0.000,+0.000,-0.009,-0.354,0,+0.000,+0.000,+0.05233,+0.000,+1.308,+0.000,+0.000,-0.009,+1.300,2,+0.000,+0.000,-0.073,+0.761
DRV,728934,+0.0000,+0.0000,+0.0000,+0.0000,+0.0000,+0.0000,+0.000,+0.000,-0.00516,+0.0027,+0.0000,-0.108,+0.000,+0.000,-0.05456,+0.000,-1.364,+0.000,+0.000,-0.009,-1.373,0,+0.000,+0.000,+0.04495,+0.000,+1.124,+0.000,+0.000,-0.009,+1.115,2,+0.000,+0.000,-0.01380,+0.000,-0.345,+0.000,+0.000,-0.009,-0.354,2,+0.000,+0.000,+0.05233,+0.000,+1.308,+0.000,+0.000,-0.009,+1.300,2,+0.000,+0.000,-0.073,+0.761
DRV,728938,+0.0000,+0.0000,+0.0000,+0.0000,+0.0000,+0.0000,+0.000,+0.000,-0.00515,+0.0027,+0.0000,-0.108,+0.000,+0.000,-0.05456,+0.000,-1.364,+0.000,+0.000,-0.009,-1.373,2,+0.000,+0.000,+0.04495,+0.000,+1.124,+0.000,+0.000,-0.009,+1.115,2,+0.000,+0.000,-0.01380,+0.000,-0.345,+0.000,+0.000,-0.009,-0.354,2,+0.000,+0.000,+0.05233,+0.000,+1.308,+0.000,+0.000,-0.009,+1.300,2,+0.000,+0.000,-0.073,+0.761
DRV,728942,+0.0000,+0.0000,+0.0000,+0.0000,+0.0000,+0.0000,+0.000,+0.000,-0.00514,+0.0027,+0.0000,-0.107,+0.000,+0.000,-0.05456,+0.000,-1.364,+0.000,+0.000,-0.009,-1.373,2,+0.000,+0.000,+0.04495,+0.000,+1.124,+0.000,+0.000,-0.009,+1.115,2,+0.000,+0.000,-0.01380,+0.000,-0.345,+0.000,+0.000,-0.009,-0.354,2,+0.000,+0.000,+0.05233,+0.000,+1.308,+0.000,+0.000,-0.009,+1.300,2,+0.000,+0.000,-0.073,+0.761
DRV,728946,+0.0000,+0.0000,+0.0000,+0.0000,+0.0000,+0.0000,+0.000,+0.000,-0.00513,+0.0029,+0.0000,-0.118,+0.000,+0.000,-0.05456,+0.000,-1.364,+0.000,+0.000,-0.009,-1.374,2,+0.000,+0.000,+0.04495,+0.000,+1.124,+0.000,+0.000,-0.009,+1.114,2,+0.000,+0.000,-0.01380,+0.000,-0.345,+0.000,+0.000,-0.009,-0.354,2,+0.000,+0.000,+0.05233,+0.000,+1.308,+0.000,+0.000,-0.009,+1.299,2,+0.000,+0.000,-0.075,+0.760
DRV,728950,+0.0000,+0.0000,+0.0000,+0.0000,+0.0000,+0.0000,+0.000,+0.000,-0.00511,+0.0032,+0.0000,-0.128,+0.000,+0.000,-0.05456,+0.000,-1.364,+0.000,+0.000,-0.010,-1.374,2,+0.000,+0.000,+0.04495,+0.000,+1.124,+0.000,+0.000,-0.010,+1.113,2,+0.000,+0.000,-0.01380,+0.000,-0.345,+0.000,+0.000,-0.010,-0.355,2,+0.000,+0.000,+0.05233,+0.000,+1.308,+0.000,+0.000,-0.010,+1.298,2,+0.000,+0.000,-0.076,+0.758
DRV,728954,+0.0000,+0.0000,+0.0000,+0.0000,+0.0000,+0.0000,+0.000,+0.000,-0.00510,+0.0027,+0.0000,-0.107,+0.000,+0.000,-0.05456,+0.000,-1.364,+0.000,+0.000,-0.009,-1.373,2,+0.000,+0.000,+0.04495,+0.000,+1.124,+0.000,+0.000,-0.009,+1.115,2,+0.000,+0.000,-0.01380,+0.000,-0.345,+0.000,+0.000,-0.009,-0.354,2,+0.000,+0.000,+0.05233,+0.000,+1.308,+0.000,+0.000,-0.009,+1.300,2,+0.000,+0.000,-0.073,+0.762
DRV,728958,+0.0000,+0.0000,+0.0000,+0.0000,+0.0000,+0.0000,+0.000,+0.000,-0.00509,+0.0021,+0.0000,-0.085,+0.000,+0.000,-0.05456,+0.000,-1.364,+0.000,+0.000,-0.007,-1.371,2,+0.000,+0.000,+0.04495,+0.000,+1.124,+0.000,+0.000,-0.007,+1.117,2,+0.000,+0.000,-0.01380,+0.000,-0.345,+0.000,+0.000,-0.007,-0.352,2,+0.000,+0.000,+0.05233,+0.000,+1.308,+0.000,+0.000,-0.007,+1.301,2,+0.000,+0.000,-0.069,+0.765
DRV,728962,+0.0000,+0.0000,+0.0000,+0.0000,+0.0000,+0.0000,+0.000,+0.000,-0.00508,+0.0021,+0.0000,-0.085,+0.000,+0.000,-0.05456,+0.000,-1.364,+0.000,+0.000,-0.007,-1.371,2,+0.000,+0.000,+0.04495,+0.000,+1.124,+0.000,+0.000,-0.007,+1.117,0,+0.000,+0.000,-0.01380,+0.000,-0.345,+0.000,+0.000,-0.007,-0.352,2,+0.000,+0.000,+0.05233,+0.000,+1.308,+0.000,+0.000,-0.007,+1.301,0,+0.000,+0.000,-0.069,+0.765
DRV,728966,+0.0000,+0.0000,+0.0000,+0.0000,+0.0000,+0.0000,+0.000,+0.000,-0.00508,+0.0021,+0.0000,-0.085,+0.000,+0.000,-0.05456,+0.000,-1.364,+0.000,+0.000,-0.007,-1.371,0,+0.000,+0.000,+0.04495,+0.000,+1.124,+0.000,+0.000,-0.007,+1.117,0,+0.000,+0.000,-0.01380,+0.000,-0.345,+0.000,+0.000,-0.007,-0.352,0,+0.000,+0.000,+0.05233,+0.000,+1.308,+0.000,+0.000,-0.007,+1.301,0,+0.000,+0.000,-0.069,+0.765
DRV,728970,+0.0000,+0.0000,+0.0000,+0.0000,+0.0000,+0.0000,+0.000,+0.000,-0.00507,+0.0021,+0.0000,-0.085,+0.000,+0.000,-0.05456,+0.000,-1.364,+0.000,+0.000,-0.007,-1.371,0,+0.000,+0.000,+0.04495,+0.000,+1.124,+0.000,+0.000,-0.007,+1.117,0,+0.000,+0.000,-0.01380,+0.000,-0.345,+0.000,+0.000,-0.007,-0.352,0,+0.000,+0.000,+0.05233,+0.000,+1.308,+0.000,+0.000,-0.007,+1.302,0,+0.000,+0.000,-0.069,+0.765
DRV,728974,+0.0000,+0.0000,+0.0000,+0.0000,+0.0000,+0.0000,+0.000,+0.000,-0.00506,+0.0021,+0.0000,-0.085,+0.000,+0.000,-0.05456,+0.000,-1.364,+0.000,+0.000,-0.007,-1.371,2,+0.000,+0.000,+0.04495,+0.000,+1.124,+0.000,+0.000,-0.007,+1.117,2,+0.000,+0.000,-0.01380,+0.000,-0.345,+0.000,+0.000,-0.007,-0.352,2,+0.000,+0.000,+0.05233,+0.000,+1.308,+0.000,+0.000,-0.007,+1.302,2,+0.000,+0.000,-0.069,+0.765
DRV,728978,+0.0000,+0.0000,+0.0000,+0.0000,+0.0000,+0.0000,+0.000,+0.000,-0.00505,+0.0029,+0.0000,-0.116,+0.000,+0.000,-0.05456,+0.000,-1.364,+0.000,+0.000,-0.009,-1.373,2,+0.000,+0.000,+0.04495,+0.000,+1.124,+0.000,+0.000,-0.009,+1.114,2,+0.000,+0.000,-0.01380,+0.000,-0.345,+0.000,+0.000,-0.009,-0.354,2,+0.000,+0.000,+0.05233,+0.000,+1.308,+0.000,+0.000,-0.009,+1.299,2,+0.000,+0.000,-0.074,+0.760
DRV,728982,+0.0000,+0.0000,+0.0000,+0.0000,+0.0000,+0.0000,+0.000,+0.000,-0.00503,+0.0037,+0.0000,-0.148,+0.000,+0.000,-0.05456,+0.000,-1.364,+0.000,+0.000,-0.012,-1.376,2,+0.000,+0.000,+0.04495,+0.000,+1.124,+0.000,+0.000,-0.012,+1.112,2,+0.000,+0.000,-0.01380,+0.000,-0.345,+0.000,+0.000,-0.012,-0.357,2,+0.000,+0.000,+0.05233,+0.000,+1.308,+0.000,+0.000,-0.012,+1.296,2,+0.000,+0.000,-0.080,+0.755
DRV,728986,+0.0000,+0.0000,+0.0000,+0.0000,+0.0000,+0.0000,+0.000,+0.000,-0.00502,+0.0034,+0.0000,-0.137,+0.000,+0.000,-0.05456,+0.000,-1.364,+0.000,+0.000,-0.011,-1.375,2,+0.000,+0.000,+0.04495,+0.000,+1.124,+0.000,+0.000,-0.011,+1.113,2,+0.000,+0.000,-0.01380,+0.000,-0.345,+0.000,+0.000,-0.011,-0.356,2,+0.000,+0.000,+0.05233,+0.000,+1.308,+0.000,+0.000,-0.011,+1.297,2,+0.000,+0.000,-0.078,+0.757
DRV,728990,+0.0000,+0.0000,+0.0000,+0.0000,+0.0000,+0.0000,+0.000,+0.000,-0.00501,+0.0032,+0.0000,-0.126,+0.000,+0.000,-0.05456,+0.000,-1.364,+0.000,+0.000,-0.010,-1.374,2,+0.000,+0.000,+0.04495,+0.000,+1.124,+0.000,+0.000,-0.010,+1.114,2,+0.000,+0.000,-0.01380,+0.000,-0.345,+0.000,+0.000,-0.010,-0.355,2,+0.000,+0.000,+0.05233,+0.000,+1.308,+0.000,+0.000,-0.010,+1.298,2,+0.000,+0.000,-0.076,+0.758
DRV,728994,+0.0000,+0.0000,+0.0000,+0.0000,+0.0000,+0.0000,+0.000,+0.000,-0.00499,+0.0031,+0.0000,-0.126,+0.000,+0.000,-0.05456,+0.000,-1.364,+0.000,+0.000,-0.010,-1.374,2,+0.000,+0.000,+0.04495,+0.000,+1.124,+0.000,+0.000,-0.010,+1.114,2,+0.000,+0.000,-0.01380,+0.000,-0.345,+0.000,+0.000,-0.010,-0.355,2,+0.000,+0.000,+0.05233,+0.000,+1.308,+0.000,+0.000,-0.010,+1.298,2,+0.000,+0.000,-0.076,+0.759
DRV,728998,+0.0000,+0.0000,+0.0000,+0.0000,+0.0000,+0.0000,+0.000,+0.000,-0.00498,+0.0031,+0.0000,-0.126,+0.000,+0.000,-0.05456,+0.000,-1.364,+0.000,+0.000,-0.010,-1.374,2,+0.000,+0.000,+0.04495,+0.000,+1.124,+0.000,+0.000,-0.010,+1.114,0,+0.000,+0.000,-0.01380,+0.000,-0.345,+0.000,+0.000,-0.010,-0.355,2,+0.000,+0.000,+0.05233,+0.000,+1.308,+0.000,+0.000,-0.010,+1.298,0,+0.000,+0.000,-0.076,+0.759
DRV,729002,+0.0000,+0.0000,+0.0000,+0.0000,+0.0000,+0.0000,+0.000,+0.000,-0.00497,+0.0021,+0.0000,-0.083,+0.000,+0.000,-0.05456,+0.000,-1.364,+0.000,+0.000,-0.007,-1.371,0,+0.000,+0.000,+0.04495,+0.000,+1.124,+0.000,+0.000,-0.007,+1.117,0,+0.000,+0.000,-0.01380,+0.000,-0.345,+0.000,+0.000,-0.007,-0.352,0,+0.000,+0.000,+0.05233,+0.000,+1.308,+0.000,+0.000,-0.007,+1.302,0,+0.000,+0.000,-0.069,+0.765
DRV,729006,+0.0000,+0.0000,+0.0000,+0.0000,+0.0000,+0.0000,+0.000,+0.000,-0.00497,+0.0010,+0.0000,-0.040,+0.000,+0.000,-0.05456,+0.000,-1.364,+0.000,+0.000,-0.003,-1.367,0,+0.000,+0.000,+0.04495,+0.000,+1.124,+0.000,+0.000,-0.003,+1.120,2,+0.000,+0.000,-0.01380,+0.000,-0.345,+0.000,+0.000,-0.003,-0.348,0,+0.000,+0.000,+0.05233,+0.000,+1.308,+0.000,+0.000,-0.003,+1.305,2,+0.000,+0.000,-0.062,+0.772
DRV,729010,+0.0000,+0.0000,+0.0000,+0.0000,+0.0000,+0.0000,+0.000,+0.000,-0.00496,+0.0029,+0.0000,-0.115,+0.000,+0.000,-0.05456,+0.000,-1.364,+0.000,+0.000,-0.009,-1.373,2,+0.000,+0.000,+0.04495,+0.000,+1.124,+0.000,+0.000,-0.009,+1.114,2,+0.000,+0.000,-0.01380,+0.000,-0.345,+0.000,+0.000,-0.009,-0.354,2,+0.000,+0.000,+0.05233,+0.000,+1.308,+0.000,+0.000,-0.009,+1.299,2,+0.000,+0.000,-0.074,+0.760
DRV,729014,+0.0000,+0.0000,+0.0000,+0.0000,+0.0000,+0.0000,+0.000,+0.000,-0.00494,+0.0047,+0.0000,-0.189,+0.000,+0.000,-0.05456,+0.000,-1.364,+0.000,+0.000,-0.015,-1.379,2,+0.000,+0.000,+0.04495,+0.000,+1.124,+0.000,+0.000,-0.015,+1.109,2,+0.000,-0.000,-0.01380,-0.000,-0.345,+0.001,+0.000,-0.015,-0.359,2,+0.000,+0.000,+0.05233,+0.000,+1.308,+0.000,+0.000,-0.015,+1.293,2,+0.000,-0.000,-0.086,+0.749
DRV,729018,+0.0000,+0.0000,+0.0000,+0.0000,+0.0000,+0.0000,+0.000,+0.000,-0.00492,+0.0036,+0.0000,-0.146,+0.000,+0.000,-0.05456,+0.000,-1.364,+0.000,+0.000,-0.012,-1.376,2,+0.000,+0.000,+0.04495,+0.000,+1.124,+0.000,+0.000,-0.012,+1.112,2,+0.000,+0.000,-0.01380,+0.000,-0.345,+0.000,+0.000,-0.012,-0.357,2,+0.000,+0.000,+0.05233,+0.000,+1.308,+0.000,+0.000,-0.012,+1.297,2,+0.000,+0.000,-0.079,+0.755
DRV,729022,+0.0000,+0.0000,+0.0000,+0.0000,+0.0000,+0.0000,+0.000,+0.000,-0.00491,+0.0026,+0.0000,-0.103,+0.000,+0.000,-0.05456,+0.000,-1.364,+0.000,+0.000,-0.008,-1.372,2,+0.000,+0.000,+0.04495,+0.000,+1.124,+0.000,+0.000,-0.008,+1.115,2,+0.000,+0.000,-0.01380,+0.000,-0.345,+0.000,+0.000,-0.008,-0.353,2,+0.000,+0.000,+0.05233,+0.000,+1.308,+0.000,+0.000,-0.008,+1.300,2,+0.000,+0.000,-0.072,+0.762
DRV,729026,+0.0000,+0.0000,+0.0000,+0.0000,+0.0000,+0.0000,+0.000,+0.000,-0.00490,+0.0028,+0.0000,-0.113,+0.000,+0.000,-0.05456,+0.000,-1.364,+0.000,+0.000,-0.009,-1.373,2,+0.000,+0.000,+0.04495,+0.000,+1.124,+0.000,+0.000,-0.009,+1.115,2,+0.000,+0.000,-0.01380,+0.000,-0.345,+0.000,+0.000,-0.009,-0.354,2,+0.000,+0.000,+0.05233,+0.000,+1.308,+0.000,+0.000,-0.009,+1.299,2,+0.000,+0.000,-0.074,+0.761
DRV,729030,+0.0000,+0.0000,+0.0000,+0.0000,+0.0000,+0.0000,+0.000,+0.000,-0.00489,+0.0031,+0.0000,-0.124,+0.000,+0.000,-0.05456,+0.000,-1.364,+0.000,+0.000,-0.010,-1.374,2,+0.000,+0.000,+0.04495,+0.000,+1.124,+0.000,+0.000,-0.010,+1.114,2,+0.000,+0.000,-0.01380,+0.000,-0.345,+0.000,+0.000,-0.010,-0.355,2,+0.000,+0.000,+0.05233,+0.000,+1.308,+0.000,+0.000,-0.010,+1.298,2,+0.000,+0.000,-0.076,+0.759
DRV,729034,+0.0000,+0.0000,+0.0000,+0.0000,+0.0000,+0.0000,+0.000,+0.000,-0.00488,+0.0023,+0.0000,-0.092,+0.000,+0.000,-0.05456,+0.000,-1.364,+0.000,+0.000,-0.007,-1.371,2,+0.000,+0.000,+0.04495,+0.000,+1.124,+0.000,+0.000,-0.007,+1.116,2,+0.000,+0.000,-0.01380,+0.000,-0.345,+0.000,+0.000,-0.007,-0.352,2,+0.000,+0.000,+0.05233,+0.000,+1.308,+0.000,+0.000,-0.007,+1.301,0,+0.000,+0.000,-0.070,+0.764
DRV,729038,+0.0000,+0.0000,+0.0000,+0.0000,+0.0000,+0.0000,+0.000,+0.000,-0.00487,+0.0015,+0.0000,-0.060,+0.000,+0.000,-0.05456,+0.000,-1.364,+0.000,+0.000,-0.005,-1.369,2,+0.000,+0.000,+0.04495,+0.000,+1.124,+0.000,+0.000,-0.005,+1.119,0,+0.000,+0.000,-0.01380,+0.000,-0.345,+0.000,+0.000,-0.005,-0.350,0,+0.000,+0.000,+0.05233,+0.000,+1.308,+0.000,+0.000,-0.005,+1.304,0,+0.000,+0.000,-0.065,+0.769
DRV,729042,+0.0000,+0.0000,+0.0000,+0.0000,+0.0000,+0.0000,+0.000,+0.000,-0.00487,+0.0023,+0.0000,-0.091,+0.000,+0.000,-0.05456,+0.000,-1.364,+0.000,+0.000,-0.007,-1.371,0,+0.000,+0.000,+0.04495,+0.000,+1.124,+0.000,+0.000,-0.007,+1.116,2,+0.000,+0.000,-0.01380,+0.000,-0.345,+0.000,+0.000,-0.007,-0.352,0,+0.000,+0.000,+0.05233,+0.000,+1.308,+0.000,+0.000,-0.007,+1.301,2,+0.000,+0.000,-0.070,+0.764
DRV,729046,+0.0000,+0.0000,+0.0000,+0.0000,+0.0000,+0.0000,+0.000,+0.000,-0.00485,+0.0031,+0.0000,-0.123,+0.000,+0.000,-0.05456,+0.000,-1.364,+0.000,+0.000,-0.010,-1.374,2,+0.000,+0.000,+0.04495,+0.000,+1.124,+0.000,+0.000,-0.010,+1.114,2,+0.000,+0.000,-0.01380,+0.000,-0.345,+0.000,+0.000,-0.010,-0.355,2,+0.000,+0.000,+0.05233,+0.000,+1.308,+0.000,+0.000,-0.010,+1.298,2,+0.000,+0.000,-0.076,+0.759
DRV,729050,+0.0000,+0.0000,+0.0000,+0.0000,+0.0000,+0.0000,+0.000,+0.000,-0.00484,+0.0025,+0.0000,-0.102,+0.000,+0.000,-0.05456,+0.000,-1.364,+0.000,+0.000,-0.008,-1.372,2,+0.000,+0.000,+0.04495,+0.000,+1.124,+0.000,+0.000,-0.008,+1.116,2,+0.000,+0.000,-0.01380,+0.000,-0.345,+0.000,+0.000,-0.008,-0.353,2,+0.000,+0.000,+0.05233,+0.000,+1.308,+0.000,+0.000,-0.008,+1.300,2,+0.000,+0.000,-0.072,+0.762
DRV,729054,+0.0000,+0.0000,+0.0000,+0.0000,+0.0000,+0.0000,+0.000,+0.000,-0.00483,+0.0020,+0.0000,-0.080,+0.000,+0.000,-0.05456,+0.000,-1.364,+0.000,+0.000,-0.006,-1.371,2,+0.000,+0.000,+0.04495,+0.000,+1.124,+0.000,+0.000,-0.006,+1.117,2,+0.000,+0.000,-0.01380,+0.000,-0.345,+0.000,+0.000,-0.006,-0.351,2,+0.000,+0.000,+0.05233,+0.000,+1.308,+0.000,+0.000,-0.006,+1.302,2,+0.000,+0.000,-0.069,+0.766
DRV,729058,+0.0000,+0.0000,+0.0000,+0.0000,+0.0000,+0.0000,+0.000,+0.000,-0.00483,+0.0025,+0.0000,-0.101,+0.000,+0.000,-0.05456,+0.000,-1.364,+0.000,+0.000,-0.008,-1.372,2,+0.000,+0.000,+0.04495,+0.000,+1.124,+0.000,+0.000,-0.008,+1.116,2,+0.000,+0.000,-0.01380,+0.000,-0.345,+0.000,+0.000,-0.008,-0.353,2,+0.000,+0.000,+0.05233,+0.000,+1.308,+0.000,+0.000,-0.008,+1.300,2,+0.000,+0.000,-0.072,+0.762
DRV,729062,+0.0000,+0.0000,+0.0000,+0.0000,+0.0000,+0.0000,+0.000,+0.000,-0.00481,+0.0031,+0.0000,-0.122,+0.000,+0.000,-0.05456,+0.000,-1.364,+0.000,+0.000,-0.010,-1.374,2,+0.000,+0.000,+0.04495,+0.000,+1.124,+0.000,+0.000,-0.010,+1.114,2,+0.000,+0.000,-0.01380,+0.000,-0.345,+0.000,+0.000,-0.010,-0.355,2,+0.000,+0.000,+0.05233,+0.000,+1.308,+0.000,+0.000,-0.010,+1.299,2,+0.000,+0.000,-0.075,+0.759
DRV,729066,+0.0000,+0.0000,+0.0000,+0.0000,+0.0000,+0.0000,+0.000,+0.000,-0.00480,+0.0025,+0.0000,-0.101,+0.000,+0.000,-0.05456,+0.000,-1.364,+0.000,+0.000,-0.008,-1.372,2,+0.000,+0.000,+0.04495,+0.000,+1.124,+0.000,+0.000,-0.008,+1.116,2,+0.000,+0.000,-0.01380,+0.000,-0.345,+0.000,+0.000,-0.008,-0.353,2,+0.000,+0.000,+0.05233,+0.000,+1.308,+0.000,+0.000,-0.008,+1.300,2,+0.000,+0.000,-0.072,+0.763
DRV,729070,+0.0000,+0.0000,+0.0000,+0.0000,+0.0000,+0.0000,+0.000,+0.000,-0.00479,+0.0020,+0.0000,-0.079,+0.000,+0.000,-0.05456,+0.000,-1.364,+0.000,+0.000,-0.006,-1.370,2,+0.000,+0.000,+0.04495,+0.000,+1.124,+0.000,+0.000,-0.006,+1.117,2,+0.000,+0.000,-0.01380,+0.000,-0.345,+0.000,+0.000,-0.006,-0.351,2,+0.000,+0.000,+0.05233,+0.000,+1.308,+0.000,+0.000,-0.006,+1.302,2,+0.000,+0.000,-0.069,+0.766
DRV,729074,+0.0000,+0.0000,+0.0000,+0.0000,+0.0000,+0.0000,+0.000,+0.000,-0.00479,+0.0014,+0.0000,-0.058,+0.000,+0.000,-0.05456,+0.000,-1.364,+0.000,+0.000,-0.005,-1.369,2,+0.000,+0.000,+0.04495,+0.000,+1.124,+0.000,+0.000,-0.005,+1.119,0,+0.000,+0.000,-0.01380,+0.000,-0.345,+0.000,+0.000,-0.005,-0.350,2,+0.000,+0.000,+0.05233,+0.000,+1.308,+0.000,+0.000,-0.005,+1.304,0,+0.000,+0.000,-0.065,+0.769
DRV,729078,+0.0000,+0.0000,+0.0000,+0.0000,+0.0000,+0.0000,+0.000,+0.000,-0.00478,+0.0009,+0.0000,-0.036,+0.000,+0.000,-0.05456,+0.000,-1.364,+0.000,+0.000,-0.003,-1.367,0,+0.000,+0.000,+0.04495,+0.000,+1.124,+0.000,+0.000,-0.003,+1.121,0,+0.000,+0.000,-0.01380,+0.000,-0.345,+0.000,+0.000,-0.003,-0.348,0,+0.000,+0.000,+0.05233,+0.000,+1.308,+0.000,+0.000,-0.003,+1.305,0,+0.000,+0.000,-0.062,+0.773
DRV,729082,+0.0000,+0.0000,+0.0000,+0.0000,+0.0000,+0.0000,+0.000,+0.000,-0.00478,+0.0012,+0.0000,-0.047,+0.000,+0.000,-0.05456,+0.000,-1.364,+0.000,+0.000,-0.004,-1.368,0,+0.000,+0.000,+0.04495,+0.000,+1.124,+0.000,+0.000,-0.004,+1.120,2,+0.000,+0.000,-0.01380,+0.000,-0.345,+0.000,+0.000,-0.004,-0.349,0,+0.000,+0.000,+0.05233,+0.000,+1.308,+0.000,+0.000,-0.004,+1.305,2,+0.000,+0.000,-0.063,+0.771
DRV,729086,+0.0000,+0.0000,+0.0000,+0.0000,+0.0000,+0.0000,+0.000,+0.000,-0.00477,+0.0014,+0.0000,-0.058,+0.000,+0.000,-0.05456,+0.000,-1.364,+0.000,+0.000,-0.005,-1.369,2,+0.000,+0.000,+0.04495,+0.000,+1.124,+0.000,+0.000,-0.005,+1.119,2,+0.000,+0.000,-0.01380,+0.000,-0.345,+0.000,+0.000,-0.005,-0.350,2,+0.000,+0.000,+0.05233,+0.000,+1.308,+0.000,+0.000,-0.005,+1.304,2,+0.000,+0.000,-0.065,+0.769
DRV,729090,+0.0000,+0.0000,+0.0000,+0.0000,+0.0000,+0.0000,+0.000,+0.000,-0.00477,+0.0020,+0.0000,-0.079,+0.000,+0.000,-0.05456,+0.000,-1.364,+0.000,+0.000,-0.006,-1.370,2,+0.000,+0.000,+0.04495,+0.000,+1.124,+0.000,+0.000,-0.006,+1.117,2,+0.000,+0.000,-0.01380,+0.000,-0.345,+0.000,+0.000,-0.006,-0.351,2,+0.000,+0.000,+0.05233,+0.000,+1.308,+0.000,+0.000,-0.006,+1.302,2,+0.000,+0.000,-0.068,+0.766
DRV,729094,+0.0000,+0.0000,+0.0000,+0.0000,+0.0000,+0.0000,+0.000,+0.000,-0.00476,+0.0025,+0.0000,-0.100,+0.000,+0.000,-0.05456,+0.000,-1.364,+0.000,+0.000,-0.008,-1.372,2,+0.000,+0.000,+0.04495,+0.000,+1.124,+0.000,+0.000,-0.008,+1.116,2,+0.000,+0.000,-0.01380,+0.000,-0.345,+0.000,+0.000,-0.008,-0.353,2,+0.000,+0.000,+0.05233,+0.000,+1.308,+0.000,+0.000,-0.008,+1.300,2,+0.000,+0.000,-0.072,+0.763
DRV,729098,+0.0000,+0.0000,+0.0000,+0.0000,+0.0000,+0.0000,+0.000,+0.000,-0.00475,+0.0020,+0.0000,-0.078,+0.000,+0.000,-0.05456,+0.000,-1.364,+0.000,+0.000,-0.006,-1.370,2,+0.000,+0.000,+0.04495,+0.000,+1.124,+0.000,+0.000,-0.006,+1.117,2,+0.000,+0.000,-0.01380,+0.000,-0.345,+0.000,+0.000,-0.006,-0.351,2,+0.000,+0.000,+0.05233,+0.000,+1.308,+0.000,+0.000,-0.006,+1.302,2,+0.000,+0.000,-0.068,+0.766
DRV,729102,+0.0000,+0.0000,+0.0000,+0.0000,+0.0000,+0.0000,+0.000,+0.000,-0.00474,+0.0014,+0.0000,-0.057,+0.000,+0.000,-0.05456,+0.000,-1.364,+0.000,+0.000,-0.005,-1.369,2,+0.000,+0.000,+0.04495,+0.000,+1.124,+0.000,+0.000,-0.005,+1.119,2,+0.000,+0.000,-0.01380,+0.000,-0.345,+0.000,+0.000,-0.005,-0.350,2,+0.000,+0.000,+0.05233,+0.000,+1.308,+0.000,+0.000,-0.005,+1.304,2,+0.000,+0.000,-0.065,+0.770
DRV,729106,+0.0000,+0.0000,+0.0000,+0.0000,+0.0000,+0.0000,+0.000,+0.000,-0.00474,+0.0017,+0.0000,-0.067,+0.000,+0.000,-0.05456,+0.000,-1.364,+0.000,+0.000,-0.005,-1.370,2,+0.000,+0.000,+0.04495,+0.000,+1.124,+0.000,+0.000,-0.005,+1.118,2,+0.000,+0.000,-0.01380,+0.000,-0.345,+0.000,+0.000,-0.005,-0.350,2,+0.000,+0.000,+0.05233,+0.000,+1.308,+0.000,+0.000,-0.005,+1.303,2,+0.000,+0.000,-0.067,+0.768
DRV,729110,+0.0000,+0.0000,+0.0000,+0.0000,+0.0000,+0.0000,+0.000,+0.000,-0.00473,+0.0019,+0.0000,-0.078,+0.000,+0.000,-0.05456,+0.000,-1.364,+0.000,+0.000,-0.006,-1.370,2,+0.000,+0.000,+0.04495,+0.000,+1.124,+0.000,+0.000,-0.006,+1.117,0,+0.000,+0.000,-0.01380,+0.000,-0.345,+0.000,+0.000,-0.006,-0.351,2,+0.000,+0.000,+0.05233,+0.000,+1.308,+0.000,+0.000,-0.006,+1.302,0,+0.000,+0.000,-0.068,+0.766
DRV,729114,+0.0000,+0.0000,+0.0000,+0.0000,+0.0000,+0.0000,+0.000,+0.000,-0.00472,+0.0025,+0.0000,-0.099,+0.000,+0.000,-0.05456,+0.000,-1.364,+0.000,+0.000,-0.008,-1.372,0,+0.000,+0.000,+0.04495,+0.000,+1.124,+0.000,+0.000,-0.008,+1.116,0,+0.000,+0.000,-0.01380,+0.000,-0.345,+0.000,+0.000,-0.008,-0.353,0,+0.000,+0.000,+0.05233,+0.000,+1.308,+0.000,+0.000,-0.008,+1.300,0,+0.000,+0.000,-0.072,+0.763
DRV,729118,+0.0000,+0.0000,+0.0000,+0.0000,+0.0000,+0.0000,+0.000,+0.000,-0.00471,+0.0025,+0.0000,-0.099,+0.000,+0.000,-0.05456,+0.000,-1.364,+0.000,+0.000,-0.008,-1.372,0,+0.000,+0.000,+0.04495,+0.000,+1.124,+0.000,+0.000,-0.008,+1.116,2,+0.000,+0.000,-0.01380,+0.000,-0.345,+0.000,+0.000,-0.008,-0.353,0,+0.000,+0.000,+0.05233,+0.000,+1.308,+0.000,+0.000,-0.008,+1.300,2,+0.000,+0.000,-0.072,+0.763
DRV,729122,+0.0000,+0.0000,+0.0000,+0.0000,+0.0000,+0.0000,+0.000,+0.000,-0.00470,+0.0030,+0.0000,-0.120,+0.000,+0.000,-0.05456,+0.000,-1.364,+0.000,+0.000,-0.010,-1.374,2,+0.000,+0.000,+0.04495,+0.000,+1.124,+0.000,+0.000,-0.010,+1.114,2,+0.000,+0.000,-0.01380,+0.000,-0.345,+0.000,+0.000,-0.010,-0.355,2,+0.000,+0.000,+0.05233,+0.000,+1.308,+0.000,+0.000,-0.010,+1.299,2,+0.000,+0.000,-0.075,+0.759
DRV,729126,+0.0000,+0.0000,+0.0000,+0.0000,+0.0000,+0.0000,+0.000,+0.000,-0.00469,+0.0030,+0.0000,-0.120,+0.000,+0.000,-0.05456,+0.000,-1.364,+0.000,+0.000,-0.010,-1.374,2,+0.000,+0.000,+0.04495,+0.000,+1.124,+0.000,+0.000,-0.010,+1.114,2,+0.000,+0.000,-0.01380,+0.000,-0.345,+0.000,+0.000,-0.010,-0.355,2,+0.000,+0.000,+0.05233,+0.000,+1.308,+0.000,+0.000,-0.010,+1.299,2,+0.000,+0.000,-0.075,+0.760
DRV,729130,+0.0000,+0.0000,+0.0000,+0.0000,+0.0000,+0.0000,+0.000,+0.000,-0.00468,+0.0014,+0.0000,-0.056,+0.000,+0.000,-0.05456,+0.000,-1.364,+0.000,+0.000,-0.004,-1.369,2,+0.000,+0.000,+0.04495,+0.000,+1.124,+0.000,+0.000,-0.004,+1.119,2,+0.000,+0.000,-0.01380,+0.000,-0.345,+0.000,+0.000,-0.004,-0.349,2,+0.000,+0.000,+0.05233,+0.000,+1.308,+0.000,+0.000,-0.004,+1.304,2,+0.000,+0.000,-0.065,+0.770
DRV,729134,+0.0000,+0.0000,+0.0000,+0.0000,+0.0000,+0.0000,+0.000,+0.000,-0.00467,+0.0014,+0.0000,-0.056,+0.000,+0.000,-0.05456,+0.000,-1.364,+0.000,+0.000,-0.004,-1.369,2,+0.000,+0.000,+0.04495,+0.000,+1.124,+0.000,+0.000,-0.004,+1.119,2,+0.000,+0.000,-0.01380,+0.000,-0.345,+0.000,+0.000,-0.004,-0.349,2,+0.000,+0.000,+0.05233,+0.000,+1.308,+0.000,+0.000,-0.004,+1.304,2,+0.000,+0.000,-0.065,+0.770
DRV,729138,+0.0000,+0.0000,+0.0000,+0.0000,+0.0000,+0.0000,+0.000,+0.000,-0.00466,+0.0024,+0.0000,-0.098,+0.000,+0.000,-0.05456,+0.000,-1.364,+0.000,+0.000,-0.008,-1.372,2,+0.000,+0.000,+0.04495,+0.000,+1.124,+0.000,+0.000,-0.008,+1.116,2,+0.000,+0.000,-0.01380,+0.000,-0.345,+0.000,+0.000,-0.008,-0.353,2,+0.000,+0.000,+0.05233,+0.000,+1.308,+0.000,+0.000,-0.008,+1.300,2,+0.000,+0.000,-0.072,+0.763
DRV,729142,+0.0000,+0.0000,+0.0000,+0.0000,+0.0000,+0.0000,+0.000,+0.000,-0.00465,+0.0024,+0.0000,-0.098,+0.000,+0.000,-0.05456,+0.000,-1.364,+0.000,+0.000,-0.008,-1.372,2,+0.000,+0.000,+0.04495,+0.000,+1.124,+0.000,+0.000,-0.008,+1.116,2,+0.000,+0.000,-0.01380,+0.000,-0.345,+0.000,+0.000,-0.008,-0.353,2,+0.000,+0.000,+0.05233,+0.000,+1.308,+0.000,+0.000,-0.008,+1.300,2,+0.000,+0.000,-0.071,+0.763
DRV,729146,+0.0000,+0.0000,+0.0000,+0.0000,+0.0000,+0.0000,+0.000,+0.000,-0.00465,+0.0019,+0.0000,-0.076,+0.000,+0.000,-0.05456,+0.000,-1.364,+0.000,+0.000,-0.006,-1.370,2,+0.000,+0.000,+0.04495,+0.000,+1.124,+0.000,+0.000,-0.006,+1.118,0,+0.000,+0.000,-0.01380,+0.000,-0.345,+0.000,+0.000,-0.006,-0.351,2,+0.000,+0.000,+0.05233,+0.000,+1.308,+0.000,+0.000,-0.006,+1.302,0,+0.000,+0.000,-0.068,+0.766
DRV,729150,+0.0000,+0.0000,+0.0000,+0.0000,+0.0000,+0.0000,+0.000,+0.000,-0.00464,+0.0019,+0.0000,-0.076,+0.000,+0.000,-0.05456,+0.000,-1.364,+0.000,+0.000,-0.006,-1.370,2,+0.000,+0.000,+0.04495,+0.000,+1.124,+0.000,+0.000,-0.006,+1.118,0,+0.000,+0.000,-0.01380,+0.000,-0.345,+0.000,+0.000,-0.006,-0.351,0,+0.000,+0.000,+0.05233,+0.000,+1.308,+0.000,+0.000,-0.006,+1.302,0,+0.000,+0.000,-0.068,+0.766
DRV,729154,+0.0000,+0.0000,+0.0000,+0.0000,+0.0000,+0.0000,+0.000,+0.000,-0.00463,+0.0024,+0.0000,-0.097,+0.000,+0.000,-0.05456,+0.000,-1.364,+0.000,+0.000,-0.008,-1.372,0,+0.000,+0.000,+0.04495,+0.000,+1.124,+0.000,+0.000,-0.008,+1.116,2,+0.000,+0.000,-0.01380,+0.000,-0.345,+0.000,+0.000,-0.008,-0.353,0,+0.000,+0.000,+0.05233,+0.000,+1.308,+0.000,+0.000,-0.008,+1.301,2,+0.000,+0.000,-0.071,+0.763
DRV,729158,+0.0000,+0.0000,+0.0000,+0.0000,+0.0000,+0.0000,+0.000,+0.000,-0.00462,+0.0024,+0.0000,-0.097,+0.000,+0.000,-0.05456,+0.000,-1.364,+0.000,+0.000,-0.008,-1.372,2,+0.000,+0.000,+0.04495,+0.000,+1.124,+0.000,+0.000,-0.008,+1.116,2,+0.000,+0.000,-0.01380,+0.000,-0.345,+0.000,+0.000,-0.008,-0.353,2,+0.000,+0.000,+0.05233,+0.000,+1.308,+0.000,+0.000,-0.008,+1.301,2,+0.000,+0.000,-0.071,+0.763
DRV,729162,+0.0000,+0.0000,+0.0000,+0.0000,+0.0000,+0.0000,+0.000,+0.000,-0.00461,+0.0030,+0.0000,-0.118,+0.000,+0.000,-0.05456,+0.000,-1.364,+0.000,+0.000,-0.009,-1.374,2,+0.000,+0.000,+0.04495,+0.000,+1.124,+0.000,+0.000,-0.009,+1.114,2,+0.000,+0.000,-0.01380,+0.000,-0.345,+0.000,+0.000,-0.009,-0.354,2,+0.000,+0.000,+0.05233,+0.000,+1.308,+0.000,+0.000,-0.009,+1.299,2,+0.000,+0.000,-0.075,+0.760
DRV,729166,+0.0000,+0.0000,+0.0000,+0.0000,+0.0000,+0.0000,+0.000,+0.000,-0.00460,+0.0029,+0.0000,-0.118,+0.000,+0.000,-0.05456,+0.000,-1.364,+0.000,+0.000,-0.009,-1.374,2,+0.000,+0.000,+0.04495,+0.000,+1.124,+0.000,+0.000,-0.009,+1.114,2,+0.000,+0.000,-0.01380,+0.000,-0.345,+0.000,+0.000,-0.009,-0.354,2,+0.000,+0.000,+0.05233,+0.000,+1.308,+0.000,+0.000,-0.009,+1.299,2,+0.000,+0.000,-0.075,+0.760
DRV,729170,+0.0000,+0.0000,+0.0000,+0.0000,+0.0000,+0.0000,+0.000,+0.000,-0.00458,+0.0035,+0.0000,-0.139,+0.000,+0.000,-0.05456,+0.000,-1.364,+0.000,+0.000,-0.011,-1.375,2,+0.000,+0.000,+0.04495,+0.000,+1.124,+0.000,+0.000,-0.011,+1.113,2,+0.000,+0.000,-0.01380,+0.000,-0.345,+0.000,+0.000,-0.011,-0.356,2,+0.000,+0.000,+0.05233,+0.000,+1.308,+0.000,+0.000,-0.011,+1.297,2,+0.000,+0.000,-0.078,+0.756
DRV,729174,+0.0000,+0.0000,+0.0000,+0.0000,+0.0000,+0.0000,+0.000,+0.000,-0.00457,+0.0035,+0.0000,-0.139,+0.000,+0.000,-0.05456,+0.000,-1.364,+0.000,+0.000,-0.011,-1.375,2,+0.000,+0.000,+0.04495,+0.000,+1.124,+0.000,+0.000,-0.011,+1.113,2,+0.000,+0.000,-0.01380,+0.000,-0.345,+0.000,+0.000,-0.011,-0.356,2,+0.000,+0.000,+0.05233,+0.000,+1.308,+0.000,+0.000,-0.011,+1.297,2,+0.000,+0.000,-0.078,+0.756
DRV,729178,+0.0000,+0.0000,+0.0000,+0.0000,+0.0000,+0.0000,+0.000,+0.000,-0.00456,+0.0019,+0.0000,-0.075,+0.000,+0.000,-0.05456,+0.000,-1.364,+0.000,+0.000,-0.006,-1.370,2,+0.000,+0.000,+0.04495,+0.000,+1.124,+0.000,+0.000,-0.006,+1.118,2,+0.000,+0.000,-0.01380,+0.000,-0.345,+0.000,+0.000,-0.006,-0.351,2,+0.000,+0.000,+0.05233,+0.000,+1.308,+0.000,+0.000,-0.006,+1.302,2,+0.000,+0.000,-0.068,+0.767
DRV,729182,+0.0000,+0.0000,+0.0000,+0.0000,+0.0000,+0.0000,+0.000,+0.000,-0.00455,+0.0019,+0.0000,-0.074,+0.000,+0.000,-0.05456,+0.000,-1.364,+0.000,+0.000,-0.006,-1.370,2,+0.000,+0.000,+0.04495,+0.000,+1.124,+0.000,+0.000,-0.006,+1.118,2,+0.000,+0.000,-0.01380,+0.000,-0.345,+0.000,+0.000,-0.006,-0.351,2,+0.000,+0.000,+0.05233,+0.000,+1.308,+0.000,+0.000,-0.006,+1.302,2,+0.000,+0.000,-0.068,+0.767
DRV,729186,+0.0000,+0.0000,+0.0000,+0.0000,+0.0000,+0.0000,+0.000,+0.000,-0.00454,+0.0024,+0.0000,-0.096,+0.000,+0.000,-0.05456,+0.000,-1.364,+0.000,+0.000,-0.008,-1.372,2,+0.000,+0.000,+0.04495,+0.000,+1.124,+0.000,+0.000,-0.008,+1.116,0,+0.000,+0.000,-0.01380,+0.000,-0.345,+0.000,+0.000,-0.008,-0.353,2,+0.000,+0.000,+0.05233,+0.000,+1.308,+0.000,+0.000,-0.008,+1.301,0,+0.000,+0.000,-0.071,+0.763
DRV,729190,+0.0000,+0.0000,+0.0000,+0.0000,+0.0000,+0.0000,+0.000,+0.000,-0.00453,+0.0024,+0.0000,-0.095,+0.000,+0.000,-0.05456,+0.000,-1.364,+0.000,+0.000,-0.008,-1.372,0,+0.000,+0.000,+0.04495,+0.000,+1.124,+0.000,+0.000,-0.008,+1.116,0,+0.000,+0.000,-0.01380,+0.000,-0.345,+0.000,+0.000,-0.008,-0.353,0,+0.000,+0.000,+0.05233,+0.000,+1.308,+0.000,+0.000,-0.008,+1.301,2,+0.000,+0.000,-0.071,+0.763
DRV,729194,+0.0000,+0.0000,+0.0000,+0.0000,+0.0000,+0.0000,+0.000,+0.000,-0.00453,+0.0018,+0.0000,-0.074,+0.000,+0.000,-0.05456,+0.000,-1.364,+0.000,+0.000,-0.006,-1.370,0,+0.000,+0.000,+0.04495,+0.000,+1.124,+0.000,+0.000,-0.006,+1.118,2,+0.000,+0.000,-0.01380,+0.000,-0.345,+0.000,+0.000,-0.006,-0.351,2,+0.000,+0.000,+0.05233,+0.000,+1.308,+0.000,+0.000,-0.006,+1.302,2,+0.000,+0.000,-0.068,+0.767
DRV,729198,+0.0000,+0.0000,+0.0000,+0.0000,+0.0000,+0.0000,+0.000,+0.000,-0.00452,+0.0018,+0.0000,-0.074,+0.000,+0.000,-0.05456,+0.000,-1.364,+0.000,+0.000,-0.006,-1.370,2,+0.000,+0.000,+0.04495,+0.000,+1.124,+0.000,+0.000,-0.006,+1.118,2,+0.000,+0.000,-0.01380,+0.000,-0.345,+0.000,+0.000,-0.006,-0.351,2,+0.000,+0.000,+0.05233,+0.000,+1.308,+0.000,+0.000,-0.006,+1.302,2,+0.000,+0.000,-0.068,+0.767
DRV,729202,+0.0000,+0.0000,+0.0000,+0.0000,+0.0000,+0.0000,+0.000,+0.000,-0.00451,+0.0029,+0.0000,-0.116,+0.000,+0.000,-0.05456,+0.000,-1.364,+0.000,+0.000,-0.009,-1.373,2,+0.000,+0.000,+0.04495,+0.000,+1.124,+0.000,+0.000,-0.009,+1.114,2,+0.000,+0.000,-0.01380,+0.000,-0.345,+0.000,+0.000,-0.009,-0.354,2,+0.000,+0.000,+0.05233,+0.000,+1.308,+0.000,+0.000,-0.009,+1.299,2,+0.000,+0.000,-0.074,+0.760
DRV,729206,+0.0000,+0.0000,+0.0000,+0.0000,+0.0000,+0.0000,+0.000,+0.000,-0.00450,+0.0029,+0.0000,-0.116,+0.000,+0.000,-0.05456,+0.000,-1.364,+0.000,+0.000,-0.009,-1.373,2,+0.000,+0.000,+0.04495,+0.000,+1.124,+0.000,+0.000,-0.009,+1.114,2,+0.000,+0.000,-0.01380,+0.000,-0.345,+0.000,+0.000,-0.009,-0.354,2,+0.000,+0.000,+0.05233,+0.000,+1.308,+0.000,+0.000,-0.009,+1.299,2,+0.000,+0.000,-0.074,+0.760
DRV,729210,+0.0000,+0.0000,+0.0000,+0.0000,+0.0000,+0.0000,+0.000,+0.000,-0.00449,+0.0013,+0.0000,-0.052,+0.000,+0.000,-0.05456,+0.000,-1.364,+0.000,+0.000,-0.004,-1.368,2,+0.000,+0.000,+0.04495,+0.000,+1.124,+0.000,+0.000,-0.004,+1.119,2,+0.000,+0.000,-0.01380,+0.000,-0.345,+0.000,+0.000,-0.004,-0.349,2,+0.000,+0.000,+0.05233,+0.000,+1.308,+0.000,+0.000,-0.004,+1.304,2,+0.000,+0.000,-0.064,+0.770
DRV,729214,+0.0000,+0.0000,+0.0000,+0.0000,+0.0000,+0.0000,+0.000,+0.000,-0.00449,+0.0013,+0.0000,-0.052,+0.000,+0.000,-0.05456,+0.000,-1.364,+0.000,+0.000,-0.004,-1.368,2,+0.000,+0.000,+0.04495,+0.000,+1.124,+0.000,+0.000,-0.004,+1.120,2,+0.000,+0.000,-0.01380,+0.000,-0.345,+0.000,+0.000,-0.004,-0.349,2,+0.000,+0.000,+0.05233,+0.000,+1.308,+0.000,+0.000,-0.004,+1.304,2,+0.000,+0.000,-0.064,+0.770
DRV,729218,+0.0000,+0.0000,+0.0000,+0.0000,+0.0000,+0.0000,+0.000,+0.000,-0.00448,+0.0013,+0.0000,-0.052,+0.000,+0.000,-0.05456,+0.000,-1.364,+0.000,+0.000,-0.004,-1.368,2,+0.000,+0.000,+0.04495,+0.000,+1.124,+0.000,+0.000,-0.004,+1.120,2,+0.000,+0.000,-0.01380,+0.000,-0.345,+0.000,+0.000,-0.004,-0.349,2,+0.000,+0.000,+0.05233,+0.000,+1.308,+0.000,+0.000,-0.004,+1.304,2,+0.000,+0.000,-0.064,+0.770
DRV,729222,+0.0000,+0.0000,+0.0000,+0.0000,+0.0000,+0.0000,+0.000,+0.000,-0.00447,+0.0013,+0.0000,-0.052,+0.000,+0.000,-0.05456,+0.000,-1.364,+0.000,+0.000,-0.004,-1.368,2,+0.000,+0.000,+0.04495,+0.000,+1.124,+0.000,+0.000,-0.004,+1.120,0,+0.000,+0.000,-0.01380,+0.000,-0.345,+0.000,+0.000,-0.004,-0.349,2,+0.000,+0.000,+0.05233,+0.000,+1.308,+0.000,+0.000,-0.004,+1.304,0,+0.000,+0.000,-0.064,+0.770
DRV,729226,+0.0000,+0.0000,+0.0000,+0.0000,+0.0000,+0.0000,+0.000,+0.000,-0.00446,+0.0029,+0.0000,-0.115,+0.000,+0.000,-0.05456,+0.000,-1.364,+0.000,+0.000,-0.009,-1.373,0,+0.000,+0.000,+0.04495,+0.000,+1.124,+0.000,+0.000,-0.009,+1.114,0,+0.000,+0.000,-0.01380,+0.000,-0.345,+0.000,+0.000,-0.009,-0.354,0,+0.000,+0.000,+0.05233,+0.000,+1.308,+0.000,+0.000,-0.009,+1.299,0,+0.000,+0.000,-0.074,+0.760
DRV,729230,+0.0000,+0.0000,+0.0000,+0.0000,+0.0000,+0.0000,+0.000,+0.000,-0.00445,+0.0029,+0.0000,-0.115,+0.000,+0.000,-0.05456,+0.000,-1.364,+0.000,+0.000,-0.009,-1.373,0,+0.000,+0.000,+0.04495,+0.000,+1.124,+0.000,+0.000,-0.009,+1.114,2,+0.000,+0.000,-0.01380,+0.000,-0.345,+0.000,+0.000,-0.009,-0.354,0,+0.000,+0.000,+0.05233,+0.000,+1.308,+0.000,+0.000,-0.009,+1.299,2,+0.000,+0.000,-0.074,+0.760
DRV,729234,+0.0000,+0.0000,+0.0000,+0.0000,+0.0000,+0.0000,+0.000,+0.000,-0.00444,+0.0039,+0.0000,-0.157,+0.000,+0.000,-0.05456,+0.000,-1.364,+0.000,+0.000,-0.013,-1.377,2,+0.000,+0.000,+0.04495,+0.000,+1.124,+0.000,+0.000,-0.013,+1.111,2,+0.000,+0.000,-0.01380,+0.000,-0.345,+0.000,+0.000,-0.013,-0.358,2,+0.000,+0.000,+0.05233,+0.000,+1.308,+0.000,+0.000,-0.013,+1.296,2,+0.000,+0.000,-0.081,+0.753
DRV,729238,+0.0000,+0.0000,+0.0000,+0.0000,+0.0000,+0.0000,+0.000,+0.000,-0.00442,+0.0039,+0.0000,-0.157,+0.000,+0.000,-0.05456,+0.000,-1.364,+0.000,+0.000,-0.013,-1.377,2,+0.000,+0.000,+0.04495,+0.000,+1.124,+0.000,+0.000,-0.013,+1.111,2,+0.000,+0.000,-0.01380,+0.000,-0.345,+0.000,+0.000,-0.013,-0.358,2,+0.000,+0.000,+0.05233,+0.000,+1.308,+0.000,+0.000,-0.013,+1.296,2,+0.000,+0.000,-0.081,+0.754
DRV,729242,+0.0000,+0.0000,+0.0000,+0.0000,+0.0000,+0.0000,+0.000,+0.000,-0.00441,+0.0029,+0.0000,-0.114,+0.000,+0.000,-0.05456,+0.000,-1.364,+0.000,+0.000,-0.009,-1.373,2,+0.000,+0.000,+0.04495,+0.000,+1.124,+0.000,+0.000,-0.009,+1.115,2,+0.000,+0.000,-0.01380,+0.000,-0.345,+0.000,+0.000,-0.009,-0.354,2,+0.000,+0.000,+0.05233,+0.000,+1.308,+0.000,+0.000,-0.009,+1.299,2,+0.000,+0.000,-0.074,+0.760
DRV,729246,+0.0000,+0.0000,+0.0000,+0.0000,+0.0000,+0.0000,+0.000,+0.000,-0.00440,+0.0028,+0.0000,-0.114,+0.000,+0.000,-0.05456,+0.000,-1.364,+0.000,+0.000,-0.009,-1.373,2,+0.000,+0.000,+0.04495,+0.000,+1.124,+0.000,+0.000,-0.009,+1.115,2,+0.000,+0.000,-0.01380,+0.000,-0.345,+0.000,+0.000,-0.009,-0.354,2,+0.000,+0.000,+0.05233,+0.000,+1.308,+0.000,+0.000,-0.009,+1.299,2,+0.000,+0.000,-0.074,+0.760
DRV,729250,+0.0000,+0.0000,+0.0000,+0.0000,+0.0000,+0.0000,+0.000,+0.000,-0.00439,+0.0007,+0.0000,-0.029,+0.000,+0.000,-0.05456,+0.000,-1.364,+0.000,+0.000,-0.002,-1.366,2,+0.000,+0.000,+0.04495,+0.000,+1.124,+0.000,+0.000,-0.002,+1.121,2,+0.000,+0.000,-0.01380,+0.000,-0.345,+0.000,+0.000,-0.002,-0.347,2,+0.000,+0.000,+0.05233,+0.000,+1.308,+0.000,+0.000,-0.002,+1.306,2,+0.000,+0.000,-0.060,+0.774
DRV,729254,+0.0000,+0.0000,+0.0000,+0.0000,+0.0000,+0.0000,+0.000,+0.000,-0.00439,+0.0007,+0.0000,-0.029,+0.000,+0.000,-0.05456,+0.000,-1.364,+0.000,+0.000,-0.002,-1.366,2,+0.000,+0.000,+0.04495,+0.000,+1.124,+0.000,+0.000,-0.002,+1.121,2,+0.000,+0.000,-0.01380,+0.000,-0.345,+0.000,+0.000,-0.002,-0.347,2,+0.000,+0.000,+0.05233,+0.000,+1.308,+0.000,+0.000,-0.002,+1.306,2,+0.000,+0.000,-0.060,+0.774
DRV,729258,+0.0000,+0.0000,+0.0000,+0.0000,+0.0000,+0.0000,+0.000,+0.000,-0.00439,+0.0018,+0.0000,-0.071,+0.000,+0.000,-0.05456,+0.000,-1.364,+0.000,+0.000,-0.006,-1.370,2,+0.000,+0.000,+0.04495,+0.000,+1.124,+0.000,+0.000,-0.006,+1.118,0,+0.000,+0.000,-0.01380,+0.000,-0.345,+0.000,+0.000,-0.006,-0.351,2,+0.000,+0.000,+0.05233,+0.000,+1.308,+0.000,+0.000,-0.006,+1.303,0,+0.000,+0.000,-0.067,+0.767
DRV,729262,+0.0000,+0.0000,+0.0000,+0.0000,+0.0000,+0.0000,+0.000,+0.000,-0.00438,+0.0018,+0.0000,-0.071,+0.000,+0.000,-0.05456,+0.000,-1.364,+0.000,+0.000,-0.006,-1.370,2,+0.000,+0.000,+0.04495,+0.000,+1.124,+0.000,+0.000,-0.006,+1.118,0,+0.000,+0.000,-0.01380,+0.000,-0.345,+0.000,+0.000,-0.006,-0.351,0,+0.000,+0.000,+0.05233,+0.000,+1.308,+0.000,+0.000,-0.006,+1.303,0,+0.000,+0.000,-0.067,+0.767
DRV,729266,+0.0000,+0.0000,+0.0000,+0.0000,+0.0000,+0.0000,+0.000,+0.000,-0.00437,+0.0023,+0.0000,-0.092,+0.000,+0.000,-0.05456,+0.000,-1.364,+0.000,+0.000,-0.007,-1.371,0,+0.000,+0.000,+0.04495,+0.000,+1.124,+0.000,+0.000,-0.007,+1.116,2,+0.000,+0.000,-0.01380,+0.000,-0.345,+0.000,+0.000,-0.007,-0.352,0,+0.000,+0.000,+0.05233,+0.000,+1.308,+0.000,+0.000,-0.007,+1.301,2,+0.000,+0.000,-0.071,+0.764
DRV,729270,+0.0000,+0.0000,+0.0000,+0.0000,+0.0000,+0.0000,+0.000,+0.000,-0.00436,+0.0023,+0.0000,-0.092,+0.000,+0.000,-0.05456,+0.000,-1.364,+0.000,+0.000,-0.007,-1.371,2,+0.000,+0.000,+0.04495,+0.000,+1.124,+0.000,+0.000,-0.007,+1.116,2,+0.000,+0.000,-0.01380,+0.000,-0.345,+0.000,+0.000,-0.007,-0.352,2,+0.000,+0.000,+0.05233,+0.000,+1.308,+0.000,+0.000,-0.007,+1.301,2,+0.000,+0.000,-0.071,+0.764
DRV,729274,+0.0000,+0.0000,+0.0000,+0.0000,+0.0000,+0.0000,+0.000,+0.000,-0.00435,+0.0023,+0.0000,-0.092,+0.000,+0.000,-0.05456,+0.000,-1.364,+0.000,+0.000,-0.007,-1.371,2,+0.000,+0.000,+0.04495,+0.000,+1.124,+0.000,+0.000,-0.007,+1.116,2,+0.000,+0.000,-0.01380,+0.000,-0.345,+0.000,+0.000,-0.007,-0.352,2,+0.000,+0.000,+0.05233,+0.000,+1.308,+0.000,+0.000,-0.007,+1.301,2,+0.000,+0.000,-0.071,+0.764
DRV,729278,+0.0000,+0.0000,+0.0000,+0.0000,+0.0000,+0.0000,+0.000,+0.000,-0.00434,+0.0023,+0.0000,-0.092,+0.000,+0.000,-0.05456,+0.000,-1.364,+0.000,+0.000,-0.007,-1.371,2,+0.000,+0.000,+0.04495,+0.000,+1.124,+0.000,+0.000,-0.007,+1.116,2,+0.000,+0.000,-0.01380,+0.000,-0.345,+0.000,+0.000,-0.007,-0.352,2,+0.000,+0.000,+0.05233,+0.000,+1.308,+0.000,+0.000,-0.007,+1.301,2,+0.000,+0.000,-0.070,+0.764
DRV,729282,+0.0000,+0.0000,+0.0000,+0.0000,+0.0000,+0.0000,+0.000,+0.000,-0.00433,+0.0023,+0.0000,-0.091,+0.000,+0.000,-0.05456,+0.000,-1.364,+0.000,+0.000,-0.007,-1.371,2,+0.000,+0.000,+0.04495,+0.000,+1.124,+0.000,+0.000,-0.007,+1.116,2,+0.000,+0.000,-0.01380,+0.000,-0.345,+0.000,+0.000,-0.007,-0.352,2,+0.000,+0.000,+0.05233,+0.000,+1.308,+0.000,+0.000,-0.007,+1.301,2,+0.000,+0.000,-0.070,+0.764
DRV,729286,+0.0000,+0.0000,+0.0000,+0.0000,+0.0000,+0.0000,+0.000,+0.000,-0.00432,+0.0023,+0.0000,-0.091,+0.000,+0.000,-0.05456,+0.000,-1.364,+0.000,+0.000,-0.007,-1.371,2,+0.000,+0.000,+0.04495,+0.000,+1.124,+0.000,+0.000,-0.007,+1.116,2,+0.000,+0.000,-0.01380,+0.000,-0.345,+0.000,+0.000,-0.007,-0.352,2,+0.000,+0.000,+0.05233,+0.000,+1.308,+0.000,+0.000,-0.007,+1.301,2,+0.000,+0.000,-0.070,+0.764
DRV,729290,+0.0000,+0.0000,+0.0000,+0.0000,+0.0000,+0.0000,+0.000,+0.000,-0.00431,+0.0028,+0.0000,-0.112,+0.000,+0.000,-0.05456,+0.000,-1.364,+0.000,+0.000,-0.009,-1.373,2,+0.000,+0.001,+0.04495,+0.001,+1.124,-0.003,+0.000,-0.009,+1.112,2,+0.000,+0.000,-0.01380,+0.000,-0.345,+0.000,+0.000,-0.009,-0.354,2,+0.000,+0.000,+0.05233,+0.000,+1.308,+0.000,+0.000,-0.009,+1.299,2,+0.000,+0.001,-0.074,+0.758
DRV,729294,+0.0000,+0.0000,+0.0000,+0.0000,+0.0000,+0.0000,+0.000,+0.000,-0.00430,+0.0028,+0.0000,-0.112,+0.000,+0.000,-0.05456,+0.000,-1.364,+0.000,+0.000,-0.009,-1.373,2,+0.000,+0.000,+0.04495,+0.000,+1.124,+0.000,+0.000,-0.009,+1.115,2,+0.000,+0.000,-0.01380,+0.000,-0.345,+0.000,+0.000,-0.009,-0.354,2,+0.000,+0.000,+0.05233,+0.000,+1.308,+0.000,+0.000,-0.009,+1.299,0,+0.000,+0.000,-0.074,+0.761
